=== train start 2026-09-12T17:36:45Z run=anna-v3 superbatches=310 data=/workspace/chess/data/test80-2024-01-jan-2tb7p.min-v2.v6.binpack,/workspace/chess/data/test80-2024-02-feb-2tb7p.min-v2.v6.binpack,/workspace/chess/data/test80-2024-03-mar-2tb7p.min-v2.v6.binpack,/workspace/chess/data/test80-2024-05-may-2tb7p.min-v2.v6.binpack
NVIDIA GeForce RTX 4090, 570.133.07, 24564 MiB
anna-v3 trainer | net anna-v3 | data ["/workspace/chess/data/test80-2024-01-jan-2tb7p.min-v2.v6.binpack", "/workspace/chess/data/test80-2024-02-feb-2tb7p.min-v2.v6.binpack", "/workspace/chess/data/test80-2024-03-mar-2tb7p.min-v2.v6.binpack", "/workspace/chess/data/test80-2024-05-may-2tb7p.min-v2.v6.binpack"] | stages 30/310/30 SB | batch 131072 x 763 | L1 1024 L2 16 L3 32
[34;1mTraining on NVIDIA GeForce RTX 4090 (sm_89)[0m
superbatch [36m1[0m [[35m0.0[0m% ([36m0[0m/[36m763[0m batches, [36m728983[0m pos/sec)]
Estimated time to end of superbatch: [36minf[0ms     [Fsuperbatch [36m1[0m [[35m16.8[0m% ([36m128[0m/[36m763[0m batches, [36m1551598[0m pos/sec)]
Estimated time to end of superbatch: [36m54.1[0ms     [Fsuperbatch [36m1[0m [[35m33.6[0m% ([36m256[0m/[36m763[0m batches, [36m1603075[0m pos/sec)]
Estimated time to end of superbatch: [36m41.6[0ms     [Fsuperbatch [36m1[0m [[35m50.3[0m% ([36m384[0m/[36m763[0m batches, [36m1592254[0m pos/sec)]
Estimated time to end of superbatch: [36m31.3[0ms     [Fsuperbatch [36m1[0m [[35m67.1[0m% ([36m512[0m/[36m763[0m batches, [36m1645227[0m pos/sec)]
Estimated time to end of superbatch: [36m20.0[0ms     [Fsuperbatch [36m1[0m [[35m83.9[0m% ([36m640[0m/[36m763[0m batches, [36m1587016[0m pos/sec)]
Estimated time to end of superbatch: [36m10.2[0ms     [Fsuperbatch [36m1[0m | time [36m63.8[0ms | running loss [36m0.023160[0m | [36m1566947[0m pos/sec | total time [36m94.4[0ms
Estimated time remaining in training: [36m0[0mh [36m45[0mm [36m37[0ms
LR increased to [36m0.0007533334[0m
superbatch [36m2[0m [[35m0.0[0m% ([36m0[0m/[36m763[0m batches, [36m2103976[0m pos/sec)]
Estimated time to end of superbatch: [36minf[0ms     [Fsuperbatch [36m2[0m [[35m16.8[0m% ([36m128[0m/[36m763[0m batches, [36m1744032[0m pos/sec)]
Estimated time to end of superbatch: [36m48.1[0ms     [Fsuperbatch [36m2[0m [[35m33.6[0m% ([36m256[0m/[36m763[0m batches, [36m1770197[0m pos/sec)]
Estimated time to end of superbatch: [36m37.7[0ms     [Fsuperbatch [36m2[0m [[35m50.3[0m% ([36m384[0m/[36m763[0m batches, [36m1631088[0m pos/sec)]
Estimated time to end of superbatch: [36m30.5[0ms     [Fsuperbatch [36m2[0m [[35m67.1[0m% ([36m512[0m/[36m763[0m batches, [36m1573639[0m pos/sec)]
Estimated time to end of superbatch: [36m20.9[0ms     [Fsuperbatch [36m2[0m [[35m83.9[0m% ([36m640[0m/[36m763[0m batches, [36m1604003[0m pos/sec)]
Estimated time to end of superbatch: [36m10.1[0ms     [Fsuperbatch [36m2[0m | time [36m61.3[0ms | running loss [36m0.015804[0m | [36m1630665[0m pos/sec | total time [36m155.7[0ms
Estimated time remaining in training: [36m0[0mh [36m36[0mm [36m20[0ms
LR increased to [36m0.00108[0m
superbatch [36m3[0m [[35m0.0[0m% ([36m0[0m/[36m763[0m batches, [36m2191670[0m pos/sec)]
Estimated time to end of superbatch: [36minf[0ms     [Fsuperbatch [36m3[0m [[35m16.8[0m% ([36m128[0m/[36m763[0m batches, [36m1392898[0m pos/sec)]
Estimated time to end of superbatch: [36m60.2[0ms     [Fsuperbatch [36m3[0m [[35m33.6[0m% ([36m256[0m/[36m763[0m batches, [36m1421898[0m pos/sec)]
Estimated time to end of superbatch: [36m46.9[0ms     [Fsuperbatch [36m3[0m [[35m50.3[0m% ([36m384[0m/[36m763[0m batches, [36m1518960[0m pos/sec)]
Estimated time to end of superbatch: [36m32.8[0ms     [Fsuperbatch [36m3[0m [[35m67.1[0m% ([36m512[0m/[36m763[0m batches, [36m1556695[0m pos/sec)]
Estimated time to end of superbatch: [36m21.2[0ms     [Fsuperbatch [36m3[0m [[35m83.9[0m% ([36m640[0m/[36m763[0m batches, [36m1525238[0m pos/sec)]
Estimated time to end of superbatch: [36m10.6[0ms     [Fsuperbatch [36m3[0m | time [36m66.1[0ms | running loss [36m0.014062[0m | [36m1513088[0m pos/sec | total time [36m221.8[0ms
Estimated time remaining in training: [36m0[0mh [36m33[0mm [36m16[0ms
LR increased to [36m0.0014066667[0m
superbatch [36m4[0m [[35m0.0[0m% ([36m0[0m/[36m763[0m batches, [36m1866920[0m pos/sec)]
Estimated time to end of superbatch: [36minf[0ms     [Fsuperbatch [36m4[0m [[35m16.8[0m% ([36m128[0m/[36m763[0m batches, [36m1709623[0m pos/sec)]
Estimated time to end of superbatch: [36m49.1[0ms     [Fsuperbatch [36m4[0m [[35m33.6[0m% ([36m256[0m/[36m763[0m batches, [36m1760012[0m pos/sec)]
Estimated time to end of superbatch: [36m37.9[0ms     [Fsuperbatch [36m4[0m [[35m50.3[0m% ([36m384[0m/[36m763[0m batches, [36m1592090[0m pos/sec)]
Estimated time to end of superbatch: [36m31.3[0ms     [Fsuperbatch [36m4[0m [[35m67.1[0m% ([36m512[0m/[36m763[0m batches, [36m1520780[0m pos/sec)]
Estimated time to end of superbatch: [36m21.7[0ms     [Fsuperbatch [36m4[0m [[35m83.9[0m% ([36m640[0m/[36m763[0m batches, [36m1549422[0m pos/sec)]
Estimated time to end of superbatch: [36m10.4[0ms     [Fsuperbatch [36m4[0m | time [36m63.2[0ms | running loss [36m0.012666[0m | [36m1582780[0m pos/sec | total time [36m285.0[0ms
Estimated time remaining in training: [36m0[0mh [36m30[0mm [36m52[0ms
LR increased to [36m0.0017333333[0m
superbatch [36m5[0m [[35m0.0[0m% ([36m0[0m/[36m763[0m batches, [36m1842185[0m pos/sec)]
Estimated time to end of superbatch: [36minf[0ms     [Fsuperbatch [36m5[0m [[35m16.8[0m% ([36m128[0m/[36m763[0m batches, [36m1323058[0m pos/sec)]
Estimated time to end of superbatch: [36m63.4[0ms     [Fsuperbatch [36m5[0m [[35m33.6[0m% ([36m256[0m/[36m763[0m batches, [36m1392369[0m pos/sec)]
Estimated time to end of superbatch: [36m47.9[0ms     [Fsuperbatch [36m5[0m [[35m50.3[0m% ([36m384[0m/[36m763[0m batches, [36m1494667[0m pos/sec)]
Estimated time to end of superbatch: [36m33.3[0ms     [Fsuperbatch [36m5[0m [[35m67.1[0m% ([36m512[0m/[36m763[0m batches, [36m1561855[0m pos/sec)]
Estimated time to end of superbatch: [36m21.1[0ms     [Fsuperbatch [36m5[0m [[35m83.9[0m% ([36m640[0m/[36m763[0m batches, [36m1514517[0m pos/sec)]
Estimated time to end of superbatch: [36m10.7[0ms     [Fsuperbatch [36m5[0m | time [36m66.6[0ms | running loss [36m0.012226[0m | [36m1501448[0m pos/sec | total time [36m351.6[0ms
Estimated time remaining in training: [36m0[0mh [36m29[0mm [36m18[0ms
LR increased to [36m0.00206[0m
superbatch [36m6[0m [[35m0.0[0m% ([36m0[0m/[36m763[0m batches, [36m1024882[0m pos/sec)]
Estimated time to end of superbatch: [36minf[0ms     [Fsuperbatch [36m6[0m [[35m16.8[0m% ([36m128[0m/[36m763[0m batches, [36m1740673[0m pos/sec)]
Estimated time to end of superbatch: [36m48.2[0ms     [Fsuperbatch [36m6[0m [[35m33.6[0m% ([36m256[0m/[36m763[0m batches, [36m1759420[0m pos/sec)]
Estimated time to end of superbatch: [36m37.9[0ms     [Fsuperbatch [36m6[0m [[35m50.3[0m% ([36m384[0m/[36m763[0m batches, [36m1612902[0m pos/sec)]
Estimated time to end of superbatch: [36m30.9[0ms     [Fsuperbatch [36m6[0m [[35m67.1[0m% ([36m512[0m/[36m763[0m batches, [36m1549938[0m pos/sec)]
Estimated time to end of superbatch: [36m21.3[0ms     [Fsuperbatch [36m6[0m [[35m83.9[0m% ([36m640[0m/[36m763[0m batches, [36m1549768[0m pos/sec)]
Estimated time to end of superbatch: [36m10.4[0ms     [Fsuperbatch [36m6[0m | time [36m63.1[0ms | running loss [36m0.011449[0m | [36m1583948[0m pos/sec | total time [36m414.8[0ms
Estimated time remaining in training: [36m0[0mh [36m27[0mm [36m39[0ms
LR increased to [36m0.0023866668[0m
superbatch [36m7[0m [[35m0.0[0m% ([36m0[0m/[36m763[0m batches, [36m2142562[0m pos/sec)]
Estimated time to end of superbatch: [36minf[0ms     [Fsuperbatch [36m7[0m [[35m16.8[0m% ([36m128[0m/[36m763[0m batches, [36m1415975[0m pos/sec)]
Estimated time to end of superbatch: [36m59.2[0ms     [Fsuperbatch [36m7[0m [[35m33.6[0m% ([36m256[0m/[36m763[0m batches, [36m1353716[0m pos/sec)]
Estimated time to end of superbatch: [36m49.3[0ms     [Fsuperbatch [36m7[0m [[35m50.3[0m% ([36m384[0m/[36m763[0m batches, [36m1437653[0m pos/sec)]
Estimated time to end of superbatch: [36m34.6[0ms     [Fsuperbatch [36m7[0m [[35m67.1[0m% ([36m512[0m/[36m763[0m batches, [36m1501080[0m pos/sec)]
Estimated time to end of superbatch: [36m22.0[0ms     [Fsuperbatch [36m7[0m [[35m83.9[0m% ([36m640[0m/[36m763[0m batches, [36m1481668[0m pos/sec)]
Estimated time to end of superbatch: [36m10.9[0ms     [Fsuperbatch [36m7[0m | time [36m68.2[0ms | running loss [36m0.011416[0m | [36m1466474[0m pos/sec | total time [36m482.9[0ms
Estimated time remaining in training: [36m0[0mh [36m26[0mm [36m26[0ms
LR increased to [36m0.0027133336[0m
superbatch [36m8[0m [[35m0.0[0m% ([36m0[0m/[36m763[0m batches, [36m1612740[0m pos/sec)]
Estimated time to end of superbatch: [36minf[0ms     [Fsuperbatch [36m8[0m [[35m16.8[0m% ([36m128[0m/[36m763[0m batches, [36m1678746[0m pos/sec)]
Estimated time to end of superbatch: [36m50.0[0ms     [Fsuperbatch [36m8[0m [[35m33.6[0m% ([36m256[0m/[36m763[0m batches, [36m1660288[0m pos/sec)]
Estimated time to end of superbatch: [36m40.2[0ms     [Fsuperbatch [36m8[0m [[35m50.3[0m% ([36m384[0m/[36m763[0m batches, [36m1562539[0m pos/sec)]
Estimated time to end of superbatch: [36m31.9[0ms     [Fsuperbatch [36m8[0m [[35m67.1[0m% ([36m512[0m/[36m763[0m batches, [36m1503106[0m pos/sec)]
Estimated time to end of superbatch: [36m21.9[0ms     [Fsuperbatch [36m8[0m [[35m83.9[0m% ([36m640[0m/[36m763[0m batches, [36m1554172[0m pos/sec)]
Estimated time to end of superbatch: [36m10.4[0ms     [Fsuperbatch [36m8[0m | time [36m63.0[0ms | running loss [36m0.010889[0m | [36m1586447[0m pos/sec | total time [36m546.0[0ms
Estimated time remaining in training: [36m0[0mh [36m25[0mm [36m1[0ms
LR increased to [36m0.0030400003[0m
superbatch [36m9[0m [[35m0.0[0m% ([36m0[0m/[36m763[0m batches, [36m1730277[0m pos/sec)]
Estimated time to end of superbatch: [36minf[0ms     [Fsuperbatch [36m9[0m [[35m16.8[0m% ([36m128[0m/[36m763[0m batches, [36m1422976[0m pos/sec)]
Estimated time to end of superbatch: [36m58.9[0ms     [Fsuperbatch [36m9[0m [[35m33.6[0m% ([36m256[0m/[36m763[0m batches, [36m1386704[0m pos/sec)]
Estimated time to end of superbatch: [36m48.1[0ms     [Fsuperbatch [36m9[0m [[35m50.3[0m% ([36m384[0m/[36m763[0m batches, [36m1474340[0m pos/sec)]
Estimated time to end of superbatch: [36m33.8[0ms     [Fsuperbatch [36m9[0m [[35m67.1[0m% ([36m512[0m/[36m763[0m batches, [36m1532057[0m pos/sec)]
Estimated time to end of superbatch: [36m21.5[0ms     [Fsuperbatch [36m9[0m [[35m83.9[0m% ([36m640[0m/[36m763[0m batches, [36m1515664[0m pos/sec)]
Estimated time to end of superbatch: [36m10.7[0ms     [Fsuperbatch [36m9[0m | time [36m67.4[0ms | running loss [36m0.011082[0m | [36m1483081[0m pos/sec | total time [36m613.4[0ms
Estimated time remaining in training: [36m0[0mh [36m23[0mm [36m51[0ms
LR increased to [36m0.0033666668[0m
superbatch [36m10[0m [[35m0.0[0m% ([36m0[0m/[36m763[0m batches, [36m1716551[0m pos/sec)]
Estimated time to end of superbatch: [36minf[0ms     [Fsuperbatch [36m10[0m [[35m16.8[0m% ([36m128[0m/[36m763[0m batches, [36m1623046[0m pos/sec)]
Estimated time to end of superbatch: [36m51.7[0ms     [Fsuperbatch [36m10[0m [[35m33.6[0m% ([36m256[0m/[36m763[0m batches, [36m1690938[0m pos/sec)]
Estimated time to end of superbatch: [36m39.5[0ms     [Fsuperbatch [36m10[0m [[35m50.3[0m% ([36m384[0m/[36m763[0m batches, [36m1577012[0m pos/sec)]
Estimated time to end of superbatch: [36m31.6[0ms     [Fsuperbatch [36m10[0m [[35m67.1[0m% ([36m512[0m/[36m763[0m batches, [36m1543477[0m pos/sec)]
Estimated time to end of superbatch: [36m21.4[0ms     [Fsuperbatch [36m10[0m [[35m83.9[0m% ([36m640[0m/[36m763[0m batches, [36m1590648[0m pos/sec)]
Estimated time to end of superbatch: [36m10.2[0ms     [Fsuperbatch [36m10[0m | time [36m62.5[0ms | running loss [36m0.010717[0m | [36m1601243[0m pos/sec | total time [36m675.9[0ms
Estimated time remaining in training: [36m0[0mh [36m22[0mm [36m31[0ms
LR increased to [36m0.0036933336[0m
superbatch [36m11[0m [[35m0.0[0m% ([36m0[0m/[36m763[0m batches, [36m2334810[0m pos/sec)]
Estimated time to end of superbatch: [36minf[0ms     [Fsuperbatch [36m11[0m [[35m16.8[0m% ([36m128[0m/[36m763[0m batches, [36m1422541[0m pos/sec)]
Estimated time to end of superbatch: [36m59.0[0ms     [Fsuperbatch [36m11[0m [[35m33.6[0m% ([36m256[0m/[36m763[0m batches, [36m1421316[0m pos/sec)]
Estimated time to end of superbatch: [36m46.9[0ms     [Fsuperbatch [36m11[0m [[35m50.3[0m% ([36m384[0m/[36m763[0m batches, [36m1500131[0m pos/sec)]
Estimated time to end of superbatch: [36m33.2[0ms     [Fsuperbatch [36m11[0m [[35m67.1[0m% ([36m512[0m/[36m763[0m batches, [36m1562980[0m pos/sec)]
Estimated time to end of superbatch: [36m21.1[0ms     [Fsuperbatch [36m11[0m [[35m83.9[0m% ([36m640[0m/[36m763[0m batches, [36m1547299[0m pos/sec)]
Estimated time to end of superbatch: [36m10.4[0ms     [Fsuperbatch [36m11[0m | time [36m65.0[0ms | running loss [36m0.010969[0m | [36m1539634[0m pos/sec | total time [36m740.8[0ms
Estimated time remaining in training: [36m0[0mh [36m21[0mm [36m19[0ms
LR increased to [36m0.00402[0m
superbatch [36m12[0m [[35m0.0[0m% ([36m0[0m/[36m763[0m batches, [36m1793876[0m pos/sec)]
Estimated time to end of superbatch: [36minf[0ms     [Fsuperbatch [36m12[0m [[35m16.8[0m% ([36m128[0m/[36m763[0m batches, [36m1726662[0m pos/sec)]
Estimated time to end of superbatch: [36m48.6[0ms     [Fsuperbatch [36m12[0m [[35m33.6[0m% ([36m256[0m/[36m763[0m batches, [36m1739028[0m pos/sec)]
Estimated time to end of superbatch: [36m38.4[0ms     [Fsuperbatch [36m12[0m [[35m50.3[0m% ([36m384[0m/[36m763[0m batches, [36m1609760[0m pos/sec)]
Estimated time to end of superbatch: [36m30.9[0ms     [Fsuperbatch [36m12[0m [[35m67.1[0m% ([36m512[0m/[36m763[0m batches, [36m1549055[0m pos/sec)]
Estimated time to end of superbatch: [36m21.3[0ms     [Fsuperbatch [36m12[0m [[35m83.9[0m% ([36m640[0m/[36m763[0m batches, [36m1574191[0m pos/sec)]
Estimated time to end of superbatch: [36m10.3[0ms     [Fsuperbatch [36m12[0m | time [36m63.0[0ms | running loss [36m0.010673[0m | [36m1587669[0m pos/sec | total time [36m803.8[0ms
Estimated time remaining in training: [36m0[0mh [36m20[0mm [36m5[0ms
LR increased to [36m0.0043466664[0m
superbatch [36m13[0m [[35m0.0[0m% ([36m0[0m/[36m763[0m batches, [36m1786831[0m pos/sec)]
Estimated time to end of superbatch: [36minf[0ms     [Fsuperbatch [36m13[0m [[35m16.8[0m% ([36m128[0m/[36m763[0m batches, [36m1481964[0m pos/sec)]
Estimated time to end of superbatch: [36m56.6[0ms     [Fsuperbatch [36m13[0m [[35m33.6[0m% ([36m256[0m/[36m763[0m batches, [36m1427420[0m pos/sec)]
Estimated time to end of superbatch: [36m46.7[0ms     [Fsuperbatch [36m13[0m [[35m50.3[0m% ([36m384[0m/[36m763[0m batches, [36m1510452[0m pos/sec)]
Estimated time to end of superbatch: [36m33.0[0ms     [Fsuperbatch [36m13[0m [[35m67.1[0m% ([36m512[0m/[36m763[0m batches, [36m1548672[0m pos/sec)]
Estimated time to end of superbatch: [36m21.3[0ms     [Fsuperbatch [36m13[0m [[35m83.9[0m% ([36m640[0m/[36m763[0m batches, [36m1538526[0m pos/sec)]
Estimated time to end of superbatch: [36m10.5[0ms     [Fsuperbatch [36m13[0m | time [36m66.3[0ms | running loss [36m0.010953[0m | [36m1507315[0m pos/sec | total time [36m870.2[0ms
Estimated time remaining in training: [36m0[0mh [36m18[0mm [36m57[0ms
LR increased to [36m0.0046733334[0m
superbatch [36m14[0m [[35m0.0[0m% ([36m0[0m/[36m763[0m batches, [36m1821614[0m pos/sec)]
Estimated time to end of superbatch: [36minf[0ms     [Fsuperbatch [36m14[0m [[35m16.8[0m% ([36m128[0m/[36m763[0m batches, [36m1667390[0m pos/sec)]
Estimated time to end of superbatch: [36m50.3[0ms     [Fsuperbatch [36m14[0m [[35m33.6[0m% ([36m256[0m/[36m763[0m batches, [36m1718193[0m pos/sec)]
Estimated time to end of superbatch: [36m38.8[0ms     [Fsuperbatch [36m14[0m [[35m50.3[0m% ([36m384[0m/[36m763[0m batches, [36m1613880[0m pos/sec)]
Estimated time to end of superbatch: [36m30.9[0ms     [Fsuperbatch [36m14[0m [[35m67.1[0m% ([36m512[0m/[36m763[0m batches, [36m1536997[0m pos/sec)]
Estimated time to end of superbatch: [36m21.4[0ms     [Fsuperbatch [36m14[0m [[35m83.9[0m% ([36m640[0m/[36m763[0m batches, [36m1563797[0m pos/sec)]
Estimated time to end of superbatch: [36m10.3[0ms     [Fsuperbatch [36m14[0m | time [36m62.7[0ms | running loss [36m0.010751[0m | [36m1595054[0m pos/sec | total time [36m932.9[0ms
Estimated time remaining in training: [36m0[0mh [36m17[0mm [36m46[0ms
LR increased to [36m0.005[0m
superbatch [36m15[0m [[35m0.0[0m% ([36m0[0m/[36m763[0m batches, [36m2238110[0m pos/sec)]
Estimated time to end of superbatch: [36minf[0ms     [Fsuperbatch [36m15[0m [[35m16.8[0m% ([36m128[0m/[36m763[0m batches, [36m1399775[0m pos/sec)]
Estimated time to end of superbatch: [36m59.9[0ms     [Fsuperbatch [36m15[0m [[35m33.6[0m% ([36m256[0m/[36m763[0m batches, [36m1384453[0m pos/sec)]
Estimated time to end of superbatch: [36m48.2[0ms     [Fsuperbatch [36m15[0m [[35m50.3[0m% ([36m384[0m/[36m763[0m batches, [36m1466090[0m pos/sec)]
Estimated time to end of superbatch: [36m34.0[0ms     [Fsuperbatch [36m15[0m [[35m67.1[0m% ([36m512[0m/[36m763[0m batches, [36m1528078[0m pos/sec)]
Estimated time to end of superbatch: [36m21.6[0ms     [Fsuperbatch [36m15[0m [[35m83.9[0m% ([36m640[0m/[36m763[0m batches, [36m1538521[0m pos/sec)]
Estimated time to end of superbatch: [36m10.5[0ms     [Fsuperbatch [36m15[0m | time [36m66.4[0ms | running loss [36m0.011033[0m | [36m1506218[0m pos/sec | total time [36m999.3[0ms
Estimated time remaining in training: [36m0[0mh [36m16[0mm [36m39[0ms
LR dropped to [36m0.0046733334[0m
superbatch [36m16[0m [[35m0.0[0m% ([36m0[0m/[36m763[0m batches, [36m1579832[0m pos/sec)]
Estimated time to end of superbatch: [36minf[0ms     [Fsuperbatch [36m16[0m [[35m16.8[0m% ([36m128[0m/[36m763[0m batches, [36m1727053[0m pos/sec)]
Estimated time to end of superbatch: [36m48.6[0ms     [Fsuperbatch [36m16[0m [[35m33.6[0m% ([36m256[0m/[36m763[0m batches, [36m1792779[0m pos/sec)]
Estimated time to end of superbatch: [36m37.2[0ms     [Fsuperbatch [36m16[0m [[35m50.3[0m% ([36m384[0m/[36m763[0m batches, [36m1726438[0m pos/sec)]
Estimated time to end of superbatch: [36m28.8[0ms     [Fsuperbatch [36m16[0m [[35m67.1[0m% ([36m512[0m/[36m763[0m batches, [36m1631122[0m pos/sec)]
Estimated time to end of superbatch: [36m20.2[0ms     [Fsuperbatch [36m16[0m [[35m83.9[0m% ([36m640[0m/[36m763[0m batches, [36m1645347[0m pos/sec)]
Estimated time to end of superbatch: [36m9.8[0ms     [Fsuperbatch [36m16[0m | time [36m60.2[0ms | running loss [36m0.010799[0m | [36m1660634[0m pos/sec | total time [36m1059.5[0ms
Estimated time remaining in training: [36m0[0mh [36m15[0mm [36m27[0ms
LR dropped to [36m0.0043466664[0m
superbatch [36m17[0m [[35m0.0[0m% ([36m0[0m/[36m763[0m batches, [36m1988818[0m pos/sec)]
Estimated time to end of superbatch: [36minf[0ms     [Fsuperbatch [36m17[0m [[35m16.8[0m% ([36m128[0m/[36m763[0m batches, [36m1577063[0m pos/sec)]
Estimated time to end of superbatch: [36m53.2[0ms     [Fsuperbatch [36m17[0m [[35m33.6[0m% ([36m256[0m/[36m763[0m batches, [36m1456320[0m pos/sec)]
Estimated time to end of superbatch: [36m45.8[0ms     [Fsuperbatch [36m17[0m [[35m50.3[0m% ([36m384[0m/[36m763[0m batches, [36m1502336[0m pos/sec)]
Estimated time to end of superbatch: [36m33.2[0ms     [Fsuperbatch [36m17[0m [[35m67.1[0m% ([36m512[0m/[36m763[0m batches, [36m1547190[0m pos/sec)]
Estimated time to end of superbatch: [36m21.3[0ms     [Fsuperbatch [36m17[0m [[35m83.9[0m% ([36m640[0m/[36m763[0m batches, [36m1546604[0m pos/sec)]
Estimated time to end of superbatch: [36m10.4[0ms     [Fsuperbatch [36m17[0m | time [36m65.7[0ms | running loss [36m0.010960[0m | [36m1521688[0m pos/sec | total time [36m1125.2[0ms
Estimated time remaining in training: [36m0[0mh [36m14[0mm [36m20[0ms
LR dropped to [36m0.00402[0m
superbatch [36m18[0m [[35m0.0[0m% ([36m0[0m/[36m763[0m batches, [36m1575109[0m pos/sec)]
Estimated time to end of superbatch: [36minf[0ms     [Fsuperbatch [36m18[0m [[35m16.8[0m% ([36m128[0m/[36m763[0m batches, [36m1695049[0m pos/sec)]
Estimated time to end of superbatch: [36m49.5[0ms     [Fsuperbatch [36m18[0m [[35m33.6[0m% ([36m256[0m/[36m763[0m batches, [36m1734054[0m pos/sec)]
Estimated time to end of superbatch: [36m38.5[0ms     [Fsuperbatch [36m18[0m [[35m50.3[0m% ([36m384[0m/[36m763[0m batches, [36m1688743[0m pos/sec)]
Estimated time to end of superbatch: [36m29.5[0ms     [Fsuperbatch [36m18[0m [[35m67.1[0m% ([36m512[0m/[36m763[0m batches, [36m1606752[0m pos/sec)]
Estimated time to end of superbatch: [36m20.5[0ms     [Fsuperbatch [36m18[0m [[35m83.9[0m% ([36m640[0m/[36m763[0m batches, [36m1615574[0m pos/sec)]
Estimated time to end of superbatch: [36m10.0[0ms     [Fsuperbatch [36m18[0m | time [36m60.9[0ms | running loss [36m0.010764[0m | [36m1641753[0m pos/sec | total time [36m1186.1[0ms
Estimated time remaining in training: [36m0[0mh [36m13[0mm [36m10[0ms
LR dropped to [36m0.0036933331[0m
superbatch [36m19[0m [[35m0.0[0m% ([36m0[0m/[36m763[0m batches, [36m1782775[0m pos/sec)]
Estimated time to end of superbatch: [36minf[0ms     [Fsuperbatch [36m19[0m [[35m16.8[0m% ([36m128[0m/[36m763[0m batches, [36m1605383[0m pos/sec)]
Estimated time to end of superbatch: [36m52.2[0ms     [Fsuperbatch [36m19[0m [[35m33.6[0m% ([36m256[0m/[36m763[0m batches, [36m1486916[0m pos/sec)]
Estimated time to end of superbatch: [36m44.9[0ms     [Fsuperbatch [36m19[0m [[35m50.3[0m% ([36m384[0m/[36m763[0m batches, [36m1533263[0m pos/sec)]
Estimated time to end of superbatch: [36m32.5[0ms     [Fsuperbatch [36m19[0m [[35m67.1[0m% ([36m512[0m/[36m763[0m batches, [36m1576589[0m pos/sec)]
Estimated time to end of superbatch: [36m20.9[0ms     [Fsuperbatch [36m19[0m [[35m83.9[0m% ([36m640[0m/[36m763[0m batches, [36m1589996[0m pos/sec)]
Estimated time to end of superbatch: [36m10.2[0ms     [Fsuperbatch [36m19[0m | time [36m64.7[0ms | running loss [36m0.010886[0m | [36m1545710[0m pos/sec | total time [36m1250.8[0ms
Estimated time remaining in training: [36m0[0mh [36m12[0mm [36m4[0ms
LR dropped to [36m0.0033666664[0m
superbatch [36m20[0m [[35m0.0[0m% ([36m0[0m/[36m763[0m batches, [36m1400190[0m pos/sec)]
Estimated time to end of superbatch: [36minf[0ms     [Fsuperbatch [36m20[0m [[35m16.8[0m% ([36m128[0m/[36m763[0m batches, [36m1590139[0m pos/sec)]
Estimated time to end of superbatch: [36m52.8[0ms     [Fsuperbatch [36m20[0m [[35m33.6[0m% ([36m256[0m/[36m763[0m batches, [36m1682068[0m pos/sec)]
Estimated time to end of superbatch: [36m39.7[0ms     [Fsuperbatch [36m20[0m [[35m50.3[0m% ([36m384[0m/[36m763[0m batches, [36m1683906[0m pos/sec)]
Estimated time to end of superbatch: [36m29.6[0ms     [Fsuperbatch [36m20[0m [[35m67.1[0m% ([36m512[0m/[36m763[0m batches, [36m1585833[0m pos/sec)]
Estimated time to end of superbatch: [36m20.8[0ms     [Fsuperbatch [36m20[0m [[35m83.9[0m% ([36m640[0m/[36m763[0m batches, [36m1599098[0m pos/sec)]
Estimated time to end of superbatch: [36m10.1[0ms     [Fsuperbatch [36m20[0m | time [36m61.5[0ms | running loss [36m0.010687[0m | [36m1624923[0m pos/sec | total time [36m1312.4[0ms
Estimated time remaining in training: [36m0[0mh [36m10[0mm [36m56[0ms
Saved [anna-v3-s0-20]
LR dropped to [36m0.0030399999[0m
superbatch [36m21[0m [[35m0.0[0m% ([36m0[0m/[36m763[0m batches, [36m2413248[0m pos/sec)]
Estimated time to end of superbatch: [36minf[0ms     [Fsuperbatch [36m21[0m [[35m16.8[0m% ([36m128[0m/[36m763[0m batches, [36m1831706[0m pos/sec)]
Estimated time to end of superbatch: [36m45.8[0ms     [Fsuperbatch [36m21[0m [[35m33.6[0m% ([36m256[0m/[36m763[0m batches, [36m1558799[0m pos/sec)]
Estimated time to end of superbatch: [36m42.8[0ms     [Fsuperbatch [36m21[0m [[35m50.3[0m% ([36m384[0m/[36m763[0m batches, [36m1575160[0m pos/sec)]
Estimated time to end of superbatch: [36m31.6[0ms     [Fsuperbatch [36m21[0m [[35m67.1[0m% ([36m512[0m/[36m763[0m batches, [36m1626972[0m pos/sec)]
Estimated time to end of superbatch: [36m20.3[0ms     [Fsuperbatch [36m21[0m [[35m83.9[0m% ([36m640[0m/[36m763[0m batches, [36m1630746[0m pos/sec)]
Estimated time to end of superbatch: [36m9.9[0ms     [Fsuperbatch [36m21[0m | time [36m63.2[0ms | running loss [36m0.010777[0m | [36m1582746[0m pos/sec | total time [36m1387.6[0ms
Estimated time remaining in training: [36m0[0mh [36m9[0mm [36m54[0ms
LR dropped to [36m0.0027133331[0m
superbatch [36m22[0m [[35m0.0[0m% ([36m0[0m/[36m763[0m batches, [36m1427125[0m pos/sec)]
Estimated time to end of superbatch: [36minf[0ms     [Fsuperbatch [36m22[0m [[35m16.8[0m% ([36m128[0m/[36m763[0m batches, [36m1540782[0m pos/sec)]
Estimated time to end of superbatch: [36m54.4[0ms     [Fsuperbatch [36m22[0m [[35m33.6[0m% ([36m256[0m/[36m763[0m batches, [36m1626644[0m pos/sec)]
Estimated time to end of superbatch: [36m41.0[0ms     [Fsuperbatch [36m22[0m [[35m50.3[0m% ([36m384[0m/[36m763[0m batches, [36m1641577[0m pos/sec)]
Estimated time to end of superbatch: [36m30.3[0ms     [Fsuperbatch [36m22[0m [[35m67.1[0m% ([36m512[0m/[36m763[0m batches, [36m1563706[0m pos/sec)]
Estimated time to end of superbatch: [36m21.1[0ms     [Fsuperbatch [36m22[0m [[35m83.9[0m% ([36m640[0m/[36m763[0m batches, [36m1571963[0m pos/sec)]
Estimated time to end of superbatch: [36m10.3[0ms     [Fsuperbatch [36m22[0m | time [36m62.4[0ms | running loss [36m0.010602[0m | [36m1603227[0m pos/sec | total time [36m1450.0[0ms
Estimated time remaining in training: [36m0[0mh [36m8[0mm [36m47[0ms
LR dropped to [36m0.0023866664[0m
superbatch [36m23[0m [[35m0.0[0m% ([36m0[0m/[36m763[0m batches, [36m1787774[0m pos/sec)]
Estimated time to end of superbatch: [36minf[0ms     [Fsuperbatch [36m23[0m [[35m16.8[0m% ([36m128[0m/[36m763[0m batches, [36m1712245[0m pos/sec)]
Estimated time to end of superbatch: [36m49.0[0ms     [Fsuperbatch [36m23[0m [[35m33.6[0m% ([36m256[0m/[36m763[0m batches, [36m1514135[0m pos/sec)]
Estimated time to end of superbatch: [36m44.1[0ms     [Fsuperbatch [36m23[0m [[35m50.3[0m% ([36m384[0m/[36m763[0m batches, [36m1517471[0m pos/sec)]
Estimated time to end of superbatch: [36m32.8[0ms     [Fsuperbatch [36m23[0m [[35m67.1[0m% ([36m512[0m/[36m763[0m batches, [36m1579310[0m pos/sec)]
Estimated time to end of superbatch: [36m20.9[0ms     [Fsuperbatch [36m23[0m [[35m83.9[0m% ([36m640[0m/[36m763[0m batches, [36m1591999[0m pos/sec)]
Estimated time to end of superbatch: [36m10.1[0ms     [Fsuperbatch [36m23[0m | time [36m64.4[0ms | running loss [36m0.010604[0m | [36m1553564[0m pos/sec | total time [36m1514.3[0ms
Estimated time remaining in training: [36m0[0mh [36m7[0mm [36m40[0ms
LR dropped to [36m0.0020599996[0m
superbatch [36m24[0m [[35m0.0[0m% ([36m0[0m/[36m763[0m batches, [36m1123574[0m pos/sec)]
Estimated time to end of superbatch: [36minf[0ms     [Fsuperbatch [36m24[0m [[35m16.8[0m% ([36m128[0m/[36m763[0m batches, [36m1554415[0m pos/sec)]
Estimated time to end of superbatch: [36m54.0[0ms     [Fsuperbatch [36m24[0m [[35m33.6[0m% ([36m256[0m/[36m763[0m batches, [36m1635984[0m pos/sec)]
Estimated time to end of superbatch: [36m40.8[0ms     [Fsuperbatch [36m24[0m [[35m50.3[0m% ([36m384[0m/[36m763[0m batches, [36m1654276[0m pos/sec)]
Estimated time to end of superbatch: [36m30.1[0ms     [Fsuperbatch [36m24[0m [[35m67.1[0m% ([36m512[0m/[36m763[0m batches, [36m1585109[0m pos/sec)]
Estimated time to end of superbatch: [36m20.8[0ms     [Fsuperbatch [36m24[0m [[35m83.9[0m% ([36m640[0m/[36m763[0m batches, [36m1587325[0m pos/sec)]
Estimated time to end of superbatch: [36m10.2[0ms     [Fsuperbatch [36m24[0m | time [36m61.6[0ms | running loss [36m0.010473[0m | [36m1622885[0m pos/sec | total time [36m1576.0[0ms
Estimated time remaining in training: [36m0[0mh [36m6[0mm [36m33[0ms
LR dropped to [36m0.0017333331[0m
superbatch [36m25[0m [[35m0.0[0m% ([36m0[0m/[36m763[0m batches, [36m1909271[0m pos/sec)]
Estimated time to end of superbatch: [36minf[0ms     [Fsuperbatch [36m25[0m [[35m16.8[0m% ([36m128[0m/[36m763[0m batches, [36m1787893[0m pos/sec)]
Estimated time to end of superbatch: [36m46.9[0ms     [Fsuperbatch [36m25[0m [[35m33.6[0m% ([36m256[0m/[36m763[0m batches, [36m1521018[0m pos/sec)]
Estimated time to end of superbatch: [36m43.9[0ms     [Fsuperbatch [36m25[0m [[35m50.3[0m% ([36m384[0m/[36m763[0m batches, [36m1515838[0m pos/sec)]
Estimated time to end of superbatch: [36m32.9[0ms     [Fsuperbatch [36m25[0m [[35m67.1[0m% ([36m512[0m/[36m763[0m batches, [36m1560246[0m pos/sec)]
Estimated time to end of superbatch: [36m21.1[0ms     [Fsuperbatch [36m25[0m [[35m83.9[0m% ([36m640[0m/[36m763[0m batches, [36m1578095[0m pos/sec)]
Estimated time to end of superbatch: [36m10.2[0ms     [Fsuperbatch [36m25[0m | time [36m65.0[0ms | running loss [36m0.010478[0m | [36m1539484[0m pos/sec | total time [36m1640.9[0ms
Estimated time remaining in training: [36m0[0mh [36m5[0mm [36m28[0ms
LR dropped to [36m0.0014066664[0m
superbatch [36m26[0m [[35m0.0[0m% ([36m0[0m/[36m763[0m batches, [36m1171041[0m pos/sec)]
Estimated time to end of superbatch: [36minf[0ms     [Fsuperbatch [36m26[0m [[35m16.8[0m% ([36m128[0m/[36m763[0m batches, [36m1524289[0m pos/sec)]
Estimated time to end of superbatch: [36m55.0[0ms     [Fsuperbatch [36m26[0m [[35m33.6[0m% ([36m256[0m/[36m763[0m batches, [36m1618796[0m pos/sec)]
Estimated time to end of superbatch: [36m41.2[0ms     [Fsuperbatch [36m26[0m [[35m50.3[0m% ([36m384[0m/[36m763[0m batches, [36m1684513[0m pos/sec)]
Estimated time to end of superbatch: [36m29.6[0ms     [Fsuperbatch [36m26[0m [[35m67.1[0m% ([36m512[0m/[36m763[0m batches, [36m1553651[0m pos/sec)]
Estimated time to end of superbatch: [36m21.2[0ms     [Fsuperbatch [36m26[0m [[35m83.9[0m% ([36m640[0m/[36m763[0m batches, [36m1528429[0m pos/sec)]
Estimated time to end of superbatch: [36m10.6[0ms     [Fsuperbatch [36m26[0m | time [36m63.7[0ms | running loss [36m0.010425[0m | [36m1570370[0m pos/sec | total time [36m1704.6[0ms
Estimated time remaining in training: [36m0[0mh [36m4[0mm [36m22[0ms
LR dropped to [36m0.0010799998[0m
superbatch [36m27[0m [[35m0.0[0m% ([36m0[0m/[36m763[0m batches, [36m2018975[0m pos/sec)]
Estimated time to end of superbatch: [36minf[0ms     [Fsuperbatch [36m27[0m [[35m16.8[0m% ([36m128[0m/[36m763[0m batches, [36m1819749[0m pos/sec)]
Estimated time to end of superbatch: [36m46.1[0ms     [Fsuperbatch [36m27[0m [[35m33.6[0m% ([36m256[0m/[36m763[0m batches, [36m1546574[0m pos/sec)]
Estimated time to end of superbatch: [36m43.1[0ms     [Fsuperbatch [36m27[0m [[35m50.3[0m% ([36m384[0m/[36m763[0m batches, [36m1537460[0m pos/sec)]
Estimated time to end of superbatch: [36m32.4[0ms     [Fsuperbatch [36m27[0m [[35m67.1[0m% ([36m512[0m/[36m763[0m batches, [36m1580493[0m pos/sec)]
Estimated time to end of superbatch: [36m20.9[0ms     [Fsuperbatch [36m27[0m [[35m83.9[0m% ([36m640[0m/[36m763[0m batches, [36m1626692[0m pos/sec)]
Estimated time to end of superbatch: [36m9.9[0ms     [Fsuperbatch [36m27[0m | time [36m63.5[0ms | running loss [36m0.010445[0m | [36m1574737[0m pos/sec | total time [36m1768.1[0ms
Estimated time remaining in training: [36m0[0mh [36m3[0mm [36m16[0ms
LR dropped to [36m0.0007533333[0m
superbatch [36m28[0m [[35m0.0[0m% ([36m0[0m/[36m763[0m batches, [36m1752856[0m pos/sec)]
Estimated time to end of superbatch: [36minf[0ms     [Fsuperbatch [36m28[0m [[35m16.8[0m% ([36m128[0m/[36m763[0m batches, [36m1483784[0m pos/sec)]
Estimated time to end of superbatch: [36m56.5[0ms     [Fsuperbatch [36m28[0m [[35m33.6[0m% ([36m256[0m/[36m763[0m batches, [36m1647060[0m pos/sec)]
Estimated time to end of superbatch: [36m40.5[0ms     [Fsuperbatch [36m28[0m [[35m50.3[0m% ([36m384[0m/[36m763[0m batches, [36m1679720[0m pos/sec)]
Estimated time to end of superbatch: [36m29.7[0ms     [Fsuperbatch [36m28[0m [[35m67.1[0m% ([36m512[0m/[36m763[0m batches, [36m1573556[0m pos/sec)]
Estimated time to end of superbatch: [36m20.9[0ms     [Fsuperbatch [36m28[0m [[35m83.9[0m% ([36m640[0m/[36m763[0m batches, [36m1558262[0m pos/sec)]
Estimated time to end of superbatch: [36m10.4[0ms     [Fsuperbatch [36m28[0m | time [36m63.3[0ms | running loss [36m0.010426[0m | [36m1578857[0m pos/sec | total time [36m1831.5[0ms
Estimated time remaining in training: [36m0[0mh [36m2[0mm [36m10[0ms
LR dropped to [36m0.00042666635[0m
superbatch [36m29[0m [[35m0.0[0m% ([36m0[0m/[36m763[0m batches, [36m1819645[0m pos/sec)]
Estimated time to end of superbatch: [36minf[0ms     [Fsuperbatch [36m29[0m [[35m16.8[0m% ([36m128[0m/[36m763[0m batches, [36m1664978[0m pos/sec)]
Estimated time to end of superbatch: [36m50.4[0ms     [Fsuperbatch [36m29[0m [[35m33.6[0m% ([36m256[0m/[36m763[0m batches, [36m1497463[0m pos/sec)]
Estimated time to end of superbatch: [36m44.6[0ms     [Fsuperbatch [36m29[0m [[35m50.3[0m% ([36m384[0m/[36m763[0m batches, [36m1504967[0m pos/sec)]
Estimated time to end of superbatch: [36m33.1[0ms     [Fsuperbatch [36m29[0m [[35m67.1[0m% ([36m512[0m/[36m763[0m batches, [36m1556171[0m pos/sec)]
Estimated time to end of superbatch: [36m21.2[0ms     [Fsuperbatch [36m29[0m [[35m83.9[0m% ([36m640[0m/[36m763[0m batches, [36m1605184[0m pos/sec)]
Estimated time to end of superbatch: [36m10.1[0ms     [Fsuperbatch [36m29[0m | time [36m63.2[0ms | running loss [36m0.010531[0m | [36m1581646[0m pos/sec | total time [36m1894.7[0ms
Estimated time remaining in training: [36m0[0mh [36m1[0mm [36m5[0ms
LR dropped to [36m0.0001[0m
superbatch [36m30[0m [[35m0.0[0m% ([36m0[0m/[36m763[0m batches, [36m1095075[0m pos/sec)]
Estimated time to end of superbatch: [36minf[0ms     [Fsuperbatch [36m30[0m [[35m16.8[0m% ([36m128[0m/[36m763[0m batches, [36m1490176[0m pos/sec)]
Estimated time to end of superbatch: [36m56.3[0ms     [Fsuperbatch [36m30[0m [[35m33.6[0m% ([36m256[0m/[36m763[0m batches, [36m1603769[0m pos/sec)]
Estimated time to end of superbatch: [36m41.6[0ms     [Fsuperbatch [36m30[0m [[35m50.3[0m% ([36m384[0m/[36m763[0m batches, [36m1653924[0m pos/sec)]
Estimated time to end of superbatch: [36m30.1[0ms     [Fsuperbatch [36m30[0m [[35m67.1[0m% ([36m512[0m/[36m763[0m batches, [36m1581440[0m pos/sec)]
Estimated time to end of superbatch: [36m20.8[0ms     [Fsuperbatch [36m30[0m [[35m83.9[0m% ([36m640[0m/[36m763[0m batches, [36m1559791[0m pos/sec)]
Estimated time to end of superbatch: [36m10.4[0ms     [Fsuperbatch [36m30[0m | time [36m64.4[0ms | running loss [36m0.010669[0m | [36m1552439[0m pos/sec | total time [36m1959.1[0ms
Estimated time remaining in training: [36m0[0mh [36m0[0mm [36m0[0ms
Saved [anna-v3-s0-30]
Total Training Time: [36m0[0mh [36m32[0mm [36m49[0ms
[34;1mTraining on NVIDIA GeForce RTX 4090 (sm_89)[0m
superbatch [36m1[0m [[35m0.0[0m% ([36m0[0m/[36m763[0m batches, [36m1818931[0m pos/sec)]
Estimated time to end of superbatch: [36minf[0ms     [Fsuperbatch [36m1[0m [[35m16.8[0m% ([36m128[0m/[36m763[0m batches, [36m1700386[0m pos/sec)]
Estimated time to end of superbatch: [36m49.3[0ms     [Fsuperbatch [36m1[0m [[35m33.6[0m% ([36m256[0m/[36m763[0m batches, [36m1771546[0m pos/sec)]
Estimated time to end of superbatch: [36m37.7[0ms     [Fsuperbatch [36m1[0m [[35m50.3[0m% ([36m384[0m/[36m763[0m batches, [36m1777330[0m pos/sec)]
Estimated time to end of superbatch: [36m28.0[0ms     [Fsuperbatch [36m1[0m [[35m67.1[0m% ([36m512[0m/[36m763[0m batches, [36m1785645[0m pos/sec)]
Estimated time to end of superbatch: [36m18.5[0ms     [Fsuperbatch [36m1[0m [[35m83.9[0m% ([36m640[0m/[36m763[0m batches, [36m1711503[0m pos/sec)]
Estimated time to end of superbatch: [36m9.4[0ms     [Fsuperbatch [36m1[0m | time [36m59.3[0ms | running loss [36m0.010349[0m | [36m1687883[0m pos/sec | total time [36m94.1[0ms
Estimated time remaining in training: [36m8[0mh [36m4[0mm [36m41[0ms
LR dropped to [36m0.0009935548[0m
superbatch [36m2[0m [[35m0.0[0m% ([36m0[0m/[36m763[0m batches, [36m1823339[0m pos/sec)]
Estimated time to end of superbatch: [36minf[0ms     [Fsuperbatch [36m2[0m [[35m16.8[0m% ([36m128[0m/[36m763[0m batches, [36m1796905[0m pos/sec)]
Estimated time to end of superbatch: [36m46.7[0ms     [Fsuperbatch [36m2[0m [[35m33.6[0m% ([36m256[0m/[36m763[0m batches, [36m1826286[0m pos/sec)]
Estimated time to end of superbatch: [36m36.5[0ms     [Fsuperbatch [36m2[0m [[35m50.3[0m% ([36m384[0m/[36m763[0m batches, [36m1654557[0m pos/sec)]
Estimated time to end of superbatch: [36m30.1[0ms     [Fsuperbatch [36m2[0m [[35m67.1[0m% ([36m512[0m/[36m763[0m batches, [36m1634265[0m pos/sec)]
Estimated time to end of superbatch: [36m20.2[0ms     [Fsuperbatch [36m2[0m [[35m83.9[0m% ([36m640[0m/[36m763[0m batches, [36m1663175[0m pos/sec)]
Estimated time to end of superbatch: [36m9.7[0ms     [Fsuperbatch [36m2[0m | time [36m59.2[0ms | running loss [36m0.010175[0m | [36m1689896[0m pos/sec | total time [36m153.3[0ms
Estimated time remaining in training: [36m6[0mh [36m33[0mm [36m27[0ms
LR dropped to [36m0.0009903323[0m
superbatch [36m3[0m [[35m0.0[0m% ([36m0[0m/[36m763[0m batches, [36m1777788[0m pos/sec)]
Estimated time to end of superbatch: [36minf[0ms     [Fsuperbatch [36m3[0m [[35m16.8[0m% ([36m128[0m/[36m763[0m batches, [36m1415915[0m pos/sec)]
Estimated time to end of superbatch: [36m59.2[0ms     [Fsuperbatch [36m3[0m [[35m33.6[0m% ([36m256[0m/[36m763[0m batches, [36m1488845[0m pos/sec)]
Estimated time to end of superbatch: [36m44.8[0ms     [Fsuperbatch [36m3[0m [[35m50.3[0m% ([36m384[0m/[36m763[0m batches, [36m1595098[0m pos/sec)]
Estimated time to end of superbatch: [36m31.2[0ms     [Fsuperbatch [36m3[0m [[35m67.1[0m% ([36m512[0m/[36m763[0m batches, [36m1649170[0m pos/sec)]
Estimated time to end of superbatch: [36m20.0[0ms     [Fsuperbatch [36m3[0m [[35m83.9[0m% ([36m640[0m/[36m763[0m batches, [36m1594361[0m pos/sec)]
Estimated time to end of superbatch: [36m10.1[0ms     [Fsuperbatch [36m3[0m | time [36m63.1[0ms | running loss [36m0.010344[0m | [36m1584476[0m pos/sec | total time [36m216.4[0ms
Estimated time remaining in training: [36m6[0mh [36m9[0mm [36m6[0ms
LR dropped to [36m0.0009871097[0m
superbatch [36m4[0m [[35m0.0[0m% ([36m0[0m/[36m763[0m batches, [36m1823933[0m pos/sec)]
Estimated time to end of superbatch: [36minf[0ms     [Fsuperbatch [36m4[0m [[35m16.8[0m% ([36m128[0m/[36m763[0m batches, [36m1879686[0m pos/sec)]
Estimated time to end of superbatch: [36m44.6[0ms     [Fsuperbatch [36m4[0m [[35m33.6[0m% ([36m256[0m/[36m763[0m batches, [36m1844144[0m pos/sec)]
Estimated time to end of superbatch: [36m36.2[0ms     [Fsuperbatch [36m4[0m [[35m50.3[0m% ([36m384[0m/[36m763[0m batches, [36m1667798[0m pos/sec)]
Estimated time to end of superbatch: [36m29.9[0ms     [Fsuperbatch [36m4[0m [[35m67.1[0m% ([36m512[0m/[36m763[0m batches, [36m1628591[0m pos/sec)]
Estimated time to end of superbatch: [36m20.2[0ms     [Fsuperbatch [36m4[0m [[35m83.9[0m% ([36m640[0m/[36m763[0m batches, [36m1666396[0m pos/sec)]
Estimated time to end of superbatch: [36m9.7[0ms     [Fsuperbatch [36m4[0m | time [36m59.5[0ms | running loss [36m0.010123[0m | [36m1681615[0m pos/sec | total time [36m275.9[0ms
Estimated time remaining in training: [36m5[0mh [36m51[0mm [36m45[0ms
LR dropped to [36m0.0009838871[0m
superbatch [36m5[0m [[35m0.0[0m% ([36m0[0m/[36m763[0m batches, [36m1864565[0m pos/sec)]
Estimated time to end of superbatch: [36minf[0ms     [Fsuperbatch [36m5[0m [[35m16.8[0m% ([36m128[0m/[36m763[0m batches, [36m1410091[0m pos/sec)]
Estimated time to end of superbatch: [36m59.5[0ms     [Fsuperbatch [36m5[0m [[35m33.6[0m% ([36m256[0m/[36m763[0m batches, [36m1453671[0m pos/sec)]
Estimated time to end of superbatch: [36m45.9[0ms     [Fsuperbatch [36m5[0m [[35m50.3[0m% ([36m384[0m/[36m763[0m batches, [36m1527449[0m pos/sec)]
Estimated time to end of superbatch: [36m32.6[0ms     [Fsuperbatch [36m5[0m [[35m67.1[0m% ([36m512[0m/[36m763[0m batches, [36m1586006[0m pos/sec)]
Estimated time to end of superbatch: [36m20.8[0ms     [Fsuperbatch [36m5[0m [[35m83.9[0m% ([36m640[0m/[36m763[0m batches, [36m1542228[0m pos/sec)]
Estimated time to end of superbatch: [36m10.5[0ms     [Fsuperbatch [36m5[0m | time [36m65.9[0ms | running loss [36m0.010268[0m | [36m1517345[0m pos/sec | total time [36m341.8[0ms
Estimated time remaining in training: [36m5[0mh [36m47[0mm [36m29[0ms
LR dropped to [36m0.0009806645[0m
superbatch [36m6[0m [[35m0.0[0m% ([36m0[0m/[36m763[0m batches, [36m1761699[0m pos/sec)]
Estimated time to end of superbatch: [36minf[0ms     [Fsuperbatch [36m6[0m [[35m16.8[0m% ([36m128[0m/[36m763[0m batches, [36m1859916[0m pos/sec)]
Estimated time to end of superbatch: [36m45.1[0ms     [Fsuperbatch [36m6[0m [[35m33.6[0m% ([36m256[0m/[36m763[0m batches, [36m1873251[0m pos/sec)]
Estimated time to end of superbatch: [36m35.6[0ms     [Fsuperbatch [36m6[0m [[35m50.3[0m% ([36m384[0m/[36m763[0m batches, [36m1696042[0m pos/sec)]
Estimated time to end of superbatch: [36m29.4[0ms     [Fsuperbatch [36m6[0m [[35m67.1[0m% ([36m512[0m/[36m763[0m batches, [36m1611766[0m pos/sec)]
Estimated time to end of superbatch: [36m20.5[0ms     [Fsuperbatch [36m6[0m [[35m83.9[0m% ([36m640[0m/[36m763[0m batches, [36m1646665[0m pos/sec)]
Estimated time to end of superbatch: [36m9.8[0ms     [Fsuperbatch [36m6[0m | time [36m60.2[0ms | running loss [36m0.010089[0m | [36m1661206[0m pos/sec | total time [36m402.0[0ms
Estimated time remaining in training: [36m5[0mh [36m39[0mm [36m27[0ms
LR dropped to [36m0.000977442[0m
superbatch [36m7[0m [[35m0.0[0m% ([36m0[0m/[36m763[0m batches, [36m2278138[0m pos/sec)]
Estimated time to end of superbatch: [36minf[0ms     [Fsuperbatch [36m7[0m [[35m16.8[0m% ([36m128[0m/[36m763[0m batches, [36m1409040[0m pos/sec)]
Estimated time to end of superbatch: [36m59.5[0ms     [Fsuperbatch [36m7[0m [[35m33.6[0m% ([36m256[0m/[36m763[0m batches, [36m1450300[0m pos/sec)]
Estimated time to end of superbatch: [36m46.0[0ms     [Fsuperbatch [36m7[0m [[35m50.3[0m% ([36m384[0m/[36m763[0m batches, [36m1545171[0m pos/sec)]
Estimated time to end of superbatch: [36m32.2[0ms     [Fsuperbatch [36m7[0m [[35m67.1[0m% ([36m512[0m/[36m763[0m batches, [36m1596195[0m pos/sec)]
Estimated time to end of superbatch: [36m20.7[0ms     [Fsuperbatch [36m7[0m [[35m83.9[0m% ([36m640[0m/[36m763[0m batches, [36m1553010[0m pos/sec)]
Estimated time to end of superbatch: [36m10.4[0ms     [Fsuperbatch [36m7[0m | time [36m65.6[0ms | running loss [36m0.010212[0m | [36m1525501[0m pos/sec | total time [36m467.6[0ms
Estimated time remaining in training: [36m5[0mh [36m37[0mm [36m18[0ms
LR dropped to [36m0.0009742194[0m
superbatch [36m8[0m [[35m0.0[0m% ([36m0[0m/[36m763[0m batches, [36m2284851[0m pos/sec)]
Estimated time to end of superbatch: [36minf[0ms     [Fsuperbatch [36m8[0m [[35m16.8[0m% ([36m128[0m/[36m763[0m batches, [36m1802840[0m pos/sec)]
Estimated time to end of superbatch: [36m46.5[0ms     [Fsuperbatch [36m8[0m [[35m33.6[0m% ([36m256[0m/[36m763[0m batches, [36m1830342[0m pos/sec)]
Estimated time to end of superbatch: [36m36.4[0ms     [Fsuperbatch [36m8[0m [[35m50.3[0m% ([36m384[0m/[36m763[0m batches, [36m1672442[0m pos/sec)]
Estimated time to end of superbatch: [36m29.8[0ms     [Fsuperbatch [36m8[0m [[35m67.1[0m% ([36m512[0m/[36m763[0m batches, [36m1616201[0m pos/sec)]
Estimated time to end of superbatch: [36m20.4[0ms     [Fsuperbatch [36m8[0m [[35m83.9[0m% ([36m640[0m/[36m763[0m batches, [36m1651392[0m pos/sec)]
Estimated time to end of superbatch: [36m9.8[0ms     [Fsuperbatch [36m8[0m | time [36m59.4[0ms | running loss [36m0.010032[0m | [36m1682656[0m pos/sec | total time [36m527.0[0ms
Estimated time remaining in training: [36m5[0mh [36m31[0mm [36m33[0ms
LR dropped to [36m0.0009709968[0m
superbatch [36m9[0m [[35m0.0[0m% ([36m0[0m/[36m763[0m batches, [36m2170974[0m pos/sec)]
Estimated time to end of superbatch: [36minf[0ms     [Fsuperbatch [36m9[0m [[35m16.8[0m% ([36m128[0m/[36m763[0m batches, [36m1484407[0m pos/sec)]
Estimated time to end of superbatch: [36m56.5[0ms     [Fsuperbatch [36m9[0m [[35m33.6[0m% ([36m256[0m/[36m763[0m batches, [36m1467875[0m pos/sec)]
Estimated time to end of superbatch: [36m45.4[0ms     [Fsuperbatch [36m9[0m [[35m50.3[0m% ([36m384[0m/[36m763[0m batches, [36m1546401[0m pos/sec)]
Estimated time to end of superbatch: [36m32.2[0ms     [Fsuperbatch [36m9[0m [[35m67.1[0m% ([36m512[0m/[36m763[0m batches, [36m1614454[0m pos/sec)]
Estimated time to end of superbatch: [36m20.4[0ms     [Fsuperbatch [36m9[0m [[35m83.9[0m% ([36m640[0m/[36m763[0m batches, [36m1572998[0m pos/sec)]
Estimated time to end of superbatch: [36m10.3[0ms     [Fsuperbatch [36m9[0m | time [36m64.5[0ms | running loss [36m0.010178[0m | [36m1550246[0m pos/sec | total time [36m591.5[0ms
Estimated time remaining in training: [36m5[0mh [36m29[0mm [36m42[0ms
LR dropped to [36m0.00096777425[0m
superbatch [36m10[0m [[35m0.0[0m% ([36m0[0m/[36m763[0m batches, [36m956619[0m pos/sec)]
Estimated time to end of superbatch: [36minf[0ms     [Fsuperbatch [36m10[0m [[35m16.8[0m% ([36m128[0m/[36m763[0m batches, [36m1712904[0m pos/sec)]
Estimated time to end of superbatch: [36m49.0[0ms     [Fsuperbatch [36m10[0m [[35m33.6[0m% ([36m256[0m/[36m763[0m batches, [36m1741442[0m pos/sec)]
Estimated time to end of superbatch: [36m38.3[0ms     [Fsuperbatch [36m10[0m [[35m50.3[0m% ([36m384[0m/[36m763[0m batches, [36m1655316[0m pos/sec)]
Estimated time to end of superbatch: [36m30.1[0ms     [Fsuperbatch [36m10[0m [[35m67.1[0m% ([36m512[0m/[36m763[0m batches, [36m1593455[0m pos/sec)]
Estimated time to end of superbatch: [36m20.7[0ms     [Fsuperbatch [36m10[0m [[35m83.9[0m% ([36m640[0m/[36m763[0m batches, [36m1621535[0m pos/sec)]
Estimated time to end of superbatch: [36m10.0[0ms     [Fsuperbatch [36m10[0m | time [36m61.3[0ms | running loss [36m0.010012[0m | [36m1632744[0m pos/sec | total time [36m652.8[0ms
Estimated time remaining in training: [36m5[0mh [36m26[0mm [36m22[0ms
LR dropped to [36m0.00096455164[0m
superbatch [36m11[0m [[35m0.0[0m% ([36m0[0m/[36m763[0m batches, [36m1620862[0m pos/sec)]
Estimated time to end of superbatch: [36minf[0ms     [Fsuperbatch [36m11[0m [[35m16.8[0m% ([36m128[0m/[36m763[0m batches, [36m1512885[0m pos/sec)]
Estimated time to end of superbatch: [36m55.4[0ms     [Fsuperbatch [36m11[0m [[35m33.6[0m% ([36m256[0m/[36m763[0m batches, [36m1447602[0m pos/sec)]
Estimated time to end of superbatch: [36m46.1[0ms     [Fsuperbatch [36m11[0m [[35m50.3[0m% ([36m384[0m/[36m763[0m batches, [36m1513770[0m pos/sec)]
Estimated time to end of superbatch: [36m32.9[0ms     [Fsuperbatch [36m11[0m [[35m67.1[0m% ([36m512[0m/[36m763[0m batches, [36m1576296[0m pos/sec)]
Estimated time to end of superbatch: [36m20.9[0ms     [Fsuperbatch [36m11[0m [[35m83.9[0m% ([36m640[0m/[36m763[0m batches, [36m1568871[0m pos/sec)]
Estimated time to end of superbatch: [36m10.3[0ms     [Fsuperbatch [36m11[0m | time [36m65.3[0ms | running loss [36m0.010122[0m | [36m1531518[0m pos/sec | total time [36m718.1[0ms
Estimated time remaining in training: [36m5[0mh [36m25[0mm [36m17[0ms
LR dropped to [36m0.0009613291[0m
superbatch [36m12[0m [[35m0.0[0m% ([36m0[0m/[36m763[0m batches, [36m1932115[0m pos/sec)]
Estimated time to end of superbatch: [36minf[0ms     [Fsuperbatch [36m12[0m [[35m16.8[0m% ([36m128[0m/[36m763[0m batches, [36m1782074[0m pos/sec)]
Estimated time to end of superbatch: [36m47.1[0ms     [Fsuperbatch [36m12[0m [[35m33.6[0m% ([36m256[0m/[36m763[0m batches, [36m1805655[0m pos/sec)]
Estimated time to end of superbatch: [36m36.9[0ms     [Fsuperbatch [36m12[0m [[35m50.3[0m% ([36m384[0m/[36m763[0m batches, [36m1677077[0m pos/sec)]
Estimated time to end of superbatch: [36m29.7[0ms     [Fsuperbatch [36m12[0m [[35m67.1[0m% ([36m512[0m/[36m763[0m batches, [36m1606290[0m pos/sec)]
Estimated time to end of superbatch: [36m20.5[0ms     [Fsuperbatch [36m12[0m [[35m83.9[0m% ([36m640[0m/[36m763[0m batches, [36m1635016[0m pos/sec)]
Estimated time to end of superbatch: [36m9.9[0ms     [Fsuperbatch [36m12[0m | time [36m59.8[0ms | running loss [36m0.009950[0m | [36m1673267[0m pos/sec | total time [36m777.8[0ms
Estimated time remaining in training: [36m5[0mh [36m21[0mm [36m55[0ms
LR dropped to [36m0.0009581065[0m
superbatch [36m13[0m [[35m0.0[0m% ([36m0[0m/[36m763[0m batches, [36m2094992[0m pos/sec)]
Estimated time to end of superbatch: [36minf[0ms     [Fsuperbatch [36m13[0m [[35m16.8[0m% ([36m128[0m/[36m763[0m batches, [36m1511602[0m pos/sec)]
Estimated time to end of superbatch: [36m55.5[0ms     [Fsuperbatch [36m13[0m [[35m33.6[0m% ([36m256[0m/[36m763[0m batches, [36m1457420[0m pos/sec)]
Estimated time to end of superbatch: [36m45.8[0ms     [Fsuperbatch [36m13[0m [[35m50.3[0m% ([36m384[0m/[36m763[0m batches, [36m1514148[0m pos/sec)]
Estimated time to end of superbatch: [36m32.9[0ms     [Fsuperbatch [36m13[0m [[35m67.1[0m% ([36m512[0m/[36m763[0m batches, [36m1563954[0m pos/sec)]
Estimated time to end of superbatch: [36m21.1[0ms     [Fsuperbatch [36m13[0m [[35m83.9[0m% ([36m640[0m/[36m763[0m batches, [36m1560989[0m pos/sec)]
Estimated time to end of superbatch: [36m10.3[0ms     [Fsuperbatch [36m13[0m | time [36m65.9[0ms | running loss [36m0.010048[0m | [36m1517117[0m pos/sec | total time [36m843.7[0ms
Estimated time remaining in training: [36m5[0mh [36m21[0mm [36m16[0ms
LR dropped to [36m0.00095488393[0m
superbatch [36m14[0m [[35m0.0[0m% ([36m0[0m/[36m763[0m batches, [36m1445010[0m pos/sec)]
Estimated time to end of superbatch: [36minf[0ms     [Fsuperbatch [36m14[0m [[35m16.8[0m% ([36m128[0m/[36m763[0m batches, [36m1678780[0m pos/sec)]
Estimated time to end of superbatch: [36m50.0[0ms     [Fsuperbatch [36m14[0m [[35m33.6[0m% ([36m256[0m/[36m763[0m batches, [36m1699457[0m pos/sec)]
Estimated time to end of superbatch: [36m39.3[0ms     [Fsuperbatch [36m14[0m [[35m50.3[0m% ([36m384[0m/[36m763[0m batches, [36m1583593[0m pos/sec)]
Estimated time to end of superbatch: [36m31.5[0ms     [Fsuperbatch [36m14[0m [[35m67.1[0m% ([36m512[0m/[36m763[0m batches, [36m1525245[0m pos/sec)]
Estimated time to end of superbatch: [36m21.6[0ms     [Fsuperbatch [36m14[0m [[35m83.9[0m% ([36m640[0m/[36m763[0m batches, [36m1576044[0m pos/sec)]
Estimated time to end of superbatch: [36m10.2[0ms     [Fsuperbatch [36m14[0m | time [36m62.4[0ms | running loss [36m0.009897[0m | [36m1601636[0m pos/sec | total time [36m906.2[0ms
Estimated time remaining in training: [36m5[0mh [36m19[0mm [36m19[0ms
LR dropped to [36m0.0009516613[0m
superbatch [36m15[0m [[35m0.0[0m% ([36m0[0m/[36m763[0m batches, [36m1760759[0m pos/sec)]
Estimated time to end of superbatch: [36minf[0ms     [Fsuperbatch [36m15[0m [[35m16.8[0m% ([36m128[0m/[36m763[0m batches, [36m1517992[0m pos/sec)]
Estimated time to end of superbatch: [36m55.3[0ms     [Fsuperbatch [36m15[0m [[35m33.6[0m% ([36m256[0m/[36m763[0m batches, [36m1451320[0m pos/sec)]
Estimated time to end of superbatch: [36m46.0[0ms     [Fsuperbatch [36m15[0m [[35m50.3[0m% ([36m384[0m/[36m763[0m batches, [36m1520566[0m pos/sec)]
Estimated time to end of superbatch: [36m32.8[0ms     [Fsuperbatch [36m15[0m [[35m67.1[0m% ([36m512[0m/[36m763[0m batches, [36m1568616[0m pos/sec)]
Estimated time to end of superbatch: [36m21.0[0ms     [Fsuperbatch [36m15[0m [[35m83.9[0m% ([36m640[0m/[36m763[0m batches, [36m1576304[0m pos/sec)]
Estimated time to end of superbatch: [36m10.2[0ms     [Fsuperbatch [36m15[0m | time [36m64.7[0ms | running loss [36m0.009978[0m | [36m1544551[0m pos/sec | total time [36m970.9[0ms
Estimated time remaining in training: [36m5[0mh [36m18[0mm [36m14[0ms
LR dropped to [36m0.00094843877[0m
superbatch [36m16[0m [[35m0.0[0m% ([36m0[0m/[36m763[0m batches, [36m2236903[0m pos/sec)]
Estimated time to end of superbatch: [36minf[0ms     [Fsuperbatch [36m16[0m [[35m16.8[0m% ([36m128[0m/[36m763[0m batches, [36m1723834[0m pos/sec)]
Estimated time to end of superbatch: [36m48.7[0ms     [Fsuperbatch [36m16[0m [[35m33.6[0m% ([36m256[0m/[36m763[0m batches, [36m1781254[0m pos/sec)]
Estimated time to end of superbatch: [36m37.5[0ms     [Fsuperbatch [36m16[0m [[35m50.3[0m% ([36m384[0m/[36m763[0m batches, [36m1697190[0m pos/sec)]
Estimated time to end of superbatch: [36m29.3[0ms     [Fsuperbatch [36m16[0m [[35m67.1[0m% ([36m512[0m/[36m763[0m batches, [36m1590404[0m pos/sec)]
Estimated time to end of superbatch: [36m20.7[0ms     [Fsuperbatch [36m16[0m [[35m83.9[0m% ([36m640[0m/[36m763[0m batches, [36m1613355[0m pos/sec)]
Estimated time to end of superbatch: [36m10.0[0ms     [Fsuperbatch [36m16[0m | time [36m61.0[0ms | running loss [36m0.009835[0m | [36m1640506[0m pos/sec | total time [36m1031.9[0ms
Estimated time remaining in training: [36m5[0mh [36m16[0mm [36m1[0ms
LR dropped to [36m0.00094521616[0m
superbatch [36m17[0m [[35m0.0[0m% ([36m0[0m/[36m763[0m batches, [36m1755562[0m pos/sec)]
Estimated time to end of superbatch: [36minf[0ms     [Fsuperbatch [36m17[0m [[35m16.8[0m% ([36m128[0m/[36m763[0m batches, [36m1618485[0m pos/sec)]
Estimated time to end of superbatch: [36m51.8[0ms     [Fsuperbatch [36m17[0m [[35m33.6[0m% ([36m256[0m/[36m763[0m batches, [36m1504918[0m pos/sec)]
Estimated time to end of superbatch: [36m44.3[0ms     [Fsuperbatch [36m17[0m [[35m50.3[0m% ([36m384[0m/[36m763[0m batches, [36m1560743[0m pos/sec)]
Estimated time to end of superbatch: [36m31.9[0ms     [Fsuperbatch [36m17[0m [[35m67.1[0m% ([36m512[0m/[36m763[0m batches, [36m1614469[0m pos/sec)]
Estimated time to end of superbatch: [36m20.4[0ms     [Fsuperbatch [36m17[0m [[35m83.9[0m% ([36m640[0m/[36m763[0m batches, [36m1599763[0m pos/sec)]
Estimated time to end of superbatch: [36m10.1[0ms     [Fsuperbatch [36m17[0m | time [36m64.0[0ms | running loss [36m0.009915[0m | [36m1561974[0m pos/sec | total time [36m1095.9[0ms
Estimated time remaining in training: [36m5[0mh [36m14[0mm [36m48[0ms
LR dropped to [36m0.0009419936[0m
superbatch [36m18[0m [[35m0.0[0m% ([36m0[0m/[36m763[0m batches, [36m927460[0m pos/sec)]
Estimated time to end of superbatch: [36minf[0ms     [Fsuperbatch [36m18[0m [[35m16.8[0m% ([36m128[0m/[36m763[0m batches, [36m1610428[0m pos/sec)]
Estimated time to end of superbatch: [36m52.1[0ms     [Fsuperbatch [36m18[0m [[35m33.6[0m% ([36m256[0m/[36m763[0m batches, [36m1691346[0m pos/sec)]
Estimated time to end of superbatch: [36m39.4[0ms     [Fsuperbatch [36m18[0m [[35m50.3[0m% ([36m384[0m/[36m763[0m batches, [36m1664298[0m pos/sec)]
Estimated time to end of superbatch: [36m29.9[0ms     [Fsuperbatch [36m18[0m [[35m67.1[0m% ([36m512[0m/[36m763[0m batches, [36m1583020[0m pos/sec)]
Estimated time to end of superbatch: [36m20.8[0ms     [Fsuperbatch [36m18[0m [[35m83.9[0m% ([36m640[0m/[36m763[0m batches, [36m1589794[0m pos/sec)]
Estimated time to end of superbatch: [36m10.2[0ms     [Fsuperbatch [36m18[0m | time [36m61.7[0ms | running loss [36m0.009834[0m | [36m1621501[0m pos/sec | total time [36m1157.6[0ms
Estimated time remaining in training: [36m5[0mh [36m12[0mm [36m58[0ms
LR dropped to [36m0.000938771[0m
superbatch [36m19[0m [[35m0.0[0m% ([36m0[0m/[36m763[0m batches, [36m1862733[0m pos/sec)]
Estimated time to end of superbatch: [36minf[0ms     [Fsuperbatch [36m19[0m [[35m16.8[0m% ([36m128[0m/[36m763[0m batches, [36m1594141[0m pos/sec)]
Estimated time to end of superbatch: [36m52.6[0ms     [Fsuperbatch [36m19[0m [[35m33.6[0m% ([36m256[0m/[36m763[0m batches, [36m1472990[0m pos/sec)]
Estimated time to end of superbatch: [36m45.3[0ms     [Fsuperbatch [36m19[0m [[35m50.3[0m% ([36m384[0m/[36m763[0m batches, [36m1518950[0m pos/sec)]
Estimated time to end of superbatch: [36m32.8[0ms     [Fsuperbatch [36m19[0m [[35m67.1[0m% ([36m512[0m/[36m763[0m batches, [36m1571438[0m pos/sec)]
Estimated time to end of superbatch: [36m21.0[0ms     [Fsuperbatch [36m19[0m [[35m83.9[0m% ([36m640[0m/[36m763[0m batches, [36m1591390[0m pos/sec)]
Estimated time to end of superbatch: [36m10.1[0ms     [Fsuperbatch [36m19[0m | time [36m64.7[0ms | running loss [36m0.009929[0m | [36m1545625[0m pos/sec | total time [36m1222.3[0ms
Estimated time remaining in training: [36m5[0mh [36m12[0mm [36m0[0ms
LR dropped to [36m0.00093554845[0m
superbatch [36m20[0m [[35m0.0[0m% ([36m0[0m/[36m763[0m batches, [36m1746318[0m pos/sec)]
Estimated time to end of superbatch: [36minf[0ms     [Fsuperbatch [36m20[0m [[35m16.8[0m% ([36m128[0m/[36m763[0m batches, [36m1646207[0m pos/sec)]
Estimated time to end of superbatch: [36m51.0[0ms     [Fsuperbatch [36m20[0m [[35m33.6[0m% ([36m256[0m/[36m763[0m batches, [36m1726742[0m pos/sec)]
Estimated time to end of superbatch: [36m38.6[0ms     [Fsuperbatch [36m20[0m [[35m50.3[0m% ([36m384[0m/[36m763[0m batches, [36m1691129[0m pos/sec)]
Estimated time to end of superbatch: [36m29.5[0ms     [Fsuperbatch [36m20[0m [[35m67.1[0m% ([36m512[0m/[36m763[0m batches, [36m1583974[0m pos/sec)]
Estimated time to end of superbatch: [36m20.8[0ms     [Fsuperbatch [36m20[0m [[35m83.9[0m% ([36m640[0m/[36m763[0m batches, [36m1598132[0m pos/sec)]
Estimated time to end of superbatch: [36m10.1[0ms     [Fsuperbatch [36m20[0m | time [36m61.9[0ms | running loss [36m0.009842[0m | [36m1615285[0m pos/sec | total time [36m1284.2[0ms
Estimated time remaining in training: [36m5[0mh [36m10[0mm [36m21[0ms
Saved [anna-v3-s1-20]
LR dropped to [36m0.00093232584[0m
superbatch [36m21[0m [[35m0.0[0m% ([36m0[0m/[36m763[0m batches, [36m2240091[0m pos/sec)]
Estimated time to end of superbatch: [36minf[0ms     [Fsuperbatch [36m21[0m [[35m16.8[0m% ([36m128[0m/[36m763[0m batches, [36m1586164[0m pos/sec)]
Estimated time to end of superbatch: [36m52.9[0ms     [Fsuperbatch [36m21[0m [[35m33.6[0m% ([36m256[0m/[36m763[0m batches, [36m1438516[0m pos/sec)]
Estimated time to end of superbatch: [36m46.4[0ms     [Fsuperbatch [36m21[0m [[35m50.3[0m% ([36m384[0m/[36m763[0m batches, [36m1480531[0m pos/sec)]
Estimated time to end of superbatch: [36m33.6[0ms     [Fsuperbatch [36m21[0m [[35m67.1[0m% ([36m512[0m/[36m763[0m batches, [36m1535824[0m pos/sec)]
Estimated time to end of superbatch: [36m21.5[0ms     [Fsuperbatch [36m21[0m [[35m83.9[0m% ([36m640[0m/[36m763[0m batches, [36m1539976[0m pos/sec)]
Estimated time to end of superbatch: [36m10.5[0ms     [Fsuperbatch [36m21[0m | time [36m66.6[0ms | running loss [36m0.009940[0m | [36m1502411[0m pos/sec | total time [36m1364.2[0ms
Estimated time remaining in training: [36m5[0mh [36m12[0mm [36m53[0ms
LR dropped to [36m0.0009291033[0m
superbatch [36m22[0m [[35m0.0[0m% ([36m0[0m/[36m763[0m batches, [36m649060[0m pos/sec)]
Estimated time to end of superbatch: [36minf[0ms     [Fsuperbatch [36m22[0m [[35m16.8[0m% ([36m128[0m/[36m763[0m batches, [36m1504381[0m pos/sec)]
Estimated time to end of superbatch: [36m55.8[0ms     [Fsuperbatch [36m22[0m [[35m33.6[0m% ([36m256[0m/[36m763[0m batches, [36m1614519[0m pos/sec)]
Estimated time to end of superbatch: [36m41.3[0ms     [Fsuperbatch [36m22[0m [[35m50.3[0m% ([36m384[0m/[36m763[0m batches, [36m1622557[0m pos/sec)]
Estimated time to end of superbatch: [36m30.7[0ms     [Fsuperbatch [36m22[0m [[35m67.1[0m% ([36m512[0m/[36m763[0m batches, [36m1548576[0m pos/sec)]
Estimated time to end of superbatch: [36m21.3[0ms     [Fsuperbatch [36m22[0m [[35m83.9[0m% ([36m640[0m/[36m763[0m batches, [36m1540473[0m pos/sec)]
Estimated time to end of superbatch: [36m10.5[0ms     [Fsuperbatch [36m22[0m | time [36m63.7[0ms | running loss [36m0.009874[0m | [36m1569958[0m pos/sec | total time [36m1427.9[0ms
Estimated time remaining in training: [36m5[0mh [36m11[0mm [36m32[0ms
LR dropped to [36m0.0009258807[0m
superbatch [36m23[0m [[35m0.0[0m% ([36m0[0m/[36m763[0m batches, [36m2121794[0m pos/sec)]
Estimated time to end of superbatch: [36minf[0ms     [Fsuperbatch [36m23[0m [[35m16.8[0m% ([36m128[0m/[36m763[0m batches, [36m1713736[0m pos/sec)]
Estimated time to end of superbatch: [36m48.9[0ms     [Fsuperbatch [36m23[0m [[35m33.6[0m% ([36m256[0m/[36m763[0m batches, [36m1504034[0m pos/sec)]
Estimated time to end of superbatch: [36m44.4[0ms     [Fsuperbatch [36m23[0m [[35m50.3[0m% ([36m384[0m/[36m763[0m batches, [36m1486865[0m pos/sec)]
Estimated time to end of superbatch: [36m33.5[0ms     [Fsuperbatch [36m23[0m [[35m67.1[0m% ([36m512[0m/[36m763[0m batches, [36m1548663[0m pos/sec)]
Estimated time to end of superbatch: [36m21.3[0ms     [Fsuperbatch [36m23[0m [[35m83.9[0m% ([36m640[0m/[36m763[0m batches, [36m1592762[0m pos/sec)]
Estimated time to end of superbatch: [36m10.1[0ms     [Fsuperbatch [36m23[0m | time [36m64.3[0ms | running loss [36m0.009920[0m | [36m1556402[0m pos/sec | total time [36m1492.1[0ms
Estimated time remaining in training: [36m5[0mh [36m10[0mm [36m19[0ms
LR dropped to [36m0.00092265813[0m
superbatch [36m24[0m [[35m0.0[0m% ([36m0[0m/[36m763[0m batches, [36m1914012[0m pos/sec)]
Estimated time to end of superbatch: [36minf[0ms     [Fsuperbatch [36m24[0m [[35m16.8[0m% ([36m128[0m/[36m763[0m batches, [36m1531146[0m pos/sec)]
Estimated time to end of superbatch: [36m54.8[0ms     [Fsuperbatch [36m24[0m [[35m33.6[0m% ([36m256[0m/[36m763[0m batches, [36m1621477[0m pos/sec)]
Estimated time to end of superbatch: [36m41.1[0ms     [Fsuperbatch [36m24[0m [[35m50.3[0m% ([36m384[0m/[36m763[0m batches, [36m1629020[0m pos/sec)]
Estimated time to end of superbatch: [36m30.6[0ms     [Fsuperbatch [36m24[0m [[35m67.1[0m% ([36m512[0m/[36m763[0m batches, [36m1537038[0m pos/sec)]
Estimated time to end of superbatch: [36m21.4[0ms     [Fsuperbatch [36m24[0m [[35m83.9[0m% ([36m640[0m/[36m763[0m batches, [36m1533294[0m pos/sec)]
Estimated time to end of superbatch: [36m10.5[0ms     [Fsuperbatch [36m24[0m | time [36m64.5[0ms | running loss [36m0.009890[0m | [36m1551697[0m pos/sec | total time [36m1556.6[0ms
Estimated time remaining in training: [36m5[0mh [36m9[0mm [36m9[0ms
LR dropped to [36m0.0009194355[0m
superbatch [36m25[0m [[35m0.0[0m% ([36m0[0m/[36m763[0m batches, [36m2540930[0m pos/sec)]
Estimated time to end of superbatch: [36minf[0ms     [Fsuperbatch [36m25[0m [[35m16.8[0m% ([36m128[0m/[36m763[0m batches, [36m1657271[0m pos/sec)]
Estimated time to end of superbatch: [36m50.6[0ms     [Fsuperbatch [36m25[0m [[35m33.6[0m% ([36m256[0m/[36m763[0m batches, [36m1501753[0m pos/sec)]
Estimated time to end of superbatch: [36m44.4[0ms     [Fsuperbatch [36m25[0m [[35m50.3[0m% ([36m384[0m/[36m763[0m batches, [36m1488245[0m pos/sec)]
Estimated time to end of superbatch: [36m33.5[0ms     [Fsuperbatch [36m25[0m [[35m67.1[0m% ([36m512[0m/[36m763[0m batches, [36m1552456[0m pos/sec)]
Estimated time to end of superbatch: [36m21.2[0ms     [Fsuperbatch [36m25[0m [[35m83.9[0m% ([36m640[0m/[36m763[0m batches, [36m1574401[0m pos/sec)]
Estimated time to end of superbatch: [36m10.3[0ms     [Fsuperbatch [36m25[0m | time [36m65.0[0ms | running loss [36m0.009960[0m | [36m1537755[0m pos/sec | total time [36m1621.6[0ms
Estimated time remaining in training: [36m5[0mh [36m8[0mm [36m6[0ms
LR dropped to [36m0.0009162129[0m
superbatch [36m26[0m [[35m0.0[0m% ([36m0[0m/[36m763[0m batches, [36m1061183[0m pos/sec)]
Estimated time to end of superbatch: [36minf[0ms     [Fsuperbatch [36m26[0m [[35m16.8[0m% ([36m128[0m/[36m763[0m batches, [36m1457190[0m pos/sec)]
Estimated time to end of superbatch: [36m57.6[0ms     [Fsuperbatch [36m26[0m [[35m33.6[0m% ([36m256[0m/[36m763[0m batches, [36m1569869[0m pos/sec)]
Estimated time to end of superbatch: [36m42.5[0ms     [Fsuperbatch [36m26[0m [[35m50.3[0m% ([36m384[0m/[36m763[0m batches, [36m1609777[0m pos/sec)]
Estimated time to end of superbatch: [36m30.9[0ms     [Fsuperbatch [36m26[0m [[35m67.1[0m% ([36m512[0m/[36m763[0m batches, [36m1533409[0m pos/sec)]
Estimated time to end of superbatch: [36m21.5[0ms     [Fsuperbatch [36m26[0m [[35m83.9[0m% ([36m640[0m/[36m763[0m batches, [36m1521954[0m pos/sec)]
Estimated time to end of superbatch: [36m10.6[0ms     [Fsuperbatch [36m26[0m | time [36m64.2[0ms | running loss [36m0.009994[0m | [36m1557224[0m pos/sec | total time [36m1685.8[0ms
Estimated time remaining in training: [36m5[0mh [36m6[0mm [36m54[0ms
LR dropped to [36m0.00091299036[0m
superbatch [36m27[0m [[35m0.0[0m% ([36m0[0m/[36m763[0m batches, [36m1873363[0m pos/sec)]
Estimated time to end of superbatch: [36minf[0ms     [Fsuperbatch [36m27[0m [[35m16.8[0m% ([36m128[0m/[36m763[0m batches, [36m1819063[0m pos/sec)]
Estimated time to end of superbatch: [36m46.1[0ms     [Fsuperbatch [36m27[0m [[35m33.6[0m% ([36m256[0m/[36m763[0m batches, [36m1540820[0m pos/sec)]
Estimated time to end of superbatch: [36m43.3[0ms     [Fsuperbatch [36m27[0m [[35m50.3[0m% ([36m384[0m/[36m763[0m batches, [36m1510258[0m pos/sec)]
Estimated time to end of superbatch: [36m33.0[0ms     [Fsuperbatch [36m27[0m [[35m67.1[0m% ([36m512[0m/[36m763[0m batches, [36m1578240[0m pos/sec)]
Estimated time to end of superbatch: [36m20.9[0ms     [Fsuperbatch [36m27[0m [[35m83.9[0m% ([36m640[0m/[36m763[0m batches, [36m1602893[0m pos/sec)]
Estimated time to end of superbatch: [36m10.1[0ms     [Fsuperbatch [36m27[0m | time [36m63.9[0ms | running loss [36m0.010081[0m | [36m1564522[0m pos/sec | total time [36m1749.8[0ms
Estimated time remaining in training: [36m5[0mh [36m5[0mm [36m40[0ms
LR dropped to [36m0.0009097678[0m
superbatch [36m28[0m [[35m0.0[0m% ([36m0[0m/[36m763[0m batches, [36m1601095[0m pos/sec)]
Estimated time to end of superbatch: [36minf[0ms     [Fsuperbatch [36m28[0m [[35m16.8[0m% ([36m128[0m/[36m763[0m batches, [36m1432261[0m pos/sec)]
Estimated time to end of superbatch: [36m58.6[0ms     [Fsuperbatch [36m28[0m [[35m33.6[0m% ([36m256[0m/[36m763[0m batches, [36m1567772[0m pos/sec)]
Estimated time to end of superbatch: [36m42.6[0ms     [Fsuperbatch [36m28[0m [[35m50.3[0m% ([36m384[0m/[36m763[0m batches, [36m1612418[0m pos/sec)]
Estimated time to end of superbatch: [36m30.9[0ms     [Fsuperbatch [36m28[0m [[35m67.1[0m% ([36m512[0m/[36m763[0m batches, [36m1550211[0m pos/sec)]
Estimated time to end of superbatch: [36m21.3[0ms     [Fsuperbatch [36m28[0m [[35m83.9[0m% ([36m640[0m/[36m763[0m batches, [36m1554226[0m pos/sec)]
Estimated time to end of superbatch: [36m10.4[0ms     [Fsuperbatch [36m28[0m | time [36m63.0[0ms | running loss [36m0.010100[0m | [36m1586289[0m pos/sec | total time [36m1812.8[0ms
Estimated time remaining in training: [36m5[0mh [36m4[0mm [36m17[0ms
LR dropped to [36m0.0009065452[0m
superbatch [36m29[0m [[35m0.0[0m% ([36m0[0m/[36m763[0m batches, [36m1817846[0m pos/sec)]
Estimated time to end of superbatch: [36minf[0ms     [Fsuperbatch [36m29[0m [[35m16.8[0m% ([36m128[0m/[36m763[0m batches, [36m1842676[0m pos/sec)]
Estimated time to end of superbatch: [36m45.5[0ms     [Fsuperbatch [36m29[0m [[35m33.6[0m% ([36m256[0m/[36m763[0m batches, [36m1594213[0m pos/sec)]
Estimated time to end of superbatch: [36m41.8[0ms     [Fsuperbatch [36m29[0m [[35m50.3[0m% ([36m384[0m/[36m763[0m batches, [36m1565441[0m pos/sec)]
Estimated time to end of superbatch: [36m31.8[0ms     [Fsuperbatch [36m29[0m [[35m67.1[0m% ([36m512[0m/[36m763[0m batches, [36m1592278[0m pos/sec)]
Estimated time to end of superbatch: [36m20.7[0ms     [Fsuperbatch [36m29[0m [[35m83.9[0m% ([36m640[0m/[36m763[0m batches, [36m1636604[0m pos/sec)]
Estimated time to end of superbatch: [36m9.9[0ms     [Fsuperbatch [36m29[0m | time [36m63.2[0ms | running loss [36m0.010217[0m | [36m1583244[0m pos/sec | total time [36m1876.0[0ms
Estimated time remaining in training: [36m5[0mh [36m2[0mm [36m57[0ms
LR dropped to [36m0.00090332265[0m
superbatch [36m30[0m [[35m0.0[0m% ([36m0[0m/[36m763[0m batches, [36m1638775[0m pos/sec)]
Estimated time to end of superbatch: [36minf[0ms     [Fsuperbatch [36m30[0m [[35m16.8[0m% ([36m128[0m/[36m763[0m batches, [36m1473150[0m pos/sec)]
Estimated time to end of superbatch: [36m56.9[0ms     [Fsuperbatch [36m30[0m [[35m33.6[0m% ([36m256[0m/[36m763[0m batches, [36m1632382[0m pos/sec)]
Estimated time to end of superbatch: [36m40.9[0ms     [Fsuperbatch [36m30[0m [[35m50.3[0m% ([36m384[0m/[36m763[0m batches, [36m1678154[0m pos/sec)]
Estimated time to end of superbatch: [36m29.7[0ms     [Fsuperbatch [36m30[0m [[35m67.1[0m% ([36m512[0m/[36m763[0m batches, [36m1580667[0m pos/sec)]
Estimated time to end of superbatch: [36m20.9[0ms     [Fsuperbatch [36m30[0m [[35m83.9[0m% ([36m640[0m/[36m763[0m batches, [36m1563976[0m pos/sec)]
Estimated time to end of superbatch: [36m10.3[0ms     [Fsuperbatch [36m30[0m | time [36m62.4[0ms | running loss [36m0.010275[0m | [36m1603597[0m pos/sec | total time [36m1938.3[0ms
Estimated time remaining in training: [36m5[0mh [36m1[0mm [36m31[0ms
LR dropped to [36m0.00090010004[0m
superbatch [36m31[0m [[35m0.0[0m% ([36m0[0m/[36m763[0m batches, [36m1951937[0m pos/sec)]
Estimated time to end of superbatch: [36minf[0ms     [Fsuperbatch [36m31[0m [[35m16.8[0m% ([36m128[0m/[36m763[0m batches, [36m1794052[0m pos/sec)]
Estimated time to end of superbatch: [36m46.8[0ms     [Fsuperbatch [36m31[0m [[35m33.6[0m% ([36m256[0m/[36m763[0m batches, [36m1593092[0m pos/sec)]
Estimated time to end of superbatch: [36m41.9[0ms     [Fsuperbatch [36m31[0m [[35m50.3[0m% ([36m384[0m/[36m763[0m batches, [36m1551278[0m pos/sec)]
Estimated time to end of superbatch: [36m32.1[0ms     [Fsuperbatch [36m31[0m [[35m67.1[0m% ([36m512[0m/[36m763[0m batches, [36m1594606[0m pos/sec)]
Estimated time to end of superbatch: [36m20.7[0ms     [Fsuperbatch [36m31[0m [[35m83.9[0m% ([36m640[0m/[36m763[0m batches, [36m1639704[0m pos/sec)]
Estimated time to end of superbatch: [36m9.8[0ms     [Fsuperbatch [36m31[0m | time [36m62.6[0ms | running loss [36m0.010300[0m | [36m1596542[0m pos/sec | total time [36m2001.0[0ms
Estimated time remaining in training: [36m5[0mh [36m0[0mm [36m8[0ms
LR dropped to [36m0.0008968775[0m
superbatch [36m32[0m [[35m0.0[0m% ([36m0[0m/[36m763[0m batches, [36m1678078[0m pos/sec)]
Estimated time to end of superbatch: [36minf[0ms     [Fsuperbatch [36m32[0m [[35m16.8[0m% ([36m128[0m/[36m763[0m batches, [36m1468453[0m pos/sec)]
Estimated time to end of superbatch: [36m57.1[0ms     [Fsuperbatch [36m32[0m [[35m33.6[0m% ([36m256[0m/[36m763[0m batches, [36m1550556[0m pos/sec)]
Estimated time to end of superbatch: [36m43.0[0ms     [Fsuperbatch [36m32[0m [[35m50.3[0m% ([36m384[0m/[36m763[0m batches, [36m1630424[0m pos/sec)]
Estimated time to end of superbatch: [36m30.5[0ms     [Fsuperbatch [36m32[0m [[35m67.1[0m% ([36m512[0m/[36m763[0m batches, [36m1586159[0m pos/sec)]
Estimated time to end of superbatch: [36m20.8[0ms     [Fsuperbatch [36m32[0m [[35m83.9[0m% ([36m640[0m/[36m763[0m batches, [36m1559555[0m pos/sec)]
Estimated time to end of superbatch: [36m10.4[0ms     [Fsuperbatch [36m32[0m | time [36m63.4[0ms | running loss [36m0.010310[0m | [36m1578165[0m pos/sec | total time [36m2064.3[0ms
Estimated time remaining in training: [36m4[0mh [36m58[0mm [36m53[0ms
LR dropped to [36m0.0008936549[0m
superbatch [36m33[0m [[35m0.0[0m% ([36m0[0m/[36m763[0m batches, [36m1771493[0m pos/sec)]
Estimated time to end of superbatch: [36minf[0ms     [Fsuperbatch [36m33[0m [[35m16.8[0m% ([36m128[0m/[36m763[0m batches, [36m1752605[0m pos/sec)]
Estimated time to end of superbatch: [36m47.9[0ms     [Fsuperbatch [36m33[0m [[35m33.6[0m% ([36m256[0m/[36m763[0m batches, [36m1609350[0m pos/sec)]
Estimated time to end of superbatch: [36m41.5[0ms     [Fsuperbatch [36m33[0m [[35m50.3[0m% ([36m384[0m/[36m763[0m batches, [36m1545746[0m pos/sec)]
Estimated time to end of superbatch: [36m32.2[0ms     [Fsuperbatch [36m33[0m [[35m67.1[0m% ([36m512[0m/[36m763[0m batches, [36m1566084[0m pos/sec)]
Estimated time to end of superbatch: [36m21.0[0ms     [Fsuperbatch [36m33[0m [[35m83.9[0m% ([36m640[0m/[36m763[0m batches, [36m1585248[0m pos/sec)]
Estimated time to end of superbatch: [36m10.2[0ms     [Fsuperbatch [36m33[0m | time [36m64.5[0ms | running loss [36m0.010296[0m | [36m1550843[0m pos/sec | total time [36m2128.8[0ms
Estimated time remaining in training: [36m4[0mh [36m57[0mm [36m49[0ms
LR dropped to [36m0.0008904323[0m
superbatch [36m34[0m [[35m0.0[0m% ([36m0[0m/[36m763[0m batches, [36m1235811[0m pos/sec)]
Estimated time to end of superbatch: [36minf[0ms     [Fsuperbatch [36m34[0m [[35m16.8[0m% ([36m128[0m/[36m763[0m batches, [36m1469599[0m pos/sec)]
Estimated time to end of superbatch: [36m57.1[0ms     [Fsuperbatch [36m34[0m [[35m33.6[0m% ([36m256[0m/[36m763[0m batches, [36m1518300[0m pos/sec)]
Estimated time to end of superbatch: [36m43.9[0ms     [Fsuperbatch [36m34[0m [[35m50.3[0m% ([36m384[0m/[36m763[0m batches, [36m1574058[0m pos/sec)]
Estimated time to end of superbatch: [36m31.6[0ms     [Fsuperbatch [36m34[0m [[35m67.1[0m% ([36m512[0m/[36m763[0m batches, [36m1548008[0m pos/sec)]
Estimated time to end of superbatch: [36m21.3[0ms     [Fsuperbatch [36m34[0m [[35m83.9[0m% ([36m640[0m/[36m763[0m batches, [36m1531470[0m pos/sec)]
Estimated time to end of superbatch: [36m10.5[0ms     [Fsuperbatch [36m34[0m | time [36m65.4[0ms | running loss [36m0.010394[0m | [36m1530162[0m pos/sec | total time [36m2194.2[0ms
Estimated time remaining in training: [36m4[0mh [36m56[0mm [36m51[0ms
LR dropped to [36m0.0008872097[0m
superbatch [36m35[0m [[35m0.0[0m% ([36m0[0m/[36m763[0m batches, [36m1783736[0m pos/sec)]
Estimated time to end of superbatch: [36minf[0ms     [Fsuperbatch [36m35[0m [[35m16.8[0m% ([36m128[0m/[36m763[0m batches, [36m1772973[0m pos/sec)]
Estimated time to end of superbatch: [36m47.3[0ms     [Fsuperbatch [36m35[0m [[35m33.6[0m% ([36m256[0m/[36m763[0m batches, [36m1646706[0m pos/sec)]
Estimated time to end of superbatch: [36m40.5[0ms     [Fsuperbatch [36m35[0m [[35m50.3[0m% ([36m384[0m/[36m763[0m batches, [36m1577717[0m pos/sec)]
Estimated time to end of superbatch: [36m31.6[0ms     [Fsuperbatch [36m35[0m [[35m67.1[0m% ([36m512[0m/[36m763[0m batches, [36m1564390[0m pos/sec)]
Estimated time to end of superbatch: [36m21.1[0ms     [Fsuperbatch [36m35[0m [[35m83.9[0m% ([36m640[0m/[36m763[0m batches, [36m1604069[0m pos/sec)]
Estimated time to end of superbatch: [36m10.1[0ms     [Fsuperbatch [36m35[0m | time [36m63.2[0ms | running loss [36m0.010357[0m | [36m1581887[0m pos/sec | total time [36m2257.4[0ms
Estimated time remaining in training: [36m4[0mh [36m55[0mm [36m36[0ms
LR dropped to [36m0.0008839871[0m
superbatch [36m36[0m [[35m0.0[0m% ([36m0[0m/[36m763[0m batches, [36m1739858[0m pos/sec)]
Estimated time to end of superbatch: [36minf[0ms     [Fsuperbatch [36m36[0m [[35m16.8[0m% ([36m128[0m/[36m763[0m batches, [36m1452006[0m pos/sec)]
Estimated time to end of superbatch: [36m57.8[0ms     [Fsuperbatch [36m36[0m [[35m33.6[0m% ([36m256[0m/[36m763[0m batches, [36m1488592[0m pos/sec)]
Estimated time to end of superbatch: [36m44.8[0ms     [Fsuperbatch [36m36[0m [[35m50.3[0m% ([36m384[0m/[36m763[0m batches, [36m1570890[0m pos/sec)]
Estimated time to end of superbatch: [36m31.7[0ms     [Fsuperbatch [36m36[0m [[35m67.1[0m% ([36m512[0m/[36m763[0m batches, [36m1525914[0m pos/sec)]
Estimated time to end of superbatch: [36m21.6[0ms     [Fsuperbatch [36m36[0m [[35m83.9[0m% ([36m640[0m/[36m763[0m batches, [36m1507761[0m pos/sec)]
Estimated time to end of superbatch: [36m10.7[0ms     [Fsuperbatch [36m36[0m | time [36m66.1[0ms | running loss [36m0.010429[0m | [36m1513079[0m pos/sec | total time [36m2323.5[0ms
Estimated time remaining in training: [36m4[0mh [36m54[0mm [36m44[0ms
LR dropped to [36m0.00088076456[0m
superbatch [36m37[0m [[35m0.0[0m% ([36m0[0m/[36m763[0m batches, [36m1804398[0m pos/sec)]
Estimated time to end of superbatch: [36minf[0ms     [Fsuperbatch [36m37[0m [[35m16.8[0m% ([36m128[0m/[36m763[0m batches, [36m1843236[0m pos/sec)]
Estimated time to end of superbatch: [36m45.5[0ms     [Fsuperbatch [36m37[0m [[35m33.6[0m% ([36m256[0m/[36m763[0m batches, [36m1574432[0m pos/sec)]
Estimated time to end of superbatch: [36m42.4[0ms     [Fsuperbatch [36m37[0m [[35m50.3[0m% ([36m384[0m/[36m763[0m batches, [36m1539377[0m pos/sec)]
Estimated time to end of superbatch: [36m32.4[0ms     [Fsuperbatch [36m37[0m [[35m67.1[0m% ([36m512[0m/[36m763[0m batches, [36m1530659[0m pos/sec)]
Estimated time to end of superbatch: [36m21.5[0ms     [Fsuperbatch [36m37[0m [[35m83.9[0m% ([36m640[0m/[36m763[0m batches, [36m1570304[0m pos/sec)]
Estimated time to end of superbatch: [36m10.3[0ms     [Fsuperbatch [36m37[0m | time [36m63.6[0ms | running loss [36m0.010363[0m | [36m1571522[0m pos/sec | total time [36m2387.1[0ms
Estimated time remaining in training: [36m4[0mh [36m53[0mm [36m33[0ms
LR dropped to [36m0.00087754196[0m
superbatch [36m38[0m [[35m0.0[0m% ([36m0[0m/[36m763[0m batches, [36m1623700[0m pos/sec)]
Estimated time to end of superbatch: [36minf[0ms     [Fsuperbatch [36m38[0m [[35m16.8[0m% ([36m128[0m/[36m763[0m batches, [36m1416760[0m pos/sec)]
Estimated time to end of superbatch: [36m59.2[0ms     [Fsuperbatch [36m38[0m [[35m33.6[0m% ([36m256[0m/[36m763[0m batches, [36m1472169[0m pos/sec)]
Estimated time to end of superbatch: [36m45.3[0ms     [Fsuperbatch [36m38[0m [[35m50.3[0m% ([36m384[0m/[36m763[0m batches, [36m1574588[0m pos/sec)]
Estimated time to end of superbatch: [36m31.6[0ms     [Fsuperbatch [36m38[0m [[35m67.1[0m% ([36m512[0m/[36m763[0m batches, [36m1569643[0m pos/sec)]
Estimated time to end of superbatch: [36m21.0[0ms     [Fsuperbatch [36m38[0m [[35m83.9[0m% ([36m640[0m/[36m763[0m batches, [36m1565674[0m pos/sec)]
Estimated time to end of superbatch: [36m10.3[0ms     [Fsuperbatch [36m38[0m | time [36m64.3[0ms | running loss [36m0.010442[0m | [36m1555515[0m pos/sec | total time [36m2451.4[0ms
Estimated time remaining in training: [36m4[0mh [36m52[0mm [36m27[0ms
LR dropped to [36m0.0008743194[0m
superbatch [36m39[0m [[35m0.0[0m% ([36m0[0m/[36m763[0m batches, [36m1604739[0m pos/sec)]
Estimated time to end of superbatch: [36minf[0ms     [Fsuperbatch [36m39[0m [[35m16.8[0m% ([36m128[0m/[36m763[0m batches, [36m1747649[0m pos/sec)]
Estimated time to end of superbatch: [36m48.0[0ms     [Fsuperbatch [36m39[0m [[35m33.6[0m% ([36m256[0m/[36m763[0m batches, [36m1681944[0m pos/sec)]
Estimated time to end of superbatch: [36m39.7[0ms     [Fsuperbatch [36m39[0m [[35m50.3[0m% ([36m384[0m/[36m763[0m batches, [36m1619527[0m pos/sec)]
Estimated time to end of superbatch: [36m30.8[0ms     [Fsuperbatch [36m39[0m [[35m67.1[0m% ([36m512[0m/[36m763[0m batches, [36m1600684[0m pos/sec)]
Estimated time to end of superbatch: [36m20.6[0ms     [Fsuperbatch [36m39[0m [[35m83.9[0m% ([36m640[0m/[36m763[0m batches, [36m1633539[0m pos/sec)]
Estimated time to end of superbatch: [36m9.9[0ms     [Fsuperbatch [36m39[0m | time [36m61.4[0ms | running loss [36m0.010342[0m | [36m1628216[0m pos/sec | total time [36m2512.9[0ms
Estimated time remaining in training: [36m4[0mh [36m51[0mm [36m1[0ms
LR dropped to [36m0.00087109685[0m
superbatch [36m40[0m [[35m0.0[0m% ([36m0[0m/[36m763[0m batches, [36m2390278[0m pos/sec)]
Estimated time to end of superbatch: [36minf[0ms     [Fsuperbatch [36m40[0m [[35m16.8[0m% ([36m128[0m/[36m763[0m batches, [36m1430519[0m pos/sec)]
Estimated time to end of superbatch: [36m58.6[0ms     [Fsuperbatch [36m40[0m [[35m33.6[0m% ([36m256[0m/[36m763[0m batches, [36m1457136[0m pos/sec)]
Estimated time to end of superbatch: [36m45.8[0ms     [Fsuperbatch [36m40[0m [[35m50.3[0m% ([36m384[0m/[36m763[0m batches, [36m1540415[0m pos/sec)]
Estimated time to end of superbatch: [36m32.3[0ms     [Fsuperbatch [36m40[0m [[35m67.1[0m% ([36m512[0m/[36m763[0m batches, [36m1545084[0m pos/sec)]
Estimated time to end of superbatch: [36m21.3[0ms     [Fsuperbatch [36m40[0m [[35m83.9[0m% ([36m640[0m/[36m763[0m batches, [36m1523743[0m pos/sec)]
Estimated time to end of superbatch: [36m10.6[0ms     [Fsuperbatch [36m40[0m | time [36m65.6[0ms | running loss [36m0.010465[0m | [36m1525258[0m pos/sec | total time [36m2578.4[0ms
Estimated time remaining in training: [36m4[0mh [36m50[0mm [36m4[0ms
Saved [anna-v3-s1-40]
LR dropped to [36m0.00086787425[0m
superbatch [36m41[0m [[35m0.0[0m% ([36m0[0m/[36m763[0m batches, [36m2105944[0m pos/sec)]
Estimated time to end of superbatch: [36minf[0ms     [Fsuperbatch [36m41[0m [[35m16.8[0m% ([36m128[0m/[36m763[0m batches, [36m1995077[0m pos/sec)]
Estimated time to end of superbatch: [36m42.0[0ms     [Fsuperbatch [36m41[0m [[35m33.6[0m% ([36m256[0m/[36m763[0m batches, [36m1778006[0m pos/sec)]
Estimated time to end of superbatch: [36m37.5[0ms     [Fsuperbatch [36m41[0m [[35m50.3[0m% ([36m384[0m/[36m763[0m batches, [36m1696086[0m pos/sec)]
Estimated time to end of superbatch: [36m29.4[0ms     [Fsuperbatch [36m41[0m [[35m67.1[0m% ([36m512[0m/[36m763[0m batches, [36m1638542[0m pos/sec)]
Estimated time to end of superbatch: [36m20.1[0ms     [Fsuperbatch [36m41[0m [[35m83.9[0m% ([36m640[0m/[36m763[0m batches, [36m1651543[0m pos/sec)]
Estimated time to end of superbatch: [36m9.8[0ms     [Fsuperbatch [36m41[0m | time [36m61.0[0ms | running loss [36m0.010362[0m | [36m1640331[0m pos/sec | total time [36m2651.5[0ms
Estimated time remaining in training: [36m4[0mh [36m49[0mm [36m56[0ms
LR dropped to [36m0.00086465164[0m
superbatch [36m42[0m [[35m0.0[0m% ([36m0[0m/[36m763[0m batches, [36m1522001[0m pos/sec)]
Estimated time to end of superbatch: [36minf[0ms     [Fsuperbatch [36m42[0m [[35m16.8[0m% ([36m128[0m/[36m763[0m batches, [36m1497262[0m pos/sec)]
Estimated time to end of superbatch: [36m56.0[0ms     [Fsuperbatch [36m42[0m [[35m33.6[0m% ([36m256[0m/[36m763[0m batches, [36m1515316[0m pos/sec)]
Estimated time to end of superbatch: [36m44.0[0ms     [Fsuperbatch [36m42[0m [[35m50.3[0m% ([36m384[0m/[36m763[0m batches, [36m1589692[0m pos/sec)]
Estimated time to end of superbatch: [36m31.3[0ms     [Fsuperbatch [36m42[0m [[35m67.1[0m% ([36m512[0m/[36m763[0m batches, [36m1574813[0m pos/sec)]
Estimated time to end of superbatch: [36m20.9[0ms     [Fsuperbatch [36m42[0m [[35m83.9[0m% ([36m640[0m/[36m763[0m batches, [36m1540432[0m pos/sec)]
Estimated time to end of superbatch: [36m10.5[0ms     [Fsuperbatch [36m42[0m | time [36m65.6[0ms | running loss [36m0.010497[0m | [36m1523424[0m pos/sec | total time [36m2717.1[0ms
Estimated time remaining in training: [36m4[0mh [36m48[0mm [36m57[0ms
LR dropped to [36m0.0008614291[0m
superbatch [36m43[0m [[35m0.0[0m% ([36m0[0m/[36m763[0m batches, [36m1917749[0m pos/sec)]
Estimated time to end of superbatch: [36minf[0ms     [Fsuperbatch [36m43[0m [[35m16.8[0m% ([36m128[0m/[36m763[0m batches, [36m1687576[0m pos/sec)]
Estimated time to end of superbatch: [36m49.7[0ms     [Fsuperbatch [36m43[0m [[35m33.6[0m% ([36m256[0m/[36m763[0m batches, [36m1658528[0m pos/sec)]
Estimated time to end of superbatch: [36m40.2[0ms     [Fsuperbatch [36m43[0m [[35m50.3[0m% ([36m384[0m/[36m763[0m batches, [36m1581347[0m pos/sec)]
Estimated time to end of superbatch: [36m31.5[0ms     [Fsuperbatch [36m43[0m [[35m67.1[0m% ([36m512[0m/[36m763[0m batches, [36m1547694[0m pos/sec)]
Estimated time to end of superbatch: [36m21.3[0ms     [Fsuperbatch [36m43[0m [[35m83.9[0m% ([36m640[0m/[36m763[0m batches, [36m1592018[0m pos/sec)]
Estimated time to end of superbatch: [36m10.1[0ms     [Fsuperbatch [36m43[0m | time [36m62.6[0ms | running loss [36m0.010375[0m | [36m1597454[0m pos/sec | total time [36m2779.7[0ms
Estimated time remaining in training: [36m4[0mh [36m47[0mm [36m40[0ms
LR dropped to [36m0.0008582065[0m
superbatch [36m44[0m [[35m0.0[0m% ([36m0[0m/[36m763[0m batches, [36m1378896[0m pos/sec)]
Estimated time to end of superbatch: [36minf[0ms     [Fsuperbatch [36m44[0m [[35m16.8[0m% ([36m128[0m/[36m763[0m batches, [36m1443419[0m pos/sec)]
Estimated time to end of superbatch: [36m58.1[0ms     [Fsuperbatch [36m44[0m [[35m33.6[0m% ([36m256[0m/[36m763[0m batches, [36m1479241[0m pos/sec)]
Estimated time to end of superbatch: [36m45.1[0ms     [Fsuperbatch [36m44[0m [[35m50.3[0m% ([36m384[0m/[36m763[0m batches, [36m1539014[0m pos/sec)]
Estimated time to end of superbatch: [36m32.4[0ms     [Fsuperbatch [36m44[0m [[35m67.1[0m% ([36m512[0m/[36m763[0m batches, [36m1585285[0m pos/sec)]
Estimated time to end of superbatch: [36m20.8[0ms     [Fsuperbatch [36m44[0m [[35m83.9[0m% ([36m640[0m/[36m763[0m batches, [36m1568998[0m pos/sec)]
Estimated time to end of superbatch: [36m10.3[0ms     [Fsuperbatch [36m44[0m | time [36m64.6[0ms | running loss [36m0.010520[0m | [36m1548755[0m pos/sec | total time [36m2844.3[0ms
Estimated time remaining in training: [36m4[0mh [36m46[0mm [36m35[0ms
LR dropped to [36m0.0008549839[0m
superbatch [36m45[0m [[35m0.0[0m% ([36m0[0m/[36m763[0m batches, [36m1754477[0m pos/sec)]
Estimated time to end of superbatch: [36minf[0ms     [Fsuperbatch [36m45[0m [[35m16.8[0m% ([36m128[0m/[36m763[0m batches, [36m1745438[0m pos/sec)]
Estimated time to end of superbatch: [36m48.1[0ms     [Fsuperbatch [36m45[0m [[35m33.6[0m% ([36m256[0m/[36m763[0m batches, [36m1716151[0m pos/sec)]
Estimated time to end of superbatch: [36m38.9[0ms     [Fsuperbatch [36m45[0m [[35m50.3[0m% ([36m384[0m/[36m763[0m batches, [36m1640168[0m pos/sec)]
Estimated time to end of superbatch: [36m30.4[0ms     [Fsuperbatch [36m45[0m [[35m67.1[0m% ([36m512[0m/[36m763[0m batches, [36m1617921[0m pos/sec)]
Estimated time to end of superbatch: [36m20.4[0ms     [Fsuperbatch [36m45[0m [[35m83.9[0m% ([36m640[0m/[36m763[0m batches, [36m1649548[0m pos/sec)]
Estimated time to end of superbatch: [36m9.8[0ms     [Fsuperbatch [36m45[0m | time [36m60.8[0ms | running loss [36m0.010367[0m | [36m1643959[0m pos/sec | total time [36m2905.1[0ms
Estimated time remaining in training: [36m4[0mh [36m45[0mm [36m8[0ms
LR dropped to [36m0.0008517613[0m
superbatch [36m46[0m [[35m0.0[0m% ([36m0[0m/[36m763[0m batches, [36m1767965[0m pos/sec)]
Estimated time to end of superbatch: [36minf[0ms     [Fsuperbatch [36m46[0m [[35m16.8[0m% ([36m128[0m/[36m763[0m batches, [36m1500189[0m pos/sec)]
Estimated time to end of superbatch: [36m55.9[0ms     [Fsuperbatch [36m46[0m [[35m33.6[0m% ([36m256[0m/[36m763[0m batches, [36m1485486[0m pos/sec)]
Estimated time to end of superbatch: [36m44.9[0ms     [Fsuperbatch [36m46[0m [[35m50.3[0m% ([36m384[0m/[36m763[0m batches, [36m1528761[0m pos/sec)]
Estimated time to end of superbatch: [36m32.6[0ms     [Fsuperbatch [36m46[0m [[35m67.1[0m% ([36m512[0m/[36m763[0m batches, [36m1580120[0m pos/sec)]
Estimated time to end of superbatch: [36m20.9[0ms     [Fsuperbatch [36m46[0m [[35m83.9[0m% ([36m640[0m/[36m763[0m batches, [36m1573308[0m pos/sec)]
Estimated time to end of superbatch: [36m10.3[0ms     [Fsuperbatch [36m46[0m | time [36m64.2[0ms | running loss [36m0.010548[0m | [36m1557292[0m pos/sec | total time [36m2969.4[0ms
Estimated time remaining in training: [36m4[0mh [36m44[0mm [36m1[0ms
LR dropped to [36m0.00084853877[0m
superbatch [36m47[0m [[35m0.0[0m% ([36m0[0m/[36m763[0m batches, [36m1580847[0m pos/sec)]
Estimated time to end of superbatch: [36minf[0ms     [Fsuperbatch [36m47[0m [[35m16.8[0m% ([36m128[0m/[36m763[0m batches, [36m1623515[0m pos/sec)]
Estimated time to end of superbatch: [36m51.7[0ms     [Fsuperbatch [36m47[0m [[35m33.6[0m% ([36m256[0m/[36m763[0m batches, [36m1633883[0m pos/sec)]
Estimated time to end of superbatch: [36m40.8[0ms     [Fsuperbatch [36m47[0m [[35m50.3[0m% ([36m384[0m/[36m763[0m batches, [36m1610122[0m pos/sec)]
Estimated time to end of superbatch: [36m30.9[0ms     [Fsuperbatch [36m47[0m [[35m67.1[0m% ([36m512[0m/[36m763[0m batches, [36m1574151[0m pos/sec)]
Estimated time to end of superbatch: [36m20.9[0ms     [Fsuperbatch [36m47[0m [[35m83.9[0m% ([36m640[0m/[36m763[0m batches, [36m1595753[0m pos/sec)]
Estimated time to end of superbatch: [36m10.1[0ms     [Fsuperbatch [36m47[0m | time [36m62.2[0ms | running loss [36m0.010377[0m | [36m1607018[0m pos/sec | total time [36m3031.6[0ms
Estimated time remaining in training: [36m4[0mh [36m42[0mm [36m43[0ms
LR dropped to [36m0.00084531616[0m
superbatch [36m48[0m [[35m0.0[0m% ([36m0[0m/[36m763[0m batches, [36m1895940[0m pos/sec)]
Estimated time to end of superbatch: [36minf[0ms     [Fsuperbatch [36m48[0m [[35m16.8[0m% ([36m128[0m/[36m763[0m batches, [36m1514696[0m pos/sec)]
Estimated time to end of superbatch: [36m55.4[0ms     [Fsuperbatch [36m48[0m [[35m33.6[0m% ([36m256[0m/[36m763[0m batches, [36m1507722[0m pos/sec)]
Estimated time to end of superbatch: [36m44.2[0ms     [Fsuperbatch [36m48[0m [[35m50.3[0m% ([36m384[0m/[36m763[0m batches, [36m1566329[0m pos/sec)]
Estimated time to end of superbatch: [36m31.8[0ms     [Fsuperbatch [36m48[0m [[35m67.1[0m% ([36m512[0m/[36m763[0m batches, [36m1593506[0m pos/sec)]
Estimated time to end of superbatch: [36m20.7[0ms     [Fsuperbatch [36m48[0m [[35m83.9[0m% ([36m640[0m/[36m763[0m batches, [36m1573412[0m pos/sec)]
Estimated time to end of superbatch: [36m10.3[0ms     [Fsuperbatch [36m48[0m | time [36m64.2[0ms | running loss [36m0.010598[0m | [36m1557164[0m pos/sec | total time [36m3095.8[0ms
Estimated time remaining in training: [36m4[0mh [36m41[0mm [36m37[0ms
LR dropped to [36m0.0008420936[0m
superbatch [36m49[0m [[35m0.0[0m% ([36m0[0m/[36m763[0m batches, [36m1376347[0m pos/sec)]
Estimated time to end of superbatch: [36minf[0ms     [Fsuperbatch [36m49[0m [[35m16.8[0m% ([36m128[0m/[36m763[0m batches, [36m1715383[0m pos/sec)]
Estimated time to end of superbatch: [36m48.9[0ms     [Fsuperbatch [36m49[0m [[35m33.6[0m% ([36m256[0m/[36m763[0m batches, [36m1713453[0m pos/sec)]
Estimated time to end of superbatch: [36m38.9[0ms     [Fsuperbatch [36m49[0m [[35m50.3[0m% ([36m384[0m/[36m763[0m batches, [36m1635044[0m pos/sec)]
Estimated time to end of superbatch: [36m30.5[0ms     [Fsuperbatch [36m49[0m [[35m67.1[0m% ([36m512[0m/[36m763[0m batches, [36m1600492[0m pos/sec)]
Estimated time to end of superbatch: [36m20.6[0ms     [Fsuperbatch [36m49[0m [[35m83.9[0m% ([36m640[0m/[36m763[0m batches, [36m1631839[0m pos/sec)]
Estimated time to end of superbatch: [36m9.9[0ms     [Fsuperbatch [36m49[0m | time [36m60.8[0ms | running loss [36m0.010398[0m | [36m1643640[0m pos/sec | total time [36m3156.7[0ms
Estimated time remaining in training: [36m4[0mh [36m40[0mm [36m14[0ms
LR dropped to [36m0.000838871[0m
superbatch [36m50[0m [[35m0.0[0m% ([36m0[0m/[36m763[0m batches, [36m1629478[0m pos/sec)]
Estimated time to end of superbatch: [36minf[0ms     [Fsuperbatch [36m50[0m [[35m16.8[0m% ([36m128[0m/[36m763[0m batches, [36m1420408[0m pos/sec)]
Estimated time to end of superbatch: [36m59.1[0ms     [Fsuperbatch [36m50[0m [[35m33.6[0m% ([36m256[0m/[36m763[0m batches, [36m1441368[0m pos/sec)]
Estimated time to end of superbatch: [36m46.3[0ms     [Fsuperbatch [36m50[0m [[35m50.3[0m% ([36m384[0m/[36m763[0m batches, [36m1518625[0m pos/sec)]
Estimated time to end of superbatch: [36m32.8[0ms     [Fsuperbatch [36m50[0m [[35m67.1[0m% ([36m512[0m/[36m763[0m batches, [36m1578812[0m pos/sec)]
Estimated time to end of superbatch: [36m20.9[0ms     [Fsuperbatch [36m50[0m [[35m83.9[0m% ([36m640[0m/[36m763[0m batches, [36m1555282[0m pos/sec)]
Estimated time to end of superbatch: [36m10.4[0ms     [Fsuperbatch [36m50[0m | time [36m64.7[0ms | running loss [36m0.010655[0m | [36m1546262[0m pos/sec | total time [36m3221.3[0ms
Estimated time remaining in training: [36m4[0mh [36m39[0mm [36m10[0ms
LR dropped to [36m0.0008356484[0m
superbatch [36m51[0m [[35m0.0[0m% ([36m0[0m/[36m763[0m batches, [36m1197988[0m pos/sec)]
Estimated time to end of superbatch: [36minf[0ms     [Fsuperbatch [36m51[0m [[35m16.8[0m% ([36m128[0m/[36m763[0m batches, [36m1576028[0m pos/sec)]
Estimated time to end of superbatch: [36m53.2[0ms     [Fsuperbatch [36m51[0m [[35m33.6[0m% ([36m256[0m/[36m763[0m batches, [36m1649119[0m pos/sec)]
Estimated time to end of superbatch: [36m40.5[0ms     [Fsuperbatch [36m51[0m [[35m50.3[0m% ([36m384[0m/[36m763[0m batches, [36m1553197[0m pos/sec)]
Estimated time to end of superbatch: [36m32.1[0ms     [Fsuperbatch [36m51[0m [[35m67.1[0m% ([36m512[0m/[36m763[0m batches, [36m1528016[0m pos/sec)]
Estimated time to end of superbatch: [36m21.6[0ms     [Fsuperbatch [36m51[0m [[35m83.9[0m% ([36m640[0m/[36m763[0m batches, [36m1538588[0m pos/sec)]
Estimated time to end of superbatch: [36m10.5[0ms     [Fsuperbatch [36m51[0m | time [36m64.1[0ms | running loss [36m0.010404[0m | [36m1559975[0m pos/sec | total time [36m3285.4[0ms
Estimated time remaining in training: [36m4[0mh [36m38[0mm [36m4[0ms
LR dropped to [36m0.00083242584[0m
superbatch [36m52[0m [[35m0.0[0m% ([36m0[0m/[36m763[0m batches, [36m1289097[0m pos/sec)]
Estimated time to end of superbatch: [36minf[0ms     [Fsuperbatch [36m52[0m [[35m16.8[0m% ([36m128[0m/[36m763[0m batches, [36m1442381[0m pos/sec)]
Estimated time to end of superbatch: [36m58.2[0ms     [Fsuperbatch [36m52[0m [[35m33.6[0m% ([36m256[0m/[36m763[0m batches, [36m1443595[0m pos/sec)]
Estimated time to end of superbatch: [36m46.2[0ms     [Fsuperbatch [36m52[0m [[35m50.3[0m% ([36m384[0m/[36m763[0m batches, [36m1497885[0m pos/sec)]
Estimated time to end of superbatch: [36m33.3[0ms     [Fsuperbatch [36m52[0m [[35m67.1[0m% ([36m512[0m/[36m763[0m batches, [36m1530344[0m pos/sec)]
Estimated time to end of superbatch: [36m21.5[0ms     [Fsuperbatch [36m52[0m [[35m83.9[0m% ([36m640[0m/[36m763[0m batches, [36m1501348[0m pos/sec)]
Estimated time to end of superbatch: [36m10.8[0ms     [Fsuperbatch [36m52[0m | time [36m67.7[0ms | running loss [36m0.010680[0m | [36m1477610[0m pos/sec | total time [36m3353.1[0ms
Estimated time remaining in training: [36m4[0mh [36m37[0mm [36m16[0ms
LR dropped to [36m0.0008292033[0m
superbatch [36m53[0m [[35m0.0[0m% ([36m0[0m/[36m763[0m batches, [36m1841382[0m pos/sec)]
Estimated time to end of superbatch: [36minf[0ms     [Fsuperbatch [36m53[0m [[35m16.8[0m% ([36m128[0m/[36m763[0m batches, [36m1537822[0m pos/sec)]
Estimated time to end of superbatch: [36m54.5[0ms     [Fsuperbatch [36m53[0m [[35m33.6[0m% ([36m256[0m/[36m763[0m batches, [36m1590063[0m pos/sec)]
Estimated time to end of superbatch: [36m42.0[0ms     [Fsuperbatch [36m53[0m [[35m50.3[0m% ([36m384[0m/[36m763[0m batches, [36m1460385[0m pos/sec)]
Estimated time to end of superbatch: [36m34.1[0ms     [Fsuperbatch [36m53[0m [[35m67.1[0m% ([36m512[0m/[36m763[0m batches, [36m1414146[0m pos/sec)]
Estimated time to end of superbatch: [36m23.3[0ms     [Fsuperbatch [36m53[0m [[35m83.9[0m% ([36m640[0m/[36m763[0m batches, [36m1434109[0m pos/sec)]
Estimated time to end of superbatch: [36m11.3[0ms     [Fsuperbatch [36m53[0m | time [36m68.2[0ms | running loss [36m0.010473[0m | [36m1466739[0m pos/sec | total time [36m3421.3[0ms
Estimated time remaining in training: [36m4[0mh [36m36[0mm [36m30[0ms
LR dropped to [36m0.0008259807[0m
superbatch [36m54[0m [[35m0.0[0m% ([36m0[0m/[36m763[0m batches, [36m2082327[0m pos/sec)]
Estimated time to end of superbatch: [36minf[0ms     [Fsuperbatch [36m54[0m [[35m16.8[0m% ([36m128[0m/[36m763[0m batches, [36m1300680[0m pos/sec)]
Estimated time to end of superbatch: [36m64.5[0ms     [Fsuperbatch [36m54[0m [[35m33.6[0m% ([36m256[0m/[36m763[0m batches, [36m1317394[0m pos/sec)]
Estimated time to end of superbatch: [36m50.6[0ms     [Fsuperbatch [36m54[0m [[35m50.3[0m% ([36m384[0m/[36m763[0m batches, [36m1372919[0m pos/sec)]
Estimated time to end of superbatch: [36m36.3[0ms     [Fsuperbatch [36m54[0m [[35m67.1[0m% ([36m512[0m/[36m763[0m batches, [36m1420894[0m pos/sec)]
Estimated time to end of superbatch: [36m23.2[0ms     [Fsuperbatch [36m54[0m [[35m83.9[0m% ([36m640[0m/[36m763[0m batches, [36m1407734[0m pos/sec)]
Estimated time to end of superbatch: [36m11.5[0ms     [Fsuperbatch [36m54[0m | time [36m71.4[0ms | running loss [36m0.010773[0m | [36m1400545[0m pos/sec | total time [36m3492.7[0ms
Estimated time remaining in training: [36m4[0mh [36m35[0mm [36m58[0ms
LR dropped to [36m0.0008227581[0m
superbatch [36m55[0m [[35m0.0[0m% ([36m0[0m/[36m763[0m batches, [36m1612651[0m pos/sec)]
Estimated time to end of superbatch: [36minf[0ms     [Fsuperbatch [36m55[0m [[35m16.8[0m% ([36m128[0m/[36m763[0m batches, [36m1503386[0m pos/sec)]
Estimated time to end of superbatch: [36m55.8[0ms     [Fsuperbatch [36m55[0m [[35m33.6[0m% ([36m256[0m/[36m763[0m batches, [36m1608541[0m pos/sec)]
Estimated time to end of superbatch: [36m41.5[0ms     [Fsuperbatch [36m55[0m [[35m50.3[0m% ([36m384[0m/[36m763[0m batches, [36m1491440[0m pos/sec)]
Estimated time to end of superbatch: [36m33.4[0ms     [Fsuperbatch [36m55[0m [[35m67.1[0m% ([36m512[0m/[36m763[0m batches, [36m1452535[0m pos/sec)]
Estimated time to end of superbatch: [36m22.7[0ms     [Fsuperbatch [36m55[0m [[35m83.9[0m% ([36m640[0m/[36m763[0m batches, [36m1455646[0m pos/sec)]
Estimated time to end of superbatch: [36m11.1[0ms     [Fsuperbatch [36m55[0m | time [36m67.9[0ms | running loss [36m0.010551[0m | [36m1472220[0m pos/sec | total time [36m3560.6[0ms
Estimated time remaining in training: [36m4[0mh [36m35[0mm [36m8[0ms
LR dropped to [36m0.0008195355[0m
superbatch [36m56[0m [[35m0.0[0m% ([36m0[0m/[36m763[0m batches, [36m1940820[0m pos/sec)]
Estimated time to end of superbatch: [36minf[0ms     [Fsuperbatch [36m56[0m [[35m16.8[0m% ([36m128[0m/[36m763[0m batches, [36m1355987[0m pos/sec)]
Estimated time to end of superbatch: [36m61.9[0ms     [Fsuperbatch [36m56[0m [[35m33.6[0m% ([36m256[0m/[36m763[0m batches, [36m1357292[0m pos/sec)]
Estimated time to end of superbatch: [36m49.2[0ms     [Fsuperbatch [36m56[0m [[35m50.3[0m% ([36m384[0m/[36m763[0m batches, [36m1379167[0m pos/sec)]
Estimated time to end of superbatch: [36m36.1[0ms     [Fsuperbatch [36m56[0m [[35m67.1[0m% ([36m512[0m/[36m763[0m batches, [36m1439425[0m pos/sec)]
Estimated time to end of superbatch: [36m22.9[0ms     [Fsuperbatch [36m56[0m [[35m83.9[0m% ([36m640[0m/[36m763[0m batches, [36m1423586[0m pos/sec)]
Estimated time to end of superbatch: [36m11.3[0ms     [Fsuperbatch [36m56[0m | time [36m71.4[0ms | running loss [36m0.010815[0m | [36m1401157[0m pos/sec | total time [36m3632.0[0ms
Estimated time remaining in training: [36m4[0mh [36m34[0mm [36m33[0ms
LR dropped to [36m0.00081631297[0m
superbatch [36m57[0m [[35m0.0[0m% ([36m0[0m/[36m763[0m batches, [36m1898972[0m pos/sec)]
Estimated time to end of superbatch: [36minf[0ms     [Fsuperbatch [36m57[0m [[35m16.8[0m% ([36m128[0m/[36m763[0m batches, [36m1384096[0m pos/sec)]
Estimated time to end of superbatch: [36m60.6[0ms     [Fsuperbatch [36m57[0m [[35m33.6[0m% ([36m256[0m/[36m763[0m batches, [36m1497955[0m pos/sec)]
Estimated time to end of superbatch: [36m44.5[0ms     [Fsuperbatch [36m57[0m [[35m50.3[0m% ([36m384[0m/[36m763[0m batches, [36m1439467[0m pos/sec)]
Estimated time to end of superbatch: [36m34.6[0ms     [Fsuperbatch [36m57[0m [[35m67.1[0m% ([36m512[0m/[36m763[0m batches, [36m1394223[0m pos/sec)]
Estimated time to end of superbatch: [36m23.6[0ms     [Fsuperbatch [36m57[0m [[35m83.9[0m% ([36m640[0m/[36m763[0m batches, [36m1396708[0m pos/sec)]
Estimated time to end of superbatch: [36m11.6[0ms     [Fsuperbatch [36m57[0m | time [36m70.0[0ms | running loss [36m0.010578[0m | [36m1428789[0m pos/sec | total time [36m3702.0[0ms
Estimated time remaining in training: [36m4[0mh [36m33[0mm [36m51[0ms
LR dropped to [36m0.00081309036[0m
superbatch [36m58[0m [[35m0.0[0m% ([36m0[0m/[36m763[0m batches, [36m1861239[0m pos/sec)]
Estimated time to end of superbatch: [36minf[0ms     [Fsuperbatch [36m58[0m [[35m16.8[0m% ([36m128[0m/[36m763[0m batches, [36m1311424[0m pos/sec)]
Estimated time to end of superbatch: [36m64.0[0ms     [Fsuperbatch [36m58[0m [[35m33.6[0m% ([36m256[0m/[36m763[0m batches, [36m1338486[0m pos/sec)]
Estimated time to end of superbatch: [36m49.8[0ms     [Fsuperbatch [36m58[0m [[35m50.3[0m% ([36m384[0m/[36m763[0m batches, [36m1343526[0m pos/sec)]
Estimated time to end of superbatch: [36m37.1[0ms     [Fsuperbatch [36m58[0m [[35m67.1[0m% ([36m512[0m/[36m763[0m batches, [36m1410203[0m pos/sec)]
Estimated time to end of superbatch: [36m23.4[0ms     [Fsuperbatch [36m58[0m [[35m83.9[0m% ([36m640[0m/[36m763[0m batches, [36m1389427[0m pos/sec)]
Estimated time to end of superbatch: [36m11.6[0ms     [Fsuperbatch [36m58[0m | time [36m72.5[0ms | running loss [36m0.010810[0m | [36m1378607[0m pos/sec | total time [36m3774.6[0ms
Estimated time remaining in training: [36m4[0mh [36m33[0mm [36m19[0ms
LR dropped to [36m0.00080986775[0m
superbatch [36m59[0m [[35m0.0[0m% ([36m0[0m/[36m763[0m batches, [36m955053[0m pos/sec)]
Estimated time to end of superbatch: [36minf[0ms     [Fsuperbatch [36m59[0m [[35m16.8[0m% ([36m128[0m/[36m763[0m batches, [36m1433905[0m pos/sec)]
Estimated time to end of superbatch: [36m58.5[0ms     [Fsuperbatch [36m59[0m [[35m33.6[0m% ([36m256[0m/[36m763[0m batches, [36m1570149[0m pos/sec)]
Estimated time to end of superbatch: [36m42.5[0ms     [Fsuperbatch [36m59[0m [[35m50.3[0m% ([36m384[0m/[36m763[0m batches, [36m1492238[0m pos/sec)]
Estimated time to end of superbatch: [36m33.4[0ms     [Fsuperbatch [36m59[0m [[35m67.1[0m% ([36m512[0m/[36m763[0m batches, [36m1454418[0m pos/sec)]
Estimated time to end of superbatch: [36m22.7[0ms     [Fsuperbatch [36m59[0m [[35m83.9[0m% ([36m640[0m/[36m763[0m batches, [36m1448441[0m pos/sec)]
Estimated time to end of superbatch: [36m11.1[0ms     [Fsuperbatch [36m59[0m | time [36m67.9[0ms | running loss [36m0.010610[0m | [36m1473434[0m pos/sec | total time [36m3842.4[0ms
Estimated time remaining in training: [36m4[0mh [36m32[0mm [36m26[0ms
LR dropped to [36m0.0008066452[0m
superbatch [36m60[0m [[35m0.0[0m% ([36m0[0m/[36m763[0m batches, [36m1134346[0m pos/sec)]
Estimated time to end of superbatch: [36minf[0ms     [Fsuperbatch [36m60[0m [[35m16.8[0m% ([36m128[0m/[36m763[0m batches, [36m1369723[0m pos/sec)]
Estimated time to end of superbatch: [36m61.2[0ms     [Fsuperbatch [36m60[0m [[35m33.6[0m% ([36m256[0m/[36m763[0m batches, [36m1356108[0m pos/sec)]
Estimated time to end of superbatch: [36m49.2[0ms     [Fsuperbatch [36m60[0m [[35m50.3[0m% ([36m384[0m/[36m763[0m batches, [36m1392354[0m pos/sec)]
Estimated time to end of superbatch: [36m35.8[0ms     [Fsuperbatch [36m60[0m [[35m67.1[0m% ([36m512[0m/[36m763[0m batches, [36m1438867[0m pos/sec)]
Estimated time to end of superbatch: [36m22.9[0ms     [Fsuperbatch [36m60[0m [[35m83.9[0m% ([36m640[0m/[36m763[0m batches, [36m1411974[0m pos/sec)]
Estimated time to end of superbatch: [36m11.4[0ms     [Fsuperbatch [36m60[0m | time [36m71.9[0ms | running loss [36m0.010831[0m | [36m1391796[0m pos/sec | total time [36m3914.3[0ms
Estimated time remaining in training: [36m4[0mh [36m31[0mm [36m49[0ms
Saved [anna-v3-s1-60]
LR dropped to [36m0.00080342265[0m
superbatch [36m61[0m [[35m0.0[0m% ([36m0[0m/[36m763[0m batches, [36m1402948[0m pos/sec)]
Estimated time to end of superbatch: [36minf[0ms     [Fsuperbatch [36m61[0m [[35m16.8[0m% ([36m128[0m/[36m763[0m batches, [36m1656956[0m pos/sec)]
Estimated time to end of superbatch: [36m50.6[0ms     [Fsuperbatch [36m61[0m [[35m33.6[0m% ([36m256[0m/[36m763[0m batches, [36m1684921[0m pos/sec)]
Estimated time to end of superbatch: [36m39.6[0ms     [Fsuperbatch [36m61[0m [[35m50.3[0m% ([36m384[0m/[36m763[0m batches, [36m1610500[0m pos/sec)]
Estimated time to end of superbatch: [36m30.9[0ms     [Fsuperbatch [36m61[0m [[35m67.1[0m% ([36m512[0m/[36m763[0m batches, [36m1525779[0m pos/sec)]
Estimated time to end of superbatch: [36m21.6[0ms     [Fsuperbatch [36m61[0m [[35m83.9[0m% ([36m640[0m/[36m763[0m batches, [36m1491134[0m pos/sec)]
Estimated time to end of superbatch: [36m10.8[0ms     [Fsuperbatch [36m61[0m | time [36m66.0[0ms | running loss [36m0.010640[0m | [36m1515667[0m pos/sec | total time [36m3995.6[0ms
Estimated time remaining in training: [36m4[0mh [36m31[0mm [36m49[0ms
LR dropped to [36m0.00080020004[0m
superbatch [36m62[0m [[35m0.0[0m% ([36m0[0m/[36m763[0m batches, [36m621460[0m pos/sec)]
Estimated time to end of superbatch: [36minf[0ms     [Fsuperbatch [36m62[0m [[35m16.8[0m% ([36m128[0m/[36m763[0m batches, [36m1402742[0m pos/sec)]
Estimated time to end of superbatch: [36m59.8[0ms     [Fsuperbatch [36m62[0m [[35m33.6[0m% ([36m256[0m/[36m763[0m batches, [36m1344268[0m pos/sec)]
Estimated time to end of superbatch: [36m49.6[0ms     [Fsuperbatch [36m62[0m [[35m50.3[0m% ([36m384[0m/[36m763[0m batches, [36m1354202[0m pos/sec)]
Estimated time to end of superbatch: [36m36.8[0ms     [Fsuperbatch [36m62[0m [[35m67.1[0m% ([36m512[0m/[36m763[0m batches, [36m1420793[0m pos/sec)]
Estimated time to end of superbatch: [36m23.2[0ms     [Fsuperbatch [36m62[0m [[35m83.9[0m% ([36m640[0m/[36m763[0m batches, [36m1413583[0m pos/sec)]
Estimated time to end of superbatch: [36m11.4[0ms     [Fsuperbatch [36m62[0m | time [36m72.3[0ms | running loss [36m0.010842[0m | [36m1384166[0m pos/sec | total time [36m4067.9[0ms
Estimated time remaining in training: [36m4[0mh [36m31[0mm [36m11[0ms
LR dropped to [36m0.00079697743[0m
superbatch [36m63[0m [[35m0.0[0m% ([36m0[0m/[36m763[0m batches, [36m953874[0m pos/sec)]
Estimated time to end of superbatch: [36minf[0ms     [Fsuperbatch [36m63[0m [[35m16.8[0m% ([36m128[0m/[36m763[0m batches, [36m1375239[0m pos/sec)]
Estimated time to end of superbatch: [36m61.0[0ms     [Fsuperbatch [36m63[0m [[35m33.6[0m% ([36m256[0m/[36m763[0m batches, [36m1472230[0m pos/sec)]
Estimated time to end of superbatch: [36m45.3[0ms     [Fsuperbatch [36m63[0m [[35m50.3[0m% ([36m384[0m/[36m763[0m batches, [36m1429395[0m pos/sec)]
Estimated time to end of superbatch: [36m34.8[0ms     [Fsuperbatch [36m63[0m [[35m67.1[0m% ([36m512[0m/[36m763[0m batches, [36m1387810[0m pos/sec)]
Estimated time to end of superbatch: [36m23.8[0ms     [Fsuperbatch [36m63[0m [[35m83.9[0m% ([36m640[0m/[36m763[0m batches, [36m1382149[0m pos/sec)]
Estimated time to end of superbatch: [36m11.7[0ms     [Fsuperbatch [36m63[0m | time [36m70.9[0ms | running loss [36m0.010673[0m | [36m1410598[0m pos/sec | total time [36m4138.8[0ms
Estimated time remaining in training: [36m4[0mh [36m30[0mm [36m26[0ms
LR dropped to [36m0.0007937549[0m
superbatch [36m64[0m [[35m0.0[0m% ([36m0[0m/[36m763[0m batches, [36m652982[0m pos/sec)]
Estimated time to end of superbatch: [36minf[0ms     [Fsuperbatch [36m64[0m [[35m16.8[0m% ([36m128[0m/[36m763[0m batches, [36m1429263[0m pos/sec)]
Estimated time to end of superbatch: [36m58.7[0ms     [Fsuperbatch [36m64[0m [[35m33.6[0m% ([36m256[0m/[36m763[0m batches, [36m1323203[0m pos/sec)]
Estimated time to end of superbatch: [36m50.4[0ms     [Fsuperbatch [36m64[0m [[35m50.3[0m% ([36m384[0m/[36m763[0m batches, [36m1334850[0m pos/sec)]
Estimated time to end of superbatch: [36m37.3[0ms     [Fsuperbatch [36m64[0m [[35m67.1[0m% ([36m512[0m/[36m763[0m batches, [36m1385772[0m pos/sec)]
Estimated time to end of superbatch: [36m23.8[0ms     [Fsuperbatch [36m64[0m [[35m83.9[0m% ([36m640[0m/[36m763[0m batches, [36m1379493[0m pos/sec)]
Estimated time to end of superbatch: [36m11.7[0ms     [Fsuperbatch [36m64[0m | time [36m73.1[0ms | running loss [36m0.010895[0m | [36m1368108[0m pos/sec | total time [36m4211.9[0ms
Estimated time remaining in training: [36m4[0mh [36m29[0mm [36m49[0ms
LR dropped to [36m0.00079053233[0m
superbatch [36m65[0m [[35m0.0[0m% ([36m0[0m/[36m763[0m batches, [36m1240673[0m pos/sec)]
Estimated time to end of superbatch: [36minf[0ms     [Fsuperbatch [36m65[0m [[35m16.8[0m% ([36m128[0m/[36m763[0m batches, [36m1317385[0m pos/sec)]
Estimated time to end of superbatch: [36m63.7[0ms     [Fsuperbatch [36m65[0m [[35m33.6[0m% ([36m256[0m/[36m763[0m batches, [36m1448619[0m pos/sec)]
Estimated time to end of superbatch: [36m46.1[0ms     [Fsuperbatch [36m65[0m [[35m50.3[0m% ([36m384[0m/[36m763[0m batches, [36m1368688[0m pos/sec)]
Estimated time to end of superbatch: [36m36.4[0ms     [Fsuperbatch [36m65[0m [[35m67.1[0m% ([36m512[0m/[36m763[0m batches, [36m1322056[0m pos/sec)]
Estimated time to end of superbatch: [36m24.9[0ms     [Fsuperbatch [36m65[0m [[35m83.9[0m% ([36m640[0m/[36m763[0m batches, [36m1367816[0m pos/sec)]
Estimated time to end of superbatch: [36m11.8[0ms     [Fsuperbatch [36m65[0m | time [36m71.3[0ms | running loss [36m0.010747[0m | [36m1402137[0m pos/sec | total time [36m4283.2[0ms
Estimated time remaining in training: [36m4[0mh [36m29[0mm [36m4[0ms
LR dropped to [36m0.0007873097[0m
superbatch [36m66[0m [[35m0.0[0m% ([36m0[0m/[36m763[0m batches, [36m2666853[0m pos/sec)]
Estimated time to end of superbatch: [36minf[0ms     [Fsuperbatch [36m66[0m [[35m16.8[0m% ([36m128[0m/[36m763[0m batches, [36m1320933[0m pos/sec)]
Estimated time to end of superbatch: [36m63.5[0ms     [Fsuperbatch [36m66[0m [[35m33.6[0m% ([36m256[0m/[36m763[0m batches, [36m1272393[0m pos/sec)]
Estimated time to end of superbatch: [36m52.4[0ms     [Fsuperbatch [36m66[0m [[35m50.3[0m% ([36m384[0m/[36m763[0m batches, [36m1354546[0m pos/sec)]
Estimated time to end of superbatch: [36m36.8[0ms     [Fsuperbatch [36m66[0m [[35m67.1[0m% ([36m512[0m/[36m763[0m batches, [36m1414219[0m pos/sec)]
Estimated time to end of superbatch: [36m23.3[0ms     [Fsuperbatch [36m66[0m [[35m83.9[0m% ([36m640[0m/[36m763[0m batches, [36m1397942[0m pos/sec)]
Estimated time to end of superbatch: [36m11.6[0ms     [Fsuperbatch [36m66[0m | time [36m72.7[0ms | running loss [36m0.010905[0m | [36m1375944[0m pos/sec | total time [36m4355.9[0ms
Estimated time remaining in training: [36m4[0mh [36m28[0mm [36m23[0ms
LR dropped to [36m0.0007840871[0m
superbatch [36m67[0m [[35m0.0[0m% ([36m0[0m/[36m763[0m batches, [36m785136[0m pos/sec)]
Estimated time to end of superbatch: [36minf[0ms     [Fsuperbatch [36m67[0m [[35m16.8[0m% ([36m128[0m/[36m763[0m batches, [36m1467826[0m pos/sec)]
Estimated time to end of superbatch: [36m57.1[0ms     [Fsuperbatch [36m67[0m [[35m33.6[0m% ([36m256[0m/[36m763[0m batches, [36m1600662[0m pos/sec)]
Estimated time to end of superbatch: [36m41.7[0ms     [Fsuperbatch [36m67[0m [[35m50.3[0m% ([36m384[0m/[36m763[0m batches, [36m1480137[0m pos/sec)]
Estimated time to end of superbatch: [36m33.6[0ms     [Fsuperbatch [36m67[0m [[35m67.1[0m% ([36m512[0m/[36m763[0m batches, [36m1407525[0m pos/sec)]
Estimated time to end of superbatch: [36m23.4[0ms     [Fsuperbatch [36m67[0m [[35m83.9[0m% ([36m640[0m/[36m763[0m batches, [36m1436721[0m pos/sec)]
Estimated time to end of superbatch: [36m11.2[0ms     [Fsuperbatch [36m67[0m | time [36m68.0[0ms | running loss [36m0.010767[0m | [36m1470416[0m pos/sec | total time [36m4423.9[0ms
Estimated time remaining in training: [36m4[0mh [36m27[0mm [36m24[0ms
LR dropped to [36m0.00078086456[0m
superbatch [36m68[0m [[35m0.0[0m% ([36m0[0m/[36m763[0m batches, [36m2051825[0m pos/sec)]
Estimated time to end of superbatch: [36minf[0ms     [Fsuperbatch [36m68[0m [[35m16.8[0m% ([36m128[0m/[36m763[0m batches, [36m1431279[0m pos/sec)]
Estimated time to end of superbatch: [36m58.6[0ms     [Fsuperbatch [36m68[0m [[35m33.6[0m% ([36m256[0m/[36m763[0m batches, [36m1325792[0m pos/sec)]
Estimated time to end of superbatch: [36m50.3[0ms     [Fsuperbatch [36m68[0m [[35m50.3[0m% ([36m384[0m/[36m763[0m batches, [36m1392757[0m pos/sec)]
Estimated time to end of superbatch: [36m35.8[0ms     [Fsuperbatch [36m68[0m [[35m67.1[0m% ([36m512[0m/[36m763[0m batches, [36m1441969[0m pos/sec)]
Estimated time to end of superbatch: [36m22.9[0ms     [Fsuperbatch [36m68[0m [[35m83.9[0m% ([36m640[0m/[36m763[0m batches, [36m1430984[0m pos/sec)]
Estimated time to end of superbatch: [36m11.3[0ms     [Fsuperbatch [36m68[0m | time [36m71.4[0ms | running loss [36m0.010927[0m | [36m1400656[0m pos/sec | total time [36m4495.3[0ms
Estimated time remaining in training: [36m4[0mh [36m26[0mm [36m37[0ms
LR dropped to [36m0.000777642[0m
superbatch [36m69[0m [[35m0.0[0m% ([36m0[0m/[36m763[0m batches, [36m953248[0m pos/sec)]
Estimated time to end of superbatch: [36minf[0ms     [Fsuperbatch [36m69[0m [[35m16.8[0m% ([36m128[0m/[36m763[0m batches, [36m1538438[0m pos/sec)]
Estimated time to end of superbatch: [36m54.5[0ms     [Fsuperbatch [36m69[0m [[35m33.6[0m% ([36m256[0m/[36m763[0m batches, [36m1618193[0m pos/sec)]
Estimated time to end of superbatch: [36m41.2[0ms     [Fsuperbatch [36m69[0m [[35m50.3[0m% ([36m384[0m/[36m763[0m batches, [36m1562383[0m pos/sec)]
Estimated time to end of superbatch: [36m31.9[0ms     [Fsuperbatch [36m69[0m [[35m67.1[0m% ([36m512[0m/[36m763[0m batches, [36m1446974[0m pos/sec)]
Estimated time to end of superbatch: [36m22.8[0ms     [Fsuperbatch [36m69[0m [[35m83.9[0m% ([36m640[0m/[36m763[0m batches, [36m1457985[0m pos/sec)]
Estimated time to end of superbatch: [36m11.1[0ms     [Fsuperbatch [36m69[0m | time [36m67.4[0ms | running loss [36m0.010836[0m | [36m1482827[0m pos/sec | total time [36m4562.7[0ms
Estimated time remaining in training: [36m4[0mh [36m25[0mm [36m36[0ms
LR dropped to [36m0.0007744194[0m
superbatch [36m70[0m [[35m0.0[0m% ([36m0[0m/[36m763[0m batches, [36m1888891[0m pos/sec)]
Estimated time to end of superbatch: [36minf[0ms     [Fsuperbatch [36m70[0m [[35m16.8[0m% ([36m128[0m/[36m763[0m batches, [36m1481510[0m pos/sec)]
Estimated time to end of superbatch: [36m56.6[0ms     [Fsuperbatch [36m70[0m [[35m33.6[0m% ([36m256[0m/[36m763[0m batches, [36m1379948[0m pos/sec)]
Estimated time to end of superbatch: [36m48.3[0ms     [Fsuperbatch [36m70[0m [[35m50.3[0m% ([36m384[0m/[36m763[0m batches, [36m1430174[0m pos/sec)]
Estimated time to end of superbatch: [36m34.8[0ms     [Fsuperbatch [36m70[0m [[35m67.1[0m% ([36m512[0m/[36m763[0m batches, [36m1480868[0m pos/sec)]
Estimated time to end of superbatch: [36m22.3[0ms     [Fsuperbatch [36m70[0m [[35m83.9[0m% ([36m640[0m/[36m763[0m batches, [36m1494230[0m pos/sec)]
Estimated time to end of superbatch: [36m10.8[0ms     [Fsuperbatch [36m70[0m | time [36m68.9[0ms | running loss [36m0.010965[0m | [36m1451255[0m pos/sec | total time [36m4631.6[0ms
Estimated time remaining in training: [36m4[0mh [36m24[0mm [36m39[0ms
LR dropped to [36m0.0007711968[0m
superbatch [36m71[0m [[35m0.0[0m% ([36m0[0m/[36m763[0m batches, [36m1596468[0m pos/sec)]
Estimated time to end of superbatch: [36minf[0ms     [Fsuperbatch [36m71[0m [[35m16.8[0m% ([36m128[0m/[36m763[0m batches, [36m1561660[0m pos/sec)]
Estimated time to end of superbatch: [36m53.7[0ms     [Fsuperbatch [36m71[0m [[35m33.6[0m% ([36m256[0m/[36m763[0m batches, [36m1645237[0m pos/sec)]
Estimated time to end of superbatch: [36m40.5[0ms     [Fsuperbatch [36m71[0m [[35m50.3[0m% ([36m384[0m/[36m763[0m batches, [36m1572408[0m pos/sec)]
Estimated time to end of superbatch: [36m31.7[0ms     [Fsuperbatch [36m71[0m [[35m67.1[0m% ([36m512[0m/[36m763[0m batches, [36m1491072[0m pos/sec)]
Estimated time to end of superbatch: [36m22.1[0ms     [Fsuperbatch [36m71[0m [[35m83.9[0m% ([36m640[0m/[36m763[0m batches, [36m1502142[0m pos/sec)]
Estimated time to end of superbatch: [36m10.7[0ms     [Fsuperbatch [36m71[0m | time [36m65.2[0ms | running loss [36m0.010858[0m | [36m1532724[0m pos/sec | total time [36m4696.9[0ms
Estimated time remaining in training: [36m4[0mh [36m23[0mm [36m30[0ms
LR dropped to [36m0.00076797424[0m
superbatch [36m72[0m [[35m0.0[0m% ([36m0[0m/[36m763[0m batches, [36m1719042[0m pos/sec)]
Estimated time to end of superbatch: [36minf[0ms     [Fsuperbatch [36m72[0m [[35m16.8[0m% ([36m128[0m/[36m763[0m batches, [36m1555214[0m pos/sec)]
Estimated time to end of superbatch: [36m53.9[0ms     [Fsuperbatch [36m72[0m [[35m33.6[0m% ([36m256[0m/[36m763[0m batches, [36m1392933[0m pos/sec)]
Estimated time to end of superbatch: [36m47.9[0ms     [Fsuperbatch [36m72[0m [[35m50.3[0m% ([36m384[0m/[36m763[0m batches, [36m1412958[0m pos/sec)]
Estimated time to end of superbatch: [36m35.2[0ms     [Fsuperbatch [36m72[0m [[35m67.1[0m% ([36m512[0m/[36m763[0m batches, [36m1477955[0m pos/sec)]
Estimated time to end of superbatch: [36m22.3[0ms     [Fsuperbatch [36m72[0m [[35m83.9[0m% ([36m640[0m/[36m763[0m batches, [36m1490309[0m pos/sec)]
Estimated time to end of superbatch: [36m10.8[0ms     [Fsuperbatch [36m72[0m | time [36m68.8[0ms | running loss [36m0.010977[0m | [36m1454267[0m pos/sec | total time [36m4765.6[0ms
Estimated time remaining in training: [36m4[0mh [36m22[0mm [36m33[0ms
LR dropped to [36m0.00076475163[0m
superbatch [36m73[0m [[35m0.0[0m% ([36m0[0m/[36m763[0m batches, [36m1636216[0m pos/sec)]
Estimated time to end of superbatch: [36minf[0ms     [Fsuperbatch [36m73[0m [[35m16.8[0m% ([36m128[0m/[36m763[0m batches, [36m1442504[0m pos/sec)]
Estimated time to end of superbatch: [36m58.1[0ms     [Fsuperbatch [36m73[0m [[35m33.6[0m% ([36m256[0m/[36m763[0m batches, [36m1538973[0m pos/sec)]
Estimated time to end of superbatch: [36m43.3[0ms     [Fsuperbatch [36m73[0m [[35m50.3[0m% ([36m384[0m/[36m763[0m batches, [36m1513312[0m pos/sec)]
Estimated time to end of superbatch: [36m32.9[0ms     [Fsuperbatch [36m73[0m [[35m67.1[0m% ([36m512[0m/[36m763[0m batches, [36m1436912[0m pos/sec)]
Estimated time to end of superbatch: [36m22.9[0ms     [Fsuperbatch [36m73[0m [[35m83.9[0m% ([36m640[0m/[36m763[0m batches, [36m1440901[0m pos/sec)]
Estimated time to end of superbatch: [36m11.2[0ms     [Fsuperbatch [36m73[0m | time [36m67.5[0ms | running loss [36m0.010918[0m | [36m1480532[0m pos/sec | total time [36m4833.2[0ms
Estimated time remaining in training: [36m4[0mh [36m21[0mm [36m31[0ms
LR dropped to [36m0.0007615291[0m
superbatch [36m74[0m [[35m0.0[0m% ([36m0[0m/[36m763[0m batches, [36m1742403[0m pos/sec)]
Estimated time to end of superbatch: [36minf[0ms     [Fsuperbatch [36m74[0m [[35m16.8[0m% ([36m128[0m/[36m763[0m batches, [36m1591291[0m pos/sec)]
Estimated time to end of superbatch: [36m52.7[0ms     [Fsuperbatch [36m74[0m [[35m33.6[0m% ([36m256[0m/[36m763[0m batches, [36m1410880[0m pos/sec)]
Estimated time to end of superbatch: [36m47.3[0ms     [Fsuperbatch [36m74[0m [[35m50.3[0m% ([36m384[0m/[36m763[0m batches, [36m1429741[0m pos/sec)]
Estimated time to end of superbatch: [36m34.8[0ms     [Fsuperbatch [36m74[0m [[35m67.1[0m% ([36m512[0m/[36m763[0m batches, [36m1483164[0m pos/sec)]
Estimated time to end of superbatch: [36m22.2[0ms     [Fsuperbatch [36m74[0m [[35m83.9[0m% ([36m640[0m/[36m763[0m batches, [36m1484254[0m pos/sec)]
Estimated time to end of superbatch: [36m10.9[0ms     [Fsuperbatch [36m74[0m | time [36m69.3[0ms | running loss [36m0.011015[0m | [36m1443232[0m pos/sec | total time [36m4902.5[0ms
Estimated time remaining in training: [36m4[0mh [36m20[0mm [36m34[0ms
LR dropped to [36m0.0007583065[0m
superbatch [36m75[0m [[35m0.0[0m% ([36m0[0m/[36m763[0m batches, [36m1770014[0m pos/sec)]
Estimated time to end of superbatch: [36minf[0ms     [Fsuperbatch [36m75[0m [[35m16.8[0m% ([36m128[0m/[36m763[0m batches, [36m1393818[0m pos/sec)]
Estimated time to end of superbatch: [36m60.2[0ms     [Fsuperbatch [36m75[0m [[35m33.6[0m% ([36m256[0m/[36m763[0m batches, [36m1484754[0m pos/sec)]
Estimated time to end of superbatch: [36m44.9[0ms     [Fsuperbatch [36m75[0m [[35m50.3[0m% ([36m384[0m/[36m763[0m batches, [36m1491975[0m pos/sec)]
Estimated time to end of superbatch: [36m33.4[0ms     [Fsuperbatch [36m75[0m [[35m67.1[0m% ([36m512[0m/[36m763[0m batches, [36m1433054[0m pos/sec)]
Estimated time to end of superbatch: [36m23.0[0ms     [Fsuperbatch [36m75[0m [[35m83.9[0m% ([36m640[0m/[36m763[0m batches, [36m1440146[0m pos/sec)]
Estimated time to end of superbatch: [36m11.2[0ms     [Fsuperbatch [36m75[0m | time [36m68.1[0ms | running loss [36m0.010971[0m | [36m1468895[0m pos/sec | total time [36m4970.6[0ms
Estimated time remaining in training: [36m4[0mh [36m19[0mm [36m34[0ms
LR dropped to [36m0.00075508386[0m
superbatch [36m76[0m [[35m0.0[0m% ([36m0[0m/[36m763[0m batches, [36m1813589[0m pos/sec)]
Estimated time to end of superbatch: [36minf[0ms     [Fsuperbatch [36m76[0m [[35m16.8[0m% ([36m128[0m/[36m763[0m batches, [36m1587555[0m pos/sec)]
Estimated time to end of superbatch: [36m52.8[0ms     [Fsuperbatch [36m76[0m [[35m33.6[0m% ([36m256[0m/[36m763[0m batches, [36m1404427[0m pos/sec)]
Estimated time to end of superbatch: [36m47.5[0ms     [Fsuperbatch [36m76[0m [[35m50.3[0m% ([36m384[0m/[36m763[0m batches, [36m1418493[0m pos/sec)]
Estimated time to end of superbatch: [36m35.1[0ms     [Fsuperbatch [36m76[0m [[35m67.1[0m% ([36m512[0m/[36m763[0m batches, [36m1473346[0m pos/sec)]
Estimated time to end of superbatch: [36m22.4[0ms     [Fsuperbatch [36m76[0m [[35m83.9[0m% ([36m640[0m/[36m763[0m batches, [36m1495887[0m pos/sec)]
Estimated time to end of superbatch: [36m10.8[0ms     [Fsuperbatch [36m76[0m | time [36m69.2[0ms | running loss [36m0.011018[0m | [36m1445125[0m pos/sec | total time [36m5039.8[0ms
Estimated time remaining in training: [36m4[0mh [36m18[0mm [36m37[0ms
LR dropped to [36m0.0007518613[0m
superbatch [36m77[0m [[35m0.0[0m% ([36m0[0m/[36m763[0m batches, [36m1839366[0m pos/sec)]
Estimated time to end of superbatch: [36minf[0ms     [Fsuperbatch [36m77[0m [[35m16.8[0m% ([36m128[0m/[36m763[0m batches, [36m1443637[0m pos/sec)]
Estimated time to end of superbatch: [36m58.1[0ms     [Fsuperbatch [36m77[0m [[35m33.6[0m% ([36m256[0m/[36m763[0m batches, [36m1545746[0m pos/sec)]
Estimated time to end of superbatch: [36m43.2[0ms     [Fsuperbatch [36m77[0m [[35m50.3[0m% ([36m384[0m/[36m763[0m batches, [36m1562192[0m pos/sec)]
Estimated time to end of superbatch: [36m31.9[0ms     [Fsuperbatch [36m77[0m [[35m67.1[0m% ([36m512[0m/[36m763[0m batches, [36m1481018[0m pos/sec)]
Estimated time to end of superbatch: [36m22.3[0ms     [Fsuperbatch [36m77[0m [[35m83.9[0m% ([36m640[0m/[36m763[0m batches, [36m1474380[0m pos/sec)]
Estimated time to end of superbatch: [36m11.0[0ms     [Fsuperbatch [36m77[0m | time [36m66.7[0ms | running loss [36m0.010978[0m | [36m1499345[0m pos/sec | total time [36m5106.5[0ms
Estimated time remaining in training: [36m4[0mh [36m17[0mm [36m32[0ms
LR dropped to [36m0.00074863876[0m
superbatch [36m78[0m [[35m0.0[0m% ([36m0[0m/[36m763[0m batches, [36m1645492[0m pos/sec)]
Estimated time to end of superbatch: [36minf[0ms     [Fsuperbatch [36m78[0m [[35m16.8[0m% ([36m128[0m/[36m763[0m batches, [36m1581623[0m pos/sec)]
Estimated time to end of superbatch: [36m53.0[0ms     [Fsuperbatch [36m78[0m [[35m33.6[0m% ([36m256[0m/[36m763[0m batches, [36m1425214[0m pos/sec)]
Estimated time to end of superbatch: [36m46.8[0ms     [Fsuperbatch [36m78[0m [[35m50.3[0m% ([36m384[0m/[36m763[0m batches, [36m1411227[0m pos/sec)]
Estimated time to end of superbatch: [36m35.3[0ms     [Fsuperbatch [36m78[0m [[35m67.1[0m% ([36m512[0m/[36m763[0m batches, [36m1475622[0m pos/sec)]
Estimated time to end of superbatch: [36m22.3[0ms     [Fsuperbatch [36m78[0m [[35m83.9[0m% ([36m640[0m/[36m763[0m batches, [36m1507005[0m pos/sec)]
Estimated time to end of superbatch: [36m10.7[0ms     [Fsuperbatch [36m78[0m | time [36m68.7[0ms | running loss [36m0.011043[0m | [36m1455516[0m pos/sec | total time [36m5175.2[0ms
Estimated time remaining in training: [36m4[0mh [36m16[0mm [36m32[0ms
LR dropped to [36m0.00074541615[0m
superbatch [36m79[0m [[35m0.0[0m% ([36m0[0m/[36m763[0m batches, [36m1612297[0m pos/sec)]
Estimated time to end of superbatch: [36minf[0ms     [Fsuperbatch [36m79[0m [[35m16.8[0m% ([36m128[0m/[36m763[0m batches, [36m1422814[0m pos/sec)]
Estimated time to end of superbatch: [36m59.0[0ms     [Fsuperbatch [36m79[0m [[35m33.6[0m% ([36m256[0m/[36m763[0m batches, [36m1528818[0m pos/sec)]
Estimated time to end of superbatch: [36m43.6[0ms     [Fsuperbatch [36m79[0m [[35m50.3[0m% ([36m384[0m/[36m763[0m batches, [36m1586713[0m pos/sec)]
Estimated time to end of superbatch: [36m31.4[0ms     [Fsuperbatch [36m79[0m [[35m67.1[0m% ([36m512[0m/[36m763[0m batches, [36m1519355[0m pos/sec)]
Estimated time to end of superbatch: [36m21.7[0ms     [Fsuperbatch [36m79[0m [[35m83.9[0m% ([36m640[0m/[36m763[0m batches, [36m1507596[0m pos/sec)]
Estimated time to end of superbatch: [36m10.7[0ms     [Fsuperbatch [36m79[0m | time [36m66.0[0ms | running loss [36m0.011018[0m | [36m1515972[0m pos/sec | total time [36m5241.2[0ms
Estimated time remaining in training: [36m4[0mh [36m15[0mm [36m25[0ms
LR dropped to [36m0.0007421936[0m
superbatch [36m80[0m [[35m0.0[0m% ([36m0[0m/[36m763[0m batches, [36m2084462[0m pos/sec)]
Estimated time to end of superbatch: [36minf[0ms     [Fsuperbatch [36m80[0m [[35m16.8[0m% ([36m128[0m/[36m763[0m batches, [36m1672734[0m pos/sec)]
Estimated time to end of superbatch: [36m50.1[0ms     [Fsuperbatch [36m80[0m [[35m33.6[0m% ([36m256[0m/[36m763[0m batches, [36m1476076[0m pos/sec)]
Estimated time to end of superbatch: [36m45.2[0ms     [Fsuperbatch [36m80[0m [[35m50.3[0m% ([36m384[0m/[36m763[0m batches, [36m1474174[0m pos/sec)]
Estimated time to end of superbatch: [36m33.8[0ms     [Fsuperbatch [36m80[0m [[35m67.1[0m% ([36m512[0m/[36m763[0m batches, [36m1520696[0m pos/sec)]
Estimated time to end of superbatch: [36m21.7[0ms     [Fsuperbatch [36m80[0m [[35m83.9[0m% ([36m640[0m/[36m763[0m batches, [36m1562575[0m pos/sec)]
Estimated time to end of superbatch: [36m10.3[0ms     [Fsuperbatch [36m80[0m | time [36m67.3[0ms | running loss [36m0.011048[0m | [36m1486828[0m pos/sec | total time [36m5308.4[0ms
Estimated time remaining in training: [36m4[0mh [36m14[0mm [36m21[0ms
Saved [anna-v3-s1-80]
LR dropped to [36m0.00073897105[0m
superbatch [36m81[0m [[35m0.0[0m% ([36m0[0m/[36m763[0m batches, [36m2019011[0m pos/sec)]
Estimated time to end of superbatch: [36minf[0ms     [Fsuperbatch [36m81[0m [[35m16.8[0m% ([36m128[0m/[36m763[0m batches, [36m1729591[0m pos/sec)]
Estimated time to end of superbatch: [36m48.5[0ms     [Fsuperbatch [36m81[0m [[35m33.6[0m% ([36m256[0m/[36m763[0m batches, [36m1720058[0m pos/sec)]
Estimated time to end of superbatch: [36m38.8[0ms     [Fsuperbatch [36m81[0m [[35m50.3[0m% ([36m384[0m/[36m763[0m batches, [36m1685583[0m pos/sec)]
Estimated time to end of superbatch: [36m29.5[0ms     [Fsuperbatch [36m81[0m [[35m67.1[0m% ([36m512[0m/[36m763[0m batches, [36m1584774[0m pos/sec)]
Estimated time to end of superbatch: [36m20.8[0ms     [Fsuperbatch [36m81[0m [[35m83.9[0m% ([36m640[0m/[36m763[0m batches, [36m1545636[0m pos/sec)]
Estimated time to end of superbatch: [36m10.4[0ms     [Fsuperbatch [36m81[0m | time [36m64.2[0ms | running loss [36m0.011084[0m | [36m1557489[0m pos/sec | total time [36m5387.5[0ms
Estimated time remaining in training: [36m4[0mh [36m13[0mm [36m51[0ms
LR dropped to [36m0.00073574844[0m
superbatch [36m82[0m [[35m0.0[0m% ([36m0[0m/[36m763[0m batches, [36m1734662[0m pos/sec)]
Estimated time to end of superbatch: [36minf[0ms     [Fsuperbatch [36m82[0m [[35m16.8[0m% ([36m128[0m/[36m763[0m batches, [36m1577618[0m pos/sec)]
Estimated time to end of superbatch: [36m53.2[0ms     [Fsuperbatch [36m82[0m [[35m33.6[0m% ([36m256[0m/[36m763[0m batches, [36m1362065[0m pos/sec)]
Estimated time to end of superbatch: [36m49.0[0ms     [Fsuperbatch [36m82[0m [[35m50.3[0m% ([36m384[0m/[36m763[0m batches, [36m1362914[0m pos/sec)]
Estimated time to end of superbatch: [36m36.5[0ms     [Fsuperbatch [36m82[0m [[35m67.1[0m% ([36m512[0m/[36m763[0m batches, [36m1430352[0m pos/sec)]
Estimated time to end of superbatch: [36m23.0[0ms     [Fsuperbatch [36m82[0m [[35m83.9[0m% ([36m640[0m/[36m763[0m batches, [36m1453452[0m pos/sec)]
Estimated time to end of superbatch: [36m11.1[0ms     [Fsuperbatch [36m82[0m | time [36m70.8[0ms | running loss [36m0.011083[0m | [36m1411611[0m pos/sec | total time [36m5458.3[0ms
Estimated time remaining in training: [36m4[0mh [36m12[0mm [36m56[0ms
LR dropped to [36m0.00073252583[0m
superbatch [36m83[0m [[35m0.0[0m% ([36m0[0m/[36m763[0m batches, [36m1480907[0m pos/sec)]
Estimated time to end of superbatch: [36minf[0ms     [Fsuperbatch [36m83[0m [[35m16.8[0m% ([36m128[0m/[36m763[0m batches, [36m1354500[0m pos/sec)]
Estimated time to end of superbatch: [36m61.9[0ms     [Fsuperbatch [36m83[0m [[35m33.6[0m% ([36m256[0m/[36m763[0m batches, [36m1394422[0m pos/sec)]
Estimated time to end of superbatch: [36m47.8[0ms     [Fsuperbatch [36m83[0m [[35m50.3[0m% ([36m384[0m/[36m763[0m batches, [36m1440112[0m pos/sec)]
Estimated time to end of superbatch: [36m34.6[0ms     [Fsuperbatch [36m83[0m [[35m67.1[0m% ([36m512[0m/[36m763[0m batches, [36m1455118[0m pos/sec)]
Estimated time to end of superbatch: [36m22.7[0ms     [Fsuperbatch [36m83[0m [[35m83.9[0m% ([36m640[0m/[36m763[0m batches, [36m1433894[0m pos/sec)]
Estimated time to end of superbatch: [36m11.3[0ms     [Fsuperbatch [36m83[0m | time [36m68.2[0ms | running loss [36m0.011132[0m | [36m1465345[0m pos/sec | total time [36m5526.6[0ms
Estimated time remaining in training: [36m4[0mh [36m11[0mm [36m54[0ms
LR dropped to [36m0.0007293032[0m
superbatch [36m84[0m [[35m0.0[0m% ([36m0[0m/[36m763[0m batches, [36m1267816[0m pos/sec)]
Estimated time to end of superbatch: [36minf[0ms     [Fsuperbatch [36m84[0m [[35m16.8[0m% ([36m128[0m/[36m763[0m batches, [36m1543917[0m pos/sec)]
Estimated time to end of superbatch: [36m54.3[0ms     [Fsuperbatch [36m84[0m [[35m33.6[0m% ([36m256[0m/[36m763[0m batches, [36m1482539[0m pos/sec)]
Estimated time to end of superbatch: [36m45.0[0ms     [Fsuperbatch [36m84[0m [[35m50.3[0m% ([36m384[0m/[36m763[0m batches, [36m1440942[0m pos/sec)]
Estimated time to end of superbatch: [36m34.6[0ms     [Fsuperbatch [36m84[0m [[35m67.1[0m% ([36m512[0m/[36m763[0m batches, [36m1447103[0m pos/sec)]
Estimated time to end of superbatch: [36m22.8[0ms     [Fsuperbatch [36m84[0m [[35m83.9[0m% ([36m640[0m/[36m763[0m batches, [36m1492273[0m pos/sec)]
Estimated time to end of superbatch: [36m10.8[0ms     [Fsuperbatch [36m84[0m | time [36m66.9[0ms | running loss [36m0.011102[0m | [36m1493969[0m pos/sec | total time [36m5593.5[0ms
Estimated time remaining in training: [36m4[0mh [36m10[0mm [36m49[0ms
LR dropped to [36m0.0007260807[0m
superbatch [36m85[0m [[35m0.0[0m% ([36m0[0m/[36m763[0m batches, [36m2051775[0m pos/sec)]
Estimated time to end of superbatch: [36minf[0ms     [Fsuperbatch [36m85[0m [[35m16.8[0m% ([36m128[0m/[36m763[0m batches, [36m1365103[0m pos/sec)]
Estimated time to end of superbatch: [36m61.4[0ms     [Fsuperbatch [36m85[0m [[35m33.6[0m% ([36m256[0m/[36m763[0m batches, [36m1472166[0m pos/sec)]
Estimated time to end of superbatch: [36m45.3[0ms     [Fsuperbatch [36m85[0m [[35m50.3[0m% ([36m384[0m/[36m763[0m batches, [36m1546807[0m pos/sec)]
Estimated time to end of superbatch: [36m32.2[0ms     [Fsuperbatch [36m85[0m [[35m67.1[0m% ([36m512[0m/[36m763[0m batches, [36m1493545[0m pos/sec)]
Estimated time to end of superbatch: [36m22.1[0ms     [Fsuperbatch [36m85[0m [[35m83.9[0m% ([36m640[0m/[36m763[0m batches, [36m1474915[0m pos/sec)]
Estimated time to end of superbatch: [36m10.9[0ms     [Fsuperbatch [36m85[0m | time [36m66.5[0ms | running loss [36m0.011156[0m | [36m1503282[0m pos/sec | total time [36m5660.0[0ms
Estimated time remaining in training: [36m4[0mh [36m9[0mm [36m42[0ms
LR dropped to [36m0.0007228581[0m
superbatch [36m86[0m [[35m0.0[0m% ([36m0[0m/[36m763[0m batches, [36m1810205[0m pos/sec)]
Estimated time to end of superbatch: [36minf[0ms     [Fsuperbatch [36m86[0m [[35m16.8[0m% ([36m128[0m/[36m763[0m batches, [36m1647160[0m pos/sec)]
Estimated time to end of superbatch: [36m50.9[0ms     [Fsuperbatch [36m86[0m [[35m33.6[0m% ([36m256[0m/[36m763[0m batches, [36m1501436[0m pos/sec)]
Estimated time to end of superbatch: [36m44.4[0ms     [Fsuperbatch [36m86[0m [[35m50.3[0m% ([36m384[0m/[36m763[0m batches, [36m1422620[0m pos/sec)]
Estimated time to end of superbatch: [36m35.0[0ms     [Fsuperbatch [36m86[0m [[35m67.1[0m% ([36m512[0m/[36m763[0m batches, [36m1438239[0m pos/sec)]
Estimated time to end of superbatch: [36m22.9[0ms     [Fsuperbatch [36m86[0m [[35m83.9[0m% ([36m640[0m/[36m763[0m batches, [36m1478256[0m pos/sec)]
Estimated time to end of superbatch: [36m10.9[0ms     [Fsuperbatch [36m86[0m | time [36m69.1[0ms | running loss [36m0.011131[0m | [36m1448113[0m pos/sec | total time [36m5729.1[0ms
Estimated time remaining in training: [36m4[0mh [36m8[0mm [36m42[0ms
LR dropped to [36m0.0007196355[0m
superbatch [36m87[0m [[35m0.0[0m% ([36m0[0m/[36m763[0m batches, [36m1460430[0m pos/sec)]
Estimated time to end of superbatch: [36minf[0ms     [Fsuperbatch [36m87[0m [[35m16.8[0m% ([36m128[0m/[36m763[0m batches, [36m1317205[0m pos/sec)]
Estimated time to end of superbatch: [36m63.7[0ms     [Fsuperbatch [36m87[0m [[35m33.6[0m% ([36m256[0m/[36m763[0m batches, [36m1460683[0m pos/sec)]
Estimated time to end of superbatch: [36m45.7[0ms     [Fsuperbatch [36m87[0m [[35m50.3[0m% ([36m384[0m/[36m763[0m batches, [36m1506495[0m pos/sec)]
Estimated time to end of superbatch: [36m33.1[0ms     [Fsuperbatch [36m87[0m [[35m67.1[0m% ([36m512[0m/[36m763[0m batches, [36m1445395[0m pos/sec)]
Estimated time to end of superbatch: [36m22.8[0ms     [Fsuperbatch [36m87[0m [[35m83.9[0m% ([36m640[0m/[36m763[0m batches, [36m1400477[0m pos/sec)]
Estimated time to end of superbatch: [36m11.5[0ms     [Fsuperbatch [36m87[0m | time [36m70.0[0ms | running loss [36m0.011208[0m | [36m1428005[0m pos/sec | total time [36m5799.1[0ms
Estimated time remaining in training: [36m4[0mh [36m7[0mm [36m44[0ms
LR dropped to [36m0.0007164129[0m
superbatch [36m88[0m [[35m0.0[0m% ([36m0[0m/[36m763[0m batches, [36m1231738[0m pos/sec)]
Estimated time to end of superbatch: [36minf[0ms     [Fsuperbatch [36m88[0m [[35m16.8[0m% ([36m128[0m/[36m763[0m batches, [36m1659292[0m pos/sec)]
Estimated time to end of superbatch: [36m50.6[0ms     [Fsuperbatch [36m88[0m [[35m33.6[0m% ([36m256[0m/[36m763[0m batches, [36m1508873[0m pos/sec)]
Estimated time to end of superbatch: [36m44.2[0ms     [Fsuperbatch [36m88[0m [[35m50.3[0m% ([36m384[0m/[36m763[0m batches, [36m1441462[0m pos/sec)]
Estimated time to end of superbatch: [36m34.6[0ms     [Fsuperbatch [36m88[0m [[35m67.1[0m% ([36m512[0m/[36m763[0m batches, [36m1493957[0m pos/sec)]
Estimated time to end of superbatch: [36m22.1[0ms     [Fsuperbatch [36m88[0m [[35m83.9[0m% ([36m640[0m/[36m763[0m batches, [36m1505906[0m pos/sec)]
Estimated time to end of superbatch: [36m10.7[0ms     [Fsuperbatch [36m88[0m | time [36m67.3[0ms | running loss [36m0.011146[0m | [36m1485226[0m pos/sec | total time [36m5866.5[0ms
Estimated time remaining in training: [36m4[0mh [36m6[0mm [36m39[0ms
LR dropped to [36m0.00071319035[0m
superbatch [36m89[0m [[35m0.0[0m% ([36m0[0m/[36m763[0m batches, [36m497454[0m pos/sec)]
Estimated time to end of superbatch: [36minf[0ms     [Fsuperbatch [36m89[0m [[35m16.8[0m% ([36m128[0m/[36m763[0m batches, [36m1231221[0m pos/sec)]
Estimated time to end of superbatch: [36m68.1[0ms     [Fsuperbatch [36m89[0m [[35m33.6[0m% ([36m256[0m/[36m763[0m batches, [36m1390184[0m pos/sec)]
Estimated time to end of superbatch: [36m48.0[0ms     [Fsuperbatch [36m89[0m [[35m50.3[0m% ([36m384[0m/[36m763[0m batches, [36m1489482[0m pos/sec)]
Estimated time to end of superbatch: [36m33.4[0ms     [Fsuperbatch [36m89[0m [[35m67.1[0m% ([36m512[0m/[36m763[0m batches, [36m1463911[0m pos/sec)]
Estimated time to end of superbatch: [36m22.5[0ms     [Fsuperbatch [36m89[0m [[35m83.9[0m% ([36m640[0m/[36m763[0m batches, [36m1427389[0m pos/sec)]
Estimated time to end of superbatch: [36m11.3[0ms     [Fsuperbatch [36m89[0m | time [36m68.6[0ms | running loss [36m0.011244[0m | [36m1458861[0m pos/sec | total time [36m5935.0[0ms
Estimated time remaining in training: [36m4[0mh [36m5[0mm [36m37[0ms
LR dropped to [36m0.0007099678[0m
superbatch [36m90[0m [[35m0.0[0m% ([36m0[0m/[36m763[0m batches, [36m2155054[0m pos/sec)]
Estimated time to end of superbatch: [36minf[0ms     [Fsuperbatch [36m90[0m [[35m16.8[0m% ([36m128[0m/[36m763[0m batches, [36m1659202[0m pos/sec)]
Estimated time to end of superbatch: [36m50.6[0ms     [Fsuperbatch [36m90[0m [[35m33.6[0m% ([36m256[0m/[36m763[0m batches, [36m1499922[0m pos/sec)]
Estimated time to end of superbatch: [36m44.5[0ms     [Fsuperbatch [36m90[0m [[35m50.3[0m% ([36m384[0m/[36m763[0m batches, [36m1428904[0m pos/sec)]
Estimated time to end of superbatch: [36m34.9[0ms     [Fsuperbatch [36m90[0m [[35m67.1[0m% ([36m512[0m/[36m763[0m batches, [36m1482710[0m pos/sec)]
Estimated time to end of superbatch: [36m22.2[0ms     [Fsuperbatch [36m90[0m [[35m83.9[0m% ([36m640[0m/[36m763[0m batches, [36m1527382[0m pos/sec)]
Estimated time to end of superbatch: [36m10.6[0ms     [Fsuperbatch [36m90[0m | time [36m66.2[0ms | running loss [36m0.011204[0m | [36m1511173[0m pos/sec | total time [36m6001.2[0ms
Estimated time remaining in training: [36m4[0mh [36m4[0mm [36m29[0ms
LR dropped to [36m0.0007067452[0m
superbatch [36m91[0m [[35m0.0[0m% ([36m0[0m/[36m763[0m batches, [36m1179023[0m pos/sec)]
Estimated time to end of superbatch: [36minf[0ms     [Fsuperbatch [36m91[0m [[35m16.8[0m% ([36m128[0m/[36m763[0m batches, [36m1348467[0m pos/sec)]
Estimated time to end of superbatch: [36m62.2[0ms     [Fsuperbatch [36m91[0m [[35m33.6[0m% ([36m256[0m/[36m763[0m batches, [36m1508194[0m pos/sec)]
Estimated time to end of superbatch: [36m44.2[0ms     [Fsuperbatch [36m91[0m [[35m50.3[0m% ([36m384[0m/[36m763[0m batches, [36m1557830[0m pos/sec)]
Estimated time to end of superbatch: [36m32.0[0ms     [Fsuperbatch [36m91[0m [[35m67.1[0m% ([36m512[0m/[36m763[0m batches, [36m1520426[0m pos/sec)]
Estimated time to end of superbatch: [36m21.7[0ms     [Fsuperbatch [36m91[0m [[35m83.9[0m% ([36m640[0m/[36m763[0m batches, [36m1467594[0m pos/sec)]
Estimated time to end of superbatch: [36m11.0[0ms     [Fsuperbatch [36m91[0m | time [36m67.3[0ms | running loss [36m0.011357[0m | [36m1485130[0m pos/sec | total time [36m6068.5[0ms
Estimated time remaining in training: [36m4[0mh [36m3[0mm [36m24[0ms
LR dropped to [36m0.00070352264[0m
superbatch [36m92[0m [[35m0.0[0m% ([36m0[0m/[36m763[0m batches, [36m1429113[0m pos/sec)]
Estimated time to end of superbatch: [36minf[0ms     [Fsuperbatch [36m92[0m [[35m16.8[0m% ([36m128[0m/[36m763[0m batches, [36m1698206[0m pos/sec)]
Estimated time to end of superbatch: [36m49.4[0ms     [Fsuperbatch [36m92[0m [[35m33.6[0m% ([36m256[0m/[36m763[0m batches, [36m1601095[0m pos/sec)]
Estimated time to end of superbatch: [36m41.7[0ms     [Fsuperbatch [36m92[0m [[35m50.3[0m% ([36m384[0m/[36m763[0m batches, [36m1497697[0m pos/sec)]
Estimated time to end of superbatch: [36m33.3[0ms     [Fsuperbatch [36m92[0m [[35m67.1[0m% ([36m512[0m/[36m763[0m batches, [36m1522084[0m pos/sec)]
Estimated time to end of superbatch: [36m21.7[0ms     [Fsuperbatch [36m92[0m [[35m83.9[0m% ([36m640[0m/[36m763[0m batches, [36m1559862[0m pos/sec)]
Estimated time to end of superbatch: [36m10.4[0ms     [Fsuperbatch [36m92[0m | time [36m65.3[0ms | running loss [36m0.011258[0m | [36m1531182[0m pos/sec | total time [36m6133.9[0ms
Estimated time remaining in training: [36m4[0mh [36m2[0mm [36m14[0ms
LR dropped to [36m0.00070030004[0m
superbatch [36m93[0m [[35m0.0[0m% ([36m0[0m/[36m763[0m batches, [36m1576142[0m pos/sec)]
Estimated time to end of superbatch: [36minf[0ms     [Fsuperbatch [36m93[0m [[35m16.8[0m% ([36m128[0m/[36m763[0m batches, [36m1329379[0m pos/sec)]
Estimated time to end of superbatch: [36m63.1[0ms     [Fsuperbatch [36m93[0m [[35m33.6[0m% ([36m256[0m/[36m763[0m batches, [36m1481146[0m pos/sec)]
Estimated time to end of superbatch: [36m45.0[0ms     [Fsuperbatch [36m93[0m [[35m50.3[0m% ([36m384[0m/[36m763[0m batches, [36m1553211[0m pos/sec)]
Estimated time to end of superbatch: [36m32.1[0ms     [Fsuperbatch [36m93[0m [[35m67.1[0m% ([36m512[0m/[36m763[0m batches, [36m1531219[0m pos/sec)]
Estimated time to end of superbatch: [36m21.5[0ms     [Fsuperbatch [36m93[0m [[35m83.9[0m% ([36m640[0m/[36m763[0m batches, [36m1486575[0m pos/sec)]
Estimated time to end of superbatch: [36m10.9[0ms     [Fsuperbatch [36m93[0m | time [36m66.4[0ms | running loss [36m0.011442[0m | [36m1506302[0m pos/sec | total time [36m6200.2[0ms
Estimated time remaining in training: [36m4[0mh [36m1[0mm [36m7[0ms
LR dropped to [36m0.0006970775[0m
superbatch [36m94[0m [[35m0.0[0m% ([36m0[0m/[36m763[0m batches, [36m1958789[0m pos/sec)]
Estimated time to end of superbatch: [36minf[0ms     [Fsuperbatch [36m94[0m [[35m16.8[0m% ([36m128[0m/[36m763[0m batches, [36m1683207[0m pos/sec)]
Estimated time to end of superbatch: [36m49.8[0ms     [Fsuperbatch [36m94[0m [[35m33.6[0m% ([36m256[0m/[36m763[0m batches, [36m1603018[0m pos/sec)]
Estimated time to end of superbatch: [36m41.6[0ms     [Fsuperbatch [36m94[0m [[35m50.3[0m% ([36m384[0m/[36m763[0m batches, [36m1491806[0m pos/sec)]
Estimated time to end of superbatch: [36m33.4[0ms     [Fsuperbatch [36m94[0m [[35m67.1[0m% ([36m512[0m/[36m763[0m batches, [36m1526064[0m pos/sec)]
Estimated time to end of superbatch: [36m21.6[0ms     [Fsuperbatch [36m94[0m [[35m83.9[0m% ([36m640[0m/[36m763[0m batches, [36m1561094[0m pos/sec)]
Estimated time to end of superbatch: [36m10.3[0ms     [Fsuperbatch [36m94[0m | time [36m63.9[0ms | running loss [36m0.011321[0m | [36m1564981[0m pos/sec | total time [36m6264.2[0ms
Estimated time remaining in training: [36m3[0mh [36m59[0mm [36m54[0ms
LR dropped to [36m0.0006938549[0m
superbatch [36m95[0m [[35m0.0[0m% ([36m0[0m/[36m763[0m batches, [36m1162948[0m pos/sec)]
Estimated time to end of superbatch: [36minf[0ms     [Fsuperbatch [36m95[0m [[35m16.8[0m% ([36m128[0m/[36m763[0m batches, [36m1344058[0m pos/sec)]
Estimated time to end of superbatch: [36m62.4[0ms     [Fsuperbatch [36m95[0m [[35m33.6[0m% ([36m256[0m/[36m763[0m batches, [36m1484549[0m pos/sec)]
Estimated time to end of superbatch: [36m44.9[0ms     [Fsuperbatch [36m95[0m [[35m50.3[0m% ([36m384[0m/[36m763[0m batches, [36m1548266[0m pos/sec)]
Estimated time to end of superbatch: [36m32.2[0ms     [Fsuperbatch [36m95[0m [[35m67.1[0m% ([36m512[0m/[36m763[0m batches, [36m1551461[0m pos/sec)]
Estimated time to end of superbatch: [36m21.2[0ms     [Fsuperbatch [36m95[0m [[35m83.9[0m% ([36m640[0m/[36m763[0m batches, [36m1494211[0m pos/sec)]
Estimated time to end of superbatch: [36m10.8[0ms     [Fsuperbatch [36m95[0m | time [36m66.3[0ms | running loss [36m0.011468[0m | [36m1507902[0m pos/sec | total time [36m6330.5[0ms
Estimated time remaining in training: [36m3[0mh [36m58[0mm [36m46[0ms
LR dropped to [36m0.00069063227[0m
superbatch [36m96[0m [[35m0.0[0m% ([36m0[0m/[36m763[0m batches, [36m1617504[0m pos/sec)]
Estimated time to end of superbatch: [36minf[0ms     [Fsuperbatch [36m96[0m [[35m16.8[0m% ([36m128[0m/[36m763[0m batches, [36m1729972[0m pos/sec)]
Estimated time to end of superbatch: [36m48.5[0ms     [Fsuperbatch [36m96[0m [[35m33.6[0m% ([36m256[0m/[36m763[0m batches, [36m1637505[0m pos/sec)]
Estimated time to end of superbatch: [36m40.7[0ms     [Fsuperbatch [36m96[0m [[35m50.3[0m% ([36m384[0m/[36m763[0m batches, [36m1524947[0m pos/sec)]
Estimated time to end of superbatch: [36m32.7[0ms     [Fsuperbatch [36m96[0m [[35m67.1[0m% ([36m512[0m/[36m763[0m batches, [36m1540583[0m pos/sec)]
Estimated time to end of superbatch: [36m21.4[0ms     [Fsuperbatch [36m96[0m [[35m83.9[0m% ([36m640[0m/[36m763[0m batches, [36m1563758[0m pos/sec)]
Estimated time to end of superbatch: [36m10.3[0ms     [Fsuperbatch [36m96[0m | time [36m63.9[0ms | running loss [36m0.011313[0m | [36m1564379[0m pos/sec | total time [36m6394.4[0ms
Estimated time remaining in training: [36m3[0mh [36m57[0mm [36m34[0ms
LR dropped to [36m0.0006874097[0m
superbatch [36m97[0m [[35m0.0[0m% ([36m0[0m/[36m763[0m batches, [36m908748[0m pos/sec)]
Estimated time to end of superbatch: [36minf[0ms     [Fsuperbatch [36m97[0m [[35m16.8[0m% ([36m128[0m/[36m763[0m batches, [36m1316512[0m pos/sec)]
Estimated time to end of superbatch: [36m63.7[0ms     [Fsuperbatch [36m97[0m [[35m33.6[0m% ([36m256[0m/[36m763[0m batches, [36m1429235[0m pos/sec)]
Estimated time to end of superbatch: [36m46.7[0ms     [Fsuperbatch [36m97[0m [[35m50.3[0m% ([36m384[0m/[36m763[0m batches, [36m1510117[0m pos/sec)]
Estimated time to end of superbatch: [36m33.0[0ms     [Fsuperbatch [36m97[0m [[35m67.1[0m% ([36m512[0m/[36m763[0m batches, [36m1547658[0m pos/sec)]
Estimated time to end of superbatch: [36m21.3[0ms     [Fsuperbatch [36m97[0m [[35m83.9[0m% ([36m640[0m/[36m763[0m batches, [36m1504395[0m pos/sec)]
Estimated time to end of superbatch: [36m10.7[0ms     [Fsuperbatch [36m97[0m | time [36m65.9[0ms | running loss [36m0.011522[0m | [36m1517721[0m pos/sec | total time [36m6460.3[0ms
Estimated time remaining in training: [36m3[0mh [36m56[0mm [36m26[0ms
LR dropped to [36m0.00068418717[0m
superbatch [36m98[0m [[35m0.0[0m% ([36m0[0m/[36m763[0m batches, [36m1789050[0m pos/sec)]
Estimated time to end of superbatch: [36minf[0ms     [Fsuperbatch [36m98[0m [[35m16.8[0m% ([36m128[0m/[36m763[0m batches, [36m1829742[0m pos/sec)]
Estimated time to end of superbatch: [36m45.8[0ms     [Fsuperbatch [36m98[0m [[35m33.6[0m% ([36m256[0m/[36m763[0m batches, [36m1679827[0m pos/sec)]
Estimated time to end of superbatch: [36m39.7[0ms     [Fsuperbatch [36m98[0m [[35m50.3[0m% ([36m384[0m/[36m763[0m batches, [36m1565119[0m pos/sec)]
Estimated time to end of superbatch: [36m31.8[0ms     [Fsuperbatch [36m98[0m [[35m67.1[0m% ([36m512[0m/[36m763[0m batches, [36m1568011[0m pos/sec)]
Estimated time to end of superbatch: [36m21.0[0ms     [Fsuperbatch [36m98[0m [[35m83.9[0m% ([36m640[0m/[36m763[0m batches, [36m1591033[0m pos/sec)]
Estimated time to end of superbatch: [36m10.1[0ms     [Fsuperbatch [36m98[0m | time [36m62.6[0ms | running loss [36m0.011359[0m | [36m1596992[0m pos/sec | total time [36m6522.9[0ms
Estimated time remaining in training: [36m3[0mh [36m55[0mm [36m10[0ms
LR dropped to [36m0.00068096456[0m
superbatch [36m99[0m [[35m0.0[0m% ([36m0[0m/[36m763[0m batches, [36m1678276[0m pos/sec)]
Estimated time to end of superbatch: [36minf[0ms     [Fsuperbatch [36m99[0m [[35m16.8[0m% ([36m128[0m/[36m763[0m batches, [36m1367133[0m pos/sec)]
Estimated time to end of superbatch: [36m61.4[0ms     [Fsuperbatch [36m99[0m [[35m33.6[0m% ([36m256[0m/[36m763[0m batches, [36m1472040[0m pos/sec)]
Estimated time to end of superbatch: [36m45.3[0ms     [Fsuperbatch [36m99[0m [[35m50.3[0m% ([36m384[0m/[36m763[0m batches, [36m1564719[0m pos/sec)]
Estimated time to end of superbatch: [36m31.8[0ms     [Fsuperbatch [36m99[0m [[35m67.1[0m% ([36m512[0m/[36m763[0m batches, [36m1576931[0m pos/sec)]
Estimated time to end of superbatch: [36m20.9[0ms     [Fsuperbatch [36m99[0m [[35m83.9[0m% ([36m640[0m/[36m763[0m batches, [36m1533903[0m pos/sec)]
Estimated time to end of superbatch: [36m10.5[0ms     [Fsuperbatch [36m99[0m | time [36m65.2[0ms | running loss [36m0.011620[0m | [36m1534381[0m pos/sec | total time [36m6588.1[0ms
Estimated time remaining in training: [36m3[0mh [36m54[0mm [36m1[0ms
LR dropped to [36m0.00067774195[0m
superbatch [36m100[0m [[35m0.0[0m% ([36m0[0m/[36m763[0m batches, [36m767074[0m pos/sec)]
Estimated time to end of superbatch: [36minf[0ms     [Fsuperbatch [36m100[0m [[35m16.8[0m% ([36m128[0m/[36m763[0m batches, [36m1812773[0m pos/sec)]
Estimated time to end of superbatch: [36m46.3[0ms     [Fsuperbatch [36m100[0m [[35m33.6[0m% ([36m256[0m/[36m763[0m batches, [36m1701766[0m pos/sec)]
Estimated time to end of superbatch: [36m39.2[0ms     [Fsuperbatch [36m100[0m [[35m50.3[0m% ([36m384[0m/[36m763[0m batches, [36m1539818[0m pos/sec)]
Estimated time to end of superbatch: [36m32.3[0ms     [Fsuperbatch [36m100[0m [[35m67.1[0m% ([36m512[0m/[36m763[0m batches, [36m1553014[0m pos/sec)]
Estimated time to end of superbatch: [36m21.2[0ms     [Fsuperbatch [36m100[0m [[35m83.9[0m% ([36m640[0m/[36m763[0m batches, [36m1580768[0m pos/sec)]
Estimated time to end of superbatch: [36m10.2[0ms     [Fsuperbatch [36m100[0m | time [36m62.9[0ms | running loss [36m0.011371[0m | [36m1588989[0m pos/sec | total time [36m6651.0[0ms
Estimated time remaining in training: [36m3[0mh [36m52[0mm [36m47[0ms
Saved [anna-v3-s1-100]
LR dropped to [36m0.0006745194[0m
superbatch [36m101[0m [[35m0.0[0m% ([36m0[0m/[36m763[0m batches, [36m1736121[0m pos/sec)]
Estimated time to end of superbatch: [36minf[0ms     [Fsuperbatch [36m101[0m [[35m16.8[0m% ([36m128[0m/[36m763[0m batches, [36m1826202[0m pos/sec)]
Estimated time to end of superbatch: [36m45.9[0ms     [Fsuperbatch [36m101[0m [[35m33.6[0m% ([36m256[0m/[36m763[0m batches, [36m1863449[0m pos/sec)]
Estimated time to end of superbatch: [36m35.8[0ms     [Fsuperbatch [36m101[0m [[35m50.3[0m% ([36m384[0m/[36m763[0m batches, [36m1860812[0m pos/sec)]
Estimated time to end of superbatch: [36m26.8[0ms     [Fsuperbatch [36m101[0m [[35m67.1[0m% ([36m512[0m/[36m763[0m batches, [36m1850240[0m pos/sec)]
Estimated time to end of superbatch: [36m17.8[0ms     [Fsuperbatch [36m101[0m [[35m83.9[0m% ([36m640[0m/[36m763[0m batches, [36m1754982[0m pos/sec)]
Estimated time to end of superbatch: [36m9.2[0ms     [Fsuperbatch [36m101[0m | time [36m58.3[0ms | running loss [36m0.011715[0m | [36m1716536[0m pos/sec | total time [36m6725.1[0ms
Estimated time remaining in training: [36m3[0mh [36m51[0mm [36m56[0ms
LR dropped to [36m0.0006712968[0m
superbatch [36m102[0m [[35m0.0[0m% ([36m0[0m/[36m763[0m batches, [36m1892388[0m pos/sec)]
Estimated time to end of superbatch: [36minf[0ms     [Fsuperbatch [36m102[0m [[35m16.8[0m% ([36m128[0m/[36m763[0m batches, [36m1703370[0m pos/sec)]
Estimated time to end of superbatch: [36m49.2[0ms     [Fsuperbatch [36m102[0m [[35m33.6[0m% ([36m256[0m/[36m763[0m batches, [36m1697071[0m pos/sec)]
Estimated time to end of superbatch: [36m39.3[0ms     [Fsuperbatch [36m102[0m [[35m50.3[0m% ([36m384[0m/[36m763[0m batches, [36m1546068[0m pos/sec)]
Estimated time to end of superbatch: [36m32.2[0ms     [Fsuperbatch [36m102[0m [[35m67.1[0m% ([36m512[0m/[36m763[0m batches, [36m1537992[0m pos/sec)]
Estimated time to end of superbatch: [36m21.4[0ms     [Fsuperbatch [36m102[0m [[35m83.9[0m% ([36m640[0m/[36m763[0m batches, [36m1579649[0m pos/sec)]
Estimated time to end of superbatch: [36m10.2[0ms     [Fsuperbatch [36m102[0m | time [36m62.9[0ms | running loss [36m0.011444[0m | [36m1589542[0m pos/sec | total time [36m6788.1[0ms
Estimated time remaining in training: [36m3[0mh [36m50[0mm [36m42[0ms
LR dropped to [36m0.00066807424[0m
superbatch [36m103[0m [[35m0.0[0m% ([36m0[0m/[36m763[0m batches, [36m1492434[0m pos/sec)]
Estimated time to end of superbatch: [36minf[0ms     [Fsuperbatch [36m103[0m [[35m16.8[0m% ([36m128[0m/[36m763[0m batches, [36m1360977[0m pos/sec)]
Estimated time to end of superbatch: [36m61.6[0ms     [Fsuperbatch [36m103[0m [[35m33.6[0m% ([36m256[0m/[36m763[0m batches, [36m1412962[0m pos/sec)]
Estimated time to end of superbatch: [36m47.2[0ms     [Fsuperbatch [36m103[0m [[35m50.3[0m% ([36m384[0m/[36m763[0m batches, [36m1499132[0m pos/sec)]
Estimated time to end of superbatch: [36m33.2[0ms     [Fsuperbatch [36m103[0m [[35m67.1[0m% ([36m512[0m/[36m763[0m batches, [36m1552521[0m pos/sec)]
Estimated time to end of superbatch: [36m21.2[0ms     [Fsuperbatch [36m103[0m [[35m83.9[0m% ([36m640[0m/[36m763[0m batches, [36m1510540[0m pos/sec)]
Estimated time to end of superbatch: [36m10.7[0ms     [Fsuperbatch [36m103[0m | time [36m66.8[0ms | running loss [36m0.011784[0m | [36m1496720[0m pos/sec | total time [36m6854.9[0ms
Estimated time remaining in training: [36m3[0mh [36m49[0mm [36m36[0ms
LR dropped to [36m0.0006648516[0m
superbatch [36m104[0m [[35m0.0[0m% ([36m0[0m/[36m763[0m batches, [36m2236150[0m pos/sec)]
Estimated time to end of superbatch: [36minf[0ms     [Fsuperbatch [36m104[0m [[35m16.8[0m% ([36m128[0m/[36m763[0m batches, [36m1701147[0m pos/sec)]
Estimated time to end of superbatch: [36m49.3[0ms     [Fsuperbatch [36m104[0m [[35m33.6[0m% ([36m256[0m/[36m763[0m batches, [36m1781831[0m pos/sec)]
Estimated time to end of superbatch: [36m37.4[0ms     [Fsuperbatch [36m104[0m [[35m50.3[0m% ([36m384[0m/[36m763[0m batches, [36m1564177[0m pos/sec)]
Estimated time to end of superbatch: [36m31.8[0ms     [Fsuperbatch [36m104[0m [[35m67.1[0m% ([36m512[0m/[36m763[0m batches, [36m1531987[0m pos/sec)]
Estimated time to end of superbatch: [36m21.5[0ms     [Fsuperbatch [36m104[0m [[35m83.9[0m% ([36m640[0m/[36m763[0m batches, [36m1558247[0m pos/sec)]
Estimated time to end of superbatch: [36m10.4[0ms     [Fsuperbatch [36m104[0m | time [36m63.2[0ms | running loss [36m0.011502[0m | [36m1583041[0m pos/sec | total time [36m6918.0[0ms
Estimated time remaining in training: [36m3[0mh [36m48[0mm [36m23[0ms
LR dropped to [36m0.000661629[0m
superbatch [36m105[0m [[35m0.0[0m% ([36m0[0m/[36m763[0m batches, [36m2083534[0m pos/sec)]
Estimated time to end of superbatch: [36minf[0ms     [Fsuperbatch [36m105[0m [[35m16.8[0m% ([36m128[0m/[36m763[0m batches, [36m1277509[0m pos/sec)]
Estimated time to end of superbatch: [36m65.7[0ms     [Fsuperbatch [36m105[0m [[35m33.6[0m% ([36m256[0m/[36m763[0m batches, [36m1367472[0m pos/sec)]
Estimated time to end of superbatch: [36m48.8[0ms     [Fsuperbatch [36m105[0m [[35m50.3[0m% ([36m384[0m/[36m763[0m batches, [36m1441321[0m pos/sec)]
Estimated time to end of superbatch: [36m34.6[0ms     [Fsuperbatch [36m105[0m [[35m67.1[0m% ([36m512[0m/[36m763[0m batches, [36m1494355[0m pos/sec)]
Estimated time to end of superbatch: [36m22.1[0ms     [Fsuperbatch [36m105[0m [[35m83.9[0m% ([36m640[0m/[36m763[0m batches, [36m1451486[0m pos/sec)]
Estimated time to end of superbatch: [36m11.1[0ms     [Fsuperbatch [36m105[0m | time [36m68.8[0ms | running loss [36m0.011818[0m | [36m1453796[0m pos/sec | total time [36m6986.8[0ms
Estimated time remaining in training: [36m3[0mh [36m47[0mm [36m20[0ms
LR dropped to [36m0.0006584065[0m
superbatch [36m106[0m [[35m0.0[0m% ([36m0[0m/[36m763[0m batches, [36m2108803[0m pos/sec)]
Estimated time to end of superbatch: [36minf[0ms     [Fsuperbatch [36m106[0m [[35m16.8[0m% ([36m128[0m/[36m763[0m batches, [36m1607266[0m pos/sec)]
Estimated time to end of superbatch: [36m52.2[0ms     [Fsuperbatch [36m106[0m [[35m33.6[0m% ([36m256[0m/[36m763[0m batches, [36m1637552[0m pos/sec)]
Estimated time to end of superbatch: [36m40.7[0ms     [Fsuperbatch [36m106[0m [[35m50.3[0m% ([36m384[0m/[36m763[0m batches, [36m1500829[0m pos/sec)]
Estimated time to end of superbatch: [36m33.2[0ms     [Fsuperbatch [36m106[0m [[35m67.1[0m% ([36m512[0m/[36m763[0m batches, [36m1484662[0m pos/sec)]
Estimated time to end of superbatch: [36m22.2[0ms     [Fsuperbatch [36m106[0m [[35m83.9[0m% ([36m640[0m/[36m763[0m batches, [36m1524303[0m pos/sec)]
Estimated time to end of superbatch: [36m10.6[0ms     [Fsuperbatch [36m106[0m | time [36m64.2[0ms | running loss [36m0.011632[0m | [36m1557393[0m pos/sec | total time [36m7051.1[0ms
Estimated time remaining in training: [36m3[0mh [36m46[0mm [36m9[0ms
LR dropped to [36m0.0006551839[0m
superbatch [36m107[0m [[35m0.0[0m% ([36m0[0m/[36m763[0m batches, [36m2164765[0m pos/sec)]
Estimated time to end of superbatch: [36minf[0ms     [Fsuperbatch [36m107[0m [[35m16.8[0m% ([36m128[0m/[36m763[0m batches, [36m1373242[0m pos/sec)]
Estimated time to end of superbatch: [36m61.1[0ms     [Fsuperbatch [36m107[0m [[35m33.6[0m% ([36m256[0m/[36m763[0m batches, [36m1380451[0m pos/sec)]
Estimated time to end of superbatch: [36m48.3[0ms     [Fsuperbatch [36m107[0m [[35m50.3[0m% ([36m384[0m/[36m763[0m batches, [36m1477671[0m pos/sec)]
Estimated time to end of superbatch: [36m33.7[0ms     [Fsuperbatch [36m107[0m [[35m67.1[0m% ([36m512[0m/[36m763[0m batches, [36m1525185[0m pos/sec)]
Estimated time to end of superbatch: [36m21.6[0ms     [Fsuperbatch [36m107[0m [[35m83.9[0m% ([36m640[0m/[36m763[0m batches, [36m1473957[0m pos/sec)]
Estimated time to end of superbatch: [36m11.0[0ms     [Fsuperbatch [36m107[0m | time [36m68.1[0ms | running loss [36m0.011909[0m | [36m1469088[0m pos/sec | total time [36m7119.1[0ms
Estimated time remaining in training: [36m3[0mh [36m45[0mm [36m6[0ms
LR dropped to [36m0.0006519613[0m
superbatch [36m108[0m [[35m0.0[0m% ([36m0[0m/[36m763[0m batches, [36m1546101[0m pos/sec)]
Estimated time to end of superbatch: [36minf[0ms     [Fsuperbatch [36m108[0m [[35m16.8[0m% ([36m128[0m/[36m763[0m batches, [36m1734476[0m pos/sec)]
Estimated time to end of superbatch: [36m48.4[0ms     [Fsuperbatch [36m108[0m [[35m33.6[0m% ([36m256[0m/[36m763[0m batches, [36m1729062[0m pos/sec)]
Estimated time to end of superbatch: [36m38.6[0ms     [Fsuperbatch [36m108[0m [[35m50.3[0m% ([36m384[0m/[36m763[0m batches, [36m1566026[0m pos/sec)]
Estimated time to end of superbatch: [36m31.8[0ms     [Fsuperbatch [36m108[0m [[35m67.1[0m% ([36m512[0m/[36m763[0m batches, [36m1520082[0m pos/sec)]
Estimated time to end of superbatch: [36m21.7[0ms     [Fsuperbatch [36m108[0m [[35m83.9[0m% ([36m640[0m/[36m763[0m batches, [36m1544388[0m pos/sec)]
Estimated time to end of superbatch: [36m10.5[0ms     [Fsuperbatch [36m108[0m | time [36m64.1[0ms | running loss [36m0.011682[0m | [36m1559097[0m pos/sec | total time [36m7183.3[0ms
Estimated time remaining in training: [36m3[0mh [36m43[0mm [36m55[0ms
LR dropped to [36m0.00064873876[0m
superbatch [36m109[0m [[35m0.0[0m% ([36m0[0m/[36m763[0m batches, [36m988820[0m pos/sec)]
Estimated time to end of superbatch: [36minf[0ms     [Fsuperbatch [36m109[0m [[35m16.8[0m% ([36m128[0m/[36m763[0m batches, [36m1345327[0m pos/sec)]
Estimated time to end of superbatch: [36m62.3[0ms     [Fsuperbatch [36m109[0m [[35m33.6[0m% ([36m256[0m/[36m763[0m batches, [36m1332283[0m pos/sec)]
Estimated time to end of superbatch: [36m50.1[0ms     [Fsuperbatch [36m109[0m [[35m50.3[0m% ([36m384[0m/[36m763[0m batches, [36m1435696[0m pos/sec)]
Estimated time to end of superbatch: [36m34.7[0ms     [Fsuperbatch [36m109[0m [[35m67.1[0m% ([36m512[0m/[36m763[0m batches, [36m1489508[0m pos/sec)]
Estimated time to end of superbatch: [36m22.1[0ms     [Fsuperbatch [36m109[0m [[35m83.9[0m% ([36m640[0m/[36m763[0m batches, [36m1454671[0m pos/sec)]
Estimated time to end of superbatch: [36m11.1[0ms     [Fsuperbatch [36m109[0m | time [36m69.2[0ms | running loss [36m0.011961[0m | [36m1444468[0m pos/sec | total time [36m7252.5[0ms
Estimated time remaining in training: [36m3[0mh [36m42[0mm [36m53[0ms
LR dropped to [36m0.0006455162[0m
superbatch [36m110[0m [[35m0.0[0m% ([36m0[0m/[36m763[0m batches, [36m1886920[0m pos/sec)]
Estimated time to end of superbatch: [36minf[0ms     [Fsuperbatch [36m110[0m [[35m16.8[0m% ([36m128[0m/[36m763[0m batches, [36m1639691[0m pos/sec)]
Estimated time to end of superbatch: [36m51.2[0ms     [Fsuperbatch [36m110[0m [[35m33.6[0m% ([36m256[0m/[36m763[0m batches, [36m1658385[0m pos/sec)]
Estimated time to end of superbatch: [36m40.2[0ms     [Fsuperbatch [36m110[0m [[35m50.3[0m% ([36m384[0m/[36m763[0m batches, [36m1527229[0m pos/sec)]
Estimated time to end of superbatch: [36m32.6[0ms     [Fsuperbatch [36m110[0m [[35m67.1[0m% ([36m512[0m/[36m763[0m batches, [36m1469983[0m pos/sec)]
Estimated time to end of superbatch: [36m22.4[0ms     [Fsuperbatch [36m110[0m [[35m83.9[0m% ([36m640[0m/[36m763[0m batches, [36m1508542[0m pos/sec)]
Estimated time to end of superbatch: [36m10.7[0ms     [Fsuperbatch [36m110[0m | time [36m65.4[0ms | running loss [36m0.011734[0m | [36m1529128[0m pos/sec | total time [36m7317.9[0ms
Estimated time remaining in training: [36m3[0mh [36m41[0mm [36m45[0ms
LR dropped to [36m0.0006422936[0m
superbatch [36m111[0m [[35m0.0[0m% ([36m0[0m/[36m763[0m batches, [36m1859227[0m pos/sec)]
Estimated time to end of superbatch: [36minf[0ms     [Fsuperbatch [36m111[0m [[35m16.8[0m% ([36m128[0m/[36m763[0m batches, [36m1339318[0m pos/sec)]
Estimated time to end of superbatch: [36m62.6[0ms     [Fsuperbatch [36m111[0m [[35m33.6[0m% ([36m256[0m/[36m763[0m batches, [36m1321889[0m pos/sec)]
Estimated time to end of superbatch: [36m50.5[0ms     [Fsuperbatch [36m111[0m [[35m50.3[0m% ([36m384[0m/[36m763[0m batches, [36m1408739[0m pos/sec)]
Estimated time to end of superbatch: [36m35.4[0ms     [Fsuperbatch [36m111[0m [[35m67.1[0m% ([36m512[0m/[36m763[0m batches, [36m1440581[0m pos/sec)]
Estimated time to end of superbatch: [36m22.9[0ms     [Fsuperbatch [36m111[0m [[35m83.9[0m% ([36m640[0m/[36m763[0m batches, [36m1424731[0m pos/sec)]
Estimated time to end of superbatch: [36m11.3[0ms     [Fsuperbatch [36m111[0m | time [36m70.9[0ms | running loss [36m0.011971[0m | [36m1410233[0m pos/sec | total time [36m7388.8[0ms
Estimated time remaining in training: [36m3[0mh [36m40[0mm [36m46[0ms
LR dropped to [36m0.000639071[0m
superbatch [36m112[0m [[35m0.0[0m% ([36m0[0m/[36m763[0m batches, [36m1575991[0m pos/sec)]
Estimated time to end of superbatch: [36minf[0ms     [Fsuperbatch [36m112[0m [[35m16.8[0m% ([36m128[0m/[36m763[0m batches, [36m1595754[0m pos/sec)]
Estimated time to end of superbatch: [36m52.6[0ms     [Fsuperbatch [36m112[0m [[35m33.6[0m% ([36m256[0m/[36m763[0m batches, [36m1616108[0m pos/sec)]
Estimated time to end of superbatch: [36m41.3[0ms     [Fsuperbatch [36m112[0m [[35m50.3[0m% ([36m384[0m/[36m763[0m batches, [36m1507436[0m pos/sec)]
Estimated time to end of superbatch: [36m33.0[0ms     [Fsuperbatch [36m112[0m [[35m67.1[0m% ([36m512[0m/[36m763[0m batches, [36m1459183[0m pos/sec)]
Estimated time to end of superbatch: [36m22.6[0ms     [Fsuperbatch [36m112[0m [[35m83.9[0m% ([36m640[0m/[36m763[0m batches, [36m1479820[0m pos/sec)]
Estimated time to end of superbatch: [36m10.9[0ms     [Fsuperbatch [36m112[0m | time [36m66.6[0ms | running loss [36m0.011784[0m | [36m1500525[0m pos/sec | total time [36m7455.5[0ms
Estimated time remaining in training: [36m3[0mh [36m39[0mm [36m40[0ms
LR dropped to [36m0.0006358484[0m
superbatch [36m113[0m [[35m0.0[0m% ([36m0[0m/[36m763[0m batches, [36m1736744[0m pos/sec)]
Estimated time to end of superbatch: [36minf[0ms     [Fsuperbatch [36m113[0m [[35m16.8[0m% ([36m128[0m/[36m763[0m batches, [36m1354774[0m pos/sec)]
Estimated time to end of superbatch: [36m61.9[0ms     [Fsuperbatch [36m113[0m [[35m33.6[0m% ([36m256[0m/[36m763[0m batches, [36m1315508[0m pos/sec)]
Estimated time to end of superbatch: [36m50.7[0ms     [Fsuperbatch [36m113[0m [[35m50.3[0m% ([36m384[0m/[36m763[0m batches, [36m1421184[0m pos/sec)]
Estimated time to end of superbatch: [36m35.0[0ms     [Fsuperbatch [36m113[0m [[35m67.1[0m% ([36m512[0m/[36m763[0m batches, [36m1490569[0m pos/sec)]
Estimated time to end of superbatch: [36m22.1[0ms     [Fsuperbatch [36m113[0m [[35m83.9[0m% ([36m640[0m/[36m763[0m batches, [36m1478018[0m pos/sec)]
Estimated time to end of superbatch: [36m10.9[0ms     [Fsuperbatch [36m113[0m | time [36m69.6[0ms | running loss [36m0.012026[0m | [36m1436214[0m pos/sec | total time [36m7525.1[0ms
Estimated time remaining in training: [36m3[0mh [36m38[0mm [36m38[0ms
LR dropped to [36m0.00063262583[0m
superbatch [36m114[0m [[35m0.0[0m% ([36m0[0m/[36m763[0m batches, [36m1964928[0m pos/sec)]
Estimated time to end of superbatch: [36minf[0ms     [Fsuperbatch [36m114[0m [[35m16.8[0m% ([36m128[0m/[36m763[0m batches, [36m1701306[0m pos/sec)]
Estimated time to end of superbatch: [36m49.3[0ms     [Fsuperbatch [36m114[0m [[35m33.6[0m% ([36m256[0m/[36m763[0m batches, [36m1683626[0m pos/sec)]
Estimated time to end of superbatch: [36m39.6[0ms     [Fsuperbatch [36m114[0m [[35m50.3[0m% ([36m384[0m/[36m763[0m batches, [36m1556908[0m pos/sec)]
Estimated time to end of superbatch: [36m32.0[0ms     [Fsuperbatch [36m114[0m [[35m67.1[0m% ([36m512[0m/[36m763[0m batches, [36m1491308[0m pos/sec)]
Estimated time to end of superbatch: [36m22.1[0ms     [Fsuperbatch [36m114[0m [[35m83.9[0m% ([36m640[0m/[36m763[0m batches, [36m1521536[0m pos/sec)]
Estimated time to end of superbatch: [36m10.6[0ms     [Fsuperbatch [36m114[0m | time [36m64.5[0ms | running loss [36m0.011848[0m | [36m1550662[0m pos/sec | total time [36m7589.6[0ms
Estimated time remaining in training: [36m3[0mh [36m37[0mm [36m28[0ms
LR dropped to [36m0.0006294033[0m
superbatch [36m115[0m [[35m0.0[0m% ([36m0[0m/[36m763[0m batches, [36m1987464[0m pos/sec)]
Estimated time to end of superbatch: [36minf[0ms     [Fsuperbatch [36m115[0m [[35m16.8[0m% ([36m128[0m/[36m763[0m batches, [36m1435403[0m pos/sec)]
Estimated time to end of superbatch: [36m58.4[0ms     [Fsuperbatch [36m115[0m [[35m33.6[0m% ([36m256[0m/[36m763[0m batches, [36m1349121[0m pos/sec)]
Estimated time to end of superbatch: [36m49.4[0ms     [Fsuperbatch [36m115[0m [[35m50.3[0m% ([36m384[0m/[36m763[0m batches, [36m1442612[0m pos/sec)]
Estimated time to end of superbatch: [36m34.5[0ms     [Fsuperbatch [36m115[0m [[35m67.1[0m% ([36m512[0m/[36m763[0m batches, [36m1507583[0m pos/sec)]
Estimated time to end of superbatch: [36m21.9[0ms     [Fsuperbatch [36m115[0m [[35m83.9[0m% ([36m640[0m/[36m763[0m batches, [36m1492703[0m pos/sec)]
Estimated time to end of superbatch: [36m10.8[0ms     [Fsuperbatch [36m115[0m | time [36m68.7[0ms | running loss [36m0.012061[0m | [36m1454749[0m pos/sec | total time [36m7658.4[0ms
Estimated time remaining in training: [36m3[0mh [36m36[0mm [36m25[0ms
LR dropped to [36m0.00062618067[0m
superbatch [36m116[0m [[35m0.0[0m% ([36m0[0m/[36m763[0m batches, [36m1656878[0m pos/sec)]
Estimated time to end of superbatch: [36minf[0ms     [Fsuperbatch [36m116[0m [[35m16.8[0m% ([36m128[0m/[36m763[0m batches, [36m1668739[0m pos/sec)]
Estimated time to end of superbatch: [36m50.3[0ms     [Fsuperbatch [36m116[0m [[35m33.6[0m% ([36m256[0m/[36m763[0m batches, [36m1743697[0m pos/sec)]
Estimated time to end of superbatch: [36m38.3[0ms     [Fsuperbatch [36m116[0m [[35m50.3[0m% ([36m384[0m/[36m763[0m batches, [36m1617433[0m pos/sec)]
Estimated time to end of superbatch: [36m30.8[0ms     [Fsuperbatch [36m116[0m [[35m67.1[0m% ([36m512[0m/[36m763[0m batches, [36m1517319[0m pos/sec)]
Estimated time to end of superbatch: [36m21.7[0ms     [Fsuperbatch [36m116[0m [[35m83.9[0m% ([36m640[0m/[36m763[0m batches, [36m1559688[0m pos/sec)]
Estimated time to end of superbatch: [36m10.4[0ms     [Fsuperbatch [36m116[0m | time [36m63.4[0ms | running loss [36m0.011900[0m | [36m1576782[0m pos/sec | total time [36m7721.8[0ms
Estimated time remaining in training: [36m3[0mh [36m35[0mm [36m14[0ms
LR dropped to [36m0.00062295806[0m
superbatch [36m117[0m [[35m0.0[0m% ([36m0[0m/[36m763[0m batches, [36m1755924[0m pos/sec)]
Estimated time to end of superbatch: [36minf[0ms     [Fsuperbatch [36m117[0m [[35m16.8[0m% ([36m128[0m/[36m763[0m batches, [36m1406576[0m pos/sec)]
Estimated time to end of superbatch: [36m59.6[0ms     [Fsuperbatch [36m117[0m [[35m33.6[0m% ([36m256[0m/[36m763[0m batches, [36m1355979[0m pos/sec)]
Estimated time to end of superbatch: [36m49.2[0ms     [Fsuperbatch [36m117[0m [[35m50.3[0m% ([36m384[0m/[36m763[0m batches, [36m1446596[0m pos/sec)]
Estimated time to end of superbatch: [36m34.4[0ms     [Fsuperbatch [36m117[0m [[35m67.1[0m% ([36m512[0m/[36m763[0m batches, [36m1502824[0m pos/sec)]
Estimated time to end of superbatch: [36m21.9[0ms     [Fsuperbatch [36m117[0m [[35m83.9[0m% ([36m640[0m/[36m763[0m batches, [36m1486218[0m pos/sec)]
Estimated time to end of superbatch: [36m10.9[0ms     [Fsuperbatch [36m117[0m | time [36m68.6[0ms | running loss [36m0.012091[0m | [36m1457886[0m pos/sec | total time [36m7790.4[0ms
Estimated time remaining in training: [36m3[0mh [36m34[0mm [36m10[0ms
LR dropped to [36m0.0006197355[0m
superbatch [36m118[0m [[35m0.0[0m% ([36m0[0m/[36m763[0m batches, [36m1214113[0m pos/sec)]
Estimated time to end of superbatch: [36minf[0ms     [Fsuperbatch [36m118[0m [[35m16.8[0m% ([36m128[0m/[36m763[0m batches, [36m1602556[0m pos/sec)]
Estimated time to end of superbatch: [36m52.3[0ms     [Fsuperbatch [36m118[0m [[35m33.6[0m% ([36m256[0m/[36m763[0m batches, [36m1641127[0m pos/sec)]
Estimated time to end of superbatch: [36m40.7[0ms     [Fsuperbatch [36m118[0m [[35m50.3[0m% ([36m384[0m/[36m763[0m batches, [36m1566479[0m pos/sec)]
Estimated time to end of superbatch: [36m31.8[0ms     [Fsuperbatch [36m118[0m [[35m67.1[0m% ([36m512[0m/[36m763[0m batches, [36m1520104[0m pos/sec)]
Estimated time to end of superbatch: [36m21.7[0ms     [Fsuperbatch [36m118[0m [[35m83.9[0m% ([36m640[0m/[36m763[0m batches, [36m1545960[0m pos/sec)]
Estimated time to end of superbatch: [36m10.4[0ms     [Fsuperbatch [36m118[0m | time [36m63.6[0ms | running loss [36m0.011948[0m | [36m1573475[0m pos/sec | total time [36m7853.9[0ms
Estimated time remaining in training: [36m3[0mh [36m32[0mm [36m59[0ms
LR dropped to [36m0.00061651296[0m
superbatch [36m119[0m [[35m0.0[0m% ([36m0[0m/[36m763[0m batches, [36m1896595[0m pos/sec)]
Estimated time to end of superbatch: [36minf[0ms     [Fsuperbatch [36m119[0m [[35m16.8[0m% ([36m128[0m/[36m763[0m batches, [36m1518800[0m pos/sec)]
Estimated time to end of superbatch: [36m55.2[0ms     [Fsuperbatch [36m119[0m [[35m33.6[0m% ([36m256[0m/[36m763[0m batches, [36m1453025[0m pos/sec)]
Estimated time to end of superbatch: [36m45.9[0ms     [Fsuperbatch [36m119[0m [[35m50.3[0m% ([36m384[0m/[36m763[0m batches, [36m1489388[0m pos/sec)]
Estimated time to end of superbatch: [36m33.4[0ms     [Fsuperbatch [36m119[0m [[35m67.1[0m% ([36m512[0m/[36m763[0m batches, [36m1545736[0m pos/sec)]
Estimated time to end of superbatch: [36m21.3[0ms     [Fsuperbatch [36m119[0m [[35m83.9[0m% ([36m640[0m/[36m763[0m batches, [36m1564512[0m pos/sec)]
Estimated time to end of superbatch: [36m10.3[0ms     [Fsuperbatch [36m119[0m | time [36m65.8[0ms | running loss [36m0.012130[0m | [36m1520668[0m pos/sec | total time [36m7919.7[0ms
Estimated time remaining in training: [36m3[0mh [36m31[0mm [36m51[0ms
LR dropped to [36m0.00061329035[0m
superbatch [36m120[0m [[35m0.0[0m% ([36m0[0m/[36m763[0m batches, [36m563808[0m pos/sec)]
Estimated time to end of superbatch: [36minf[0ms     [Fsuperbatch [36m120[0m [[35m16.8[0m% ([36m128[0m/[36m763[0m batches, [36m1656023[0m pos/sec)]
Estimated time to end of superbatch: [36m50.7[0ms     [Fsuperbatch [36m120[0m [[35m33.6[0m% ([36m256[0m/[36m763[0m batches, [36m1698158[0m pos/sec)]
Estimated time to end of superbatch: [36m39.3[0ms     [Fsuperbatch [36m120[0m [[35m50.3[0m% ([36m384[0m/[36m763[0m batches, [36m1662657[0m pos/sec)]
Estimated time to end of superbatch: [36m30.0[0ms     [Fsuperbatch [36m120[0m [[35m67.1[0m% ([36m512[0m/[36m763[0m batches, [36m1603358[0m pos/sec)]
Estimated time to end of superbatch: [36m20.6[0ms     [Fsuperbatch [36m120[0m [[35m83.9[0m% ([36m640[0m/[36m763[0m batches, [36m1629240[0m pos/sec)]
Estimated time to end of superbatch: [36m9.9[0ms     [Fsuperbatch [36m120[0m | time [36m60.5[0ms | running loss [36m0.012022[0m | [36m1653354[0m pos/sec | total time [36m7980.2[0ms
Estimated time remaining in training: [36m3[0mh [36m30[0mm [36m35[0ms
Saved [anna-v3-s1-120]
LR dropped to [36m0.0006100678[0m
superbatch [36m121[0m [[35m0.0[0m% ([36m0[0m/[36m763[0m batches, [36m1590924[0m pos/sec)]
Estimated time to end of superbatch: [36minf[0ms     [Fsuperbatch [36m121[0m [[35m16.8[0m% ([36m128[0m/[36m763[0m batches, [36m1842981[0m pos/sec)]
Estimated time to end of superbatch: [36m45.5[0ms     [Fsuperbatch [36m121[0m [[35m33.6[0m% ([36m256[0m/[36m763[0m batches, [36m1674157[0m pos/sec)]
Estimated time to end of superbatch: [36m39.8[0ms     [Fsuperbatch [36m121[0m [[35m50.3[0m% ([36m384[0m/[36m763[0m batches, [36m1657650[0m pos/sec)]
Estimated time to end of superbatch: [36m30.0[0ms     [Fsuperbatch [36m121[0m [[35m67.1[0m% ([36m512[0m/[36m763[0m batches, [36m1681428[0m pos/sec)]
Estimated time to end of superbatch: [36m19.6[0ms     [Fsuperbatch [36m121[0m [[35m83.9[0m% ([36m640[0m/[36m763[0m batches, [36m1637448[0m pos/sec)]
Estimated time to end of superbatch: [36m9.9[0ms     [Fsuperbatch [36m121[0m | time [36m63.0[0ms | running loss [36m0.012189[0m | [36m1586350[0m pos/sec | total time [36m8053.9[0ms
Estimated time remaining in training: [36m3[0mh [36m29[0mm [36m40[0ms
LR dropped to [36m0.0006068452[0m
superbatch [36m122[0m [[35m0.0[0m% ([36m0[0m/[36m763[0m batches, [36m925885[0m pos/sec)]
Estimated time to end of superbatch: [36minf[0ms     [Fsuperbatch [36m122[0m [[35m16.8[0m% ([36m128[0m/[36m763[0m batches, [36m1538607[0m pos/sec)]
Estimated time to end of superbatch: [36m54.5[0ms     [Fsuperbatch [36m122[0m [[35m33.6[0m% ([36m256[0m/[36m763[0m batches, [36m1660656[0m pos/sec)]
Estimated time to end of superbatch: [36m40.2[0ms     [Fsuperbatch [36m122[0m [[35m50.3[0m% ([36m384[0m/[36m763[0m batches, [36m1591700[0m pos/sec)]
Estimated time to end of superbatch: [36m31.3[0ms     [Fsuperbatch [36m122[0m [[35m67.1[0m% ([36m512[0m/[36m763[0m batches, [36m1521945[0m pos/sec)]
Estimated time to end of superbatch: [36m21.7[0ms     [Fsuperbatch [36m122[0m [[35m83.9[0m% ([36m640[0m/[36m763[0m batches, [36m1519259[0m pos/sec)]
Estimated time to end of superbatch: [36m10.6[0ms     [Fsuperbatch [36m122[0m | time [36m64.8[0ms | running loss [36m0.012099[0m | [36m1543340[0m pos/sec | total time [36m8118.7[0ms
Estimated time remaining in training: [36m3[0mh [36m28[0mm [36m30[0ms
LR dropped to [36m0.00060362264[0m
superbatch [36m123[0m [[35m0.0[0m% ([36m0[0m/[36m763[0m batches, [36m1911754[0m pos/sec)]
Estimated time to end of superbatch: [36minf[0ms     [Fsuperbatch [36m123[0m [[35m16.8[0m% ([36m128[0m/[36m763[0m batches, [36m1521231[0m pos/sec)]
Estimated time to end of superbatch: [36m55.1[0ms     [Fsuperbatch [36m123[0m [[35m33.6[0m% ([36m256[0m/[36m763[0m batches, [36m1400655[0m pos/sec)]
Estimated time to end of superbatch: [36m47.6[0ms     [Fsuperbatch [36m123[0m [[35m50.3[0m% ([36m384[0m/[36m763[0m batches, [36m1452872[0m pos/sec)]
Estimated time to end of superbatch: [36m34.3[0ms     [Fsuperbatch [36m123[0m [[35m67.1[0m% ([36m512[0m/[36m763[0m batches, [36m1513387[0m pos/sec)]
Estimated time to end of superbatch: [36m21.8[0ms     [Fsuperbatch [36m123[0m [[35m83.9[0m% ([36m640[0m/[36m763[0m batches, [36m1522222[0m pos/sec)]
Estimated time to end of superbatch: [36m10.6[0ms     [Fsuperbatch [36m123[0m | time [36m67.4[0ms | running loss [36m0.012223[0m | [36m1483849[0m pos/sec | total time [36m8186.1[0ms
Estimated time remaining in training: [36m3[0mh [36m27[0mm [36m25[0ms
LR dropped to [36m0.00060040003[0m
superbatch [36m124[0m [[35m0.0[0m% ([36m0[0m/[36m763[0m batches, [36m1794973[0m pos/sec)]
Estimated time to end of superbatch: [36minf[0ms     [Fsuperbatch [36m124[0m [[35m16.8[0m% ([36m128[0m/[36m763[0m batches, [36m1568951[0m pos/sec)]
Estimated time to end of superbatch: [36m53.5[0ms     [Fsuperbatch [36m124[0m [[35m33.6[0m% ([36m256[0m/[36m763[0m batches, [36m1635068[0m pos/sec)]
Estimated time to end of superbatch: [36m40.8[0ms     [Fsuperbatch [36m124[0m [[35m50.3[0m% ([36m384[0m/[36m763[0m batches, [36m1626038[0m pos/sec)]
Estimated time to end of superbatch: [36m30.6[0ms     [Fsuperbatch [36m124[0m [[35m67.1[0m% ([36m512[0m/[36m763[0m batches, [36m1531462[0m pos/sec)]
Estimated time to end of superbatch: [36m21.5[0ms     [Fsuperbatch [36m124[0m [[35m83.9[0m% ([36m640[0m/[36m763[0m batches, [36m1523032[0m pos/sec)]
Estimated time to end of superbatch: [36m10.6[0ms     [Fsuperbatch [36m124[0m | time [36m64.4[0ms | running loss [36m0.012132[0m | [36m1552956[0m pos/sec | total time [36m8250.5[0ms
Estimated time remaining in training: [36m3[0mh [36m26[0mm [36m15[0ms
LR dropped to [36m0.0005971774[0m
superbatch [36m125[0m [[35m0.0[0m% ([36m0[0m/[36m763[0m batches, [36m1966471[0m pos/sec)]
Estimated time to end of superbatch: [36minf[0ms     [Fsuperbatch [36m125[0m [[35m16.8[0m% ([36m128[0m/[36m763[0m batches, [36m1621418[0m pos/sec)]
Estimated time to end of superbatch: [36m51.7[0ms     [Fsuperbatch [36m125[0m [[35m33.6[0m% ([36m256[0m/[36m763[0m batches, [36m1497173[0m pos/sec)]
Estimated time to end of superbatch: [36m44.6[0ms     [Fsuperbatch [36m125[0m [[35m50.3[0m% ([36m384[0m/[36m763[0m batches, [36m1514686[0m pos/sec)]
Estimated time to end of superbatch: [36m32.9[0ms     [Fsuperbatch [36m125[0m [[35m67.1[0m% ([36m512[0m/[36m763[0m batches, [36m1571760[0m pos/sec)]
Estimated time to end of superbatch: [36m21.0[0ms     [Fsuperbatch [36m125[0m [[35m83.9[0m% ([36m640[0m/[36m763[0m batches, [36m1590292[0m pos/sec)]
Estimated time to end of superbatch: [36m10.2[0ms     [Fsuperbatch [36m125[0m | time [36m64.4[0ms | running loss [36m0.012328[0m | [36m1553651[0m pos/sec | total time [36m8314.9[0ms
Estimated time remaining in training: [36m3[0mh [36m25[0mm [36m6[0ms
LR dropped to [36m0.0005939549[0m
superbatch [36m126[0m [[35m0.0[0m% ([36m0[0m/[36m763[0m batches, [36m1804709[0m pos/sec)]
Estimated time to end of superbatch: [36minf[0ms     [Fsuperbatch [36m126[0m [[35m16.8[0m% ([36m128[0m/[36m763[0m batches, [36m1555095[0m pos/sec)]
Estimated time to end of superbatch: [36m53.9[0ms     [Fsuperbatch [36m126[0m [[35m33.6[0m% ([36m256[0m/[36m763[0m batches, [36m1638049[0m pos/sec)]
Estimated time to end of superbatch: [36m40.7[0ms     [Fsuperbatch [36m126[0m [[35m50.3[0m% ([36m384[0m/[36m763[0m batches, [36m1612492[0m pos/sec)]
Estimated time to end of superbatch: [36m30.9[0ms     [Fsuperbatch [36m126[0m [[35m67.1[0m% ([36m512[0m/[36m763[0m batches, [36m1531993[0m pos/sec)]
Estimated time to end of superbatch: [36m21.5[0ms     [Fsuperbatch [36m126[0m [[35m83.9[0m% ([36m640[0m/[36m763[0m batches, [36m1531480[0m pos/sec)]
Estimated time to end of superbatch: [36m10.5[0ms     [Fsuperbatch [36m126[0m | time [36m64.0[0ms | running loss [36m0.012306[0m | [36m1562883[0m pos/sec | total time [36m8378.9[0ms
Estimated time remaining in training: [36m3[0mh [36m23[0mm [36m55[0ms
LR dropped to [36m0.0005907323[0m
superbatch [36m127[0m [[35m0.0[0m% ([36m0[0m/[36m763[0m batches, [36m1551218[0m pos/sec)]
Estimated time to end of superbatch: [36minf[0ms     [Fsuperbatch [36m127[0m [[35m16.8[0m% ([36m128[0m/[36m763[0m batches, [36m1643996[0m pos/sec)]
Estimated time to end of superbatch: [36m51.0[0ms     [Fsuperbatch [36m127[0m [[35m33.6[0m% ([36m256[0m/[36m763[0m batches, [36m1443315[0m pos/sec)]
Estimated time to end of superbatch: [36m46.2[0ms     [Fsuperbatch [36m127[0m [[35m50.3[0m% ([36m384[0m/[36m763[0m batches, [36m1443051[0m pos/sec)]
Estimated time to end of superbatch: [36m34.5[0ms     [Fsuperbatch [36m127[0m [[35m67.1[0m% ([36m512[0m/[36m763[0m batches, [36m1488446[0m pos/sec)]
Estimated time to end of superbatch: [36m22.1[0ms     [Fsuperbatch [36m127[0m [[35m83.9[0m% ([36m640[0m/[36m763[0m batches, [36m1511086[0m pos/sec)]
Estimated time to end of superbatch: [36m10.7[0ms     [Fsuperbatch [36m127[0m | time [36m68.0[0ms | running loss [36m0.012405[0m | [36m1470793[0m pos/sec | total time [36m8446.9[0ms
Estimated time remaining in training: [36m3[0mh [36m22[0mm [36m51[0ms
LR dropped to [36m0.0005875097[0m
superbatch [36m128[0m [[35m0.0[0m% ([36m0[0m/[36m763[0m batches, [36m1327488[0m pos/sec)]
Estimated time to end of superbatch: [36minf[0ms     [Fsuperbatch [36m128[0m [[35m16.8[0m% ([36m128[0m/[36m763[0m batches, [36m1476191[0m pos/sec)]
Estimated time to end of superbatch: [36m56.8[0ms     [Fsuperbatch [36m128[0m [[35m33.6[0m% ([36m256[0m/[36m763[0m batches, [36m1606566[0m pos/sec)]
Estimated time to end of superbatch: [36m41.5[0ms     [Fsuperbatch [36m128[0m [[35m50.3[0m% ([36m384[0m/[36m763[0m batches, [36m1618713[0m pos/sec)]
Estimated time to end of superbatch: [36m30.8[0ms     [Fsuperbatch [36m128[0m [[35m67.1[0m% ([36m512[0m/[36m763[0m batches, [36m1531148[0m pos/sec)]
Estimated time to end of superbatch: [36m21.5[0ms     [Fsuperbatch [36m128[0m [[35m83.9[0m% ([36m640[0m/[36m763[0m batches, [36m1519111[0m pos/sec)]
Estimated time to end of superbatch: [36m10.6[0ms     [Fsuperbatch [36m128[0m | time [36m64.3[0ms | running loss [36m0.012380[0m | [36m1554714[0m pos/sec | total time [36m8511.2[0ms
Estimated time remaining in training: [36m3[0mh [36m21[0mm [36m41[0ms
LR dropped to [36m0.0005842871[0m
superbatch [36m129[0m [[35m0.0[0m% ([36m0[0m/[36m763[0m batches, [36m2058246[0m pos/sec)]
Estimated time to end of superbatch: [36minf[0ms     [Fsuperbatch [36m129[0m [[35m16.8[0m% ([36m128[0m/[36m763[0m batches, [36m1653108[0m pos/sec)]
Estimated time to end of superbatch: [36m50.7[0ms     [Fsuperbatch [36m129[0m [[35m33.6[0m% ([36m256[0m/[36m763[0m batches, [36m1461757[0m pos/sec)]
Estimated time to end of superbatch: [36m45.6[0ms     [Fsuperbatch [36m129[0m [[35m50.3[0m% ([36m384[0m/[36m763[0m batches, [36m1459777[0m pos/sec)]
Estimated time to end of superbatch: [36m34.1[0ms     [Fsuperbatch [36m129[0m [[35m67.1[0m% ([36m512[0m/[36m763[0m batches, [36m1513983[0m pos/sec)]
Estimated time to end of superbatch: [36m21.8[0ms     [Fsuperbatch [36m129[0m [[35m83.9[0m% ([36m640[0m/[36m763[0m batches, [36m1542529[0m pos/sec)]
Estimated time to end of superbatch: [36m10.5[0ms     [Fsuperbatch [36m129[0m | time [36m66.5[0ms | running loss [36m0.012429[0m | [36m1503547[0m pos/sec | total time [36m8577.7[0ms
Estimated time remaining in training: [36m3[0mh [36m20[0mm [36m35[0ms
LR dropped to [36m0.00058106455[0m
superbatch [36m130[0m [[35m0.0[0m% ([36m0[0m/[36m763[0m batches, [36m868413[0m pos/sec)]
Estimated time to end of superbatch: [36minf[0ms     [Fsuperbatch [36m130[0m [[35m16.8[0m% ([36m128[0m/[36m763[0m batches, [36m1424635[0m pos/sec)]
Estimated time to end of superbatch: [36m58.9[0ms     [Fsuperbatch [36m130[0m [[35m33.6[0m% ([36m256[0m/[36m763[0m batches, [36m1548058[0m pos/sec)]
Estimated time to end of superbatch: [36m43.1[0ms     [Fsuperbatch [36m130[0m [[35m50.3[0m% ([36m384[0m/[36m763[0m batches, [36m1567512[0m pos/sec)]
Estimated time to end of superbatch: [36m31.8[0ms     [Fsuperbatch [36m130[0m [[35m67.1[0m% ([36m512[0m/[36m763[0m batches, [36m1475190[0m pos/sec)]
Estimated time to end of superbatch: [36m22.3[0ms     [Fsuperbatch [36m130[0m [[35m83.9[0m% ([36m640[0m/[36m763[0m batches, [36m1466506[0m pos/sec)]
Estimated time to end of superbatch: [36m11.0[0ms     [Fsuperbatch [36m130[0m | time [36m67.2[0ms | running loss [36m0.012420[0m | [36m1489237[0m pos/sec | total time [36m8644.9[0ms
Estimated time remaining in training: [36m3[0mh [36m19[0mm [36m29[0ms
LR dropped to [36m0.00057784194[0m
superbatch [36m131[0m [[35m0.0[0m% ([36m0[0m/[36m763[0m batches, [36m2002712[0m pos/sec)]
Estimated time to end of superbatch: [36minf[0ms     [Fsuperbatch [36m131[0m [[35m16.8[0m% ([36m128[0m/[36m763[0m batches, [36m1798360[0m pos/sec)]
Estimated time to end of superbatch: [36m46.6[0ms     [Fsuperbatch [36m131[0m [[35m33.6[0m% ([36m256[0m/[36m763[0m batches, [36m1530798[0m pos/sec)]
Estimated time to end of superbatch: [36m43.6[0ms     [Fsuperbatch [36m131[0m [[35m50.3[0m% ([36m384[0m/[36m763[0m batches, [36m1503606[0m pos/sec)]
Estimated time to end of superbatch: [36m33.1[0ms     [Fsuperbatch [36m131[0m [[35m67.1[0m% ([36m512[0m/[36m763[0m batches, [36m1533161[0m pos/sec)]
Estimated time to end of superbatch: [36m21.5[0ms     [Fsuperbatch [36m131[0m [[35m83.9[0m% ([36m640[0m/[36m763[0m batches, [36m1569331[0m pos/sec)]
Estimated time to end of superbatch: [36m10.3[0ms     [Fsuperbatch [36m131[0m | time [36m65.3[0ms | running loss [36m0.012471[0m | [36m1532437[0m pos/sec | total time [36m8710.1[0ms
Estimated time remaining in training: [36m3[0mh [36m18[0mm [36m21[0ms
LR dropped to [36m0.0005746194[0m
superbatch [36m132[0m [[35m0.0[0m% ([36m0[0m/[36m763[0m batches, [36m1671907[0m pos/sec)]
Estimated time to end of superbatch: [36minf[0ms     [Fsuperbatch [36m132[0m [[35m16.8[0m% ([36m128[0m/[36m763[0m batches, [36m1352236[0m pos/sec)]
Estimated time to end of superbatch: [36m62.0[0ms     [Fsuperbatch [36m132[0m [[35m33.6[0m% ([36m256[0m/[36m763[0m batches, [36m1480947[0m pos/sec)]
Estimated time to end of superbatch: [36m45.0[0ms     [Fsuperbatch [36m132[0m [[35m50.3[0m% ([36m384[0m/[36m763[0m batches, [36m1519137[0m pos/sec)]
Estimated time to end of superbatch: [36m32.8[0ms     [Fsuperbatch [36m132[0m [[35m67.1[0m% ([36m512[0m/[36m763[0m batches, [36m1445783[0m pos/sec)]
Estimated time to end of superbatch: [36m22.8[0ms     [Fsuperbatch [36m132[0m [[35m83.9[0m% ([36m640[0m/[36m763[0m batches, [36m1437760[0m pos/sec)]
Estimated time to end of superbatch: [36m11.2[0ms     [Fsuperbatch [36m132[0m | time [36m68.2[0ms | running loss [36m0.012477[0m | [36m1467450[0m pos/sec | total time [36m8778.3[0ms
Estimated time remaining in training: [36m3[0mh [36m17[0mm [36m17[0ms
LR dropped to [36m0.0005713968[0m
superbatch [36m133[0m [[35m0.0[0m% ([36m0[0m/[36m763[0m batches, [36m1874848[0m pos/sec)]
Estimated time to end of superbatch: [36minf[0ms     [Fsuperbatch [36m133[0m [[35m16.8[0m% ([36m128[0m/[36m763[0m batches, [36m1745806[0m pos/sec)]
Estimated time to end of superbatch: [36m48.0[0ms     [Fsuperbatch [36m133[0m [[35m33.6[0m% ([36m256[0m/[36m763[0m batches, [36m1536498[0m pos/sec)]
Estimated time to end of superbatch: [36m43.4[0ms     [Fsuperbatch [36m133[0m [[35m50.3[0m% ([36m384[0m/[36m763[0m batches, [36m1476963[0m pos/sec)]
Estimated time to end of superbatch: [36m33.7[0ms     [Fsuperbatch [36m133[0m [[35m67.1[0m% ([36m512[0m/[36m763[0m batches, [36m1515156[0m pos/sec)]
Estimated time to end of superbatch: [36m21.8[0ms     [Fsuperbatch [36m133[0m [[35m83.9[0m% ([36m640[0m/[36m763[0m batches, [36m1567536[0m pos/sec)]
Estimated time to end of superbatch: [36m10.3[0ms     [Fsuperbatch [36m133[0m | time [36m66.4[0ms | running loss [36m0.012500[0m | [36m1505412[0m pos/sec | total time [36m8844.7[0ms
Estimated time remaining in training: [36m3[0mh [36m16[0mm [36m10[0ms
LR dropped to [36m0.00056817423[0m
superbatch [36m134[0m [[35m0.0[0m% ([36m0[0m/[36m763[0m batches, [36m1778602[0m pos/sec)]
Estimated time to end of superbatch: [36minf[0ms     [Fsuperbatch [36m134[0m [[35m16.8[0m% ([36m128[0m/[36m763[0m batches, [36m1324307[0m pos/sec)]
Estimated time to end of superbatch: [36m63.3[0ms     [Fsuperbatch [36m134[0m [[35m33.6[0m% ([36m256[0m/[36m763[0m batches, [36m1436569[0m pos/sec)]
Estimated time to end of superbatch: [36m46.4[0ms     [Fsuperbatch [36m134[0m [[35m50.3[0m% ([36m384[0m/[36m763[0m batches, [36m1519774[0m pos/sec)]
Estimated time to end of superbatch: [36m32.8[0ms     [Fsuperbatch [36m134[0m [[35m67.1[0m% ([36m512[0m/[36m763[0m batches, [36m1467110[0m pos/sec)]
Estimated time to end of superbatch: [36m22.5[0ms     [Fsuperbatch [36m134[0m [[35m83.9[0m% ([36m640[0m/[36m763[0m batches, [36m1444219[0m pos/sec)]
Estimated time to end of superbatch: [36m11.2[0ms     [Fsuperbatch [36m134[0m | time [36m67.7[0ms | running loss [36m0.012539[0m | [36m1477126[0m pos/sec | total time [36m8912.4[0ms
Estimated time remaining in training: [36m3[0mh [36m15[0mm [36m5[0ms
LR dropped to [36m0.0005649517[0m
superbatch [36m135[0m [[35m0.0[0m% ([36m0[0m/[36m763[0m batches, [36m2099051[0m pos/sec)]
Estimated time to end of superbatch: [36minf[0ms     [Fsuperbatch [36m135[0m [[35m16.8[0m% ([36m128[0m/[36m763[0m batches, [36m1708147[0m pos/sec)]
Estimated time to end of superbatch: [36m49.1[0ms     [Fsuperbatch [36m135[0m [[35m33.6[0m% ([36m256[0m/[36m763[0m batches, [36m1538002[0m pos/sec)]
Estimated time to end of superbatch: [36m43.4[0ms     [Fsuperbatch [36m135[0m [[35m50.3[0m% ([36m384[0m/[36m763[0m batches, [36m1475186[0m pos/sec)]
Estimated time to end of superbatch: [36m33.8[0ms     [Fsuperbatch [36m135[0m [[35m67.1[0m% ([36m512[0m/[36m763[0m batches, [36m1521750[0m pos/sec)]
Estimated time to end of superbatch: [36m21.7[0ms     [Fsuperbatch [36m135[0m [[35m83.9[0m% ([36m640[0m/[36m763[0m batches, [36m1537993[0m pos/sec)]
Estimated time to end of superbatch: [36m10.5[0ms     [Fsuperbatch [36m135[0m | time [36m65.9[0ms | running loss [36m0.012534[0m | [36m1517132[0m pos/sec | total time [36m8978.3[0ms
Estimated time remaining in training: [36m3[0mh [36m13[0mm [36m58[0ms
LR dropped to [36m0.0005617291[0m
superbatch [36m136[0m [[35m0.0[0m% ([36m0[0m/[36m763[0m batches, [36m923856[0m pos/sec)]
Estimated time to end of superbatch: [36minf[0ms     [Fsuperbatch [36m136[0m [[35m16.8[0m% ([36m128[0m/[36m763[0m batches, [36m1423827[0m pos/sec)]
Estimated time to end of superbatch: [36m58.9[0ms     [Fsuperbatch [36m136[0m [[35m33.6[0m% ([36m256[0m/[36m763[0m batches, [36m1536829[0m pos/sec)]
Estimated time to end of superbatch: [36m43.4[0ms     [Fsuperbatch [36m136[0m [[35m50.3[0m% ([36m384[0m/[36m763[0m batches, [36m1597236[0m pos/sec)]
Estimated time to end of superbatch: [36m31.2[0ms     [Fsuperbatch [36m136[0m [[35m67.1[0m% ([36m512[0m/[36m763[0m batches, [36m1514799[0m pos/sec)]
Estimated time to end of superbatch: [36m21.8[0ms     [Fsuperbatch [36m136[0m [[35m83.9[0m% ([36m640[0m/[36m763[0m batches, [36m1476680[0m pos/sec)]
Estimated time to end of superbatch: [36m10.9[0ms     [Fsuperbatch [36m136[0m | time [36m66.6[0ms | running loss [36m0.012640[0m | [36m1502049[0m pos/sec | total time [36m9044.9[0ms
Estimated time remaining in training: [36m3[0mh [36m12[0mm [36m52[0ms
LR dropped to [36m0.00055850646[0m
superbatch [36m137[0m [[35m0.0[0m% ([36m0[0m/[36m763[0m batches, [36m1859064[0m pos/sec)]
Estimated time to end of superbatch: [36minf[0ms     [Fsuperbatch [36m137[0m [[35m16.8[0m% ([36m128[0m/[36m763[0m batches, [36m1746318[0m pos/sec)]
Estimated time to end of superbatch: [36m48.0[0ms     [Fsuperbatch [36m137[0m [[35m33.6[0m% ([36m256[0m/[36m763[0m batches, [36m1543857[0m pos/sec)]
Estimated time to end of superbatch: [36m43.2[0ms     [Fsuperbatch [36m137[0m [[35m50.3[0m% ([36m384[0m/[36m763[0m batches, [36m1475271[0m pos/sec)]
Estimated time to end of superbatch: [36m33.8[0ms     [Fsuperbatch [36m137[0m [[35m67.1[0m% ([36m512[0m/[36m763[0m batches, [36m1518640[0m pos/sec)]
Estimated time to end of superbatch: [36m21.7[0ms     [Fsuperbatch [36m137[0m [[35m83.9[0m% ([36m640[0m/[36m763[0m batches, [36m1554412[0m pos/sec)]
Estimated time to end of superbatch: [36m10.4[0ms     [Fsuperbatch [36m137[0m | time [36m65.7[0ms | running loss [36m0.012612[0m | [36m1522752[0m pos/sec | total time [36m9110.6[0ms
Estimated time remaining in training: [36m3[0mh [36m11[0mm [36m44[0ms
LR dropped to [36m0.0005552839[0m
superbatch [36m138[0m [[35m0.0[0m% ([36m0[0m/[36m763[0m batches, [36m1696376[0m pos/sec)]
Estimated time to end of superbatch: [36minf[0ms     [Fsuperbatch [36m138[0m [[35m16.8[0m% ([36m128[0m/[36m763[0m batches, [36m1351931[0m pos/sec)]
Estimated time to end of superbatch: [36m62.0[0ms     [Fsuperbatch [36m138[0m [[35m33.6[0m% ([36m256[0m/[36m763[0m batches, [36m1468967[0m pos/sec)]
Estimated time to end of superbatch: [36m45.4[0ms     [Fsuperbatch [36m138[0m [[35m50.3[0m% ([36m384[0m/[36m763[0m batches, [36m1555572[0m pos/sec)]
Estimated time to end of superbatch: [36m32.0[0ms     [Fsuperbatch [36m138[0m [[35m67.1[0m% ([36m512[0m/[36m763[0m batches, [36m1503947[0m pos/sec)]
Estimated time to end of superbatch: [36m21.9[0ms     [Fsuperbatch [36m138[0m [[35m83.9[0m% ([36m640[0m/[36m763[0m batches, [36m1476021[0m pos/sec)]
Estimated time to end of superbatch: [36m10.9[0ms     [Fsuperbatch [36m138[0m | time [36m66.4[0ms | running loss [36m0.012687[0m | [36m1505763[0m pos/sec | total time [36m9177.0[0ms
Estimated time remaining in training: [36m3[0mh [36m10[0mm [36m37[0ms
LR dropped to [36m0.00055206136[0m
superbatch [36m139[0m [[35m0.0[0m% ([36m0[0m/[36m763[0m batches, [36m679109[0m pos/sec)]
Estimated time to end of superbatch: [36minf[0ms     [Fsuperbatch [36m139[0m [[35m16.8[0m% ([36m128[0m/[36m763[0m batches, [36m1713252[0m pos/sec)]
Estimated time to end of superbatch: [36m49.0[0ms     [Fsuperbatch [36m139[0m [[35m33.6[0m% ([36m256[0m/[36m763[0m batches, [36m1604917[0m pos/sec)]
Estimated time to end of superbatch: [36m41.6[0ms     [Fsuperbatch [36m139[0m [[35m50.3[0m% ([36m384[0m/[36m763[0m batches, [36m1512368[0m pos/sec)]
Estimated time to end of superbatch: [36m32.9[0ms     [Fsuperbatch [36m139[0m [[35m67.1[0m% ([36m512[0m/[36m763[0m batches, [36m1558049[0m pos/sec)]
Estimated time to end of superbatch: [36m21.2[0ms     [Fsuperbatch [36m139[0m [[35m83.9[0m% ([36m640[0m/[36m763[0m batches, [36m1585059[0m pos/sec)]
Estimated time to end of superbatch: [36m10.2[0ms     [Fsuperbatch [36m139[0m | time [36m64.3[0ms | running loss [36m0.012630[0m | [36m1554589[0m pos/sec | total time [36m9241.3[0ms
Estimated time remaining in training: [36m3[0mh [36m9[0mm [36m28[0ms
LR dropped to [36m0.00054883875[0m
superbatch [36m140[0m [[35m0.0[0m% ([36m0[0m/[36m763[0m batches, [36m1660859[0m pos/sec)]
Estimated time to end of superbatch: [36minf[0ms     [Fsuperbatch [36m140[0m [[35m16.8[0m% ([36m128[0m/[36m763[0m batches, [36m1353992[0m pos/sec)]
Estimated time to end of superbatch: [36m62.0[0ms     [Fsuperbatch [36m140[0m [[35m33.6[0m% ([36m256[0m/[36m763[0m batches, [36m1496139[0m pos/sec)]
Estimated time to end of superbatch: [36m44.6[0ms     [Fsuperbatch [36m140[0m [[35m50.3[0m% ([36m384[0m/[36m763[0m batches, [36m1574175[0m pos/sec)]
Estimated time to end of superbatch: [36m31.6[0ms     [Fsuperbatch [36m140[0m [[35m67.1[0m% ([36m512[0m/[36m763[0m batches, [36m1564552[0m pos/sec)]
Estimated time to end of superbatch: [36m21.1[0ms     [Fsuperbatch [36m140[0m [[35m83.9[0m% ([36m640[0m/[36m763[0m batches, [36m1526562[0m pos/sec)]
Estimated time to end of superbatch: [36m10.6[0ms     [Fsuperbatch [36m140[0m | time [36m64.6[0ms | running loss [36m0.012752[0m | [36m1549286[0m pos/sec | total time [36m9305.9[0ms
Estimated time remaining in training: [36m3[0mh [36m8[0mm [36m19[0ms
Saved [anna-v3-s1-140]
LR dropped to [36m0.00054561615[0m
superbatch [36m141[0m [[35m0.0[0m% ([36m0[0m/[36m763[0m batches, [36m1993216[0m pos/sec)]
Estimated time to end of superbatch: [36minf[0ms     [Fsuperbatch [36m141[0m [[35m16.8[0m% ([36m128[0m/[36m763[0m batches, [36m1861826[0m pos/sec)]
Estimated time to end of superbatch: [36m45.1[0ms     [Fsuperbatch [36m141[0m [[35m33.6[0m% ([36m256[0m/[36m763[0m batches, [36m1783794[0m pos/sec)]
Estimated time to end of superbatch: [36m37.4[0ms     [Fsuperbatch [36m141[0m [[35m50.3[0m% ([36m384[0m/[36m763[0m batches, [36m1632595[0m pos/sec)]
Estimated time to end of superbatch: [36m30.5[0ms     [Fsuperbatch [36m141[0m [[35m67.1[0m% ([36m512[0m/[36m763[0m batches, [36m1668372[0m pos/sec)]
Estimated time to end of superbatch: [36m19.8[0ms     [Fsuperbatch [36m141[0m [[35m83.9[0m% ([36m640[0m/[36m763[0m batches, [36m1692490[0m pos/sec)]
Estimated time to end of superbatch: [36m9.5[0ms     [Fsuperbatch [36m141[0m | time [36m60.8[0ms | running loss [36m0.012698[0m | [36m1644632[0m pos/sec | total time [36m9378.4[0ms
Estimated time remaining in training: [36m3[0mh [36m7[0mm [36m20[0ms
LR dropped to [36m0.00054239354[0m
superbatch [36m142[0m [[35m0.0[0m% ([36m0[0m/[36m763[0m batches, [36m1329027[0m pos/sec)]
Estimated time to end of superbatch: [36minf[0ms     [Fsuperbatch [36m142[0m [[35m16.8[0m% ([36m128[0m/[36m763[0m batches, [36m1412832[0m pos/sec)]
Estimated time to end of superbatch: [36m59.4[0ms     [Fsuperbatch [36m142[0m [[35m33.6[0m% ([36m256[0m/[36m763[0m batches, [36m1531001[0m pos/sec)]
Estimated time to end of superbatch: [36m43.6[0ms     [Fsuperbatch [36m142[0m [[35m50.3[0m% ([36m384[0m/[36m763[0m batches, [36m1591395[0m pos/sec)]
Estimated time to end of superbatch: [36m31.3[0ms     [Fsuperbatch [36m142[0m [[35m67.1[0m% ([36m512[0m/[36m763[0m batches, [36m1534569[0m pos/sec)]
Estimated time to end of superbatch: [36m21.5[0ms     [Fsuperbatch [36m142[0m [[35m83.9[0m% ([36m640[0m/[36m763[0m batches, [36m1492333[0m pos/sec)]
Estimated time to end of superbatch: [36m10.8[0ms     [Fsuperbatch [36m142[0m | time [36m66.1[0ms | running loss [36m0.012841[0m | [36m1513467[0m pos/sec | total time [36m9444.4[0ms
Estimated time remaining in training: [36m3[0mh [36m6[0mm [36m13[0ms
LR dropped to [36m0.000539171[0m
superbatch [36m143[0m [[35m0.0[0m% ([36m0[0m/[36m763[0m batches, [36m1805774[0m pos/sec)]
Estimated time to end of superbatch: [36minf[0ms     [Fsuperbatch [36m143[0m [[35m16.8[0m% ([36m128[0m/[36m763[0m batches, [36m1643337[0m pos/sec)]
Estimated time to end of superbatch: [36m51.0[0ms     [Fsuperbatch [36m143[0m [[35m33.6[0m% ([36m256[0m/[36m763[0m batches, [36m1528874[0m pos/sec)]
Estimated time to end of superbatch: [36m43.6[0ms     [Fsuperbatch [36m143[0m [[35m50.3[0m% ([36m384[0m/[36m763[0m batches, [36m1470079[0m pos/sec)]
Estimated time to end of superbatch: [36m33.9[0ms     [Fsuperbatch [36m143[0m [[35m67.1[0m% ([36m512[0m/[36m763[0m batches, [36m1506018[0m pos/sec)]
Estimated time to end of superbatch: [36m21.9[0ms     [Fsuperbatch [36m143[0m [[35m83.9[0m% ([36m640[0m/[36m763[0m batches, [36m1529723[0m pos/sec)]
Estimated time to end of superbatch: [36m10.6[0ms     [Fsuperbatch [36m143[0m | time [36m65.3[0ms | running loss [36m0.012710[0m | [36m1530367[0m pos/sec | total time [36m9509.8[0ms
Estimated time remaining in training: [36m3[0mh [36m5[0mm [36m5[0ms
LR dropped to [36m0.00053594843[0m
superbatch [36m144[0m [[35m0.0[0m% ([36m0[0m/[36m763[0m batches, [36m1813020[0m pos/sec)]
Estimated time to end of superbatch: [36minf[0ms     [Fsuperbatch [36m144[0m [[35m16.8[0m% ([36m128[0m/[36m763[0m batches, [36m1290704[0m pos/sec)]
Estimated time to end of superbatch: [36m65.0[0ms     [Fsuperbatch [36m144[0m [[35m33.6[0m% ([36m256[0m/[36m763[0m batches, [36m1425584[0m pos/sec)]
Estimated time to end of superbatch: [36m46.8[0ms     [Fsuperbatch [36m144[0m [[35m50.3[0m% ([36m384[0m/[36m763[0m batches, [36m1498119[0m pos/sec)]
Estimated time to end of superbatch: [36m33.2[0ms     [Fsuperbatch [36m144[0m [[35m67.1[0m% ([36m512[0m/[36m763[0m batches, [36m1487916[0m pos/sec)]
Estimated time to end of superbatch: [36m22.2[0ms     [Fsuperbatch [36m144[0m [[35m83.9[0m% ([36m640[0m/[36m763[0m batches, [36m1438281[0m pos/sec)]
Estimated time to end of superbatch: [36m11.2[0ms     [Fsuperbatch [36m144[0m | time [36m68.1[0ms | running loss [36m0.012908[0m | [36m1469306[0m pos/sec | total time [36m9577.9[0ms
Estimated time remaining in training: [36m3[0mh [36m4[0mm [36m1[0ms
LR dropped to [36m0.0005327258[0m
superbatch [36m145[0m [[35m0.0[0m% ([36m0[0m/[36m763[0m batches, [36m1972875[0m pos/sec)]
Estimated time to end of superbatch: [36minf[0ms     [Fsuperbatch [36m145[0m [[35m16.8[0m% ([36m128[0m/[36m763[0m batches, [36m1613682[0m pos/sec)]
Estimated time to end of superbatch: [36m52.0[0ms     [Fsuperbatch [36m145[0m [[35m33.6[0m% ([36m256[0m/[36m763[0m batches, [36m1528061[0m pos/sec)]
Estimated time to end of superbatch: [36m43.7[0ms     [Fsuperbatch [36m145[0m [[35m50.3[0m% ([36m384[0m/[36m763[0m batches, [36m1423317[0m pos/sec)]
Estimated time to end of superbatch: [36m35.0[0ms     [Fsuperbatch [36m145[0m [[35m67.1[0m% ([36m512[0m/[36m763[0m batches, [36m1457584[0m pos/sec)]
Estimated time to end of superbatch: [36m22.6[0ms     [Fsuperbatch [36m145[0m [[35m83.9[0m% ([36m640[0m/[36m763[0m batches, [36m1505147[0m pos/sec)]
Estimated time to end of superbatch: [36m10.7[0ms     [Fsuperbatch [36m145[0m | time [36m66.2[0ms | running loss [36m0.012827[0m | [36m1511554[0m pos/sec | total time [36m9644.0[0ms
Estimated time remaining in training: [36m3[0mh [36m2[0mm [36m54[0ms
LR dropped to [36m0.0005295032[0m
superbatch [36m146[0m [[35m0.0[0m% ([36m0[0m/[36m763[0m batches, [36m679549[0m pos/sec)]
Estimated time to end of superbatch: [36minf[0ms     [Fsuperbatch [36m146[0m [[35m16.8[0m% ([36m128[0m/[36m763[0m batches, [36m1304188[0m pos/sec)]
Estimated time to end of superbatch: [36m64.3[0ms     [Fsuperbatch [36m146[0m [[35m33.6[0m% ([36m256[0m/[36m763[0m batches, [36m1408959[0m pos/sec)]
Estimated time to end of superbatch: [36m47.3[0ms     [Fsuperbatch [36m146[0m [[35m50.3[0m% ([36m384[0m/[36m763[0m batches, [36m1464417[0m pos/sec)]
Estimated time to end of superbatch: [36m34.0[0ms     [Fsuperbatch [36m146[0m [[35m67.1[0m% ([36m512[0m/[36m763[0m batches, [36m1470027[0m pos/sec)]
Estimated time to end of superbatch: [36m22.4[0ms     [Fsuperbatch [36m146[0m [[35m83.9[0m% ([36m640[0m/[36m763[0m batches, [36m1421200[0m pos/sec)]
Estimated time to end of superbatch: [36m11.4[0ms     [Fsuperbatch [36m146[0m | time [36m69.4[0ms | running loss [36m0.013042[0m | [36m1440057[0m pos/sec | total time [36m9713.5[0ms
Estimated time remaining in training: [36m3[0mh [36m1[0mm [36m51[0ms
LR dropped to [36m0.00052628067[0m
superbatch [36m147[0m [[35m0.0[0m% ([36m0[0m/[36m763[0m batches, [36m1888395[0m pos/sec)]
Estimated time to end of superbatch: [36minf[0ms     [Fsuperbatch [36m147[0m [[35m16.8[0m% ([36m128[0m/[36m763[0m batches, [36m1662163[0m pos/sec)]
Estimated time to end of superbatch: [36m50.5[0ms     [Fsuperbatch [36m147[0m [[35m33.6[0m% ([36m256[0m/[36m763[0m batches, [36m1580580[0m pos/sec)]
Estimated time to end of superbatch: [36m42.2[0ms     [Fsuperbatch [36m147[0m [[35m50.3[0m% ([36m384[0m/[36m763[0m batches, [36m1471204[0m pos/sec)]
Estimated time to end of superbatch: [36m33.9[0ms     [Fsuperbatch [36m147[0m [[35m67.1[0m% ([36m512[0m/[36m763[0m batches, [36m1487708[0m pos/sec)]
Estimated time to end of superbatch: [36m22.2[0ms     [Fsuperbatch [36m147[0m [[35m83.9[0m% ([36m640[0m/[36m763[0m batches, [36m1520710[0m pos/sec)]
Estimated time to end of superbatch: [36m10.6[0ms     [Fsuperbatch [36m147[0m | time [36m65.6[0ms | running loss [36m0.012882[0m | [36m1524510[0m pos/sec | total time [36m9779.1[0ms
Estimated time remaining in training: [36m3[0mh [36m0[0mm [36m43[0ms
LR dropped to [36m0.0005230581[0m
superbatch [36m148[0m [[35m0.0[0m% ([36m0[0m/[36m763[0m batches, [36m1393075[0m pos/sec)]
Estimated time to end of superbatch: [36minf[0ms     [Fsuperbatch [36m148[0m [[35m16.8[0m% ([36m128[0m/[36m763[0m batches, [36m1332158[0m pos/sec)]
Estimated time to end of superbatch: [36m63.0[0ms     [Fsuperbatch [36m148[0m [[35m33.6[0m% ([36m256[0m/[36m763[0m batches, [36m1432740[0m pos/sec)]
Estimated time to end of superbatch: [36m46.6[0ms     [Fsuperbatch [36m148[0m [[35m50.3[0m% ([36m384[0m/[36m763[0m batches, [36m1507545[0m pos/sec)]
Estimated time to end of superbatch: [36m33.0[0ms     [Fsuperbatch [36m148[0m [[35m67.1[0m% ([36m512[0m/[36m763[0m batches, [36m1538183[0m pos/sec)]
Estimated time to end of superbatch: [36m21.4[0ms     [Fsuperbatch [36m148[0m [[35m83.9[0m% ([36m640[0m/[36m763[0m batches, [36m1501846[0m pos/sec)]
Estimated time to end of superbatch: [36m10.8[0ms     [Fsuperbatch [36m148[0m | time [36m66.4[0ms | running loss [36m0.013094[0m | [36m1506964[0m pos/sec | total time [36m9845.4[0ms
Estimated time remaining in training: [36m2[0mh [36m59[0mm [36m36[0ms
LR dropped to [36m0.0005198355[0m
superbatch [36m149[0m [[35m0.0[0m% ([36m0[0m/[36m763[0m batches, [36m2111480[0m pos/sec)]
Estimated time to end of superbatch: [36minf[0ms     [Fsuperbatch [36m149[0m [[35m16.8[0m% ([36m128[0m/[36m763[0m batches, [36m1715388[0m pos/sec)]
Estimated time to end of superbatch: [36m48.9[0ms     [Fsuperbatch [36m149[0m [[35m33.6[0m% ([36m256[0m/[36m763[0m batches, [36m1625113[0m pos/sec)]
Estimated time to end of superbatch: [36m41.1[0ms     [Fsuperbatch [36m149[0m [[35m50.3[0m% ([36m384[0m/[36m763[0m batches, [36m1504454[0m pos/sec)]
Estimated time to end of superbatch: [36m33.1[0ms     [Fsuperbatch [36m149[0m [[35m67.1[0m% ([36m512[0m/[36m763[0m batches, [36m1513757[0m pos/sec)]
Estimated time to end of superbatch: [36m21.8[0ms     [Fsuperbatch [36m149[0m [[35m83.9[0m% ([36m640[0m/[36m763[0m batches, [36m1557032[0m pos/sec)]
Estimated time to end of superbatch: [36m10.4[0ms     [Fsuperbatch [36m149[0m | time [36m64.1[0ms | running loss [36m0.012878[0m | [36m1561389[0m pos/sec | total time [36m9909.5[0ms
Estimated time remaining in training: [36m2[0mh [36m58[0mm [36m27[0ms
LR dropped to [36m0.00051661296[0m
superbatch [36m150[0m [[35m0.0[0m% ([36m0[0m/[36m763[0m batches, [36m499339[0m pos/sec)]
Estimated time to end of superbatch: [36minf[0ms     [Fsuperbatch [36m150[0m [[35m16.8[0m% ([36m128[0m/[36m763[0m batches, [36m1292134[0m pos/sec)]
Estimated time to end of superbatch: [36m64.9[0ms     [Fsuperbatch [36m150[0m [[35m33.6[0m% ([36m256[0m/[36m763[0m batches, [36m1386689[0m pos/sec)]
Estimated time to end of superbatch: [36m48.1[0ms     [Fsuperbatch [36m150[0m [[35m50.3[0m% ([36m384[0m/[36m763[0m batches, [36m1458884[0m pos/sec)]
Estimated time to end of superbatch: [36m34.1[0ms     [Fsuperbatch [36m150[0m [[35m67.1[0m% ([36m512[0m/[36m763[0m batches, [36m1486109[0m pos/sec)]
Estimated time to end of superbatch: [36m22.2[0ms     [Fsuperbatch [36m150[0m [[35m83.9[0m% ([36m640[0m/[36m763[0m batches, [36m1444101[0m pos/sec)]
Estimated time to end of superbatch: [36m11.2[0ms     [Fsuperbatch [36m150[0m | time [36m69.0[0ms | running loss [36m0.013156[0m | [36m1449659[0m pos/sec | total time [36m9978.5[0ms
Estimated time remaining in training: [36m2[0mh [36m57[0mm [36m23[0ms
LR dropped to [36m0.00051339035[0m
superbatch [36m151[0m [[35m0.0[0m% ([36m0[0m/[36m763[0m batches, [36m1770723[0m pos/sec)]
Estimated time to end of superbatch: [36minf[0ms     [Fsuperbatch [36m151[0m [[35m16.8[0m% ([36m128[0m/[36m763[0m batches, [36m1721450[0m pos/sec)]
Estimated time to end of superbatch: [36m48.7[0ms     [Fsuperbatch [36m151[0m [[35m33.6[0m% ([36m256[0m/[36m763[0m batches, [36m1667272[0m pos/sec)]
Estimated time to end of superbatch: [36m40.0[0ms     [Fsuperbatch [36m151[0m [[35m50.3[0m% ([36m384[0m/[36m763[0m batches, [36m1493759[0m pos/sec)]
Estimated time to end of superbatch: [36m33.3[0ms     [Fsuperbatch [36m151[0m [[35m67.1[0m% ([36m512[0m/[36m763[0m batches, [36m1494999[0m pos/sec)]
Estimated time to end of superbatch: [36m22.0[0ms     [Fsuperbatch [36m151[0m [[35m83.9[0m% ([36m640[0m/[36m763[0m batches, [36m1534623[0m pos/sec)]
Estimated time to end of superbatch: [36m10.5[0ms     [Fsuperbatch [36m151[0m | time [36m64.8[0ms | running loss [36m0.012925[0m | [36m1542538[0m pos/sec | total time [36m10043.3[0ms
Estimated time remaining in training: [36m2[0mh [36m56[0mm [36m15[0ms
LR dropped to [36m0.00051016774[0m
superbatch [36m152[0m [[35m0.0[0m% ([36m0[0m/[36m763[0m batches, [36m2024486[0m pos/sec)]
Estimated time to end of superbatch: [36minf[0ms     [Fsuperbatch [36m152[0m [[35m16.8[0m% ([36m128[0m/[36m763[0m batches, [36m1318007[0m pos/sec)]
Estimated time to end of superbatch: [36m63.6[0ms     [Fsuperbatch [36m152[0m [[35m33.6[0m% ([36m256[0m/[36m763[0m batches, [36m1397697[0m pos/sec)]
Estimated time to end of superbatch: [36m47.7[0ms     [Fsuperbatch [36m152[0m [[35m50.3[0m% ([36m384[0m/[36m763[0m batches, [36m1491186[0m pos/sec)]
Estimated time to end of superbatch: [36m33.4[0ms     [Fsuperbatch [36m152[0m [[35m67.1[0m% ([36m512[0m/[36m763[0m batches, [36m1528912[0m pos/sec)]
Estimated time to end of superbatch: [36m21.6[0ms     [Fsuperbatch [36m152[0m [[35m83.9[0m% ([36m640[0m/[36m763[0m batches, [36m1477773[0m pos/sec)]
Estimated time to end of superbatch: [36m10.9[0ms     [Fsuperbatch [36m152[0m | time [36m67.8[0ms | running loss [36m0.013209[0m | [36m1475448[0m pos/sec | total time [36m10111.1[0ms
Estimated time remaining in training: [36m2[0mh [36m55[0mm [36m10[0ms
LR dropped to [36m0.0005069452[0m
superbatch [36m153[0m [[35m0.0[0m% ([36m0[0m/[36m763[0m batches, [36m1649037[0m pos/sec)]
Estimated time to end of superbatch: [36minf[0ms     [Fsuperbatch [36m153[0m [[35m16.8[0m% ([36m128[0m/[36m763[0m batches, [36m1676701[0m pos/sec)]
Estimated time to end of superbatch: [36m50.0[0ms     [Fsuperbatch [36m153[0m [[35m33.6[0m% ([36m256[0m/[36m763[0m batches, [36m1660586[0m pos/sec)]
Estimated time to end of superbatch: [36m40.2[0ms     [Fsuperbatch [36m153[0m [[35m50.3[0m% ([36m384[0m/[36m763[0m batches, [36m1487258[0m pos/sec)]
Estimated time to end of superbatch: [36m33.5[0ms     [Fsuperbatch [36m153[0m [[35m67.1[0m% ([36m512[0m/[36m763[0m batches, [36m1495269[0m pos/sec)]
Estimated time to end of superbatch: [36m22.0[0ms     [Fsuperbatch [36m153[0m [[35m83.9[0m% ([36m640[0m/[36m763[0m batches, [36m1548190[0m pos/sec)]
Estimated time to end of superbatch: [36m10.4[0ms     [Fsuperbatch [36m153[0m | time [36m63.4[0ms | running loss [36m0.012980[0m | [36m1577988[0m pos/sec | total time [36m10174.5[0ms
Estimated time remaining in training: [36m2[0mh [36m54[0mm [36m0[0ms
LR dropped to [36m0.0005037226[0m
superbatch [36m154[0m [[35m0.0[0m% ([36m0[0m/[36m763[0m batches, [36m1215291[0m pos/sec)]
Estimated time to end of superbatch: [36minf[0ms     [Fsuperbatch [36m154[0m [[35m16.8[0m% ([36m128[0m/[36m763[0m batches, [36m1274097[0m pos/sec)]
Estimated time to end of superbatch: [36m65.8[0ms     [Fsuperbatch [36m154[0m [[35m33.6[0m% ([36m256[0m/[36m763[0m batches, [36m1362997[0m pos/sec)]
Estimated time to end of superbatch: [36m48.9[0ms     [Fsuperbatch [36m154[0m [[35m50.3[0m% ([36m384[0m/[36m763[0m batches, [36m1482506[0m pos/sec)]
Estimated time to end of superbatch: [36m33.6[0ms     [Fsuperbatch [36m154[0m [[35m67.1[0m% ([36m512[0m/[36m763[0m batches, [36m1546378[0m pos/sec)]
Estimated time to end of superbatch: [36m21.3[0ms     [Fsuperbatch [36m154[0m [[35m83.9[0m% ([36m640[0m/[36m763[0m batches, [36m1472660[0m pos/sec)]
Estimated time to end of superbatch: [36m11.0[0ms     [Fsuperbatch [36m154[0m | time [36m67.7[0ms | running loss [36m0.013307[0m | [36m1476236[0m pos/sec | total time [36m10242.2[0ms
Estimated time remaining in training: [36m2[0mh [36m52[0mm [36m55[0ms
LR dropped to [36m0.0005005[0m
superbatch [36m155[0m [[35m0.0[0m% ([36m0[0m/[36m763[0m batches, [36m1402717[0m pos/sec)]
Estimated time to end of superbatch: [36minf[0ms     [Fsuperbatch [36m155[0m [[35m16.8[0m% ([36m128[0m/[36m763[0m batches, [36m1821708[0m pos/sec)]
Estimated time to end of superbatch: [36m46.0[0ms     [Fsuperbatch [36m155[0m [[35m33.6[0m% ([36m256[0m/[36m763[0m batches, [36m1841862[0m pos/sec)]
Estimated time to end of superbatch: [36m36.2[0ms     [Fsuperbatch [36m155[0m [[35m50.3[0m% ([36m384[0m/[36m763[0m batches, [36m1576307[0m pos/sec)]
Estimated time to end of superbatch: [36m31.6[0ms     [Fsuperbatch [36m155[0m [[35m67.1[0m% ([36m512[0m/[36m763[0m batches, [36m1553813[0m pos/sec)]
Estimated time to end of superbatch: [36m21.2[0ms     [Fsuperbatch [36m155[0m [[35m83.9[0m% ([36m640[0m/[36m763[0m batches, [36m1581472[0m pos/sec)]
Estimated time to end of superbatch: [36m10.2[0ms     [Fsuperbatch [36m155[0m | time [36m62.2[0ms | running loss [36m0.013044[0m | [36m1606614[0m pos/sec | total time [36m10304.5[0ms
Estimated time remaining in training: [36m2[0mh [36m51[0mm [36m44[0ms
LR dropped to [36m0.0004972775[0m
superbatch [36m156[0m [[35m0.0[0m% ([36m0[0m/[36m763[0m batches, [36m1895708[0m pos/sec)]
Estimated time to end of superbatch: [36minf[0ms     [Fsuperbatch [36m156[0m [[35m16.8[0m% ([36m128[0m/[36m763[0m batches, [36m1292980[0m pos/sec)]
Estimated time to end of superbatch: [36m64.9[0ms     [Fsuperbatch [36m156[0m [[35m33.6[0m% ([36m256[0m/[36m763[0m batches, [36m1343542[0m pos/sec)]
Estimated time to end of superbatch: [36m49.7[0ms     [Fsuperbatch [36m156[0m [[35m50.3[0m% ([36m384[0m/[36m763[0m batches, [36m1443443[0m pos/sec)]
Estimated time to end of superbatch: [36m34.5[0ms     [Fsuperbatch [36m156[0m [[35m67.1[0m% ([36m512[0m/[36m763[0m batches, [36m1489426[0m pos/sec)]
Estimated time to end of superbatch: [36m22.1[0ms     [Fsuperbatch [36m156[0m [[35m83.9[0m% ([36m640[0m/[36m763[0m batches, [36m1450259[0m pos/sec)]
Estimated time to end of superbatch: [36m11.1[0ms     [Fsuperbatch [36m156[0m | time [36m69.5[0ms | running loss [36m0.013354[0m | [36m1439482[0m pos/sec | total time [36m10373.9[0ms
Estimated time remaining in training: [36m2[0mh [36m50[0mm [36m40[0ms
LR dropped to [36m0.00049405487[0m
superbatch [36m157[0m [[35m0.0[0m% ([36m0[0m/[36m763[0m batches, [36m2097642[0m pos/sec)]
Estimated time to end of superbatch: [36minf[0ms     [Fsuperbatch [36m157[0m [[35m16.8[0m% ([36m128[0m/[36m763[0m batches, [36m1744748[0m pos/sec)]
Estimated time to end of superbatch: [36m48.1[0ms     [Fsuperbatch [36m157[0m [[35m33.6[0m% ([36m256[0m/[36m763[0m batches, [36m1728432[0m pos/sec)]
Estimated time to end of superbatch: [36m38.6[0ms     [Fsuperbatch [36m157[0m [[35m50.3[0m% ([36m384[0m/[36m763[0m batches, [36m1536531[0m pos/sec)]
Estimated time to end of superbatch: [36m32.4[0ms     [Fsuperbatch [36m157[0m [[35m67.1[0m% ([36m512[0m/[36m763[0m batches, [36m1486776[0m pos/sec)]
Estimated time to end of superbatch: [36m22.2[0ms     [Fsuperbatch [36m157[0m [[35m83.9[0m% ([36m640[0m/[36m763[0m batches, [36m1530062[0m pos/sec)]
Estimated time to end of superbatch: [36m10.6[0ms     [Fsuperbatch [36m157[0m | time [36m63.6[0ms | running loss [36m0.013094[0m | [36m1573413[0m pos/sec | total time [36m10437.5[0ms
Estimated time remaining in training: [36m2[0mh [36m49[0mm [36m31[0ms
LR dropped to [36m0.0004908323[0m
superbatch [36m158[0m [[35m0.0[0m% ([36m0[0m/[36m763[0m batches, [36m2138309[0m pos/sec)]
Estimated time to end of superbatch: [36minf[0ms     [Fsuperbatch [36m158[0m [[35m16.8[0m% ([36m128[0m/[36m763[0m batches, [36m1264510[0m pos/sec)]
Estimated time to end of superbatch: [36m66.3[0ms     [Fsuperbatch [36m158[0m [[35m33.6[0m% ([36m256[0m/[36m763[0m batches, [36m1346252[0m pos/sec)]
Estimated time to end of superbatch: [36m49.6[0ms     [Fsuperbatch [36m158[0m [[35m50.3[0m% ([36m384[0m/[36m763[0m batches, [36m1432281[0m pos/sec)]
Estimated time to end of superbatch: [36m34.8[0ms     [Fsuperbatch [36m158[0m [[35m67.1[0m% ([36m512[0m/[36m763[0m batches, [36m1493723[0m pos/sec)]
Estimated time to end of superbatch: [36m22.1[0ms     [Fsuperbatch [36m158[0m [[35m83.9[0m% ([36m640[0m/[36m763[0m batches, [36m1449281[0m pos/sec)]
Estimated time to end of superbatch: [36m11.1[0ms     [Fsuperbatch [36m158[0m | time [36m69.8[0ms | running loss [36m0.013411[0m | [36m1432582[0m pos/sec | total time [36m10507.3[0ms
Estimated time remaining in training: [36m2[0mh [36m48[0mm [36m28[0ms
LR dropped to [36m0.0004876097[0m
superbatch [36m159[0m [[35m0.0[0m% ([36m0[0m/[36m763[0m batches, [36m1773354[0m pos/sec)]
Estimated time to end of superbatch: [36minf[0ms     [Fsuperbatch [36m159[0m [[35m16.8[0m% ([36m128[0m/[36m763[0m batches, [36m1788607[0m pos/sec)]
Estimated time to end of superbatch: [36m46.9[0ms     [Fsuperbatch [36m159[0m [[35m33.6[0m% ([36m256[0m/[36m763[0m batches, [36m1808106[0m pos/sec)]
Estimated time to end of superbatch: [36m36.9[0ms     [Fsuperbatch [36m159[0m [[35m50.3[0m% ([36m384[0m/[36m763[0m batches, [36m1602864[0m pos/sec)]
Estimated time to end of superbatch: [36m31.1[0ms     [Fsuperbatch [36m159[0m [[35m67.1[0m% ([36m512[0m/[36m763[0m batches, [36m1535921[0m pos/sec)]
Estimated time to end of superbatch: [36m21.5[0ms     [Fsuperbatch [36m159[0m [[35m83.9[0m% ([36m640[0m/[36m763[0m batches, [36m1580909[0m pos/sec)]
Estimated time to end of superbatch: [36m10.2[0ms     [Fsuperbatch [36m159[0m | time [36m62.2[0ms | running loss [36m0.013171[0m | [36m1608042[0m pos/sec | total time [36m10569.5[0ms
Estimated time remaining in training: [36m2[0mh [36m47[0mm [36m17[0ms
LR dropped to [36m0.00048438716[0m
superbatch [36m160[0m [[35m0.0[0m% ([36m0[0m/[36m763[0m batches, [36m1792690[0m pos/sec)]
Estimated time to end of superbatch: [36minf[0ms     [Fsuperbatch [36m160[0m [[35m16.8[0m% ([36m128[0m/[36m763[0m batches, [36m1278736[0m pos/sec)]
Estimated time to end of superbatch: [36m65.6[0ms     [Fsuperbatch [36m160[0m [[35m33.6[0m% ([36m256[0m/[36m763[0m batches, [36m1316726[0m pos/sec)]
Estimated time to end of superbatch: [36m50.7[0ms     [Fsuperbatch [36m160[0m [[35m50.3[0m% ([36m384[0m/[36m763[0m batches, [36m1410637[0m pos/sec)]
Estimated time to end of superbatch: [36m35.3[0ms     [Fsuperbatch [36m160[0m [[35m67.1[0m% ([36m512[0m/[36m763[0m batches, [36m1472718[0m pos/sec)]
Estimated time to end of superbatch: [36m22.4[0ms     [Fsuperbatch [36m160[0m [[35m83.9[0m% ([36m640[0m/[36m763[0m batches, [36m1445506[0m pos/sec)]
Estimated time to end of superbatch: [36m11.2[0ms     [Fsuperbatch [36m160[0m | time [36m70.7[0ms | running loss [36m0.013443[0m | [36m1414309[0m pos/sec | total time [36m10640.2[0ms
Estimated time remaining in training: [36m2[0mh [36m46[0mm [36m15[0ms
Saved [anna-v3-s1-160]
LR dropped to [36m0.00048116455[0m
superbatch [36m161[0m [[35m0.0[0m% ([36m0[0m/[36m763[0m batches, [36m1891343[0m pos/sec)]
Estimated time to end of superbatch: [36minf[0ms     [Fsuperbatch [36m161[0m [[35m16.8[0m% ([36m128[0m/[36m763[0m batches, [36m1767178[0m pos/sec)]
Estimated time to end of superbatch: [36m47.5[0ms     [Fsuperbatch [36m161[0m [[35m33.6[0m% ([36m256[0m/[36m763[0m batches, [36m1747024[0m pos/sec)]
Estimated time to end of superbatch: [36m38.2[0ms     [Fsuperbatch [36m161[0m [[35m50.3[0m% ([36m384[0m/[36m763[0m batches, [36m1632035[0m pos/sec)]
Estimated time to end of superbatch: [36m30.5[0ms     [Fsuperbatch [36m161[0m [[35m67.1[0m% ([36m512[0m/[36m763[0m batches, [36m1563931[0m pos/sec)]
Estimated time to end of superbatch: [36m21.1[0ms     [Fsuperbatch [36m161[0m [[35m83.9[0m% ([36m640[0m/[36m763[0m batches, [36m1593807[0m pos/sec)]
Estimated time to end of superbatch: [36m10.1[0ms     [Fsuperbatch [36m161[0m | time [36m61.2[0ms | running loss [36m0.013211[0m | [36m1633022[0m pos/sec | total time [36m10714.2[0ms
Estimated time remaining in training: [36m2[0mh [36m45[0mm [36m15[0ms
LR dropped to [36m0.000477942[0m
superbatch [36m162[0m [[35m0.0[0m% ([36m0[0m/[36m763[0m batches, [36m2056323[0m pos/sec)]
Estimated time to end of superbatch: [36minf[0ms     [Fsuperbatch [36m162[0m [[35m16.8[0m% ([36m128[0m/[36m763[0m batches, [36m1371922[0m pos/sec)]
Estimated time to end of superbatch: [36m61.1[0ms     [Fsuperbatch [36m162[0m [[35m33.6[0m% ([36m256[0m/[36m763[0m batches, [36m1363540[0m pos/sec)]
Estimated time to end of superbatch: [36m48.9[0ms     [Fsuperbatch [36m162[0m [[35m50.3[0m% ([36m384[0m/[36m763[0m batches, [36m1464312[0m pos/sec)]
Estimated time to end of superbatch: [36m34.0[0ms     [Fsuperbatch [36m162[0m [[35m67.1[0m% ([36m512[0m/[36m763[0m batches, [36m1499128[0m pos/sec)]
Estimated time to end of superbatch: [36m22.0[0ms     [Fsuperbatch [36m162[0m [[35m83.9[0m% ([36m640[0m/[36m763[0m batches, [36m1464413[0m pos/sec)]
Estimated time to end of superbatch: [36m11.0[0ms     [Fsuperbatch [36m162[0m | time [36m69.8[0ms | running loss [36m0.013531[0m | [36m1433470[0m pos/sec | total time [36m10784.0[0ms
Estimated time remaining in training: [36m2[0mh [36m44[0mm [36m12[0ms
LR dropped to [36m0.0004747194[0m
superbatch [36m163[0m [[35m0.0[0m% ([36m0[0m/[36m763[0m batches, [36m1427338[0m pos/sec)]
Estimated time to end of superbatch: [36minf[0ms     [Fsuperbatch [36m163[0m [[35m16.8[0m% ([36m128[0m/[36m763[0m batches, [36m1758512[0m pos/sec)]
Estimated time to end of superbatch: [36m47.7[0ms     [Fsuperbatch [36m163[0m [[35m33.6[0m% ([36m256[0m/[36m763[0m batches, [36m1735345[0m pos/sec)]
Estimated time to end of superbatch: [36m38.4[0ms     [Fsuperbatch [36m163[0m [[35m50.3[0m% ([36m384[0m/[36m763[0m batches, [36m1579022[0m pos/sec)]
Estimated time to end of superbatch: [36m31.5[0ms     [Fsuperbatch [36m163[0m [[35m67.1[0m% ([36m512[0m/[36m763[0m batches, [36m1500147[0m pos/sec)]
Estimated time to end of superbatch: [36m22.0[0ms     [Fsuperbatch [36m163[0m [[35m83.9[0m% ([36m640[0m/[36m763[0m batches, [36m1514162[0m pos/sec)]
Estimated time to end of superbatch: [36m10.7[0ms     [Fsuperbatch [36m163[0m | time [36m64.1[0ms | running loss [36m0.013343[0m | [36m1559327[0m pos/sec | total time [36m10848.1[0ms
Estimated time remaining in training: [36m2[0mh [36m43[0mm [36m3[0ms
LR dropped to [36m0.00047149684[0m
superbatch [36m164[0m [[35m0.0[0m% ([36m0[0m/[36m763[0m batches, [36m2181666[0m pos/sec)]
Estimated time to end of superbatch: [36minf[0ms     [Fsuperbatch [36m164[0m [[35m16.8[0m% ([36m128[0m/[36m763[0m batches, [36m1342640[0m pos/sec)]
Estimated time to end of superbatch: [36m62.5[0ms     [Fsuperbatch [36m164[0m [[35m33.6[0m% ([36m256[0m/[36m763[0m batches, [36m1318406[0m pos/sec)]
Estimated time to end of superbatch: [36m50.6[0ms     [Fsuperbatch [36m164[0m [[35m50.3[0m% ([36m384[0m/[36m763[0m batches, [36m1441368[0m pos/sec)]
Estimated time to end of superbatch: [36m34.6[0ms     [Fsuperbatch [36m164[0m [[35m67.1[0m% ([36m512[0m/[36m763[0m batches, [36m1504342[0m pos/sec)]
Estimated time to end of superbatch: [36m21.9[0ms     [Fsuperbatch [36m164[0m [[35m83.9[0m% ([36m640[0m/[36m763[0m batches, [36m1460570[0m pos/sec)]
Estimated time to end of superbatch: [36m11.1[0ms     [Fsuperbatch [36m164[0m | time [36m70.0[0ms | running loss [36m0.013599[0m | [36m1428812[0m pos/sec | total time [36m10918.1[0ms
Estimated time remaining in training: [36m2[0mh [36m41[0mm [36m59[0ms
LR dropped to [36m0.00046827417[0m
superbatch [36m165[0m [[35m0.0[0m% ([36m0[0m/[36m763[0m batches, [36m1208124[0m pos/sec)]
Estimated time to end of superbatch: [36minf[0ms     [Fsuperbatch [36m165[0m [[35m16.8[0m% ([36m128[0m/[36m763[0m batches, [36m1751491[0m pos/sec)]
Estimated time to end of superbatch: [36m47.9[0ms     [Fsuperbatch [36m165[0m [[35m33.6[0m% ([36m256[0m/[36m763[0m batches, [36m1784788[0m pos/sec)]
Estimated time to end of superbatch: [36m37.4[0ms     [Fsuperbatch [36m165[0m [[35m50.3[0m% ([36m384[0m/[36m763[0m batches, [36m1600603[0m pos/sec)]
Estimated time to end of superbatch: [36m31.1[0ms     [Fsuperbatch [36m165[0m [[35m67.1[0m% ([36m512[0m/[36m763[0m batches, [36m1518572[0m pos/sec)]
Estimated time to end of superbatch: [36m21.7[0ms     [Fsuperbatch [36m165[0m [[35m83.9[0m% ([36m640[0m/[36m763[0m batches, [36m1544329[0m pos/sec)]
Estimated time to end of superbatch: [36m10.5[0ms     [Fsuperbatch [36m165[0m | time [36m62.9[0ms | running loss [36m0.013443[0m | [36m1589961[0m pos/sec | total time [36m10981.0[0ms
Estimated time remaining in training: [36m2[0mh [36m40[0mm [36m49[0ms
LR dropped to [36m0.00046505162[0m
superbatch [36m166[0m [[35m0.0[0m% ([36m0[0m/[36m763[0m batches, [36m1336697[0m pos/sec)]
Estimated time to end of superbatch: [36minf[0ms     [Fsuperbatch [36m166[0m [[35m16.8[0m% ([36m128[0m/[36m763[0m batches, [36m1388630[0m pos/sec)]
Estimated time to end of superbatch: [36m60.4[0ms     [Fsuperbatch [36m166[0m [[35m33.6[0m% ([36m256[0m/[36m763[0m batches, [36m1336806[0m pos/sec)]
Estimated time to end of superbatch: [36m49.9[0ms     [Fsuperbatch [36m166[0m [[35m50.3[0m% ([36m384[0m/[36m763[0m batches, [36m1455361[0m pos/sec)]
Estimated time to end of superbatch: [36m34.2[0ms     [Fsuperbatch [36m166[0m [[35m67.1[0m% ([36m512[0m/[36m763[0m batches, [36m1535845[0m pos/sec)]
Estimated time to end of superbatch: [36m21.5[0ms     [Fsuperbatch [36m166[0m [[35m83.9[0m% ([36m640[0m/[36m763[0m batches, [36m1501291[0m pos/sec)]
Estimated time to end of superbatch: [36m10.8[0ms     [Fsuperbatch [36m166[0m | time [36m67.8[0ms | running loss [36m0.013682[0m | [36m1475905[0m pos/sec | total time [36m11048.8[0ms
Estimated time remaining in training: [36m2[0mh [36m39[0mm [36m44[0ms
LR dropped to [36m0.000461829[0m
superbatch [36m167[0m [[35m0.0[0m% ([36m0[0m/[36m763[0m batches, [36m1710367[0m pos/sec)]
Estimated time to end of superbatch: [36minf[0ms     [Fsuperbatch [36m167[0m [[35m16.8[0m% ([36m128[0m/[36m763[0m batches, [36m1795466[0m pos/sec)]
Estimated time to end of superbatch: [36m46.7[0ms     [Fsuperbatch [36m167[0m [[35m33.6[0m% ([36m256[0m/[36m763[0m batches, [36m1779646[0m pos/sec)]
Estimated time to end of superbatch: [36m37.5[0ms     [Fsuperbatch [36m167[0m [[35m50.3[0m% ([36m384[0m/[36m763[0m batches, [36m1673703[0m pos/sec)]
Estimated time to end of superbatch: [36m29.8[0ms     [Fsuperbatch [36m167[0m [[35m67.1[0m% ([36m512[0m/[36m763[0m batches, [36m1572570[0m pos/sec)]
Estimated time to end of superbatch: [36m21.0[0ms     [Fsuperbatch [36m167[0m [[35m83.9[0m% ([36m640[0m/[36m763[0m batches, [36m1598603[0m pos/sec)]
Estimated time to end of superbatch: [36m10.1[0ms     [Fsuperbatch [36m167[0m | time [36m61.3[0ms | running loss [36m0.013479[0m | [36m1631920[0m pos/sec | total time [36m11110.0[0ms
Estimated time remaining in training: [36m2[0mh [36m38[0mm [36m33[0ms
LR dropped to [36m0.00045860646[0m
superbatch [36m168[0m [[35m0.0[0m% ([36m0[0m/[36m763[0m batches, [36m2133054[0m pos/sec)]
Estimated time to end of superbatch: [36minf[0ms     [Fsuperbatch [36m168[0m [[35m16.8[0m% ([36m128[0m/[36m763[0m batches, [36m1510203[0m pos/sec)]
Estimated time to end of superbatch: [36m55.5[0ms     [Fsuperbatch [36m168[0m [[35m33.6[0m% ([36m256[0m/[36m763[0m batches, [36m1395181[0m pos/sec)]
Estimated time to end of superbatch: [36m47.8[0ms     [Fsuperbatch [36m168[0m [[35m50.3[0m% ([36m384[0m/[36m763[0m batches, [36m1463152[0m pos/sec)]
Estimated time to end of superbatch: [36m34.0[0ms     [Fsuperbatch [36m168[0m [[35m67.1[0m% ([36m512[0m/[36m763[0m batches, [36m1545998[0m pos/sec)]
Estimated time to end of superbatch: [36m21.3[0ms     [Fsuperbatch [36m168[0m [[35m83.9[0m% ([36m640[0m/[36m763[0m batches, [36m1514855[0m pos/sec)]
Estimated time to end of superbatch: [36m10.7[0ms     [Fsuperbatch [36m168[0m | time [36m67.5[0ms | running loss [36m0.013682[0m | [36m1480624[0m pos/sec | total time [36m11177.6[0ms
Estimated time remaining in training: [36m2[0mh [36m37[0mm [36m27[0ms
LR dropped to [36m0.00045538385[0m
superbatch [36m169[0m [[35m0.0[0m% ([36m0[0m/[36m763[0m batches, [36m1799832[0m pos/sec)]
Estimated time to end of superbatch: [36minf[0ms     [Fsuperbatch [36m169[0m [[35m16.8[0m% ([36m128[0m/[36m763[0m batches, [36m1802837[0m pos/sec)]
Estimated time to end of superbatch: [36m46.5[0ms     [Fsuperbatch [36m169[0m [[35m33.6[0m% ([36m256[0m/[36m763[0m batches, [36m1789630[0m pos/sec)]
Estimated time to end of superbatch: [36m37.3[0ms     [Fsuperbatch [36m169[0m [[35m50.3[0m% ([36m384[0m/[36m763[0m batches, [36m1677171[0m pos/sec)]
Estimated time to end of superbatch: [36m29.7[0ms     [Fsuperbatch [36m169[0m [[35m67.1[0m% ([36m512[0m/[36m763[0m batches, [36m1555363[0m pos/sec)]
Estimated time to end of superbatch: [36m21.2[0ms     [Fsuperbatch [36m169[0m [[35m83.9[0m% ([36m640[0m/[36m763[0m batches, [36m1593731[0m pos/sec)]
Estimated time to end of superbatch: [36m10.1[0ms     [Fsuperbatch [36m169[0m | time [36m61.1[0ms | running loss [36m0.013536[0m | [36m1636102[0m pos/sec | total time [36m11238.7[0ms
Estimated time remaining in training: [36m2[0mh [36m36[0mm [36m16[0ms
LR dropped to [36m0.0004521613[0m
superbatch [36m170[0m [[35m0.0[0m% ([36m0[0m/[36m763[0m batches, [36m2224581[0m pos/sec)]
Estimated time to end of superbatch: [36minf[0ms     [Fsuperbatch [36m170[0m [[35m16.8[0m% ([36m128[0m/[36m763[0m batches, [36m1590139[0m pos/sec)]
Estimated time to end of superbatch: [36m52.8[0ms     [Fsuperbatch [36m170[0m [[35m33.6[0m% ([36m256[0m/[36m763[0m batches, [36m1451766[0m pos/sec)]
Estimated time to end of superbatch: [36m46.0[0ms     [Fsuperbatch [36m170[0m [[35m50.3[0m% ([36m384[0m/[36m763[0m batches, [36m1525023[0m pos/sec)]
Estimated time to end of superbatch: [36m32.7[0ms     [Fsuperbatch [36m170[0m [[35m67.1[0m% ([36m512[0m/[36m763[0m batches, [36m1566409[0m pos/sec)]
Estimated time to end of superbatch: [36m21.0[0ms     [Fsuperbatch [36m170[0m [[35m83.9[0m% ([36m640[0m/[36m763[0m batches, [36m1554486[0m pos/sec)]
Estimated time to end of superbatch: [36m10.4[0ms     [Fsuperbatch [36m170[0m | time [36m66.3[0ms | running loss [36m0.013753[0m | [36m1508195[0m pos/sec | total time [36m11305.0[0ms
Estimated time remaining in training: [36m2[0mh [36m35[0mm [36m10[0ms
LR dropped to [36m0.00044893875[0m
superbatch [36m171[0m [[35m0.0[0m% ([36m0[0m/[36m763[0m batches, [36m1420247[0m pos/sec)]
Estimated time to end of superbatch: [36minf[0ms     [Fsuperbatch [36m171[0m [[35m16.8[0m% ([36m128[0m/[36m763[0m batches, [36m1593118[0m pos/sec)]
Estimated time to end of superbatch: [36m52.7[0ms     [Fsuperbatch [36m171[0m [[35m33.6[0m% ([36m256[0m/[36m763[0m batches, [36m1670377[0m pos/sec)]
Estimated time to end of superbatch: [36m39.9[0ms     [Fsuperbatch [36m171[0m [[35m50.3[0m% ([36m384[0m/[36m763[0m batches, [36m1631947[0m pos/sec)]
Estimated time to end of superbatch: [36m30.5[0ms     [Fsuperbatch [36m171[0m [[35m67.1[0m% ([36m512[0m/[36m763[0m batches, [36m1520882[0m pos/sec)]
Estimated time to end of superbatch: [36m21.7[0ms     [Fsuperbatch [36m171[0m [[35m83.9[0m% ([36m640[0m/[36m763[0m batches, [36m1554347[0m pos/sec)]
Estimated time to end of superbatch: [36m10.4[0ms     [Fsuperbatch [36m171[0m | time [36m63.4[0ms | running loss [36m0.013643[0m | [36m1578211[0m pos/sec | total time [36m11368.4[0ms
Estimated time remaining in training: [36m2[0mh [36m34[0mm [36m0[0ms
LR dropped to [36m0.00044571614[0m
superbatch [36m172[0m [[35m0.0[0m% ([36m0[0m/[36m763[0m batches, [36m2061251[0m pos/sec)]
Estimated time to end of superbatch: [36minf[0ms     [Fsuperbatch [36m172[0m [[35m16.8[0m% ([36m128[0m/[36m763[0m batches, [36m1631346[0m pos/sec)]
Estimated time to end of superbatch: [36m51.4[0ms     [Fsuperbatch [36m172[0m [[35m33.6[0m% ([36m256[0m/[36m763[0m batches, [36m1461894[0m pos/sec)]
Estimated time to end of superbatch: [36m45.6[0ms     [Fsuperbatch [36m172[0m [[35m50.3[0m% ([36m384[0m/[36m763[0m batches, [36m1499634[0m pos/sec)]
Estimated time to end of superbatch: [36m33.2[0ms     [Fsuperbatch [36m172[0m [[35m67.1[0m% ([36m512[0m/[36m763[0m batches, [36m1547806[0m pos/sec)]
Estimated time to end of superbatch: [36m21.3[0ms     [Fsuperbatch [36m172[0m [[35m83.9[0m% ([36m640[0m/[36m763[0m batches, [36m1563873[0m pos/sec)]
Estimated time to end of superbatch: [36m10.3[0ms     [Fsuperbatch [36m172[0m | time [36m66.1[0ms | running loss [36m0.013772[0m | [36m1513687[0m pos/sec | total time [36m11434.5[0ms
Estimated time remaining in training: [36m2[0mh [36m32[0mm [36m54[0ms
LR dropped to [36m0.0004424936[0m
superbatch [36m173[0m [[35m0.0[0m% ([36m0[0m/[36m763[0m batches, [36m1933945[0m pos/sec)]
Estimated time to end of superbatch: [36minf[0ms     [Fsuperbatch [36m173[0m [[35m16.8[0m% ([36m128[0m/[36m763[0m batches, [36m1588950[0m pos/sec)]
Estimated time to end of superbatch: [36m52.8[0ms     [Fsuperbatch [36m173[0m [[35m33.6[0m% ([36m256[0m/[36m763[0m batches, [36m1651746[0m pos/sec)]
Estimated time to end of superbatch: [36m40.4[0ms     [Fsuperbatch [36m173[0m [[35m50.3[0m% ([36m384[0m/[36m763[0m batches, [36m1612157[0m pos/sec)]
Estimated time to end of superbatch: [36m30.9[0ms     [Fsuperbatch [36m173[0m [[35m67.1[0m% ([36m512[0m/[36m763[0m batches, [36m1523670[0m pos/sec)]
Estimated time to end of superbatch: [36m21.6[0ms     [Fsuperbatch [36m173[0m [[35m83.9[0m% ([36m640[0m/[36m763[0m batches, [36m1545071[0m pos/sec)]
Estimated time to end of superbatch: [36m10.5[0ms     [Fsuperbatch [36m173[0m | time [36m63.5[0ms | running loss [36m0.013734[0m | [36m1574258[0m pos/sec | total time [36m11498.0[0ms
Estimated time remaining in training: [36m2[0mh [36m31[0mm [36m45[0ms
LR dropped to [36m0.00043927098[0m
superbatch [36m174[0m [[35m0.0[0m% ([36m0[0m/[36m763[0m batches, [36m2479616[0m pos/sec)]
Estimated time to end of superbatch: [36minf[0ms     [Fsuperbatch [36m174[0m [[35m16.8[0m% ([36m128[0m/[36m763[0m batches, [36m1625976[0m pos/sec)]
Estimated time to end of superbatch: [36m51.6[0ms     [Fsuperbatch [36m174[0m [[35m33.6[0m% ([36m256[0m/[36m763[0m batches, [36m1440783[0m pos/sec)]
Estimated time to end of superbatch: [36m46.3[0ms     [Fsuperbatch [36m174[0m [[35m50.3[0m% ([36m384[0m/[36m763[0m batches, [36m1476133[0m pos/sec)]
Estimated time to end of superbatch: [36m33.7[0ms     [Fsuperbatch [36m174[0m [[35m67.1[0m% ([36m512[0m/[36m763[0m batches, [36m1558520[0m pos/sec)]
Estimated time to end of superbatch: [36m21.2[0ms     [Fsuperbatch [36m174[0m [[35m83.9[0m% ([36m640[0m/[36m763[0m batches, [36m1584121[0m pos/sec)]
Estimated time to end of superbatch: [36m10.2[0ms     [Fsuperbatch [36m174[0m | time [36m65.3[0ms | running loss [36m0.013871[0m | [36m1532260[0m pos/sec | total time [36m11563.3[0ms
Estimated time remaining in training: [36m2[0mh [36m30[0mm [36m37[0ms
LR dropped to [36m0.00043604843[0m
superbatch [36m175[0m [[35m0.0[0m% ([36m0[0m/[36m763[0m batches, [36m732917[0m pos/sec)]
Estimated time to end of superbatch: [36minf[0ms     [Fsuperbatch [36m175[0m [[35m16.8[0m% ([36m128[0m/[36m763[0m batches, [36m1505695[0m pos/sec)]
Estimated time to end of superbatch: [36m55.7[0ms     [Fsuperbatch [36m175[0m [[35m33.6[0m% ([36m256[0m/[36m763[0m batches, [36m1598819[0m pos/sec)]
Estimated time to end of superbatch: [36m41.7[0ms     [Fsuperbatch [36m175[0m [[35m50.3[0m% ([36m384[0m/[36m763[0m batches, [36m1585198[0m pos/sec)]
Estimated time to end of superbatch: [36m31.4[0ms     [Fsuperbatch [36m175[0m [[35m67.1[0m% ([36m512[0m/[36m763[0m batches, [36m1474416[0m pos/sec)]
Estimated time to end of superbatch: [36m22.4[0ms     [Fsuperbatch [36m175[0m [[35m83.9[0m% ([36m640[0m/[36m763[0m batches, [36m1493893[0m pos/sec)]
Estimated time to end of superbatch: [36m10.8[0ms     [Fsuperbatch [36m175[0m | time [36m65.4[0ms | running loss [36m0.013811[0m | [36m1529215[0m pos/sec | total time [36m11628.6[0ms
Estimated time remaining in training: [36m2[0mh [36m29[0mm [36m30[0ms
LR dropped to [36m0.00043282582[0m
superbatch [36m176[0m [[35m0.0[0m% ([36m0[0m/[36m763[0m batches, [36m982122[0m pos/sec)]
Estimated time to end of superbatch: [36minf[0ms     [Fsuperbatch [36m176[0m [[35m16.8[0m% ([36m128[0m/[36m763[0m batches, [36m1594232[0m pos/sec)]
Estimated time to end of superbatch: [36m52.6[0ms     [Fsuperbatch [36m176[0m [[35m33.6[0m% ([36m256[0m/[36m763[0m batches, [36m1432694[0m pos/sec)]
Estimated time to end of superbatch: [36m46.6[0ms     [Fsuperbatch [36m176[0m [[35m50.3[0m% ([36m384[0m/[36m763[0m batches, [36m1477658[0m pos/sec)]
Estimated time to end of superbatch: [36m33.7[0ms     [Fsuperbatch [36m176[0m [[35m67.1[0m% ([36m512[0m/[36m763[0m batches, [36m1546950[0m pos/sec)]
Estimated time to end of superbatch: [36m21.3[0ms     [Fsuperbatch [36m176[0m [[35m83.9[0m% ([36m640[0m/[36m763[0m batches, [36m1560677[0m pos/sec)]
Estimated time to end of superbatch: [36m10.3[0ms     [Fsuperbatch [36m176[0m | time [36m66.0[0ms | running loss [36m0.013917[0m | [36m1515966[0m pos/sec | total time [36m11694.6[0ms
Estimated time remaining in training: [36m2[0mh [36m28[0mm [36m23[0ms
LR dropped to [36m0.00042960327[0m
superbatch [36m177[0m [[35m0.0[0m% ([36m0[0m/[36m763[0m batches, [36m1335813[0m pos/sec)]
Estimated time to end of superbatch: [36minf[0ms     [Fsuperbatch [36m177[0m [[35m16.8[0m% ([36m128[0m/[36m763[0m batches, [36m1496226[0m pos/sec)]
Estimated time to end of superbatch: [36m56.1[0ms     [Fsuperbatch [36m177[0m [[35m33.6[0m% ([36m256[0m/[36m763[0m batches, [36m1606128[0m pos/sec)]
Estimated time to end of superbatch: [36m41.5[0ms     [Fsuperbatch [36m177[0m [[35m50.3[0m% ([36m384[0m/[36m763[0m batches, [36m1618567[0m pos/sec)]
Estimated time to end of superbatch: [36m30.8[0ms     [Fsuperbatch [36m177[0m [[35m67.1[0m% ([36m512[0m/[36m763[0m batches, [36m1536878[0m pos/sec)]
Estimated time to end of superbatch: [36m21.4[0ms     [Fsuperbatch [36m177[0m [[35m83.9[0m% ([36m640[0m/[36m763[0m batches, [36m1519599[0m pos/sec)]
Estimated time to end of superbatch: [36m10.6[0ms     [Fsuperbatch [36m177[0m | time [36m64.0[0ms | running loss [36m0.013894[0m | [36m1562539[0m pos/sec | total time [36m11758.6[0ms
Estimated time remaining in training: [36m2[0mh [36m27[0mm [36m15[0ms
LR dropped to [36m0.00042638066[0m
superbatch [36m178[0m [[35m0.0[0m% ([36m0[0m/[36m763[0m batches, [36m2187105[0m pos/sec)]
Estimated time to end of superbatch: [36minf[0ms     [Fsuperbatch [36m178[0m [[35m16.8[0m% ([36m128[0m/[36m763[0m batches, [36m1904188[0m pos/sec)]
Estimated time to end of superbatch: [36m44.1[0ms     [Fsuperbatch [36m178[0m [[35m33.6[0m% ([36m256[0m/[36m763[0m batches, [36m1534148[0m pos/sec)]
Estimated time to end of superbatch: [36m43.5[0ms     [Fsuperbatch [36m178[0m [[35m50.3[0m% ([36m384[0m/[36m763[0m batches, [36m1512304[0m pos/sec)]
Estimated time to end of superbatch: [36m32.9[0ms     [Fsuperbatch [36m178[0m [[35m67.1[0m% ([36m512[0m/[36m763[0m batches, [36m1565531[0m pos/sec)]
Estimated time to end of superbatch: [36m21.1[0ms     [Fsuperbatch [36m178[0m [[35m83.9[0m% ([36m640[0m/[36m763[0m batches, [36m1573023[0m pos/sec)]
Estimated time to end of superbatch: [36m10.3[0ms     [Fsuperbatch [36m178[0m | time [36m66.0[0ms | running loss [36m0.014039[0m | [36m1514142[0m pos/sec | total time [36m11824.7[0ms
Estimated time remaining in training: [36m2[0mh [36m26[0mm [36m8[0ms
LR dropped to [36m0.0004231581[0m
superbatch [36m179[0m [[35m0.0[0m% ([36m0[0m/[36m763[0m batches, [36m2064595[0m pos/sec)]
Estimated time to end of superbatch: [36minf[0ms     [Fsuperbatch [36m179[0m [[35m16.8[0m% ([36m128[0m/[36m763[0m batches, [36m1495806[0m pos/sec)]
Estimated time to end of superbatch: [36m56.1[0ms     [Fsuperbatch [36m179[0m [[35m33.6[0m% ([36m256[0m/[36m763[0m batches, [36m1636087[0m pos/sec)]
Estimated time to end of superbatch: [36m40.8[0ms     [Fsuperbatch [36m179[0m [[35m50.3[0m% ([36m384[0m/[36m763[0m batches, [36m1693032[0m pos/sec)]
Estimated time to end of superbatch: [36m29.4[0ms     [Fsuperbatch [36m179[0m [[35m67.1[0m% ([36m512[0m/[36m763[0m batches, [36m1559183[0m pos/sec)]
Estimated time to end of superbatch: [36m21.1[0ms     [Fsuperbatch [36m179[0m [[35m83.9[0m% ([36m640[0m/[36m763[0m batches, [36m1532164[0m pos/sec)]
Estimated time to end of superbatch: [36m10.5[0ms     [Fsuperbatch [36m179[0m | time [36m63.4[0ms | running loss [36m0.014013[0m | [36m1578655[0m pos/sec | total time [36m11888.0[0ms
Estimated time remaining in training: [36m2[0mh [36m25[0mm [36m0[0ms
LR dropped to [36m0.0004199355[0m
superbatch [36m180[0m [[35m0.0[0m% ([36m0[0m/[36m763[0m batches, [36m1713754[0m pos/sec)]
Estimated time to end of superbatch: [36minf[0ms     [Fsuperbatch [36m180[0m [[35m16.8[0m% ([36m128[0m/[36m763[0m batches, [36m1798702[0m pos/sec)]
Estimated time to end of superbatch: [36m46.6[0ms     [Fsuperbatch [36m180[0m [[35m33.6[0m% ([36m256[0m/[36m763[0m batches, [36m1520518[0m pos/sec)]
Estimated time to end of superbatch: [36m43.9[0ms     [Fsuperbatch [36m180[0m [[35m50.3[0m% ([36m384[0m/[36m763[0m batches, [36m1494376[0m pos/sec)]
Estimated time to end of superbatch: [36m33.3[0ms     [Fsuperbatch [36m180[0m [[35m67.1[0m% ([36m512[0m/[36m763[0m batches, [36m1545986[0m pos/sec)]
Estimated time to end of superbatch: [36m21.3[0ms     [Fsuperbatch [36m180[0m [[35m83.9[0m% ([36m640[0m/[36m763[0m batches, [36m1594992[0m pos/sec)]
Estimated time to end of superbatch: [36m10.1[0ms     [Fsuperbatch [36m180[0m | time [36m65.3[0ms | running loss [36m0.014109[0m | [36m1530705[0m pos/sec | total time [36m11953.4[0ms
Estimated time remaining in training: [36m2[0mh [36m23[0mm [36m52[0ms
Saved [anna-v3-s1-180]
LR dropped to [36m0.00041671295[0m
superbatch [36m181[0m [[35m0.0[0m% ([36m0[0m/[36m763[0m batches, [36m2143664[0m pos/sec)]
Estimated time to end of superbatch: [36minf[0ms     [Fsuperbatch [36m181[0m [[35m16.8[0m% ([36m128[0m/[36m763[0m batches, [36m1735869[0m pos/sec)]
Estimated time to end of superbatch: [36m48.3[0ms     [Fsuperbatch [36m181[0m [[35m33.6[0m% ([36m256[0m/[36m763[0m batches, [36m1748656[0m pos/sec)]
Estimated time to end of superbatch: [36m38.2[0ms     [Fsuperbatch [36m181[0m [[35m50.3[0m% ([36m384[0m/[36m763[0m batches, [36m1782020[0m pos/sec)]
Estimated time to end of superbatch: [36m27.9[0ms     [Fsuperbatch [36m181[0m [[35m67.1[0m% ([36m512[0m/[36m763[0m batches, [36m1707772[0m pos/sec)]
Estimated time to end of superbatch: [36m19.3[0ms     [Fsuperbatch [36m181[0m [[35m83.9[0m% ([36m640[0m/[36m763[0m batches, [36m1633908[0m pos/sec)]
Estimated time to end of superbatch: [36m9.9[0ms     [Fsuperbatch [36m181[0m | time [36m60.7[0ms | running loss [36m0.014092[0m | [36m1647650[0m pos/sec | total time [36m12027.9[0ms
Estimated time remaining in training: [36m2[0mh [36m22[0mm [36m52[0ms
LR dropped to [36m0.00041349034[0m
superbatch [36m182[0m [[35m0.0[0m% ([36m0[0m/[36m763[0m batches, [36m2150995[0m pos/sec)]
Estimated time to end of superbatch: [36minf[0ms     [Fsuperbatch [36m182[0m [[35m16.8[0m% ([36m128[0m/[36m763[0m batches, [36m1835516[0m pos/sec)]
Estimated time to end of superbatch: [36m45.7[0ms     [Fsuperbatch [36m182[0m [[35m33.6[0m% ([36m256[0m/[36m763[0m batches, [36m1519782[0m pos/sec)]
Estimated time to end of superbatch: [36m43.9[0ms     [Fsuperbatch [36m182[0m [[35m50.3[0m% ([36m384[0m/[36m763[0m batches, [36m1472199[0m pos/sec)]
Estimated time to end of superbatch: [36m33.8[0ms     [Fsuperbatch [36m182[0m [[35m67.1[0m% ([36m512[0m/[36m763[0m batches, [36m1547853[0m pos/sec)]
Estimated time to end of superbatch: [36m21.3[0ms     [Fsuperbatch [36m182[0m [[35m83.9[0m% ([36m640[0m/[36m763[0m batches, [36m1596227[0m pos/sec)]
Estimated time to end of superbatch: [36m10.1[0ms     [Fsuperbatch [36m182[0m | time [36m65.5[0ms | running loss [36m0.014141[0m | [36m1525702[0m pos/sec | total time [36m12093.4[0ms
Estimated time remaining in training: [36m2[0mh [36m21[0mm [36m45[0ms
LR dropped to [36m0.0004102678[0m
superbatch [36m183[0m [[35m0.0[0m% ([36m0[0m/[36m763[0m batches, [36m2101843[0m pos/sec)]
Estimated time to end of superbatch: [36minf[0ms     [Fsuperbatch [36m183[0m [[35m16.8[0m% ([36m128[0m/[36m763[0m batches, [36m1477508[0m pos/sec)]
Estimated time to end of superbatch: [36m56.8[0ms     [Fsuperbatch [36m183[0m [[35m33.6[0m% ([36m256[0m/[36m763[0m batches, [36m1583113[0m pos/sec)]
Estimated time to end of superbatch: [36m42.1[0ms     [Fsuperbatch [36m183[0m [[35m50.3[0m% ([36m384[0m/[36m763[0m batches, [36m1635792[0m pos/sec)]
Estimated time to end of superbatch: [36m30.4[0ms     [Fsuperbatch [36m183[0m [[35m67.1[0m% ([36m512[0m/[36m763[0m batches, [36m1561213[0m pos/sec)]
Estimated time to end of superbatch: [36m21.1[0ms     [Fsuperbatch [36m183[0m [[35m83.9[0m% ([36m640[0m/[36m763[0m batches, [36m1542657[0m pos/sec)]
Estimated time to end of superbatch: [36m10.5[0ms     [Fsuperbatch [36m183[0m | time [36m63.3[0ms | running loss [36m0.014153[0m | [36m1581133[0m pos/sec | total time [36m12156.7[0ms
Estimated time remaining in training: [36m2[0mh [36m20[0mm [36m36[0ms
LR dropped to [36m0.00040704524[0m
superbatch [36m184[0m [[35m0.0[0m% ([36m0[0m/[36m763[0m batches, [36m2179318[0m pos/sec)]
Estimated time to end of superbatch: [36minf[0ms     [Fsuperbatch [36m184[0m [[35m16.8[0m% ([36m128[0m/[36m763[0m batches, [36m1759941[0m pos/sec)]
Estimated time to end of superbatch: [36m47.7[0ms     [Fsuperbatch [36m184[0m [[35m33.6[0m% ([36m256[0m/[36m763[0m batches, [36m1523242[0m pos/sec)]
Estimated time to end of superbatch: [36m43.8[0ms     [Fsuperbatch [36m184[0m [[35m50.3[0m% ([36m384[0m/[36m763[0m batches, [36m1488942[0m pos/sec)]
Estimated time to end of superbatch: [36m33.5[0ms     [Fsuperbatch [36m184[0m [[35m67.1[0m% ([36m512[0m/[36m763[0m batches, [36m1542297[0m pos/sec)]
Estimated time to end of superbatch: [36m21.4[0ms     [Fsuperbatch [36m184[0m [[35m83.9[0m% ([36m640[0m/[36m763[0m batches, [36m1576501[0m pos/sec)]
Estimated time to end of superbatch: [36m10.2[0ms     [Fsuperbatch [36m184[0m | time [36m66.1[0ms | running loss [36m0.014181[0m | [36m1512189[0m pos/sec | total time [36m12222.8[0ms
Estimated time remaining in training: [36m2[0mh [36m19[0mm [36m29[0ms
LR dropped to [36m0.00040382257[0m
superbatch [36m185[0m [[35m0.0[0m% ([36m0[0m/[36m763[0m batches, [36m1701896[0m pos/sec)]
Estimated time to end of superbatch: [36minf[0ms     [Fsuperbatch [36m185[0m [[35m16.8[0m% ([36m128[0m/[36m763[0m batches, [36m1367424[0m pos/sec)]
Estimated time to end of superbatch: [36m61.3[0ms     [Fsuperbatch [36m185[0m [[35m33.6[0m% ([36m256[0m/[36m763[0m batches, [36m1552210[0m pos/sec)]
Estimated time to end of superbatch: [36m43.0[0ms     [Fsuperbatch [36m185[0m [[35m50.3[0m% ([36m384[0m/[36m763[0m batches, [36m1642042[0m pos/sec)]
Estimated time to end of superbatch: [36m30.3[0ms     [Fsuperbatch [36m185[0m [[35m67.1[0m% ([36m512[0m/[36m763[0m batches, [36m1561271[0m pos/sec)]
Estimated time to end of superbatch: [36m21.1[0ms     [Fsuperbatch [36m185[0m [[35m83.9[0m% ([36m640[0m/[36m763[0m batches, [36m1527221[0m pos/sec)]
Estimated time to end of superbatch: [36m10.6[0ms     [Fsuperbatch [36m185[0m | time [36m64.4[0ms | running loss [36m0.014250[0m | [36m1552808[0m pos/sec | total time [36m12287.2[0ms
Estimated time remaining in training: [36m2[0mh [36m18[0mm [36m22[0ms
LR dropped to [36m0.00040060002[0m
superbatch [36m186[0m [[35m0.0[0m% ([36m0[0m/[36m763[0m batches, [36m790161[0m pos/sec)]
Estimated time to end of superbatch: [36minf[0ms     [Fsuperbatch [36m186[0m [[35m16.8[0m% ([36m128[0m/[36m763[0m batches, [36m1774438[0m pos/sec)]
Estimated time to end of superbatch: [36m47.3[0ms     [Fsuperbatch [36m186[0m [[35m33.6[0m% ([36m256[0m/[36m763[0m batches, [36m1576535[0m pos/sec)]
Estimated time to end of superbatch: [36m42.3[0ms     [Fsuperbatch [36m186[0m [[35m50.3[0m% ([36m384[0m/[36m763[0m batches, [36m1486890[0m pos/sec)]
Estimated time to end of superbatch: [36m33.5[0ms     [Fsuperbatch [36m186[0m [[35m67.1[0m% ([36m512[0m/[36m763[0m batches, [36m1558804[0m pos/sec)]
Estimated time to end of superbatch: [36m21.1[0ms     [Fsuperbatch [36m186[0m [[35m83.9[0m% ([36m640[0m/[36m763[0m batches, [36m1593667[0m pos/sec)]
Estimated time to end of superbatch: [36m10.1[0ms     [Fsuperbatch [36m186[0m | time [36m64.5[0ms | running loss [36m0.014250[0m | [36m1549794[0m pos/sec | total time [36m12351.8[0ms
Estimated time remaining in training: [36m2[0mh [36m17[0mm [36m14[0ms
LR dropped to [36m0.00039737741[0m
superbatch [36m187[0m [[35m0.0[0m% ([36m0[0m/[36m763[0m batches, [36m1401332[0m pos/sec)]
Estimated time to end of superbatch: [36minf[0ms     [Fsuperbatch [36m187[0m [[35m16.8[0m% ([36m128[0m/[36m763[0m batches, [36m1314804[0m pos/sec)]
Estimated time to end of superbatch: [36m63.8[0ms     [Fsuperbatch [36m187[0m [[35m33.6[0m% ([36m256[0m/[36m763[0m batches, [36m1515904[0m pos/sec)]
Estimated time to end of superbatch: [36m44.0[0ms     [Fsuperbatch [36m187[0m [[35m50.3[0m% ([36m384[0m/[36m763[0m batches, [36m1590863[0m pos/sec)]
Estimated time to end of superbatch: [36m31.3[0ms     [Fsuperbatch [36m187[0m [[35m67.1[0m% ([36m512[0m/[36m763[0m batches, [36m1532643[0m pos/sec)]
Estimated time to end of superbatch: [36m21.5[0ms     [Fsuperbatch [36m187[0m [[35m83.9[0m% ([36m640[0m/[36m763[0m batches, [36m1502652[0m pos/sec)]
Estimated time to end of superbatch: [36m10.7[0ms     [Fsuperbatch [36m187[0m | time [36m65.1[0ms | running loss [36m0.014310[0m | [36m1537031[0m pos/sec | total time [36m12416.8[0ms
Estimated time remaining in training: [36m2[0mh [36m16[0mm [36m7[0ms
LR dropped to [36m0.00039415486[0m
superbatch [36m188[0m [[35m0.0[0m% ([36m0[0m/[36m763[0m batches, [36m1916730[0m pos/sec)]
Estimated time to end of superbatch: [36minf[0ms     [Fsuperbatch [36m188[0m [[35m16.8[0m% ([36m128[0m/[36m763[0m batches, [36m1760153[0m pos/sec)]
Estimated time to end of superbatch: [36m47.7[0ms     [Fsuperbatch [36m188[0m [[35m33.6[0m% ([36m256[0m/[36m763[0m batches, [36m1580508[0m pos/sec)]
Estimated time to end of superbatch: [36m42.2[0ms     [Fsuperbatch [36m188[0m [[35m50.3[0m% ([36m384[0m/[36m763[0m batches, [36m1506105[0m pos/sec)]
Estimated time to end of superbatch: [36m33.1[0ms     [Fsuperbatch [36m188[0m [[35m67.1[0m% ([36m512[0m/[36m763[0m batches, [36m1547869[0m pos/sec)]
Estimated time to end of superbatch: [36m21.3[0ms     [Fsuperbatch [36m188[0m [[35m83.9[0m% ([36m640[0m/[36m763[0m batches, [36m1590953[0m pos/sec)]
Estimated time to end of superbatch: [36m10.1[0ms     [Fsuperbatch [36m188[0m | time [36m64.1[0ms | running loss [36m0.014297[0m | [36m1559220[0m pos/sec | total time [36m12481.0[0ms
Estimated time remaining in training: [36m2[0mh [36m14[0mm [36m59[0ms
LR dropped to [36m0.00039093225[0m
superbatch [36m189[0m [[35m0.0[0m% ([36m0[0m/[36m763[0m batches, [36m1427444[0m pos/sec)]
Estimated time to end of superbatch: [36minf[0ms     [Fsuperbatch [36m189[0m [[35m16.8[0m% ([36m128[0m/[36m763[0m batches, [36m1316201[0m pos/sec)]
Estimated time to end of superbatch: [36m63.7[0ms     [Fsuperbatch [36m189[0m [[35m33.6[0m% ([36m256[0m/[36m763[0m batches, [36m1480618[0m pos/sec)]
Estimated time to end of superbatch: [36m45.1[0ms     [Fsuperbatch [36m189[0m [[35m50.3[0m% ([36m384[0m/[36m763[0m batches, [36m1598738[0m pos/sec)]
Estimated time to end of superbatch: [36m31.2[0ms     [Fsuperbatch [36m189[0m [[35m67.1[0m% ([36m512[0m/[36m763[0m batches, [36m1559081[0m pos/sec)]
Estimated time to end of superbatch: [36m21.1[0ms     [Fsuperbatch [36m189[0m [[35m83.9[0m% ([36m640[0m/[36m763[0m batches, [36m1492272[0m pos/sec)]
Estimated time to end of superbatch: [36m10.8[0ms     [Fsuperbatch [36m189[0m | time [36m66.2[0ms | running loss [36m0.014377[0m | [36m1510030[0m pos/sec | total time [36m12547.2[0ms
Estimated time remaining in training: [36m2[0mh [36m13[0mm [36m52[0ms
LR dropped to [36m0.0003877097[0m
superbatch [36m190[0m [[35m0.0[0m% ([36m0[0m/[36m763[0m batches, [36m1960423[0m pos/sec)]
Estimated time to end of superbatch: [36minf[0ms     [Fsuperbatch [36m190[0m [[35m16.8[0m% ([36m128[0m/[36m763[0m batches, [36m1777432[0m pos/sec)]
Estimated time to end of superbatch: [36m47.2[0ms     [Fsuperbatch [36m190[0m [[35m33.6[0m% ([36m256[0m/[36m763[0m batches, [36m1525550[0m pos/sec)]
Estimated time to end of superbatch: [36m43.7[0ms     [Fsuperbatch [36m190[0m [[35m50.3[0m% ([36m384[0m/[36m763[0m batches, [36m1442652[0m pos/sec)]
Estimated time to end of superbatch: [36m34.5[0ms     [Fsuperbatch [36m190[0m [[35m67.1[0m% ([36m512[0m/[36m763[0m batches, [36m1491830[0m pos/sec)]
Estimated time to end of superbatch: [36m22.1[0ms     [Fsuperbatch [36m190[0m [[35m83.9[0m% ([36m640[0m/[36m763[0m batches, [36m1536758[0m pos/sec)]
Estimated time to end of superbatch: [36m10.5[0ms     [Fsuperbatch [36m190[0m | time [36m67.3[0ms | running loss [36m0.014334[0m | [36m1486374[0m pos/sec | total time [36m12614.5[0ms
Estimated time remaining in training: [36m2[0mh [36m12[0mm [36m47[0ms
LR dropped to [36m0.0003844871[0m
superbatch [36m191[0m [[35m0.0[0m% ([36m0[0m/[36m763[0m batches, [36m1873260[0m pos/sec)]
Estimated time to end of superbatch: [36minf[0ms     [Fsuperbatch [36m191[0m [[35m16.8[0m% ([36m128[0m/[36m763[0m batches, [36m1252142[0m pos/sec)]
Estimated time to end of superbatch: [36m67.0[0ms     [Fsuperbatch [36m191[0m [[35m33.6[0m% ([36m256[0m/[36m763[0m batches, [36m1457858[0m pos/sec)]
Estimated time to end of superbatch: [36m45.8[0ms     [Fsuperbatch [36m191[0m [[35m50.3[0m% ([36m384[0m/[36m763[0m batches, [36m1542868[0m pos/sec)]
Estimated time to end of superbatch: [36m32.3[0ms     [Fsuperbatch [36m191[0m [[35m67.1[0m% ([36m512[0m/[36m763[0m batches, [36m1483329[0m pos/sec)]
Estimated time to end of superbatch: [36m22.2[0ms     [Fsuperbatch [36m191[0m [[35m83.9[0m% ([36m640[0m/[36m763[0m batches, [36m1454123[0m pos/sec)]
Estimated time to end of superbatch: [36m11.1[0ms     [Fsuperbatch [36m191[0m | time [36m67.9[0ms | running loss [36m0.014455[0m | [36m1472128[0m pos/sec | total time [36m12682.4[0ms
Estimated time remaining in training: [36m2[0mh [36m11[0mm [36m41[0ms
LR dropped to [36m0.00038126454[0m
superbatch [36m192[0m [[35m0.0[0m% ([36m0[0m/[36m763[0m batches, [36m2206265[0m pos/sec)]
Estimated time to end of superbatch: [36minf[0ms     [Fsuperbatch [36m192[0m [[35m16.8[0m% ([36m128[0m/[36m763[0m batches, [36m1888938[0m pos/sec)]
Estimated time to end of superbatch: [36m44.4[0ms     [Fsuperbatch [36m192[0m [[35m33.6[0m% ([36m256[0m/[36m763[0m batches, [36m1625365[0m pos/sec)]
Estimated time to end of superbatch: [36m41.0[0ms     [Fsuperbatch [36m192[0m [[35m50.3[0m% ([36m384[0m/[36m763[0m batches, [36m1509577[0m pos/sec)]
Estimated time to end of superbatch: [36m33.0[0ms     [Fsuperbatch [36m192[0m [[35m67.1[0m% ([36m512[0m/[36m763[0m batches, [36m1573103[0m pos/sec)]
Estimated time to end of superbatch: [36m21.0[0ms     [Fsuperbatch [36m192[0m [[35m83.9[0m% ([36m640[0m/[36m763[0m batches, [36m1622079[0m pos/sec)]
Estimated time to end of superbatch: [36m10.0[0ms     [Fsuperbatch [36m192[0m | time [36m63.7[0ms | running loss [36m0.014398[0m | [36m1571146[0m pos/sec | total time [36m12746.1[0ms
Estimated time remaining in training: [36m2[0mh [36m10[0mm [36m33[0ms
LR dropped to [36m0.00037804194[0m
superbatch [36m193[0m [[35m0.0[0m% ([36m0[0m/[36m763[0m batches, [36m1334049[0m pos/sec)]
Estimated time to end of superbatch: [36minf[0ms     [Fsuperbatch [36m193[0m [[35m16.8[0m% ([36m128[0m/[36m763[0m batches, [36m1217217[0m pos/sec)]
Estimated time to end of superbatch: [36m68.9[0ms     [Fsuperbatch [36m193[0m [[35m33.6[0m% ([36m256[0m/[36m763[0m batches, [36m1393393[0m pos/sec)]
Estimated time to end of superbatch: [36m47.9[0ms     [Fsuperbatch [36m193[0m [[35m50.3[0m% ([36m384[0m/[36m763[0m batches, [36m1489329[0m pos/sec)]
Estimated time to end of superbatch: [36m33.4[0ms     [Fsuperbatch [36m193[0m [[35m67.1[0m% ([36m512[0m/[36m763[0m batches, [36m1471226[0m pos/sec)]
Estimated time to end of superbatch: [36m22.4[0ms     [Fsuperbatch [36m193[0m [[35m83.9[0m% ([36m640[0m/[36m763[0m batches, [36m1434068[0m pos/sec)]
Estimated time to end of superbatch: [36m11.3[0ms     [Fsuperbatch [36m193[0m | time [36m68.3[0ms | running loss [36m0.014570[0m | [36m1463511[0m pos/sec | total time [36m12814.4[0ms
Estimated time remaining in training: [36m2[0mh [36m9[0mm [36m28[0ms
LR dropped to [36m0.00037481938[0m
superbatch [36m194[0m [[35m0.0[0m% ([36m0[0m/[36m763[0m batches, [36m1783985[0m pos/sec)]
Estimated time to end of superbatch: [36minf[0ms     [Fsuperbatch [36m194[0m [[35m16.8[0m% ([36m128[0m/[36m763[0m batches, [36m1777527[0m pos/sec)]
Estimated time to end of superbatch: [36m47.2[0ms     [Fsuperbatch [36m194[0m [[35m33.6[0m% ([36m256[0m/[36m763[0m batches, [36m1619443[0m pos/sec)]
Estimated time to end of superbatch: [36m41.2[0ms     [Fsuperbatch [36m194[0m [[35m50.3[0m% ([36m384[0m/[36m763[0m batches, [36m1485950[0m pos/sec)]
Estimated time to end of superbatch: [36m33.5[0ms     [Fsuperbatch [36m194[0m [[35m67.1[0m% ([36m512[0m/[36m763[0m batches, [36m1527407[0m pos/sec)]
Estimated time to end of superbatch: [36m21.6[0ms     [Fsuperbatch [36m194[0m [[35m83.9[0m% ([36m640[0m/[36m763[0m batches, [36m1574136[0m pos/sec)]
Estimated time to end of superbatch: [36m10.3[0ms     [Fsuperbatch [36m194[0m | time [36m64.1[0ms | running loss [36m0.014472[0m | [36m1559839[0m pos/sec | total time [36m12878.5[0ms
Estimated time remaining in training: [36m2[0mh [36m8[0mm [36m20[0ms
LR dropped to [36m0.00037159678[0m
superbatch [36m195[0m [[35m0.0[0m% ([36m0[0m/[36m763[0m batches, [36m750249[0m pos/sec)]
Estimated time to end of superbatch: [36minf[0ms     [Fsuperbatch [36m195[0m [[35m16.8[0m% ([36m128[0m/[36m763[0m batches, [36m1245666[0m pos/sec)]
Estimated time to end of superbatch: [36m67.3[0ms     [Fsuperbatch [36m195[0m [[35m33.6[0m% ([36m256[0m/[36m763[0m batches, [36m1418370[0m pos/sec)]
Estimated time to end of superbatch: [36m47.0[0ms     [Fsuperbatch [36m195[0m [[35m50.3[0m% ([36m384[0m/[36m763[0m batches, [36m1488555[0m pos/sec)]
Estimated time to end of superbatch: [36m33.5[0ms     [Fsuperbatch [36m195[0m [[35m67.1[0m% ([36m512[0m/[36m763[0m batches, [36m1491054[0m pos/sec)]
Estimated time to end of superbatch: [36m22.1[0ms     [Fsuperbatch [36m195[0m [[35m83.9[0m% ([36m640[0m/[36m763[0m batches, [36m1448691[0m pos/sec)]
Estimated time to end of superbatch: [36m11.1[0ms     [Fsuperbatch [36m195[0m | time [36m67.3[0ms | running loss [36m0.014636[0m | [36m1486504[0m pos/sec | total time [36m12945.8[0ms
Estimated time remaining in training: [36m2[0mh [36m7[0mm [36m14[0ms
LR dropped to [36m0.00036837423[0m
superbatch [36m196[0m [[35m0.0[0m% ([36m0[0m/[36m763[0m batches, [36m1733508[0m pos/sec)]
Estimated time to end of superbatch: [36minf[0ms     [Fsuperbatch [36m196[0m [[35m16.8[0m% ([36m128[0m/[36m763[0m batches, [36m1629949[0m pos/sec)]
Estimated time to end of superbatch: [36m51.5[0ms     [Fsuperbatch [36m196[0m [[35m33.6[0m% ([36m256[0m/[36m763[0m batches, [36m1596160[0m pos/sec)]
Estimated time to end of superbatch: [36m41.8[0ms     [Fsuperbatch [36m196[0m [[35m50.3[0m% ([36m384[0m/[36m763[0m batches, [36m1490027[0m pos/sec)]
Estimated time to end of superbatch: [36m33.4[0ms     [Fsuperbatch [36m196[0m [[35m67.1[0m% ([36m512[0m/[36m763[0m batches, [36m1508116[0m pos/sec)]
Estimated time to end of superbatch: [36m21.9[0ms     [Fsuperbatch [36m196[0m [[35m83.9[0m% ([36m640[0m/[36m763[0m batches, [36m1544916[0m pos/sec)]
Estimated time to end of superbatch: [36m10.5[0ms     [Fsuperbatch [36m196[0m | time [36m64.1[0ms | running loss [36m0.014495[0m | [36m1559314[0m pos/sec | total time [36m13009.9[0ms
Estimated time remaining in training: [36m2[0mh [36m6[0mm [36m6[0ms
LR dropped to [36m0.00036515162[0m
superbatch [36m197[0m [[35m0.0[0m% ([36m0[0m/[36m763[0m batches, [36m1359974[0m pos/sec)]
Estimated time to end of superbatch: [36minf[0ms     [Fsuperbatch [36m197[0m [[35m16.8[0m% ([36m128[0m/[36m763[0m batches, [36m1327043[0m pos/sec)]
Estimated time to end of superbatch: [36m63.2[0ms     [Fsuperbatch [36m197[0m [[35m33.6[0m% ([36m256[0m/[36m763[0m batches, [36m1472374[0m pos/sec)]
Estimated time to end of superbatch: [36m45.3[0ms     [Fsuperbatch [36m197[0m [[35m50.3[0m% ([36m384[0m/[36m763[0m batches, [36m1559479[0m pos/sec)]
Estimated time to end of superbatch: [36m31.9[0ms     [Fsuperbatch [36m197[0m [[35m67.1[0m% ([36m512[0m/[36m763[0m batches, [36m1541246[0m pos/sec)]
Estimated time to end of superbatch: [36m21.4[0ms     [Fsuperbatch [36m197[0m [[35m83.9[0m% ([36m640[0m/[36m763[0m batches, [36m1492248[0m pos/sec)]
Estimated time to end of superbatch: [36m10.8[0ms     [Fsuperbatch [36m197[0m | time [36m65.9[0ms | running loss [36m0.014803[0m | [36m1517539[0m pos/sec | total time [36m13075.8[0ms
Estimated time remaining in training: [36m2[0mh [36m5[0mm [36m0[0ms
LR dropped to [36m0.00036192907[0m
superbatch [36m198[0m [[35m0.0[0m% ([36m0[0m/[36m763[0m batches, [36m1911673[0m pos/sec)]
Estimated time to end of superbatch: [36minf[0ms     [Fsuperbatch [36m198[0m [[35m16.8[0m% ([36m128[0m/[36m763[0m batches, [36m1769425[0m pos/sec)]
Estimated time to end of superbatch: [36m47.4[0ms     [Fsuperbatch [36m198[0m [[35m33.6[0m% ([36m256[0m/[36m763[0m batches, [36m1620790[0m pos/sec)]
Estimated time to end of superbatch: [36m41.2[0ms     [Fsuperbatch [36m198[0m [[35m50.3[0m% ([36m384[0m/[36m763[0m batches, [36m1515108[0m pos/sec)]
Estimated time to end of superbatch: [36m32.9[0ms     [Fsuperbatch [36m198[0m [[35m67.1[0m% ([36m512[0m/[36m763[0m batches, [36m1549669[0m pos/sec)]
Estimated time to end of superbatch: [36m21.3[0ms     [Fsuperbatch [36m198[0m [[35m83.9[0m% ([36m640[0m/[36m763[0m batches, [36m1585251[0m pos/sec)]
Estimated time to end of superbatch: [36m10.2[0ms     [Fsuperbatch [36m198[0m | time [36m62.9[0ms | running loss [36m0.014682[0m | [36m1590513[0m pos/sec | total time [36m13138.7[0ms
Estimated time remaining in training: [36m2[0mh [36m3[0mm [36m51[0ms
LR dropped to [36m0.00035870651[0m
superbatch [36m199[0m [[35m0.0[0m% ([36m0[0m/[36m763[0m batches, [36m1709866[0m pos/sec)]
Estimated time to end of superbatch: [36minf[0ms     [Fsuperbatch [36m199[0m [[35m16.8[0m% ([36m128[0m/[36m763[0m batches, [36m1281976[0m pos/sec)]
Estimated time to end of superbatch: [36m65.4[0ms     [Fsuperbatch [36m199[0m [[35m33.6[0m% ([36m256[0m/[36m763[0m batches, [36m1390379[0m pos/sec)]
Estimated time to end of superbatch: [36m48.0[0ms     [Fsuperbatch [36m199[0m [[35m50.3[0m% ([36m384[0m/[36m763[0m batches, [36m1501868[0m pos/sec)]
Estimated time to end of superbatch: [36m33.2[0ms     [Fsuperbatch [36m199[0m [[35m67.1[0m% ([36m512[0m/[36m763[0m batches, [36m1483940[0m pos/sec)]
Estimated time to end of superbatch: [36m22.2[0ms     [Fsuperbatch [36m199[0m [[35m83.9[0m% ([36m640[0m/[36m763[0m batches, [36m1433980[0m pos/sec)]
Estimated time to end of superbatch: [36m11.3[0ms     [Fsuperbatch [36m199[0m | time [36m68.7[0ms | running loss [36m0.014921[0m | [36m1456552[0m pos/sec | total time [36m13207.4[0ms
Estimated time remaining in training: [36m2[0mh [36m2[0mm [36m46[0ms
LR dropped to [36m0.0003554839[0m
superbatch [36m200[0m [[35m0.0[0m% ([36m0[0m/[36m763[0m batches, [36m2115217[0m pos/sec)]
Estimated time to end of superbatch: [36minf[0ms     [Fsuperbatch [36m200[0m [[35m16.8[0m% ([36m128[0m/[36m763[0m batches, [36m1747699[0m pos/sec)]
Estimated time to end of superbatch: [36m48.0[0ms     [Fsuperbatch [36m200[0m [[35m33.6[0m% ([36m256[0m/[36m763[0m batches, [36m1653059[0m pos/sec)]
Estimated time to end of superbatch: [36m40.4[0ms     [Fsuperbatch [36m200[0m [[35m50.3[0m% ([36m384[0m/[36m763[0m batches, [36m1514110[0m pos/sec)]
Estimated time to end of superbatch: [36m32.9[0ms     [Fsuperbatch [36m200[0m [[35m67.1[0m% ([36m512[0m/[36m763[0m batches, [36m1520862[0m pos/sec)]
Estimated time to end of superbatch: [36m21.7[0ms     [Fsuperbatch [36m200[0m [[35m83.9[0m% ([36m640[0m/[36m763[0m batches, [36m1559213[0m pos/sec)]
Estimated time to end of superbatch: [36m10.4[0ms     [Fsuperbatch [36m200[0m | time [36m63.7[0ms | running loss [36m0.014748[0m | [36m1571030[0m pos/sec | total time [36m13271.0[0ms
Estimated time remaining in training: [36m2[0mh [36m1[0mm [36m39[0ms
Saved [anna-v3-s1-200]
LR dropped to [36m0.00035226136[0m
superbatch [36m201[0m [[35m0.0[0m% ([36m0[0m/[36m763[0m batches, [36m1894279[0m pos/sec)]
Estimated time to end of superbatch: [36minf[0ms     [Fsuperbatch [36m201[0m [[35m16.8[0m% ([36m128[0m/[36m763[0m batches, [36m1778913[0m pos/sec)]
Estimated time to end of superbatch: [36m47.2[0ms     [Fsuperbatch [36m201[0m [[35m33.6[0m% ([36m256[0m/[36m763[0m batches, [36m1769693[0m pos/sec)]
Estimated time to end of superbatch: [36m37.7[0ms     [Fsuperbatch [36m201[0m [[35m50.3[0m% ([36m384[0m/[36m763[0m batches, [36m1761458[0m pos/sec)]
Estimated time to end of superbatch: [36m28.3[0ms     [Fsuperbatch [36m201[0m [[35m67.1[0m% ([36m512[0m/[36m763[0m batches, [36m1769296[0m pos/sec)]
Estimated time to end of superbatch: [36m18.6[0ms     [Fsuperbatch [36m201[0m [[35m83.9[0m% ([36m640[0m/[36m763[0m batches, [36m1687090[0m pos/sec)]
Estimated time to end of superbatch: [36m9.6[0ms     [Fsuperbatch [36m201[0m | time [36m60.5[0ms | running loss [36m0.014991[0m | [36m1653916[0m pos/sec | total time [36m13348.0[0ms
Estimated time remaining in training: [36m2[0mh [36m0[0mm [36m38[0ms
LR dropped to [36m0.00034903875[0m
superbatch [36m202[0m [[35m0.0[0m% ([36m0[0m/[36m763[0m batches, [36m1806995[0m pos/sec)]
Estimated time to end of superbatch: [36minf[0ms     [Fsuperbatch [36m202[0m [[35m16.8[0m% ([36m128[0m/[36m763[0m batches, [36m1736914[0m pos/sec)]
Estimated time to end of superbatch: [36m48.3[0ms     [Fsuperbatch [36m202[0m [[35m33.6[0m% ([36m256[0m/[36m763[0m batches, [36m1721922[0m pos/sec)]
Estimated time to end of superbatch: [36m38.7[0ms     [Fsuperbatch [36m202[0m [[35m50.3[0m% ([36m384[0m/[36m763[0m batches, [36m1568812[0m pos/sec)]
Estimated time to end of superbatch: [36m31.7[0ms     [Fsuperbatch [36m202[0m [[35m67.1[0m% ([36m512[0m/[36m763[0m batches, [36m1544869[0m pos/sec)]
Estimated time to end of superbatch: [36m21.3[0ms     [Fsuperbatch [36m202[0m [[35m83.9[0m% ([36m640[0m/[36m763[0m batches, [36m1585424[0m pos/sec)]
Estimated time to end of superbatch: [36m10.2[0ms     [Fsuperbatch [36m202[0m | time [36m62.4[0ms | running loss [36m0.014777[0m | [36m1602090[0m pos/sec | total time [36m13410.4[0ms
Estimated time remaining in training: [36m1[0mh [36m59[0mm [36m29[0ms
LR dropped to [36m0.0003458162[0m
superbatch [36m203[0m [[35m0.0[0m% ([36m0[0m/[36m763[0m batches, [36m639460[0m pos/sec)]
Estimated time to end of superbatch: [36minf[0ms     [Fsuperbatch [36m203[0m [[35m16.8[0m% ([36m128[0m/[36m763[0m batches, [36m1259122[0m pos/sec)]
Estimated time to end of superbatch: [36m66.6[0ms     [Fsuperbatch [36m203[0m [[35m33.6[0m% ([36m256[0m/[36m763[0m batches, [36m1351600[0m pos/sec)]
Estimated time to end of superbatch: [36m49.4[0ms     [Fsuperbatch [36m203[0m [[35m50.3[0m% ([36m384[0m/[36m763[0m batches, [36m1471356[0m pos/sec)]
Estimated time to end of superbatch: [36m33.9[0ms     [Fsuperbatch [36m203[0m [[35m67.1[0m% ([36m512[0m/[36m763[0m batches, [36m1527073[0m pos/sec)]
Estimated time to end of superbatch: [36m21.6[0ms     [Fsuperbatch [36m203[0m [[35m83.9[0m% ([36m640[0m/[36m763[0m batches, [36m1467027[0m pos/sec)]
Estimated time to end of superbatch: [36m11.0[0ms     [Fsuperbatch [36m203[0m | time [36m67.6[0ms | running loss [36m0.015063[0m | [36m1480316[0m pos/sec | total time [36m13478.0[0ms
Estimated time remaining in training: [36m1[0mh [36m58[0mm [36m24[0ms
LR dropped to [36m0.00034259353[0m
superbatch [36m204[0m [[35m0.0[0m% ([36m0[0m/[36m763[0m batches, [36m2286200[0m pos/sec)]
Estimated time to end of superbatch: [36minf[0ms     [Fsuperbatch [36m204[0m [[35m16.8[0m% ([36m128[0m/[36m763[0m batches, [36m1918011[0m pos/sec)]
Estimated time to end of superbatch: [36m43.7[0ms     [Fsuperbatch [36m204[0m [[35m33.6[0m% ([36m256[0m/[36m763[0m batches, [36m1785736[0m pos/sec)]
Estimated time to end of superbatch: [36m37.4[0ms     [Fsuperbatch [36m204[0m [[35m50.3[0m% ([36m384[0m/[36m763[0m batches, [36m1619324[0m pos/sec)]
Estimated time to end of superbatch: [36m30.8[0ms     [Fsuperbatch [36m204[0m [[35m67.1[0m% ([36m512[0m/[36m763[0m batches, [36m1573965[0m pos/sec)]
Estimated time to end of superbatch: [36m20.9[0ms     [Fsuperbatch [36m204[0m [[35m83.9[0m% ([36m640[0m/[36m763[0m batches, [36m1613126[0m pos/sec)]
Estimated time to end of superbatch: [36m10.0[0ms     [Fsuperbatch [36m204[0m | time [36m61.2[0ms | running loss [36m0.014826[0m | [36m1634586[0m pos/sec | total time [36m13539.2[0ms
Estimated time remaining in training: [36m1[0mh [36m57[0mm [36m15[0ms
LR dropped to [36m0.00033937098[0m
superbatch [36m205[0m [[35m0.0[0m% ([36m0[0m/[36m763[0m batches, [36m610322[0m pos/sec)]
Estimated time to end of superbatch: [36minf[0ms     [Fsuperbatch [36m205[0m [[35m16.8[0m% ([36m128[0m/[36m763[0m batches, [36m1306704[0m pos/sec)]
Estimated time to end of superbatch: [36m64.2[0ms     [Fsuperbatch [36m205[0m [[35m33.6[0m% ([36m256[0m/[36m763[0m batches, [36m1390639[0m pos/sec)]
Estimated time to end of superbatch: [36m48.0[0ms     [Fsuperbatch [36m205[0m [[35m50.3[0m% ([36m384[0m/[36m763[0m batches, [36m1479622[0m pos/sec)]
Estimated time to end of superbatch: [36m33.7[0ms     [Fsuperbatch [36m205[0m [[35m67.1[0m% ([36m512[0m/[36m763[0m batches, [36m1558120[0m pos/sec)]
Estimated time to end of superbatch: [36m21.2[0ms     [Fsuperbatch [36m205[0m [[35m83.9[0m% ([36m640[0m/[36m763[0m batches, [36m1492080[0m pos/sec)]
Estimated time to end of superbatch: [36m10.8[0ms     [Fsuperbatch [36m205[0m | time [36m67.1[0ms | running loss [36m0.015129[0m | [36m1491306[0m pos/sec | total time [36m13606.2[0ms
Estimated time remaining in training: [36m1[0mh [36m56[0mm [36m9[0ms
LR dropped to [36m0.00033614837[0m
superbatch [36m206[0m [[35m0.0[0m% ([36m0[0m/[36m763[0m batches, [36m2460854[0m pos/sec)]
Estimated time to end of superbatch: [36minf[0ms     [Fsuperbatch [36m206[0m [[35m16.8[0m% ([36m128[0m/[36m763[0m batches, [36m1800578[0m pos/sec)]
Estimated time to end of superbatch: [36m46.6[0ms     [Fsuperbatch [36m206[0m [[35m33.6[0m% ([36m256[0m/[36m763[0m batches, [36m1796875[0m pos/sec)]
Estimated time to end of superbatch: [36m37.1[0ms     [Fsuperbatch [36m206[0m [[35m50.3[0m% ([36m384[0m/[36m763[0m batches, [36m1624804[0m pos/sec)]
Estimated time to end of superbatch: [36m30.7[0ms     [Fsuperbatch [36m206[0m [[35m67.1[0m% ([36m512[0m/[36m763[0m batches, [36m1575078[0m pos/sec)]
Estimated time to end of superbatch: [36m20.9[0ms     [Fsuperbatch [36m206[0m [[35m83.9[0m% ([36m640[0m/[36m763[0m batches, [36m1618650[0m pos/sec)]
Estimated time to end of superbatch: [36m10.0[0ms     [Fsuperbatch [36m206[0m | time [36m60.8[0ms | running loss [36m0.014891[0m | [36m1644730[0m pos/sec | total time [36m13667.0[0ms
Estimated time remaining in training: [36m1[0mh [36m54[0mm [36m59[0ms
LR dropped to [36m0.00033292582[0m
superbatch [36m207[0m [[35m0.0[0m% ([36m0[0m/[36m763[0m batches, [36m2040334[0m pos/sec)]
Estimated time to end of superbatch: [36minf[0ms     [Fsuperbatch [36m207[0m [[35m16.8[0m% ([36m128[0m/[36m763[0m batches, [36m1321016[0m pos/sec)]
Estimated time to end of superbatch: [36m63.5[0ms     [Fsuperbatch [36m207[0m [[35m33.6[0m% ([36m256[0m/[36m763[0m batches, [36m1402350[0m pos/sec)]
Estimated time to end of superbatch: [36m47.6[0ms     [Fsuperbatch [36m207[0m [[35m50.3[0m% ([36m384[0m/[36m763[0m batches, [36m1531232[0m pos/sec)]
Estimated time to end of superbatch: [36m32.5[0ms     [Fsuperbatch [36m207[0m [[35m67.1[0m% ([36m512[0m/[36m763[0m batches, [36m1613546[0m pos/sec)]
Estimated time to end of superbatch: [36m20.4[0ms     [Fsuperbatch [36m207[0m [[35m83.9[0m% ([36m640[0m/[36m763[0m batches, [36m1545447[0m pos/sec)]
Estimated time to end of superbatch: [36m10.4[0ms     [Fsuperbatch [36m207[0m | time [36m65.5[0ms | running loss [36m0.015201[0m | [36m1526662[0m pos/sec | total time [36m13732.5[0ms
Estimated time remaining in training: [36m1[0mh [36m53[0mm [36m53[0ms
LR dropped to [36m0.0003297032[0m
superbatch [36m208[0m [[35m0.0[0m% ([36m0[0m/[36m763[0m batches, [36m762056[0m pos/sec)]
Estimated time to end of superbatch: [36minf[0ms     [Fsuperbatch [36m208[0m [[35m16.8[0m% ([36m128[0m/[36m763[0m batches, [36m1806097[0m pos/sec)]
Estimated time to end of superbatch: [36m46.4[0ms     [Fsuperbatch [36m208[0m [[35m33.6[0m% ([36m256[0m/[36m763[0m batches, [36m1760272[0m pos/sec)]
Estimated time to end of superbatch: [36m37.9[0ms     [Fsuperbatch [36m208[0m [[35m50.3[0m% ([36m384[0m/[36m763[0m batches, [36m1559810[0m pos/sec)]
Estimated time to end of superbatch: [36m31.9[0ms     [Fsuperbatch [36m208[0m [[35m67.1[0m% ([36m512[0m/[36m763[0m batches, [36m1523784[0m pos/sec)]
Estimated time to end of superbatch: [36m21.6[0ms     [Fsuperbatch [36m208[0m [[35m83.9[0m% ([36m640[0m/[36m763[0m batches, [36m1560846[0m pos/sec)]
Estimated time to end of superbatch: [36m10.3[0ms     [Fsuperbatch [36m208[0m | time [36m62.8[0ms | running loss [36m0.015006[0m | [36m1591662[0m pos/sec | total time [36m13795.4[0ms
Estimated time remaining in training: [36m1[0mh [36m52[0mm [36m45[0ms
LR dropped to [36m0.00032648066[0m
superbatch [36m209[0m [[35m0.0[0m% ([36m0[0m/[36m763[0m batches, [36m2524512[0m pos/sec)]
Estimated time to end of superbatch: [36minf[0ms     [Fsuperbatch [36m209[0m [[35m16.8[0m% ([36m128[0m/[36m763[0m batches, [36m1396057[0m pos/sec)]
Estimated time to end of superbatch: [36m60.1[0ms     [Fsuperbatch [36m209[0m [[35m33.6[0m% ([36m256[0m/[36m763[0m batches, [36m1404919[0m pos/sec)]
Estimated time to end of superbatch: [36m47.5[0ms     [Fsuperbatch [36m209[0m [[35m50.3[0m% ([36m384[0m/[36m763[0m batches, [36m1488194[0m pos/sec)]
Estimated time to end of superbatch: [36m33.5[0ms     [Fsuperbatch [36m209[0m [[35m67.1[0m% ([36m512[0m/[36m763[0m batches, [36m1562219[0m pos/sec)]
Estimated time to end of superbatch: [36m21.1[0ms     [Fsuperbatch [36m209[0m [[35m83.9[0m% ([36m640[0m/[36m763[0m batches, [36m1501358[0m pos/sec)]
Estimated time to end of superbatch: [36m10.8[0ms     [Fsuperbatch [36m209[0m | time [36m67.3[0ms | running loss [36m0.015297[0m | [36m1484906[0m pos/sec | total time [36m13862.7[0ms
Estimated time remaining in training: [36m1[0mh [36m51[0mm [36m39[0ms
LR dropped to [36m0.00032325805[0m
superbatch [36m210[0m [[35m0.0[0m% ([36m0[0m/[36m763[0m batches, [36m698420[0m pos/sec)]
Estimated time to end of superbatch: [36minf[0ms     [Fsuperbatch [36m210[0m [[35m16.8[0m% ([36m128[0m/[36m763[0m batches, [36m1763945[0m pos/sec)]
Estimated time to end of superbatch: [36m47.6[0ms     [Fsuperbatch [36m210[0m [[35m33.6[0m% ([36m256[0m/[36m763[0m batches, [36m1712121[0m pos/sec)]
Estimated time to end of superbatch: [36m39.0[0ms     [Fsuperbatch [36m210[0m [[35m50.3[0m% ([36m384[0m/[36m763[0m batches, [36m1524706[0m pos/sec)]
Estimated time to end of superbatch: [36m32.7[0ms     [Fsuperbatch [36m210[0m [[35m67.1[0m% ([36m512[0m/[36m763[0m batches, [36m1495943[0m pos/sec)]
Estimated time to end of superbatch: [36m22.0[0ms     [Fsuperbatch [36m210[0m [[35m83.9[0m% ([36m640[0m/[36m763[0m batches, [36m1548694[0m pos/sec)]
Estimated time to end of superbatch: [36m10.4[0ms     [Fsuperbatch [36m210[0m | time [36m63.7[0ms | running loss [36m0.015065[0m | [36m1571047[0m pos/sec | total time [36m13926.4[0ms
Estimated time remaining in training: [36m1[0mh [36m50[0mm [36m31[0ms
LR dropped to [36m0.0003200355[0m
superbatch [36m211[0m [[35m0.0[0m% ([36m0[0m/[36m763[0m batches, [36m1921594[0m pos/sec)]
Estimated time to end of superbatch: [36minf[0ms     [Fsuperbatch [36m211[0m [[35m16.8[0m% ([36m128[0m/[36m763[0m batches, [36m1248774[0m pos/sec)]
Estimated time to end of superbatch: [36m67.2[0ms     [Fsuperbatch [36m211[0m [[35m33.6[0m% ([36m256[0m/[36m763[0m batches, [36m1324149[0m pos/sec)]
Estimated time to end of superbatch: [36m50.4[0ms     [Fsuperbatch [36m211[0m [[35m50.3[0m% ([36m384[0m/[36m763[0m batches, [36m1429712[0m pos/sec)]
Estimated time to end of superbatch: [36m34.8[0ms     [Fsuperbatch [36m211[0m [[35m67.1[0m% ([36m512[0m/[36m763[0m batches, [36m1515674[0m pos/sec)]
Estimated time to end of superbatch: [36m21.7[0ms     [Fsuperbatch [36m211[0m [[35m83.9[0m% ([36m640[0m/[36m763[0m batches, [36m1471742[0m pos/sec)]
Estimated time to end of superbatch: [36m11.0[0ms     [Fsuperbatch [36m211[0m | time [36m68.6[0ms | running loss [36m0.015336[0m | [36m1458121[0m pos/sec | total time [36m13995.0[0ms
Estimated time remaining in training: [36m1[0mh [36m49[0mm [36m26[0ms
LR dropped to [36m0.00031681295[0m
superbatch [36m212[0m [[35m0.0[0m% ([36m0[0m/[36m763[0m batches, [36m1936185[0m pos/sec)]
Estimated time to end of superbatch: [36minf[0ms     [Fsuperbatch [36m212[0m [[35m16.8[0m% ([36m128[0m/[36m763[0m batches, [36m1661434[0m pos/sec)]
Estimated time to end of superbatch: [36m50.5[0ms     [Fsuperbatch [36m212[0m [[35m33.6[0m% ([36m256[0m/[36m763[0m batches, [36m1670312[0m pos/sec)]
Estimated time to end of superbatch: [36m39.9[0ms     [Fsuperbatch [36m212[0m [[35m50.3[0m% ([36m384[0m/[36m763[0m batches, [36m1559228[0m pos/sec)]
Estimated time to end of superbatch: [36m31.9[0ms     [Fsuperbatch [36m212[0m [[35m67.1[0m% ([36m512[0m/[36m763[0m batches, [36m1512289[0m pos/sec)]
Estimated time to end of superbatch: [36m21.8[0ms     [Fsuperbatch [36m212[0m [[35m83.9[0m% ([36m640[0m/[36m763[0m batches, [36m1544248[0m pos/sec)]
Estimated time to end of superbatch: [36m10.5[0ms     [Fsuperbatch [36m212[0m | time [36m63.6[0ms | running loss [36m0.015152[0m | [36m1571366[0m pos/sec | total time [36m14058.6[0ms
Estimated time remaining in training: [36m1[0mh [36m48[0mm [36m18[0ms
LR dropped to [36m0.00031359034[0m
superbatch [36m213[0m [[35m0.0[0m% ([36m0[0m/[36m763[0m batches, [36m2164760[0m pos/sec)]
Estimated time to end of superbatch: [36minf[0ms     [Fsuperbatch [36m213[0m [[35m16.8[0m% ([36m128[0m/[36m763[0m batches, [36m1358286[0m pos/sec)]
Estimated time to end of superbatch: [36m61.8[0ms     [Fsuperbatch [36m213[0m [[35m33.6[0m% ([36m256[0m/[36m763[0m batches, [36m1370854[0m pos/sec)]
Estimated time to end of superbatch: [36m48.7[0ms     [Fsuperbatch [36m213[0m [[35m50.3[0m% ([36m384[0m/[36m763[0m batches, [36m1452865[0m pos/sec)]
Estimated time to end of superbatch: [36m34.3[0ms     [Fsuperbatch [36m213[0m [[35m67.1[0m% ([36m512[0m/[36m763[0m batches, [36m1524171[0m pos/sec)]
Estimated time to end of superbatch: [36m21.6[0ms     [Fsuperbatch [36m213[0m [[35m83.9[0m% ([36m640[0m/[36m763[0m batches, [36m1489947[0m pos/sec)]
Estimated time to end of superbatch: [36m10.8[0ms     [Fsuperbatch [36m213[0m | time [36m68.5[0ms | running loss [36m0.015423[0m | [36m1460395[0m pos/sec | total time [36m14127.1[0ms
Estimated time remaining in training: [36m1[0mh [36m47[0mm [36m13[0ms
LR dropped to [36m0.0003103678[0m
superbatch [36m214[0m [[35m0.0[0m% ([36m0[0m/[36m763[0m batches, [36m2177370[0m pos/sec)]
Estimated time to end of superbatch: [36minf[0ms     [Fsuperbatch [36m214[0m [[35m16.8[0m% ([36m128[0m/[36m763[0m batches, [36m1700309[0m pos/sec)]
Estimated time to end of superbatch: [36m49.3[0ms     [Fsuperbatch [36m214[0m [[35m33.6[0m% ([36m256[0m/[36m763[0m batches, [36m1706303[0m pos/sec)]
Estimated time to end of superbatch: [36m39.1[0ms     [Fsuperbatch [36m214[0m [[35m50.3[0m% ([36m384[0m/[36m763[0m batches, [36m1573543[0m pos/sec)]
Estimated time to end of superbatch: [36m31.7[0ms     [Fsuperbatch [36m214[0m [[35m67.1[0m% ([36m512[0m/[36m763[0m batches, [36m1515388[0m pos/sec)]
Estimated time to end of superbatch: [36m21.8[0ms     [Fsuperbatch [36m214[0m [[35m83.9[0m% ([36m640[0m/[36m763[0m batches, [36m1542303[0m pos/sec)]
Estimated time to end of superbatch: [36m10.5[0ms     [Fsuperbatch [36m214[0m | time [36m63.1[0ms | running loss [36m0.015245[0m | [36m1583697[0m pos/sec | total time [36m14190.2[0ms
Estimated time remaining in training: [36m1[0mh [36m46[0mm [36m5[0ms
LR dropped to [36m0.00030714518[0m
superbatch [36m215[0m [[35m0.0[0m% ([36m0[0m/[36m763[0m batches, [36m2246914[0m pos/sec)]
Estimated time to end of superbatch: [36minf[0ms     [Fsuperbatch [36m215[0m [[35m16.8[0m% ([36m128[0m/[36m763[0m batches, [36m1387624[0m pos/sec)]
Estimated time to end of superbatch: [36m60.4[0ms     [Fsuperbatch [36m215[0m [[35m33.6[0m% ([36m256[0m/[36m763[0m batches, [36m1357018[0m pos/sec)]
Estimated time to end of superbatch: [36m49.2[0ms     [Fsuperbatch [36m215[0m [[35m50.3[0m% ([36m384[0m/[36m763[0m batches, [36m1465333[0m pos/sec)]
Estimated time to end of superbatch: [36m34.0[0ms     [Fsuperbatch [36m215[0m [[35m67.1[0m% ([36m512[0m/[36m763[0m batches, [36m1530131[0m pos/sec)]
Estimated time to end of superbatch: [36m21.5[0ms     [Fsuperbatch [36m215[0m [[35m83.9[0m% ([36m640[0m/[36m763[0m batches, [36m1511932[0m pos/sec)]
Estimated time to end of superbatch: [36m10.7[0ms     [Fsuperbatch [36m215[0m | time [36m67.2[0ms | running loss [36m0.015452[0m | [36m1489320[0m pos/sec | total time [36m14257.4[0ms
Estimated time remaining in training: [36m1[0mh [36m44[0mm [36m59[0ms
LR dropped to [36m0.00030392263[0m
superbatch [36m216[0m [[35m0.0[0m% ([36m0[0m/[36m763[0m batches, [36m1098850[0m pos/sec)]
Estimated time to end of superbatch: [36minf[0ms     [Fsuperbatch [36m216[0m [[35m16.8[0m% ([36m128[0m/[36m763[0m batches, [36m1663117[0m pos/sec)]
Estimated time to end of superbatch: [36m50.4[0ms     [Fsuperbatch [36m216[0m [[35m33.6[0m% ([36m256[0m/[36m763[0m batches, [36m1721296[0m pos/sec)]
Estimated time to end of superbatch: [36m38.8[0ms     [Fsuperbatch [36m216[0m [[35m50.3[0m% ([36m384[0m/[36m763[0m batches, [36m1576445[0m pos/sec)]
Estimated time to end of superbatch: [36m31.6[0ms     [Fsuperbatch [36m216[0m [[35m67.1[0m% ([36m512[0m/[36m763[0m batches, [36m1489458[0m pos/sec)]
Estimated time to end of superbatch: [36m22.1[0ms     [Fsuperbatch [36m216[0m [[35m83.9[0m% ([36m640[0m/[36m763[0m batches, [36m1514627[0m pos/sec)]
Estimated time to end of superbatch: [36m10.7[0ms     [Fsuperbatch [36m216[0m | time [36m65.0[0ms | running loss [36m0.015327[0m | [36m1538595[0m pos/sec | total time [36m14322.4[0ms
Estimated time remaining in training: [36m1[0mh [36m43[0mm [36m52[0ms
LR dropped to [36m0.00030070002[0m
superbatch [36m217[0m [[35m0.0[0m% ([36m0[0m/[36m763[0m batches, [36m2081160[0m pos/sec)]
Estimated time to end of superbatch: [36minf[0ms     [Fsuperbatch [36m217[0m [[35m16.8[0m% ([36m128[0m/[36m763[0m batches, [36m1487026[0m pos/sec)]
Estimated time to end of superbatch: [36m56.4[0ms     [Fsuperbatch [36m217[0m [[35m33.6[0m% ([36m256[0m/[36m763[0m batches, [36m1374417[0m pos/sec)]
Estimated time to end of superbatch: [36m48.5[0ms     [Fsuperbatch [36m217[0m [[35m50.3[0m% ([36m384[0m/[36m763[0m batches, [36m1460851[0m pos/sec)]
Estimated time to end of superbatch: [36m34.1[0ms     [Fsuperbatch [36m217[0m [[35m67.1[0m% ([36m512[0m/[36m763[0m batches, [36m1526847[0m pos/sec)]
Estimated time to end of superbatch: [36m21.6[0ms     [Fsuperbatch [36m217[0m [[35m83.9[0m% ([36m640[0m/[36m763[0m batches, [36m1501773[0m pos/sec)]
Estimated time to end of superbatch: [36m10.8[0ms     [Fsuperbatch [36m217[0m | time [36m68.3[0ms | running loss [36m0.015643[0m | [36m1464971[0m pos/sec | total time [36m14390.6[0ms
Estimated time remaining in training: [36m1[0mh [36m42[0mm [36m47[0ms
LR dropped to [36m0.00029747747[0m
superbatch [36m218[0m [[35m0.0[0m% ([36m0[0m/[36m763[0m batches, [36m1827200[0m pos/sec)]
Estimated time to end of superbatch: [36minf[0ms     [Fsuperbatch [36m218[0m [[35m16.8[0m% ([36m128[0m/[36m763[0m batches, [36m1641446[0m pos/sec)]
Estimated time to end of superbatch: [36m51.1[0ms     [Fsuperbatch [36m218[0m [[35m33.6[0m% ([36m256[0m/[36m763[0m batches, [36m1717142[0m pos/sec)]
Estimated time to end of superbatch: [36m38.9[0ms     [Fsuperbatch [36m218[0m [[35m50.3[0m% ([36m384[0m/[36m763[0m batches, [36m1577445[0m pos/sec)]
Estimated time to end of superbatch: [36m31.6[0ms     [Fsuperbatch [36m218[0m [[35m67.1[0m% ([36m512[0m/[36m763[0m batches, [36m1486500[0m pos/sec)]
Estimated time to end of superbatch: [36m22.2[0ms     [Fsuperbatch [36m218[0m [[35m83.9[0m% ([36m640[0m/[36m763[0m batches, [36m1516111[0m pos/sec)]
Estimated time to end of superbatch: [36m10.7[0ms     [Fsuperbatch [36m218[0m | time [36m64.2[0ms | running loss [36m0.015519[0m | [36m1557848[0m pos/sec | total time [36m14454.8[0ms
Estimated time remaining in training: [36m1[0mh [36m41[0mm [36m40[0ms
LR dropped to [36m0.00029425486[0m
superbatch [36m219[0m [[35m0.0[0m% ([36m0[0m/[36m763[0m batches, [36m1233683[0m pos/sec)]
Estimated time to end of superbatch: [36minf[0ms     [Fsuperbatch [36m219[0m [[35m16.8[0m% ([36m128[0m/[36m763[0m batches, [36m1465065[0m pos/sec)]
Estimated time to end of superbatch: [36m57.3[0ms     [Fsuperbatch [36m219[0m [[35m33.6[0m% ([36m256[0m/[36m763[0m batches, [36m1369925[0m pos/sec)]
Estimated time to end of superbatch: [36m48.7[0ms     [Fsuperbatch [36m219[0m [[35m50.3[0m% ([36m384[0m/[36m763[0m batches, [36m1470786[0m pos/sec)]
Estimated time to end of superbatch: [36m33.9[0ms     [Fsuperbatch [36m219[0m [[35m67.1[0m% ([36m512[0m/[36m763[0m batches, [36m1545262[0m pos/sec)]
Estimated time to end of superbatch: [36m21.3[0ms     [Fsuperbatch [36m219[0m [[35m83.9[0m% ([36m640[0m/[36m763[0m batches, [36m1532330[0m pos/sec)]
Estimated time to end of superbatch: [36m10.5[0ms     [Fsuperbatch [36m219[0m | time [36m67.5[0ms | running loss [36m0.015712[0m | [36m1481382[0m pos/sec | total time [36m14522.4[0ms
Estimated time remaining in training: [36m1[0mh [36m40[0mm [36m34[0ms
LR dropped to [36m0.0002910323[0m
superbatch [36m220[0m [[35m0.0[0m% ([36m0[0m/[36m763[0m batches, [36m1942790[0m pos/sec)]
Estimated time to end of superbatch: [36minf[0ms     [Fsuperbatch [36m220[0m [[35m16.8[0m% ([36m128[0m/[36m763[0m batches, [36m1620343[0m pos/sec)]
Estimated time to end of superbatch: [36m51.8[0ms     [Fsuperbatch [36m220[0m [[35m33.6[0m% ([36m256[0m/[36m763[0m batches, [36m1668975[0m pos/sec)]
Estimated time to end of superbatch: [36m40.0[0ms     [Fsuperbatch [36m220[0m [[35m50.3[0m% ([36m384[0m/[36m763[0m batches, [36m1601238[0m pos/sec)]
Estimated time to end of superbatch: [36m31.1[0ms     [Fsuperbatch [36m220[0m [[35m67.1[0m% ([36m512[0m/[36m763[0m batches, [36m1496806[0m pos/sec)]
Estimated time to end of superbatch: [36m22.0[0ms     [Fsuperbatch [36m220[0m [[35m83.9[0m% ([36m640[0m/[36m763[0m batches, [36m1536899[0m pos/sec)]
Estimated time to end of superbatch: [36m10.5[0ms     [Fsuperbatch [36m220[0m | time [36m63.8[0ms | running loss [36m0.015577[0m | [36m1567773[0m pos/sec | total time [36m14586.1[0ms
Estimated time remaining in training: [36m1[0mh [36m39[0mm [36m27[0ms
Saved [anna-v3-s1-220]
LR dropped to [36m0.0002878097[0m
superbatch [36m221[0m [[35m0.0[0m% ([36m0[0m/[36m763[0m batches, [36m2145050[0m pos/sec)]
Estimated time to end of superbatch: [36minf[0ms     [Fsuperbatch [36m221[0m [[35m16.8[0m% ([36m128[0m/[36m763[0m batches, [36m1711235[0m pos/sec)]
Estimated time to end of superbatch: [36m49.0[0ms     [Fsuperbatch [36m221[0m [[35m33.6[0m% ([36m256[0m/[36m763[0m batches, [36m1508108[0m pos/sec)]
Estimated time to end of superbatch: [36m44.2[0ms     [Fsuperbatch [36m221[0m [[35m50.3[0m% ([36m384[0m/[36m763[0m batches, [36m1543653[0m pos/sec)]
Estimated time to end of superbatch: [36m32.3[0ms     [Fsuperbatch [36m221[0m [[35m67.1[0m% ([36m512[0m/[36m763[0m batches, [36m1583663[0m pos/sec)]
Estimated time to end of superbatch: [36m20.8[0ms     [Fsuperbatch [36m221[0m [[35m83.9[0m% ([36m640[0m/[36m763[0m batches, [36m1555687[0m pos/sec)]
Estimated time to end of superbatch: [36m10.4[0ms     [Fsuperbatch [36m221[0m | time [36m66.8[0ms | running loss [36m0.015731[0m | [36m1496584[0m pos/sec | total time [36m14666.0[0ms
Estimated time remaining in training: [36m1[0mh [36m38[0mm [36m26[0ms
LR dropped to [36m0.00028458715[0m
superbatch [36m222[0m [[35m0.0[0m% ([36m0[0m/[36m763[0m batches, [36m1227363[0m pos/sec)]
Estimated time to end of superbatch: [36minf[0ms     [Fsuperbatch [36m222[0m [[35m16.8[0m% ([36m128[0m/[36m763[0m batches, [36m1644058[0m pos/sec)]
Estimated time to end of superbatch: [36m51.0[0ms     [Fsuperbatch [36m222[0m [[35m33.6[0m% ([36m256[0m/[36m763[0m batches, [36m1686860[0m pos/sec)]
Estimated time to end of superbatch: [36m39.5[0ms     [Fsuperbatch [36m222[0m [[35m50.3[0m% ([36m384[0m/[36m763[0m batches, [36m1625762[0m pos/sec)]
Estimated time to end of superbatch: [36m30.6[0ms     [Fsuperbatch [36m222[0m [[35m67.1[0m% ([36m512[0m/[36m763[0m batches, [36m1528111[0m pos/sec)]
Estimated time to end of superbatch: [36m21.6[0ms     [Fsuperbatch [36m222[0m [[35m83.9[0m% ([36m640[0m/[36m763[0m batches, [36m1549336[0m pos/sec)]
Estimated time to end of superbatch: [36m10.4[0ms     [Fsuperbatch [36m222[0m | time [36m63.7[0ms | running loss [36m0.015648[0m | [36m1568900[0m pos/sec | total time [36m14729.7[0ms
Estimated time remaining in training: [36m1[0mh [36m37[0mm [36m18[0ms
LR dropped to [36m0.00028136448[0m
superbatch [36m223[0m [[35m0.0[0m% ([36m0[0m/[36m763[0m batches, [36m2038185[0m pos/sec)]
Estimated time to end of superbatch: [36minf[0ms     [Fsuperbatch [36m223[0m [[35m16.8[0m% ([36m128[0m/[36m763[0m batches, [36m1583803[0m pos/sec)]
Estimated time to end of superbatch: [36m53.0[0ms     [Fsuperbatch [36m223[0m [[35m33.6[0m% ([36m256[0m/[36m763[0m batches, [36m1428874[0m pos/sec)]
Estimated time to end of superbatch: [36m46.7[0ms     [Fsuperbatch [36m223[0m [[35m50.3[0m% ([36m384[0m/[36m763[0m batches, [36m1487155[0m pos/sec)]
Estimated time to end of superbatch: [36m33.5[0ms     [Fsuperbatch [36m223[0m [[35m67.1[0m% ([36m512[0m/[36m763[0m batches, [36m1539451[0m pos/sec)]
Estimated time to end of superbatch: [36m21.4[0ms     [Fsuperbatch [36m223[0m [[35m83.9[0m% ([36m640[0m/[36m763[0m batches, [36m1534397[0m pos/sec)]
Estimated time to end of superbatch: [36m10.5[0ms     [Fsuperbatch [36m223[0m | time [36m67.4[0ms | running loss [36m0.015789[0m | [36m1484820[0m pos/sec | total time [36m14797.1[0ms
Estimated time remaining in training: [36m1[0mh [36m36[0mm [36m12[0ms
LR dropped to [36m0.00027814193[0m
superbatch [36m224[0m [[35m0.0[0m% ([36m0[0m/[36m763[0m batches, [36m1508880[0m pos/sec)]
Estimated time to end of superbatch: [36minf[0ms     [Fsuperbatch [36m224[0m [[35m16.8[0m% ([36m128[0m/[36m763[0m batches, [36m1546378[0m pos/sec)]
Estimated time to end of superbatch: [36m54.2[0ms     [Fsuperbatch [36m224[0m [[35m33.6[0m% ([36m256[0m/[36m763[0m batches, [36m1646033[0m pos/sec)]
Estimated time to end of superbatch: [36m40.5[0ms     [Fsuperbatch [36m224[0m [[35m50.3[0m% ([36m384[0m/[36m763[0m batches, [36m1622796[0m pos/sec)]
Estimated time to end of superbatch: [36m30.7[0ms     [Fsuperbatch [36m224[0m [[35m67.1[0m% ([36m512[0m/[36m763[0m batches, [36m1521347[0m pos/sec)]
Estimated time to end of superbatch: [36m21.7[0ms     [Fsuperbatch [36m224[0m [[35m83.9[0m% ([36m640[0m/[36m763[0m batches, [36m1521177[0m pos/sec)]
Estimated time to end of superbatch: [36m10.6[0ms     [Fsuperbatch [36m224[0m | time [36m66.0[0ms | running loss [36m0.015715[0m | [36m1514644[0m pos/sec | total time [36m14863.1[0ms
Estimated time remaining in training: [36m1[0mh [36m35[0mm [36m6[0ms
LR dropped to [36m0.00027491932[0m
superbatch [36m225[0m [[35m0.0[0m% ([36m0[0m/[36m763[0m batches, [36m1469501[0m pos/sec)]
Estimated time to end of superbatch: [36minf[0ms     [Fsuperbatch [36m225[0m [[35m16.8[0m% ([36m128[0m/[36m763[0m batches, [36m1545033[0m pos/sec)]
Estimated time to end of superbatch: [36m54.3[0ms     [Fsuperbatch [36m225[0m [[35m33.6[0m% ([36m256[0m/[36m763[0m batches, [36m1500021[0m pos/sec)]
Estimated time to end of superbatch: [36m44.5[0ms     [Fsuperbatch [36m225[0m [[35m50.3[0m% ([36m384[0m/[36m763[0m batches, [36m1517716[0m pos/sec)]
Estimated time to end of superbatch: [36m32.8[0ms     [Fsuperbatch [36m225[0m [[35m67.1[0m% ([36m512[0m/[36m763[0m batches, [36m1540053[0m pos/sec)]
Estimated time to end of superbatch: [36m21.4[0ms     [Fsuperbatch [36m225[0m [[35m83.9[0m% ([36m640[0m/[36m763[0m batches, [36m1554803[0m pos/sec)]
Estimated time to end of superbatch: [36m10.4[0ms     [Fsuperbatch [36m225[0m | time [36m66.7[0ms | running loss [36m0.015869[0m | [36m1499559[0m pos/sec | total time [36m14929.8[0ms
Estimated time remaining in training: [36m1[0mh [36m34[0mm [36m0[0ms
LR dropped to [36m0.00027169677[0m
superbatch [36m226[0m [[35m0.0[0m% ([36m0[0m/[36m763[0m batches, [36m1368759[0m pos/sec)]
Estimated time to end of superbatch: [36minf[0ms     [Fsuperbatch [36m226[0m [[35m16.8[0m% ([36m128[0m/[36m763[0m batches, [36m1454870[0m pos/sec)]
Estimated time to end of superbatch: [36m57.7[0ms     [Fsuperbatch [36m226[0m [[35m33.6[0m% ([36m256[0m/[36m763[0m batches, [36m1631379[0m pos/sec)]
Estimated time to end of superbatch: [36m40.9[0ms     [Fsuperbatch [36m226[0m [[35m50.3[0m% ([36m384[0m/[36m763[0m batches, [36m1651703[0m pos/sec)]
Estimated time to end of superbatch: [36m30.2[0ms     [Fsuperbatch [36m226[0m [[35m67.1[0m% ([36m512[0m/[36m763[0m batches, [36m1532818[0m pos/sec)]
Estimated time to end of superbatch: [36m21.5[0ms     [Fsuperbatch [36m226[0m [[35m83.9[0m% ([36m640[0m/[36m763[0m batches, [36m1529445[0m pos/sec)]
Estimated time to end of superbatch: [36m10.6[0ms     [Fsuperbatch [36m226[0m | time [36m64.5[0ms | running loss [36m0.015828[0m | [36m1550639[0m pos/sec | total time [36m14994.3[0ms
Estimated time remaining in training: [36m1[0mh [36m32[0mm [36m53[0ms
LR dropped to [36m0.00026847422[0m
superbatch [36m227[0m [[35m0.0[0m% ([36m0[0m/[36m763[0m batches, [36m1892280[0m pos/sec)]
Estimated time to end of superbatch: [36minf[0ms     [Fsuperbatch [36m227[0m [[35m16.8[0m% ([36m128[0m/[36m763[0m batches, [36m1660272[0m pos/sec)]
Estimated time to end of superbatch: [36m50.5[0ms     [Fsuperbatch [36m227[0m [[35m33.6[0m% ([36m256[0m/[36m763[0m batches, [36m1447490[0m pos/sec)]
Estimated time to end of superbatch: [36m46.1[0ms     [Fsuperbatch [36m227[0m [[35m50.3[0m% ([36m384[0m/[36m763[0m batches, [36m1451201[0m pos/sec)]
Estimated time to end of superbatch: [36m34.3[0ms     [Fsuperbatch [36m227[0m [[35m67.1[0m% ([36m512[0m/[36m763[0m batches, [36m1525721[0m pos/sec)]
Estimated time to end of superbatch: [36m21.6[0ms     [Fsuperbatch [36m227[0m [[35m83.9[0m% ([36m640[0m/[36m763[0m batches, [36m1536802[0m pos/sec)]
Estimated time to end of superbatch: [36m10.5[0ms     [Fsuperbatch [36m227[0m | time [36m67.3[0ms | running loss [36m0.015944[0m | [36m1485748[0m pos/sec | total time [36m15061.6[0ms
Estimated time remaining in training: [36m1[0mh [36m31[0mm [36m47[0ms
LR dropped to [36m0.0002652516[0m
superbatch [36m228[0m [[35m0.0[0m% ([36m0[0m/[36m763[0m batches, [36m1681502[0m pos/sec)]
Estimated time to end of superbatch: [36minf[0ms     [Fsuperbatch [36m228[0m [[35m16.8[0m% ([36m128[0m/[36m763[0m batches, [36m1528292[0m pos/sec)]
Estimated time to end of superbatch: [36m54.9[0ms     [Fsuperbatch [36m228[0m [[35m33.6[0m% ([36m256[0m/[36m763[0m batches, [36m1619991[0m pos/sec)]
Estimated time to end of superbatch: [36m41.2[0ms     [Fsuperbatch [36m228[0m [[35m50.3[0m% ([36m384[0m/[36m763[0m batches, [36m1653063[0m pos/sec)]
Estimated time to end of superbatch: [36m30.1[0ms     [Fsuperbatch [36m228[0m [[35m67.1[0m% ([36m512[0m/[36m763[0m batches, [36m1554665[0m pos/sec)]
Estimated time to end of superbatch: [36m21.2[0ms     [Fsuperbatch [36m228[0m [[35m83.9[0m% ([36m640[0m/[36m763[0m batches, [36m1559097[0m pos/sec)]
Estimated time to end of superbatch: [36m10.4[0ms     [Fsuperbatch [36m228[0m | time [36m62.8[0ms | running loss [36m0.015888[0m | [36m1592342[0m pos/sec | total time [36m15124.4[0ms
Estimated time remaining in training: [36m1[0mh [36m30[0mm [36m39[0ms
LR dropped to [36m0.00026202906[0m
superbatch [36m229[0m [[35m0.0[0m% ([36m0[0m/[36m763[0m batches, [36m2158161[0m pos/sec)]
Estimated time to end of superbatch: [36minf[0ms     [Fsuperbatch [36m229[0m [[35m16.8[0m% ([36m128[0m/[36m763[0m batches, [36m1705704[0m pos/sec)]
Estimated time to end of superbatch: [36m49.2[0ms     [Fsuperbatch [36m229[0m [[35m33.6[0m% ([36m256[0m/[36m763[0m batches, [36m1472666[0m pos/sec)]
Estimated time to end of superbatch: [36m45.3[0ms     [Fsuperbatch [36m229[0m [[35m50.3[0m% ([36m384[0m/[36m763[0m batches, [36m1488786[0m pos/sec)]
Estimated time to end of superbatch: [36m33.5[0ms     [Fsuperbatch [36m229[0m [[35m67.1[0m% ([36m512[0m/[36m763[0m batches, [36m1548089[0m pos/sec)]
Estimated time to end of superbatch: [36m21.3[0ms     [Fsuperbatch [36m229[0m [[35m83.9[0m% ([36m640[0m/[36m763[0m batches, [36m1560358[0m pos/sec)]
Estimated time to end of superbatch: [36m10.3[0ms     [Fsuperbatch [36m229[0m | time [36m66.2[0ms | running loss [36m0.016007[0m | [36m1511825[0m pos/sec | total time [36m15190.6[0ms
Estimated time remaining in training: [36m1[0mh [36m29[0mm [36m33[0ms
LR dropped to [36m0.00025880645[0m
superbatch [36m230[0m [[35m0.0[0m% ([36m0[0m/[36m763[0m batches, [36m1704398[0m pos/sec)]
Estimated time to end of superbatch: [36minf[0ms     [Fsuperbatch [36m230[0m [[35m16.8[0m% ([36m128[0m/[36m763[0m batches, [36m1487030[0m pos/sec)]
Estimated time to end of superbatch: [36m56.4[0ms     [Fsuperbatch [36m230[0m [[35m33.6[0m% ([36m256[0m/[36m763[0m batches, [36m1617598[0m pos/sec)]
Estimated time to end of superbatch: [36m41.2[0ms     [Fsuperbatch [36m230[0m [[35m50.3[0m% ([36m384[0m/[36m763[0m batches, [36m1600215[0m pos/sec)]
Estimated time to end of superbatch: [36m31.1[0ms     [Fsuperbatch [36m230[0m [[35m67.1[0m% ([36m512[0m/[36m763[0m batches, [36m1484788[0m pos/sec)]
Estimated time to end of superbatch: [36m22.2[0ms     [Fsuperbatch [36m230[0m [[35m83.9[0m% ([36m640[0m/[36m763[0m batches, [36m1477447[0m pos/sec)]
Estimated time to end of superbatch: [36m10.9[0ms     [Fsuperbatch [36m230[0m | time [36m65.9[0ms | running loss [36m0.015996[0m | [36m1517892[0m pos/sec | total time [36m15256.5[0ms
Estimated time remaining in training: [36m1[0mh [36m28[0mm [36m26[0ms
LR dropped to [36m0.0002555839[0m
superbatch [36m231[0m [[35m0.0[0m% ([36m0[0m/[36m763[0m batches, [36m1268851[0m pos/sec)]
Estimated time to end of superbatch: [36minf[0ms     [Fsuperbatch [36m231[0m [[35m16.8[0m% ([36m128[0m/[36m763[0m batches, [36m1654005[0m pos/sec)]
Estimated time to end of superbatch: [36m50.7[0ms     [Fsuperbatch [36m231[0m [[35m33.6[0m% ([36m256[0m/[36m763[0m batches, [36m1400326[0m pos/sec)]
Estimated time to end of superbatch: [36m47.6[0ms     [Fsuperbatch [36m231[0m [[35m50.3[0m% ([36m384[0m/[36m763[0m batches, [36m1439720[0m pos/sec)]
Estimated time to end of superbatch: [36m34.6[0ms     [Fsuperbatch [36m231[0m [[35m67.1[0m% ([36m512[0m/[36m763[0m batches, [36m1501265[0m pos/sec)]
Estimated time to end of superbatch: [36m22.0[0ms     [Fsuperbatch [36m231[0m [[35m83.9[0m% ([36m640[0m/[36m763[0m batches, [36m1517302[0m pos/sec)]
Estimated time to end of superbatch: [36m10.6[0ms     [Fsuperbatch [36m231[0m | time [36m68.9[0ms | running loss [36m0.016070[0m | [36m1452046[0m pos/sec | total time [36m15325.3[0ms
Estimated time remaining in training: [36m1[0mh [36m27[0mm [36m21[0ms
LR dropped to [36m0.0002523613[0m
superbatch [36m232[0m [[35m0.0[0m% ([36m0[0m/[36m763[0m batches, [36m1555867[0m pos/sec)]
Estimated time to end of superbatch: [36minf[0ms     [Fsuperbatch [36m232[0m [[35m16.8[0m% ([36m128[0m/[36m763[0m batches, [36m1482551[0m pos/sec)]
Estimated time to end of superbatch: [36m56.6[0ms     [Fsuperbatch [36m232[0m [[35m33.6[0m% ([36m256[0m/[36m763[0m batches, [36m1590414[0m pos/sec)]
Estimated time to end of superbatch: [36m41.9[0ms     [Fsuperbatch [36m232[0m [[35m50.3[0m% ([36m384[0m/[36m763[0m batches, [36m1638338[0m pos/sec)]
Estimated time to end of superbatch: [36m30.4[0ms     [Fsuperbatch [36m232[0m [[35m67.1[0m% ([36m512[0m/[36m763[0m batches, [36m1536492[0m pos/sec)]
Estimated time to end of superbatch: [36m21.5[0ms     [Fsuperbatch [36m232[0m [[35m83.9[0m% ([36m640[0m/[36m763[0m batches, [36m1510594[0m pos/sec)]
Estimated time to end of superbatch: [36m10.7[0ms     [Fsuperbatch [36m232[0m | time [36m65.5[0ms | running loss [36m0.016060[0m | [36m1526639[0m pos/sec | total time [36m15390.8[0ms
Estimated time remaining in training: [36m1[0mh [36m26[0mm [36m14[0ms
LR dropped to [36m0.00024913874[0m
superbatch [36m233[0m [[35m0.0[0m% ([36m0[0m/[36m763[0m batches, [36m2105997[0m pos/sec)]
Estimated time to end of superbatch: [36minf[0ms     [Fsuperbatch [36m233[0m [[35m16.8[0m% ([36m128[0m/[36m763[0m batches, [36m1766106[0m pos/sec)]
Estimated time to end of superbatch: [36m47.5[0ms     [Fsuperbatch [36m233[0m [[35m33.6[0m% ([36m256[0m/[36m763[0m batches, [36m1553587[0m pos/sec)]
Estimated time to end of superbatch: [36m42.9[0ms     [Fsuperbatch [36m233[0m [[35m50.3[0m% ([36m384[0m/[36m763[0m batches, [36m1490481[0m pos/sec)]
Estimated time to end of superbatch: [36m33.4[0ms     [Fsuperbatch [36m233[0m [[35m67.1[0m% ([36m512[0m/[36m763[0m batches, [36m1534589[0m pos/sec)]
Estimated time to end of superbatch: [36m21.5[0ms     [Fsuperbatch [36m233[0m [[35m83.9[0m% ([36m640[0m/[36m763[0m batches, [36m1576735[0m pos/sec)]
Estimated time to end of superbatch: [36m10.2[0ms     [Fsuperbatch [36m233[0m | time [36m65.5[0ms | running loss [36m0.016094[0m | [36m1526656[0m pos/sec | total time [36m15456.3[0ms
Estimated time remaining in training: [36m1[0mh [36m25[0mm [36m7[0ms
LR dropped to [36m0.00024591613[0m
superbatch [36m234[0m [[35m0.0[0m% ([36m0[0m/[36m763[0m batches, [36m1709192[0m pos/sec)]
Estimated time to end of superbatch: [36minf[0ms     [Fsuperbatch [36m234[0m [[35m16.8[0m% ([36m128[0m/[36m763[0m batches, [36m1407593[0m pos/sec)]
Estimated time to end of superbatch: [36m59.6[0ms     [Fsuperbatch [36m234[0m [[35m33.6[0m% ([36m256[0m/[36m763[0m batches, [36m1523454[0m pos/sec)]
Estimated time to end of superbatch: [36m43.8[0ms     [Fsuperbatch [36m234[0m [[35m50.3[0m% ([36m384[0m/[36m763[0m batches, [36m1590715[0m pos/sec)]
Estimated time to end of superbatch: [36m31.3[0ms     [Fsuperbatch [36m234[0m [[35m67.1[0m% ([36m512[0m/[36m763[0m batches, [36m1516180[0m pos/sec)]
Estimated time to end of superbatch: [36m21.7[0ms     [Fsuperbatch [36m234[0m [[35m83.9[0m% ([36m640[0m/[36m763[0m batches, [36m1490080[0m pos/sec)]
Estimated time to end of superbatch: [36m10.8[0ms     [Fsuperbatch [36m234[0m | time [36m65.6[0ms | running loss [36m0.016181[0m | [36m1525518[0m pos/sec | total time [36m15521.9[0ms
Estimated time remaining in training: [36m1[0mh [36m24[0mm [36m1[0ms
LR dropped to [36m0.00024269358[0m
superbatch [36m235[0m [[35m0.0[0m% ([36m0[0m/[36m763[0m batches, [36m2071976[0m pos/sec)]
Estimated time to end of superbatch: [36minf[0ms     [Fsuperbatch [36m235[0m [[35m16.8[0m% ([36m128[0m/[36m763[0m batches, [36m1684050[0m pos/sec)]
Estimated time to end of superbatch: [36m49.8[0ms     [Fsuperbatch [36m235[0m [[35m33.6[0m% ([36m256[0m/[36m763[0m batches, [36m1431039[0m pos/sec)]
Estimated time to end of superbatch: [36m46.6[0ms     [Fsuperbatch [36m235[0m [[35m50.3[0m% ([36m384[0m/[36m763[0m batches, [36m1421240[0m pos/sec)]
Estimated time to end of superbatch: [36m35.0[0ms     [Fsuperbatch [36m235[0m [[35m67.1[0m% ([36m512[0m/[36m763[0m batches, [36m1484022[0m pos/sec)]
Estimated time to end of superbatch: [36m22.2[0ms     [Fsuperbatch [36m235[0m [[35m83.9[0m% ([36m640[0m/[36m763[0m batches, [36m1538914[0m pos/sec)]
Estimated time to end of superbatch: [36m10.5[0ms     [Fsuperbatch [36m235[0m | time [36m66.5[0ms | running loss [36m0.016222[0m | [36m1502962[0m pos/sec | total time [36m15588.4[0ms
Estimated time remaining in training: [36m1[0mh [36m22[0mm [36m55[0ms
LR dropped to [36m0.00023947097[0m
superbatch [36m236[0m [[35m0.0[0m% ([36m0[0m/[36m763[0m batches, [36m1234316[0m pos/sec)]
Estimated time to end of superbatch: [36minf[0ms     [Fsuperbatch [36m236[0m [[35m16.8[0m% ([36m128[0m/[36m763[0m batches, [36m1353589[0m pos/sec)]
Estimated time to end of superbatch: [36m62.0[0ms     [Fsuperbatch [36m236[0m [[35m33.6[0m% ([36m256[0m/[36m763[0m batches, [36m1501842[0m pos/sec)]
Estimated time to end of superbatch: [36m44.4[0ms     [Fsuperbatch [36m236[0m [[35m50.3[0m% ([36m384[0m/[36m763[0m batches, [36m1569613[0m pos/sec)]
Estimated time to end of superbatch: [36m31.7[0ms     [Fsuperbatch [36m236[0m [[35m67.1[0m% ([36m512[0m/[36m763[0m batches, [36m1496186[0m pos/sec)]
Estimated time to end of superbatch: [36m22.0[0ms     [Fsuperbatch [36m236[0m [[35m83.9[0m% ([36m640[0m/[36m763[0m batches, [36m1464698[0m pos/sec)]
Estimated time to end of superbatch: [36m11.0[0ms     [Fsuperbatch [36m236[0m | time [36m66.9[0ms | running loss [36m0.016277[0m | [36m1494790[0m pos/sec | total time [36m15655.4[0ms
Estimated time remaining in training: [36m1[0mh [36m21[0mm [36m48[0ms
LR dropped to [36m0.00023624842[0m
superbatch [36m237[0m [[35m0.0[0m% ([36m0[0m/[36m763[0m batches, [36m806176[0m pos/sec)]
Estimated time to end of superbatch: [36minf[0ms     [Fsuperbatch [36m237[0m [[35m16.8[0m% ([36m128[0m/[36m763[0m batches, [36m1568799[0m pos/sec)]
Estimated time to end of superbatch: [36m53.5[0ms     [Fsuperbatch [36m237[0m [[35m33.6[0m% ([36m256[0m/[36m763[0m batches, [36m1440661[0m pos/sec)]
Estimated time to end of superbatch: [36m46.3[0ms     [Fsuperbatch [36m237[0m [[35m50.3[0m% ([36m384[0m/[36m763[0m batches, [36m1417054[0m pos/sec)]
Estimated time to end of superbatch: [36m35.1[0ms     [Fsuperbatch [36m237[0m [[35m67.1[0m% ([36m512[0m/[36m763[0m batches, [36m1461632[0m pos/sec)]
Estimated time to end of superbatch: [36m22.6[0ms     [Fsuperbatch [36m237[0m [[35m83.9[0m% ([36m640[0m/[36m763[0m batches, [36m1511434[0m pos/sec)]
Estimated time to end of superbatch: [36m10.7[0ms     [Fsuperbatch [36m237[0m | time [36m67.4[0ms | running loss [36m0.016328[0m | [36m1484211[0m pos/sec | total time [36m15722.7[0ms
Estimated time remaining in training: [36m1[0mh [36m20[0mm [36m42[0ms
LR dropped to [36m0.00023302581[0m
superbatch [36m238[0m [[35m0.0[0m% ([36m0[0m/[36m763[0m batches, [36m1773472[0m pos/sec)]
Estimated time to end of superbatch: [36minf[0ms     [Fsuperbatch [36m238[0m [[35m16.8[0m% ([36m128[0m/[36m763[0m batches, [36m1350042[0m pos/sec)]
Estimated time to end of superbatch: [36m62.1[0ms     [Fsuperbatch [36m238[0m [[35m33.6[0m% ([36m256[0m/[36m763[0m batches, [36m1498100[0m pos/sec)]
Estimated time to end of superbatch: [36m44.5[0ms     [Fsuperbatch [36m238[0m [[35m50.3[0m% ([36m384[0m/[36m763[0m batches, [36m1580014[0m pos/sec)]
Estimated time to end of superbatch: [36m31.5[0ms     [Fsuperbatch [36m238[0m [[35m67.1[0m% ([36m512[0m/[36m763[0m batches, [36m1500884[0m pos/sec)]
Estimated time to end of superbatch: [36m22.0[0ms     [Fsuperbatch [36m238[0m [[35m83.9[0m% ([36m640[0m/[36m763[0m batches, [36m1448457[0m pos/sec)]
Estimated time to end of superbatch: [36m11.1[0ms     [Fsuperbatch [36m238[0m | time [36m67.4[0ms | running loss [36m0.016387[0m | [36m1483779[0m pos/sec | total time [36m15790.1[0ms
Estimated time remaining in training: [36m1[0mh [36m19[0mm [36m36[0ms
LR dropped to [36m0.00022980326[0m
superbatch [36m239[0m [[35m0.0[0m% ([36m0[0m/[36m763[0m batches, [36m1117587[0m pos/sec)]
Estimated time to end of superbatch: [36minf[0ms     [Fsuperbatch [36m239[0m [[35m16.8[0m% ([36m128[0m/[36m763[0m batches, [36m1671260[0m pos/sec)]
Estimated time to end of superbatch: [36m50.2[0ms     [Fsuperbatch [36m239[0m [[35m33.6[0m% ([36m256[0m/[36m763[0m batches, [36m1478781[0m pos/sec)]
Estimated time to end of superbatch: [36m45.1[0ms     [Fsuperbatch [36m239[0m [[35m50.3[0m% ([36m384[0m/[36m763[0m batches, [36m1426865[0m pos/sec)]
Estimated time to end of superbatch: [36m34.9[0ms     [Fsuperbatch [36m239[0m [[35m67.1[0m% ([36m512[0m/[36m763[0m batches, [36m1493922[0m pos/sec)]
Estimated time to end of superbatch: [36m22.1[0ms     [Fsuperbatch [36m239[0m [[35m83.9[0m% ([36m640[0m/[36m763[0m batches, [36m1542202[0m pos/sec)]
Estimated time to end of superbatch: [36m10.5[0ms     [Fsuperbatch [36m239[0m | time [36m66.5[0ms | running loss [36m0.016345[0m | [36m1503406[0m pos/sec | total time [36m15856.7[0ms
Estimated time remaining in training: [36m1[0mh [36m18[0mm [36m30[0ms
LR dropped to [36m0.00022658071[0m
superbatch [36m240[0m [[35m0.0[0m% ([36m0[0m/[36m763[0m batches, [36m1292033[0m pos/sec)]
Estimated time to end of superbatch: [36minf[0ms     [Fsuperbatch [36m240[0m [[35m16.8[0m% ([36m128[0m/[36m763[0m batches, [36m1306482[0m pos/sec)]
Estimated time to end of superbatch: [36m64.2[0ms     [Fsuperbatch [36m240[0m [[35m33.6[0m% ([36m256[0m/[36m763[0m batches, [36m1481155[0m pos/sec)]
Estimated time to end of superbatch: [36m45.0[0ms     [Fsuperbatch [36m240[0m [[35m50.3[0m% ([36m384[0m/[36m763[0m batches, [36m1562452[0m pos/sec)]
Estimated time to end of superbatch: [36m31.9[0ms     [Fsuperbatch [36m240[0m [[35m67.1[0m% ([36m512[0m/[36m763[0m batches, [36m1510557[0m pos/sec)]
Estimated time to end of superbatch: [36m21.8[0ms     [Fsuperbatch [36m240[0m [[35m83.9[0m% ([36m640[0m/[36m763[0m batches, [36m1473553[0m pos/sec)]
Estimated time to end of superbatch: [36m11.0[0ms     [Fsuperbatch [36m240[0m | time [36m66.9[0ms | running loss [36m0.016424[0m | [36m1495821[0m pos/sec | total time [36m15923.5[0ms
Estimated time remaining in training: [36m1[0mh [36m17[0mm [36m24[0ms
Saved [anna-v3-s1-240]
LR dropped to [36m0.0002233581[0m
superbatch [36m241[0m [[35m0.0[0m% ([36m0[0m/[36m763[0m batches, [36m817443[0m pos/sec)]
Estimated time to end of superbatch: [36minf[0ms     [Fsuperbatch [36m241[0m [[35m16.8[0m% ([36m128[0m/[36m763[0m batches, [36m1760906[0m pos/sec)]
Estimated time to end of superbatch: [36m47.6[0ms     [Fsuperbatch [36m241[0m [[35m33.6[0m% ([36m256[0m/[36m763[0m batches, [36m1681991[0m pos/sec)]
Estimated time to end of superbatch: [36m39.7[0ms     [Fsuperbatch [36m241[0m [[35m50.3[0m% ([36m384[0m/[36m763[0m batches, [36m1557638[0m pos/sec)]
Estimated time to end of superbatch: [36m32.0[0ms     [Fsuperbatch [36m241[0m [[35m67.1[0m% ([36m512[0m/[36m763[0m batches, [36m1585052[0m pos/sec)]
Estimated time to end of superbatch: [36m20.8[0ms     [Fsuperbatch [36m241[0m [[35m83.9[0m% ([36m640[0m/[36m763[0m batches, [36m1590388[0m pos/sec)]
Estimated time to end of superbatch: [36m10.2[0ms     [Fsuperbatch [36m241[0m | time [36m64.4[0ms | running loss [36m0.016399[0m | [36m1552218[0m pos/sec | total time [36m16000.8[0ms
Estimated time remaining in training: [36m1[0mh [36m16[0mm [36m21[0ms
LR dropped to [36m0.00022013555[0m
superbatch [36m242[0m [[35m0.0[0m% ([36m0[0m/[36m763[0m batches, [36m1936081[0m pos/sec)]
Estimated time to end of superbatch: [36minf[0ms     [Fsuperbatch [36m242[0m [[35m16.8[0m% ([36m128[0m/[36m763[0m batches, [36m1298614[0m pos/sec)]
Estimated time to end of superbatch: [36m64.6[0ms     [Fsuperbatch [36m242[0m [[35m33.6[0m% ([36m256[0m/[36m763[0m batches, [36m1446776[0m pos/sec)]
Estimated time to end of superbatch: [36m46.1[0ms     [Fsuperbatch [36m242[0m [[35m50.3[0m% ([36m384[0m/[36m763[0m batches, [36m1546250[0m pos/sec)]
Estimated time to end of superbatch: [36m32.2[0ms     [Fsuperbatch [36m242[0m [[35m67.1[0m% ([36m512[0m/[36m763[0m batches, [36m1493423[0m pos/sec)]
Estimated time to end of superbatch: [36m22.1[0ms     [Fsuperbatch [36m242[0m [[35m83.9[0m% ([36m640[0m/[36m763[0m batches, [36m1448733[0m pos/sec)]
Estimated time to end of superbatch: [36m11.1[0ms     [Fsuperbatch [36m242[0m | time [36m66.9[0ms | running loss [36m0.016544[0m | [36m1494735[0m pos/sec | total time [36m16067.7[0ms
Estimated time remaining in training: [36m1[0mh [36m15[0mm [36m14[0ms
LR dropped to [36m0.00021691289[0m
superbatch [36m243[0m [[35m0.0[0m% ([36m0[0m/[36m763[0m batches, [36m858709[0m pos/sec)]
Estimated time to end of superbatch: [36minf[0ms     [Fsuperbatch [36m243[0m [[35m16.8[0m% ([36m128[0m/[36m763[0m batches, [36m1614682[0m pos/sec)]
Estimated time to end of superbatch: [36m51.9[0ms     [Fsuperbatch [36m243[0m [[35m33.6[0m% ([36m256[0m/[36m763[0m batches, [36m1474546[0m pos/sec)]
Estimated time to end of superbatch: [36m45.2[0ms     [Fsuperbatch [36m243[0m [[35m50.3[0m% ([36m384[0m/[36m763[0m batches, [36m1399964[0m pos/sec)]
Estimated time to end of superbatch: [36m35.6[0ms     [Fsuperbatch [36m243[0m [[35m67.1[0m% ([36m512[0m/[36m763[0m batches, [36m1474471[0m pos/sec)]
Estimated time to end of superbatch: [36m22.4[0ms     [Fsuperbatch [36m243[0m [[35m83.9[0m% ([36m640[0m/[36m763[0m batches, [36m1530115[0m pos/sec)]
Estimated time to end of superbatch: [36m10.6[0ms     [Fsuperbatch [36m243[0m | time [36m66.3[0ms | running loss [36m0.016495[0m | [36m1507882[0m pos/sec | total time [36m16134.1[0ms
Estimated time remaining in training: [36m1[0mh [36m14[0mm [36m8[0ms
LR dropped to [36m0.00021369033[0m
superbatch [36m244[0m [[35m0.0[0m% ([36m0[0m/[36m763[0m batches, [36m1412966[0m pos/sec)]
Estimated time to end of superbatch: [36minf[0ms     [Fsuperbatch [36m244[0m [[35m16.8[0m% ([36m128[0m/[36m763[0m batches, [36m1281542[0m pos/sec)]
Estimated time to end of superbatch: [36m65.5[0ms     [Fsuperbatch [36m244[0m [[35m33.6[0m% ([36m256[0m/[36m763[0m batches, [36m1472472[0m pos/sec)]
Estimated time to end of superbatch: [36m45.3[0ms     [Fsuperbatch [36m244[0m [[35m50.3[0m% ([36m384[0m/[36m763[0m batches, [36m1509468[0m pos/sec)]
Estimated time to end of superbatch: [36m33.0[0ms     [Fsuperbatch [36m244[0m [[35m67.1[0m% ([36m512[0m/[36m763[0m batches, [36m1504622[0m pos/sec)]
Estimated time to end of superbatch: [36m21.9[0ms     [Fsuperbatch [36m244[0m [[35m83.9[0m% ([36m640[0m/[36m763[0m batches, [36m1457788[0m pos/sec)]
Estimated time to end of superbatch: [36m11.1[0ms     [Fsuperbatch [36m244[0m | time [36m67.0[0ms | running loss [36m0.016593[0m | [36m1493630[0m pos/sec | total time [36m16201.0[0ms
Estimated time remaining in training: [36m1[0mh [36m13[0mm [36m2[0ms
LR dropped to [36m0.00021046773[0m
superbatch [36m245[0m [[35m0.0[0m% ([36m0[0m/[36m763[0m batches, [36m1769703[0m pos/sec)]
Estimated time to end of superbatch: [36minf[0ms     [Fsuperbatch [36m245[0m [[35m16.8[0m% ([36m128[0m/[36m763[0m batches, [36m1725700[0m pos/sec)]
Estimated time to end of superbatch: [36m48.6[0ms     [Fsuperbatch [36m245[0m [[35m33.6[0m% ([36m256[0m/[36m763[0m batches, [36m1570173[0m pos/sec)]
Estimated time to end of superbatch: [36m42.5[0ms     [Fsuperbatch [36m245[0m [[35m50.3[0m% ([36m384[0m/[36m763[0m batches, [36m1452220[0m pos/sec)]
Estimated time to end of superbatch: [36m34.3[0ms     [Fsuperbatch [36m245[0m [[35m67.1[0m% ([36m512[0m/[36m763[0m batches, [36m1511709[0m pos/sec)]
Estimated time to end of superbatch: [36m21.8[0ms     [Fsuperbatch [36m245[0m [[35m83.9[0m% ([36m640[0m/[36m763[0m batches, [36m1562263[0m pos/sec)]
Estimated time to end of superbatch: [36m10.3[0ms     [Fsuperbatch [36m245[0m | time [36m64.6[0ms | running loss [36m0.016579[0m | [36m1549310[0m pos/sec | total time [36m16265.6[0ms
Estimated time remaining in training: [36m1[0mh [36m11[0mm [36m55[0ms
LR dropped to [36m0.00020724518[0m
superbatch [36m246[0m [[35m0.0[0m% ([36m0[0m/[36m763[0m batches, [36m1755522[0m pos/sec)]
Estimated time to end of superbatch: [36minf[0ms     [Fsuperbatch [36m246[0m [[35m16.8[0m% ([36m128[0m/[36m763[0m batches, [36m1307439[0m pos/sec)]
Estimated time to end of superbatch: [36m64.2[0ms     [Fsuperbatch [36m246[0m [[35m33.6[0m% ([36m256[0m/[36m763[0m batches, [36m1463234[0m pos/sec)]
Estimated time to end of superbatch: [36m45.6[0ms     [Fsuperbatch [36m246[0m [[35m50.3[0m% ([36m384[0m/[36m763[0m batches, [36m1527305[0m pos/sec)]
Estimated time to end of superbatch: [36m32.6[0ms     [Fsuperbatch [36m246[0m [[35m67.1[0m% ([36m512[0m/[36m763[0m batches, [36m1544766[0m pos/sec)]
Estimated time to end of superbatch: [36m21.3[0ms     [Fsuperbatch [36m246[0m [[35m83.9[0m% ([36m640[0m/[36m763[0m batches, [36m1493388[0m pos/sec)]
Estimated time to end of superbatch: [36m10.8[0ms     [Fsuperbatch [36m246[0m | time [36m66.0[0ms | running loss [36m0.016735[0m | [36m1515979[0m pos/sec | total time [36m16331.5[0ms
Estimated time remaining in training: [36m1[0mh [36m10[0mm [36m48[0ms
LR dropped to [36m0.00020402257[0m
superbatch [36m247[0m [[35m0.0[0m% ([36m0[0m/[36m763[0m batches, [36m2351796[0m pos/sec)]
Estimated time to end of superbatch: [36minf[0ms     [Fsuperbatch [36m247[0m [[35m16.8[0m% ([36m128[0m/[36m763[0m batches, [36m1845256[0m pos/sec)]
Estimated time to end of superbatch: [36m45.5[0ms     [Fsuperbatch [36m247[0m [[35m33.6[0m% ([36m256[0m/[36m763[0m batches, [36m1674219[0m pos/sec)]
Estimated time to end of superbatch: [36m39.8[0ms     [Fsuperbatch [36m247[0m [[35m50.3[0m% ([36m384[0m/[36m763[0m batches, [36m1522146[0m pos/sec)]
Estimated time to end of superbatch: [36m32.7[0ms     [Fsuperbatch [36m247[0m [[35m67.1[0m% ([36m512[0m/[36m763[0m batches, [36m1561662[0m pos/sec)]
Estimated time to end of superbatch: [36m21.1[0ms     [Fsuperbatch [36m247[0m [[35m83.9[0m% ([36m640[0m/[36m763[0m batches, [36m1604910[0m pos/sec)]
Estimated time to end of superbatch: [36m10.1[0ms     [Fsuperbatch [36m247[0m | time [36m63.2[0ms | running loss [36m0.016659[0m | [36m1582990[0m pos/sec | total time [36m16394.7[0ms
Estimated time remaining in training: [36m1[0mh [36m9[0mm [36m41[0ms
LR dropped to [36m0.00020080002[0m
superbatch [36m248[0m [[35m0.0[0m% ([36m0[0m/[36m763[0m batches, [36m1461449[0m pos/sec)]
Estimated time to end of superbatch: [36minf[0ms     [Fsuperbatch [36m248[0m [[35m16.8[0m% ([36m128[0m/[36m763[0m batches, [36m1321648[0m pos/sec)]
Estimated time to end of superbatch: [36m63.5[0ms     [Fsuperbatch [36m248[0m [[35m33.6[0m% ([36m256[0m/[36m763[0m batches, [36m1436622[0m pos/sec)]
Estimated time to end of superbatch: [36m46.4[0ms     [Fsuperbatch [36m248[0m [[35m50.3[0m% ([36m384[0m/[36m763[0m batches, [36m1532286[0m pos/sec)]
Estimated time to end of superbatch: [36m32.5[0ms     [Fsuperbatch [36m248[0m [[35m67.1[0m% ([36m512[0m/[36m763[0m batches, [36m1538247[0m pos/sec)]
Estimated time to end of superbatch: [36m21.4[0ms     [Fsuperbatch [36m248[0m [[35m83.9[0m% ([36m640[0m/[36m763[0m batches, [36m1474288[0m pos/sec)]
Estimated time to end of superbatch: [36m11.0[0ms     [Fsuperbatch [36m248[0m | time [36m66.9[0ms | running loss [36m0.016808[0m | [36m1494479[0m pos/sec | total time [36m16461.6[0ms
Estimated time remaining in training: [36m1[0mh [36m8[0mm [36m35[0ms
LR dropped to [36m0.0001975774[0m
superbatch [36m249[0m [[35m0.0[0m% ([36m0[0m/[36m763[0m batches, [36m1750270[0m pos/sec)]
Estimated time to end of superbatch: [36minf[0ms     [Fsuperbatch [36m249[0m [[35m16.8[0m% ([36m128[0m/[36m763[0m batches, [36m1600111[0m pos/sec)]
Estimated time to end of superbatch: [36m52.4[0ms     [Fsuperbatch [36m249[0m [[35m33.6[0m% ([36m256[0m/[36m763[0m batches, [36m1581584[0m pos/sec)]
Estimated time to end of superbatch: [36m42.2[0ms     [Fsuperbatch [36m249[0m [[35m50.3[0m% ([36m384[0m/[36m763[0m batches, [36m1498341[0m pos/sec)]
Estimated time to end of superbatch: [36m33.2[0ms     [Fsuperbatch [36m249[0m [[35m67.1[0m% ([36m512[0m/[36m763[0m batches, [36m1536869[0m pos/sec)]
Estimated time to end of superbatch: [36m21.4[0ms     [Fsuperbatch [36m249[0m [[35m83.9[0m% ([36m640[0m/[36m763[0m batches, [36m1565904[0m pos/sec)]
Estimated time to end of superbatch: [36m10.3[0ms     [Fsuperbatch [36m249[0m | time [36m64.3[0ms | running loss [36m0.016728[0m | [36m1554688[0m pos/sec | total time [36m16526.0[0ms
Estimated time remaining in training: [36m1[0mh [36m7[0mm [36m28[0ms
LR dropped to [36m0.00019435486[0m
superbatch [36m250[0m [[35m0.0[0m% ([36m0[0m/[36m763[0m batches, [36m1727357[0m pos/sec)]
Estimated time to end of superbatch: [36minf[0ms     [Fsuperbatch [36m250[0m [[35m16.8[0m% ([36m128[0m/[36m763[0m batches, [36m1277272[0m pos/sec)]
Estimated time to end of superbatch: [36m65.7[0ms     [Fsuperbatch [36m250[0m [[35m33.6[0m% ([36m256[0m/[36m763[0m batches, [36m1415449[0m pos/sec)]
Estimated time to end of superbatch: [36m47.1[0ms     [Fsuperbatch [36m250[0m [[35m50.3[0m% ([36m384[0m/[36m763[0m batches, [36m1550217[0m pos/sec)]
Estimated time to end of superbatch: [36m32.1[0ms     [Fsuperbatch [36m250[0m [[35m67.1[0m% ([36m512[0m/[36m763[0m batches, [36m1569160[0m pos/sec)]
Estimated time to end of superbatch: [36m21.0[0ms     [Fsuperbatch [36m250[0m [[35m83.9[0m% ([36m640[0m/[36m763[0m batches, [36m1514505[0m pos/sec)]
Estimated time to end of superbatch: [36m10.7[0ms     [Fsuperbatch [36m250[0m | time [36m65.6[0ms | running loss [36m0.016984[0m | [36m1524051[0m pos/sec | total time [36m16591.6[0ms
Estimated time remaining in training: [36m1[0mh [36m6[0mm [36m21[0ms
LR dropped to [36m0.00019113225[0m
superbatch [36m251[0m [[35m0.0[0m% ([36m0[0m/[36m763[0m batches, [36m2122984[0m pos/sec)]
Estimated time to end of superbatch: [36minf[0ms     [Fsuperbatch [36m251[0m [[35m16.8[0m% ([36m128[0m/[36m763[0m batches, [36m1741265[0m pos/sec)]
Estimated time to end of superbatch: [36m48.2[0ms     [Fsuperbatch [36m251[0m [[35m33.6[0m% ([36m256[0m/[36m763[0m batches, [36m1714796[0m pos/sec)]
Estimated time to end of superbatch: [36m38.9[0ms     [Fsuperbatch [36m251[0m [[35m50.3[0m% ([36m384[0m/[36m763[0m batches, [36m1554556[0m pos/sec)]
Estimated time to end of superbatch: [36m32.0[0ms     [Fsuperbatch [36m251[0m [[35m67.1[0m% ([36m512[0m/[36m763[0m batches, [36m1565136[0m pos/sec)]
Estimated time to end of superbatch: [36m21.1[0ms     [Fsuperbatch [36m251[0m [[35m83.9[0m% ([36m640[0m/[36m763[0m batches, [36m1610459[0m pos/sec)]
Estimated time to end of superbatch: [36m10.0[0ms     [Fsuperbatch [36m251[0m | time [36m62.0[0ms | running loss [36m0.016852[0m | [36m1613716[0m pos/sec | total time [36m16653.6[0ms
Estimated time remaining in training: [36m1[0mh [36m5[0mm [36m14[0ms
LR dropped to [36m0.0001879097[0m
superbatch [36m252[0m [[35m0.0[0m% ([36m0[0m/[36m763[0m batches, [36m1997398[0m pos/sec)]
Estimated time to end of superbatch: [36minf[0ms     [Fsuperbatch [36m252[0m [[35m16.8[0m% ([36m128[0m/[36m763[0m batches, [36m1241704[0m pos/sec)]
Estimated time to end of superbatch: [36m67.6[0ms     [Fsuperbatch [36m252[0m [[35m33.6[0m% ([36m256[0m/[36m763[0m batches, [36m1395375[0m pos/sec)]
Estimated time to end of superbatch: [36m47.8[0ms     [Fsuperbatch [36m252[0m [[35m50.3[0m% ([36m384[0m/[36m763[0m batches, [36m1489213[0m pos/sec)]
Estimated time to end of superbatch: [36m33.4[0ms     [Fsuperbatch [36m252[0m [[35m67.1[0m% ([36m512[0m/[36m763[0m batches, [36m1528382[0m pos/sec)]
Estimated time to end of superbatch: [36m21.6[0ms     [Fsuperbatch [36m252[0m [[35m83.9[0m% ([36m640[0m/[36m763[0m batches, [36m1478469[0m pos/sec)]
Estimated time to end of superbatch: [36m10.9[0ms     [Fsuperbatch [36m252[0m | time [36m67.4[0ms | running loss [36m0.017076[0m | [36m1482745[0m pos/sec | total time [36m16721.0[0ms
Estimated time remaining in training: [36m1[0mh [36m4[0mm [36m8[0ms
LR dropped to [36m0.00018468709[0m
superbatch [36m253[0m [[35m0.0[0m% ([36m0[0m/[36m763[0m batches, [36m1467008[0m pos/sec)]
Estimated time to end of superbatch: [36minf[0ms     [Fsuperbatch [36m253[0m [[35m16.8[0m% ([36m128[0m/[36m763[0m batches, [36m1747366[0m pos/sec)]
Estimated time to end of superbatch: [36m48.0[0ms     [Fsuperbatch [36m253[0m [[35m33.6[0m% ([36m256[0m/[36m763[0m batches, [36m1663020[0m pos/sec)]
Estimated time to end of superbatch: [36m40.1[0ms     [Fsuperbatch [36m253[0m [[35m50.3[0m% ([36m384[0m/[36m763[0m batches, [36m1496537[0m pos/sec)]
Estimated time to end of superbatch: [36m33.3[0ms     [Fsuperbatch [36m253[0m [[35m67.1[0m% ([36m512[0m/[36m763[0m batches, [36m1505770[0m pos/sec)]
Estimated time to end of superbatch: [36m21.9[0ms     [Fsuperbatch [36m253[0m [[35m83.9[0m% ([36m640[0m/[36m763[0m batches, [36m1540338[0m pos/sec)]
Estimated time to end of superbatch: [36m10.5[0ms     [Fsuperbatch [36m253[0m | time [36m63.6[0ms | running loss [36m0.016933[0m | [36m1572945[0m pos/sec | total time [36m16784.6[0ms
Estimated time remaining in training: [36m1[0mh [36m3[0mm [36m1[0ms
LR dropped to [36m0.00018146454[0m
superbatch [36m254[0m [[35m0.0[0m% ([36m0[0m/[36m763[0m batches, [36m1346656[0m pos/sec)]
Estimated time to end of superbatch: [36minf[0ms     [Fsuperbatch [36m254[0m [[35m16.8[0m% ([36m128[0m/[36m763[0m batches, [36m1312705[0m pos/sec)]
Estimated time to end of superbatch: [36m63.9[0ms     [Fsuperbatch [36m254[0m [[35m33.6[0m% ([36m256[0m/[36m763[0m batches, [36m1390943[0m pos/sec)]
Estimated time to end of superbatch: [36m48.0[0ms     [Fsuperbatch [36m254[0m [[35m50.3[0m% ([36m384[0m/[36m763[0m batches, [36m1471914[0m pos/sec)]
Estimated time to end of superbatch: [36m33.8[0ms     [Fsuperbatch [36m254[0m [[35m67.1[0m% ([36m512[0m/[36m763[0m batches, [36m1483308[0m pos/sec)]
Estimated time to end of superbatch: [36m22.2[0ms     [Fsuperbatch [36m254[0m [[35m83.9[0m% ([36m640[0m/[36m763[0m batches, [36m1432955[0m pos/sec)]
Estimated time to end of superbatch: [36m11.3[0ms     [Fsuperbatch [36m254[0m | time [36m69.2[0ms | running loss [36m0.017148[0m | [36m1445395[0m pos/sec | total time [36m16853.8[0ms
Estimated time remaining in training: [36m1[0mh [36m1[0mm [36m55[0ms
LR dropped to [36m0.00017824199[0m
superbatch [36m255[0m [[35m0.0[0m% ([36m0[0m/[36m763[0m batches, [36m2142156[0m pos/sec)]
Estimated time to end of superbatch: [36minf[0ms     [Fsuperbatch [36m255[0m [[35m16.8[0m% ([36m128[0m/[36m763[0m batches, [36m1496747[0m pos/sec)]
Estimated time to end of superbatch: [36m56.0[0ms     [Fsuperbatch [36m255[0m [[35m33.6[0m% ([36m256[0m/[36m763[0m batches, [36m1508707[0m pos/sec)]
Estimated time to end of superbatch: [36m44.2[0ms     [Fsuperbatch [36m255[0m [[35m50.3[0m% ([36m384[0m/[36m763[0m batches, [36m1459490[0m pos/sec)]
Estimated time to end of superbatch: [36m34.1[0ms     [Fsuperbatch [36m255[0m [[35m67.1[0m% ([36m512[0m/[36m763[0m batches, [36m1452597[0m pos/sec)]
Estimated time to end of superbatch: [36m22.7[0ms     [Fsuperbatch [36m255[0m [[35m83.9[0m% ([36m640[0m/[36m763[0m batches, [36m1471894[0m pos/sec)]
Estimated time to end of superbatch: [36m11.0[0ms     [Fsuperbatch [36m255[0m | time [36m66.5[0ms | running loss [36m0.016980[0m | [36m1503037[0m pos/sec | total time [36m16920.3[0ms
Estimated time remaining in training: [36m1[0mh [36m0[0mm [36m49[0ms
LR dropped to [36m0.00017501938[0m
superbatch [36m256[0m [[35m0.0[0m% ([36m0[0m/[36m763[0m batches, [36m1811770[0m pos/sec)]
Estimated time to end of superbatch: [36minf[0ms     [Fsuperbatch [36m256[0m [[35m16.8[0m% ([36m128[0m/[36m763[0m batches, [36m1507366[0m pos/sec)]
Estimated time to end of superbatch: [36m55.6[0ms     [Fsuperbatch [36m256[0m [[35m33.6[0m% ([36m256[0m/[36m763[0m batches, [36m1513295[0m pos/sec)]
Estimated time to end of superbatch: [36m44.1[0ms     [Fsuperbatch [36m256[0m [[35m50.3[0m% ([36m384[0m/[36m763[0m batches, [36m1570509[0m pos/sec)]
Estimated time to end of superbatch: [36m31.7[0ms     [Fsuperbatch [36m256[0m [[35m67.1[0m% ([36m512[0m/[36m763[0m batches, [36m1593693[0m pos/sec)]
Estimated time to end of superbatch: [36m20.7[0ms     [Fsuperbatch [36m256[0m [[35m83.9[0m% ([36m640[0m/[36m763[0m batches, [36m1509344[0m pos/sec)]
Estimated time to end of superbatch: [36m10.7[0ms     [Fsuperbatch [36m256[0m | time [36m66.2[0ms | running loss [36m0.017229[0m | [36m1511259[0m pos/sec | total time [36m16986.5[0ms
Estimated time remaining in training: [36m0[0mh [36m59[0mm [36m43[0ms
LR dropped to [36m0.00017179683[0m
superbatch [36m257[0m [[35m0.0[0m% ([36m0[0m/[36m763[0m batches, [36m1581143[0m pos/sec)]
Estimated time to end of superbatch: [36minf[0ms     [Fsuperbatch [36m257[0m [[35m16.8[0m% ([36m128[0m/[36m763[0m batches, [36m1692054[0m pos/sec)]
Estimated time to end of superbatch: [36m49.6[0ms     [Fsuperbatch [36m257[0m [[35m33.6[0m% ([36m256[0m/[36m763[0m batches, [36m1687150[0m pos/sec)]
Estimated time to end of superbatch: [36m39.5[0ms     [Fsuperbatch [36m257[0m [[35m50.3[0m% ([36m384[0m/[36m763[0m batches, [36m1535485[0m pos/sec)]
Estimated time to end of superbatch: [36m32.4[0ms     [Fsuperbatch [36m257[0m [[35m67.1[0m% ([36m512[0m/[36m763[0m batches, [36m1508340[0m pos/sec)]
Estimated time to end of superbatch: [36m21.9[0ms     [Fsuperbatch [36m257[0m [[35m83.9[0m% ([36m640[0m/[36m763[0m batches, [36m1548850[0m pos/sec)]
Estimated time to end of superbatch: [36m10.4[0ms     [Fsuperbatch [36m257[0m | time [36m63.8[0ms | running loss [36m0.017087[0m | [36m1567754[0m pos/sec | total time [36m17050.3[0ms
Estimated time remaining in training: [36m0[0mh [36m58[0mm [36m36[0ms
LR dropped to [36m0.00016857422[0m
superbatch [36m258[0m [[35m0.0[0m% ([36m0[0m/[36m763[0m batches, [36m1792152[0m pos/sec)]
Estimated time to end of superbatch: [36minf[0ms     [Fsuperbatch [36m258[0m [[35m16.8[0m% ([36m128[0m/[36m763[0m batches, [36m1259397[0m pos/sec)]
Estimated time to end of superbatch: [36m66.6[0ms     [Fsuperbatch [36m258[0m [[35m33.6[0m% ([36m256[0m/[36m763[0m batches, [36m1335431[0m pos/sec)]
Estimated time to end of superbatch: [36m50.0[0ms     [Fsuperbatch [36m258[0m [[35m50.3[0m% ([36m384[0m/[36m763[0m batches, [36m1437482[0m pos/sec)]
Estimated time to end of superbatch: [36m34.6[0ms     [Fsuperbatch [36m258[0m [[35m67.1[0m% ([36m512[0m/[36m763[0m batches, [36m1491943[0m pos/sec)]
Estimated time to end of superbatch: [36m22.1[0ms     [Fsuperbatch [36m258[0m [[35m83.9[0m% ([36m640[0m/[36m763[0m batches, [36m1426014[0m pos/sec)]
Estimated time to end of superbatch: [36m11.3[0ms     [Fsuperbatch [36m258[0m | time [36m71.1[0ms | running loss [36m0.017332[0m | [36m1405688[0m pos/sec | total time [36m17121.4[0ms
Estimated time remaining in training: [36m0[0mh [36m57[0mm [36m30[0ms
LR dropped to [36m0.00016535167[0m
superbatch [36m259[0m [[35m0.0[0m% ([36m0[0m/[36m763[0m batches, [36m2140265[0m pos/sec)]
Estimated time to end of superbatch: [36minf[0ms     [Fsuperbatch [36m259[0m [[35m16.8[0m% ([36m128[0m/[36m763[0m batches, [36m1701655[0m pos/sec)]
Estimated time to end of superbatch: [36m49.3[0ms     [Fsuperbatch [36m259[0m [[35m33.6[0m% ([36m256[0m/[36m763[0m batches, [36m1750750[0m pos/sec)]
Estimated time to end of superbatch: [36m38.1[0ms     [Fsuperbatch [36m259[0m [[35m50.3[0m% ([36m384[0m/[36m763[0m batches, [36m1576482[0m pos/sec)]
Estimated time to end of superbatch: [36m31.6[0ms     [Fsuperbatch [36m259[0m [[35m67.1[0m% ([36m512[0m/[36m763[0m batches, [36m1532249[0m pos/sec)]
Estimated time to end of superbatch: [36m21.5[0ms     [Fsuperbatch [36m259[0m [[35m83.9[0m% ([36m640[0m/[36m763[0m batches, [36m1576233[0m pos/sec)]
Estimated time to end of superbatch: [36m10.2[0ms     [Fsuperbatch [36m259[0m | time [36m64.6[0ms | running loss [36m0.017160[0m | [36m1548047[0m pos/sec | total time [36m17186.0[0ms
Estimated time remaining in training: [36m0[0mh [36m56[0mm [36m24[0ms
LR dropped to [36m0.00016212906[0m
superbatch [36m260[0m [[35m0.0[0m% ([36m0[0m/[36m763[0m batches, [36m1831162[0m pos/sec)]
Estimated time to end of superbatch: [36minf[0ms     [Fsuperbatch [36m260[0m [[35m16.8[0m% ([36m128[0m/[36m763[0m batches, [36m1475210[0m pos/sec)]
Estimated time to end of superbatch: [36m56.9[0ms     [Fsuperbatch [36m260[0m [[35m33.6[0m% ([36m256[0m/[36m763[0m batches, [36m1410395[0m pos/sec)]
Estimated time to end of superbatch: [36m47.3[0ms     [Fsuperbatch [36m260[0m [[35m50.3[0m% ([36m384[0m/[36m763[0m batches, [36m1471250[0m pos/sec)]
Estimated time to end of superbatch: [36m33.9[0ms     [Fsuperbatch [36m260[0m [[35m67.1[0m% ([36m512[0m/[36m763[0m batches, [36m1511069[0m pos/sec)]
Estimated time to end of superbatch: [36m21.8[0ms     [Fsuperbatch [36m260[0m [[35m83.9[0m% ([36m640[0m/[36m763[0m batches, [36m1465904[0m pos/sec)]
Estimated time to end of superbatch: [36m11.0[0ms     [Fsuperbatch [36m260[0m | time [36m68.7[0ms | running loss [36m0.017395[0m | [36m1454749[0m pos/sec | total time [36m17254.8[0ms
Estimated time remaining in training: [36m0[0mh [36m55[0mm [36m18[0ms
Saved [anna-v3-s1-260]
LR dropped to [36m0.0001589065[0m
superbatch [36m261[0m [[35m0.0[0m% ([36m0[0m/[36m763[0m batches, [36m797498[0m pos/sec)]
Estimated time to end of superbatch: [36minf[0ms     [Fsuperbatch [36m261[0m [[35m16.8[0m% ([36m128[0m/[36m763[0m batches, [36m1719104[0m pos/sec)]
Estimated time to end of superbatch: [36m48.8[0ms     [Fsuperbatch [36m261[0m [[35m33.6[0m% ([36m256[0m/[36m763[0m batches, [36m1698938[0m pos/sec)]
Estimated time to end of superbatch: [36m39.3[0ms     [Fsuperbatch [36m261[0m [[35m50.3[0m% ([36m384[0m/[36m763[0m batches, [36m1598976[0m pos/sec)]
Estimated time to end of superbatch: [36m31.1[0ms     [Fsuperbatch [36m261[0m [[35m67.1[0m% ([36m512[0m/[36m763[0m batches, [36m1534806[0m pos/sec)]
Estimated time to end of superbatch: [36m21.5[0ms     [Fsuperbatch [36m261[0m [[35m83.9[0m% ([36m640[0m/[36m763[0m batches, [36m1565137[0m pos/sec)]
Estimated time to end of superbatch: [36m10.3[0ms     [Fsuperbatch [36m261[0m | time [36m63.0[0ms | running loss [36m0.017236[0m | [36m1586919[0m pos/sec | total time [36m17330.4[0ms
Estimated time remaining in training: [36m0[0mh [36m54[0mm [36m13[0ms
LR dropped to [36m0.00015568384[0m
superbatch [36m262[0m [[35m0.0[0m% ([36m0[0m/[36m763[0m batches, [36m711933[0m pos/sec)]
Estimated time to end of superbatch: [36minf[0ms     [Fsuperbatch [36m262[0m [[35m16.8[0m% ([36m128[0m/[36m763[0m batches, [36m1228193[0m pos/sec)]
Estimated time to end of superbatch: [36m68.3[0ms     [Fsuperbatch [36m262[0m [[35m33.6[0m% ([36m256[0m/[36m763[0m batches, [36m1271352[0m pos/sec)]
Estimated time to end of superbatch: [36m52.5[0ms     [Fsuperbatch [36m262[0m [[35m50.3[0m% ([36m384[0m/[36m763[0m batches, [36m1374512[0m pos/sec)]
Estimated time to end of superbatch: [36m36.2[0ms     [Fsuperbatch [36m262[0m [[35m67.1[0m% ([36m512[0m/[36m763[0m batches, [36m1447614[0m pos/sec)]
Estimated time to end of superbatch: [36m22.8[0ms     [Fsuperbatch [36m262[0m [[35m83.9[0m% ([36m640[0m/[36m763[0m batches, [36m1430903[0m pos/sec)]
Estimated time to end of superbatch: [36m11.3[0ms     [Fsuperbatch [36m262[0m | time [36m70.6[0ms | running loss [36m0.017456[0m | [36m1416895[0m pos/sec | total time [36m17401.0[0ms
Estimated time remaining in training: [36m0[0mh [36m53[0mm [36m7[0ms
LR dropped to [36m0.00015246129[0m
superbatch [36m263[0m [[35m0.0[0m% ([36m0[0m/[36m763[0m batches, [36m1743102[0m pos/sec)]
Estimated time to end of superbatch: [36minf[0ms     [Fsuperbatch [36m263[0m [[35m16.8[0m% ([36m128[0m/[36m763[0m batches, [36m1635675[0m pos/sec)]
Estimated time to end of superbatch: [36m51.3[0ms     [Fsuperbatch [36m263[0m [[35m33.6[0m% ([36m256[0m/[36m763[0m batches, [36m1682759[0m pos/sec)]
Estimated time to end of superbatch: [36m39.6[0ms     [Fsuperbatch [36m263[0m [[35m50.3[0m% ([36m384[0m/[36m763[0m batches, [36m1573145[0m pos/sec)]
Estimated time to end of superbatch: [36m31.7[0ms     [Fsuperbatch [36m263[0m [[35m67.1[0m% ([36m512[0m/[36m763[0m batches, [36m1506735[0m pos/sec)]
Estimated time to end of superbatch: [36m21.9[0ms     [Fsuperbatch [36m263[0m [[35m83.9[0m% ([36m640[0m/[36m763[0m batches, [36m1535753[0m pos/sec)]
Estimated time to end of superbatch: [36m10.5[0ms     [Fsuperbatch [36m263[0m | time [36m63.9[0ms | running loss [36m0.017323[0m | [36m1564534[0m pos/sec | total time [36m17464.9[0ms
Estimated time remaining in training: [36m0[0mh [36m52[0mm [36m1[0ms
LR dropped to [36m0.00014923868[0m
superbatch [36m264[0m [[35m0.0[0m% ([36m0[0m/[36m763[0m batches, [36m1277922[0m pos/sec)]
Estimated time to end of superbatch: [36minf[0ms     [Fsuperbatch [36m264[0m [[35m16.8[0m% ([36m128[0m/[36m763[0m batches, [36m1471071[0m pos/sec)]
Estimated time to end of superbatch: [36m57.0[0ms     [Fsuperbatch [36m264[0m [[35m33.6[0m% ([36m256[0m/[36m763[0m batches, [36m1369133[0m pos/sec)]
Estimated time to end of superbatch: [36m48.7[0ms     [Fsuperbatch [36m264[0m [[35m50.3[0m% ([36m384[0m/[36m763[0m batches, [36m1484189[0m pos/sec)]
Estimated time to end of superbatch: [36m33.6[0ms     [Fsuperbatch [36m264[0m [[35m67.1[0m% ([36m512[0m/[36m763[0m batches, [36m1566253[0m pos/sec)]
Estimated time to end of superbatch: [36m21.0[0ms     [Fsuperbatch [36m264[0m [[35m83.9[0m% ([36m640[0m/[36m763[0m batches, [36m1492472[0m pos/sec)]
Estimated time to end of superbatch: [36m10.8[0ms     [Fsuperbatch [36m264[0m | time [36m67.8[0ms | running loss [36m0.017539[0m | [36m1474234[0m pos/sec | total time [36m17532.7[0ms
Estimated time remaining in training: [36m0[0mh [36m50[0mm [36m54[0ms
LR dropped to [36m0.00014601613[0m
superbatch [36m265[0m [[35m0.0[0m% ([36m0[0m/[36m763[0m batches, [36m1782854[0m pos/sec)]
Estimated time to end of superbatch: [36minf[0ms     [Fsuperbatch [36m265[0m [[35m16.8[0m% ([36m128[0m/[36m763[0m batches, [36m1826244[0m pos/sec)]
Estimated time to end of superbatch: [36m45.9[0ms     [Fsuperbatch [36m265[0m [[35m33.6[0m% ([36m256[0m/[36m763[0m batches, [36m1799067[0m pos/sec)]
Estimated time to end of superbatch: [36m37.1[0ms     [Fsuperbatch [36m265[0m [[35m50.3[0m% ([36m384[0m/[36m763[0m batches, [36m1650671[0m pos/sec)]
Estimated time to end of superbatch: [36m30.2[0ms     [Fsuperbatch [36m265[0m [[35m67.1[0m% ([36m512[0m/[36m763[0m batches, [36m1559077[0m pos/sec)]
Estimated time to end of superbatch: [36m21.1[0ms     [Fsuperbatch [36m265[0m [[35m83.9[0m% ([36m640[0m/[36m763[0m batches, [36m1579385[0m pos/sec)]
Estimated time to end of superbatch: [36m10.2[0ms     [Fsuperbatch [36m265[0m | time [36m62.5[0ms | running loss [36m0.017451[0m | [36m1600002[0m pos/sec | total time [36m17595.2[0ms
Estimated time remaining in training: [36m0[0mh [36m49[0mm [36m47[0ms
LR dropped to [36m0.00014279352[0m
superbatch [36m266[0m [[35m0.0[0m% ([36m0[0m/[36m763[0m batches, [36m1880326[0m pos/sec)]
Estimated time to end of superbatch: [36minf[0ms     [Fsuperbatch [36m266[0m [[35m16.8[0m% ([36m128[0m/[36m763[0m batches, [36m1496961[0m pos/sec)]
Estimated time to end of superbatch: [36m56.0[0ms     [Fsuperbatch [36m266[0m [[35m33.6[0m% ([36m256[0m/[36m763[0m batches, [36m1405888[0m pos/sec)]
Estimated time to end of superbatch: [36m47.5[0ms     [Fsuperbatch [36m266[0m [[35m50.3[0m% ([36m384[0m/[36m763[0m batches, [36m1490130[0m pos/sec)]
Estimated time to end of superbatch: [36m33.4[0ms     [Fsuperbatch [36m266[0m [[35m67.1[0m% ([36m512[0m/[36m763[0m batches, [36m1547718[0m pos/sec)]
Estimated time to end of superbatch: [36m21.3[0ms     [Fsuperbatch [36m266[0m [[35m83.9[0m% ([36m640[0m/[36m763[0m batches, [36m1493210[0m pos/sec)]
Estimated time to end of superbatch: [36m10.8[0ms     [Fsuperbatch [36m266[0m | time [36m69.2[0ms | running loss [36m0.017647[0m | [36m1444739[0m pos/sec | total time [36m17664.5[0ms
Estimated time remaining in training: [36m0[0mh [36m48[0mm [36m41[0ms
LR dropped to [36m0.00013957097[0m
superbatch [36m267[0m [[35m0.0[0m% ([36m0[0m/[36m763[0m batches, [36m1559968[0m pos/sec)]
Estimated time to end of superbatch: [36minf[0ms     [Fsuperbatch [36m267[0m [[35m16.8[0m% ([36m128[0m/[36m763[0m batches, [36m1686896[0m pos/sec)]
Estimated time to end of superbatch: [36m49.7[0ms     [Fsuperbatch [36m267[0m [[35m33.6[0m% ([36m256[0m/[36m763[0m batches, [36m1728693[0m pos/sec)]
Estimated time to end of superbatch: [36m38.6[0ms     [Fsuperbatch [36m267[0m [[35m50.3[0m% ([36m384[0m/[36m763[0m batches, [36m1570367[0m pos/sec)]
Estimated time to end of superbatch: [36m31.7[0ms     [Fsuperbatch [36m267[0m [[35m67.1[0m% ([36m512[0m/[36m763[0m batches, [36m1483795[0m pos/sec)]
Estimated time to end of superbatch: [36m22.2[0ms     [Fsuperbatch [36m267[0m [[35m83.9[0m% ([36m640[0m/[36m763[0m batches, [36m1491046[0m pos/sec)]
Estimated time to end of superbatch: [36m10.8[0ms     [Fsuperbatch [36m267[0m | time [36m65.3[0ms | running loss [36m0.017535[0m | [36m1531349[0m pos/sec | total time [36m17729.8[0ms
Estimated time remaining in training: [36m0[0mh [36m47[0mm [36m35[0ms
LR dropped to [36m0.00013634842[0m
superbatch [36m268[0m [[35m0.0[0m% ([36m0[0m/[36m763[0m batches, [36m2443114[0m pos/sec)]
Estimated time to end of superbatch: [36minf[0ms     [Fsuperbatch [36m268[0m [[35m16.8[0m% ([36m128[0m/[36m763[0m batches, [36m1402258[0m pos/sec)]
Estimated time to end of superbatch: [36m59.8[0ms     [Fsuperbatch [36m268[0m [[35m33.6[0m% ([36m256[0m/[36m763[0m batches, [36m1338971[0m pos/sec)]
Estimated time to end of superbatch: [36m49.8[0ms     [Fsuperbatch [36m268[0m [[35m50.3[0m% ([36m384[0m/[36m763[0m batches, [36m1440138[0m pos/sec)]
Estimated time to end of superbatch: [36m34.6[0ms     [Fsuperbatch [36m268[0m [[35m67.1[0m% ([36m512[0m/[36m763[0m batches, [36m1493272[0m pos/sec)]
Estimated time to end of superbatch: [36m22.1[0ms     [Fsuperbatch [36m268[0m [[35m83.9[0m% ([36m640[0m/[36m763[0m batches, [36m1484754[0m pos/sec)]
Estimated time to end of superbatch: [36m10.9[0ms     [Fsuperbatch [36m268[0m | time [36m69.1[0ms | running loss [36m0.017704[0m | [36m1446634[0m pos/sec | total time [36m17798.9[0ms
Estimated time remaining in training: [36m0[0mh [36m46[0mm [36m29[0ms
LR dropped to [36m0.00013312581[0m
superbatch [36m269[0m [[35m0.0[0m% ([36m0[0m/[36m763[0m batches, [36m2154107[0m pos/sec)]
Estimated time to end of superbatch: [36minf[0ms     [Fsuperbatch [36m269[0m [[35m16.8[0m% ([36m128[0m/[36m763[0m batches, [36m1723517[0m pos/sec)]
Estimated time to end of superbatch: [36m48.7[0ms     [Fsuperbatch [36m269[0m [[35m33.6[0m% ([36m256[0m/[36m763[0m batches, [36m1727429[0m pos/sec)]
Estimated time to end of superbatch: [36m38.6[0ms     [Fsuperbatch [36m269[0m [[35m50.3[0m% ([36m384[0m/[36m763[0m batches, [36m1574596[0m pos/sec)]
Estimated time to end of superbatch: [36m31.6[0ms     [Fsuperbatch [36m269[0m [[35m67.1[0m% ([36m512[0m/[36m763[0m batches, [36m1469861[0m pos/sec)]
Estimated time to end of superbatch: [36m22.4[0ms     [Fsuperbatch [36m269[0m [[35m83.9[0m% ([36m640[0m/[36m763[0m batches, [36m1512594[0m pos/sec)]
Estimated time to end of superbatch: [36m10.7[0ms     [Fsuperbatch [36m269[0m | time [36m64.6[0ms | running loss [36m0.017730[0m | [36m1549064[0m pos/sec | total time [36m17863.5[0ms
Estimated time remaining in training: [36m0[0mh [36m45[0mm [36m22[0ms
LR dropped to [36m0.00012990326[0m
superbatch [36m270[0m [[35m0.0[0m% ([36m0[0m/[36m763[0m batches, [36m2102396[0m pos/sec)]
Estimated time to end of superbatch: [36minf[0ms     [Fsuperbatch [36m270[0m [[35m16.8[0m% ([36m128[0m/[36m763[0m batches, [36m1385698[0m pos/sec)]
Estimated time to end of superbatch: [36m60.5[0ms     [Fsuperbatch [36m270[0m [[35m33.6[0m% ([36m256[0m/[36m763[0m batches, [36m1319655[0m pos/sec)]
Estimated time to end of superbatch: [36m50.6[0ms     [Fsuperbatch [36m270[0m [[35m50.3[0m% ([36m384[0m/[36m763[0m batches, [36m1403432[0m pos/sec)]
Estimated time to end of superbatch: [36m35.5[0ms     [Fsuperbatch [36m270[0m [[35m67.1[0m% ([36m512[0m/[36m763[0m batches, [36m1490216[0m pos/sec)]
Estimated time to end of superbatch: [36m22.1[0ms     [Fsuperbatch [36m270[0m [[35m83.9[0m% ([36m640[0m/[36m763[0m batches, [36m1480338[0m pos/sec)]
Estimated time to end of superbatch: [36m10.9[0ms     [Fsuperbatch [36m270[0m | time [36m69.4[0ms | running loss [36m0.017927[0m | [36m1441669[0m pos/sec | total time [36m17932.8[0ms
Estimated time remaining in training: [36m0[0mh [36m44[0mm [36m16[0ms
LR dropped to [36m0.00012668065[0m
superbatch [36m271[0m [[35m0.0[0m% ([36m0[0m/[36m763[0m batches, [36m1116928[0m pos/sec)]
Estimated time to end of superbatch: [36minf[0ms     [Fsuperbatch [36m271[0m [[35m16.8[0m% ([36m128[0m/[36m763[0m batches, [36m1705356[0m pos/sec)]
Estimated time to end of superbatch: [36m49.2[0ms     [Fsuperbatch [36m271[0m [[35m33.6[0m% ([36m256[0m/[36m763[0m batches, [36m1774794[0m pos/sec)]
Estimated time to end of superbatch: [36m37.6[0ms     [Fsuperbatch [36m271[0m [[35m50.3[0m% ([36m384[0m/[36m763[0m batches, [36m1633384[0m pos/sec)]
Estimated time to end of superbatch: [36m30.5[0ms     [Fsuperbatch [36m271[0m [[35m67.1[0m% ([36m512[0m/[36m763[0m batches, [36m1508681[0m pos/sec)]
Estimated time to end of superbatch: [36m21.8[0ms     [Fsuperbatch [36m271[0m [[35m83.9[0m% ([36m640[0m/[36m763[0m batches, [36m1527493[0m pos/sec)]
Estimated time to end of superbatch: [36m10.6[0ms     [Fsuperbatch [36m271[0m | time [36m64.0[0ms | running loss [36m0.017881[0m | [36m1562758[0m pos/sec | total time [36m17996.8[0ms
Estimated time remaining in training: [36m0[0mh [36m43[0mm [36m9[0ms
LR dropped to [36m0.0001234581[0m
superbatch [36m272[0m [[35m0.0[0m% ([36m0[0m/[36m763[0m batches, [36m2223481[0m pos/sec)]
Estimated time to end of superbatch: [36minf[0ms     [Fsuperbatch [36m272[0m [[35m16.8[0m% ([36m128[0m/[36m763[0m batches, [36m1551623[0m pos/sec)]
Estimated time to end of superbatch: [36m54.1[0ms     [Fsuperbatch [36m272[0m [[35m33.6[0m% ([36m256[0m/[36m763[0m batches, [36m1345264[0m pos/sec)]
Estimated time to end of superbatch: [36m49.6[0ms     [Fsuperbatch [36m272[0m [[35m50.3[0m% ([36m384[0m/[36m763[0m batches, [36m1403848[0m pos/sec)]
Estimated time to end of superbatch: [36m35.5[0ms     [Fsuperbatch [36m272[0m [[35m67.1[0m% ([36m512[0m/[36m763[0m batches, [36m1473959[0m pos/sec)]
Estimated time to end of superbatch: [36m22.4[0ms     [Fsuperbatch [36m272[0m [[35m83.9[0m% ([36m640[0m/[36m763[0m batches, [36m1509840[0m pos/sec)]
Estimated time to end of superbatch: [36m10.7[0ms     [Fsuperbatch [36m272[0m | time [36m67.8[0ms | running loss [36m0.018011[0m | [36m1474422[0m pos/sec | total time [36m18064.7[0ms
Estimated time remaining in training: [36m0[0mh [36m42[0mm [36m3[0ms
LR dropped to [36m0.00012023549[0m
superbatch [36m273[0m [[35m0.0[0m% ([36m0[0m/[36m763[0m batches, [36m573620[0m pos/sec)]
Estimated time to end of superbatch: [36minf[0ms     [Fsuperbatch [36m273[0m [[35m16.8[0m% ([36m128[0m/[36m763[0m batches, [36m1531996[0m pos/sec)]
Estimated time to end of superbatch: [36m54.8[0ms     [Fsuperbatch [36m273[0m [[35m33.6[0m% ([36m256[0m/[36m763[0m batches, [36m1620204[0m pos/sec)]
Estimated time to end of superbatch: [36m41.2[0ms     [Fsuperbatch [36m273[0m [[35m50.3[0m% ([36m384[0m/[36m763[0m batches, [36m1573428[0m pos/sec)]
Estimated time to end of superbatch: [36m31.7[0ms     [Fsuperbatch [36m273[0m [[35m67.1[0m% ([36m512[0m/[36m763[0m batches, [36m1470765[0m pos/sec)]
Estimated time to end of superbatch: [36m22.4[0ms     [Fsuperbatch [36m273[0m [[35m83.9[0m% ([36m640[0m/[36m763[0m batches, [36m1490415[0m pos/sec)]
Estimated time to end of superbatch: [36m10.8[0ms     [Fsuperbatch [36m273[0m | time [36m65.8[0ms | running loss [36m0.017955[0m | [36m1519954[0m pos/sec | total time [36m18130.4[0ms
Estimated time remaining in training: [36m0[0mh [36m40[0mm [36m57[0ms
LR dropped to [36m0.00011701294[0m
superbatch [36m274[0m [[35m0.0[0m% ([36m0[0m/[36m763[0m batches, [36m2193190[0m pos/sec)]
Estimated time to end of superbatch: [36minf[0ms     [Fsuperbatch [36m274[0m [[35m16.8[0m% ([36m128[0m/[36m763[0m batches, [36m1506118[0m pos/sec)]
Estimated time to end of superbatch: [36m55.7[0ms     [Fsuperbatch [36m274[0m [[35m33.6[0m% ([36m256[0m/[36m763[0m batches, [36m1339712[0m pos/sec)]
Estimated time to end of superbatch: [36m49.8[0ms     [Fsuperbatch [36m274[0m [[35m50.3[0m% ([36m384[0m/[36m763[0m batches, [36m1395042[0m pos/sec)]
Estimated time to end of superbatch: [36m35.7[0ms     [Fsuperbatch [36m274[0m [[35m67.1[0m% ([36m512[0m/[36m763[0m batches, [36m1445685[0m pos/sec)]
Estimated time to end of superbatch: [36m22.8[0ms     [Fsuperbatch [36m274[0m [[35m83.9[0m% ([36m640[0m/[36m763[0m batches, [36m1440447[0m pos/sec)]
Estimated time to end of superbatch: [36m11.2[0ms     [Fsuperbatch [36m274[0m | time [36m70.9[0ms | running loss [36m0.018061[0m | [36m1410658[0m pos/sec | total time [36m18201.3[0ms
Estimated time remaining in training: [36m0[0mh [36m39[0mm [36m51[0ms
LR dropped to [36m0.00011379033[0m
superbatch [36m275[0m [[35m0.0[0m% ([36m0[0m/[36m763[0m batches, [36m1198174[0m pos/sec)]
Estimated time to end of superbatch: [36minf[0ms     [Fsuperbatch [36m275[0m [[35m16.8[0m% ([36m128[0m/[36m763[0m batches, [36m1519660[0m pos/sec)]
Estimated time to end of superbatch: [36m55.2[0ms     [Fsuperbatch [36m275[0m [[35m33.6[0m% ([36m256[0m/[36m763[0m batches, [36m1632736[0m pos/sec)]
Estimated time to end of superbatch: [36m40.9[0ms     [Fsuperbatch [36m275[0m [[35m50.3[0m% ([36m384[0m/[36m763[0m batches, [36m1611306[0m pos/sec)]
Estimated time to end of superbatch: [36m30.9[0ms     [Fsuperbatch [36m275[0m [[35m67.1[0m% ([36m512[0m/[36m763[0m batches, [36m1485772[0m pos/sec)]
Estimated time to end of superbatch: [36m22.2[0ms     [Fsuperbatch [36m275[0m [[35m83.9[0m% ([36m640[0m/[36m763[0m batches, [36m1488246[0m pos/sec)]
Estimated time to end of superbatch: [36m10.8[0ms     [Fsuperbatch [36m275[0m | time [36m65.7[0ms | running loss [36m0.018034[0m | [36m1523177[0m pos/sec | total time [36m18267.0[0ms
Estimated time remaining in training: [36m0[0mh [36m38[0mm [36m44[0ms
LR dropped to [36m0.00011056778[0m
superbatch [36m276[0m [[35m0.0[0m% ([36m0[0m/[36m763[0m batches, [36m2248350[0m pos/sec)]
Estimated time to end of superbatch: [36minf[0ms     [Fsuperbatch [36m276[0m [[35m16.8[0m% ([36m128[0m/[36m763[0m batches, [36m1612577[0m pos/sec)]
Estimated time to end of superbatch: [36m52.0[0ms     [Fsuperbatch [36m276[0m [[35m33.6[0m% ([36m256[0m/[36m763[0m batches, [36m1370314[0m pos/sec)]
Estimated time to end of superbatch: [36m48.7[0ms     [Fsuperbatch [36m276[0m [[35m50.3[0m% ([36m384[0m/[36m763[0m batches, [36m1416680[0m pos/sec)]
Estimated time to end of superbatch: [36m35.2[0ms     [Fsuperbatch [36m276[0m [[35m67.1[0m% ([36m512[0m/[36m763[0m batches, [36m1496513[0m pos/sec)]
Estimated time to end of superbatch: [36m22.0[0ms     [Fsuperbatch [36m276[0m [[35m83.9[0m% ([36m640[0m/[36m763[0m batches, [36m1514880[0m pos/sec)]
Estimated time to end of superbatch: [36m10.7[0ms     [Fsuperbatch [36m276[0m | time [36m68.4[0ms | running loss [36m0.018143[0m | [36m1461866[0m pos/sec | total time [36m18335.4[0ms
Estimated time remaining in training: [36m0[0mh [36m37[0mm [36m38[0ms
LR dropped to [36m0.00010734517[0m
superbatch [36m277[0m [[35m0.0[0m% ([36m0[0m/[36m763[0m batches, [36m1846791[0m pos/sec)]
Estimated time to end of superbatch: [36minf[0ms     [Fsuperbatch [36m277[0m [[35m16.8[0m% ([36m128[0m/[36m763[0m batches, [36m1516630[0m pos/sec)]
Estimated time to end of superbatch: [36m55.3[0ms     [Fsuperbatch [36m277[0m [[35m33.6[0m% ([36m256[0m/[36m763[0m batches, [36m1573476[0m pos/sec)]
Estimated time to end of superbatch: [36m42.4[0ms     [Fsuperbatch [36m277[0m [[35m50.3[0m% ([36m384[0m/[36m763[0m batches, [36m1552319[0m pos/sec)]
Estimated time to end of superbatch: [36m32.1[0ms     [Fsuperbatch [36m277[0m [[35m67.1[0m% ([36m512[0m/[36m763[0m batches, [36m1454451[0m pos/sec)]
Estimated time to end of superbatch: [36m22.7[0ms     [Fsuperbatch [36m277[0m [[35m83.9[0m% ([36m640[0m/[36m763[0m batches, [36m1447439[0m pos/sec)]
Estimated time to end of superbatch: [36m11.2[0ms     [Fsuperbatch [36m277[0m | time [36m67.6[0ms | running loss [36m0.018120[0m | [36m1479816[0m pos/sec | total time [36m18403.0[0ms
Estimated time remaining in training: [36m0[0mh [36m36[0mm [36m32[0ms
LR dropped to [36m0.00010412262[0m
superbatch [36m278[0m [[35m0.0[0m% ([36m0[0m/[36m763[0m batches, [36m929793[0m pos/sec)]
Estimated time to end of superbatch: [36minf[0ms     [Fsuperbatch [36m278[0m [[35m16.8[0m% ([36m128[0m/[36m763[0m batches, [36m1517654[0m pos/sec)]
Estimated time to end of superbatch: [36m55.3[0ms     [Fsuperbatch [36m278[0m [[35m33.6[0m% ([36m256[0m/[36m763[0m batches, [36m1345581[0m pos/sec)]
Estimated time to end of superbatch: [36m49.6[0ms     [Fsuperbatch [36m278[0m [[35m50.3[0m% ([36m384[0m/[36m763[0m batches, [36m1391207[0m pos/sec)]
Estimated time to end of superbatch: [36m35.8[0ms     [Fsuperbatch [36m278[0m [[35m67.1[0m% ([36m512[0m/[36m763[0m batches, [36m1464665[0m pos/sec)]
Estimated time to end of superbatch: [36m22.5[0ms     [Fsuperbatch [36m278[0m [[35m83.9[0m% ([36m640[0m/[36m763[0m batches, [36m1492368[0m pos/sec)]
Estimated time to end of superbatch: [36m10.8[0ms     [Fsuperbatch [36m278[0m | time [36m69.2[0ms | running loss [36m0.018215[0m | [36m1444445[0m pos/sec | total time [36m18472.2[0ms
Estimated time remaining in training: [36m0[0mh [36m35[0mm [36m26[0ms
LR dropped to [36m0.00010090001[0m
superbatch [36m279[0m [[35m0.0[0m% ([36m0[0m/[36m763[0m batches, [36m1745929[0m pos/sec)]
Estimated time to end of superbatch: [36minf[0ms     [Fsuperbatch [36m279[0m [[35m16.8[0m% ([36m128[0m/[36m763[0m batches, [36m1464830[0m pos/sec)]
Estimated time to end of superbatch: [36m57.3[0ms     [Fsuperbatch [36m279[0m [[35m33.6[0m% ([36m256[0m/[36m763[0m batches, [36m1555996[0m pos/sec)]
Estimated time to end of superbatch: [36m42.9[0ms     [Fsuperbatch [36m279[0m [[35m50.3[0m% ([36m384[0m/[36m763[0m batches, [36m1582056[0m pos/sec)]
Estimated time to end of superbatch: [36m31.5[0ms     [Fsuperbatch [36m279[0m [[35m67.1[0m% ([36m512[0m/[36m763[0m batches, [36m1474570[0m pos/sec)]
Estimated time to end of superbatch: [36m22.4[0ms     [Fsuperbatch [36m279[0m [[35m83.9[0m% ([36m640[0m/[36m763[0m batches, [36m1478209[0m pos/sec)]
Estimated time to end of superbatch: [36m10.9[0ms     [Fsuperbatch [36m279[0m | time [36m66.1[0ms | running loss [36m0.018214[0m | [36m1513907[0m pos/sec | total time [36m18538.3[0ms
Estimated time remaining in training: [36m0[0mh [36m34[0mm [36m19[0ms
LR dropped to [36m0.00009767746[0m
superbatch [36m280[0m [[35m0.0[0m% ([36m0[0m/[36m763[0m batches, [36m2445329[0m pos/sec)]
Estimated time to end of superbatch: [36minf[0ms     [Fsuperbatch [36m280[0m [[35m16.8[0m% ([36m128[0m/[36m763[0m batches, [36m1649380[0m pos/sec)]
Estimated time to end of superbatch: [36m50.9[0ms     [Fsuperbatch [36m280[0m [[35m33.6[0m% ([36m256[0m/[36m763[0m batches, [36m1388175[0m pos/sec)]
Estimated time to end of superbatch: [36m48.1[0ms     [Fsuperbatch [36m280[0m [[35m50.3[0m% ([36m384[0m/[36m763[0m batches, [36m1385434[0m pos/sec)]
Estimated time to end of superbatch: [36m35.9[0ms     [Fsuperbatch [36m280[0m [[35m67.1[0m% ([36m512[0m/[36m763[0m batches, [36m1453061[0m pos/sec)]
Estimated time to end of superbatch: [36m22.7[0ms     [Fsuperbatch [36m280[0m [[35m83.9[0m% ([36m640[0m/[36m763[0m batches, [36m1485572[0m pos/sec)]
Estimated time to end of superbatch: [36m10.9[0ms     [Fsuperbatch [36m280[0m | time [36m69.6[0ms | running loss [36m0.018346[0m | [36m1437422[0m pos/sec | total time [36m18607.9[0ms
Estimated time remaining in training: [36m0[0mh [36m33[0mm [36m13[0ms
Saved [anna-v3-s1-280]
LR dropped to [36m0.000094454794[0m
superbatch [36m281[0m [[35m0.0[0m% ([36m0[0m/[36m763[0m batches, [36m2579174[0m pos/sec)]
Estimated time to end of superbatch: [36minf[0ms     [Fsuperbatch [36m281[0m [[35m16.8[0m% ([36m128[0m/[36m763[0m batches, [36m1705328[0m pos/sec)]
Estimated time to end of superbatch: [36m49.2[0ms     [Fsuperbatch [36m281[0m [[35m33.6[0m% ([36m256[0m/[36m763[0m batches, [36m1682527[0m pos/sec)]
Estimated time to end of superbatch: [36m39.7[0ms     [Fsuperbatch [36m281[0m [[35m50.3[0m% ([36m384[0m/[36m763[0m batches, [36m1680153[0m pos/sec)]
Estimated time to end of superbatch: [36m29.6[0ms     [Fsuperbatch [36m281[0m [[35m67.1[0m% ([36m512[0m/[36m763[0m batches, [36m1534971[0m pos/sec)]
Estimated time to end of superbatch: [36m21.5[0ms     [Fsuperbatch [36m281[0m [[35m83.9[0m% ([36m640[0m/[36m763[0m batches, [36m1511147[0m pos/sec)]
Estimated time to end of superbatch: [36m10.7[0ms     [Fsuperbatch [36m281[0m | time [36m65.1[0ms | running loss [36m0.018359[0m | [36m1535210[0m pos/sec | total time [36m18688.0[0ms
Estimated time remaining in training: [36m0[0mh [36m32[0mm [36m8[0ms
LR dropped to [36m0.00009123224[0m
superbatch [36m282[0m [[35m0.0[0m% ([36m0[0m/[36m763[0m batches, [36m1849791[0m pos/sec)]
Estimated time to end of superbatch: [36minf[0ms     [Fsuperbatch [36m282[0m [[35m16.8[0m% ([36m128[0m/[36m763[0m batches, [36m1603449[0m pos/sec)]
Estimated time to end of superbatch: [36m52.3[0ms     [Fsuperbatch [36m282[0m [[35m33.6[0m% ([36m256[0m/[36m763[0m batches, [36m1369542[0m pos/sec)]
Estimated time to end of superbatch: [36m48.7[0ms     [Fsuperbatch [36m282[0m [[35m50.3[0m% ([36m384[0m/[36m763[0m batches, [36m1378063[0m pos/sec)]
Estimated time to end of superbatch: [36m36.1[0ms     [Fsuperbatch [36m282[0m [[35m67.1[0m% ([36m512[0m/[36m763[0m batches, [36m1444826[0m pos/sec)]
Estimated time to end of superbatch: [36m22.8[0ms     [Fsuperbatch [36m282[0m [[35m83.9[0m% ([36m640[0m/[36m763[0m batches, [36m1470191[0m pos/sec)]
Estimated time to end of superbatch: [36m11.0[0ms     [Fsuperbatch [36m282[0m | time [36m70.8[0ms | running loss [36m0.018400[0m | [36m1412560[0m pos/sec | total time [36m18758.8[0ms
Estimated time remaining in training: [36m0[0mh [36m31[0mm [36m2[0ms
LR dropped to [36m0.00008800969[0m
superbatch [36m283[0m [[35m0.0[0m% ([36m0[0m/[36m763[0m batches, [36m1880354[0m pos/sec)]
Estimated time to end of superbatch: [36minf[0ms     [Fsuperbatch [36m283[0m [[35m16.8[0m% ([36m128[0m/[36m763[0m batches, [36m1449666[0m pos/sec)]
Estimated time to end of superbatch: [36m57.9[0ms     [Fsuperbatch [36m283[0m [[35m33.6[0m% ([36m256[0m/[36m763[0m batches, [36m1534533[0m pos/sec)]
Estimated time to end of superbatch: [36m43.5[0ms     [Fsuperbatch [36m283[0m [[35m50.3[0m% ([36m384[0m/[36m763[0m batches, [36m1561854[0m pos/sec)]
Estimated time to end of superbatch: [36m31.9[0ms     [Fsuperbatch [36m283[0m [[35m67.1[0m% ([36m512[0m/[36m763[0m batches, [36m1465766[0m pos/sec)]
Estimated time to end of superbatch: [36m22.5[0ms     [Fsuperbatch [36m283[0m [[35m83.9[0m% ([36m640[0m/[36m763[0m batches, [36m1444301[0m pos/sec)]
Estimated time to end of superbatch: [36m11.2[0ms     [Fsuperbatch [36m283[0m | time [36m67.6[0ms | running loss [36m0.018403[0m | [36m1478661[0m pos/sec | total time [36m18826.5[0ms
Estimated time remaining in training: [36m0[0mh [36m29[0mm [36m56[0ms
LR dropped to [36m0.00008478708[0m
superbatch [36m284[0m [[35m0.0[0m% ([36m0[0m/[36m763[0m batches, [36m2329622[0m pos/sec)]
Estimated time to end of superbatch: [36minf[0ms     [Fsuperbatch [36m284[0m [[35m16.8[0m% ([36m128[0m/[36m763[0m batches, [36m1718825[0m pos/sec)]
Estimated time to end of superbatch: [36m48.8[0ms     [Fsuperbatch [36m284[0m [[35m33.6[0m% ([36m256[0m/[36m763[0m batches, [36m1424245[0m pos/sec)]
Estimated time to end of superbatch: [36m46.8[0ms     [Fsuperbatch [36m284[0m [[35m50.3[0m% ([36m384[0m/[36m763[0m batches, [36m1392217[0m pos/sec)]
Estimated time to end of superbatch: [36m35.8[0ms     [Fsuperbatch [36m284[0m [[35m67.1[0m% ([36m512[0m/[36m763[0m batches, [36m1474338[0m pos/sec)]
Estimated time to end of superbatch: [36m22.4[0ms     [Fsuperbatch [36m284[0m [[35m83.9[0m% ([36m640[0m/[36m763[0m batches, [36m1506652[0m pos/sec)]
Estimated time to end of superbatch: [36m10.7[0ms     [Fsuperbatch [36m284[0m | time [36m68.4[0ms | running loss [36m0.018500[0m | [36m1461290[0m pos/sec | total time [36m18894.9[0ms
Estimated time remaining in training: [36m0[0mh [36m28[0mm [36m49[0ms
LR dropped to [36m0.00008156453[0m
superbatch [36m285[0m [[35m0.0[0m% ([36m0[0m/[36m763[0m batches, [36m1105214[0m pos/sec)]
Estimated time to end of superbatch: [36minf[0ms     [Fsuperbatch [36m285[0m [[35m16.8[0m% ([36m128[0m/[36m763[0m batches, [36m1321476[0m pos/sec)]
Estimated time to end of superbatch: [36m63.5[0ms     [Fsuperbatch [36m285[0m [[35m33.6[0m% ([36m256[0m/[36m763[0m batches, [36m1531228[0m pos/sec)]
Estimated time to end of superbatch: [36m43.6[0ms     [Fsuperbatch [36m285[0m [[35m50.3[0m% ([36m384[0m/[36m763[0m batches, [36m1583590[0m pos/sec)]
Estimated time to end of superbatch: [36m31.5[0ms     [Fsuperbatch [36m285[0m [[35m67.1[0m% ([36m512[0m/[36m763[0m batches, [36m1467926[0m pos/sec)]
Estimated time to end of superbatch: [36m22.5[0ms     [Fsuperbatch [36m285[0m [[35m83.9[0m% ([36m640[0m/[36m763[0m batches, [36m1454367[0m pos/sec)]
Estimated time to end of superbatch: [36m11.1[0ms     [Fsuperbatch [36m285[0m | time [36m66.7[0ms | running loss [36m0.018563[0m | [36m1498447[0m pos/sec | total time [36m18961.6[0ms
Estimated time remaining in training: [36m0[0mh [36m27[0mm [36m43[0ms
LR dropped to [36m0.000078341924[0m
superbatch [36m286[0m [[35m0.0[0m% ([36m0[0m/[36m763[0m batches, [36m2000052[0m pos/sec)]
Estimated time to end of superbatch: [36minf[0ms     [Fsuperbatch [36m286[0m [[35m16.8[0m% ([36m128[0m/[36m763[0m batches, [36m1700957[0m pos/sec)]
Estimated time to end of superbatch: [36m49.3[0ms     [Fsuperbatch [36m286[0m [[35m33.6[0m% ([36m256[0m/[36m763[0m batches, [36m1455368[0m pos/sec)]
Estimated time to end of superbatch: [36m45.8[0ms     [Fsuperbatch [36m286[0m [[35m50.3[0m% ([36m384[0m/[36m763[0m batches, [36m1420303[0m pos/sec)]
Estimated time to end of superbatch: [36m35.1[0ms     [Fsuperbatch [36m286[0m [[35m67.1[0m% ([36m512[0m/[36m763[0m batches, [36m1461460[0m pos/sec)]
Estimated time to end of superbatch: [36m22.6[0ms     [Fsuperbatch [36m286[0m [[35m83.9[0m% ([36m640[0m/[36m763[0m batches, [36m1501168[0m pos/sec)]
Estimated time to end of superbatch: [36m10.8[0ms     [Fsuperbatch [36m286[0m | time [36m68.4[0ms | running loss [36m0.018588[0m | [36m1461043[0m pos/sec | total time [36m19030.1[0ms
Estimated time remaining in training: [36m0[0mh [36m26[0mm [36m36[0ms
LR dropped to [36m0.00007511937[0m
superbatch [36m287[0m [[35m0.0[0m% ([36m0[0m/[36m763[0m batches, [36m785882[0m pos/sec)]
Estimated time to end of superbatch: [36minf[0ms     [Fsuperbatch [36m287[0m [[35m16.8[0m% ([36m128[0m/[36m763[0m batches, [36m1281693[0m pos/sec)]
Estimated time to end of superbatch: [36m65.4[0ms     [Fsuperbatch [36m287[0m [[35m33.6[0m% ([36m256[0m/[36m763[0m batches, [36m1419411[0m pos/sec)]
Estimated time to end of superbatch: [36m47.0[0ms     [Fsuperbatch [36m287[0m [[35m50.3[0m% ([36m384[0m/[36m763[0m batches, [36m1495003[0m pos/sec)]
Estimated time to end of superbatch: [36m33.3[0ms     [Fsuperbatch [36m287[0m [[35m67.1[0m% ([36m512[0m/[36m763[0m batches, [36m1431057[0m pos/sec)]
Estimated time to end of superbatch: [36m23.0[0ms     [Fsuperbatch [36m287[0m [[35m83.9[0m% ([36m640[0m/[36m763[0m batches, [36m1404733[0m pos/sec)]
Estimated time to end of superbatch: [36m11.5[0ms     [Fsuperbatch [36m287[0m | time [36m69.9[0ms | running loss [36m0.018606[0m | [36m1431287[0m pos/sec | total time [36m19100.0[0ms
Estimated time remaining in training: [36m0[0mh [36m25[0mm [36m30[0ms
LR dropped to [36m0.000071896764[0m
superbatch [36m288[0m [[35m0.0[0m% ([36m0[0m/[36m763[0m batches, [36m2321790[0m pos/sec)]
Estimated time to end of superbatch: [36minf[0ms     [Fsuperbatch [36m288[0m [[35m16.8[0m% ([36m128[0m/[36m763[0m batches, [36m1547275[0m pos/sec)]
Estimated time to end of superbatch: [36m54.2[0ms     [Fsuperbatch [36m288[0m [[35m33.6[0m% ([36m256[0m/[36m763[0m batches, [36m1434196[0m pos/sec)]
Estimated time to end of superbatch: [36m46.5[0ms     [Fsuperbatch [36m288[0m [[35m50.3[0m% ([36m384[0m/[36m763[0m batches, [36m1402103[0m pos/sec)]
Estimated time to end of superbatch: [36m35.5[0ms     [Fsuperbatch [36m288[0m [[35m67.1[0m% ([36m512[0m/[36m763[0m batches, [36m1468434[0m pos/sec)]
Estimated time to end of superbatch: [36m22.4[0ms     [Fsuperbatch [36m288[0m [[35m83.9[0m% ([36m640[0m/[36m763[0m batches, [36m1523985[0m pos/sec)]
Estimated time to end of superbatch: [36m10.6[0ms     [Fsuperbatch [36m288[0m | time [36m66.8[0ms | running loss [36m0.018693[0m | [36m1497669[0m pos/sec | total time [36m19166.8[0ms
Estimated time remaining in training: [36m0[0mh [36m24[0mm [36m24[0ms
LR dropped to [36m0.00006867421[0m
superbatch [36m289[0m [[35m0.0[0m% ([36m0[0m/[36m763[0m batches, [36m1867894[0m pos/sec)]
Estimated time to end of superbatch: [36minf[0ms     [Fsuperbatch [36m289[0m [[35m16.8[0m% ([36m128[0m/[36m763[0m batches, [36m1329326[0m pos/sec)]
Estimated time to end of superbatch: [36m63.1[0ms     [Fsuperbatch [36m289[0m [[35m33.6[0m% ([36m256[0m/[36m763[0m batches, [36m1467713[0m pos/sec)]
Estimated time to end of superbatch: [36m45.5[0ms     [Fsuperbatch [36m289[0m [[35m50.3[0m% ([36m384[0m/[36m763[0m batches, [36m1545286[0m pos/sec)]
Estimated time to end of superbatch: [36m32.2[0ms     [Fsuperbatch [36m289[0m [[35m67.1[0m% ([36m512[0m/[36m763[0m batches, [36m1474884[0m pos/sec)]
Estimated time to end of superbatch: [36m22.3[0ms     [Fsuperbatch [36m289[0m [[35m83.9[0m% ([36m640[0m/[36m763[0m batches, [36m1450857[0m pos/sec)]
Estimated time to end of superbatch: [36m11.1[0ms     [Fsuperbatch [36m289[0m | time [36m67.8[0ms | running loss [36m0.018903[0m | [36m1476122[0m pos/sec | total time [36m19234.5[0ms
Estimated time remaining in training: [36m0[0mh [36m23[0mm [36m17[0ms
LR dropped to [36m0.000065451604[0m
superbatch [36m290[0m [[35m0.0[0m% ([36m0[0m/[36m763[0m batches, [36m2134154[0m pos/sec)]
Estimated time to end of superbatch: [36minf[0ms     [Fsuperbatch [36m290[0m [[35m16.8[0m% ([36m128[0m/[36m763[0m batches, [36m1867124[0m pos/sec)]
Estimated time to end of superbatch: [36m44.9[0ms     [Fsuperbatch [36m290[0m [[35m33.6[0m% ([36m256[0m/[36m763[0m batches, [36m1534153[0m pos/sec)]
Estimated time to end of superbatch: [36m43.5[0ms     [Fsuperbatch [36m290[0m [[35m50.3[0m% ([36m384[0m/[36m763[0m batches, [36m1461547[0m pos/sec)]
Estimated time to end of superbatch: [36m34.1[0ms     [Fsuperbatch [36m290[0m [[35m67.1[0m% ([36m512[0m/[36m763[0m batches, [36m1509705[0m pos/sec)]
Estimated time to end of superbatch: [36m21.8[0ms     [Fsuperbatch [36m290[0m [[35m83.9[0m% ([36m640[0m/[36m763[0m batches, [36m1555828[0m pos/sec)]
Estimated time to end of superbatch: [36m10.4[0ms     [Fsuperbatch [36m290[0m | time [36m66.4[0ms | running loss [36m0.018924[0m | [36m1505150[0m pos/sec | total time [36m19301.0[0ms
Estimated time remaining in training: [36m0[0mh [36m22[0mm [36m11[0ms
LR dropped to [36m0.00006222905[0m
superbatch [36m291[0m [[35m0.0[0m% ([36m0[0m/[36m763[0m batches, [36m1444888[0m pos/sec)]
Estimated time to end of superbatch: [36minf[0ms     [Fsuperbatch [36m291[0m [[35m16.8[0m% ([36m128[0m/[36m763[0m batches, [36m1303553[0m pos/sec)]
Estimated time to end of superbatch: [36m64.3[0ms     [Fsuperbatch [36m291[0m [[35m33.6[0m% ([36m256[0m/[36m763[0m batches, [36m1481161[0m pos/sec)]
Estimated time to end of superbatch: [36m45.0[0ms     [Fsuperbatch [36m291[0m [[35m50.3[0m% ([36m384[0m/[36m763[0m batches, [36m1542171[0m pos/sec)]
Estimated time to end of superbatch: [36m32.3[0ms     [Fsuperbatch [36m291[0m [[35m67.1[0m% ([36m512[0m/[36m763[0m batches, [36m1509260[0m pos/sec)]
Estimated time to end of superbatch: [36m21.8[0ms     [Fsuperbatch [36m291[0m [[35m83.9[0m% ([36m640[0m/[36m763[0m batches, [36m1467721[0m pos/sec)]
Estimated time to end of superbatch: [36m11.0[0ms     [Fsuperbatch [36m291[0m | time [36m67.4[0ms | running loss [36m0.019007[0m | [36m1484700[0m pos/sec | total time [36m19368.3[0ms
Estimated time remaining in training: [36m0[0mh [36m21[0mm [36m4[0ms
LR dropped to [36m0.000059006445[0m
superbatch [36m292[0m [[35m0.0[0m% ([36m0[0m/[36m763[0m batches, [36m2158033[0m pos/sec)]
Estimated time to end of superbatch: [36minf[0ms     [Fsuperbatch [36m292[0m [[35m16.8[0m% ([36m128[0m/[36m763[0m batches, [36m1794654[0m pos/sec)]
Estimated time to end of superbatch: [36m46.7[0ms     [Fsuperbatch [36m292[0m [[35m33.6[0m% ([36m256[0m/[36m763[0m batches, [36m1607947[0m pos/sec)]
Estimated time to end of superbatch: [36m41.5[0ms     [Fsuperbatch [36m292[0m [[35m50.3[0m% ([36m384[0m/[36m763[0m batches, [36m1504389[0m pos/sec)]
Estimated time to end of superbatch: [36m33.1[0ms     [Fsuperbatch [36m292[0m [[35m67.1[0m% ([36m512[0m/[36m763[0m batches, [36m1544227[0m pos/sec)]
Estimated time to end of superbatch: [36m21.3[0ms     [Fsuperbatch [36m292[0m [[35m83.9[0m% ([36m640[0m/[36m763[0m batches, [36m1609906[0m pos/sec)]
Estimated time to end of superbatch: [36m10.0[0ms     [Fsuperbatch [36m292[0m | time [36m63.0[0ms | running loss [36m0.018988[0m | [36m1587424[0m pos/sec | total time [36m19431.3[0ms
Estimated time remaining in training: [36m0[0mh [36m19[0mm [36m57[0ms
LR dropped to [36m0.000055783894[0m
superbatch [36m293[0m [[35m0.0[0m% ([36m0[0m/[36m763[0m batches, [36m1872742[0m pos/sec)]
Estimated time to end of superbatch: [36minf[0ms     [Fsuperbatch [36m293[0m [[35m16.8[0m% ([36m128[0m/[36m763[0m batches, [36m1322928[0m pos/sec)]
Estimated time to end of superbatch: [36m63.4[0ms     [Fsuperbatch [36m293[0m [[35m33.6[0m% ([36m256[0m/[36m763[0m batches, [36m1511868[0m pos/sec)]
Estimated time to end of superbatch: [36m44.1[0ms     [Fsuperbatch [36m293[0m [[35m50.3[0m% ([36m384[0m/[36m763[0m batches, [36m1633733[0m pos/sec)]
Estimated time to end of superbatch: [36m30.5[0ms     [Fsuperbatch [36m293[0m [[35m67.1[0m% ([36m512[0m/[36m763[0m batches, [36m1603380[0m pos/sec)]
Estimated time to end of superbatch: [36m20.6[0ms     [Fsuperbatch [36m293[0m [[35m83.9[0m% ([36m640[0m/[36m763[0m batches, [36m1552671[0m pos/sec)]
Estimated time to end of superbatch: [36m10.4[0ms     [Fsuperbatch [36m293[0m | time [36m63.2[0ms | running loss [36m0.019052[0m | [36m1583607[0m pos/sec | total time [36m19494.5[0ms
Estimated time remaining in training: [36m0[0mh [36m18[0mm [36m51[0ms
LR dropped to [36m0.000052561285[0m
superbatch [36m294[0m [[35m0.0[0m% ([36m0[0m/[36m763[0m batches, [36m2246648[0m pos/sec)]
Estimated time to end of superbatch: [36minf[0ms     [Fsuperbatch [36m294[0m [[35m16.8[0m% ([36m128[0m/[36m763[0m batches, [36m1791617[0m pos/sec)]
Estimated time to end of superbatch: [36m46.8[0ms     [Fsuperbatch [36m294[0m [[35m33.6[0m% ([36m256[0m/[36m763[0m batches, [36m1565240[0m pos/sec)]
Estimated time to end of superbatch: [36m42.6[0ms     [Fsuperbatch [36m294[0m [[35m50.3[0m% ([36m384[0m/[36m763[0m batches, [36m1455765[0m pos/sec)]
Estimated time to end of superbatch: [36m34.2[0ms     [Fsuperbatch [36m294[0m [[35m67.1[0m% ([36m512[0m/[36m763[0m batches, [36m1500220[0m pos/sec)]
Estimated time to end of superbatch: [36m22.0[0ms     [Fsuperbatch [36m294[0m [[35m83.9[0m% ([36m640[0m/[36m763[0m batches, [36m1553424[0m pos/sec)]
Estimated time to end of superbatch: [36m10.4[0ms     [Fsuperbatch [36m294[0m | time [36m64.7[0ms | running loss [36m0.019075[0m | [36m1545735[0m pos/sec | total time [36m19559.2[0ms
Estimated time remaining in training: [36m0[0mh [36m17[0mm [36m44[0ms
LR dropped to [36m0.000049338734[0m
superbatch [36m295[0m [[35m0.0[0m% ([36m0[0m/[36m763[0m batches, [36m1637461[0m pos/sec)]
Estimated time to end of superbatch: [36minf[0ms     [Fsuperbatch [36m295[0m [[35m16.8[0m% ([36m128[0m/[36m763[0m batches, [36m1302534[0m pos/sec)]
Estimated time to end of superbatch: [36m64.4[0ms     [Fsuperbatch [36m295[0m [[35m33.6[0m% ([36m256[0m/[36m763[0m batches, [36m1487376[0m pos/sec)]
Estimated time to end of superbatch: [36m44.9[0ms     [Fsuperbatch [36m295[0m [[35m50.3[0m% ([36m384[0m/[36m763[0m batches, [36m1608895[0m pos/sec)]
Estimated time to end of superbatch: [36m31.0[0ms     [Fsuperbatch [36m295[0m [[35m67.1[0m% ([36m512[0m/[36m763[0m batches, [36m1582704[0m pos/sec)]
Estimated time to end of superbatch: [36m20.8[0ms     [Fsuperbatch [36m295[0m [[35m83.9[0m% ([36m640[0m/[36m763[0m batches, [36m1498359[0m pos/sec)]
Estimated time to end of superbatch: [36m10.8[0ms     [Fsuperbatch [36m295[0m | time [36m65.4[0ms | running loss [36m0.019149[0m | [36m1529149[0m pos/sec | total time [36m19624.6[0ms
Estimated time remaining in training: [36m0[0mh [36m16[0mm [36m37[0ms
LR dropped to [36m0.000046116184[0m
superbatch [36m296[0m [[35m0.0[0m% ([36m0[0m/[36m763[0m batches, [36m1719621[0m pos/sec)]
Estimated time to end of superbatch: [36minf[0ms     [Fsuperbatch [36m296[0m [[35m16.8[0m% ([36m128[0m/[36m763[0m batches, [36m1771318[0m pos/sec)]
Estimated time to end of superbatch: [36m47.4[0ms     [Fsuperbatch [36m296[0m [[35m33.6[0m% ([36m256[0m/[36m763[0m batches, [36m1603321[0m pos/sec)]
Estimated time to end of superbatch: [36m41.6[0ms     [Fsuperbatch [36m296[0m [[35m50.3[0m% ([36m384[0m/[36m763[0m batches, [36m1494767[0m pos/sec)]
Estimated time to end of superbatch: [36m33.3[0ms     [Fsuperbatch [36m296[0m [[35m67.1[0m% ([36m512[0m/[36m763[0m batches, [36m1538378[0m pos/sec)]
Estimated time to end of superbatch: [36m21.4[0ms     [Fsuperbatch [36m296[0m [[35m83.9[0m% ([36m640[0m/[36m763[0m batches, [36m1590970[0m pos/sec)]
Estimated time to end of superbatch: [36m10.1[0ms     [Fsuperbatch [36m296[0m | time [36m62.9[0ms | running loss [36m0.019138[0m | [36m1590893[0m pos/sec | total time [36m19687.4[0ms
Estimated time remaining in training: [36m0[0mh [36m15[0mm [36m31[0ms
LR dropped to [36m0.000042893575[0m
superbatch [36m297[0m [[35m0.0[0m% ([36m0[0m/[36m763[0m batches, [36m1736601[0m pos/sec)]
Estimated time to end of superbatch: [36minf[0ms     [Fsuperbatch [36m297[0m [[35m16.8[0m% ([36m128[0m/[36m763[0m batches, [36m1343348[0m pos/sec)]
Estimated time to end of superbatch: [36m62.4[0ms     [Fsuperbatch [36m297[0m [[35m33.6[0m% ([36m256[0m/[36m763[0m batches, [36m1508620[0m pos/sec)]
Estimated time to end of superbatch: [36m44.2[0ms     [Fsuperbatch [36m297[0m [[35m50.3[0m% ([36m384[0m/[36m763[0m batches, [36m1617404[0m pos/sec)]
Estimated time to end of superbatch: [36m30.8[0ms     [Fsuperbatch [36m297[0m [[35m67.1[0m% ([36m512[0m/[36m763[0m batches, [36m1611784[0m pos/sec)]
Estimated time to end of superbatch: [36m20.5[0ms     [Fsuperbatch [36m297[0m [[35m83.9[0m% ([36m640[0m/[36m763[0m batches, [36m1536322[0m pos/sec)]
Estimated time to end of superbatch: [36m10.5[0ms     [Fsuperbatch [36m297[0m | time [36m63.9[0ms | running loss [36m0.019267[0m | [36m1564293[0m pos/sec | total time [36m19751.4[0ms
Estimated time remaining in training: [36m0[0mh [36m14[0mm [36m24[0ms
LR dropped to [36m0.000039671024[0m
superbatch [36m298[0m [[35m0.0[0m% ([36m0[0m/[36m763[0m batches, [36m2201495[0m pos/sec)]
Estimated time to end of superbatch: [36minf[0ms     [Fsuperbatch [36m298[0m [[35m16.8[0m% ([36m128[0m/[36m763[0m batches, [36m1723921[0m pos/sec)]
Estimated time to end of superbatch: [36m48.7[0ms     [Fsuperbatch [36m298[0m [[35m33.6[0m% ([36m256[0m/[36m763[0m batches, [36m1629153[0m pos/sec)]
Estimated time to end of superbatch: [36m40.9[0ms     [Fsuperbatch [36m298[0m [[35m50.3[0m% ([36m384[0m/[36m763[0m batches, [36m1527759[0m pos/sec)]
Estimated time to end of superbatch: [36m32.6[0ms     [Fsuperbatch [36m298[0m [[35m67.1[0m% ([36m512[0m/[36m763[0m batches, [36m1561274[0m pos/sec)]
Estimated time to end of superbatch: [36m21.1[0ms     [Fsuperbatch [36m298[0m [[35m83.9[0m% ([36m640[0m/[36m763[0m batches, [36m1609147[0m pos/sec)]
Estimated time to end of superbatch: [36m10.0[0ms     [Fsuperbatch [36m298[0m | time [36m62.6[0ms | running loss [36m0.019279[0m | [36m1598162[0m pos/sec | total time [36m19813.9[0ms
Estimated time remaining in training: [36m0[0mh [36m13[0mm [36m17[0ms
LR dropped to [36m0.000036448415[0m
superbatch [36m299[0m [[35m0.0[0m% ([36m0[0m/[36m763[0m batches, [36m1797001[0m pos/sec)]
Estimated time to end of superbatch: [36minf[0ms     [Fsuperbatch [36m299[0m [[35m16.8[0m% ([36m128[0m/[36m763[0m batches, [36m1339353[0m pos/sec)]
Estimated time to end of superbatch: [36m62.6[0ms     [Fsuperbatch [36m299[0m [[35m33.6[0m% ([36m256[0m/[36m763[0m batches, [36m1485917[0m pos/sec)]
Estimated time to end of superbatch: [36m44.9[0ms     [Fsuperbatch [36m299[0m [[35m50.3[0m% ([36m384[0m/[36m763[0m batches, [36m1575639[0m pos/sec)]
Estimated time to end of superbatch: [36m31.6[0ms     [Fsuperbatch [36m299[0m [[35m67.1[0m% ([36m512[0m/[36m763[0m batches, [36m1610667[0m pos/sec)]
Estimated time to end of superbatch: [36m20.5[0ms     [Fsuperbatch [36m299[0m [[35m83.9[0m% ([36m640[0m/[36m763[0m batches, [36m1544708[0m pos/sec)]
Estimated time to end of superbatch: [36m10.5[0ms     [Fsuperbatch [36m299[0m | time [36m64.4[0ms | running loss [36m0.019381[0m | [36m1553914[0m pos/sec | total time [36m19878.3[0ms
Estimated time remaining in training: [36m0[0mh [36m12[0mm [36m11[0ms
LR dropped to [36m0.000033225864[0m
superbatch [36m300[0m [[35m0.0[0m% ([36m0[0m/[36m763[0m batches, [36m2103068[0m pos/sec)]
Estimated time to end of superbatch: [36minf[0ms     [Fsuperbatch [36m300[0m [[35m16.8[0m% ([36m128[0m/[36m763[0m batches, [36m1902708[0m pos/sec)]
Estimated time to end of superbatch: [36m44.1[0ms     [Fsuperbatch [36m300[0m [[35m33.6[0m% ([36m256[0m/[36m763[0m batches, [36m1749381[0m pos/sec)]
Estimated time to end of superbatch: [36m38.1[0ms     [Fsuperbatch [36m300[0m [[35m50.3[0m% ([36m384[0m/[36m763[0m batches, [36m1606288[0m pos/sec)]
Estimated time to end of superbatch: [36m31.0[0ms     [Fsuperbatch [36m300[0m [[35m67.1[0m% ([36m512[0m/[36m763[0m batches, [36m1613746[0m pos/sec)]
Estimated time to end of superbatch: [36m20.4[0ms     [Fsuperbatch [36m300[0m [[35m83.9[0m% ([36m640[0m/[36m763[0m batches, [36m1663414[0m pos/sec)]
Estimated time to end of superbatch: [36m9.7[0ms     [Fsuperbatch [36m300[0m | time [36m60.2[0ms | running loss [36m0.019365[0m | [36m1662116[0m pos/sec | total time [36m19938.5[0ms
Estimated time remaining in training: [36m0[0mh [36m11[0mm [36m4[0ms
Saved [anna-v3-s1-300]
LR dropped to [36m0.000030003197[0m
superbatch [36m301[0m [[35m0.0[0m% ([36m0[0m/[36m763[0m batches, [36m2125167[0m pos/sec)]
Estimated time to end of superbatch: [36minf[0ms     [Fsuperbatch [36m301[0m [[35m16.8[0m% ([36m128[0m/[36m763[0m batches, [36m1925864[0m pos/sec)]
Estimated time to end of superbatch: [36m43.6[0ms     [Fsuperbatch [36m301[0m [[35m33.6[0m% ([36m256[0m/[36m763[0m batches, [36m1916271[0m pos/sec)]
Estimated time to end of superbatch: [36m34.8[0ms     [Fsuperbatch [36m301[0m [[35m50.3[0m% ([36m384[0m/[36m763[0m batches, [36m1932832[0m pos/sec)]
Estimated time to end of superbatch: [36m25.8[0ms     [Fsuperbatch [36m301[0m [[35m67.1[0m% ([36m512[0m/[36m763[0m batches, [36m1921828[0m pos/sec)]
Estimated time to end of superbatch: [36m17.2[0ms     [Fsuperbatch [36m301[0m [[35m83.9[0m% ([36m640[0m/[36m763[0m batches, [36m1811553[0m pos/sec)]
Estimated time to end of superbatch: [36m8.9[0ms     [Fsuperbatch [36m301[0m | time [36m55.8[0ms | running loss [36m0.019479[0m | [36m1792052[0m pos/sec | total time [36m20010.6[0ms
Estimated time remaining in training: [36m0[0mh [36m9[0mm [36m58[0ms
LR dropped to [36m0.000026780646[0m
superbatch [36m302[0m [[35m0.0[0m% ([36m0[0m/[36m763[0m batches, [36m2025729[0m pos/sec)]
Estimated time to end of superbatch: [36minf[0ms     [Fsuperbatch [36m302[0m [[35m16.8[0m% ([36m128[0m/[36m763[0m batches, [36m1901016[0m pos/sec)]
Estimated time to end of superbatch: [36m44.1[0ms     [Fsuperbatch [36m302[0m [[35m33.6[0m% ([36m256[0m/[36m763[0m batches, [36m1821861[0m pos/sec)]
Estimated time to end of superbatch: [36m36.6[0ms     [Fsuperbatch [36m302[0m [[35m50.3[0m% ([36m384[0m/[36m763[0m batches, [36m1673544[0m pos/sec)]
Estimated time to end of superbatch: [36m29.8[0ms     [Fsuperbatch [36m302[0m [[35m67.1[0m% ([36m512[0m/[36m763[0m batches, [36m1668543[0m pos/sec)]
Estimated time to end of superbatch: [36m19.8[0ms     [Fsuperbatch [36m302[0m [[35m83.9[0m% ([36m640[0m/[36m763[0m batches, [36m1726364[0m pos/sec)]
Estimated time to end of superbatch: [36m9.4[0ms     [Fsuperbatch [36m302[0m | time [36m57.9[0ms | running loss [36m0.019493[0m | [36m1727235[0m pos/sec | total time [36m20068.5[0ms
Estimated time remaining in training: [36m0[0mh [36m8[0mm [36m51[0ms
LR dropped to [36m0.000023558037[0m
superbatch [36m303[0m [[35m0.0[0m% ([36m0[0m/[36m763[0m batches, [36m1558449[0m pos/sec)]
Estimated time to end of superbatch: [36minf[0ms     [Fsuperbatch [36m303[0m [[35m16.8[0m% ([36m128[0m/[36m763[0m batches, [36m1364788[0m pos/sec)]
Estimated time to end of superbatch: [36m61.5[0ms     [Fsuperbatch [36m303[0m [[35m33.6[0m% ([36m256[0m/[36m763[0m batches, [36m1495764[0m pos/sec)]
Estimated time to end of superbatch: [36m44.6[0ms     [Fsuperbatch [36m303[0m [[35m50.3[0m% ([36m384[0m/[36m763[0m batches, [36m1601887[0m pos/sec)]
Estimated time to end of superbatch: [36m31.1[0ms     [Fsuperbatch [36m303[0m [[35m67.1[0m% ([36m512[0m/[36m763[0m batches, [36m1639113[0m pos/sec)]
Estimated time to end of superbatch: [36m20.1[0ms     [Fsuperbatch [36m303[0m [[35m83.9[0m% ([36m640[0m/[36m763[0m batches, [36m1560940[0m pos/sec)]
Estimated time to end of superbatch: [36m10.3[0ms     [Fsuperbatch [36m303[0m | time [36m63.6[0ms | running loss [36m0.019576[0m | [36m1571404[0m pos/sec | total time [36m20132.1[0ms
Estimated time remaining in training: [36m0[0mh [36m7[0mm [36m45[0ms
LR dropped to [36m0.000020335428[0m
superbatch [36m304[0m [[35m0.0[0m% ([36m0[0m/[36m763[0m batches, [36m2156102[0m pos/sec)]
Estimated time to end of superbatch: [36minf[0ms     [Fsuperbatch [36m304[0m [[35m16.8[0m% ([36m128[0m/[36m763[0m batches, [36m1871044[0m pos/sec)]
Estimated time to end of superbatch: [36m44.8[0ms     [Fsuperbatch [36m304[0m [[35m33.6[0m% ([36m256[0m/[36m763[0m batches, [36m1778835[0m pos/sec)]
Estimated time to end of superbatch: [36m37.5[0ms     [Fsuperbatch [36m304[0m [[35m50.3[0m% ([36m384[0m/[36m763[0m batches, [36m1620304[0m pos/sec)]
Estimated time to end of superbatch: [36m30.7[0ms     [Fsuperbatch [36m304[0m [[35m67.1[0m% ([36m512[0m/[36m763[0m batches, [36m1606938[0m pos/sec)]
Estimated time to end of superbatch: [36m20.5[0ms     [Fsuperbatch [36m304[0m [[35m83.9[0m% ([36m640[0m/[36m763[0m batches, [36m1654379[0m pos/sec)]
Estimated time to end of superbatch: [36m9.8[0ms     [Fsuperbatch [36m304[0m | time [36m60.2[0ms | running loss [36m0.019579[0m | [36m1662062[0m pos/sec | total time [36m20192.3[0ms
Estimated time remaining in training: [36m0[0mh [36m6[0mm [36m38[0ms
LR dropped to [36m0.000017112936[0m
superbatch [36m305[0m [[35m0.0[0m% ([36m0[0m/[36m763[0m batches, [36m568832[0m pos/sec)]
Estimated time to end of superbatch: [36minf[0ms     [Fsuperbatch [36m305[0m [[35m16.8[0m% ([36m128[0m/[36m763[0m batches, [36m1282160[0m pos/sec)]
Estimated time to end of superbatch: [36m65.4[0ms     [Fsuperbatch [36m305[0m [[35m33.6[0m% ([36m256[0m/[36m763[0m batches, [36m1424826[0m pos/sec)]
Estimated time to end of superbatch: [36m46.8[0ms     [Fsuperbatch [36m305[0m [[35m50.3[0m% ([36m384[0m/[36m763[0m batches, [36m1534692[0m pos/sec)]
Estimated time to end of superbatch: [36m32.5[0ms     [Fsuperbatch [36m305[0m [[35m67.1[0m% ([36m512[0m/[36m763[0m batches, [36m1599358[0m pos/sec)]
Estimated time to end of superbatch: [36m20.6[0ms     [Fsuperbatch [36m305[0m [[35m83.9[0m% ([36m640[0m/[36m763[0m batches, [36m1542234[0m pos/sec)]
Estimated time to end of superbatch: [36m10.5[0ms     [Fsuperbatch [36m305[0m | time [36m64.1[0ms | running loss [36m0.019636[0m | [36m1560752[0m pos/sec | total time [36m20256.4[0ms
Estimated time remaining in training: [36m0[0mh [36m5[0mm [36m32[0ms
LR dropped to [36m0.000013890327[0m
superbatch [36m306[0m [[35m0.0[0m% ([36m0[0m/[36m763[0m batches, [36m1921625[0m pos/sec)]
Estimated time to end of superbatch: [36minf[0ms     [Fsuperbatch [36m306[0m [[35m16.8[0m% ([36m128[0m/[36m763[0m batches, [36m1918872[0m pos/sec)]
Estimated time to end of superbatch: [36m43.7[0ms     [Fsuperbatch [36m306[0m [[35m33.6[0m% ([36m256[0m/[36m763[0m batches, [36m1914202[0m pos/sec)]
Estimated time to end of superbatch: [36m34.9[0ms     [Fsuperbatch [36m306[0m [[35m50.3[0m% ([36m384[0m/[36m763[0m batches, [36m1705278[0m pos/sec)]
Estimated time to end of superbatch: [36m29.2[0ms     [Fsuperbatch [36m306[0m [[35m67.1[0m% ([36m512[0m/[36m763[0m batches, [36m1701082[0m pos/sec)]
Estimated time to end of superbatch: [36m19.4[0ms     [Fsuperbatch [36m306[0m [[35m83.9[0m% ([36m640[0m/[36m763[0m batches, [36m1723003[0m pos/sec)]
Estimated time to end of superbatch: [36m9.4[0ms     [Fsuperbatch [36m306[0m | time [36m57.1[0ms | running loss [36m0.019692[0m | [36m1751037[0m pos/sec | total time [36m20313.5[0ms
Estimated time remaining in training: [36m0[0mh [36m4[0mm [36m25[0ms
LR dropped to [36m0.000010667718[0m
superbatch [36m307[0m [[35m0.0[0m% ([36m0[0m/[36m763[0m batches, [36m1260714[0m pos/sec)]
Estimated time to end of superbatch: [36minf[0ms     [Fsuperbatch [36m307[0m [[35m16.8[0m% ([36m128[0m/[36m763[0m batches, [36m1341149[0m pos/sec)]
Estimated time to end of superbatch: [36m62.5[0ms     [Fsuperbatch [36m307[0m [[35m33.6[0m% ([36m256[0m/[36m763[0m batches, [36m1476692[0m pos/sec)]
Estimated time to end of superbatch: [36m45.2[0ms     [Fsuperbatch [36m307[0m [[35m50.3[0m% ([36m384[0m/[36m763[0m batches, [36m1627329[0m pos/sec)]
Estimated time to end of superbatch: [36m30.6[0ms     [Fsuperbatch [36m307[0m [[35m67.1[0m% ([36m512[0m/[36m763[0m batches, [36m1677784[0m pos/sec)]
Estimated time to end of superbatch: [36m19.6[0ms     [Fsuperbatch [36m307[0m [[35m83.9[0m% ([36m640[0m/[36m763[0m batches, [36m1591999[0m pos/sec)]
Estimated time to end of superbatch: [36m10.1[0ms     [Fsuperbatch [36m307[0m | time [36m61.9[0ms | running loss [36m0.019801[0m | [36m1615177[0m pos/sec | total time [36m20375.4[0ms
Estimated time remaining in training: [36m0[0mh [36m3[0mm [36m19[0ms
LR dropped to [36m0.000007445109[0m
superbatch [36m308[0m [[35m0.0[0m% ([36m0[0m/[36m763[0m batches, [36m1983964[0m pos/sec)]
Estimated time to end of superbatch: [36minf[0ms     [Fsuperbatch [36m308[0m [[35m16.8[0m% ([36m128[0m/[36m763[0m batches, [36m2125115[0m pos/sec)]
Estimated time to end of superbatch: [36m39.5[0ms     [Fsuperbatch [36m308[0m [[35m33.6[0m% ([36m256[0m/[36m763[0m batches, [36m2072096[0m pos/sec)]
Estimated time to end of superbatch: [36m32.2[0ms     [Fsuperbatch [36m308[0m [[35m50.3[0m% ([36m384[0m/[36m763[0m batches, [36m1780285[0m pos/sec)]
Estimated time to end of superbatch: [36m28.0[0ms     [Fsuperbatch [36m308[0m [[35m67.1[0m% ([36m512[0m/[36m763[0m batches, [36m1725164[0m pos/sec)]
Estimated time to end of superbatch: [36m19.1[0ms     [Fsuperbatch [36m308[0m [[35m83.9[0m% ([36m640[0m/[36m763[0m batches, [36m1729068[0m pos/sec)]
Estimated time to end of superbatch: [36m9.3[0ms     [Fsuperbatch [36m308[0m | time [36m56.8[0ms | running loss [36m0.019842[0m | [36m1761777[0m pos/sec | total time [36m20432.2[0ms
Estimated time remaining in training: [36m0[0mh [36m2[0mm [36m12[0ms
LR dropped to [36m0.0000042226166[0m
superbatch [36m309[0m [[35m0.0[0m% ([36m0[0m/[36m763[0m batches, [36m2029158[0m pos/sec)]
Estimated time to end of superbatch: [36minf[0ms     [Fsuperbatch [36m309[0m [[35m16.8[0m% ([36m128[0m/[36m763[0m batches, [36m1467010[0m pos/sec)]
Estimated time to end of superbatch: [36m57.2[0ms     [Fsuperbatch [36m309[0m [[35m33.6[0m% ([36m256[0m/[36m763[0m batches, [36m1549395[0m pos/sec)]
Estimated time to end of superbatch: [36m43.1[0ms     [Fsuperbatch [36m309[0m [[35m50.3[0m% ([36m384[0m/[36m763[0m batches, [36m1663537[0m pos/sec)]
Estimated time to end of superbatch: [36m29.9[0ms     [Fsuperbatch [36m309[0m [[35m67.1[0m% ([36m512[0m/[36m763[0m batches, [36m1734528[0m pos/sec)]
Estimated time to end of superbatch: [36m19.0[0ms     [Fsuperbatch [36m309[0m [[35m83.9[0m% ([36m640[0m/[36m763[0m batches, [36m1665881[0m pos/sec)]
Estimated time to end of superbatch: [36m9.7[0ms     [Fsuperbatch [36m309[0m | time [36m60.2[0ms | running loss [36m0.019957[0m | [36m1662407[0m pos/sec | total time [36m20492.3[0ms
Estimated time remaining in training: [36m0[0mh [36m1[0mm [36m6[0ms
LR dropped to [36m0.000001[0m
superbatch [36m310[0m [[35m0.0[0m% ([36m0[0m/[36m763[0m batches, [36m1233164[0m pos/sec)]
Estimated time to end of superbatch: [36minf[0ms     [Fsuperbatch [36m310[0m [[35m16.8[0m% ([36m128[0m/[36m763[0m batches, [36m1949553[0m pos/sec)]
Estimated time to end of superbatch: [36m43.0[0ms     [Fsuperbatch [36m310[0m [[35m33.6[0m% ([36m256[0m/[36m763[0m batches, [36m1960935[0m pos/sec)]
Estimated time to end of superbatch: [36m34.0[0ms     [Fsuperbatch [36m310[0m [[35m50.3[0m% ([36m384[0m/[36m763[0m batches, [36m1777913[0m pos/sec)]
Estimated time to end of superbatch: [36m28.0[0ms     [Fsuperbatch [36m310[0m [[35m67.1[0m% ([36m512[0m/[36m763[0m batches, [36m1740873[0m pos/sec)]
Estimated time to end of superbatch: [36m18.9[0ms     [Fsuperbatch [36m310[0m [[35m83.9[0m% ([36m640[0m/[36m763[0m batches, [36m1782784[0m pos/sec)]
Estimated time to end of superbatch: [36m9.1[0ms     [Fsuperbatch [36m310[0m | time [36m57.0[0ms | running loss [36m0.019993[0m | [36m1755482[0m pos/sec | total time [36m20549.3[0ms
Estimated time remaining in training: [36m0[0mh [36m0[0mm [36m0[0ms
Saved [anna-v3-s1-310]
Total Training Time: [36m5[0mh [36m42[0mm [36m40[0ms
[34;1mTraining on NVIDIA GeForce RTX 4090 (sm_89)[0m
superbatch [36m1[0m [[35m0.0[0m% ([36m0[0m/[36m763[0m batches, [36m1895860[0m pos/sec)]
Estimated time to end of superbatch: [36minf[0ms     [Fsuperbatch [36m1[0m [[35m16.8[0m% ([36m128[0m/[36m763[0m batches, [36m1906354[0m pos/sec)]
Estimated time to end of superbatch: [36m44.0[0ms     [Fsuperbatch [36m1[0m [[35m33.6[0m% ([36m256[0m/[36m763[0m batches, [36m2004365[0m pos/sec)]
Estimated time to end of superbatch: [36m33.3[0ms     [Fsuperbatch [36m1[0m [[35m50.3[0m% ([36m384[0m/[36m763[0m batches, [36m1983012[0m pos/sec)]
Estimated time to end of superbatch: [36m25.1[0ms     [Fsuperbatch [36m1[0m [[35m67.1[0m% ([36m512[0m/[36m763[0m batches, [36m1990754[0m pos/sec)]
Estimated time to end of superbatch: [36m16.6[0ms     [Fsuperbatch [36m1[0m [[35m83.9[0m% ([36m640[0m/[36m763[0m batches, [36m1877657[0m pos/sec)]
Estimated time to end of superbatch: [36m8.6[0ms     [Fsuperbatch [36m1[0m | time [36m54.3[0ms | running loss [36m0.059410[0m | [36m1841413[0m pos/sec | total time [36m88.8[0ms
Estimated time remaining in training: [36m0[0mh [36m42[0mm [36m54[0ms
LR dropped to [36m0.000009339999[0m
superbatch [36m2[0m [[35m0.0[0m% ([36m0[0m/[36m763[0m batches, [36m1955886[0m pos/sec)]
Estimated time to end of superbatch: [36minf[0ms     [Fsuperbatch [36m2[0m [[35m16.8[0m% ([36m128[0m/[36m763[0m batches, [36m1997049[0m pos/sec)]
Estimated time to end of superbatch: [36m42.0[0ms     [Fsuperbatch [36m2[0m [[35m33.6[0m% ([36m256[0m/[36m763[0m batches, [36m2042398[0m pos/sec)]
Estimated time to end of superbatch: [36m32.7[0ms     [Fsuperbatch [36m2[0m [[35m50.3[0m% ([36m384[0m/[36m763[0m batches, [36m1858412[0m pos/sec)]
Estimated time to end of superbatch: [36m26.8[0ms     [Fsuperbatch [36m2[0m [[35m67.1[0m% ([36m512[0m/[36m763[0m batches, [36m1783328[0m pos/sec)]
Estimated time to end of superbatch: [36m18.5[0ms     [Fsuperbatch [36m2[0m [[35m83.9[0m% ([36m640[0m/[36m763[0m batches, [36m1844803[0m pos/sec)]
Estimated time to end of superbatch: [36m8.8[0ms     [Fsuperbatch [36m2[0m | time [36m53.4[0ms | running loss [36m0.059343[0m | [36m1872317[0m pos/sec | total time [36m142.2[0ms
Estimated time remaining in training: [36m0[0mh [36m33[0mm [36m10[0ms
LR dropped to [36m0.00000901[0m
superbatch [36m3[0m [[35m0.0[0m% ([36m0[0m/[36m763[0m batches, [36m2046843[0m pos/sec)]
Estimated time to end of superbatch: [36minf[0ms     [Fsuperbatch [36m3[0m [[35m16.8[0m% ([36m128[0m/[36m763[0m batches, [36m1609442[0m pos/sec)]
Estimated time to end of superbatch: [36m52.1[0ms     [Fsuperbatch [36m3[0m [[35m33.6[0m% ([36m256[0m/[36m763[0m batches, [36m1646650[0m pos/sec)]
Estimated time to end of superbatch: [36m40.5[0ms     [Fsuperbatch [36m3[0m [[35m50.3[0m% ([36m384[0m/[36m763[0m batches, [36m1764474[0m pos/sec)]
Estimated time to end of superbatch: [36m28.2[0ms     [Fsuperbatch [36m3[0m [[35m67.1[0m% ([36m512[0m/[36m763[0m batches, [36m1829651[0m pos/sec)]
Estimated time to end of superbatch: [36m18.0[0ms     [Fsuperbatch [36m3[0m [[35m83.9[0m% ([36m640[0m/[36m763[0m batches, [36m1770118[0m pos/sec)]
Estimated time to end of superbatch: [36m9.1[0ms     [Fsuperbatch [36m3[0m | time [36m56.8[0ms | running loss [36m0.059413[0m | [36m1761883[0m pos/sec | total time [36m198.9[0ms
Estimated time remaining in training: [36m0[0mh [36m29[0mm [36m50[0ms
LR dropped to [36m0.00000868[0m
superbatch [36m4[0m [[35m0.0[0m% ([36m0[0m/[36m763[0m batches, [36m1811813[0m pos/sec)]
Estimated time to end of superbatch: [36minf[0ms     [Fsuperbatch [36m4[0m [[35m16.8[0m% ([36m128[0m/[36m763[0m batches, [36m1797282[0m pos/sec)]
Estimated time to end of superbatch: [36m46.7[0ms     [Fsuperbatch [36m4[0m [[35m33.6[0m% ([36m256[0m/[36m763[0m batches, [36m1904753[0m pos/sec)]
Estimated time to end of superbatch: [36m35.0[0ms     [Fsuperbatch [36m4[0m [[35m50.3[0m% ([36m384[0m/[36m763[0m batches, [36m1826781[0m pos/sec)]
Estimated time to end of superbatch: [36m27.3[0ms     [Fsuperbatch [36m4[0m [[35m67.1[0m% ([36m512[0m/[36m763[0m batches, [36m1797669[0m pos/sec)]
Estimated time to end of superbatch: [36m18.3[0ms     [Fsuperbatch [36m4[0m [[35m83.9[0m% ([36m640[0m/[36m763[0m batches, [36m1847608[0m pos/sec)]
Estimated time to end of superbatch: [36m8.7[0ms     [Fsuperbatch [36m4[0m | time [36m53.2[0ms | running loss [36m0.059280[0m | [36m1880162[0m pos/sec | total time [36m252.1[0ms
Estimated time remaining in training: [36m0[0mh [36m27[0mm [36m18[0ms
LR dropped to [36m0.00000835[0m
superbatch [36m5[0m [[35m0.0[0m% ([36m0[0m/[36m763[0m batches, [36m2049593[0m pos/sec)]
Estimated time to end of superbatch: [36minf[0ms     [Fsuperbatch [36m5[0m [[35m16.8[0m% ([36m128[0m/[36m763[0m batches, [36m1643955[0m pos/sec)]
Estimated time to end of superbatch: [36m51.0[0ms     [Fsuperbatch [36m5[0m [[35m33.6[0m% ([36m256[0m/[36m763[0m batches, [36m1683696[0m pos/sec)]
Estimated time to end of superbatch: [36m39.6[0ms     [Fsuperbatch [36m5[0m [[35m50.3[0m% ([36m384[0m/[36m763[0m batches, [36m1768409[0m pos/sec)]
Estimated time to end of superbatch: [36m28.2[0ms     [Fsuperbatch [36m5[0m [[35m67.1[0m% ([36m512[0m/[36m763[0m batches, [36m1852548[0m pos/sec)]
Estimated time to end of superbatch: [36m17.8[0ms     [Fsuperbatch [36m5[0m [[35m83.9[0m% ([36m640[0m/[36m763[0m batches, [36m1806906[0m pos/sec)]
Estimated time to end of superbatch: [36m8.9[0ms     [Fsuperbatch [36m5[0m | time [36m56.0[0ms | running loss [36m0.059212[0m | [36m1786178[0m pos/sec | total time [36m308.1[0ms
Estimated time remaining in training: [36m0[0mh [36m25[0mm [36m40[0ms
LR dropped to [36m0.00000802[0m
superbatch [36m6[0m [[35m0.0[0m% ([36m0[0m/[36m763[0m batches, [36m2168514[0m pos/sec)]
Estimated time to end of superbatch: [36minf[0ms     [Fsuperbatch [36m6[0m [[35m16.8[0m% ([36m128[0m/[36m763[0m batches, [36m2056319[0m pos/sec)]
Estimated time to end of superbatch: [36m40.8[0ms     [Fsuperbatch [36m6[0m [[35m33.6[0m% ([36m256[0m/[36m763[0m batches, [36m2115267[0m pos/sec)]
Estimated time to end of superbatch: [36m31.5[0ms     [Fsuperbatch [36m6[0m [[35m50.3[0m% ([36m384[0m/[36m763[0m batches, [36m1921853[0m pos/sec)]
Estimated time to end of superbatch: [36m25.9[0ms     [Fsuperbatch [36m6[0m [[35m67.1[0m% ([36m512[0m/[36m763[0m batches, [36m1843440[0m pos/sec)]
Estimated time to end of superbatch: [36m17.9[0ms     [Fsuperbatch [36m6[0m [[35m83.9[0m% ([36m640[0m/[36m763[0m batches, [36m1875943[0m pos/sec)]
Estimated time to end of superbatch: [36m8.6[0ms     [Fsuperbatch [36m6[0m | time [36m53.1[0ms | running loss [36m0.059230[0m | [36m1884941[0m pos/sec | total time [36m361.2[0ms
Estimated time remaining in training: [36m0[0mh [36m24[0mm [36m4[0ms
LR dropped to [36m0.00000769[0m
superbatch [36m7[0m [[35m0.0[0m% ([36m0[0m/[36m763[0m batches, [36m2493548[0m pos/sec)]
Estimated time to end of superbatch: [36minf[0ms     [Fsuperbatch [36m7[0m [[35m16.8[0m% ([36m128[0m/[36m763[0m batches, [36m1731685[0m pos/sec)]
Estimated time to end of superbatch: [36m48.4[0ms     [Fsuperbatch [36m7[0m [[35m33.6[0m% ([36m256[0m/[36m763[0m batches, [36m1701678[0m pos/sec)]
Estimated time to end of superbatch: [36m39.2[0ms     [Fsuperbatch [36m7[0m [[35m50.3[0m% ([36m384[0m/[36m763[0m batches, [36m1780458[0m pos/sec)]
Estimated time to end of superbatch: [36m28.0[0ms     [Fsuperbatch [36m7[0m [[35m67.1[0m% ([36m512[0m/[36m763[0m batches, [36m1825142[0m pos/sec)]
Estimated time to end of superbatch: [36m18.1[0ms     [Fsuperbatch [36m7[0m [[35m83.9[0m% ([36m640[0m/[36m763[0m batches, [36m1807610[0m pos/sec)]
Estimated time to end of superbatch: [36m8.9[0ms     [Fsuperbatch [36m7[0m | time [36m56.4[0ms | running loss [36m0.059137[0m | [36m1773983[0m pos/sec | total time [36m417.6[0ms
Estimated time remaining in training: [36m0[0mh [36m22[0mm [36m51[0ms
LR dropped to [36m0.0000073599995[0m
superbatch [36m8[0m [[35m0.0[0m% ([36m0[0m/[36m763[0m batches, [36m1641457[0m pos/sec)]
Estimated time to end of superbatch: [36minf[0ms     [Fsuperbatch [36m8[0m [[35m16.8[0m% ([36m128[0m/[36m763[0m batches, [36m2003708[0m pos/sec)]
Estimated time to end of superbatch: [36m41.9[0ms     [Fsuperbatch [36m8[0m [[35m33.6[0m% ([36m256[0m/[36m763[0m batches, [36m2014499[0m pos/sec)]
Estimated time to end of superbatch: [36m33.1[0ms     [Fsuperbatch [36m8[0m [[35m50.3[0m% ([36m384[0m/[36m763[0m batches, [36m1897238[0m pos/sec)]
Estimated time to end of superbatch: [36m26.3[0ms     [Fsuperbatch [36m8[0m [[35m67.1[0m% ([36m512[0m/[36m763[0m batches, [36m1832252[0m pos/sec)]
Estimated time to end of superbatch: [36m18.0[0ms     [Fsuperbatch [36m8[0m [[35m83.9[0m% ([36m640[0m/[36m763[0m batches, [36m1855464[0m pos/sec)]
Estimated time to end of superbatch: [36m8.7[0ms     [Fsuperbatch [36m8[0m | time [36m53.1[0ms | running loss [36m0.059137[0m | [36m1881944[0m pos/sec | total time [36m470.7[0ms
Estimated time remaining in training: [36m0[0mh [36m21[0mm [36m34[0ms
LR dropped to [36m0.0000070299993[0m
superbatch [36m9[0m [[35m0.0[0m% ([36m0[0m/[36m763[0m batches, [36m2221118[0m pos/sec)]
Estimated time to end of superbatch: [36minf[0ms     [Fsuperbatch [36m9[0m [[35m16.8[0m% ([36m128[0m/[36m763[0m batches, [36m1723831[0m pos/sec)]
Estimated time to end of superbatch: [36m48.7[0ms     [Fsuperbatch [36m9[0m [[35m33.6[0m% ([36m256[0m/[36m763[0m batches, [36m1721176[0m pos/sec)]
Estimated time to end of superbatch: [36m38.8[0ms     [Fsuperbatch [36m9[0m [[35m50.3[0m% ([36m384[0m/[36m763[0m batches, [36m1834644[0m pos/sec)]
Estimated time to end of superbatch: [36m27.1[0ms     [Fsuperbatch [36m9[0m [[35m67.1[0m% ([36m512[0m/[36m763[0m batches, [36m1889204[0m pos/sec)]
Estimated time to end of superbatch: [36m17.4[0ms     [Fsuperbatch [36m9[0m [[35m83.9[0m% ([36m640[0m/[36m763[0m batches, [36m1848099[0m pos/sec)]
Estimated time to end of superbatch: [36m8.7[0ms     [Fsuperbatch [36m9[0m | time [36m55.5[0ms | running loss [36m0.059259[0m | [36m1803536[0m pos/sec | total time [36m526.2[0ms
Estimated time remaining in training: [36m0[0mh [36m20[0mm [36m27[0ms
LR dropped to [36m0.0000066999996[0m
superbatch [36m10[0m [[35m0.0[0m% ([36m0[0m/[36m763[0m batches, [36m1568001[0m pos/sec)]
Estimated time to end of superbatch: [36minf[0ms     [Fsuperbatch [36m10[0m [[35m16.8[0m% ([36m128[0m/[36m763[0m batches, [36m1931965[0m pos/sec)]
Estimated time to end of superbatch: [36m43.4[0ms     [Fsuperbatch [36m10[0m [[35m33.6[0m% ([36m256[0m/[36m763[0m batches, [36m1972157[0m pos/sec)]
Estimated time to end of superbatch: [36m33.8[0ms     [Fsuperbatch [36m10[0m [[35m50.3[0m% ([36m384[0m/[36m763[0m batches, [36m1878909[0m pos/sec)]
Estimated time to end of superbatch: [36m26.5[0ms     [Fsuperbatch [36m10[0m [[35m67.1[0m% ([36m512[0m/[36m763[0m batches, [36m1817859[0m pos/sec)]
Estimated time to end of superbatch: [36m18.1[0ms     [Fsuperbatch [36m10[0m [[35m83.9[0m% ([36m640[0m/[36m763[0m batches, [36m1860166[0m pos/sec)]
Estimated time to end of superbatch: [36m8.7[0ms     [Fsuperbatch [36m10[0m | time [36m53.0[0ms | running loss [36m0.059224[0m | [36m1885811[0m pos/sec | total time [36m579.2[0ms
Estimated time remaining in training: [36m0[0mh [36m19[0mm [36m18[0ms
LR dropped to [36m0.00000637[0m
superbatch [36m11[0m [[35m0.0[0m% ([36m0[0m/[36m763[0m batches, [36m1924456[0m pos/sec)]
Estimated time to end of superbatch: [36minf[0ms     [Fsuperbatch [36m11[0m [[35m16.8[0m% ([36m128[0m/[36m763[0m batches, [36m1663137[0m pos/sec)]
Estimated time to end of superbatch: [36m50.4[0ms     [Fsuperbatch [36m11[0m [[35m33.6[0m% ([36m256[0m/[36m763[0m batches, [36m1669614[0m pos/sec)]
Estimated time to end of superbatch: [36m40.0[0ms     [Fsuperbatch [36m11[0m [[35m50.3[0m% ([36m384[0m/[36m763[0m batches, [36m1772800[0m pos/sec)]
Estimated time to end of superbatch: [36m28.1[0ms     [Fsuperbatch [36m11[0m [[35m67.1[0m% ([36m512[0m/[36m763[0m batches, [36m1846050[0m pos/sec)]
Estimated time to end of superbatch: [36m17.9[0ms     [Fsuperbatch [36m11[0m [[35m83.9[0m% ([36m640[0m/[36m763[0m batches, [36m1805370[0m pos/sec)]
Estimated time to end of superbatch: [36m8.9[0ms     [Fsuperbatch [36m11[0m | time [36m56.2[0ms | running loss [36m0.059306[0m | [36m1781003[0m pos/sec | total time [36m635.3[0ms
Estimated time remaining in training: [36m0[0mh [36m18[0mm [36m17[0ms
LR dropped to [36m0.00000604[0m
superbatch [36m12[0m [[35m0.0[0m% ([36m0[0m/[36m763[0m batches, [36m2017745[0m pos/sec)]
Estimated time to end of superbatch: [36minf[0ms     [Fsuperbatch [36m12[0m [[35m16.8[0m% ([36m128[0m/[36m763[0m batches, [36m1969094[0m pos/sec)]
Estimated time to end of superbatch: [36m42.6[0ms     [Fsuperbatch [36m12[0m [[35m33.6[0m% ([36m256[0m/[36m763[0m batches, [36m2034322[0m pos/sec)]
Estimated time to end of superbatch: [36m32.8[0ms     [Fsuperbatch [36m12[0m [[35m50.3[0m% ([36m384[0m/[36m763[0m batches, [36m1930338[0m pos/sec)]
Estimated time to end of superbatch: [36m25.8[0ms     [Fsuperbatch [36m12[0m [[35m67.1[0m% ([36m512[0m/[36m763[0m batches, [36m1842049[0m pos/sec)]
Estimated time to end of superbatch: [36m17.9[0ms     [Fsuperbatch [36m12[0m [[35m83.9[0m% ([36m640[0m/[36m763[0m batches, [36m1871644[0m pos/sec)]
Estimated time to end of superbatch: [36m8.6[0ms     [Fsuperbatch [36m12[0m | time [36m52.5[0ms | running loss [36m0.059268[0m | [36m1905748[0m pos/sec | total time [36m687.8[0ms
Estimated time remaining in training: [36m0[0mh [36m17[0mm [36m11[0ms
LR dropped to [36m0.0000057099996[0m
superbatch [36m13[0m [[35m0.0[0m% ([36m0[0m/[36m763[0m batches, [36m2146550[0m pos/sec)]
Estimated time to end of superbatch: [36minf[0ms     [Fsuperbatch [36m13[0m [[35m16.8[0m% ([36m128[0m/[36m763[0m batches, [36m1812498[0m pos/sec)]
Estimated time to end of superbatch: [36m46.3[0ms     [Fsuperbatch [36m13[0m [[35m33.6[0m% ([36m256[0m/[36m763[0m batches, [36m1714666[0m pos/sec)]
Estimated time to end of superbatch: [36m38.9[0ms     [Fsuperbatch [36m13[0m [[35m50.3[0m% ([36m384[0m/[36m763[0m batches, [36m1760580[0m pos/sec)]
Estimated time to end of superbatch: [36m28.3[0ms     [Fsuperbatch [36m13[0m [[35m67.1[0m% ([36m512[0m/[36m763[0m batches, [36m1840172[0m pos/sec)]
Estimated time to end of superbatch: [36m17.9[0ms     [Fsuperbatch [36m13[0m [[35m83.9[0m% ([36m640[0m/[36m763[0m batches, [36m1838529[0m pos/sec)]
Estimated time to end of superbatch: [36m8.8[0ms     [Fsuperbatch [36m13[0m | time [36m55.4[0ms | running loss [36m0.059347[0m | [36m1803659[0m pos/sec | total time [36m743.3[0ms
Estimated time remaining in training: [36m0[0mh [36m16[0mm [36m11[0ms
LR dropped to [36m0.00000538[0m
superbatch [36m14[0m [[35m0.0[0m% ([36m0[0m/[36m763[0m batches, [36m2141894[0m pos/sec)]
Estimated time to end of superbatch: [36minf[0ms     [Fsuperbatch [36m14[0m [[35m16.8[0m% ([36m128[0m/[36m763[0m batches, [36m2061056[0m pos/sec)]
Estimated time to end of superbatch: [36m40.7[0ms     [Fsuperbatch [36m14[0m [[35m33.6[0m% ([36m256[0m/[36m763[0m batches, [36m2063965[0m pos/sec)]
Estimated time to end of superbatch: [36m32.3[0ms     [Fsuperbatch [36m14[0m [[35m50.3[0m% ([36m384[0m/[36m763[0m batches, [36m1983739[0m pos/sec)]
Estimated time to end of superbatch: [36m25.1[0ms     [Fsuperbatch [36m14[0m [[35m67.1[0m% ([36m512[0m/[36m763[0m batches, [36m1869249[0m pos/sec)]
Estimated time to end of superbatch: [36m17.6[0ms     [Fsuperbatch [36m14[0m [[35m83.9[0m% ([36m640[0m/[36m763[0m batches, [36m1884717[0m pos/sec)]
Estimated time to end of superbatch: [36m8.6[0ms     [Fsuperbatch [36m14[0m | time [36m52.2[0ms | running loss [36m0.059344[0m | [36m1916849[0m pos/sec | total time [36m795.4[0ms
Estimated time remaining in training: [36m0[0mh [36m15[0mm [36m9[0ms
LR dropped to [36m0.00000505[0m
superbatch [36m15[0m [[35m0.0[0m% ([36m0[0m/[36m763[0m batches, [36m2029699[0m pos/sec)]
Estimated time to end of superbatch: [36minf[0ms     [Fsuperbatch [36m15[0m [[35m16.8[0m% ([36m128[0m/[36m763[0m batches, [36m1832341[0m pos/sec)]
Estimated time to end of superbatch: [36m45.8[0ms     [Fsuperbatch [36m15[0m [[35m33.6[0m% ([36m256[0m/[36m763[0m batches, [36m1694341[0m pos/sec)]
Estimated time to end of superbatch: [36m39.4[0ms     [Fsuperbatch [36m15[0m [[35m50.3[0m% ([36m384[0m/[36m763[0m batches, [36m1800954[0m pos/sec)]
Estimated time to end of superbatch: [36m27.7[0ms     [Fsuperbatch [36m15[0m [[35m67.1[0m% ([36m512[0m/[36m763[0m batches, [36m1858212[0m pos/sec)]
Estimated time to end of superbatch: [36m17.7[0ms     [Fsuperbatch [36m15[0m [[35m83.9[0m% ([36m640[0m/[36m763[0m batches, [36m1848072[0m pos/sec)]
Estimated time to end of superbatch: [36m8.7[0ms     [Fsuperbatch [36m15[0m | time [36m55.4[0ms | running loss [36m0.059375[0m | [36m1804030[0m pos/sec | total time [36m850.9[0ms
Estimated time remaining in training: [36m0[0mh [36m14[0mm [36m10[0ms
LR dropped to [36m0.0000047199997[0m
superbatch [36m16[0m [[35m0.0[0m% ([36m0[0m/[36m763[0m batches, [36m2187352[0m pos/sec)]
Estimated time to end of superbatch: [36minf[0ms     [Fsuperbatch [36m16[0m [[35m16.8[0m% ([36m128[0m/[36m763[0m batches, [36m2025239[0m pos/sec)]
Estimated time to end of superbatch: [36m41.4[0ms     [Fsuperbatch [36m16[0m [[35m33.6[0m% ([36m256[0m/[36m763[0m batches, [36m1964548[0m pos/sec)]
Estimated time to end of superbatch: [36m34.0[0ms     [Fsuperbatch [36m16[0m [[35m50.3[0m% ([36m384[0m/[36m763[0m batches, [36m1913020[0m pos/sec)]
Estimated time to end of superbatch: [36m26.0[0ms     [Fsuperbatch [36m16[0m [[35m67.1[0m% ([36m512[0m/[36m763[0m batches, [36m1823093[0m pos/sec)]
Estimated time to end of superbatch: [36m18.1[0ms     [Fsuperbatch [36m16[0m [[35m83.9[0m% ([36m640[0m/[36m763[0m batches, [36m1853363[0m pos/sec)]
Estimated time to end of superbatch: [36m8.7[0ms     [Fsuperbatch [36m16[0m | time [36m53.0[0ms | running loss [36m0.059305[0m | [36m1885690[0m pos/sec | total time [36m903.9[0ms
Estimated time remaining in training: [36m0[0mh [36m13[0mm [36m10[0ms
LR dropped to [36m0.00000439[0m
superbatch [36m17[0m [[35m0.0[0m% ([36m0[0m/[36m763[0m batches, [36m2154842[0m pos/sec)]
Estimated time to end of superbatch: [36minf[0ms     [Fsuperbatch [36m17[0m [[35m16.8[0m% ([36m128[0m/[36m763[0m batches, [36m1807930[0m pos/sec)]
Estimated time to end of superbatch: [36m46.4[0ms     [Fsuperbatch [36m17[0m [[35m33.6[0m% ([36m256[0m/[36m763[0m batches, [36m1699341[0m pos/sec)]
Estimated time to end of superbatch: [36m39.3[0ms     [Fsuperbatch [36m17[0m [[35m50.3[0m% ([36m384[0m/[36m763[0m batches, [36m1749257[0m pos/sec)]
Estimated time to end of superbatch: [36m28.5[0ms     [Fsuperbatch [36m17[0m [[35m67.1[0m% ([36m512[0m/[36m763[0m batches, [36m1785744[0m pos/sec)]
Estimated time to end of superbatch: [36m18.5[0ms     [Fsuperbatch [36m17[0m [[35m83.9[0m% ([36m640[0m/[36m763[0m batches, [36m1800148[0m pos/sec)]
Estimated time to end of superbatch: [36m9.0[0ms     [Fsuperbatch [36m17[0m | time [36m56.8[0ms | running loss [36m0.059310[0m | [36m1759244[0m pos/sec | total time [36m960.8[0ms
Estimated time remaining in training: [36m0[0mh [36m12[0mm [36m14[0ms
LR dropped to [36m0.0000040599994[0m
superbatch [36m18[0m [[35m0.0[0m% ([36m0[0m/[36m763[0m batches, [36m1607209[0m pos/sec)]
Estimated time to end of superbatch: [36minf[0ms     [Fsuperbatch [36m18[0m [[35m16.8[0m% ([36m128[0m/[36m763[0m batches, [36m1900856[0m pos/sec)]
Estimated time to end of superbatch: [36m44.1[0ms     [Fsuperbatch [36m18[0m [[35m33.6[0m% ([36m256[0m/[36m763[0m batches, [36m1971925[0m pos/sec)]
Estimated time to end of superbatch: [36m33.8[0ms     [Fsuperbatch [36m18[0m [[35m50.3[0m% ([36m384[0m/[36m763[0m batches, [36m1958461[0m pos/sec)]
Estimated time to end of superbatch: [36m25.4[0ms     [Fsuperbatch [36m18[0m [[35m67.1[0m% ([36m512[0m/[36m763[0m batches, [36m1852404[0m pos/sec)]
Estimated time to end of superbatch: [36m17.8[0ms     [Fsuperbatch [36m18[0m [[35m83.9[0m% ([36m640[0m/[36m763[0m batches, [36m1860840[0m pos/sec)]
Estimated time to end of superbatch: [36m8.7[0ms     [Fsuperbatch [36m18[0m | time [36m53.1[0ms | running loss [36m0.059221[0m | [36m1881798[0m pos/sec | total time [36m1013.9[0ms
Estimated time remaining in training: [36m0[0mh [36m11[0mm [36m15[0ms
LR dropped to [36m0.0000037300001[0m
superbatch [36m19[0m [[35m0.0[0m% ([36m0[0m/[36m763[0m batches, [36m1731028[0m pos/sec)]
Estimated time to end of superbatch: [36minf[0ms     [Fsuperbatch [36m19[0m [[35m16.8[0m% ([36m128[0m/[36m763[0m batches, [36m1837647[0m pos/sec)]
Estimated time to end of superbatch: [36m45.6[0ms     [Fsuperbatch [36m19[0m [[35m33.6[0m% ([36m256[0m/[36m763[0m batches, [36m1686289[0m pos/sec)]
Estimated time to end of superbatch: [36m39.6[0ms     [Fsuperbatch [36m19[0m [[35m50.3[0m% ([36m384[0m/[36m763[0m batches, [36m1763909[0m pos/sec)]
Estimated time to end of superbatch: [36m28.2[0ms     [Fsuperbatch [36m19[0m [[35m67.1[0m% ([36m512[0m/[36m763[0m batches, [36m1841075[0m pos/sec)]
Estimated time to end of superbatch: [36m17.9[0ms     [Fsuperbatch [36m19[0m [[35m83.9[0m% ([36m640[0m/[36m763[0m batches, [36m1851588[0m pos/sec)]
Estimated time to end of superbatch: [36m8.7[0ms     [Fsuperbatch [36m19[0m | time [36m55.8[0ms | running loss [36m0.059300[0m | [36m1792854[0m pos/sec | total time [36m1069.7[0ms
Estimated time remaining in training: [36m0[0mh [36m10[0mm [36m19[0ms
LR dropped to [36m0.0000033999995[0m
superbatch [36m20[0m [[35m0.0[0m% ([36m0[0m/[36m763[0m batches, [36m1608431[0m pos/sec)]
Estimated time to end of superbatch: [36minf[0ms     [Fsuperbatch [36m20[0m [[35m16.8[0m% ([36m128[0m/[36m763[0m batches, [36m1902990[0m pos/sec)]
Estimated time to end of superbatch: [36m44.1[0ms     [Fsuperbatch [36m20[0m [[35m33.6[0m% ([36m256[0m/[36m763[0m batches, [36m1949036[0m pos/sec)]
Estimated time to end of superbatch: [36m34.2[0ms     [Fsuperbatch [36m20[0m [[35m50.3[0m% ([36m384[0m/[36m763[0m batches, [36m1954975[0m pos/sec)]
Estimated time to end of superbatch: [36m25.5[0ms     [Fsuperbatch [36m20[0m [[35m67.1[0m% ([36m512[0m/[36m763[0m batches, [36m1841972[0m pos/sec)]
Estimated time to end of superbatch: [36m17.9[0ms     [Fsuperbatch [36m20[0m [[35m83.9[0m% ([36m640[0m/[36m763[0m batches, [36m1852398[0m pos/sec)]
Estimated time to end of superbatch: [36m8.7[0ms     [Fsuperbatch [36m20[0m | time [36m53.2[0ms | running loss [36m0.059389[0m | [36m1881054[0m pos/sec | total time [36m1122.8[0ms
Estimated time remaining in training: [36m0[0mh [36m9[0mm [36m21[0ms
Saved [anna-v3-s2-20]
LR dropped to [36m0.0000030699998[0m
superbatch [36m21[0m [[35m0.0[0m% ([36m0[0m/[36m763[0m batches, [36m2367546[0m pos/sec)]
Estimated time to end of superbatch: [36minf[0ms     [Fsuperbatch [36m21[0m [[35m16.8[0m% ([36m128[0m/[36m763[0m batches, [36m2100436[0m pos/sec)]
Estimated time to end of superbatch: [36m39.9[0ms     [Fsuperbatch [36m21[0m [[35m33.6[0m% ([36m256[0m/[36m763[0m batches, [36m1825275[0m pos/sec)]
Estimated time to end of superbatch: [36m36.5[0ms     [Fsuperbatch [36m21[0m [[35m50.3[0m% ([36m384[0m/[36m763[0m batches, [36m1825428[0m pos/sec)]
Estimated time to end of superbatch: [36m27.3[0ms     [Fsuperbatch [36m21[0m [[35m67.1[0m% ([36m512[0m/[36m763[0m batches, [36m1870625[0m pos/sec)]
Estimated time to end of superbatch: [36m17.6[0ms     [Fsuperbatch [36m21[0m [[35m83.9[0m% ([36m640[0m/[36m763[0m batches, [36m1884051[0m pos/sec)]
Estimated time to end of superbatch: [36m8.6[0ms     [Fsuperbatch [36m21[0m | time [36m54.5[0ms | running loss [36m0.059539[0m | [36m1834828[0m pos/sec | total time [36m1188.3[0ms
Estimated time remaining in training: [36m0[0mh [36m8[0mm [36m29[0ms
LR dropped to [36m0.0000027399997[0m
superbatch [36m22[0m [[35m0.0[0m% ([36m0[0m/[36m763[0m batches, [36m1684137[0m pos/sec)]
Estimated time to end of superbatch: [36minf[0ms     [Fsuperbatch [36m22[0m [[35m16.8[0m% ([36m128[0m/[36m763[0m batches, [36m1783472[0m pos/sec)]
Estimated time to end of superbatch: [36m47.0[0ms     [Fsuperbatch [36m22[0m [[35m33.6[0m% ([36m256[0m/[36m763[0m batches, [36m1897429[0m pos/sec)]
Estimated time to end of superbatch: [36m35.2[0ms     [Fsuperbatch [36m22[0m [[35m50.3[0m% ([36m384[0m/[36m763[0m batches, [36m1883942[0m pos/sec)]
Estimated time to end of superbatch: [36m26.4[0ms     [Fsuperbatch [36m22[0m [[35m67.1[0m% ([36m512[0m/[36m763[0m batches, [36m1786891[0m pos/sec)]
Estimated time to end of superbatch: [36m18.4[0ms     [Fsuperbatch [36m22[0m [[35m83.9[0m% ([36m640[0m/[36m763[0m batches, [36m1787317[0m pos/sec)]
Estimated time to end of superbatch: [36m9.0[0ms     [Fsuperbatch [36m22[0m | time [36m54.7[0ms | running loss [36m0.059572[0m | [36m1828976[0m pos/sec | total time [36m1243.0[0ms
Estimated time remaining in training: [36m0[0mh [36m7[0mm [36m31[0ms
LR dropped to [36m0.00000241[0m
superbatch [36m23[0m [[35m0.0[0m% ([36m0[0m/[36m763[0m batches, [36m2106106[0m pos/sec)]
Estimated time to end of superbatch: [36minf[0ms     [Fsuperbatch [36m23[0m [[35m16.8[0m% ([36m128[0m/[36m763[0m batches, [36m1946164[0m pos/sec)]
Estimated time to end of superbatch: [36m43.1[0ms     [Fsuperbatch [36m23[0m [[35m33.6[0m% ([36m256[0m/[36m763[0m batches, [36m1723304[0m pos/sec)]
Estimated time to end of superbatch: [36m38.7[0ms     [Fsuperbatch [36m23[0m [[35m50.3[0m% ([36m384[0m/[36m763[0m batches, [36m1751245[0m pos/sec)]
Estimated time to end of superbatch: [36m28.4[0ms     [Fsuperbatch [36m23[0m [[35m67.1[0m% ([36m512[0m/[36m763[0m batches, [36m1827916[0m pos/sec)]
Estimated time to end of superbatch: [36m18.0[0ms     [Fsuperbatch [36m23[0m [[35m83.9[0m% ([36m640[0m/[36m763[0m batches, [36m1853072[0m pos/sec)]
Estimated time to end of superbatch: [36m8.7[0ms     [Fsuperbatch [36m23[0m | time [36m55.8[0ms | running loss [36m0.059432[0m | [36m1791070[0m pos/sec | total time [36m1298.8[0ms
Estimated time remaining in training: [36m0[0mh [36m6[0mm [36m35[0ms
LR dropped to [36m0.0000020799998[0m
superbatch [36m24[0m [[35m0.0[0m% ([36m0[0m/[36m763[0m batches, [36m1436091[0m pos/sec)]
Estimated time to end of superbatch: [36minf[0ms     [Fsuperbatch [36m24[0m [[35m16.8[0m% ([36m128[0m/[36m763[0m batches, [36m1640681[0m pos/sec)]
Estimated time to end of superbatch: [36m51.1[0ms     [Fsuperbatch [36m24[0m [[35m33.6[0m% ([36m256[0m/[36m763[0m batches, [36m1814510[0m pos/sec)]
Estimated time to end of superbatch: [36m36.8[0ms     [Fsuperbatch [36m24[0m [[35m50.3[0m% ([36m384[0m/[36m763[0m batches, [36m1885720[0m pos/sec)]
Estimated time to end of superbatch: [36m26.4[0ms     [Fsuperbatch [36m24[0m [[35m67.1[0m% ([36m512[0m/[36m763[0m batches, [36m1795974[0m pos/sec)]
Estimated time to end of superbatch: [36m18.4[0ms     [Fsuperbatch [36m24[0m [[35m83.9[0m% ([36m640[0m/[36m763[0m batches, [36m1783526[0m pos/sec)]
Estimated time to end of superbatch: [36m9.1[0ms     [Fsuperbatch [36m24[0m | time [36m55.5[0ms | running loss [36m0.059369[0m | [36m1800742[0m pos/sec | total time [36m1354.4[0ms
Estimated time remaining in training: [36m0[0mh [36m5[0mm [36m38[0ms
LR dropped to [36m0.0000017499997[0m
superbatch [36m25[0m [[35m0.0[0m% ([36m0[0m/[36m763[0m batches, [36m2171760[0m pos/sec)]
Estimated time to end of superbatch: [36minf[0ms     [Fsuperbatch [36m25[0m [[35m16.8[0m% ([36m128[0m/[36m763[0m batches, [36m2019582[0m pos/sec)]
Estimated time to end of superbatch: [36m41.5[0ms     [Fsuperbatch [36m25[0m [[35m33.6[0m% ([36m256[0m/[36m763[0m batches, [36m1762720[0m pos/sec)]
Estimated time to end of superbatch: [36m37.8[0ms     [Fsuperbatch [36m25[0m [[35m50.3[0m% ([36m384[0m/[36m763[0m batches, [36m1773894[0m pos/sec)]
Estimated time to end of superbatch: [36m28.1[0ms     [Fsuperbatch [36m25[0m [[35m67.1[0m% ([36m512[0m/[36m763[0m batches, [36m1838413[0m pos/sec)]
Estimated time to end of superbatch: [36m17.9[0ms     [Fsuperbatch [36m25[0m [[35m83.9[0m% ([36m640[0m/[36m763[0m batches, [36m1875205[0m pos/sec)]
Estimated time to end of superbatch: [36m8.6[0ms     [Fsuperbatch [36m25[0m | time [36m54.9[0ms | running loss [36m0.059311[0m | [36m1821862[0m pos/sec | total time [36m1409.2[0ms
Estimated time remaining in training: [36m0[0mh [36m4[0mm [36m41[0ms
LR dropped to [36m0.0000014199995[0m
superbatch [36m26[0m [[35m0.0[0m% ([36m0[0m/[36m763[0m batches, [36m1425775[0m pos/sec)]
Estimated time to end of superbatch: [36minf[0ms     [Fsuperbatch [36m26[0m [[35m16.8[0m% ([36m128[0m/[36m763[0m batches, [36m1739012[0m pos/sec)]
Estimated time to end of superbatch: [36m48.2[0ms     [Fsuperbatch [36m26[0m [[35m33.6[0m% ([36m256[0m/[36m763[0m batches, [36m1902683[0m pos/sec)]
Estimated time to end of superbatch: [36m35.1[0ms     [Fsuperbatch [36m26[0m [[35m50.3[0m% ([36m384[0m/[36m763[0m batches, [36m1962484[0m pos/sec)]
Estimated time to end of superbatch: [36m25.4[0ms     [Fsuperbatch [36m26[0m [[35m67.1[0m% ([36m512[0m/[36m763[0m batches, [36m1859064[0m pos/sec)]
Estimated time to end of superbatch: [36m17.7[0ms     [Fsuperbatch [36m26[0m [[35m83.9[0m% ([36m640[0m/[36m763[0m batches, [36m1849194[0m pos/sec)]
Estimated time to end of superbatch: [36m8.7[0ms     [Fsuperbatch [36m26[0m | time [36m53.4[0ms | running loss [36m0.059439[0m | [36m1872236[0m pos/sec | total time [36m1462.7[0ms
Estimated time remaining in training: [36m0[0mh [36m3[0mm [36m45[0ms
LR dropped to [36m0.0000010900003[0m
superbatch [36m27[0m [[35m0.0[0m% ([36m0[0m/[36m763[0m batches, [36m2127397[0m pos/sec)]
Estimated time to end of superbatch: [36minf[0ms     [Fsuperbatch [36m27[0m [[35m16.8[0m% ([36m128[0m/[36m763[0m batches, [36m2103055[0m pos/sec)]
Estimated time to end of superbatch: [36m39.9[0ms     [Fsuperbatch [36m27[0m [[35m33.6[0m% ([36m256[0m/[36m763[0m batches, [36m1820002[0m pos/sec)]
Estimated time to end of superbatch: [36m36.7[0ms     [Fsuperbatch [36m27[0m [[35m50.3[0m% ([36m384[0m/[36m763[0m batches, [36m1787614[0m pos/sec)]
Estimated time to end of superbatch: [36m27.9[0ms     [Fsuperbatch [36m27[0m [[35m67.1[0m% ([36m512[0m/[36m763[0m batches, [36m1847238[0m pos/sec)]
Estimated time to end of superbatch: [36m17.8[0ms     [Fsuperbatch [36m27[0m [[35m83.9[0m% ([36m640[0m/[36m763[0m batches, [36m1898501[0m pos/sec)]
Estimated time to end of superbatch: [36m8.5[0ms     [Fsuperbatch [36m27[0m | time [36m54.7[0ms | running loss [36m0.059413[0m | [36m1827244[0m pos/sec | total time [36m1517.4[0ms
Estimated time remaining in training: [36m0[0mh [36m2[0mm [36m48[0ms
LR dropped to [36m0.00000076000015[0m
superbatch [36m28[0m [[35m0.0[0m% ([36m0[0m/[36m763[0m batches, [36m1639942[0m pos/sec)]
Estimated time to end of superbatch: [36minf[0ms     [Fsuperbatch [36m28[0m [[35m16.8[0m% ([36m128[0m/[36m763[0m batches, [36m1771999[0m pos/sec)]
Estimated time to end of superbatch: [36m47.3[0ms     [Fsuperbatch [36m28[0m [[35m33.6[0m% ([36m256[0m/[36m763[0m batches, [36m1866289[0m pos/sec)]
Estimated time to end of superbatch: [36m35.7[0ms     [Fsuperbatch [36m28[0m [[35m50.3[0m% ([36m384[0m/[36m763[0m batches, [36m1931765[0m pos/sec)]
Estimated time to end of superbatch: [36m25.8[0ms     [Fsuperbatch [36m28[0m [[35m67.1[0m% ([36m512[0m/[36m763[0m batches, [36m1833764[0m pos/sec)]
Estimated time to end of superbatch: [36m18.0[0ms     [Fsuperbatch [36m28[0m [[35m83.9[0m% ([36m640[0m/[36m763[0m batches, [36m1807762[0m pos/sec)]
Estimated time to end of superbatch: [36m8.9[0ms     [Fsuperbatch [36m28[0m | time [36m54.0[0ms | running loss [36m0.059150[0m | [36m1852402[0m pos/sec | total time [36m1571.4[0ms
Estimated time remaining in training: [36m0[0mh [36m1[0mm [36m52[0ms
LR dropped to [36m0.00000043[0m
superbatch [36m29[0m [[35m0.0[0m% ([36m0[0m/[36m763[0m batches, [36m1716232[0m pos/sec)]
Estimated time to end of superbatch: [36minf[0ms     [Fsuperbatch [36m29[0m [[35m16.8[0m% ([36m128[0m/[36m763[0m batches, [36m2056721[0m pos/sec)]
Estimated time to end of superbatch: [36m40.8[0ms     [Fsuperbatch [36m29[0m [[35m33.6[0m% ([36m256[0m/[36m763[0m batches, [36m1800795[0m pos/sec)]
Estimated time to end of superbatch: [36m37.0[0ms     [Fsuperbatch [36m29[0m [[35m50.3[0m% ([36m384[0m/[36m763[0m batches, [36m1757018[0m pos/sec)]
Estimated time to end of superbatch: [36m28.3[0ms     [Fsuperbatch [36m29[0m [[35m67.1[0m% ([36m512[0m/[36m763[0m batches, [36m1820030[0m pos/sec)]
Estimated time to end of superbatch: [36m18.1[0ms     [Fsuperbatch [36m29[0m [[35m83.9[0m% ([36m640[0m/[36m763[0m batches, [36m1858808[0m pos/sec)]
Estimated time to end of superbatch: [36m8.7[0ms     [Fsuperbatch [36m29[0m | time [36m55.0[0ms | running loss [36m0.059436[0m | [36m1819214[0m pos/sec | total time [36m1626.4[0ms
Estimated time remaining in training: [36m0[0mh [36m0[0mm [36m56[0ms
LR dropped to [36m0.0000001[0m
superbatch [36m30[0m [[35m0.0[0m% ([36m0[0m/[36m763[0m batches, [36m1814117[0m pos/sec)]
Estimated time to end of superbatch: [36minf[0ms     [Fsuperbatch [36m30[0m [[35m16.8[0m% ([36m128[0m/[36m763[0m batches, [36m1755825[0m pos/sec)]
Estimated time to end of superbatch: [36m47.8[0ms     [Fsuperbatch [36m30[0m [[35m33.6[0m% ([36m256[0m/[36m763[0m batches, [36m1822622[0m pos/sec)]
Estimated time to end of superbatch: [36m36.6[0ms     [Fsuperbatch [36m30[0m [[35m50.3[0m% ([36m384[0m/[36m763[0m batches, [36m1888336[0m pos/sec)]
Estimated time to end of superbatch: [36m26.4[0ms     [Fsuperbatch [36m30[0m [[35m67.1[0m% ([36m512[0m/[36m763[0m batches, [36m1804860[0m pos/sec)]
Estimated time to end of superbatch: [36m18.3[0ms     [Fsuperbatch [36m30[0m [[35m83.9[0m% ([36m640[0m/[36m763[0m batches, [36m1793933[0m pos/sec)]
Estimated time to end of superbatch: [36m9.0[0ms     [Fsuperbatch [36m30[0m | time [36m56.0[0ms | running loss [36m0.059345[0m | [36m1786559[0m pos/sec | total time [36m1682.3[0ms
Estimated time remaining in training: [36m0[0mh [36m0[0mm [36m0[0ms
Saved [anna-v3-s2-30]
Total Training Time: [36m0[0mh [36m28[0mm [36m13[0ms
TRAINER EVAL rnbqkbnr/pppppppp/8/8/8/8/PPPPPPPP/RNBQKBNR w KQkq - 0 1 : 41.0
TRAINER EVAL rnbqkbnr/pppppppp/8/8/8/8/PPPPPPPP/RNBQKBN1 w Qkq - 0 1 : -1633.6
TRAINER EVAL rnbqkbn1/pppppppp/8/8/8/8/PPPPPPPP/RNBQKBNR w KQq - 0 1 : 1880.0
TRAINER EVAL r3k2r/p1ppqpb1/bn2pnp1/3PN3/1p2P3/2N2Q1p/PPPBBPPP/R3K2R w KQkq - 0 1 : -343.2
TRAINER EVAL r1bqkb1r/pp2bppp/2n2n2/2pp4/3P4/2PBPN2/PP1N1PPP/R2QK2R w KQ - 0 9 : -1428.6
TRAINER EVAL 8/2p5/3p4/KP5r/1R3p1k/8/4P1P1/8 w - - 0 1 : 136.9
done
