✓ Initialized. View run at 
https://modal.com/apps/lironktf/main/ap-nFTT6hYtpEmeAwy9STby5y
Building image im-9A1SrWLta0Gzc4feZB8LuU

=> Step 0: FROM nvidia/cuda:12.4.1-devel-ubuntu22.04
Getting image source signatures
Copying blob sha256:312a542960e3345001fc709156a5139ff8a1d8cc21a51a50f83e87ec2982f579
Copying blob sha256:3c645031de2917ade93ec54b118d5d3e45de72ef580b8f419a8cdc41e01d042c
Copying blob sha256:b71b637b97c5efb435b9965058ad414f07afa99d320cf05e89f10441ec1becf4
Copying blob sha256:47b8539d532f561cac6d7fb8ee2f46c902b66e4a60b103d19701829742a0d11e
Copying blob sha256:56dc8550293751a1604e97ac949cfae82ba20cb2a28e034737bafd7382559609
Copying blob sha256:0d6448aff88945ea46a37cfe4330bdb0ada228268b80da6258a0fec63086f404
Copying blob sha256:fd9cc1ad8dee47ca559003714d462f4eb79cb6315a2708927c240b84d022b55f
Copying blob sha256:8e79813a7b9d5784bb880ca2909887465549de5183411b24f6de72fab0802bcd
Copying blob sha256:ec6d5f6c9ed94d2ee2eeaf048d90242af638325f57696909f1737b3158d838cf
Copying blob sha256:0a7674e3e8fe69dcd7f1424fa29aa033b32c42269aab46cbe9818f8dd7154754
Copying blob sha256:83525caeeb359731f869f1ee87a32acdfdd5efb8af4cab06d8f4fdcf1f317daa
Copying config sha256:339fcd468f01f8d5fa54c5efdfbedb7006d54e6c53a330d5bbb137ef6269e82f
Writing manifest to image destination
Unpacking OCI image
   • unpacking rootfs ...     
   • ... done                 
   • unpacked image rootfs: /tmp/task-data/ta-01M2E1XHPT62R5XZTE9FDN361B/registry-unpackyG6eky
Copied image in 1.59s

=> Step 1: COPY /python/. /usr/local

=> Step 2: RUN ln -s /usr/local/bin/python3 /usr/local/bin/python

=> Step 3: ENV TERMINFO_DIRS=/etc/terminfo:/lib/terminfo:/usr/share/terminfo:/usr/lib/terminfo
Saving image...
Image saved, took 4.80s

Built image im-9A1SrWLta0Gzc4feZB8LuU in 59.57s


Building image im-4Wc91R9z0OGVyAUsK3gTFI

=> Step 0: FROM base

=> Step 1: RUN apt-get update
Get:1 http://archive.ubuntu.com/ubuntu jammy InRelease [270 kB]
Get:2 https://developer.download.nvidia.com/compute/cuda/repos/ubuntu2204/x86_64  InRelease [1578 B]
Get:3 http://archive.ubuntu.com/ubuntu jammy-updates InRelease [128 kB]
Get:4 http://archive.ubuntu.com/ubuntu jammy-backports InRelease [127 kB]
Get:5 http://security.ubuntu.com/ubuntu jammy-security InRelease [129 kB]
Get:6 https://developer.download.nvidia.com/compute/cuda/repos/ubuntu2204/x86_64  Packages [3007 kB]
Get:7 http://archive.ubuntu.com/ubuntu jammy/main amd64 Packages [1792 kB]
Get:8 http://archive.ubuntu.com/ubuntu jammy/universe amd64 Packages [17.5 MB]
Get:9 http://archive.ubuntu.com/ubuntu jammy/restricted amd64 Packages [164 kB]
Get:10 http://archive.ubuntu.com/ubuntu jammy/multiverse amd64 Packages [266 kB]
Get:11 http://archive.ubuntu.com/ubuntu jammy-updates/universe amd64 Packages [1620 kB]
Get:12 http://archive.ubuntu.com/ubuntu jammy-updates/restricted amd64 Packages [8007 kB]
Get:13 http://archive.ubuntu.com/ubuntu jammy-updates/multiverse amd64 Packages [93.2 kB]
Get:14 http://archive.ubuntu.com/ubuntu jammy-updates/main amd64 Packages [4623 kB]
Get:15 http://archive.ubuntu.com/ubuntu jammy-backports/universe amd64 Packages [35.6 kB]
Get:16 http://archive.ubuntu.com/ubuntu jammy-backports/main amd64 Packages [82.8 kB]
Get:17 http://security.ubuntu.com/ubuntu jammy-security/main amd64 Packages [4289 kB]
Get:18 http://security.ubuntu.com/ubuntu jammy-security/restricted amd64 Packages [7717 kB]
Get:19 http://security.ubuntu.com/ubuntu jammy-security/universe amd64 Packages [1317 kB]
Get:20 http://security.ubuntu.com/ubuntu jammy-security/multiverse amd64 Packages [84.6 kB]
Fetched 51.2 MB in 3s (19.6 MB/s)
Reading package lists...

=> Step 2: RUN apt-get install -y build-essential curl git zstd pkg-config ca-certificates
Reading package lists...
Building dependency tree...
Reading state information...
build-essential is already the newest version (12.9ubuntu3).
build-essential set to manually installed.
The following additional packages will be installed:
  git-man less libbrotli1 libbsd0 libcbor0.8 libcurl3-gnutls libcurl4 libedit2
  liberror-perl libexpat1 libfido2-1 libglib2.0-0 libglib2.0-data libicu70
  libmd0 libnghttp2-14 libpsl5 librtmp1 libssh-4 libx11-6 libx11-data libxau6
  libxcb1 libxdmcp6 libxext6 libxml2 libxmuu1 openssh-client publicsuffix
  shared-mime-info xauth xdg-user-dirs
Suggested packages:
  gettext-base git-daemon-run | git-daemon-sysvinit git-doc git-email git-gui
  gitk gitweb git-cvs git-mediawiki git-svn keychain libpam-ssh monkeysphere
  ssh-askpass
The following NEW packages will be installed:
  curl git git-man less libbrotli1 libbsd0 libcbor0.8 libcurl3-gnutls libcurl4
  libedit2 liberror-perl libexpat1 libfido2-1 libglib2.0-0 libglib2.0-data
  libicu70 libmd0 libnghttp2-14 libpsl5 librtmp1 libssh-4 libx11-6 libx11-data
  libxau6 libxcb1 libxdmcp6 libxext6 libxml2 libxmuu1 openssh-client
  pkg-config publicsuffix shared-mime-info xauth xdg-user-dirs zstd
The following packages will be upgraded:
  ca-certificates
1 upgraded, 36 newly installed, 0 to remove and 103 not upgraded.
Need to get 22.2 MB of archives.
After this operation, 80.2 MB of additional disk space will be used.
Get:1 http://archive.ubuntu.com/ubuntu jammy-updates/main amd64 ca-certificates all 20260601~22.04.1 [141 kB]
Get:2 http://archive.ubuntu.com/ubuntu jammy-updates/main amd64 less amd64 590-1ubuntu0.22.04.3 [142 kB]
Get:3 http://archive.ubuntu.com/ubuntu jammy/main amd64 libmd0 amd64 1.0.4-1build1 [23.0 kB]
Get:4 http://archive.ubuntu.com/ubuntu jammy/main amd64 libbsd0 amd64 0.11.5-1 [44.8 kB]
Get:5 http://archive.ubuntu.com/ubuntu jammy-updates/main amd64 libexpat1 amd64 2.4.7-1ubuntu0.7 [92.1 kB]
Get:6 http://archive.ubuntu.com/ubuntu jammy-updates/main amd64 libglib2.0-0 amd64 2.72.4-0ubuntu2.9 [1467 kB]
Get:7 http://archive.ubuntu.com/ubuntu jammy-updates/main amd64 libglib2.0-data all 2.72.4-0ubuntu2.9 [5088 B]
Get:8 http://archive.ubuntu.com/ubuntu jammy/main amd64 libicu70 amd64 70.1-2 [10.6 MB]
Get:9 http://archive.ubuntu.com/ubuntu jammy-updates/main amd64 libxml2 amd64 2.9.13+dfsg-1ubuntu0.12 [765 kB]
Get:10 http://archive.ubuntu.com/ubuntu jammy/main amd64 shared-mime-info amd64 2.1-2 [454 kB]
Get:11 http://archive.ubuntu.com/ubuntu jammy/main amd64 xdg-user-dirs amd64 0.17-2ubuntu4 [53.9 kB]
Get:12 http://archive.ubuntu.com/ubuntu jammy/main amd64 libcbor0.8 amd64 0.8.0-2ubuntu1 [24.6 kB]
Get:13 http://archive.ubuntu.com/ubuntu jammy/main amd64 libedit2 amd64 3.1-20210910-1build1 [96.8 kB]
Get:14 http://archive.ubuntu.com/ubuntu jammy/main amd64 libfido2-1 amd64 1.10.0-1 [82.8 kB]
Get:15 http://archive.ubuntu.com/ubuntu jammy-updates/main amd64 libnghttp2-14 amd64 1.43.0-1ubuntu0.4 [76.9 kB]
Get:16 http://archive.ubuntu.com/ubuntu jammy/main amd64 libpsl5 amd64 0.21.0-1.2build2 [58.4 kB]
Get:17 http://archive.ubuntu.com/ubuntu jammy/main amd64 libxau6 amd64 1:1.0.9-1build5 [7634 B]
Get:18 http://archive.ubuntu.com/ubuntu jammy/main amd64 libxdmcp6 amd64 1:1.1.3-0ubuntu5 [10.9 kB]
Get:19 http://archive.ubuntu.com/ubuntu jammy/main amd64 libxcb1 amd64 1.14-3ubuntu3 [49.0 kB]
Get:20 http://archive.ubuntu.com/ubuntu jammy-updates/main amd64 libx11-data all 2:1.7.5-1ubuntu0.3 [120 kB]
Get:21 http://archive.ubuntu.com/ubuntu jammy-updates/main amd64 libx11-6 amd64 2:1.7.5-1ubuntu0.3 [667 kB]
Get:22 http://archive.ubuntu.com/ubuntu jammy/main amd64 libxext6 amd64 2:1.3.4-1build1 [31.8 kB]
Get:23 http://archive.ubuntu.com/ubuntu jammy/main amd64 libxmuu1 amd64 2:1.1.3-3 [10.2 kB]
Get:24 http://archive.ubuntu.com/ubuntu jammy-updates/main amd64 openssh-client amd64 1:8.9p1-3ubuntu0.17 [905 kB]
Get:25 http://archive.ubuntu.com/ubuntu jammy/main amd64 publicsuffix all 20211207.1025-1 [129 kB]
Get:26 http://archive.ubuntu.com/ubuntu jammy/main amd64 xauth amd64 1:1.1-1build2 [27.5 kB]
Get:27 http://archive.ubuntu.com/ubuntu jammy/main amd64 libbrotli1 amd64 1.0.9-2build6 [315 kB]
Get:28 http://archive.ubuntu.com/ubuntu jammy/main amd64 librtmp1 amd64 2.4+20151223.gitfa8646d.1-2build4 [58.2 kB]
Get:29 http://archive.ubuntu.com/ubuntu jammy-updates/main amd64 libssh-4 amd64 0.9.6-2ubuntu0.22.04.8 [189 kB]
Get:30 http://archive.ubuntu.com/ubuntu jammy-updates/main amd64 libcurl4 amd64 7.81.0-1ubuntu1.27 [292 kB]
Get:31 http://archive.ubuntu.com/ubuntu jammy-updates/main amd64 curl amd64 7.81.0-1ubuntu1.27 [194 kB]
Get:32 http://archive.ubuntu.com/ubuntu jammy-updates/main amd64 libcurl3-gnutls amd64 7.81.0-1ubuntu1.27 [286 kB]
Get:33 http://archive.ubuntu.com/ubuntu jammy/main amd64 liberror-perl all 0.17029-1 [26.5 kB]
Get:34 http://archive.ubuntu.com/ubuntu jammy-updates/main amd64 git-man all 1:2.34.1-1ubuntu1.17 [954 kB]
Get:35 http://archive.ubuntu.com/ubuntu jammy-updates/main amd64 git amd64 1:2.34.1-1ubuntu1.17 [3174 kB]
Get:36 http://archive.ubuntu.com/ubuntu jammy/main amd64 pkg-config amd64 0.29.2-1ubuntu3 [48.2 kB]
Get:37 http://archive.ubuntu.com/ubuntu jammy/main amd64 zstd amd64 1.4.8+dfsg-3build1 [603 kB]
debconf: delaying package configuration, since apt-utils is not installed
Fetched 22.2 MB in 0s (90.6 MB/s)
(Reading database ... 
[1A(Reading database ... 5%
[1A(Reading database ... 10%
[1A(Reading database ... 15%
[1A(Reading database ... 20%
[1A(Reading database ... 25%
[1A(Reading database ... 30%
[1A(Reading database ... 35%(Reading database ... 40%(Reading database ... 45%(Reading database ... 50%
[1A(Reading database ... 55%(Reading database ... 60%(Reading database ... 65%(Reading database ... 70%(Reading database ... 75%(Reading database ... 80%(Reading database ... 85%(Reading database ... 90%(Reading database ... 95%(Reading database ... 100%(Reading database ... 14807 files and directories currently installed.)
Preparing to unpack .../00-ca-certificates_20260601~22.04.1_all.deb ...
Unpacking ca-certificates (20260601~22.04.1) over (20230311ubuntu0.22.04.1) ...
Selecting previously unselected package less.
Preparing to unpack .../01-less_590-1ubuntu0.22.04.3_amd64.deb ...
Unpacking less (590-1ubuntu0.22.04.3) ...
Selecting previously unselected package libmd0:amd64.
Preparing to unpack .../02-libmd0_1.0.4-1build1_amd64.deb ...
Unpacking libmd0:amd64 (1.0.4-1build1) ...
Selecting previously unselected package libbsd0:amd64.
Preparing to unpack .../03-libbsd0_0.11.5-1_amd64.deb ...
Unpacking libbsd0:amd64 (0.11.5-1) ...
Selecting previously unselected package libexpat1:amd64.
Preparing to unpack .../04-libexpat1_2.4.7-1ubuntu0.7_amd64.deb ...
Unpacking libexpat1:amd64 (2.4.7-1ubuntu0.7) ...
Selecting previously unselected package libglib2.0-0:amd64.
Preparing to unpack .../05-libglib2.0-0_2.72.4-0ubuntu2.9_amd64.deb ...
Unpacking libglib2.0-0:amd64 (2.72.4-0ubuntu2.9) ...
Selecting previously unselected package libglib2.0-data.
Preparing to unpack .../06-libglib2.0-data_2.72.4-0ubuntu2.9_all.deb ...
Unpacking libglib2.0-data (2.72.4-0ubuntu2.9) ...
Selecting previously unselected package libicu70:amd64.
Preparing to unpack .../07-libicu70_70.1-2_amd64.deb ...
Unpacking libicu70:amd64 (70.1-2) ...
Selecting previously unselected package libxml2:amd64.
Preparing to unpack .../08-libxml2_2.9.13+dfsg-1ubuntu0.12_amd64.deb ...
Unpacking libxml2:amd64 (2.9.13+dfsg-1ubuntu0.12) ...
Selecting previously unselected package shared-mime-info.
Preparing to unpack .../09-shared-mime-info_2.1-2_amd64.deb ...
Unpacking shared-mime-info (2.1-2) ...
Selecting previously unselected package xdg-user-dirs.
Preparing to unpack .../10-xdg-user-dirs_0.17-2ubuntu4_amd64.deb ...
Unpacking xdg-user-dirs (0.17-2ubuntu4) ...
Selecting previously unselected package libcbor0.8:amd64.
Preparing to unpack .../11-libcbor0.8_0.8.0-2ubuntu1_amd64.deb ...
Unpacking libcbor0.8:amd64 (0.8.0-2ubuntu1) ...
Selecting previously unselected package libedit2:amd64.
Preparing to unpack .../12-libedit2_3.1-20210910-1build1_amd64.deb ...
Unpacking libedit2:amd64 (3.1-20210910-1build1) ...
Selecting previously unselected package libfido2-1:amd64.
Preparing to unpack .../13-libfido2-1_1.10.0-1_amd64.deb ...
Unpacking libfido2-1:amd64 (1.10.0-1) ...
Selecting previously unselected package libnghttp2-14:amd64.
Preparing to unpack .../14-libnghttp2-14_1.43.0-1ubuntu0.4_amd64.deb ...
Unpacking libnghttp2-14:amd64 (1.43.0-1ubuntu0.4) ...
Selecting previously unselected package libpsl5:amd64.
Preparing to unpack .../15-libpsl5_0.21.0-1.2build2_amd64.deb ...
Unpacking libpsl5:amd64 (0.21.0-1.2build2) ...
Selecting previously unselected package libxau6:amd64.
Preparing to unpack .../16-libxau6_1%3a1.0.9-1build5_amd64.deb ...
Unpacking libxau6:amd64 (1:1.0.9-1build5) ...
Selecting previously unselected package libxdmcp6:amd64.
Preparing to unpack .../17-libxdmcp6_1%3a1.1.3-0ubuntu5_amd64.deb ...
Unpacking libxdmcp6:amd64 (1:1.1.3-0ubuntu5) ...
Selecting previously unselected package libxcb1:amd64.
Preparing to unpack .../18-libxcb1_1.14-3ubuntu3_amd64.deb ...
Unpacking libxcb1:amd64 (1.14-3ubuntu3) ...
Selecting previously unselected package libx11-data.
Preparing to unpack .../19-libx11-data_2%3a1.7.5-1ubuntu0.3_all.deb ...
Unpacking libx11-data (2:1.7.5-1ubuntu0.3) ...
Selecting previously unselected package libx11-6:amd64.
Preparing to unpack .../20-libx11-6_2%3a1.7.5-1ubuntu0.3_amd64.deb ...
Unpacking libx11-6:amd64 (2:1.7.5-1ubuntu0.3) ...
Selecting previously unselected package libxext6:amd64.
Preparing to unpack .../21-libxext6_2%3a1.3.4-1build1_amd64.deb ...
Unpacking libxext6:amd64 (2:1.3.4-1build1) ...
Selecting previously unselected package libxmuu1:amd64.
Preparing to unpack .../22-libxmuu1_2%3a1.1.3-3_amd64.deb ...
Unpacking libxmuu1:amd64 (2:1.1.3-3) ...
Selecting previously unselected package openssh-client.
Preparing to unpack .../23-openssh-client_1%3a8.9p1-3ubuntu0.17_amd64.deb ...
Unpacking openssh-client (1:8.9p1-3ubuntu0.17) ...
Selecting previously unselected package publicsuffix.
Preparing to unpack .../24-publicsuffix_20211207.1025-1_all.deb ...
Unpacking publicsuffix (20211207.1025-1) ...
Selecting previously unselected package xauth.
Preparing to unpack .../25-xauth_1%3a1.1-1build2_amd64.deb ...
Unpacking xauth (1:1.1-1build2) ...
Selecting previously unselected package libbrotli1:amd64.
Preparing to unpack .../26-libbrotli1_1.0.9-2build6_amd64.deb ...
Unpacking libbrotli1:amd64 (1.0.9-2build6) ...
Selecting previously unselected package librtmp1:amd64.
Preparing to unpack .../27-librtmp1_2.4+20151223.gitfa8646d.1-2build4_amd64.deb ...
Unpacking librtmp1:amd64 (2.4+20151223.gitfa8646d.1-2build4) ...
Selecting previously unselected package libssh-4:amd64.
Preparing to unpack .../28-libssh-4_0.9.6-2ubuntu0.22.04.8_amd64.deb ...
Unpacking libssh-4:amd64 (0.9.6-2ubuntu0.22.04.8) ...
Selecting previously unselected package libcurl4:amd64.
Preparing to unpack .../29-libcurl4_7.81.0-1ubuntu1.27_amd64.deb ...
Unpacking libcurl4:amd64 (7.81.0-1ubuntu1.27) ...
Selecting previously unselected package curl.
Preparing to unpack .../30-curl_7.81.0-1ubuntu1.27_amd64.deb ...
Unpacking curl (7.81.0-1ubuntu1.27) ...
Selecting previously unselected package libcurl3-gnutls:amd64.
Preparing to unpack .../31-libcurl3-gnutls_7.81.0-1ubuntu1.27_amd64.deb ...
Unpacking libcurl3-gnutls:amd64 (7.81.0-1ubuntu1.27) ...
Selecting previously unselected package liberror-perl.
Preparing to unpack .../32-liberror-perl_0.17029-1_all.deb ...
Unpacking liberror-perl (0.17029-1) ...
Selecting previously unselected package git-man.
Preparing to unpack .../33-git-man_1%3a2.34.1-1ubuntu1.17_all.deb ...
Unpacking git-man (1:2.34.1-1ubuntu1.17) ...
Selecting previously unselected package git.
Preparing to unpack .../34-git_1%3a2.34.1-1ubuntu1.17_amd64.deb ...
Unpacking git (1:2.34.1-1ubuntu1.17) ...
Selecting previously unselected package pkg-config.
Preparing to unpack .../35-pkg-config_0.29.2-1ubuntu3_amd64.deb ...
Unpacking pkg-config (0.29.2-1ubuntu3) ...
Selecting previously unselected package zstd.
Preparing to unpack .../36-zstd_1.4.8+dfsg-3build1_amd64.deb ...
Unpacking zstd (1.4.8+dfsg-3build1) ...
Setting up libexpat1:amd64 (2.4.7-1ubuntu0.7) ...
Setting up libxau6:amd64 (1:1.0.9-1build5) ...
Setting up libpsl5:amd64 (0.21.0-1.2build2) ...
Setting up xdg-user-dirs (0.17-2ubuntu4) ...
Setting up libglib2.0-0:amd64 (2.72.4-0ubuntu2.9) ...
No schema files found: doing nothing.
Setting up libcbor0.8:amd64 (0.8.0-2ubuntu1) ...
Setting up libbrotli1:amd64 (1.0.9-2build6) ...
Setting up libnghttp2-14:amd64 (1.43.0-1ubuntu0.4) ...
Setting up less (590-1ubuntu0.22.04.3) ...
Setting up liberror-perl (0.17029-1) ...
Setting up ca-certificates (20260601~22.04.1) ...
debconf: unable to initialize frontend: Dialog
debconf: (No usable dialog-like program is installed, so the dialog based frontend cannot be used. at /usr/share/perl5/Debconf/FrontEnd/Dialog.pm line 78.)
debconf: falling back to frontend: Readline
Updating certificates in /etc/ssl/certs...
rehash: warning: skipping ca-certificates.crt,it does not contain exactly one certificate or CRL
24 added, 40 removed; done.
Setting up libglib2.0-data (2.72.4-0ubuntu2.9) ...
Setting up libx11-data (2:1.7.5-1ubuntu0.3) ...
Setting up librtmp1:amd64 (2.4+20151223.gitfa8646d.1-2build4) ...
Setting up pkg-config (0.29.2-1ubuntu3) ...
Setting up libssh-4:amd64 (0.9.6-2ubuntu0.22.04.8) ...
Setting up libmd0:amd64 (1.0.4-1build1) ...
Setting up libcurl4:amd64 (7.81.0-1ubuntu1.27) ...
Setting up git-man (1:2.34.1-1ubuntu1.17) ...
Setting up curl (7.81.0-1ubuntu1.27) ...
Setting up libfido2-1:amd64 (1.10.0-1) ...
Setting up libbsd0:amd64 (0.11.5-1) ...
Setting up publicsuffix (20211207.1025-1) ...
Setting up zstd (1.4.8+dfsg-3build1) ...
Setting up libicu70:amd64 (70.1-2) ...
Setting up libxdmcp6:amd64 (1:1.1.3-0ubuntu5) ...
Setting up libxcb1:amd64 (1.14-3ubuntu3) ...
Setting up libedit2:amd64 (3.1-20210910-1build1) ...
Setting up libcurl3-gnutls:amd64 (7.81.0-1ubuntu1.27) ...
Setting up git (1:2.34.1-1ubuntu1.17) ...
Setting up libx11-6:amd64 (2:1.7.5-1ubuntu0.3) ...
Setting up libxml2:amd64 (2.9.13+dfsg-1ubuntu0.12) ...
Setting up libxmuu1:amd64 (2:1.1.3-3) ...
Setting up openssh-client (1:8.9p1-3ubuntu0.17) ...
update-alternatives: using /usr/bin/ssh to provide /usr/bin/rsh (rsh) in auto mode
update-alternatives: warning: skip creation of /usr/share/man/man1/rsh.1.gz because associated file /usr/share/man/man1/ssh.1.gz (of link group rsh) doesn't exist
update-alternatives: using /usr/bin/slogin to provide /usr/bin/rlogin (rlogin) in auto mode
update-alternatives: warning: skip creation of /usr/share/man/man1/rlogin.1.gz because associated file /usr/share/man/man1/slogin.1.gz (of link group rlogin) doesn't exist
update-alternatives: using /usr/bin/scp to provide /usr/bin/rcp (rcp) in auto mode
update-alternatives: warning: skip creation of /usr/share/man/man1/rcp.1.gz because associated file /usr/share/man/man1/scp.1.gz (of link group rcp) doesn't exist
Setting up libxext6:amd64 (2:1.3.4-1build1) ...
Setting up shared-mime-info (2.1-2) ...
Setting up xauth (1:1.1-1build2) ...
Processing triggers for libc-bin (2.35-0ubuntu3.6) ...
Processing triggers for ca-certificates (20260601~22.04.1) ...
Updating certificates in /etc/ssl/certs...
0 added, 0 removed; done.
Running hooks in /etc/ca-certificates/update.d...
done.
Saving image...
Image saved, took 776.25ms

Built image im-4Wc91R9z0OGVyAUsK3gTFI in 17.83s


Building image im-mkkzuMZ0P5uc7dcspL4Yj0

=> Step 0: FROM base

=> Step 1: RUN curl -sSf https://sh.rustup.rs | sh -s -- -y --profile minimal --default-toolchain 1.98.1
info: downloading installer
info: profile set to minimal
info: default host tuple is x86_64-unknown-linux-gnu
info: syncing channel updates for 1.98.1-x86_64-unknown-linux-gnu
info: latest update on 2026-09-03 for version 1.98.1 (48a229cea 2026-09-01)
info: downloading 3 components
info: default toolchain set to 1.98.1-x86_64-unknown-linux-gnu

  1.98.1-x86_64-unknown-linux-gnu installed - rustc 1.98.1 (48a229cea 2026-09-01)


Rust is installed now. Great!

To get started you may need to restart your current shell.
This would reload your PATH environment variable to include
Cargo's bin directory ($HOME/.cargo/bin).

To configure your current shell, you need to source the
corresponding env file under $HOME/.cargo.

Consider running the right command for your shell (note the leading DOT):
. "$HOME/.cargo/env" # For sh/ash/dash/pdksh/bash
cargo:rerun-if-env-changed=CC_x86_64-unknown-linux-gnu
CC_x86_64-unknown-linux-gnu = None
cargo:rerun-if-env-changed=CC_x86_64_unknown_linux_gnu
CC_x86_64_unknown_linux_gnu = None
cargo:rerun-if-env-changed=HOST_CC
HOST_CC = None
cargo:rerun-if-env-changed=CC
CC = None
cargo:rerun-if-env-changed=CC_ENABLE_DEBUG_OUTPUT
cargo:rerun-if-env-changed=CRATE_CC_NO_DEFAULTS
CRATE_CC_NO_DEFAULTS = None
cargo:rerun-if-env-changed=CFLAGS
CFLAGS = Some(-g0)
cargo:rerun-if-env-changed=CC_SHELL_ESCAPED_FLAGS
CC_SHELL_ESCAPED_FLAGS = None
cargo:rerun-if-env-changed=HOST_CFLAGS
HOST_CFLAGS = None
cargo:rerun-if-env-changed=CFLAGS_x86_64_unknown_linux_gnu
CFLAGS_x86_64_unknown_linux_gnu = None
cargo:rerun-if-env-changed=CFLAGS_x86_64-unknown-linux-gnu
CFLAGS_x86_64-unknown-linux-gnu = None
Saving image...
Image saved, took 2.62s

Built image im-mkkzuMZ0P5uc7dcspL4Yj0 in 12.38s


Building image im-qg2cUJBWn1ImSb8bWeMpM5

=> Step 0: FROM base

=> Step 1: ENV PATH=/root/.cargo/bin:/usr/local/cuda/bin:/usr/local/sbin:/usr/local/bin:/usr/sbin:/usr/bin:/sbin:/bin

=> Step 2: ENV CUDA_PATH=/usr/local/cuda
Saving image...
Image saved, took 407.64ms

Built image im-qg2cUJBWn1ImSb8bWeMpM5 in 1.79s


Building image im-BzSiNJnWere0EO1Pp332mz

=> Step 0: FROM base

=> Step 1: COPY . /
Saving image...
Image saved, took 579.46ms

Built image im-BzSiNJnWere0EO1Pp332mz in 2.34s


Building image im-b1SMXcTsdkElgId4VuAYn7

=> Step 0: FROM base

=> Step 1: COPY . /
Saving image...
Image saved, took 2.17s

Built image im-b1SMXcTsdkElgId4VuAYn7 in 4.46s


Building image im-YfULuNxlVzIA2Y4LJfHK5n

=> Step 0: FROM base

=> Step 1: COPY . /
Saving image...
Image saved, took 1.34s

Built image im-YfULuNxlVzIA2Y4LJfHK5n in 4.45s


Building image im-bVMB2OxuFQ8iugB6z3ufuI

=> Step 0: FROM base

=> Step 1: RUN cd /root/chess/trainer && cargo build --release --features cuda --bin train_v3 --bin inspect 2>&1 | tail -n 5
   Compiling toml v0.8.23
   Compiling viriformat v2.0.1
   Compiling bullet_lib v1.0.0 (https://github.com/jw1912/bullet?rev=629ee50000b2afb7b3337595401c830d3b1e0f42#629ee500)
   Compiling trainer v0.1.0 (/root/chess/trainer)
    Finished `release` profile [optimized] target(s) in 12.22s
Saving image...
Image saved, took 4.41s

Built image im-bVMB2OxuFQ8iugB6z3ufuI in 18.50s


✓ Created objects.
├── 🔨 Created mount /home/liron/Desktop/chess/scripts/modal_train.py
├── 🔨 Created mount /home/liron/Desktop/chess/engine
├── 🔨 Created mount /home/liron/Desktop/chess/trainer
├── 🔨 Created mount /home/liron/Desktop/chess/nets/default.bin
├── 🔨 Created function fetch.
├── 🔨 Created function train.
└── 🔨 Created function status.

==========
== CUDA ==
==========

CUDA Version 12.4.1

Container image Copyright (c) 2016-2023, NVIDIA CORPORATION & AFFILIATES. All rights reserved.

This container image and its contents are governed by the NVIDIA Deep Learning Container License.
By pulling and using the container, you accept the terms and conditions of this license:
https://developer.nvidia.com/ngc/nvidia-deep-learning-container-license

A copy of this license is made available in this container at /NGC-DL-CONTAINER-LICENSE for your convenience.

WARNING: The NVIDIA Driver was not detected.  GPU functionality will not be available.
   Use the NVIDIA Container Toolkit to start this container with GPU support; see
   https://docs.nvidia.com/datacenter/cloud-native/ .

fetch test80-2024-01-jan-2tb7p.min-v2.v6.binpack ...

[1A/*stdin*\            : 0 MB...     
[1A/*stdin*\            : 0 MB...     
[1A/*stdin*\            : 8 MB...     
[1A/*stdin*\            : 17 MB...     
[1A/*stdin*\            : 26 MB...     
[1A/*stdin*\            : 35 MB...     
[1A/*stdin*\            : 43 MB...     
[1A/*stdin*\            : 48 MB...     
[1A/*stdin*\            : 56 MB...     
[1A/*stdin*\            : 61 MB...     
[1A/*stdin*\            : 69 MB...     
[1A/*stdin*\            : 75 MB...     
[1A/*stdin*\            : 76 MB...     
[1A/*stdin*\            : 77 MB...     
[1A/*stdin*\            : 84 MB...     
[1A/*stdin*\            : 93 MB...     
[1A/*stdin*\            : 101 MB...     
[1A/*stdin*\            : 109 MB...     
[1A/*stdin*\            : 117 MB...     
[1A/*stdin*\            : 123 MB...     
[1A/*stdin*\            : 131 MB...     
[1A/*stdin*\            : 139 MB...     
[1A/*stdin*\            : 146 MB...     
[1A/*stdin*\            : 153 MB...     
[1A/*stdin*\            : 160 MB...     
[1A/*stdin*\            : 168 MB...     
[1A/*stdin*\            : 175 MB...     
[1A/*stdin*\            : 181 MB...     
[1A/*stdin*\            : 189 MB...     
[1A/*stdin*\            : 197 MB...     
[1A/*stdin*\            : 203 MB...     
[1A/*stdin*\            : 210 MB...     
[1A/*stdin*\            : 216 MB...     
[1A/*stdin*\            : 222 MB...     
[1A/*stdin*\            : 229 MB...     
[1A/*stdin*\            : 235 MB...     
[1A/*stdin*\            : 242 MB...     
[1A/*stdin*\            : 249 MB...     
[1A/*stdin*\            : 257 MB...     
[1A/*stdin*\            : 264 MB...     
[1A/*stdin*\            : 272 MB...     
[1A/*stdin*\            : 280 MB...     
[1A/*stdin*\            : 287 MB...     
[1A/*stdin*\            : 295 MB...     
[1A/*stdin*\            : 302 MB...     
[1A/*stdin*\            : 309 MB...     
[1A/*stdin*\            : 316 MB...     
[1A/*stdin*\            : 322 MB...     
[1A/*stdin*\            : 328 MB...     
[1A/*stdin*\            : 332 MB...     
[1A/*stdin*\            : 339 MB...     
[1A/*stdin*\            : 345 MB...     
[1A/*stdin*\            : 352 MB...     
[1A/*stdin*\            : 359 MB...     
[1A/*stdin*\            : 367 MB...     
[1A/*stdin*\            : 375 MB...     
[1A/*stdin*\            : 382 MB...     
[1A/*stdin*\            : 390 MB...     
[1A/*stdin*\            : 399 MB...     
[1A/*stdin*\            : 407 MB...     
[1A/*stdin*\            : 416 MB...     
[1A/*stdin*\            : 425 MB...     
[1A/*stdin*\            : 434 MB...     
[1A/*stdin*\            : 443 MB...     
[1A/*stdin*\            : 451 MB...     
[1A/*stdin*\            : 458 MB...     
[1A/*stdin*\            : 464 MB...     
[1A/*stdin*\            : 472 MB...     
[1A/*stdin*\            : 480 MB...     
[1A/*stdin*\            : 488 MB...     
[1A/*stdin*\            : 496 MB...     
[1A/*stdin*\            : 503 MB...     
[1A/*stdin*\            : 511 MB...     
[1A/*stdin*\            : 518 MB...     
[1A/*stdin*\            : 527 MB...     
[1A/*stdin*\            : 535 MB...     
[1A/*stdin*\            : 543 MB...     
[1A/*stdin*\            : 551 MB...     
[1A/*stdin*\            : 558 MB...     
[1A/*stdin*\            : 568 MB...     
[1A/*stdin*\            : 577 MB...     
[1A/*stdin*\            : 585 MB...     
[1A/*stdin*\            : 594 MB...     
[1A/*stdin*\            : 601 MB...     
[1A/*stdin*\            : 609 MB...     
[1A/*stdin*\            : 617 MB...     
[1A/*stdin*\            : 626 MB...     
[1A/*stdin*\            : 633 MB...     
[1A/*stdin*\            : 641 MB...     
[1A/*stdin*\            : 650 MB...     
[1A/*stdin*\            : 658 MB...     
[1A/*stdin*\            : 666 MB...     
[1A/*stdin*\            : 674 MB...     
[1A/*stdin*\            : 683 MB...     
[1A/*stdin*\            : 687 MB...     
[1A/*stdin*\            : 696 MB...     
[1A/*stdin*\            : 703 MB...     
[1A/*stdin*\            : 712 MB...     
[1A/*stdin*\            : 720 MB...     
[1A/*stdin*\            : 728 MB...     
[1A/*stdin*\            : 736 MB...     
[1A/*stdin*\            : 745 MB...     
[1A/*stdin*\            : 753 MB...     
[1A/*stdin*\            : 760 MB...     
[1A/*stdin*\            : 767 MB...     
[1A/*stdin*\            : 775 MB...     
[1A/*stdin*\            : 781 MB...     
[1A/*stdin*\            : 789 MB...     
[1A/*stdin*\            : 797 MB...     
[1A/*stdin*\            : 805 MB...     
[1A/*stdin*\            : 813 MB...     
[1A/*stdin*\            : 820 MB...     
[1A/*stdin*\            : 828 MB...     
[1A/*stdin*\            : 836 MB...     
[1A/*stdin*\            : 843 MB...     
[1A/*stdin*\            : 849 MB...     
[1A/*stdin*\            : 856 MB...     
[1A/*stdin*\            : 861 MB...     
[1A/*stdin*\            : 867 MB...     
[1A/*stdin*\            : 874 MB...     
[1A/*stdin*\            : 880 MB...     
[1A/*stdin*\            : 886 MB...     
[1A/*stdin*\            : 891 MB...     
[1A/*stdin*\            : 896 MB...     
[1A/*stdin*\            : 899 MB...     
[1A/*stdin*\            : 904 MB...     
[1A/*stdin*\            : 909 MB...     
[1A/*stdin*\            : 916 MB...     
[1A/*stdin*\            : 923 MB...     
[1A/*stdin*\            : 929 MB...     
[1A/*stdin*\            : 936 MB...     
[1A/*stdin*\            : 941 MB...     
[1A/*stdin*\            : 948 MB...     
[1A/*stdin*\            : 955 MB...     
[1A/*stdin*\            : 963 MB...     
[1A/*stdin*\            : 970 MB...     
[1A/*stdin*\            : 977 MB...     
[1A/*stdin*\            : 985 MB...     
[1A/*stdin*\            : 992 MB...     
[1A/*stdin*\            : 1000 MB...     
[1A/*stdin*\            : 1007 MB...     
[1A/*stdin*\            : 1013 MB...     
[1A/*stdin*\            : 1020 MB...     
[1A/*stdin*\            : 1027 MB...     
[1A/*stdin*\            : 1034 MB...     
[1A/*stdin*\            : 1041 MB...     
[1A/*stdin*\            : 1048 MB...     
[1A/*stdin*\            : 1055 MB...     
[1A/*stdin*\            : 1063 MB...     
[1A/*stdin*\            : 1071 MB...     
[1A/*stdin*\            : 1079 MB...     
[1A/*stdin*\            : 1088 MB...     
[1A/*stdin*\            : 1097 MB...     
[1A/*stdin*\            : 1106 MB...     
[1A/*stdin*\            : 1114 MB...     
[1A/*stdin*\            : 1123 MB...     
[1A/*stdin*\            : 1132 MB...     
[1A/*stdin*\            : 1141 MB...     
[1A/*stdin*\            : 1149 MB...     
[1A/*stdin*\            : 1157 MB...     
[1A/*stdin*\            : 1165 MB...     
[1A/*stdin*\            : 1173 MB...     
[1A/*stdin*\            : 1181 MB...     
[1A/*stdin*\            : 1189 MB...     
[1A/*stdin*\            : 1197 MB...     
[1A/*stdin*\            : 1206 MB...     
[1A/*stdin*\            : 1214 MB...     
[1A/*stdin*\            : 1222 MB...     
[1A/*stdin*\            : 1231 MB...     
[1A/*stdin*\            : 1239 MB...     
[1A/*stdin*\            : 1248 MB...     
[1A/*stdin*\            : 1257 MB...     
[1A/*stdin*\            : 1265 MB...     
[1A/*stdin*\            : 1273 MB...     
[1A/*stdin*\            : 1282 MB...     
[1A/*stdin*\            : 1290 MB...     
[1A/*stdin*\            : 1298 MB...     
[1A/*stdin*\            : 1307 MB...     
[1A/*stdin*\            : 1315 MB...     
[1A/*stdin*\            : 1324 MB...     
[1A/*stdin*\            : 1332 MB...     
[1A/*stdin*\            : 1340 MB...     
[1A/*stdin*\            : 1349 MB...     
[1A/*stdin*\            : 1357 MB...     
[1A/*stdin*\            : 1359 MB...     
[1A/*stdin*\            : 1367 MB...     
[1A/*stdin*\            : 1376 MB...     
[1A/*stdin*\            : 1384 MB...     
[1A/*stdin*\            : 1394 MB...     
[1A/*stdin*\            : 1404 MB...     
[1A/*stdin*\            : 1413 MB...     
[1A/*stdin*\            : 1422 MB...     
[1A/*stdin*\            : 1430 MB...     
[1A/*stdin*\            : 1437 MB...     
[1A/*stdin*\            : 1445 MB...     
[1A/*stdin*\            : 1453 MB...     
[1A/*stdin*\            : 1462 MB...     
[1A/*stdin*\            : 1470 MB...     
[1A/*stdin*\            : 1478 MB...     
[1A/*stdin*\            : 1486 MB...     
[1A/*stdin*\            : 1495 MB...     
[1A/*stdin*\            : 1504 MB...     
[1A/*stdin*\            : 1513 MB...     
[1A/*stdin*\            : 1522 MB...     
[1A/*stdin*\            : 1533 MB...     
[1A/*stdin*\            : 1543 MB...     
[1A/*stdin*\            : 1553 MB...     
[1A/*stdin*\            : 1562 MB...     
[1A/*stdin*\            : 1570 MB...     
[1A/*stdin*\            : 1579 MB...     
[1A/*stdin*\            : 1589 MB...     
[1A/*stdin*\            : 1599 MB...     
[1A/*stdin*\            : 1609 MB...     
[1A/*stdin*\            : 1617 MB...     
[1A/*stdin*\            : 1626 MB...     
[1A/*stdin*\            : 1635 MB...     
[1A/*stdin*\            : 1644 MB...     
[1A/*stdin*\            : 1653 MB...     
[1A/*stdin*\            : 1662 MB...     
[1A/*stdin*\            : 1672 MB...     
[1A/*stdin*\            : 1681 MB...     
[1A/*stdin*\            : 1690 MB...     
[1A/*stdin*\            : 1698 MB...     
[1A/*stdin*\            : 1706 MB...     
[1A/*stdin*\            : 1716 MB...     
[1A/*stdin*\            : 1723 MB...     
[1A/*stdin*\            : 1730 MB...     
[1A/*stdin*\            : 1740 MB...     
[1A/*stdin*\            : 1749 MB...     
[1A/*stdin*\            : 1758 MB...     
[1A/*stdin*\            : 1765 MB...     
[1A/*stdin*\            : 1773 MB...     
[1A/*stdin*\            : 1782 MB...     
[1A/*stdin*\            : 1790 MB...     
[1A/*stdin*\            : 1800 MB...     
[1A/*stdin*\            : 1809 MB...     
[1A/*stdin*\            : 1817 MB...     
[1A/*stdin*\            : 1826 MB...     
[1A/*stdin*\            : 1834 MB...     
[1A/*stdin*\            : 1843 MB...     
[1A/*stdin*\            : 1852 MB...     
[1A/*stdin*\            : 1861 MB...     
[1A/*stdin*\            : 1870 MB...     
[1A/*stdin*\            : 1877 MB...     
[1A/*stdin*\            : 1886 MB...     
[1A/*stdin*\            : 1889 MB...     
[1A/*stdin*\            : 1897 MB...     
[1A/*stdin*\            : 1905 MB...     
[1A/*stdin*\            : 1910 MB...     
[1A/*stdin*\            : 1920 MB...     
[1A/*stdin*\            : 1929 MB...     
[1A/*stdin*\            : 1938 MB...     
[1A/*stdin*\            : 1947 MB...     
[1A/*stdin*\            : 1956 MB...     
[1A/*stdin*\            : 1961 MB...     
[1A/*stdin*\            : 1969 MB...     
[1A/*stdin*\            : 1977 MB...     
[1A/*stdin*\            : 1984 MB...     
[1A/*stdin*\            : 1987 MB...     
[1A/*stdin*\            : 1988 MB...     
[1A/*stdin*\            : 1994 MB...     
[1A/*stdin*\            : 2001 MB...     
[1A/*stdin*\            : 2010 MB...     
[1A/*stdin*\            : 2018 MB...     
[1A/*stdin*\            : 2026 MB...     
[1A/*stdin*\            : 2036 MB...     
[1A/*stdin*\            : 2045 MB...     
[1A/*stdin*\            : 2054 MB...     
[1A/*stdin*\            : 2063 MB...     
[1A/*stdin*\            : 2063 MB...     
[1A/*stdin*\            : 2071 MB...     
[1A/*stdin*\            : 2079 MB...     
[1A/*stdin*\            : 2089 MB...     
[1A/*stdin*\            : 2098 MB...     
[1A/*stdin*\            : 2106 MB...     
[1A/*stdin*\            : 2116 MB...     
[1A/*stdin*\            : 2117 MB...     
[1A/*stdin*\            : 2125 MB...     
[1A/*stdin*\            : 2134 MB...     
[1A/*stdin*\            : 2144 MB...     
[1A/*stdin*\            : 2154 MB...     
[1A/*stdin*\            : 2164 MB...     
[1A/*stdin*\            : 2172 MB...     
[1A/*stdin*\            : 2180 MB...     
[1A/*stdin*\            : 2188 MB...     
[1A/*stdin*\            : 2196 MB...     
[1A/*stdin*\            : 2204 MB...     
[1A/*stdin*\            : 2212 MB...     
[1A/*stdin*\            : 2220 MB...     
[1A/*stdin*\            : 2227 MB...     
[1A/*stdin*\            : 2235 MB...     
[1A/*stdin*\            : 2243 MB...     
[1A/*stdin*\            : 2252 MB...     
[1A/*stdin*\            : 2261 MB...     
[1A/*stdin*\            : 2270 MB...     
[1A/*stdin*\            : 2279 MB...     
[1A/*stdin*\            : 2289 MB...     
[1A/*stdin*\            : 2293 MB...     
[1A/*stdin*\            : 2302 MB...     
[1A/*stdin*\            : 2310 MB...     
[1A/*stdin*\            : 2318 MB...     
[1A/*stdin*\            : 2327 MB...     
[1A/*stdin*\            : 2337 MB...     
[1A/*stdin*\            : 2346 MB...     
[1A/*stdin*\            : 2355 MB...     
[1A/*stdin*\            : 2366 MB...     
[1A/*stdin*\            : 2369 MB...     
[1A/*stdin*\            : 2379 MB...     
[1A/*stdin*\            : 2388 MB...     
[1A/*stdin*\            : 2397 MB...     
[1A/*stdin*\            : 2406 MB...     
[1A/*stdin*\            : 2414 MB...     
[1A/*stdin*\            : 2423 MB...     
[1A/*stdin*\            : 2432 MB...     
[1A/*stdin*\            : 2441 MB...     
[1A/*stdin*\            : 2446 MB...     
[1A/*stdin*\            : 2446 MB...     
[1A/*stdin*\            : 2447 MB...     
[1A/*stdin*\            : 2449 MB...     
[1A/*stdin*\            : 2455 MB...     
[1A/*stdin*\            : 2464 MB...     
[1A/*stdin*\            : 2472 MB...     
[1A/*stdin*\            : 2480 MB...     
[1A/*stdin*\            : 2488 MB...     
[1A/*stdin*\            : 2497 MB...     
[1A/*stdin*\            : 2506 MB...     
[1A/*stdin*\            : 2514 MB...     
[1A/*stdin*\            : 2522 MB...     
[1A/*stdin*\            : 2523 MB...     
[1A/*stdin*\            : 2532 MB...     
[1A/*stdin*\            : 2541 MB...     
[1A/*stdin*\            : 2550 MB...     
[1A/*stdin*\            : 2559 MB...     
[1A/*stdin*\            : 2567 MB...     
[1A/*stdin*\            : 2576 MB...     
[1A/*stdin*\            : 2585 MB...     
[1A/*stdin*\            : 2594 MB...     
[1A/*stdin*\            : 2599 MB...     
[1A/*stdin*\            : 2606 MB...     
[1A/*stdin*\            : 2613 MB...     
[1A/*stdin*\            : 2621 MB...     
[1A/*stdin*\            : 2630 MB...     
[1A/*stdin*\            : 2638 MB...     
[1A/*stdin*\            : 2647 MB...     
[1A/*stdin*\            : 2656 MB...     
[1A/*stdin*\            : 2666 MB...     
[1A/*stdin*\            : 2673 MB...     
[1A/*stdin*\            : 2675 MB...     
[1A/*stdin*\            : 2685 MB...     
[1A/*stdin*\            : 2695 MB...     
[1A/*stdin*\            : 2706 MB...     
[1A/*stdin*\            : 2714 MB...     
[1A/*stdin*\            : 2722 MB...     
[1A/*stdin*\            : 2730 MB...     
[1A/*stdin*\            : 2740 MB...     
[1A/*stdin*\            : 2750 MB...     
[1A/*stdin*\            : 2759 MB...     
[1A/*stdin*\            : 2768 MB...     
[1A/*stdin*\            : 2777 MB...     
[1A/*stdin*\            : 2788 MB...     
[1A/*stdin*\            : 2798 MB...     
[1A/*stdin*\            : 2808 MB...     
[1A/*stdin*\            : 2818 MB...     
[1A/*stdin*\            : 2827 MB...     
[1A/*stdin*\            : 2837 MB...     
[1A/*stdin*\            : 2847 MB...     
[1A/*stdin*\            : 2857 MB...     
[1A/*stdin*\            : 2866 MB...     
[1A/*stdin*\            : 2875 MB...     
[1A/*stdin*\            : 2884 MB...     
[1A/*stdin*\            : 2893 MB...     
[1A/*stdin*\            : 2901 MB...     
[1A/*stdin*\            : 2904 MB...     
[1A/*stdin*\            : 2914 MB...     
[1A/*stdin*\            : 2922 MB...     
[1A/*stdin*\            : 2931 MB...     
[1A/*stdin*\            : 2940 MB...     
[1A/*stdin*\            : 2949 MB...     
[1A/*stdin*\            : 2957 MB...     
[1A/*stdin*\            : 2965 MB...     
[1A/*stdin*\            : 2974 MB...     
[1A/*stdin*\            : 2981 MB...     
[1A/*stdin*\            : 2989 MB...     
[1A/*stdin*\            : 2998 MB...     
[1A/*stdin*\            : 3007 MB...     
[1A/*stdin*\            : 3013 MB...     
[1A/*stdin*\            : 3022 MB...     
[1A/*stdin*\            : 3031 MB...     
[1A/*stdin*\            : 3041 MB...     
[1A/*stdin*\            : 3050 MB...     
[1A/*stdin*\            : 3057 MB...     
[1A/*stdin*\            : 3067 MB...     
[1A/*stdin*\            : 3076 MB...     
[1A/*stdin*\            : 3084 MB...     
[1A/*stdin*\            : 3091 MB...     
[1A/*stdin*\            : 3091 MB...     
[1A/*stdin*\            : 3100 MB...     
[1A/*stdin*\            : 3107 MB...     
[1A/*stdin*\            : 3115 MB...     
[1A/*stdin*\            : 3123 MB...     
[1A/*stdin*\            : 3127 MB...     
[1A/*stdin*\            : 3130 MB...     
[1A/*stdin*\            : 3134 MB...     
[1A/*stdin*\            : 3143 MB...     
[1A/*stdin*\            : 3152 MB...     
[1A/*stdin*\            : 3161 MB...     
[1A/*stdin*\            : 3166 MB...     
[1A/*stdin*\            : 3173 MB...     
[1A/*stdin*\            : 3182 MB...     
[1A/*stdin*\            : 3191 MB...     
[1A/*stdin*\            : 3200 MB...     
[1A/*stdin*\            : 3209 MB...     
[1A/*stdin*\            : 3211 MB...     
[1A/*stdin*\            : 3216 MB...     
[1A/*stdin*\            : 3225 MB...     
[1A/*stdin*\            : 3234 MB...     
[1A/*stdin*\            : 3243 MB...     
[1A/*stdin*\            : 3252 MB...     
[1A/*stdin*\            : 3261 MB...     
[1A/*stdin*\            : 3271 MB...     
[1A/*stdin*\            : 3279 MB...     
[1A/*stdin*\            : 3286 MB...     
[1A/*stdin*\            : 3294 MB...     
[1A/*stdin*\            : 3304 MB...     
[1A/*stdin*\            : 3313 MB...     
[1A/*stdin*\            : 3323 MB...     
[1A/*stdin*\            : 3332 MB...     
[1A/*stdin*\            : 3342 MB...     
[1A/*stdin*\            : 3351 MB...     
[1A/*stdin*\            : 3359 MB...     
[1A/*stdin*\            : 3364 MB...     
[1A/*stdin*\            : 3372 MB...     
[1A/*stdin*\            : 3380 MB...     
[1A/*stdin*\            : 3389 MB...     
[1A/*stdin*\            : 3398 MB...     
[1A/*stdin*\            : 3407 MB...     
[1A/*stdin*\            : 3416 MB...     
[1A/*stdin*\            : 3425 MB...     
[1A/*stdin*\            : 3435 MB...     
[1A/*stdin*\            : 3439 MB...     
[1A/*stdin*\            : 3447 MB...     
[1A/*stdin*\            : 3456 MB...     
[1A/*stdin*\            : 3465 MB...     
[1A/*stdin*\            : 3471 MB...     
[1A/*stdin*\            : 3480 MB...     
[1A/*stdin*\            : 3489 MB...     
[1A/*stdin*\            : 3497 MB...     
[1A/*stdin*\            : 3506 MB...     
[1A/*stdin*\            : 3515 MB...     
[1A/*stdin*\            : 3516 MB...     
[1A/*stdin*\            : 3524 MB...     
[1A/*stdin*\            : 3531 MB...     
[1A/*stdin*\            : 3539 MB...     
[1A/*stdin*\            : 3548 MB...     
[1A/*stdin*\            : 3557 MB...     
[1A/*stdin*\            : 3565 MB...     
[1A/*stdin*\            : 3574 MB...     
[1A/*stdin*\            : 3582 MB...     
[1A/*stdin*\            : 3591 MB...     
[1A/*stdin*\            : 3593 MB...     
[1A/*stdin*\            : 3602 MB...     
[1A/*stdin*\            : 3611 MB...     
[1A/*stdin*\            : 3619 MB...     
[1A/*stdin*\            : 3628 MB...     
[1A/*stdin*\            : 3635 MB...     
[1A/*stdin*\            : 3644 MB...     
[1A/*stdin*\            : 3653 MB...     
[1A/*stdin*\            : 3662 MB...     
[1A/*stdin*\            : 3669 MB...     
[1A/*stdin*\            : 3676 MB...     
[1A/*stdin*\            : 3685 MB...     
[1A/*stdin*\            : 3693 MB...     
[1A/*stdin*\            : 3698 MB...     
[1A/*stdin*\            : 3707 MB...     
[1A/*stdin*\            : 3717 MB...     
[1A/*stdin*\            : 3725 MB...     
[1A/*stdin*\            : 3728 MB...     
[1A/*stdin*\            : 3737 MB...     
[1A/*stdin*\            : 3745 MB...     
[1A/*stdin*\            : 3753 MB...     
[1A/*stdin*\            : 3762 MB...     
[1A/*stdin*\            : 3770 MB...     
[1A/*stdin*\            : 3775 MB...     
[1A/*stdin*\            : 3783 MB...     
[1A/*stdin*\            : 3791 MB...     
[1A/*stdin*\            : 3800 MB...     
[1A/*stdin*\            : 3805 MB...     
[1A/*stdin*\            : 3813 MB...     
[1A/*stdin*\            : 3821 MB...     
[1A/*stdin*\            : 3821 MB...     
[1A/*stdin*\            : 3829 MB...     
[1A/*stdin*\            : 3839 MB...     
[1A/*stdin*\            : 3849 MB...     
[1A/*stdin*\            : 3858 MB...     
[1A/*stdin*\            : 3866 MB...     
[1A/*stdin*\            : 3874 MB...     
[1A/*stdin*\            : 3883 MB...     
[1A/*stdin*\            : 3892 MB...     
[1A/*stdin*\            : 3898 MB...     
[1A/*stdin*\            : 3907 MB...     
[1A/*stdin*\            : 3916 MB...     
[1A/*stdin*\            : 3925 MB...     
[1A/*stdin*\            : 3935 MB...     
[1A/*stdin*\            : 3943 MB...     
[1A/*stdin*\            : 3952 MB...     
[1A/*stdin*\            : 3960 MB...     
[1A/*stdin*\            : 3969 MB...     
[1A/*stdin*\            : 3974 MB...     
[1A/*stdin*\            : 3982 MB...     
[1A/*stdin*\            : 3992 MB...     
[1A/*stdin*\            : 4001 MB...     
[1A/*stdin*\            : 4011 MB...     
[1A/*stdin*\            : 4021 MB...     
[1A/*stdin*\            : 4028 MB...     
[1A/*stdin*\            : 4038 MB...     
[1A/*stdin*\            : 4047 MB...     
[1A/*stdin*\            : 4051 MB...     
[1A/*stdin*\            : 4060 MB...     
[1A/*stdin*\            : 4070 MB...     
[1A/*stdin*\            : 4078 MB...     
[1A/*stdin*\            : 4087 MB...     
[1A/*stdin*\            : 4096 MB...     
[1A/*stdin*\            : 4105 MB...     
[1A/*stdin*\            : 4114 MB...     
[1A/*stdin*\            : 4122 MB...     
[1A/*stdin*\            : 4131 MB...     
[1A/*stdin*\            : 4139 MB...     
[1A/*stdin*\            : 4146 MB...     
[1A/*stdin*\            : 4155 MB...     
[1A/*stdin*\            : 4163 MB...     
[1A/*stdin*\            : 4172 MB...     
[1A/*stdin*\            : 4181 MB...     
[1A/*stdin*\            : 4188 MB...     
[1A/*stdin*\            : 4197 MB...     
[1A/*stdin*\            : 4205 MB...     
[1A/*stdin*\            : 4212 MB...     
[1A/*stdin*\            : 4219 MB...     
[1A/*stdin*\            : 4228 MB...     
[1A/*stdin*\            : 4236 MB...     
[1A/*stdin*\            : 4244 MB...     
[1A/*stdin*\            : 4251 MB...     
[1A/*stdin*\            : 4256 MB...     
[1A/*stdin*\            : 4261 MB...     
[1A/*stdin*\            : 4269 MB...     
[1A/*stdin*\            : 4276 MB...     
[1A/*stdin*\            : 4284 MB...     
[1A/*stdin*\            : 4293 MB...     
[1A/*stdin*\            : 4301 MB...     
[1A/*stdin*\            : 4310 MB...     
[1A/*stdin*\            : 4319 MB...     
[1A/*stdin*\            : 4327 MB...     
[1A/*stdin*\            : 4336 MB...     
[1A/*stdin*\            : 4343 MB...     
[1A/*stdin*\            : 4351 MB...     
[1A/*stdin*\            : 4360 MB...     
[1A/*stdin*\            : 4368 MB...     
[1A/*stdin*\            : 4376 MB...     
[1A/*stdin*\            : 4385 MB...     
[1A/*stdin*\            : 4394 MB...     
[1A/*stdin*\            : 4403 MB...     
[1A/*stdin*\            : 4410 MB...     
[1A/*stdin*\            : 4418 MB...     
[1A/*stdin*\            : 4427 MB...     
[1A/*stdin*\            : 4436 MB...     
[1A/*stdin*\            : 4444 MB...     
[1A/*stdin*\            : 4453 MB...     
[1A/*stdin*\            : 4461 MB...     
[1A/*stdin*\            : 4470 MB...     
[1A/*stdin*\            : 4477 MB...     
[1A/*stdin*\            : 4485 MB...     
[1A/*stdin*\            : 4494 MB...     
[1A/*stdin*\            : 4502 MB...     
[1A/*stdin*\            : 4511 MB...     
[1A/*stdin*\            : 4520 MB...     
[1A/*stdin*\            : 4529 MB...     
[1A/*stdin*\            : 4534 MB...     
[1A/*stdin*\            : 4542 MB...     
[1A/*stdin*\            : 4548 MB...     
[1A/*stdin*\            : 4557 MB...     
[1A/*stdin*\            : 4565 MB...     
[1A/*stdin*\            : 4574 MB...     
[1A/*stdin*\            : 4583 MB...     
[1A/*stdin*\            : 4592 MB...     
[1A/*stdin*\            : 4601 MB...     
[1A/*stdin*\            : 4609 MB...     
[1A/*stdin*\            : 4619 MB...     
[1A/*stdin*\            : 4628 MB...     
[1A/*stdin*\            : 4636 MB...     
[1A/*stdin*\            : 4645 MB...     
[1A/*stdin*\            : 4654 MB...     
[1A/*stdin*\            : 4664 MB...     
[1A/*stdin*\            : 4672 MB...     
[1A/*stdin*\            : 4680 MB...     
[1A/*stdin*\            : 4688 MB...     
[1A/*stdin*\            : 4696 MB...     
[1A/*stdin*\            : 4704 MB...     
[1A/*stdin*\            : 4712 MB...     
[1A/*stdin*\            : 4721 MB...     
[1A/*stdin*\            : 4729 MB...     
[1A/*stdin*\            : 4737 MB...     
[1A/*stdin*\            : 4746 MB...     
[1A/*stdin*\            : 4755 MB...     
[1A/*stdin*\            : 4762 MB...     
[1A/*stdin*\            : 4770 MB...     
[1A/*stdin*\            : 4777 MB...     
[1A/*stdin*\            : 4786 MB...     
[1A/*stdin*\            : 4794 MB...     
[1A/*stdin*\            : 4802 MB...     
[1A/*stdin*\            : 4809 MB...     
[1A/*stdin*\            : 4818 MB...     
[1A/*stdin*\            : 4827 MB...     
[1A/*stdin*\            : 4835 MB...     
[1A/*stdin*\            : 4844 MB...     
[1A/*stdin*\            : 4852 MB...     
[1A/*stdin*\            : 4861 MB...     
[1A/*stdin*\            : 4869 MB...     
[1A/*stdin*\            : 4879 MB...     
[1A/*stdin*\            : 4888 MB...     
[1A/*stdin*\            : 4898 MB...     
[1A/*stdin*\            : 4907 MB...     
[1A/*stdin*\            : 4917 MB...     
[1A/*stdin*\            : 4928 MB...     
[1A/*stdin*\            : 4937 MB...     
[1A/*stdin*\            : 4947 MB...     
[1A/*stdin*\            : 4957 MB...     
[1A/*stdin*\            : 4966 MB...     
[1A/*stdin*\            : 4968 MB...     
[1A/*stdin*\            : 4977 MB...     
[1A/*stdin*\            : 4985 MB...     
[1A/*stdin*\            : 4995 MB...     
[1A/*stdin*\            : 5004 MB...     
[1A/*stdin*\            : 5014 MB...     
[1A/*stdin*\            : 5024 MB...     
[1A/*stdin*\            : 5032 MB...     
[1A/*stdin*\            : 5041 MB...     
[1A/*stdin*\            : 5050 MB...     
[1A/*stdin*\            : 5057 MB...     
[1A/*stdin*\            : 5065 MB...     
[1A/*stdin*\            : 5074 MB...     
[1A/*stdin*\            : 5083 MB...     
[1A/*stdin*\            : 5092 MB...     
[1A/*stdin*\            : 5101 MB...     
[1A/*stdin*\            : 5110 MB...     
[1A/*stdin*\            : 5118 MB...     
[1A/*stdin*\            : 5124 MB...     
[1A/*stdin*\            : 5132 MB...     
[1A/*stdin*\            : 5139 MB...     
[1A/*stdin*\            : 5143 MB...     
[1A/*stdin*\            : 5150 MB...     
[1A/*stdin*\            : 5157 MB...     
[1A/*stdin*\            : 5165 MB...     
[1A/*stdin*\            : 5174 MB...     
[1A/*stdin*\            : 5183 MB...     
[1A/*stdin*\            : 5192 MB...     
[1A/*stdin*\            : 5201 MB...     
[1A/*stdin*\            : 5209 MB...     
[1A/*stdin*\            : 5218 MB...     
[1A/*stdin*\            : 5227 MB...     
[1A/*stdin*\            : 5237 MB...     
[1A/*stdin*\            : 5246 MB...     
[1A/*stdin*\            : 5256 MB...     
[1A/*stdin*\            : 5266 MB...     
[1A/*stdin*\            : 5273 MB...     
[1A/*stdin*\            : 5283 MB...     
[1A/*stdin*\            : 5293 MB...     
[1A/*stdin*\            : 5301 MB...     
[1A/*stdin*\            : 5310 MB...     
[1A/*stdin*\            : 5319 MB...     
[1A/*stdin*\            : 5327 MB...     
[1A/*stdin*\            : 5336 MB...     
[1A/*stdin*\            : 5345 MB...     
[1A/*stdin*\            : 5350 MB...     
[1A/*stdin*\            : 5359 MB...     
[1A/*stdin*\            : 5368 MB...     
[1A/*stdin*\            : 5377 MB...     
[1A/*stdin*\            : 5387 MB...     
[1A/*stdin*\            : 5397 MB...     
[1A/*stdin*\            : 5405 MB...     
[1A/*stdin*\            : 5414 MB...     
[1A/*stdin*\            : 5424 MB...     
[1A/*stdin*\            : 5426 MB...     
[1A/*stdin*\            : 5436 MB...     
[1A/*stdin*\            : 5445 MB...     
[1A/*stdin*\            : 5455 MB...     
[1A/*stdin*\            : 5464 MB...     
[1A/*stdin*\            : 5473 MB...     
[1A/*stdin*\            : 5484 MB...     
[1A/*stdin*\            : 5493 MB...     
[1A/*stdin*\            : 5503 MB...     
[1A/*stdin*\            : 5512 MB...     
[1A/*stdin*\            : 5522 MB...     
[1A/*stdin*\            : 5531 MB...     
[1A/*stdin*\            : 5540 MB...     
[1A/*stdin*\            : 5549 MB...     
[1A/*stdin*\            : 5559 MB...     
[1A/*stdin*\            : 5570 MB...     
[1A/*stdin*\            : 5579 MB...     
[1A/*stdin*\            : 5588 MB...     
[1A/*stdin*\            : 5598 MB...     
[1A/*stdin*\            : 5606 MB...     
[1A/*stdin*\            : 5616 MB...     
[1A/*stdin*\            : 5625 MB...     
[1A/*stdin*\            : 5633 MB...     
[1A/*stdin*\            : 5643 MB...     
[1A/*stdin*\            : 5651 MB...     
[1A/*stdin*\            : 5656 MB...     
[1A/*stdin*\            : 5664 MB...     
[1A/*stdin*\            : 5672 MB...     
[1A/*stdin*\            : 5681 MB...     
[1A/*stdin*\            : 5691 MB...     
[1A/*stdin*\            : 5699 MB...     
[1A/*stdin*\            : 5708 MB...     
[1A/*stdin*\            : 5716 MB...     
[1A/*stdin*\            : 5725 MB...     
[1A/*stdin*\            : 5732 MB...     
[1A/*stdin*\            : 5741 MB...     
[1A/*stdin*\            : 5750 MB...     
[1A/*stdin*\            : 5759 MB...     
[1A/*stdin*\            : 5768 MB...     
[1A/*stdin*\            : 5774 MB...     
[1A/*stdin*\            : 5783 MB...     
[1A/*stdin*\            : 5791 MB...     
[1A/*stdin*\            : 5800 MB...     
[1A/*stdin*\            : 5808 MB...     
[1A/*stdin*\            : 5817 MB...     
[1A/*stdin*\            : 5826 MB...     
[1A/*stdin*\            : 5835 MB...     
[1A/*stdin*\            : 5844 MB...     
[1A/*stdin*\            : 5853 MB...     
[1A/*stdin*\            : 5861 MB...     
[1A/*stdin*\            : 5870 MB...     
[1A/*stdin*\            : 5880 MB...     
[1A/*stdin*\            : 5885 MB...     
[1A/*stdin*\            : 5892 MB...     
[1A/*stdin*\            : 5900 MB...     
[1A/*stdin*\            : 5908 MB...     
[1A/*stdin*\            : 5915 MB...     
[1A/*stdin*\            : 5922 MB...     
[1A/*stdin*\            : 5931 MB...     
[1A/*stdin*\            : 5940 MB...     
[1A/*stdin*\            : 5949 MB...     
[1A/*stdin*\            : 5959 MB...     
[1A/*stdin*\            : 5962 MB...     
[1A/*stdin*\            : 5970 MB...     
[1A/*stdin*\            : 5980 MB...     
[1A/*stdin*\            : 5989 MB...     
[1A/*stdin*\            : 5998 MB...     
[1A/*stdin*\            : 6006 MB...     
[1A/*stdin*\            : 6015 MB...     
[1A/*stdin*\            : 6024 MB...     
[1A/*stdin*\            : 6033 MB...     
[1A/*stdin*\            : 6037 MB...     
[1A/*stdin*\            : 6043 MB...     
[1A/*stdin*\            : 6051 MB...     
[1A/*stdin*\            : 6060 MB...     
[1A/*stdin*\            : 6069 MB...     
[1A/*stdin*\            : 6079 MB...     
[1A/*stdin*\            : 6089 MB...     
[1A/*stdin*\            : 6099 MB...     
[1A/*stdin*\            : 6108 MB...     
[1A/*stdin*\            : 6114 MB...     
[1A/*stdin*\            : 6123 MB...     
[1A/*stdin*\            : 6132 MB...     
[1A/*stdin*\            : 6141 MB...     
[1A/*stdin*\            : 6148 MB...     
[1A/*stdin*\            : 6156 MB...     
[1A/*stdin*\            : 6164 MB...     
[1A/*stdin*\            : 6172 MB...     
[1A/*stdin*\            : 6181 MB...     
[1A/*stdin*\            : 6189 MB...     
[1A/*stdin*\            : 6190 MB...     
[1A/*stdin*\            : 6199 MB...     
[1A/*stdin*\            : 6207 MB...     
[1A/*stdin*\            : 6215 MB...     
[1A/*stdin*\            : 6222 MB...     
[1A/*stdin*\            : 6231 MB...     
[1A/*stdin*\            : 6240 MB...     
[1A/*stdin*\            : 6249 MB...     
[1A/*stdin*\            : 6258 MB...     
[1A/*stdin*\            : 6267 MB...     
[1A/*stdin*\            : 6275 MB...     
[1A/*stdin*\            : 6284 MB...     
[1A/*stdin*\            : 6285 MB...     
[1A/*stdin*\            : 6294 MB...     
[1A/*stdin*\            : 6302 MB...     
[1A/*stdin*\            : 6311 MB...     
[1A/*stdin*\            : 6321 MB...     
[1A/*stdin*\            : 6329 MB...     
[1A/*stdin*\            : 6338 MB...     
[1A/*stdin*\            : 6343 MB...     
[1A/*stdin*\            : 6351 MB...     
[1A/*stdin*\            : 6359 MB...     
[1A/*stdin*\            : 6368 MB...     
[1A/*stdin*\            : 6378 MB...     
[1A/*stdin*\            : 6387 MB...     
[1A/*stdin*\            : 6393 MB...     
[1A/*stdin*\            : 6399 MB...     
[1A/*stdin*\            : 6407 MB...     
[1A/*stdin*\            : 6415 MB...     
[1A/*stdin*\            : 6422 MB...     
[1A/*stdin*\            : 6432 MB...     
[1A/*stdin*\            : 6440 MB...     
[1A/*stdin*\            : 6447 MB...     
[1A/*stdin*\            : 6456 MB...     
[1A/*stdin*\            : 6464 MB...     
[1A/*stdin*\            : 6472 MB...     
[1A/*stdin*\            : 6482 MB...     
[1A/*stdin*\            : 6491 MB...     
[1A/*stdin*\            : 6496 MB...     
[1A/*stdin*\            : 6505 MB...     
[1A/*stdin*\            : 6513 MB...     
[1A/*stdin*\            : 6521 MB...     
[1A/*stdin*\            : 6529 MB...     
[1A/*stdin*\            : 6538 MB...     
[1A/*stdin*\            : 6547 MB...     
[1A/*stdin*\            : 6556 MB...     
[1A/*stdin*\            : 6565 MB...     
[1A/*stdin*\            : 6572 MB...     
[1A/*stdin*\            : 6579 MB...     
[1A/*stdin*\            : 6587 MB...     
[1A/*stdin*\            : 6595 MB...     
[1A/*stdin*\            : 6604 MB...     
[1A/*stdin*\            : 6613 MB...     
[1A/*stdin*\            : 6622 MB...     
[1A/*stdin*\            : 6631 MB...     
[1A/*stdin*\            : 6640 MB...     
[1A/*stdin*\            : 6648 MB...     
[1A/*stdin*\            : 6649 MB...     
[1A/*stdin*\            : 6657 MB...     
[1A/*stdin*\            : 6663 MB...     
[1A/*stdin*\            : 6673 MB...     
[1A/*stdin*\            : 6682 MB...     
[1A/*stdin*\            : 6691 MB...     
[1A/*stdin*\            : 6698 MB...     
[1A/*stdin*\            : 6707 MB...     
[1A/*stdin*\            : 6716 MB...     
[1A/*stdin*\            : 6725 MB...     
[1A/*stdin*\            : 6726 MB...     
[1A/*stdin*\            : 6735 MB...     
[1A/*stdin*\            : 6738 MB...     
[1A/*stdin*\            : 6738 MB...     
[1A/*stdin*\            : 6738 MB...     
[1A/*stdin*\            : 6738 MB...     
[1A/*stdin*\            : 6740 MB...     
[1A/*stdin*\            : 6747 MB...     
[1A/*stdin*\            : 6756 MB...     
[1A/*stdin*\            : 6765 MB...     
[1A/*stdin*\            : 6774 MB...     
[1A/*stdin*\            : 6781 MB...     
[1A/*stdin*\            : 6789 MB...     
[1A/*stdin*\            : 6797 MB...     
[1A/*stdin*\            : 6802 MB...     
[1A/*stdin*\            : 6810 MB...     
[1A/*stdin*\            : 6818 MB...     
[1A/*stdin*\            : 6827 MB...     
[1A/*stdin*\            : 6836 MB...     
[1A/*stdin*\            : 6845 MB...     
[1A/*stdin*\            : 6853 MB...     
[1A/*stdin*\            : 6861 MB...     
[1A/*stdin*\            : 6870 MB...     
[1A/*stdin*\            : 6878 MB...     
[1A/*stdin*\            : 6887 MB...     
[1A/*stdin*\            : 6895 MB...     
[1A/*stdin*\            : 6904 MB...     
[1A/*stdin*\            : 6914 MB...     
[1A/*stdin*\            : 6922 MB...     
[1A/*stdin*\            : 6931 MB...     
[1A/*stdin*\            : 6939 MB...     
[1A/*stdin*\            : 6948 MB...     
[1A/*stdin*\            : 6956 MB...     
[1A/*stdin*\            : 6965 MB...     
[1A/*stdin*\            : 6974 MB...     
[1A/*stdin*\            : 6984 MB...     
[1A/*stdin*\            : 6993 MB...     
[1A/*stdin*\            : 7003 MB...     
[1A/*stdin*\            : 7013 MB...     
[1A/*stdin*\            : 7022 MB...     
[1A/*stdin*\            : 7031 MB...     
[1A/*stdin*\            : 7037 MB...     
[1A/*stdin*\            : 7042 MB...     
[1A/*stdin*\            : 7048 MB...     
[1A/*stdin*\            : 7053 MB...     
[1A/*stdin*\            : 7060 MB...     
[1A/*stdin*\            : 7067 MB...     
[1A/*stdin*\            : 7072 MB...     
[1A/*stdin*\            : 7078 MB...     
[1A/*stdin*\            : 7083 MB...     
[1A/*stdin*\            : 7090 MB...     
[1A/*stdin*\            : 7095 MB...     
[1A/*stdin*\            : 7101 MB...     
[1A/*stdin*\            : 7107 MB...     
[1A/*stdin*\            : 7107 MB...     
[1A/*stdin*\            : 7116 MB...     
[1A/*stdin*\            : 7125 MB...     
[1A/*stdin*\            : 7135 MB...     
[1A/*stdin*\            : 7144 MB...     
[1A/*stdin*\            : 7153 MB...     
[1A/*stdin*\            : 7162 MB...     
[1A/*stdin*\            : 7172 MB...     
[1A/*stdin*\            : 7181 MB...     
[1A/*stdin*\            : 7184 MB...     
[1A/*stdin*\            : 7192 MB...     
[1A/*stdin*\            : 7201 MB...     
[1A/*stdin*\            : 7209 MB...     
[1A/*stdin*\            : 7218 MB...     
[1A/*stdin*\            : 7227 MB...     
[1A/*stdin*\            : 7235 MB...     
[1A/*stdin*\            : 7244 MB...     
[1A/*stdin*\            : 7252 MB...     
[1A/*stdin*\            : 7260 MB...     
[1A/*stdin*\            : 7269 MB...     
[1A/*stdin*\            : 7279 MB...     
[1A/*stdin*\            : 7289 MB...     
[1A/*stdin*\            : 7297 MB...     
[1A/*stdin*\            : 7306 MB...     
[1A/*stdin*\            : 7315 MB...     
[1A/*stdin*\            : 7326 MB...     
[1A/*stdin*\            : 7336 MB...     
[1A/*stdin*\            : 7336 MB...     
[1A/*stdin*\            : 7340 MB...     
[1A/*stdin*\            : 7341 MB...     
[1A/*stdin*\            : 7349 MB...     
[1A/*stdin*\            : 7358 MB...     
[1A/*stdin*\            : 7362 MB...     
[1A/*stdin*\            : 7369 MB...     
[1A/*stdin*\            : 7373 MB...     
[1A/*stdin*\            : 7381 MB...     
[1A/*stdin*\            : 7391 MB...     
[1A/*stdin*\            : 7400 MB...     
[1A/*stdin*\            : 7406 MB...     
[1A/*stdin*\            : 7414 MB...     
[1A/*stdin*\            : 7418 MB...     
[1A/*stdin*\            : 7418 MB...     
[1A/*stdin*\            : 7421 MB...     
[1A/*stdin*\            : 7429 MB...     
[1A/*stdin*\            : 7439 MB...     
[1A/*stdin*\            : 7448 MB...     
[1A/*stdin*\            : 7457 MB...     
[1A/*stdin*\            : 7466 MB...     
[1A/*stdin*\            : 7474 MB...     
[1A/*stdin*\            : 7483 MB...     
[1A/*stdin*\            : 7489 MB...     
[1A/*stdin*\            : 7498 MB...     
[1A/*stdin*\            : 7507 MB...     
[1A/*stdin*\            : 7509 MB...     
[1A/*stdin*\            : 7509 MB...     
[1A/*stdin*\            : 7511 MB...     
[1A/*stdin*\            : 7520 MB...     
[1A/*stdin*\            : 7530 MB...     
[1A/*stdin*\            : 7539 MB...     
[1A/*stdin*\            : 7548 MB...     
[1A/*stdin*\            : 7557 MB...     
[1A/*stdin*\            : 7565 MB...     
[1A/*stdin*\            : 7566 MB...     
[1A/*stdin*\            : 7573 MB...     
[1A/*stdin*\            : 7582 MB...     
[1A/*stdin*\            : 7591 MB...     
[1A/*stdin*\            : 7601 MB...     
[1A/*stdin*\            : 7610 MB...     
[1A/*stdin*\            : 7620 MB...     
[1A/*stdin*\            : 7629 MB...     
[1A/*stdin*\            : 7638 MB...     
[1A/*stdin*\            : 7643 MB...     
[1A/*stdin*\            : 7653 MB...     
[1A/*stdin*\            : 7663 MB...     
[1A/*stdin*\            : 7672 MB...     
[1A/*stdin*\            : 7681 MB...     
[1A/*stdin*\            : 7690 MB...     
[1A/*stdin*\            : 7700 MB...     
[1A/*stdin*\            : 7704 MB...     
[1A/*stdin*\            : 7714 MB...     
[1A/*stdin*\            : 7718 MB...     
[1A/*stdin*\            : 7727 MB...     
[1A/*stdin*\            : 7736 MB...     
[1A/*stdin*\            : 7745 MB...     
[1A/*stdin*\            : 7754 MB...     
[1A/*stdin*\            : 7763 MB...     
[1A/*stdin*\            : 7772 MB...     
[1A/*stdin*\            : 7780 MB...     
[1A/*stdin*\            : 7789 MB...     
[1A/*stdin*\            : 7795 MB...     
[1A/*stdin*\            : 7805 MB...     
[1A/*stdin*\            : 7813 MB...     
[1A/*stdin*\            : 7822 MB...     
[1A/*stdin*\            : 7830 MB...     
[1A/*stdin*\            : 7840 MB...     
[1A/*stdin*\            : 7849 MB...     
[1A/*stdin*\            : 7859 MB...     
[1A/*stdin*\            : 7868 MB...     
[1A/*stdin*\            : 7871 MB...     
[1A/*stdin*\            : 7880 MB...     
[1A/*stdin*\            : 7890 MB...     
[1A/*stdin*\            : 7900 MB...     
[1A/*stdin*\            : 7910 MB...     
[1A/*stdin*\            : 7920 MB...     
[1A/*stdin*\            : 7930 MB...     
[1A/*stdin*\            : 7937 MB...     
[1A/*stdin*\            : 7947 MB...     
[1A/*stdin*\            : 7948 MB...     
[1A/*stdin*\            : 7948 MB...     
[1A/*stdin*\            : 7951 MB...     
[1A/*stdin*\            : 7960 MB...     
[1A/*stdin*\            : 7969 MB...     
[1A/*stdin*\            : 7978 MB...     
[1A/*stdin*\            : 7986 MB...     
[1A/*stdin*\            : 7994 MB...     
[1A/*stdin*\            : 8003 MB...     
[1A/*stdin*\            : 8013 MB...     
[1A/*stdin*\            : 8022 MB...     
[1A/*stdin*\            : 8028 MB...     
[1A/*stdin*\            : 8029 MB...     
[1A/*stdin*\            : 8034 MB...     
[1A/*stdin*\            : 8043 MB...     
[1A/*stdin*\            : 8053 MB...     
[1A/*stdin*\            : 8062 MB...     
[1A/*stdin*\            : 8071 MB...     
[1A/*stdin*\            : 8078 MB...     
[1A/*stdin*\            : 8087 MB...     
[1A/*stdin*\            : 8095 MB...     
[1A/*stdin*\            : 8104 MB...     
[1A/*stdin*\            : 8113 MB...     
[1A/*stdin*\            : 8121 MB...     
[1A/*stdin*\            : 8130 MB...     
[1A/*stdin*\            : 8139 MB...     
[1A/*stdin*\            : 8147 MB...     
[1A/*stdin*\            : 8156 MB...     
[1A/*stdin*\            : 8166 MB...     
[1A/*stdin*\            : 8174 MB...     
[1A/*stdin*\            : 8177 MB...     
[1A/*stdin*\            : 8185 MB...     
[1A/*stdin*\            : 8194 MB...     
[1A/*stdin*\            : 8202 MB...     
[1A/*stdin*\            : 8210 MB...     
[1A/*stdin*\            : 8211 MB...     
[1A/*stdin*\            : 8219 MB...     
[1A/*stdin*\            : 8228 MB...     
[1A/*stdin*\            : 8236 MB...     
[1A/*stdin*\            : 8246 MB...     
[1A/*stdin*\            : 8256 MB...     
[1A/*stdin*\            : 8264 MB...     
[1A/*stdin*\            : 8274 MB...     
[1A/*stdin*\            : 8279 MB...     
[1A/*stdin*\            : 8286 MB...     
[1A/*stdin*\            : 8291 MB...     
[1A/*stdin*\            : 8298 MB...     
[1A/*stdin*\            : 8304 MB...     
[1A/*stdin*\            : 8310 MB...     
[1A/*stdin*\            : 8316 MB...     
[1A/*stdin*\            : 8323 MB...     
[1A/*stdin*\            : 8329 MB...     
[1A/*stdin*\            : 8329 MB...     
[1A/*stdin*\            : 8336 MB...     
[1A/*stdin*\            : 8342 MB...     
[1A/*stdin*\            : 8349 MB...     
[1A/*stdin*\            : 8355 MB...     
[1A/*stdin*\            : 8361 MB...     
[1A/*stdin*\            : 8368 MB...     
[1A/*stdin*\            : 8374 MB...     
[1A/*stdin*\            : 8381 MB...     
[1A/*stdin*\            : 8388 MB...     
[1A/*stdin*\            : 8394 MB...     
[1A/*stdin*\            : 8401 MB...     
[1A/*stdin*\            : 8406 MB...     
[1A/*stdin*\            : 8413 MB...     
[1A/*stdin*\            : 8421 MB...     
[1A/*stdin*\            : 8430 MB...     
[1A/*stdin*\            : 8439 MB...     
[1A/*stdin*\            : 8448 MB...     
[1A/*stdin*\            : 8456 MB...     
[1A/*stdin*\            : 8465 MB...     
[1A/*stdin*\            : 8475 MB...     
[1A/*stdin*\            : 8482 MB...     
[1A/*stdin*\            : 8489 MB...     
[1A/*stdin*\            : 8497 MB...     
[1A/*stdin*\            : 8506 MB...     
[1A/*stdin*\            : 8512 MB...     
[1A/*stdin*\            : 8512 MB...     
[1A/*stdin*\            : 8515 MB...     
[1A/*stdin*\            : 8522 MB...     
[1A/*stdin*\            : 8531 MB...     
[1A/*stdin*\            : 8541 MB...     
[1A/*stdin*\            : 8550 MB...     
[1A/*stdin*\            : 8558 MB...     
[1A/*stdin*\            : 8566 MB...     
[1A/*stdin*\            : 8575 MB...     
[1A/*stdin*\            : 8584 MB...     
[1A/*stdin*\            : 8593 MB...     
[1A/*stdin*\            : 8601 MB...     
[1A/*stdin*\            : 8608 MB...     
[1A/*stdin*\            : 8617 MB...     
[1A/*stdin*\            : 8626 MB...     
[1A/*stdin*\            : 8635 MB...     
[1A/*stdin*\            : 8636 MB...     
[1A/*stdin*\            : 8643 MB...     
[1A/*stdin*\            : 8652 MB...     
[1A/*stdin*\            : 8661 MB...     
[1A/*stdin*\            : 8671 MB...     
[1A/*stdin*\            : 8676 MB...     
[1A/*stdin*\            : 8683 MB...     
[1A/*stdin*\            : 8686 MB...     
[1A/*stdin*\            : 8695 MB...     
[1A/*stdin*\            : 8701 MB...     
[1A/*stdin*\            : 8710 MB...     
[1A/*stdin*\            : 8719 MB...     
[1A/*stdin*\            : 8727 MB...     
[1A/*stdin*\            : 8734 MB...     
[1A/*stdin*\            : 8742 MB...     
[1A/*stdin*\            : 8751 MB...                                                                                    
[1A/*stdin*\           : 9184785274 bytes 
done test80-2024-01-jan-2tb7p.min-v2.v6.binpack: 9.2 GB in 207 s
fetch test80-2024-02-feb-2tb7p.min-v2.v6.binpack ...

[1A/*stdin*\            : 0 MB...     
[1A/*stdin*\            : 0 MB...     
[1A/*stdin*\            : 2 MB...     
[1A/*stdin*\            : 10 MB...     
[1A/*stdin*\            : 13 MB...     
[1A/*stdin*\            : 16 MB...     
[1A/*stdin*\            : 23 MB...     
[1A/*stdin*\            : 30 MB...     
[1A/*stdin*\            : 38 MB...     
[1A/*stdin*\            : 45 MB...     
[1A/*stdin*\            : 53 MB...     
[1A/*stdin*\            : 61 MB...     
[1A/*stdin*\            : 69 MB...     
[1A/*stdin*\            : 76 MB...     
[1A/*stdin*\            : 78 MB...     
[1A/*stdin*\            : 81 MB...     
[1A/*stdin*\            : 85 MB...     
[1A/*stdin*\            : 90 MB...     
[1A/*stdin*\            : 95 MB...     
[1A/*stdin*\            : 100 MB...     
[1A/*stdin*\            : 106 MB...     
[1A/*stdin*\            : 114 MB...     
[1A/*stdin*\            : 121 MB...     
[1A/*stdin*\            : 126 MB...     
[1A/*stdin*\            : 132 MB...     
[1A/*stdin*\            : 139 MB...     
[1A/*stdin*\            : 147 MB...     
[1A/*stdin*\            : 154 MB...     
[1A/*stdin*\            : 155 MB...     
[1A/*stdin*\            : 156 MB...     
[1A/*stdin*\            : 157 MB...     
[1A/*stdin*\            : 158 MB...     
[1A/*stdin*\            : 159 MB...     
[1A/*stdin*\            : 160 MB...     
[1A/*stdin*\            : 161 MB...     
[1A/*stdin*\            : 163 MB...     
[1A/*stdin*\            : 165 MB...     
[1A/*stdin*\            : 167 MB...     
[1A/*stdin*\            : 172 MB...     
[1A/*stdin*\            : 178 MB...     
[1A/*stdin*\            : 186 MB...     
[1A/*stdin*\            : 194 MB...     
[1A/*stdin*\            : 202 MB...     
[1A/*stdin*\            : 210 MB...     
[1A/*stdin*\            : 218 MB...     
[1A/*stdin*\            : 226 MB...     
[1A/*stdin*\            : 232 MB...     
[1A/*stdin*\            : 235 MB...     
[1A/*stdin*\            : 237 MB...     
[1A/*stdin*\            : 241 MB...     
[1A/*stdin*\            : 243 MB...     
[1A/*stdin*\            : 247 MB...     
[1A/*stdin*\            : 251 MB...     
[1A/*stdin*\            : 256 MB...     
[1A/*stdin*\            : 260 MB...     
[1A/*stdin*\            : 264 MB...     
[1A/*stdin*\            : 270 MB...     
[1A/*stdin*\            : 277 MB...     
[1A/*stdin*\            : 284 MB...     
[1A/*stdin*\            : 290 MB...     
[1A/*stdin*\            : 295 MB...     
[1A/*stdin*\            : 302 MB...     
[1A/*stdin*\            : 309 MB...     
[1A/*stdin*\            : 313 MB...     
[1A/*stdin*\            : 315 MB...     
[1A/*stdin*\            : 317 MB...     
[1A/*stdin*\            : 318 MB...     
[1A/*stdin*\            : 320 MB...     
[1A/*stdin*\            : 322 MB...     
[1A/*stdin*\            : 324 MB...     
[1A/*stdin*\            : 327 MB...     
[1A/*stdin*\            : 329 MB...     
[1A/*stdin*\            : 332 MB...     
[1A/*stdin*\            : 336 MB...     
[1A/*stdin*\            : 341 MB...     
[1A/*stdin*\            : 346 MB...     
[1A/*stdin*\            : 349 MB...     
[1A/*stdin*\            : 355 MB...     
[1A/*stdin*\            : 363 MB...     
[1A/*stdin*\            : 370 MB...     
[1A/*stdin*\            : 378 MB...     
[1A/*stdin*\            : 382 MB...     
[1A/*stdin*\            : 383 MB...     
[1A/*stdin*\            : 384 MB...     
[1A/*stdin*\            : 384 MB...     
[1A/*stdin*\            : 385 MB...     
[1A/*stdin*\            : 385 MB...     
[1A/*stdin*\            : 387 MB...     
[1A/*stdin*\            : 388 MB...     
[1A/*stdin*\            : 388 MB...     
[1A/*stdin*\            : 389 MB...     
[1A/*stdin*\            : 390 MB...     
[1A/*stdin*\            : 391 MB...     
[1A/*stdin*\            : 393 MB...     
[1A/*stdin*\            : 394 MB...     
[1A/*stdin*\            : 395 MB...     
[1A/*stdin*\            : 396 MB...     
[1A/*stdin*\            : 398 MB...     
[1A/*stdin*\            : 399 MB...     
[1A/*stdin*\            : 400 MB...     
[1A/*stdin*\            : 400 MB...     
[1A/*stdin*\            : 401 MB...     
[1A/*stdin*\            : 402 MB...     
[1A/*stdin*\            : 404 MB...     
[1A/*stdin*\            : 406 MB...     
[1A/*stdin*\            : 410 MB...     
[1A/*stdin*\            : 417 MB...     
[1A/*stdin*\            : 425 MB...     
[1A/*stdin*\            : 432 MB...     
[1A/*stdin*\            : 439 MB...     
[1A/*stdin*\            : 444 MB...     
[1A/*stdin*\            : 445 MB...     
[1A/*stdin*\            : 448 MB...     
[1A/*stdin*\            : 450 MB...     
[1A/*stdin*\            : 454 MB...     
[1A/*stdin*\            : 457 MB...     
[1A/*stdin*\            : 458 MB...     
[1A/*stdin*\            : 462 MB...     
[1A/*stdin*\            : 465 MB...     
[1A/*stdin*\            : 468 MB...     
[1A/*stdin*\            : 471 MB...     
[1A/*stdin*\            : 474 MB...     
[1A/*stdin*\            : 477 MB...     
[1A/*stdin*\            : 480 MB...     
[1A/*stdin*\            : 484 MB...     
[1A/*stdin*\            : 486 MB...     
[1A/*stdin*\            : 489 MB...     
[1A/*stdin*\            : 493 MB...     
[1A/*stdin*\            : 497 MB...     
[1A/*stdin*\            : 500 MB...     
[1A/*stdin*\            : 503 MB...     
[1A/*stdin*\            : 506 MB...     
[1A/*stdin*\            : 510 MB...     
[1A/*stdin*\            : 514 MB...     
[1A/*stdin*\            : 518 MB...     
[1A/*stdin*\            : 524 MB...     
[1A/*stdin*\            : 529 MB...     
[1A/*stdin*\            : 535 MB...     
[1A/*stdin*\            : 536 MB...     
[1A/*stdin*\            : 537 MB...     
[1A/*stdin*\            : 537 MB...     
[1A/*stdin*\            : 538 MB...     
[1A/*stdin*\            : 539 MB...     
[1A/*stdin*\            : 539 MB...     
[1A/*stdin*\            : 540 MB...     
[1A/*stdin*\            : 541 MB...     
[1A/*stdin*\            : 543 MB...     
[1A/*stdin*\            : 545 MB...     
[1A/*stdin*\            : 546 MB...     
[1A/*stdin*\            : 548 MB...     
[1A/*stdin*\            : 550 MB...     
[1A/*stdin*\            : 556 MB...     
[1A/*stdin*\            : 558 MB...     
[1A/*stdin*\            : 560 MB...     
[1A/*stdin*\            : 562 MB...     
[1A/*stdin*\            : 563 MB...     
[1A/*stdin*\            : 565 MB...     
[1A/*stdin*\            : 567 MB...     
[1A/*stdin*\            : 569 MB...     
[1A/*stdin*\            : 570 MB...     
[1A/*stdin*\            : 572 MB...     
[1A/*stdin*\            : 573 MB...     
[1A/*stdin*\            : 576 MB...     
[1A/*stdin*\            : 584 MB...     
[1A/*stdin*\            : 591 MB...     
[1A/*stdin*\            : 593 MB...     
[1A/*stdin*\            : 596 MB...     
[1A/*stdin*\            : 599 MB...     
[1A/*stdin*\            : 602 MB...     
[1A/*stdin*\            : 605 MB...     
[1A/*stdin*\            : 606 MB...     
[1A/*stdin*\            : 608 MB...     
[1A/*stdin*\            : 611 MB...     
[1A/*stdin*\            : 613 MB...     
[1A/*stdin*\            : 615 MB...     
[1A/*stdin*\            : 619 MB...     
[1A/*stdin*\            : 624 MB...     
[1A/*stdin*\            : 625 MB...     
[1A/*stdin*\            : 628 MB...     
[1A/*stdin*\            : 629 MB...     
[1A/*stdin*\            : 631 MB...     
[1A/*stdin*\            : 632 MB...     
[1A/*stdin*\            : 633 MB...     
[1A/*stdin*\            : 634 MB...     
[1A/*stdin*\            : 635 MB...     
[1A/*stdin*\            : 636 MB...     
[1A/*stdin*\            : 637 MB...     
[1A/*stdin*\            : 638 MB...     
[1A/*stdin*\            : 639 MB...     
[1A/*stdin*\            : 640 MB...     
[1A/*stdin*\            : 644 MB...     
[1A/*stdin*\            : 652 MB...     
[1A/*stdin*\            : 659 MB...     
[1A/*stdin*\            : 667 MB...     
[1A/*stdin*\            : 675 MB...     
[1A/*stdin*\            : 683 MB...     
[1A/*stdin*\            : 688 MB...     
[1A/*stdin*\            : 689 MB...     
[1A/*stdin*\            : 691 MB...     
[1A/*stdin*\            : 693 MB...     
[1A/*stdin*\            : 695 MB...     
[1A/*stdin*\            : 697 MB...     
[1A/*stdin*\            : 699 MB...     
[1A/*stdin*\            : 700 MB...     
[1A/*stdin*\            : 701 MB...     
[1A/*stdin*\            : 702 MB...     
[1A/*stdin*\            : 704 MB...     
[1A/*stdin*\            : 706 MB...     
[1A/*stdin*\            : 710 MB...     
[1A/*stdin*\            : 714 MB...     
[1A/*stdin*\            : 718 MB...     
[1A/*stdin*\            : 721 MB...     
[1A/*stdin*\            : 725 MB...     
[1A/*stdin*\            : 730 MB...     
[1A/*stdin*\            : 732 MB...     
[1A/*stdin*\            : 734 MB...     
[1A/*stdin*\            : 738 MB...     
[1A/*stdin*\            : 744 MB...     
[1A/*stdin*\            : 748 MB...     
[1A/*stdin*\            : 752 MB...     
[1A/*stdin*\            : 759 MB...     
[1A/*stdin*\            : 765 MB...     
[1A/*stdin*\            : 773 MB...     
[1A/*stdin*\            : 781 MB...     
[1A/*stdin*\            : 788 MB...     
[1A/*stdin*\            : 792 MB...     
[1A/*stdin*\            : 794 MB...     
[1A/*stdin*\            : 795 MB...     
[1A/*stdin*\            : 797 MB...     
[1A/*stdin*\            : 800 MB...     
[1A/*stdin*\            : 803 MB...     
[1A/*stdin*\            : 807 MB...     
[1A/*stdin*\            : 812 MB...     
[1A/*stdin*\            : 820 MB...     
[1A/*stdin*\            : 828 MB...     
[1A/*stdin*\            : 836 MB...     
[1A/*stdin*\            : 841 MB...     
[1A/*stdin*\            : 842 MB...     
[1A/*stdin*\            : 843 MB...     
[1A/*stdin*\            : 844 MB...     
[1A/*stdin*\            : 847 MB...     
[1A/*stdin*\            : 849 MB...     
[1A/*stdin*\            : 855 MB...     
[1A/*stdin*\            : 860 MB...     
[1A/*stdin*\            : 866 MB...     
[1A/*stdin*\            : 871 MB...     
[1A/*stdin*\            : 879 MB...     
[1A/*stdin*\            : 886 MB...     
[1A/*stdin*\            : 894 MB...     
[1A/*stdin*\            : 902 MB...     
[1A/*stdin*\            : 910 MB...     
[1A/*stdin*\            : 911 MB...     
[1A/*stdin*\            : 911 MB...     
[1A/*stdin*\            : 913 MB...     
[1A/*stdin*\            : 914 MB...     
[1A/*stdin*\            : 916 MB...     
[1A/*stdin*\            : 917 MB...     
[1A/*stdin*\            : 917 MB...     
[1A/*stdin*\            : 919 MB...     
[1A/*stdin*\            : 920 MB...     
[1A/*stdin*\            : 921 MB...     
[1A/*stdin*\            : 922 MB...     
[1A/*stdin*\            : 923 MB...     
[1A/*stdin*\            : 925 MB...     
[1A/*stdin*\            : 927 MB...     
[1A/*stdin*\            : 928 MB...     
[1A/*stdin*\            : 928 MB...     
[1A/*stdin*\            : 929 MB...     
[1A/*stdin*\            : 931 MB...     
[1A/*stdin*\            : 932 MB...     
[1A/*stdin*\            : 933 MB...     
[1A/*stdin*\            : 934 MB...     
[1A/*stdin*\            : 935 MB...     
[1A/*stdin*\            : 935 MB...     
[1A/*stdin*\            : 936 MB...     
[1A/*stdin*\            : 939 MB...     
[1A/*stdin*\            : 939 MB...     
[1A/*stdin*\            : 940 MB...     
[1A/*stdin*\            : 942 MB...     
[1A/*stdin*\            : 946 MB...     
[1A/*stdin*\            : 948 MB...     
[1A/*stdin*\            : 950 MB...     
[1A/*stdin*\            : 951 MB...     
[1A/*stdin*\            : 952 MB...     
[1A/*stdin*\            : 955 MB...     
[1A/*stdin*\            : 957 MB...     
[1A/*stdin*\            : 960 MB...     
[1A/*stdin*\            : 962 MB...     
[1A/*stdin*\            : 965 MB...     
[1A/*stdin*\            : 967 MB...     
[1A/*stdin*\            : 974 MB...     
[1A/*stdin*\            : 978 MB...     
[1A/*stdin*\            : 985 MB...     
[1A/*stdin*\            : 992 MB...     
[1A/*stdin*\            : 994 MB...     
[1A/*stdin*\            : 996 MB...     
[1A/*stdin*\            : 999 MB...     
[1A/*stdin*\            : 1001 MB...     
[1A/*stdin*\            : 1003 MB...     
[1A/*stdin*\            : 1007 MB...     
[1A/*stdin*\            : 1010 MB...     
[1A/*stdin*\            : 1012 MB...     
[1A/*stdin*\            : 1014 MB...     
[1A/*stdin*\            : 1016 MB...     
[1A/*stdin*\            : 1018 MB...     
[1A/*stdin*\            : 1021 MB...     
[1A/*stdin*\            : 1022 MB...     
[1A/*stdin*\            : 1023 MB...     
[1A/*stdin*\            : 1025 MB...     
[1A/*stdin*\            : 1026 MB...     
[1A/*stdin*\            : 1028 MB...     
[1A/*stdin*\            : 1029 MB...     
[1A/*stdin*\            : 1031 MB...     
[1A/*stdin*\            : 1033 MB...     
[1A/*stdin*\            : 1036 MB...     
[1A/*stdin*\            : 1039 MB...     
[1A/*stdin*\            : 1044 MB...     
[1A/*stdin*\            : 1047 MB...     
[1A/*stdin*\            : 1050 MB...     
[1A/*stdin*\            : 1054 MB...     
[1A/*stdin*\            : 1057 MB...     
[1A/*stdin*\            : 1060 MB...     
[1A/*stdin*\            : 1064 MB...     
[1A/*stdin*\            : 1070 MB...     
[1A/*stdin*\            : 1070 MB...     
[1A/*stdin*\            : 1072 MB...     
[1A/*stdin*\            : 1074 MB...     
[1A/*stdin*\            : 1080 MB...     
[1A/*stdin*\            : 1083 MB...     
[1A/*stdin*\            : 1086 MB...     
[1A/*stdin*\            : 1089 MB...     
[1A/*stdin*\            : 1097 MB...     
[1A/*stdin*\            : 1104 MB...     
[1A/*stdin*\            : 1106 MB...     
[1A/*stdin*\            : 1107 MB...     
[1A/*stdin*\            : 1109 MB...     
[1A/*stdin*\            : 1110 MB...     
[1A/*stdin*\            : 1114 MB...     
[1A/*stdin*\            : 1117 MB...     
[1A/*stdin*\            : 1120 MB...     
[1A/*stdin*\            : 1123 MB...     
[1A/*stdin*\            : 1126 MB...     
[1A/*stdin*\            : 1130 MB...     
[1A/*stdin*\            : 1135 MB...     
[1A/*stdin*\            : 1137 MB...     
[1A/*stdin*\            : 1140 MB...     
[1A/*stdin*\            : 1142 MB...     
[1A/*stdin*\            : 1147 MB...     
[1A/*stdin*\            : 1149 MB...     
[1A/*stdin*\            : 1151 MB...     
[1A/*stdin*\            : 1153 MB...     
[1A/*stdin*\            : 1155 MB...     
[1A/*stdin*\            : 1156 MB...     
[1A/*stdin*\            : 1157 MB...     
[1A/*stdin*\            : 1158 MB...     
[1A/*stdin*\            : 1159 MB...     
[1A/*stdin*\            : 1159 MB...     
[1A/*stdin*\            : 1160 MB...     
[1A/*stdin*\            : 1161 MB...     
[1A/*stdin*\            : 1162 MB...     
[1A/*stdin*\            : 1163 MB...     
[1A/*stdin*\            : 1163 MB...     
[1A/*stdin*\            : 1164 MB...     
[1A/*stdin*\            : 1166 MB...     
[1A/*stdin*\            : 1167 MB...     
[1A/*stdin*\            : 1168 MB...     
[1A/*stdin*\            : 1170 MB...     
[1A/*stdin*\            : 1174 MB...     
[1A/*stdin*\            : 1176 MB...     
[1A/*stdin*\            : 1178 MB...     
[1A/*stdin*\            : 1179 MB...     
[1A/*stdin*\            : 1180 MB...     
[1A/*stdin*\            : 1183 MB...     
[1A/*stdin*\            : 1184 MB...     
[1A/*stdin*\            : 1186 MB...     
[1A/*stdin*\            : 1194 MB...     
[1A/*stdin*\            : 1198 MB...     
[1A/*stdin*\            : 1201 MB...     
[1A/*stdin*\            : 1204 MB...     
[1A/*stdin*\            : 1207 MB...     
[1A/*stdin*\            : 1211 MB...     
[1A/*stdin*\            : 1214 MB...     
[1A/*stdin*\            : 1216 MB...     
[1A/*stdin*\            : 1222 MB...     
[1A/*stdin*\            : 1224 MB...     
[1A/*stdin*\            : 1228 MB...     
[1A/*stdin*\            : 1233 MB...     
[1A/*stdin*\            : 1240 MB...     
[1A/*stdin*\            : 1246 MB...     
[1A/*stdin*\            : 1251 MB...     
[1A/*stdin*\            : 1258 MB...     
[1A/*stdin*\            : 1266 MB...     
[1A/*stdin*\            : 1274 MB...     
[1A/*stdin*\            : 1282 MB...     
[1A/*stdin*\            : 1288 MB...     
[1A/*stdin*\            : 1290 MB...     
[1A/*stdin*\            : 1293 MB...     
[1A/*stdin*\            : 1295 MB...     
[1A/*stdin*\            : 1297 MB...     
[1A/*stdin*\            : 1298 MB...     
[1A/*stdin*\            : 1299 MB...     
[1A/*stdin*\            : 1300 MB...     
[1A/*stdin*\            : 1304 MB...     
[1A/*stdin*\            : 1306 MB...     
[1A/*stdin*\            : 1308 MB...     
[1A/*stdin*\            : 1310 MB...     
[1A/*stdin*\            : 1312 MB...     
[1A/*stdin*\            : 1315 MB...     
[1A/*stdin*\            : 1320 MB...     
[1A/*stdin*\            : 1325 MB...     
[1A/*stdin*\            : 1328 MB...     
[1A/*stdin*\            : 1330 MB...     
[1A/*stdin*\            : 1333 MB...     
[1A/*stdin*\            : 1335 MB...     
[1A/*stdin*\            : 1338 MB...     
[1A/*stdin*\            : 1345 MB...     
[1A/*stdin*\            : 1353 MB...     
[1A/*stdin*\            : 1361 MB...     
[1A/*stdin*\            : 1369 MB...     
[1A/*stdin*\            : 1377 MB...     
[1A/*stdin*\            : 1381 MB...     
[1A/*stdin*\            : 1384 MB...     
[1A/*stdin*\            : 1386 MB...     
[1A/*stdin*\            : 1392 MB...     
[1A/*stdin*\            : 1398 MB...     
[1A/*stdin*\            : 1404 MB...     
[1A/*stdin*\            : 1411 MB...     
[1A/*stdin*\            : 1418 MB...     
[1A/*stdin*\            : 1425 MB...     
[1A/*stdin*\            : 1432 MB...     
[1A/*stdin*\            : 1440 MB...     
[1A/*stdin*\            : 1445 MB...     
[1A/*stdin*\            : 1447 MB...     
[1A/*stdin*\            : 1449 MB...     
[1A/*stdin*\            : 1450 MB...     
[1A/*stdin*\            : 1451 MB...     
[1A/*stdin*\            : 1452 MB...     
[1A/*stdin*\            : 1453 MB...     
[1A/*stdin*\            : 1457 MB...     
[1A/*stdin*\            : 1459 MB...     
[1A/*stdin*\            : 1464 MB...     
[1A/*stdin*\            : 1467 MB...     
[1A/*stdin*\            : 1471 MB...     
[1A/*stdin*\            : 1475 MB...     
[1A/*stdin*\            : 1481 MB...     
[1A/*stdin*\            : 1489 MB...     
[1A/*stdin*\            : 1497 MB...     
[1A/*stdin*\            : 1505 MB...     
[1A/*stdin*\            : 1513 MB...     
[1A/*stdin*\            : 1521 MB...     
[1A/*stdin*\            : 1529 MB...     
[1A/*stdin*\            : 1537 MB...     
[1A/*stdin*\            : 1541 MB...     
[1A/*stdin*\            : 1545 MB...     
[1A/*stdin*\            : 1546 MB...     
[1A/*stdin*\            : 1554 MB...     
[1A/*stdin*\            : 1562 MB...     
[1A/*stdin*\            : 1570 MB...     
[1A/*stdin*\            : 1578 MB...     
[1A/*stdin*\            : 1585 MB...     
[1A/*stdin*\            : 1593 MB...     
[1A/*stdin*\            : 1601 MB...     
[1A/*stdin*\            : 1609 MB...     
[1A/*stdin*\            : 1611 MB...     
[1A/*stdin*\            : 1614 MB...     
[1A/*stdin*\            : 1615 MB...     
[1A/*stdin*\            : 1616 MB...     
[1A/*stdin*\            : 1618 MB...     
[1A/*stdin*\            : 1620 MB...     
[1A/*stdin*\            : 1622 MB...     
[1A/*stdin*\            : 1630 MB...     
[1A/*stdin*\            : 1638 MB...     
[1A/*stdin*\            : 1642 MB...     
[1A/*stdin*\            : 1645 MB...     
[1A/*stdin*\            : 1653 MB...     
[1A/*stdin*\            : 1661 MB...     
[1A/*stdin*\            : 1669 MB...     
[1A/*stdin*\            : 1677 MB...     
[1A/*stdin*\            : 1681 MB...     
[1A/*stdin*\            : 1683 MB...     
[1A/*stdin*\            : 1684 MB...     
[1A/*stdin*\            : 1685 MB...     
[1A/*stdin*\            : 1687 MB...     
[1A/*stdin*\            : 1691 MB...     
[1A/*stdin*\            : 1694 MB...     
[1A/*stdin*\            : 1696 MB...     
[1A/*stdin*\            : 1699 MB...     
[1A/*stdin*\            : 1702 MB...     
[1A/*stdin*\            : 1705 MB...     
[1A/*stdin*\            : 1708 MB...     
[1A/*stdin*\            : 1710 MB...     
[1A/*stdin*\            : 1712 MB...     
[1A/*stdin*\            : 1715 MB...     
[1A/*stdin*\            : 1723 MB...     
[1A/*stdin*\            : 1731 MB...     
[1A/*stdin*\            : 1739 MB...     
[1A/*stdin*\            : 1747 MB...     
[1A/*stdin*\            : 1750 MB...     
[1A/*stdin*\            : 1755 MB...     
[1A/*stdin*\            : 1759 MB...     
[1A/*stdin*\            : 1762 MB...     
[1A/*stdin*\            : 1765 MB...     
[1A/*stdin*\            : 1768 MB...     
[1A/*stdin*\            : 1770 MB...     
[1A/*stdin*\            : 1771 MB...     
[1A/*stdin*\            : 1773 MB...     
[1A/*stdin*\            : 1774 MB...     
[1A/*stdin*\            : 1777 MB...     
[1A/*stdin*\            : 1780 MB...     
[1A/*stdin*\            : 1784 MB...     
[1A/*stdin*\            : 1787 MB...     
[1A/*stdin*\            : 1790 MB...     
[1A/*stdin*\            : 1798 MB...     
[1A/*stdin*\            : 1800 MB...     
[1A/*stdin*\            : 1806 MB...     
[1A/*stdin*\            : 1810 MB...     
[1A/*stdin*\            : 1816 MB...     
[1A/*stdin*\            : 1824 MB...     
[1A/*stdin*\            : 1831 MB...     
[1A/*stdin*\            : 1837 MB...     
[1A/*stdin*\            : 1842 MB...     
[1A/*stdin*\            : 1849 MB...     
[1A/*stdin*\            : 1856 MB...     
[1A/*stdin*\            : 1863 MB...     
[1A/*stdin*\            : 1869 MB...     
[1A/*stdin*\            : 1877 MB...     
[1A/*stdin*\            : 1884 MB...     
[1A/*stdin*\            : 1891 MB...     
[1A/*stdin*\            : 1897 MB...     
[1A/*stdin*\            : 1905 MB...     
[1A/*stdin*\            : 1913 MB...     
[1A/*stdin*\            : 1919 MB...     
[1A/*stdin*\            : 1923 MB...     
[1A/*stdin*\            : 1925 MB...     
[1A/*stdin*\            : 1933 MB...     
[1A/*stdin*\            : 1941 MB...     
[1A/*stdin*\            : 1943 MB...     
[1A/*stdin*\            : 1946 MB...     
[1A/*stdin*\            : 1953 MB...     
[1A/*stdin*\            : 1959 MB...     
[1A/*stdin*\            : 1963 MB...     
[1A/*stdin*\            : 1967 MB...     
[1A/*stdin*\            : 1972 MB...     
[1A/*stdin*\            : 1979 MB...     
[1A/*stdin*\            : 1986 MB...     
[1A/*stdin*\            : 1989 MB...     
[1A/*stdin*\            : 1994 MB...     
[1A/*stdin*\            : 2002 MB...     
[1A/*stdin*\            : 2010 MB...     
[1A/*stdin*\            : 2018 MB...     
[1A/*stdin*\            : 2026 MB...     
[1A/*stdin*\            : 2031 MB...     
[1A/*stdin*\            : 2037 MB...     
[1A/*stdin*\            : 2044 MB...     
[1A/*stdin*\            : 2052 MB...     
[1A/*stdin*\            : 2060 MB...     
[1A/*stdin*\            : 2065 MB...     
[1A/*stdin*\            : 2069 MB...     
[1A/*stdin*\            : 2072 MB...     
[1A/*stdin*\            : 2075 MB...     
[1A/*stdin*\            : 2079 MB...     
[1A/*stdin*\            : 2082 MB...     
[1A/*stdin*\            : 2086 MB...     
[1A/*stdin*\            : 2091 MB...     
[1A/*stdin*\            : 2099 MB...     
[1A/*stdin*\            : 2107 MB...     
[1A/*stdin*\            : 2114 MB...     
[1A/*stdin*\            : 2122 MB...     
[1A/*stdin*\            : 2130 MB...     
[1A/*stdin*\            : 2138 MB...     
[1A/*stdin*\            : 2145 MB...     
[1A/*stdin*\            : 2149 MB...     
[1A/*stdin*\            : 2157 MB...     
[1A/*stdin*\            : 2165 MB...     
[1A/*stdin*\            : 2173 MB...     
[1A/*stdin*\            : 2181 MB...     
[1A/*stdin*\            : 2189 MB...     
[1A/*stdin*\            : 2196 MB...     
[1A/*stdin*\            : 2204 MB...     
[1A/*stdin*\            : 2212 MB...     
[1A/*stdin*\            : 2220 MB...     
[1A/*stdin*\            : 2228 MB...     
[1A/*stdin*\            : 2236 MB...     
[1A/*stdin*\            : 2240 MB...     
[1A/*stdin*\            : 2242 MB...     
[1A/*stdin*\            : 2247 MB...     
[1A/*stdin*\            : 2255 MB...     
[1A/*stdin*\            : 2260 MB...     
[1A/*stdin*\            : 2266 MB...     
[1A/*stdin*\            : 2272 MB...     
[1A/*stdin*\            : 2276 MB...     
[1A/*stdin*\            : 2281 MB...     
[1A/*stdin*\            : 2285 MB...     
[1A/*stdin*\            : 2288 MB...     
[1A/*stdin*\            : 2295 MB...     
[1A/*stdin*\            : 2297 MB...     
[1A/*stdin*\            : 2299 MB...     
[1A/*stdin*\            : 2301 MB...     
[1A/*stdin*\            : 2304 MB...     
[1A/*stdin*\            : 2308 MB...     
[1A/*stdin*\            : 2312 MB...     
[1A/*stdin*\            : 2316 MB...     
[1A/*stdin*\            : 2323 MB...     
[1A/*stdin*\            : 2326 MB...     
[1A/*stdin*\            : 2333 MB...     
[1A/*stdin*\            : 2340 MB...     
[1A/*stdin*\            : 2348 MB...     
[1A/*stdin*\            : 2356 MB...     
[1A/*stdin*\            : 2364 MB...     
[1A/*stdin*\            : 2372 MB...     
[1A/*stdin*\            : 2379 MB...     
[1A/*stdin*\            : 2385 MB...     
[1A/*stdin*\            : 2393 MB...     
[1A/*stdin*\            : 2396 MB...     
[1A/*stdin*\            : 2398 MB...     
[1A/*stdin*\            : 2402 MB...     
[1A/*stdin*\            : 2406 MB...     
[1A/*stdin*\            : 2411 MB...     
[1A/*stdin*\            : 2415 MB...     
[1A/*stdin*\            : 2420 MB...     
[1A/*stdin*\            : 2425 MB...     
[1A/*stdin*\            : 2431 MB...     
[1A/*stdin*\            : 2436 MB...     
[1A/*stdin*\            : 2443 MB...     
[1A/*stdin*\            : 2448 MB...     
[1A/*stdin*\            : 2451 MB...     
[1A/*stdin*\            : 2455 MB...     
[1A/*stdin*\            : 2461 MB...     
[1A/*stdin*\            : 2465 MB...     
[1A/*stdin*\            : 2471 MB...     
[1A/*stdin*\            : 2478 MB...     
[1A/*stdin*\            : 2486 MB...     
[1A/*stdin*\            : 2494 MB...     
[1A/*stdin*\            : 2502 MB...     
[1A/*stdin*\            : 2508 MB...     
[1A/*stdin*\            : 2513 MB...     
[1A/*stdin*\            : 2516 MB...     
[1A/*stdin*\            : 2518 MB...     
[1A/*stdin*\            : 2522 MB...     
[1A/*stdin*\            : 2524 MB...     
[1A/*stdin*\            : 2526 MB...     
[1A/*stdin*\            : 2528 MB...     
[1A/*stdin*\            : 2530 MB...     
[1A/*stdin*\            : 2532 MB...     
[1A/*stdin*\            : 2533 MB...     
[1A/*stdin*\            : 2535 MB...     
[1A/*stdin*\            : 2538 MB...     
[1A/*stdin*\            : 2540 MB...     
[1A/*stdin*\            : 2542 MB...     
[1A/*stdin*\            : 2545 MB...     
[1A/*stdin*\            : 2547 MB...     
[1A/*stdin*\            : 2550 MB...     
[1A/*stdin*\            : 2557 MB...     
[1A/*stdin*\            : 2565 MB...     
[1A/*stdin*\            : 2573 MB...     
[1A/*stdin*\            : 2581 MB...     
[1A/*stdin*\            : 2589 MB...     
[1A/*stdin*\            : 2597 MB...     
[1A/*stdin*\            : 2603 MB...     
[1A/*stdin*\            : 2611 MB...     
[1A/*stdin*\            : 2618 MB...     
[1A/*stdin*\            : 2626 MB...     
[1A/*stdin*\            : 2634 MB...     
[1A/*stdin*\            : 2642 MB...     
[1A/*stdin*\            : 2650 MB...     
[1A/*stdin*\            : 2658 MB...     
[1A/*stdin*\            : 2665 MB...     
[1A/*stdin*\            : 2673 MB...     
[1A/*stdin*\            : 2680 MB...     
[1A/*stdin*\            : 2682 MB...     
[1A/*stdin*\            : 2685 MB...     
[1A/*stdin*\            : 2687 MB...     
[1A/*stdin*\            : 2689 MB...     
[1A/*stdin*\            : 2691 MB...     
[1A/*stdin*\            : 2692 MB...     
[1A/*stdin*\            : 2695 MB...     
[1A/*stdin*\            : 2697 MB...     
[1A/*stdin*\            : 2699 MB...     
[1A/*stdin*\            : 2701 MB...     
[1A/*stdin*\            : 2702 MB...     
[1A/*stdin*\            : 2703 MB...     
[1A/*stdin*\            : 2705 MB...     
[1A/*stdin*\            : 2707 MB...     
[1A/*stdin*\            : 2710 MB...     
[1A/*stdin*\            : 2714 MB...     
[1A/*stdin*\            : 2720 MB...     
[1A/*stdin*\            : 2728 MB...     
[1A/*stdin*\            : 2733 MB...     
[1A/*stdin*\            : 2741 MB...     
[1A/*stdin*\            : 2748 MB...     
[1A/*stdin*\            : 2754 MB...     
[1A/*stdin*\            : 2755 MB...     
[1A/*stdin*\            : 2756 MB...     
[1A/*stdin*\            : 2757 MB...     
[1A/*stdin*\            : 2758 MB...     
[1A/*stdin*\            : 2759 MB...     
[1A/*stdin*\            : 2759 MB...     
[1A/*stdin*\            : 2760 MB...     
[1A/*stdin*\            : 2761 MB...     
[1A/*stdin*\            : 2762 MB...     
[1A/*stdin*\            : 2763 MB...     
[1A/*stdin*\            : 2764 MB...     
[1A/*stdin*\            : 2765 MB...     
[1A/*stdin*\            : 2766 MB...     
[1A/*stdin*\            : 2768 MB...     
[1A/*stdin*\            : 2770 MB...     
[1A/*stdin*\            : 2776 MB...     
[1A/*stdin*\            : 2783 MB...     
[1A/*stdin*\            : 2786 MB...     
[1A/*stdin*\            : 2791 MB...     
[1A/*stdin*\            : 2799 MB...     
[1A/*stdin*\            : 2805 MB...     
[1A/*stdin*\            : 2812 MB...     
[1A/*stdin*\            : 2820 MB...     
[1A/*stdin*\            : 2827 MB...     
[1A/*stdin*\            : 2831 MB...     
[1A/*stdin*\            : 2835 MB...     
[1A/*stdin*\            : 2838 MB...     
[1A/*stdin*\            : 2841 MB...     
[1A/*stdin*\            : 2846 MB...     
[1A/*stdin*\            : 2849 MB...     
[1A/*stdin*\            : 2857 MB...     
[1A/*stdin*\            : 2862 MB...     
[1A/*stdin*\            : 2869 MB...     
[1A/*stdin*\            : 2877 MB...     
[1A/*stdin*\            : 2885 MB...     
[1A/*stdin*\            : 2893 MB...     
[1A/*stdin*\            : 2901 MB...     
[1A/*stdin*\            : 2907 MB...     
[1A/*stdin*\            : 2912 MB...     
[1A/*stdin*\            : 2916 MB...     
[1A/*stdin*\            : 2917 MB...     
[1A/*stdin*\            : 2922 MB...     
[1A/*stdin*\            : 2927 MB...     
[1A/*stdin*\            : 2935 MB...     
[1A/*stdin*\            : 2943 MB...     
[1A/*stdin*\            : 2951 MB...     
[1A/*stdin*\            : 2959 MB...     
[1A/*stdin*\            : 2965 MB...     
[1A/*stdin*\            : 2971 MB...     
[1A/*stdin*\            : 2976 MB...     
[1A/*stdin*\            : 2983 MB...     
[1A/*stdin*\            : 2990 MB...     
[1A/*stdin*\            : 2999 MB...     
[1A/*stdin*\            : 3005 MB...     
[1A/*stdin*\            : 3010 MB...     
[1A/*stdin*\            : 3015 MB...     
[1A/*stdin*\            : 3019 MB...     
[1A/*stdin*\            : 3026 MB...     
[1A/*stdin*\            : 3034 MB...     
[1A/*stdin*\            : 3040 MB...     
[1A/*stdin*\            : 3048 MB...     
[1A/*stdin*\            : 3052 MB...     
[1A/*stdin*\            : 3055 MB...     
[1A/*stdin*\            : 3060 MB...     
[1A/*stdin*\            : 3063 MB...     
[1A/*stdin*\            : 3070 MB...     
[1A/*stdin*\            : 3078 MB...     
[1A/*stdin*\            : 3085 MB...     
[1A/*stdin*\            : 3092 MB...     
[1A/*stdin*\            : 3100 MB...     
[1A/*stdin*\            : 3108 MB...     
[1A/*stdin*\            : 3116 MB...     
[1A/*stdin*\            : 3124 MB...     
[1A/*stdin*\            : 3132 MB...     
[1A/*stdin*\            : 3139 MB...     
[1A/*stdin*\            : 3141 MB...     
[1A/*stdin*\            : 3146 MB...     
[1A/*stdin*\            : 3150 MB...     
[1A/*stdin*\            : 3153 MB...     
[1A/*stdin*\            : 3158 MB...     
[1A/*stdin*\            : 3161 MB...     
[1A/*stdin*\            : 3164 MB...     
[1A/*stdin*\            : 3167 MB...     
[1A/*stdin*\            : 3169 MB...     
[1A/*stdin*\            : 3172 MB...     
[1A/*stdin*\            : 3179 MB...     
[1A/*stdin*\            : 3187 MB...     
[1A/*stdin*\            : 3195 MB...     
[1A/*stdin*\            : 3203 MB...     
[1A/*stdin*\            : 3211 MB...     
[1A/*stdin*\            : 3218 MB...     
[1A/*stdin*\            : 3225 MB...     
[1A/*stdin*\            : 3233 MB...     
[1A/*stdin*\            : 3241 MB...     
[1A/*stdin*\            : 3249 MB...     
[1A/*stdin*\            : 3257 MB...     
[1A/*stdin*\            : 3265 MB...     
[1A/*stdin*\            : 3273 MB...     
[1A/*stdin*\            : 3280 MB...     
[1A/*stdin*\            : 3287 MB...     
[1A/*stdin*\            : 3295 MB...     
[1A/*stdin*\            : 3303 MB...     
[1A/*stdin*\            : 3311 MB...     
[1A/*stdin*\            : 3319 MB...     
[1A/*stdin*\            : 3326 MB...     
[1A/*stdin*\            : 3331 MB...     
[1A/*stdin*\            : 3339 MB...     
[1A/*stdin*\            : 3347 MB...     
[1A/*stdin*\            : 3355 MB...     
[1A/*stdin*\            : 3363 MB...     
[1A/*stdin*\            : 3371 MB...     
[1A/*stdin*\            : 3379 MB...     
[1A/*stdin*\            : 3387 MB...     
[1A/*stdin*\            : 3394 MB...     
[1A/*stdin*\            : 3401 MB...     
[1A/*stdin*\            : 3409 MB...     
[1A/*stdin*\            : 3417 MB...     
[1A/*stdin*\            : 3425 MB...     
[1A/*stdin*\            : 3433 MB...     
[1A/*stdin*\            : 3439 MB...     
[1A/*stdin*\            : 3442 MB...     
[1A/*stdin*\            : 3449 MB...     
[1A/*stdin*\            : 3452 MB...     
[1A/*stdin*\            : 3455 MB...     
[1A/*stdin*\            : 3458 MB...     
[1A/*stdin*\            : 3464 MB...     
[1A/*stdin*\            : 3472 MB...     
[1A/*stdin*\            : 3480 MB...     
[1A/*stdin*\            : 3488 MB...     
[1A/*stdin*\            : 3494 MB...     
[1A/*stdin*\            : 3502 MB...     
[1A/*stdin*\            : 3504 MB...     
[1A/*stdin*\            : 3505 MB...     
[1A/*stdin*\            : 3507 MB...     
[1A/*stdin*\            : 3511 MB...     
[1A/*stdin*\            : 3513 MB...     
[1A/*stdin*\            : 3517 MB...     
[1A/*stdin*\            : 3519 MB...     
[1A/*stdin*\            : 3526 MB...     
[1A/*stdin*\            : 3532 MB...     
[1A/*stdin*\            : 3538 MB...     
[1A/*stdin*\            : 3546 MB...     
[1A/*stdin*\            : 3554 MB...     
[1A/*stdin*\            : 3562 MB...     
[1A/*stdin*\            : 3570 MB...     
[1A/*stdin*\            : 3578 MB...     
[1A/*stdin*\            : 3586 MB...     
[1A/*stdin*\            : 3593 MB...     
[1A/*stdin*\            : 3601 MB...     
[1A/*stdin*\            : 3606 MB...     
[1A/*stdin*\            : 3610 MB...     
[1A/*stdin*\            : 3616 MB...     
[1A/*stdin*\            : 3624 MB...     
[1A/*stdin*\            : 3632 MB...     
[1A/*stdin*\            : 3640 MB...     
[1A/*stdin*\            : 3648 MB...     
[1A/*stdin*\            : 3656 MB...     
[1A/*stdin*\            : 3663 MB...     
[1A/*stdin*\            : 3671 MB...     
[1A/*stdin*\            : 3679 MB...     
[1A/*stdin*\            : 3687 MB...     
[1A/*stdin*\            : 3689 MB...     
[1A/*stdin*\            : 3689 MB...     
[1A/*stdin*\            : 3690 MB...     
[1A/*stdin*\            : 3691 MB...     
[1A/*stdin*\            : 3692 MB...     
[1A/*stdin*\            : 3693 MB...     
[1A/*stdin*\            : 3694 MB...     
[1A/*stdin*\            : 3695 MB...     
[1A/*stdin*\            : 3699 MB...     
[1A/*stdin*\            : 3703 MB...     
[1A/*stdin*\            : 3707 MB...     
[1A/*stdin*\            : 3709 MB...     
[1A/*stdin*\            : 3714 MB...     
[1A/*stdin*\            : 3720 MB...     
[1A/*stdin*\            : 3728 MB...     
[1A/*stdin*\            : 3736 MB...     
[1A/*stdin*\            : 3744 MB...     
[1A/*stdin*\            : 3749 MB...     
[1A/*stdin*\            : 3750 MB...     
[1A/*stdin*\            : 3751 MB...     
[1A/*stdin*\            : 3753 MB...     
[1A/*stdin*\            : 3754 MB...     
[1A/*stdin*\            : 3759 MB...     
[1A/*stdin*\            : 3767 MB...     
[1A/*stdin*\            : 3774 MB...     
[1A/*stdin*\            : 3781 MB...     
[1A/*stdin*\            : 3783 MB...     
[1A/*stdin*\            : 3785 MB...     
[1A/*stdin*\            : 3786 MB...     
[1A/*stdin*\            : 3787 MB...     
[1A/*stdin*\            : 3789 MB...     
[1A/*stdin*\            : 3792 MB...     
[1A/*stdin*\            : 3797 MB...     
[1A/*stdin*\            : 3800 MB...     
[1A/*stdin*\            : 3807 MB...     
[1A/*stdin*\            : 3811 MB...     
[1A/*stdin*\            : 3817 MB...     
[1A/*stdin*\            : 3821 MB...     
[1A/*stdin*\            : 3825 MB...     
[1A/*stdin*\            : 3825 MB...     
[1A/*stdin*\            : 3829 MB...     
[1A/*stdin*\            : 3835 MB...     
[1A/*stdin*\            : 3841 MB...     
[1A/*stdin*\            : 3843 MB...     
[1A/*stdin*\            : 3847 MB...     
[1A/*stdin*\            : 3854 MB...     
[1A/*stdin*\            : 3862 MB...     
[1A/*stdin*\            : 3870 MB...     
[1A/*stdin*\            : 3878 MB...     
[1A/*stdin*\            : 3886 MB...     
[1A/*stdin*\            : 3894 MB...     
[1A/*stdin*\            : 3902 MB...     
[1A/*stdin*\            : 3906 MB...     
[1A/*stdin*\            : 3913 MB...     
[1A/*stdin*\            : 3921 MB...     
[1A/*stdin*\            : 3929 MB...     
[1A/*stdin*\            : 3937 MB...     
[1A/*stdin*\            : 3939 MB...     
[1A/*stdin*\            : 3943 MB...     
[1A/*stdin*\            : 3947 MB...     
[1A/*stdin*\            : 3953 MB...     
[1A/*stdin*\            : 3960 MB...     
[1A/*stdin*\            : 3963 MB...     
[1A/*stdin*\            : 3969 MB...     
[1A/*stdin*\            : 3974 MB...     
[1A/*stdin*\            : 3978 MB...     
[1A/*stdin*\            : 3978 MB...     
[1A/*stdin*\            : 3981 MB...     
[1A/*stdin*\            : 3987 MB...     
[1A/*stdin*\            : 3995 MB...     
[1A/*stdin*\            : 4003 MB...     
[1A/*stdin*\            : 4011 MB...     
[1A/*stdin*\            : 4019 MB...     
[1A/*stdin*\            : 4027 MB...     
[1A/*stdin*\            : 4035 MB...     
[1A/*stdin*\            : 4043 MB...     
[1A/*stdin*\            : 4051 MB...     
[1A/*stdin*\            : 4054 MB...     
[1A/*stdin*\            : 4055 MB...     
[1A/*stdin*\            : 4058 MB...     
[1A/*stdin*\            : 4064 MB...     
[1A/*stdin*\            : 4070 MB...     
[1A/*stdin*\            : 4078 MB...     
[1A/*stdin*\            : 4086 MB...     
[1A/*stdin*\            : 4094 MB...     
[1A/*stdin*\            : 4102 MB...     
[1A/*stdin*\            : 4107 MB...     
[1A/*stdin*\            : 4112 MB...     
[1A/*stdin*\            : 4117 MB...     
[1A/*stdin*\            : 4123 MB...     
[1A/*stdin*\            : 4129 MB...     
[1A/*stdin*\            : 4131 MB...     
[1A/*stdin*\            : 4135 MB...     
[1A/*stdin*\            : 4140 MB...     
[1A/*stdin*\            : 4143 MB...     
[1A/*stdin*\            : 4149 MB...     
[1A/*stdin*\            : 4154 MB...     
[1A/*stdin*\            : 4162 MB...     
[1A/*stdin*\            : 4169 MB...     
[1A/*stdin*\            : 4177 MB...     
[1A/*stdin*\            : 4185 MB...     
[1A/*stdin*\            : 4193 MB...     
[1A/*stdin*\            : 4201 MB...     
[1A/*stdin*\            : 4209 MB...     
[1A/*stdin*\            : 4215 MB...     
[1A/*stdin*\            : 4223 MB...     
[1A/*stdin*\            : 4231 MB...     
[1A/*stdin*\            : 4239 MB...     
[1A/*stdin*\            : 4247 MB...     
[1A/*stdin*\            : 4255 MB...     
[1A/*stdin*\            : 4262 MB...     
[1A/*stdin*\            : 4270 MB...     
[1A/*stdin*\            : 4278 MB...     
[1A/*stdin*\            : 4286 MB...     
[1A/*stdin*\            : 4294 MB...     
[1A/*stdin*\            : 4302 MB...     
[1A/*stdin*\            : 4310 MB...     
[1A/*stdin*\            : 4316 MB...     
[1A/*stdin*\            : 4322 MB...     
[1A/*stdin*\            : 4330 MB...     
[1A/*stdin*\            : 4338 MB...     
[1A/*stdin*\            : 4346 MB...     
[1A/*stdin*\            : 4354 MB...     
[1A/*stdin*\            : 4361 MB...     
[1A/*stdin*\            : 4368 MB...     
[1A/*stdin*\            : 4376 MB...     
[1A/*stdin*\            : 4384 MB...     
[1A/*stdin*\            : 4391 MB...     
[1A/*stdin*\            : 4399 MB...     
[1A/*stdin*\            : 4407 MB...     
[1A/*stdin*\            : 4415 MB...     
[1A/*stdin*\            : 4423 MB...     
[1A/*stdin*\            : 4431 MB...     
[1A/*stdin*\            : 4439 MB...     
[1A/*stdin*\            : 4447 MB...     
[1A/*stdin*\            : 4455 MB...     
[1A/*stdin*\            : 4463 MB...     
[1A/*stdin*\            : 4471 MB...     
[1A/*stdin*\            : 4479 MB...     
[1A/*stdin*\            : 4485 MB...     
[1A/*stdin*\            : 4490 MB...     
[1A/*stdin*\            : 4495 MB...     
[1A/*stdin*\            : 4503 MB...     
[1A/*stdin*\            : 4511 MB...     
[1A/*stdin*\            : 4516 MB...     
[1A/*stdin*\            : 4520 MB...     
[1A/*stdin*\            : 4526 MB...     
[1A/*stdin*\            : 4527 MB...     
[1A/*stdin*\            : 4532 MB...     
[1A/*stdin*\            : 4535 MB...     
[1A/*stdin*\            : 4538 MB...     
[1A/*stdin*\            : 4540 MB...     
[1A/*stdin*\            : 4542 MB...     
[1A/*stdin*\            : 4544 MB...     
[1A/*stdin*\            : 4545 MB...     
[1A/*stdin*\            : 4553 MB...     
[1A/*stdin*\            : 4561 MB...     
[1A/*stdin*\            : 4568 MB...     
[1A/*stdin*\            : 4576 MB...     
[1A/*stdin*\            : 4584 MB...     
[1A/*stdin*\            : 4590 MB...     
[1A/*stdin*\            : 4596 MB...     
[1A/*stdin*\            : 4604 MB...     
[1A/*stdin*\            : 4612 MB...     
[1A/*stdin*\            : 4620 MB...     
[1A/*stdin*\            : 4627 MB...     
[1A/*stdin*\            : 4635 MB...     
[1A/*stdin*\            : 4643 MB...     
[1A/*stdin*\            : 4651 MB...     
[1A/*stdin*\            : 4659 MB...     
[1A/*stdin*\            : 4667 MB...     
[1A/*stdin*\            : 4675 MB...     
[1A/*stdin*\            : 4683 MB...     
[1A/*stdin*\            : 4690 MB...     
[1A/*stdin*\            : 4698 MB...     
[1A/*stdin*\            : 4706 MB...     
[1A/*stdin*\            : 4710 MB...     
[1A/*stdin*\            : 4717 MB...     
[1A/*stdin*\            : 4725 MB...     
[1A/*stdin*\            : 4730 MB...     
[1A/*stdin*\            : 4736 MB...     
[1A/*stdin*\            : 4742 MB...     
[1A/*stdin*\            : 4743 MB...     
[1A/*stdin*\            : 4747 MB...     
[1A/*stdin*\            : 4749 MB...     
[1A/*stdin*\            : 4751 MB...     
[1A/*stdin*\            : 4752 MB...     
[1A/*stdin*\            : 4754 MB...     
[1A/*stdin*\            : 4756 MB...     
[1A/*stdin*\            : 4758 MB...     
[1A/*stdin*\            : 4762 MB...     
[1A/*stdin*\            : 4770 MB...     
[1A/*stdin*\            : 4778 MB...     
[1A/*stdin*\            : 4786 MB...     
[1A/*stdin*\            : 4790 MB...     
[1A/*stdin*\            : 4796 MB...     
[1A/*stdin*\            : 4803 MB...     
[1A/*stdin*\            : 4811 MB...     
[1A/*stdin*\            : 4819 MB...     
[1A/*stdin*\            : 4825 MB...     
[1A/*stdin*\            : 4830 MB...     
[1A/*stdin*\            : 4833 MB...     
[1A/*stdin*\            : 4837 MB...     
[1A/*stdin*\            : 4845 MB...     
[1A/*stdin*\            : 4853 MB...     
[1A/*stdin*\            : 4861 MB...     
[1A/*stdin*\            : 4869 MB...     
[1A/*stdin*\            : 4877 MB...     
[1A/*stdin*\            : 4884 MB...     
[1A/*stdin*\            : 4892 MB...     
[1A/*stdin*\            : 4896 MB...     
[1A/*stdin*\            : 4899 MB...     
[1A/*stdin*\            : 4905 MB...     
[1A/*stdin*\            : 4912 MB...     
[1A/*stdin*\            : 4920 MB...     
[1A/*stdin*\            : 4927 MB...     
[1A/*stdin*\            : 4934 MB...     
[1A/*stdin*\            : 4942 MB...     
[1A/*stdin*\            : 4950 MB...     
[1A/*stdin*\            : 4958 MB...     
[1A/*stdin*\            : 4965 MB...     
[1A/*stdin*\            : 4971 MB...     
[1A/*stdin*\            : 4973 MB...     
[1A/*stdin*\            : 4977 MB...     
[1A/*stdin*\            : 4981 MB...     
[1A/*stdin*\            : 4987 MB...     
[1A/*stdin*\            : 4994 MB...     
[1A/*stdin*\            : 4997 MB...     
[1A/*stdin*\            : 5000 MB...     
[1A/*stdin*\            : 5004 MB...     
[1A/*stdin*\            : 5007 MB...     
[1A/*stdin*\            : 5014 MB...     
[1A/*stdin*\            : 5022 MB...     
[1A/*stdin*\            : 5030 MB...     
[1A/*stdin*\            : 5038 MB...     
[1A/*stdin*\            : 5046 MB...     
[1A/*stdin*\            : 5050 MB...     
[1A/*stdin*\            : 5051 MB...     
[1A/*stdin*\            : 5052 MB...     
[1A/*stdin*\            : 5056 MB...     
[1A/*stdin*\            : 5058 MB...     
[1A/*stdin*\            : 5059 MB...     
[1A/*stdin*\            : 5060 MB...     
[1A/*stdin*\            : 5062 MB...     
[1A/*stdin*\            : 5065 MB...     
[1A/*stdin*\            : 5067 MB...     
[1A/*stdin*\            : 5068 MB...     
[1A/*stdin*\            : 5069 MB...     
[1A/*stdin*\            : 5070 MB...     
[1A/*stdin*\            : 5072 MB...     
[1A/*stdin*\            : 5073 MB...     
[1A/*stdin*\            : 5074 MB...     
[1A/*stdin*\            : 5075 MB...     
[1A/*stdin*\            : 5077 MB...     
[1A/*stdin*\            : 5085 MB...     
[1A/*stdin*\            : 5092 MB...     
[1A/*stdin*\            : 5100 MB...     
[1A/*stdin*\            : 5108 MB...     
[1A/*stdin*\            : 5116 MB...     
[1A/*stdin*\            : 5124 MB...     
[1A/*stdin*\            : 5127 MB...     
[1A/*stdin*\            : 5129 MB...     
[1A/*stdin*\            : 5131 MB...     
[1A/*stdin*\            : 5132 MB...     
[1A/*stdin*\            : 5133 MB...     
[1A/*stdin*\            : 5138 MB...     
[1A/*stdin*\            : 5146 MB...     
[1A/*stdin*\            : 5154 MB...     
[1A/*stdin*\            : 5162 MB...     
[1A/*stdin*\            : 5170 MB...     
[1A/*stdin*\            : 5174 MB...     
[1A/*stdin*\            : 5176 MB...     
[1A/*stdin*\            : 5178 MB...     
[1A/*stdin*\            : 5180 MB...     
[1A/*stdin*\            : 5182 MB...     
[1A/*stdin*\            : 5184 MB...     
[1A/*stdin*\            : 5186 MB...     
[1A/*stdin*\            : 5188 MB...     
[1A/*stdin*\            : 5190 MB...     
[1A/*stdin*\            : 5191 MB...     
[1A/*stdin*\            : 5193 MB...     
[1A/*stdin*\            : 5195 MB...     
[1A/*stdin*\            : 5199 MB...     
[1A/*stdin*\            : 5203 MB...     
[1A/*stdin*\            : 5206 MB...     
[1A/*stdin*\            : 5211 MB...     
[1A/*stdin*\            : 5219 MB...     
[1A/*stdin*\            : 5227 MB...     
[1A/*stdin*\            : 5235 MB...     
[1A/*stdin*\            : 5243 MB...     
[1A/*stdin*\            : 5251 MB...     
[1A/*stdin*\            : 5259 MB...     
[1A/*stdin*\            : 5267 MB...     
[1A/*stdin*\            : 5275 MB...     
[1A/*stdin*\            : 5283 MB...     
[1A/*stdin*\            : 5286 MB...     
[1A/*stdin*\            : 5288 MB...     
[1A/*stdin*\            : 5290 MB...     
[1A/*stdin*\            : 5293 MB...     
[1A/*stdin*\            : 5298 MB...     
[1A/*stdin*\            : 5303 MB...     
[1A/*stdin*\            : 5306 MB...     
[1A/*stdin*\            : 5309 MB...     
[1A/*stdin*\            : 5312 MB...     
[1A/*stdin*\            : 5315 MB...     
[1A/*stdin*\            : 5321 MB...     
[1A/*stdin*\            : 5326 MB...     
[1A/*stdin*\            : 5330 MB...     
[1A/*stdin*\            : 5334 MB...     
[1A/*stdin*\            : 5341 MB...     
[1A/*stdin*\            : 5348 MB...     
[1A/*stdin*\            : 5356 MB...     
[1A/*stdin*\            : 5357 MB...     
[1A/*stdin*\            : 5360 MB...     
[1A/*stdin*\            : 5364 MB...     
[1A/*stdin*\            : 5371 MB...     
[1A/*stdin*\            : 5378 MB...     
[1A/*stdin*\            : 5386 MB...     
[1A/*stdin*\            : 5394 MB...     
[1A/*stdin*\            : 5402 MB...     
[1A/*stdin*\            : 5410 MB...     
[1A/*stdin*\            : 5418 MB...     
[1A/*stdin*\            : 5426 MB...     
[1A/*stdin*\            : 5434 MB...     
[1A/*stdin*\            : 5437 MB...     
[1A/*stdin*\            : 5439 MB...     
[1A/*stdin*\            : 5440 MB...     
[1A/*stdin*\            : 5442 MB...     
[1A/*stdin*\            : 5444 MB...     
[1A/*stdin*\            : 5445 MB...     
[1A/*stdin*\            : 5449 MB...     
[1A/*stdin*\            : 5454 MB...     
[1A/*stdin*\            : 5457 MB...     
[1A/*stdin*\            : 5457 MB...     
[1A/*stdin*\            : 5457 MB...     
[1A/*stdin*\            : 5457 MB...     
[1A/*stdin*\            : 5458 MB...     
[1A/*stdin*\            : 5458 MB...     
[1A/*stdin*\            : 5459 MB...     
[1A/*stdin*\            : 5461 MB...     
[1A/*stdin*\            : 5463 MB...     
[1A/*stdin*\            : 5466 MB...     
[1A/*stdin*\            : 5472 MB...     
[1A/*stdin*\            : 5480 MB...     
[1A/*stdin*\            : 5488 MB...     
[1A/*stdin*\            : 5495 MB...     
[1A/*stdin*\            : 5503 MB...     
[1A/*stdin*\            : 5511 MB...     
[1A/*stdin*\            : 5519 MB...     
[1A/*stdin*\            : 5527 MB...     
[1A/*stdin*\            : 5535 MB...     
[1A/*stdin*\            : 5543 MB...     
[1A/*stdin*\            : 5551 MB...     
[1A/*stdin*\            : 5557 MB...     
[1A/*stdin*\            : 5560 MB...     
[1A/*stdin*\            : 5564 MB...     
[1A/*stdin*\            : 5572 MB...     
[1A/*stdin*\            : 5580 MB...     
[1A/*stdin*\            : 5588 MB...     
[1A/*stdin*\            : 5589 MB...     
[1A/*stdin*\            : 5594 MB...     
[1A/*stdin*\            : 5598 MB...     
[1A/*stdin*\            : 5605 MB...     
[1A/*stdin*\            : 5610 MB...     
[1A/*stdin*\            : 5616 MB...     
[1A/*stdin*\            : 5623 MB...     
[1A/*stdin*\            : 5631 MB...     
[1A/*stdin*\            : 5638 MB...     
[1A/*stdin*\            : 5643 MB...     
[1A/*stdin*\            : 5648 MB...     
[1A/*stdin*\            : 5654 MB...     
[1A/*stdin*\            : 5661 MB...     
[1A/*stdin*\            : 5663 MB...     
[1A/*stdin*\            : 5668 MB...     
[1A/*stdin*\            : 5675 MB...     
[1A/*stdin*\            : 5682 MB...     
[1A/*stdin*\            : 5690 MB...     
[1A/*stdin*\            : 5698 MB...     
[1A/*stdin*\            : 5705 MB...     
[1A/*stdin*\            : 5713 MB...     
[1A/*stdin*\            : 5719 MB...     
[1A/*stdin*\            : 5724 MB...     
[1A/*stdin*\            : 5729 MB...     
[1A/*stdin*\            : 5731 MB...     
[1A/*stdin*\            : 5734 MB...     
[1A/*stdin*\            : 5739 MB...     
[1A/*stdin*\            : 5744 MB...     
[1A/*stdin*\            : 5749 MB...     
[1A/*stdin*\            : 5755 MB...     
[1A/*stdin*\            : 5758 MB...     
[1A/*stdin*\            : 5763 MB...     
[1A/*stdin*\            : 5770 MB...     
[1A/*stdin*\            : 5776 MB...     
[1A/*stdin*\            : 5778 MB...     
[1A/*stdin*\            : 5781 MB...     
[1A/*stdin*\            : 5788 MB...     
[1A/*stdin*\            : 5796 MB...     
[1A/*stdin*\            : 5804 MB...     
[1A/*stdin*\            : 5809 MB...     
[1A/*stdin*\            : 5813 MB...     
[1A/*stdin*\            : 5814 MB...     
[1A/*stdin*\            : 5817 MB...     
[1A/*stdin*\            : 5820 MB...     
[1A/*stdin*\            : 5821 MB...     
[1A/*stdin*\            : 5826 MB...     
[1A/*stdin*\            : 5834 MB...     
[1A/*stdin*\            : 5841 MB...     
[1A/*stdin*\            : 5847 MB...     
[1A/*stdin*\            : 5853 MB...     
[1A/*stdin*\            : 5860 MB...     
[1A/*stdin*\            : 5863 MB...     
[1A/*stdin*\            : 5870 MB...     
[1A/*stdin*\            : 5874 MB...     
[1A/*stdin*\            : 5878 MB...     
[1A/*stdin*\            : 5884 MB...     
[1A/*stdin*\            : 5886 MB...     
[1A/*stdin*\            : 5894 MB...     
[1A/*stdin*\            : 5897 MB...     
[1A/*stdin*\            : 5899 MB...     
[1A/*stdin*\            : 5901 MB...     
[1A/*stdin*\            : 5906 MB...     
[1A/*stdin*\            : 5914 MB...     
[1A/*stdin*\            : 5921 MB...     
[1A/*stdin*\            : 5929 MB...     
[1A/*stdin*\            : 5937 MB...     
[1A/*stdin*\            : 5944 MB...     
[1A/*stdin*\            : 5952 MB...     
[1A/*stdin*\            : 5960 MB...     
[1A/*stdin*\            : 5967 MB...     
[1A/*stdin*\            : 5975 MB...     
[1A/*stdin*\            : 5979 MB...     
[1A/*stdin*\            : 5982 MB...     
[1A/*stdin*\            : 5986 MB...     
[1A/*stdin*\            : 5989 MB...     
[1A/*stdin*\            : 5992 MB...     
[1A/*stdin*\            : 5995 MB...     
[1A/*stdin*\            : 5999 MB...     
[1A/*stdin*\            : 6006 MB...     
[1A/*stdin*\            : 6013 MB...     
[1A/*stdin*\            : 6021 MB...     
[1A/*stdin*\            : 6029 MB...     
[1A/*stdin*\            : 6037 MB...     
[1A/*stdin*\            : 6044 MB...     
[1A/*stdin*\            : 6047 MB...     
[1A/*stdin*\            : 6050 MB...     
[1A/*stdin*\            : 6055 MB...     
[1A/*stdin*\            : 6057 MB...     
[1A/*stdin*\            : 6061 MB...     
[1A/*stdin*\            : 6068 MB...     
[1A/*stdin*\            : 6071 MB...     
[1A/*stdin*\            : 6073 MB...     
[1A/*stdin*\            : 6075 MB...     
[1A/*stdin*\            : 6080 MB...     
[1A/*stdin*\            : 6086 MB...     
[1A/*stdin*\            : 6091 MB...     
[1A/*stdin*\            : 6093 MB...     
[1A/*stdin*\            : 6096 MB...     
[1A/*stdin*\            : 6098 MB...     
[1A/*stdin*\            : 6101 MB...     
[1A/*stdin*\            : 6108 MB...     
[1A/*stdin*\            : 6116 MB...     
[1A/*stdin*\            : 6122 MB...     
[1A/*stdin*\            : 6130 MB...     
[1A/*stdin*\            : 6136 MB...     
[1A/*stdin*\            : 6144 MB...     
[1A/*stdin*\            : 6152 MB...     
[1A/*stdin*\            : 6159 MB...     
[1A/*stdin*\            : 6167 MB...     
[1A/*stdin*\            : 6175 MB...     
[1A/*stdin*\            : 6182 MB...     
[1A/*stdin*\            : 6190 MB...     
[1A/*stdin*\            : 6198 MB...     
[1A/*stdin*\            : 6206 MB...     
[1A/*stdin*\            : 6213 MB...     
[1A/*stdin*\            : 6221 MB...     
[1A/*stdin*\            : 6229 MB...     
[1A/*stdin*\            : 6236 MB...     
[1A/*stdin*\            : 6244 MB...     
[1A/*stdin*\            : 6252 MB...     
[1A/*stdin*\            : 6259 MB...     
[1A/*stdin*\            : 6267 MB...     
[1A/*stdin*\            : 6273 MB...     
[1A/*stdin*\            : 6275 MB...     
[1A/*stdin*\            : 6277 MB...     
[1A/*stdin*\            : 6279 MB...     
[1A/*stdin*\            : 6283 MB...     
[1A/*stdin*\            : 6286 MB...     
[1A/*stdin*\            : 6291 MB...     
[1A/*stdin*\            : 6297 MB...     
[1A/*stdin*\            : 6303 MB...     
[1A/*stdin*\            : 6311 MB...     
[1A/*stdin*\            : 6318 MB...     
[1A/*stdin*\            : 6326 MB...     
[1A/*stdin*\            : 6334 MB...     
[1A/*stdin*\            : 6341 MB...     
[1A/*stdin*\            : 6349 MB...     
[1A/*stdin*\            : 6355 MB...     
[1A/*stdin*\            : 6360 MB...     
[1A/*stdin*\            : 6364 MB...     
[1A/*stdin*\            : 6370 MB...     
[1A/*stdin*\            : 6376 MB...     
[1A/*stdin*\            : 6382 MB...     
[1A/*stdin*\            : 6390 MB...     
[1A/*stdin*\            : 6398 MB...     
[1A/*stdin*\            : 6405 MB...     
[1A/*stdin*\            : 6413 MB...     
[1A/*stdin*\            : 6421 MB...     
[1A/*stdin*\            : 6426 MB...     
[1A/*stdin*\            : 6427 MB...     
[1A/*stdin*\            : 6427 MB...     
[1A/*stdin*\            : 6428 MB...     
[1A/*stdin*\            : 6428 MB...     
[1A/*stdin*\            : 6430 MB...     
[1A/*stdin*\            : 6433 MB...     
[1A/*stdin*\            : 6435 MB...     
[1A/*stdin*\            : 6437 MB...     
[1A/*stdin*\            : 6440 MB...     
[1A/*stdin*\            : 6442 MB...     
[1A/*stdin*\            : 6445 MB...     
[1A/*stdin*\            : 6451 MB...     
[1A/*stdin*\            : 6454 MB...     
[1A/*stdin*\            : 6458 MB...     
[1A/*stdin*\            : 6465 MB...     
[1A/*stdin*\            : 6470 MB...     
[1A/*stdin*\            : 6473 MB...     
[1A/*stdin*\            : 6476 MB...     
[1A/*stdin*\            : 6479 MB...     
[1A/*stdin*\            : 6481 MB...     
[1A/*stdin*\            : 6483 MB...     
[1A/*stdin*\            : 6488 MB...     
[1A/*stdin*\            : 6494 MB...     
[1A/*stdin*\            : 6502 MB...     
[1A/*stdin*\            : 6503 MB...     
[1A/*stdin*\            : 6505 MB...     
[1A/*stdin*\            : 6506 MB...     
[1A/*stdin*\            : 6507 MB...     
[1A/*stdin*\            : 6508 MB...     
[1A/*stdin*\            : 6509 MB...     
[1A/*stdin*\            : 6510 MB...     
[1A/*stdin*\            : 6511 MB...     
[1A/*stdin*\            : 6511 MB...     
[1A/*stdin*\            : 6512 MB...     
[1A/*stdin*\            : 6514 MB...     
[1A/*stdin*\            : 6515 MB...     
[1A/*stdin*\            : 6517 MB...     
[1A/*stdin*\            : 6518 MB...     
[1A/*stdin*\            : 6520 MB...     
[1A/*stdin*\            : 6521 MB...     
[1A/*stdin*\            : 6523 MB...     
[1A/*stdin*\            : 6525 MB...     
[1A/*stdin*\            : 6527 MB...     
[1A/*stdin*\            : 6529 MB...     
[1A/*stdin*\            : 6530 MB...     
[1A/*stdin*\            : 6532 MB...     
[1A/*stdin*\            : 6533 MB...     
[1A/*stdin*\            : 6534 MB...     
[1A/*stdin*\            : 6536 MB...     
[1A/*stdin*\            : 6538 MB...     
[1A/*stdin*\            : 6541 MB...     
[1A/*stdin*\            : 6544 MB...     
[1A/*stdin*\            : 6551 MB...     
[1A/*stdin*\            : 6559 MB...     
[1A/*stdin*\            : 6566 MB...     
[1A/*stdin*\            : 6574 MB...     
[1A/*stdin*\            : 6579 MB...     
[1A/*stdin*\            : 6582 MB...     
[1A/*stdin*\            : 6586 MB...     
[1A/*stdin*\            : 6594 MB...     
[1A/*stdin*\            : 6601 MB...     
[1A/*stdin*\            : 6608 MB...     
[1A/*stdin*\            : 6612 MB...     
[1A/*stdin*\            : 6614 MB...     
[1A/*stdin*\            : 6617 MB...     
[1A/*stdin*\            : 6619 MB...     
[1A/*stdin*\            : 6620 MB...     
[1A/*stdin*\            : 6620 MB...     
[1A/*stdin*\            : 6626 MB...     
[1A/*stdin*\            : 6633 MB...     
[1A/*stdin*\            : 6641 MB...     
[1A/*stdin*\            : 6649 MB...     
[1A/*stdin*\            : 6657 MB...     
[1A/*stdin*\            : 6664 MB...     
[1A/*stdin*\            : 6667 MB...     
[1A/*stdin*\            : 6671 MB...     
[1A/*stdin*\            : 6675 MB...     
[1A/*stdin*\            : 6679 MB...     
[1A/*stdin*\            : 6682 MB...     
[1A/*stdin*\            : 6684 MB...     
[1A/*stdin*\            : 6689 MB...     
[1A/*stdin*\            : 6694 MB...     
[1A/*stdin*\            : 6698 MB...     
[1A/*stdin*\            : 6702 MB...     
[1A/*stdin*\            : 6706 MB...     
[1A/*stdin*\            : 6709 MB...     
[1A/*stdin*\            : 6712 MB...     
[1A/*stdin*\            : 6720 MB...     
[1A/*stdin*\            : 6728 MB...     
[1A/*stdin*\            : 6732 MB...     
[1A/*stdin*\            : 6733 MB...     
[1A/*stdin*\            : 6735 MB...     
[1A/*stdin*\            : 6737 MB...     
[1A/*stdin*\            : 6741 MB...     
[1A/*stdin*\            : 6745 MB...     
[1A/*stdin*\            : 6752 MB...     
[1A/*stdin*\            : 6756 MB...     
[1A/*stdin*\            : 6760 MB...     
[1A/*stdin*\            : 6767 MB...     
[1A/*stdin*\            : 6774 MB...     
[1A/*stdin*\            : 6777 MB...     
[1A/*stdin*\            : 6780 MB...     
[1A/*stdin*\            : 6783 MB...     
[1A/*stdin*\            : 6785 MB...     
[1A/*stdin*\            : 6789 MB...     
[1A/*stdin*\            : 6795 MB...     
[1A/*stdin*\            : 6801 MB...     
[1A/*stdin*\            : 6805 MB...     
[1A/*stdin*\            : 6808 MB...     
[1A/*stdin*\            : 6808 MB...     
[1A/*stdin*\            : 6814 MB...     
[1A/*stdin*\            : 6817 MB...     
[1A/*stdin*\            : 6821 MB...     
[1A/*stdin*\            : 6829 MB...     
[1A/*stdin*\            : 6836 MB...     
[1A/*stdin*\            : 6844 MB...     
[1A/*stdin*\            : 6852 MB...     
[1A/*stdin*\            : 6859 MB...     
[1A/*stdin*\            : 6865 MB...     
[1A/*stdin*\            : 6868 MB...     
[1A/*stdin*\            : 6872 MB...     
[1A/*stdin*\            : 6875 MB...     
[1A/*stdin*\            : 6878 MB...     
[1A/*stdin*\            : 6883 MB...     
[1A/*stdin*\            : 6885 MB...     
[1A/*stdin*\            : 6887 MB...     
[1A/*stdin*\            : 6889 MB...     
[1A/*stdin*\            : 6892 MB...     
[1A/*stdin*\            : 6894 MB...     
[1A/*stdin*\            : 6897 MB...     
[1A/*stdin*\            : 6900 MB...     
[1A/*stdin*\            : 6904 MB...     
[1A/*stdin*\            : 6912 MB...     
[1A/*stdin*\            : 6917 MB...     
[1A/*stdin*\            : 6925 MB...     
[1A/*stdin*\            : 6932 MB...     
[1A/*stdin*\            : 6940 MB...     
[1A/*stdin*\            : 6948 MB...     
[1A/*stdin*\            : 6955 MB...     
[1A/*stdin*\            : 6963 MB...     
[1A/*stdin*\            : 6971 MB...     
[1A/*stdin*\            : 6974 MB...     
[1A/*stdin*\            : 6979 MB...     
[1A/*stdin*\            : 6986 MB...     
[1A/*stdin*\            : 6993 MB...     
[1A/*stdin*\            : 7000 MB...     
[1A/*stdin*\            : 7008 MB...     
[1A/*stdin*\            : 7016 MB...     
[1A/*stdin*\            : 7023 MB...     
[1A/*stdin*\            : 7031 MB...     
[1A/*stdin*\            : 7035 MB...     
[1A/*stdin*\            : 7043 MB...     
[1A/*stdin*\            : 7051 MB...     
[1A/*stdin*\            : 7059 MB...     
[1A/*stdin*\            : 7064 MB...     
[1A/*stdin*\            : 7070 MB...     
[1A/*stdin*\            : 7074 MB...     
[1A/*stdin*\            : 7076 MB...     
[1A/*stdin*\            : 7081 MB...     
[1A/*stdin*\            : 7088 MB...     
[1A/*stdin*\            : 7090 MB...     
[1A/*stdin*\            : 7095 MB...     
[1A/*stdin*\            : 7103 MB...     
[1A/*stdin*\            : 7107 MB...     
[1A/*stdin*\            : 7110 MB...     
[1A/*stdin*\            : 7114 MB...     
[1A/*stdin*\            : 7114 MB...     
[1A/*stdin*\            : 7122 MB...     
[1A/*stdin*\            : 7124 MB...     
[1A/*stdin*\            : 7130 MB...     
[1A/*stdin*\            : 7138 MB...     
[1A/*stdin*\            : 7146 MB...     
[1A/*stdin*\            : 7153 MB...     
[1A/*stdin*\            : 7160 MB...     
[1A/*stdin*\            : 7167 MB...     
[1A/*stdin*\            : 7170 MB...     
[1A/*stdin*\            : 7171 MB...     
[1A/*stdin*\            : 7173 MB...     
[1A/*stdin*\            : 7174 MB...     
[1A/*stdin*\            : 7177 MB...     
[1A/*stdin*\            : 7179 MB...     
[1A/*stdin*\            : 7181 MB...     
[1A/*stdin*\            : 7183 MB...     
[1A/*stdin*\            : 7184 MB...     
[1A/*stdin*\            : 7186 MB...     
[1A/*stdin*\            : 7189 MB...     
[1A/*stdin*\            : 7191 MB...     
[1A/*stdin*\            : 7193 MB...     
[1A/*stdin*\            : 7195 MB...     
[1A/*stdin*\            : 7196 MB...     
[1A/*stdin*\            : 7198 MB...     
[1A/*stdin*\            : 7200 MB...     
[1A/*stdin*\            : 7202 MB...     
[1A/*stdin*\            : 7204 MB...     
[1A/*stdin*\            : 7206 MB...     
[1A/*stdin*\            : 7207 MB...     
[1A/*stdin*\            : 7211 MB...     
[1A/*stdin*\            : 7216 MB...     
[1A/*stdin*\            : 7224 MB...     
[1A/*stdin*\            : 7229 MB...     
[1A/*stdin*\            : 7235 MB...     
[1A/*stdin*\            : 7242 MB...     
[1A/*stdin*\            : 7249 MB...     
[1A/*stdin*\            : 7257 MB...     
[1A/*stdin*\            : 7265 MB...     
[1A/*stdin*\            : 7272 MB...     
[1A/*stdin*\            : 7276 MB...     
[1A/*stdin*\            : 7278 MB...     
[1A/*stdin*\            : 7281 MB...     
[1A/*stdin*\            : 7283 MB...     
[1A/*stdin*\            : 7288 MB...     
[1A/*stdin*\            : 7291 MB...     
[1A/*stdin*\            : 7298 MB...     
[1A/*stdin*\            : 7301 MB...     
[1A/*stdin*\            : 7306 MB...     
[1A/*stdin*\            : 7309 MB...     
[1A/*stdin*\            : 7316 MB...     
[1A/*stdin*\            : 7321 MB...     
[1A/*stdin*\            : 7327 MB...     
[1A/*stdin*\            : 7334 MB...     
[1A/*stdin*\            : 7341 MB...     
[1A/*stdin*\            : 7349 MB...     
[1A/*stdin*\            : 7356 MB...     
[1A/*stdin*\            : 7363 MB...     
[1A/*stdin*\            : 7370 MB...     
[1A/*stdin*\            : 7373 MB...     
[1A/*stdin*\            : 7380 MB...     
[1A/*stdin*\            : 7386 MB...     
[1A/*stdin*\            : 7390 MB...     
[1A/*stdin*\            : 7394 MB...     
[1A/*stdin*\            : 7398 MB...     
[1A/*stdin*\            : 7401 MB...     
[1A/*stdin*\            : 7409 MB...     
[1A/*stdin*\            : 7416 MB...     
[1A/*stdin*\            : 7423 MB...     
[1A/*stdin*\            : 7429 MB...     
[1A/*stdin*\            : 7436 MB...     
[1A/*stdin*\            : 7444 MB...     
[1A/*stdin*\            : 7452 MB...     
[1A/*stdin*\            : 7459 MB...     
[1A/*stdin*\            : 7467 MB...     
[1A/*stdin*\            : 7470 MB...     
[1A/*stdin*\            : 7472 MB...     
[1A/*stdin*\            : 7479 MB...     
[1A/*stdin*\            : 7486 MB...     
[1A/*stdin*\            : 7493 MB...     
[1A/*stdin*\            : 7501 MB...     
[1A/*stdin*\            : 7503 MB...     
[1A/*stdin*\            : 7504 MB...     
[1A/*stdin*\            : 7506 MB...     
[1A/*stdin*\            : 7510 MB...     
[1A/*stdin*\            : 7515 MB...     
[1A/*stdin*\            : 7517 MB...     
[1A/*stdin*\            : 7519 MB...     
[1A/*stdin*\            : 7520 MB...     
[1A/*stdin*\            : 7522 MB...     
[1A/*stdin*\            : 7523 MB...     
[1A/*stdin*\            : 7524 MB...     
[1A/*stdin*\            : 7526 MB...     
[1A/*stdin*\            : 7527 MB...     
[1A/*stdin*\            : 7528 MB...     
[1A/*stdin*\            : 7529 MB...     
[1A/*stdin*\            : 7532 MB...     
[1A/*stdin*\            : 7535 MB...     
[1A/*stdin*\            : 7541 MB...     
[1A/*stdin*\            : 7548 MB...     
[1A/*stdin*\            : 7555 MB...     
[1A/*stdin*\            : 7563 MB...     
[1A/*stdin*\            : 7571 MB...     
[1A/*stdin*\            : 7578 MB...     
[1A/*stdin*\            : 7584 MB...     
[1A/*stdin*\            : 7588 MB...     
[1A/*stdin*\            : 7591 MB...     
[1A/*stdin*\            : 7594 MB...     
[1A/*stdin*\            : 7596 MB...     
[1A/*stdin*\            : 7599 MB...     
[1A/*stdin*\            : 7604 MB...     
[1A/*stdin*\            : 7608 MB...     
[1A/*stdin*\            : 7615 MB...     
[1A/*stdin*\            : 7620 MB...     
[1A/*stdin*\            : 7623 MB...     
[1A/*stdin*\            : 7625 MB...     
[1A/*stdin*\            : 7628 MB...     
[1A/*stdin*\            : 7634 MB...     
[1A/*stdin*\            : 7641 MB...     
[1A/*stdin*\            : 7649 MB...     
[1A/*stdin*\            : 7655 MB...     
[1A/*stdin*\            : 7662 MB...     
[1A/*stdin*\            : 7670 MB...     
[1A/*stdin*\            : 7678 MB...     
[1A/*stdin*\            : 7685 MB...     
[1A/*stdin*\            : 7690 MB...     
[1A/*stdin*\            : 7693 MB...     
[1A/*stdin*\            : 7697 MB...     
[1A/*stdin*\            : 7700 MB...     
[1A/*stdin*\            : 7707 MB...     
[1A/*stdin*\            : 7714 MB...     
[1A/*stdin*\            : 7722 MB...     
[1A/*stdin*\            : 7729 MB...     
[1A/*stdin*\            : 7735 MB...     
[1A/*stdin*\            : 7739 MB...     
[1A/*stdin*\            : 7745 MB...     
[1A/*stdin*\            : 7748 MB...     
[1A/*stdin*\            : 7752 MB...     
[1A/*stdin*\            : 7757 MB...     
[1A/*stdin*\            : 7761 MB...     
[1A/*stdin*\            : 7764 MB...     
[1A/*stdin*\            : 7767 MB...     
[1A/*stdin*\            : 7769 MB...     
[1A/*stdin*\            : 7771 MB...     
[1A/*stdin*\            : 7772 MB...     
[1A/*stdin*\            : 7774 MB...     
[1A/*stdin*\            : 7777 MB...     
[1A/*stdin*\            : 7780 MB...     
[1A/*stdin*\            : 7784 MB...     
[1A/*stdin*\            : 7789 MB...     
[1A/*stdin*\            : 7797 MB...     
[1A/*stdin*\            : 7803 MB...     
[1A/*stdin*\            : 7805 MB...     
[1A/*stdin*\            : 7808 MB...     
[1A/*stdin*\            : 7811 MB...     
[1A/*stdin*\            : 7815 MB...     
[1A/*stdin*\            : 7818 MB...     
[1A/*stdin*\            : 7825 MB...     
[1A/*stdin*\            : 7828 MB...     
[1A/*stdin*\            : 7834 MB...     
[1A/*stdin*\            : 7837 MB...     
[1A/*stdin*\            : 7839 MB...     
[1A/*stdin*\            : 7842 MB...     
[1A/*stdin*\            : 7849 MB...     
[1A/*stdin*\            : 7857 MB...     
[1A/*stdin*\            : 7864 MB...     
[1A/*stdin*\            : 7872 MB...     
[1A/*stdin*\            : 7879 MB...                                                                                    
[1A/*stdin*\           : 8262651516 bytes 
done test80-2024-02-feb-2tb7p.min-v2.v6.binpack: 8.3 GB in 307 s
fetch test80-2024-03-mar-2tb7p.min-v2.v6.binpack ...

[1A/*stdin*\            : 0 MB...     
[1A/*stdin*\            : 0 MB...     
[1A/*stdin*\            : 9 MB...     
[1A/*stdin*\            : 16 MB...     
[1A/*stdin*\            : 21 MB...     
[1A/*stdin*\            : 27 MB...     
[1A/*stdin*\            : 32 MB...     
[1A/*stdin*\            : 38 MB...     
[1A/*stdin*\            : 43 MB...     
[1A/*stdin*\            : 49 MB...     
[1A/*stdin*\            : 54 MB...     
[1A/*stdin*\            : 60 MB...     
[1A/*stdin*\            : 65 MB...     
[1A/*stdin*\            : 71 MB...     
[1A/*stdin*\            : 75 MB...     
[1A/*stdin*\            : 83 MB...     
[1A/*stdin*\            : 92 MB...     
[1A/*stdin*\            : 103 MB...     
[1A/*stdin*\            : 114 MB...     
[1A/*stdin*\            : 124 MB...     
[1A/*stdin*\            : 134 MB...     
[1A/*stdin*\            : 140 MB...     
[1A/*stdin*\            : 150 MB...     
[1A/*stdin*\            : 152 MB...     
[1A/*stdin*\            : 162 MB...     
[1A/*stdin*\            : 172 MB...     
[1A/*stdin*\            : 183 MB...     
[1A/*stdin*\            : 193 MB...     
[1A/*stdin*\            : 204 MB...     
[1A/*stdin*\            : 215 MB...     
[1A/*stdin*\            : 224 MB...     
[1A/*stdin*\            : 228 MB...     
[1A/*stdin*\            : 230 MB...     
[1A/*stdin*\            : 239 MB...     
[1A/*stdin*\            : 250 MB...     
[1A/*stdin*\            : 260 MB...     
[1A/*stdin*\            : 260 MB...     
[1A/*stdin*\            : 271 MB...     
[1A/*stdin*\            : 282 MB...     
[1A/*stdin*\            : 293 MB...     
[1A/*stdin*\            : 303 MB...     
[1A/*stdin*\            : 305 MB...     
[1A/*stdin*\            : 313 MB...     
[1A/*stdin*\            : 324 MB...     
[1A/*stdin*\            : 335 MB...     
[1A/*stdin*\            : 344 MB...     
[1A/*stdin*\            : 354 MB...     
[1A/*stdin*\            : 365 MB...     
[1A/*stdin*\            : 376 MB...     
[1A/*stdin*\            : 381 MB...     
[1A/*stdin*\            : 392 MB...     
[1A/*stdin*\            : 402 MB...     
[1A/*stdin*\            : 411 MB...     
[1A/*stdin*\            : 422 MB...     
[1A/*stdin*\            : 432 MB...     
[1A/*stdin*\            : 442 MB...     
[1A/*stdin*\            : 453 MB...     
[1A/*stdin*\            : 458 MB...     
[1A/*stdin*\            : 468 MB...     
[1A/*stdin*\            : 474 MB...     
[1A/*stdin*\            : 485 MB...     
[1A/*stdin*\            : 496 MB...     
[1A/*stdin*\            : 507 MB...     
[1A/*stdin*\            : 518 MB...     
[1A/*stdin*\            : 529 MB...     
[1A/*stdin*\            : 539 MB...     
[1A/*stdin*\            : 550 MB...     
[1A/*stdin*\            : 560 MB...     
[1A/*stdin*\            : 564 MB...     
[1A/*stdin*\            : 575 MB...     
[1A/*stdin*\            : 585 MB...     
[1A/*stdin*\            : 596 MB...     
[1A/*stdin*\            : 607 MB...     
[1A/*stdin*\            : 611 MB...     
[1A/*stdin*\            : 622 MB...     
[1A/*stdin*\            : 632 MB...     
[1A/*stdin*\            : 642 MB...     
[1A/*stdin*\            : 643 MB...     
[1A/*stdin*\            : 653 MB...     
[1A/*stdin*\            : 664 MB...     
[1A/*stdin*\            : 674 MB...     
[1A/*stdin*\            : 682 MB...     
[1A/*stdin*\            : 687 MB...     
[1A/*stdin*\            : 697 MB...     
[1A/*stdin*\            : 707 MB...     
[1A/*stdin*\            : 718 MB...     
[1A/*stdin*\            : 722 MB...     
[1A/*stdin*\            : 731 MB...     
[1A/*stdin*\            : 741 MB...     
[1A/*stdin*\            : 751 MB...     
[1A/*stdin*\            : 761 MB...     
[1A/*stdin*\            : 764 MB...     
[1A/*stdin*\            : 774 MB...     
[1A/*stdin*\            : 783 MB...     
[1A/*stdin*\            : 793 MB...     
[1A/*stdin*\            : 796 MB...     
[1A/*stdin*\            : 803 MB...     
[1A/*stdin*\            : 812 MB...     
[1A/*stdin*\            : 820 MB...     
[1A/*stdin*\            : 828 MB...     
[1A/*stdin*\            : 839 MB...     
[1A/*stdin*\            : 840 MB...     
[1A/*stdin*\            : 851 MB...     
[1A/*stdin*\            : 861 MB...     
[1A/*stdin*\            : 871 MB...     
[1A/*stdin*\            : 882 MB...     
[1A/*stdin*\            : 892 MB...     
[1A/*stdin*\            : 902 MB...     
[1A/*stdin*\            : 910 MB...     
[1A/*stdin*\            : 917 MB...     
[1A/*stdin*\            : 927 MB...     
[1A/*stdin*\            : 937 MB...     
[1A/*stdin*\            : 947 MB...     
[1A/*stdin*\            : 957 MB...     
[1A/*stdin*\            : 966 MB...     
[1A/*stdin*\            : 975 MB...     
[1A/*stdin*\            : 986 MB...     
[1A/*stdin*\            : 992 MB...     
[1A/*stdin*\            : 998 MB...     
[1A/*stdin*\            : 1009 MB...     
[1A/*stdin*\            : 1018 MB...     
[1A/*stdin*\            : 1028 MB...     
[1A/*stdin*\            : 1039 MB...     
[1A/*stdin*\            : 1049 MB...     
[1A/*stdin*\            : 1059 MB...     
[1A/*stdin*\            : 1069 MB...     
[1A/*stdin*\            : 1070 MB...     
[1A/*stdin*\            : 1078 MB...     
[1A/*stdin*\            : 1086 MB...     
[1A/*stdin*\            : 1094 MB...     
[1A/*stdin*\            : 1103 MB...     
[1A/*stdin*\            : 1111 MB...     
[1A/*stdin*\            : 1119 MB...     
[1A/*stdin*\            : 1127 MB...     
[1A/*stdin*\            : 1135 MB...     
[1A/*stdin*\            : 1144 MB...     
[1A/*stdin*\            : 1147 MB...     
[1A/*stdin*\            : 1155 MB...     
[1A/*stdin*\            : 1163 MB...     
[1A/*stdin*\            : 1171 MB...     
[1A/*stdin*\            : 1180 MB...     
[1A/*stdin*\            : 1189 MB...     
[1A/*stdin*\            : 1198 MB...     
[1A/*stdin*\            : 1206 MB...     
[1A/*stdin*\            : 1214 MB...     
[1A/*stdin*\            : 1222 MB...     
[1A/*stdin*\            : 1223 MB...     
[1A/*stdin*\            : 1233 MB...     
[1A/*stdin*\            : 1244 MB...     
[1A/*stdin*\            : 1253 MB...     
[1A/*stdin*\            : 1263 MB...     
[1A/*stdin*\            : 1274 MB...     
[1A/*stdin*\            : 1283 MB...     
[1A/*stdin*\            : 1293 MB...     
[1A/*stdin*\            : 1300 MB...     
[1A/*stdin*\            : 1309 MB...     
[1A/*stdin*\            : 1319 MB...     
[1A/*stdin*\            : 1329 MB...     
[1A/*stdin*\            : 1335 MB...     
[1A/*stdin*\            : 1342 MB...     
[1A/*stdin*\            : 1350 MB...     
[1A/*stdin*\            : 1357 MB...     
[1A/*stdin*\            : 1366 MB...     
[1A/*stdin*\            : 1375 MB...     
[1A/*stdin*\            : 1376 MB...     
[1A/*stdin*\            : 1381 MB...     
[1A/*stdin*\            : 1391 MB...     
[1A/*stdin*\            : 1401 MB...     
[1A/*stdin*\            : 1411 MB...     
[1A/*stdin*\            : 1421 MB...     
[1A/*stdin*\            : 1431 MB...     
[1A/*stdin*\            : 1441 MB...     
[1A/*stdin*\            : 1450 MB...     
[1A/*stdin*\            : 1453 MB...     
[1A/*stdin*\            : 1457 MB...     
[1A/*stdin*\            : 1462 MB...     
[1A/*stdin*\            : 1466 MB...     
[1A/*stdin*\            : 1469 MB...     
[1A/*stdin*\            : 1475 MB...     
[1A/*stdin*\            : 1481 MB...     
[1A/*stdin*\            : 1486 MB...     
[1A/*stdin*\            : 1490 MB...     
[1A/*stdin*\            : 1495 MB...     
[1A/*stdin*\            : 1499 MB...     
[1A/*stdin*\            : 1504 MB...     
[1A/*stdin*\            : 1508 MB...     
[1A/*stdin*\            : 1513 MB...     
[1A/*stdin*\            : 1518 MB...     
[1A/*stdin*\            : 1522 MB...     
[1A/*stdin*\            : 1527 MB...     
[1A/*stdin*\            : 1529 MB...     
[1A/*stdin*\            : 1534 MB...     
[1A/*stdin*\            : 1538 MB...     
[1A/*stdin*\            : 1543 MB...     
[1A/*stdin*\            : 1548 MB...     
[1A/*stdin*\            : 1553 MB...     
[1A/*stdin*\            : 1557 MB...     
[1A/*stdin*\            : 1562 MB...     
[1A/*stdin*\            : 1567 MB...     
[1A/*stdin*\            : 1572 MB...     
[1A/*stdin*\            : 1577 MB...     
[1A/*stdin*\            : 1582 MB...     
[1A/*stdin*\            : 1587 MB...     
[1A/*stdin*\            : 1592 MB...     
[1A/*stdin*\            : 1597 MB...     
[1A/*stdin*\            : 1602 MB...     
[1A/*stdin*\            : 1606 MB...     
[1A/*stdin*\            : 1608 MB...     
[1A/*stdin*\            : 1610 MB...     
[1A/*stdin*\            : 1613 MB...     
[1A/*stdin*\            : 1615 MB...     
[1A/*stdin*\            : 1618 MB...     
[1A/*stdin*\            : 1620 MB...     
[1A/*stdin*\            : 1622 MB...     
[1A/*stdin*\            : 1625 MB...     
[1A/*stdin*\            : 1627 MB...     
[1A/*stdin*\            : 1629 MB...     
[1A/*stdin*\            : 1632 MB...     
[1A/*stdin*\            : 1634 MB...     
[1A/*stdin*\            : 1637 MB...     
[1A/*stdin*\            : 1639 MB...     
[1A/*stdin*\            : 1641 MB...     
[1A/*stdin*\            : 1644 MB...     
[1A/*stdin*\            : 1646 MB...     
[1A/*stdin*\            : 1649 MB...     
[1A/*stdin*\            : 1651 MB...     
[1A/*stdin*\            : 1653 MB...     
[1A/*stdin*\            : 1655 MB...     
[1A/*stdin*\            : 1657 MB...     
[1A/*stdin*\            : 1659 MB...     
[1A/*stdin*\            : 1661 MB...     
[1A/*stdin*\            : 1663 MB...     
[1A/*stdin*\            : 1665 MB...     
[1A/*stdin*\            : 1667 MB...     
[1A/*stdin*\            : 1669 MB...     
[1A/*stdin*\            : 1671 MB...     
[1A/*stdin*\            : 1673 MB...     
[1A/*stdin*\            : 1675 MB...     
[1A/*stdin*\            : 1677 MB...     
[1A/*stdin*\            : 1679 MB...     
[1A/*stdin*\            : 1681 MB...     
[1A/*stdin*\            : 1682 MB...     
[1A/*stdin*\            : 1683 MB...     
[1A/*stdin*\            : 1683 MB...     
[1A/*stdin*\            : 1684 MB...     
[1A/*stdin*\            : 1685 MB...     
[1A/*stdin*\            : 1685 MB...     
[1A/*stdin*\            : 1686 MB...     
[1A/*stdin*\            : 1687 MB...     
[1A/*stdin*\            : 1688 MB...     
[1A/*stdin*\            : 1688 MB...     
[1A/*stdin*\            : 1689 MB...     
[1A/*stdin*\            : 1690 MB...     
[1A/*stdin*\            : 1690 MB...     
[1A/*stdin*\            : 1691 MB...     
[1A/*stdin*\            : 1692 MB...     
[1A/*stdin*\            : 1692 MB...     
[1A/*stdin*\            : 1693 MB...     
[1A/*stdin*\            : 1693 MB...     
[1A/*stdin*\            : 1694 MB...     
[1A/*stdin*\            : 1695 MB...     
[1A/*stdin*\            : 1695 MB...     
[1A/*stdin*\            : 1696 MB...     
[1A/*stdin*\            : 1696 MB...     
[1A/*stdin*\            : 1697 MB...     
[1A/*stdin*\            : 1697 MB...     
[1A/*stdin*\            : 1698 MB...     
[1A/*stdin*\            : 1699 MB...     
[1A/*stdin*\            : 1699 MB...     
[1A/*stdin*\            : 1700 MB...     
[1A/*stdin*\            : 1701 MB...     
[1A/*stdin*\            : 1701 MB...     
[1A/*stdin*\            : 1702 MB...     
[1A/*stdin*\            : 1703 MB...     
[1A/*stdin*\            : 1704 MB...     
[1A/*stdin*\            : 1704 MB...     
[1A/*stdin*\            : 1705 MB...     
[1A/*stdin*\            : 1705 MB...     
[1A/*stdin*\            : 1706 MB...     
[1A/*stdin*\            : 1706 MB...     
[1A/*stdin*\            : 1707 MB...     
[1A/*stdin*\            : 1707 MB...     
[1A/*stdin*\            : 1708 MB...     
[1A/*stdin*\            : 1708 MB...     
[1A/*stdin*\            : 1709 MB...     
[1A/*stdin*\            : 1709 MB...     
[1A/*stdin*\            : 1709 MB...     
[1A/*stdin*\            : 1710 MB...     
[1A/*stdin*\            : 1710 MB...     
[1A/*stdin*\            : 1711 MB...     
[1A/*stdin*\            : 1711 MB...     
[1A/*stdin*\            : 1712 MB...     
[1A/*stdin*\            : 1712 MB...     
[1A/*stdin*\            : 1713 MB...     
[1A/*stdin*\            : 1714 MB...     
[1A/*stdin*\            : 1714 MB...     
[1A/*stdin*\            : 1715 MB...     
[1A/*stdin*\            : 1715 MB...     
[1A/*stdin*\            : 1716 MB...     
[1A/*stdin*\            : 1716 MB...     
[1A/*stdin*\            : 1717 MB...     
[1A/*stdin*\            : 1718 MB...     
[1A/*stdin*\            : 1718 MB...     
[1A/*stdin*\            : 1719 MB...     
[1A/*stdin*\            : 1719 MB...     
[1A/*stdin*\            : 1720 MB...     
[1A/*stdin*\            : 1721 MB...     
[1A/*stdin*\            : 1721 MB...     
[1A/*stdin*\            : 1722 MB...     
[1A/*stdin*\            : 1722 MB...     
[1A/*stdin*\            : 1723 MB...     
[1A/*stdin*\            : 1724 MB...     
[1A/*stdin*\            : 1724 MB...     
[1A/*stdin*\            : 1725 MB...     
[1A/*stdin*\            : 1725 MB...     
[1A/*stdin*\            : 1726 MB...     
[1A/*stdin*\            : 1726 MB...     
[1A/*stdin*\            : 1727 MB...     
[1A/*stdin*\            : 1727 MB...     
[1A/*stdin*\            : 1728 MB...     
[1A/*stdin*\            : 1729 MB...     
[1A/*stdin*\            : 1729 MB...     
[1A/*stdin*\            : 1730 MB...     
[1A/*stdin*\            : 1730 MB...     
[1A/*stdin*\            : 1732 MB...     
[1A/*stdin*\            : 1732 MB...     
[1A/*stdin*\            : 1733 MB...     
[1A/*stdin*\            : 1734 MB...     
[1A/*stdin*\            : 1734 MB...     
[1A/*stdin*\            : 1735 MB...     
[1A/*stdin*\            : 1735 MB...     
[1A/*stdin*\            : 1736 MB...     
[1A/*stdin*\            : 1737 MB...     
[1A/*stdin*\            : 1737 MB...     
[1A/*stdin*\            : 1738 MB...     
[1A/*stdin*\            : 1739 MB...     
[1A/*stdin*\            : 1740 MB...     
[1A/*stdin*\            : 1740 MB...     
[1A/*stdin*\            : 1741 MB...     
[1A/*stdin*\            : 1742 MB...     
[1A/*stdin*\            : 1743 MB...     
[1A/*stdin*\            : 1743 MB...     
[1A/*stdin*\            : 1744 MB...     
[1A/*stdin*\            : 1745 MB...     
[1A/*stdin*\            : 1745 MB...     
[1A/*stdin*\            : 1746 MB...     
[1A/*stdin*\            : 1747 MB...     
[1A/*stdin*\            : 1747 MB...     
[1A/*stdin*\            : 1748 MB...     
[1A/*stdin*\            : 1749 MB...     
[1A/*stdin*\            : 1750 MB...     
[1A/*stdin*\            : 1750 MB...     
[1A/*stdin*\            : 1751 MB...     
[1A/*stdin*\            : 1752 MB...     
[1A/*stdin*\            : 1753 MB...     
[1A/*stdin*\            : 1753 MB...     
[1A/*stdin*\            : 1754 MB...     
[1A/*stdin*\            : 1755 MB...     
[1A/*stdin*\            : 1755 MB...     
[1A/*stdin*\            : 1756 MB...     
[1A/*stdin*\            : 1757 MB...     
[1A/*stdin*\            : 1757 MB...     
[1A/*stdin*\            : 1758 MB...     
[1A/*stdin*\            : 1759 MB...     
[1A/*stdin*\            : 1759 MB...     
[1A/*stdin*\            : 1761 MB...     
[1A/*stdin*\            : 1766 MB...     
[1A/*stdin*\            : 1774 MB...     
[1A/*stdin*\            : 1785 MB...     
[1A/*stdin*\            : 1795 MB...     
[1A/*stdin*\            : 1805 MB...     
[1A/*stdin*\            : 1816 MB...     
[1A/*stdin*\            : 1826 MB...     
[1A/*stdin*\            : 1836 MB...     
[1A/*stdin*\            : 1847 MB...     
[1A/*stdin*\            : 1857 MB...     
[1A/*stdin*\            : 1868 MB...     
[1A/*stdin*\            : 1878 MB...     
[1A/*stdin*\            : 1887 MB...     
[1A/*stdin*\            : 1896 MB...     
[1A/*stdin*\            : 1904 MB...     
[1A/*stdin*\            : 1910 MB...     
[1A/*stdin*\            : 1912 MB...     
[1A/*stdin*\            : 1922 MB...     
[1A/*stdin*\            : 1932 MB...     
[1A/*stdin*\            : 1941 MB...     
[1A/*stdin*\            : 1951 MB...     
[1A/*stdin*\            : 1960 MB...     
[1A/*stdin*\            : 1970 MB...     
[1A/*stdin*\            : 1980 MB...     
[1A/*stdin*\            : 1988 MB...     
[1A/*stdin*\            : 1999 MB...     
[1A/*stdin*\            : 2009 MB...     
[1A/*stdin*\            : 2018 MB...     
[1A/*stdin*\            : 2028 MB...     
[1A/*stdin*\            : 2038 MB...     
[1A/*stdin*\            : 2049 MB...     
[1A/*stdin*\            : 2060 MB...     
[1A/*stdin*\            : 2065 MB...     
[1A/*stdin*\            : 2066 MB...     
[1A/*stdin*\            : 2067 MB...     
[1A/*stdin*\            : 2067 MB...     
[1A/*stdin*\            : 2068 MB...     
[1A/*stdin*\            : 2069 MB...     
[1A/*stdin*\            : 2069 MB...     
[1A/*stdin*\            : 2070 MB...     
[1A/*stdin*\            : 2071 MB...     
[1A/*stdin*\            : 2071 MB...     
[1A/*stdin*\            : 2072 MB...     
[1A/*stdin*\            : 2073 MB...     
[1A/*stdin*\            : 2073 MB...     
[1A/*stdin*\            : 2074 MB...     
[1A/*stdin*\            : 2075 MB...     
[1A/*stdin*\            : 2075 MB...     
[1A/*stdin*\            : 2076 MB...     
[1A/*stdin*\            : 2077 MB...     
[1A/*stdin*\            : 2077 MB...     
[1A/*stdin*\            : 2078 MB...     
[1A/*stdin*\            : 2079 MB...     
[1A/*stdin*\            : 2079 MB...     
[1A/*stdin*\            : 2080 MB...     
[1A/*stdin*\            : 2080 MB...     
[1A/*stdin*\            : 2081 MB...     
[1A/*stdin*\            : 2081 MB...     
[1A/*stdin*\            : 2082 MB...     
[1A/*stdin*\            : 2083 MB...     
[1A/*stdin*\            : 2083 MB...     
[1A/*stdin*\            : 2084 MB...     
[1A/*stdin*\            : 2084 MB...     
[1A/*stdin*\            : 2085 MB...     
[1A/*stdin*\            : 2085 MB...     
[1A/*stdin*\            : 2085 MB...     
[1A/*stdin*\            : 2086 MB...     
[1A/*stdin*\            : 2087 MB...     
[1A/*stdin*\            : 2087 MB...     
[1A/*stdin*\            : 2088 MB...     
[1A/*stdin*\            : 2088 MB...     
[1A/*stdin*\            : 2089 MB...     
[1A/*stdin*\            : 2089 MB...     
[1A/*stdin*\            : 2090 MB...     
[1A/*stdin*\            : 2090 MB...     
[1A/*stdin*\            : 2091 MB...     
[1A/*stdin*\            : 2091 MB...     
[1A/*stdin*\            : 2092 MB...     
[1A/*stdin*\            : 2093 MB...     
[1A/*stdin*\            : 2093 MB...     
[1A/*stdin*\            : 2094 MB...     
[1A/*stdin*\            : 2094 MB...     
[1A/*stdin*\            : 2095 MB...     
[1A/*stdin*\            : 2096 MB...     
[1A/*stdin*\            : 2096 MB...     
[1A/*stdin*\            : 2097 MB...     
[1A/*stdin*\            : 2098 MB...     
[1A/*stdin*\            : 2098 MB...     
[1A/*stdin*\            : 2099 MB...     
[1A/*stdin*\            : 2099 MB...     
[1A/*stdin*\            : 2100 MB...     
[1A/*stdin*\            : 2101 MB...     
[1A/*stdin*\            : 2101 MB...     
[1A/*stdin*\            : 2102 MB...     
[1A/*stdin*\            : 2103 MB...     
[1A/*stdin*\            : 2103 MB...     
[1A/*stdin*\            : 2104 MB...     
[1A/*stdin*\            : 2104 MB...     
[1A/*stdin*\            : 2105 MB...     
[1A/*stdin*\            : 2106 MB...     
[1A/*stdin*\            : 2106 MB...     
[1A/*stdin*\            : 2107 MB...     
[1A/*stdin*\            : 2107 MB...     
[1A/*stdin*\            : 2108 MB...     
[1A/*stdin*\            : 2109 MB...     
[1A/*stdin*\            : 2109 MB...     
[1A/*stdin*\            : 2110 MB...     
[1A/*stdin*\            : 2111 MB...     
[1A/*stdin*\            : 2111 MB...     
[1A/*stdin*\            : 2112 MB...     
[1A/*stdin*\            : 2113 MB...     
[1A/*stdin*\            : 2113 MB...     
[1A/*stdin*\            : 2114 MB...     
[1A/*stdin*\            : 2115 MB...     
[1A/*stdin*\            : 2115 MB...     
[1A/*stdin*\            : 2116 MB...     
[1A/*stdin*\            : 2117 MB...     
[1A/*stdin*\            : 2117 MB...     
[1A/*stdin*\            : 2118 MB...     
[1A/*stdin*\            : 2119 MB...     
[1A/*stdin*\            : 2119 MB...     
[1A/*stdin*\            : 2120 MB...     
[1A/*stdin*\            : 2121 MB...     
[1A/*stdin*\            : 2122 MB...     
[1A/*stdin*\            : 2123 MB...     
[1A/*stdin*\            : 2123 MB...     
[1A/*stdin*\            : 2124 MB...     
[1A/*stdin*\            : 2125 MB...     
[1A/*stdin*\            : 2125 MB...     
[1A/*stdin*\            : 2126 MB...     
[1A/*stdin*\            : 2126 MB...     
[1A/*stdin*\            : 2127 MB...     
[1A/*stdin*\            : 2128 MB...     
[1A/*stdin*\            : 2128 MB...     
[1A/*stdin*\            : 2129 MB...     
[1A/*stdin*\            : 2129 MB...     
[1A/*stdin*\            : 2130 MB...     
[1A/*stdin*\            : 2130 MB...     
[1A/*stdin*\            : 2130 MB...     
[1A/*stdin*\            : 2131 MB...     
[1A/*stdin*\            : 2132 MB...     
[1A/*stdin*\            : 2132 MB...     
[1A/*stdin*\            : 2133 MB...     
[1A/*stdin*\            : 2133 MB...     
[1A/*stdin*\            : 2134 MB...     
[1A/*stdin*\            : 2134 MB...     
[1A/*stdin*\            : 2135 MB...     
[1A/*stdin*\            : 2135 MB...     
[1A/*stdin*\            : 2136 MB...     
[1A/*stdin*\            : 2137 MB...     
[1A/*stdin*\            : 2137 MB...     
[1A/*stdin*\            : 2138 MB...     
[1A/*stdin*\            : 2138 MB...     
[1A/*stdin*\            : 2139 MB...     
[1A/*stdin*\            : 2140 MB...     
[1A/*stdin*\            : 2140 MB...     
[1A/*stdin*\            : 2141 MB...     
[1A/*stdin*\            : 2141 MB...     
[1A/*stdin*\            : 2142 MB...     
[1A/*stdin*\            : 2142 MB...     
[1A/*stdin*\            : 2143 MB...     
[1A/*stdin*\            : 2144 MB...     
[1A/*stdin*\            : 2144 MB...     
[1A/*stdin*\            : 2145 MB...     
[1A/*stdin*\            : 2146 MB...     
[1A/*stdin*\            : 2146 MB...     
[1A/*stdin*\            : 2147 MB...     
[1A/*stdin*\            : 2147 MB...     
[1A/*stdin*\            : 2148 MB...     
[1A/*stdin*\            : 2148 MB...     
[1A/*stdin*\            : 2149 MB...     
[1A/*stdin*\            : 2149 MB...     
[1A/*stdin*\            : 2150 MB...     
[1A/*stdin*\            : 2150 MB...     
[1A/*stdin*\            : 2151 MB...     
[1A/*stdin*\            : 2151 MB...     
[1A/*stdin*\            : 2152 MB...     
[1A/*stdin*\            : 2152 MB...     
[1A/*stdin*\            : 2153 MB...     
[1A/*stdin*\            : 2153 MB...     
[1A/*stdin*\            : 2154 MB...     
[1A/*stdin*\            : 2154 MB...     
[1A/*stdin*\            : 2155 MB...     
[1A/*stdin*\            : 2155 MB...     
[1A/*stdin*\            : 2156 MB...     
[1A/*stdin*\            : 2157 MB...     
[1A/*stdin*\            : 2157 MB...     
[1A/*stdin*\            : 2158 MB...     
[1A/*stdin*\            : 2158 MB...     
[1A/*stdin*\            : 2159 MB...     
[1A/*stdin*\            : 2159 MB...     
[1A/*stdin*\            : 2160 MB...     
[1A/*stdin*\            : 2161 MB...     
[1A/*stdin*\            : 2161 MB...     
[1A/*stdin*\            : 2162 MB...     
[1A/*stdin*\            : 2163 MB...     
[1A/*stdin*\            : 2163 MB...     
[1A/*stdin*\            : 2164 MB...     
[1A/*stdin*\            : 2164 MB...     
[1A/*stdin*\            : 2165 MB...     
[1A/*stdin*\            : 2166 MB...     
[1A/*stdin*\            : 2166 MB...     
[1A/*stdin*\            : 2167 MB...     
[1A/*stdin*\            : 2168 MB...     
[1A/*stdin*\            : 2169 MB...     
[1A/*stdin*\            : 2169 MB...     
[1A/*stdin*\            : 2170 MB...     
[1A/*stdin*\            : 2171 MB...     
[1A/*stdin*\            : 2171 MB...     
[1A/*stdin*\            : 2172 MB...     
[1A/*stdin*\            : 2173 MB...     
[1A/*stdin*\            : 2174 MB...     
[1A/*stdin*\            : 2174 MB...     
[1A/*stdin*\            : 2175 MB...     
[1A/*stdin*\            : 2176 MB...     
[1A/*stdin*\            : 2177 MB...     
[1A/*stdin*\            : 2177 MB...     
[1A/*stdin*\            : 2178 MB...     
[1A/*stdin*\            : 2179 MB...     
[1A/*stdin*\            : 2179 MB...     
[1A/*stdin*\            : 2180 MB...     
[1A/*stdin*\            : 2181 MB...     
[1A/*stdin*\            : 2182 MB...     
[1A/*stdin*\            : 2183 MB...     
[1A/*stdin*\            : 2184 MB...     
[1A/*stdin*\            : 2185 MB...     
[1A/*stdin*\            : 2186 MB...     
[1A/*stdin*\            : 2187 MB...     
[1A/*stdin*\            : 2189 MB...     
[1A/*stdin*\            : 2190 MB...     
[1A/*stdin*\            : 2191 MB...     
[1A/*stdin*\            : 2192 MB...     
[1A/*stdin*\            : 2193 MB...     
[1A/*stdin*\            : 2194 MB...     
[1A/*stdin*\            : 2195 MB...     
[1A/*stdin*\            : 2196 MB...     
[1A/*stdin*\            : 2197 MB...     
[1A/*stdin*\            : 2198 MB...     
[1A/*stdin*\            : 2198 MB...     
[1A/*stdin*\            : 2199 MB...     
[1A/*stdin*\            : 2200 MB...     
[1A/*stdin*\            : 2201 MB...     
[1A/*stdin*\            : 2202 MB...     
[1A/*stdin*\            : 2202 MB...     
[1A/*stdin*\            : 2203 MB...     
[1A/*stdin*\            : 2204 MB...     
[1A/*stdin*\            : 2205 MB...     
[1A/*stdin*\            : 2206 MB...     
[1A/*stdin*\            : 2207 MB...     
[1A/*stdin*\            : 2208 MB...     
[1A/*stdin*\            : 2209 MB...     
[1A/*stdin*\            : 2209 MB...     
[1A/*stdin*\            : 2210 MB...     
[1A/*stdin*\            : 2211 MB...     
[1A/*stdin*\            : 2212 MB...     
[1A/*stdin*\            : 2213 MB...     
[1A/*stdin*\            : 2214 MB...     
[1A/*stdin*\            : 2215 MB...     
[1A/*stdin*\            : 2216 MB...     
[1A/*stdin*\            : 2217 MB...     
[1A/*stdin*\            : 2218 MB...     
[1A/*stdin*\            : 2218 MB...     
[1A/*stdin*\            : 2224 MB...     
[1A/*stdin*\            : 2229 MB...     
[1A/*stdin*\            : 2235 MB...     
[1A/*stdin*\            : 2240 MB...     
[1A/*stdin*\            : 2247 MB...     
[1A/*stdin*\            : 2251 MB...     
[1A/*stdin*\            : 2258 MB...     
[1A/*stdin*\            : 2263 MB...     
[1A/*stdin*\            : 2270 MB...     
[1A/*stdin*\            : 2275 MB...     
[1A/*stdin*\            : 2277 MB...     
[1A/*stdin*\            : 2288 MB...     
[1A/*stdin*\            : 2295 MB...     
[1A/*stdin*\            : 2303 MB...     
[1A/*stdin*\            : 2311 MB...     
[1A/*stdin*\            : 2319 MB...     
[1A/*stdin*\            : 2324 MB...     
[1A/*stdin*\            : 2332 MB...     
[1A/*stdin*\            : 2341 MB...     
[1A/*stdin*\            : 2348 MB...     
[1A/*stdin*\            : 2354 MB...     
[1A/*stdin*\            : 2360 MB...     
[1A/*stdin*\            : 2365 MB...     
[1A/*stdin*\            : 2371 MB...     
[1A/*stdin*\            : 2374 MB...     
[1A/*stdin*\            : 2377 MB...     
[1A/*stdin*\            : 2380 MB...     
[1A/*stdin*\            : 2384 MB...     
[1A/*stdin*\            : 2387 MB...     
[1A/*stdin*\            : 2390 MB...     
[1A/*stdin*\            : 2393 MB...     
[1A/*stdin*\            : 2397 MB...     
[1A/*stdin*\            : 2400 MB...     
[1A/*stdin*\            : 2404 MB...     
[1A/*stdin*\            : 2407 MB...     
[1A/*stdin*\            : 2411 MB...     
[1A/*stdin*\            : 2414 MB...     
[1A/*stdin*\            : 2418 MB...     
[1A/*stdin*\            : 2422 MB...     
[1A/*stdin*\            : 2426 MB...     
[1A/*stdin*\            : 2430 MB...     
[1A/*stdin*\            : 2434 MB...     
[1A/*stdin*\            : 2438 MB...     
[1A/*stdin*\            : 2442 MB...     
[1A/*stdin*\            : 2446 MB...     
[1A/*stdin*\            : 2448 MB...     
[1A/*stdin*\            : 2452 MB...     
[1A/*stdin*\            : 2456 MB...     
[1A/*stdin*\            : 2458 MB...     
[1A/*stdin*\            : 2461 MB...     
[1A/*stdin*\            : 2466 MB...     
[1A/*stdin*\            : 2473 MB...     
[1A/*stdin*\            : 2478 MB...     
[1A/*stdin*\            : 2483 MB...     
[1A/*stdin*\            : 2488 MB...     
[1A/*stdin*\            : 2494 MB...     
[1A/*stdin*\            : 2499 MB...     
[1A/*stdin*\            : 2504 MB...     
[1A/*stdin*\            : 2510 MB...     
[1A/*stdin*\            : 2516 MB...     
[1A/*stdin*\            : 2522 MB...     
[1A/*stdin*\            : 2524 MB...     
[1A/*stdin*\            : 2531 MB...     
[1A/*stdin*\            : 2536 MB...     
[1A/*stdin*\            : 2542 MB...     
[1A/*stdin*\            : 2548 MB...     
[1A/*stdin*\            : 2554 MB...     
[1A/*stdin*\            : 2560 MB...     
[1A/*stdin*\            : 2566 MB...     
[1A/*stdin*\            : 2571 MB...     
[1A/*stdin*\            : 2578 MB...     
[1A/*stdin*\            : 2583 MB...     
[1A/*stdin*\            : 2590 MB...     
[1A/*stdin*\            : 2595 MB...     
[1A/*stdin*\            : 2601 MB...     
[1A/*stdin*\            : 2608 MB...     
[1A/*stdin*\            : 2615 MB...     
[1A/*stdin*\            : 2621 MB...     
[1A/*stdin*\            : 2628 MB...     
[1A/*stdin*\            : 2635 MB...     
[1A/*stdin*\            : 2642 MB...     
[1A/*stdin*\            : 2649 MB...     
[1A/*stdin*\            : 2657 MB...     
[1A/*stdin*\            : 2664 MB...     
[1A/*stdin*\            : 2671 MB...     
[1A/*stdin*\            : 2677 MB...     
[1A/*stdin*\            : 2684 MB...     
[1A/*stdin*\            : 2692 MB...     
[1A/*stdin*\            : 2699 MB...     
[1A/*stdin*\            : 2706 MB...     
[1A/*stdin*\            : 2714 MB...     
[1A/*stdin*\            : 2721 MB...     
[1A/*stdin*\            : 2729 MB...     
[1A/*stdin*\            : 2737 MB...     
[1A/*stdin*\            : 2745 MB...     
[1A/*stdin*\            : 2752 MB...     
[1A/*stdin*\            : 2754 MB...     
[1A/*stdin*\            : 2759 MB...     
[1A/*stdin*\            : 2764 MB...     
[1A/*stdin*\            : 2769 MB...     
[1A/*stdin*\            : 2773 MB...     
[1A/*stdin*\            : 2779 MB...     
[1A/*stdin*\            : 2782 MB...     
[1A/*stdin*\            : 2792 MB...     
[1A/*stdin*\            : 2798 MB...     
[1A/*stdin*\            : 2804 MB...     
[1A/*stdin*\            : 2808 MB...     
[1A/*stdin*\            : 2814 MB...     
[1A/*stdin*\            : 2819 MB...     
[1A/*stdin*\            : 2824 MB...     
[1A/*stdin*\            : 2829 MB...     
[1A/*stdin*\            : 2830 MB...     
[1A/*stdin*\            : 2840 MB...     
[1A/*stdin*\            : 2850 MB...     
[1A/*stdin*\            : 2862 MB...     
[1A/*stdin*\            : 2872 MB...     
[1A/*stdin*\            : 2882 MB...     
[1A/*stdin*\            : 2892 MB...     
[1A/*stdin*\            : 2901 MB...     
[1A/*stdin*\            : 2907 MB...     
[1A/*stdin*\            : 2912 MB...     
[1A/*stdin*\            : 2917 MB...     
[1A/*stdin*\            : 2923 MB...     
[1A/*stdin*\            : 2928 MB...     
[1A/*stdin*\            : 2934 MB...     
[1A/*stdin*\            : 2939 MB...     
[1A/*stdin*\            : 2945 MB...     
[1A/*stdin*\            : 2950 MB...     
[1A/*stdin*\            : 2956 MB...     
[1A/*stdin*\            : 2961 MB...     
[1A/*stdin*\            : 2967 MB...     
[1A/*stdin*\            : 2973 MB...     
[1A/*stdin*\            : 2979 MB...     
[1A/*stdin*\            : 2983 MB...     
[1A/*stdin*\            : 2993 MB...     
[1A/*stdin*\            : 3004 MB...     
[1A/*stdin*\            : 3015 MB...     
[1A/*stdin*\            : 3015 MB...     
[1A/*stdin*\            : 3026 MB...     
[1A/*stdin*\            : 3037 MB...     
[1A/*stdin*\            : 3048 MB...     
[1A/*stdin*\            : 3059 MB...     
[1A/*stdin*\            : 3060 MB...     
[1A/*stdin*\            : 3060 MB...     
[1A/*stdin*\            : 3063 MB...     
[1A/*stdin*\            : 3072 MB...     
[1A/*stdin*\            : 3082 MB...     
[1A/*stdin*\            : 3089 MB...     
[1A/*stdin*\            : 3099 MB...     
[1A/*stdin*\            : 3110 MB...     
[1A/*stdin*\            : 3119 MB...     
[1A/*stdin*\            : 3127 MB...     
[1A/*stdin*\            : 3136 MB...     
[1A/*stdin*\            : 3145 MB...     
[1A/*stdin*\            : 3153 MB...     
[1A/*stdin*\            : 3162 MB...     
[1A/*stdin*\            : 3168 MB...     
[1A/*stdin*\            : 3178 MB...     
[1A/*stdin*\            : 3187 MB...     
[1A/*stdin*\            : 3195 MB...     
[1A/*stdin*\            : 3204 MB...     
[1A/*stdin*\            : 3213 MB...     
[1A/*stdin*\            : 3222 MB...     
[1A/*stdin*\            : 3231 MB...     
[1A/*stdin*\            : 3239 MB...     
[1A/*stdin*\            : 3247 MB...     
[1A/*stdin*\            : 3255 MB...     
[1A/*stdin*\            : 3265 MB...     
[1A/*stdin*\            : 3276 MB...     
[1A/*stdin*\            : 3285 MB...     
[1A/*stdin*\            : 3289 MB...     
[1A/*stdin*\            : 3295 MB...     
[1A/*stdin*\            : 3300 MB...     
[1A/*stdin*\            : 3306 MB...     
[1A/*stdin*\            : 3310 MB...     
[1A/*stdin*\            : 3315 MB...     
[1A/*stdin*\            : 3320 MB...     
[1A/*stdin*\            : 3324 MB...     
[1A/*stdin*\            : 3329 MB...     
[1A/*stdin*\            : 3333 MB...     
[1A/*stdin*\            : 3337 MB...     
[1A/*stdin*\            : 3341 MB...     
[1A/*stdin*\            : 3345 MB...     
[1A/*stdin*\            : 3348 MB...     
[1A/*stdin*\            : 3353 MB...     
[1A/*stdin*\            : 3354 MB...     
[1A/*stdin*\            : 3363 MB...     
[1A/*stdin*\            : 3366 MB...     
[1A/*stdin*\            : 3375 MB...     
[1A/*stdin*\            : 3383 MB...     
[1A/*stdin*\            : 3391 MB...     
[1A/*stdin*\            : 3398 MB...     
[1A/*stdin*\            : 3407 MB...     
[1A/*stdin*\            : 3415 MB...     
[1A/*stdin*\            : 3421 MB...     
[1A/*stdin*\            : 3427 MB...     
[1A/*stdin*\            : 3430 MB...     
[1A/*stdin*\            : 3439 MB...     
[1A/*stdin*\            : 3442 MB...     
[1A/*stdin*\            : 3449 MB...     
[1A/*stdin*\            : 3457 MB...     
[1A/*stdin*\            : 3465 MB...     
[1A/*stdin*\            : 3475 MB...     
[1A/*stdin*\            : 3484 MB...     
[1A/*stdin*\            : 3493 MB...     
[1A/*stdin*\            : 3499 MB...     
[1A/*stdin*\            : 3509 MB...     
[1A/*stdin*\            : 3515 MB...     
[1A/*stdin*\            : 3519 MB...     
[1A/*stdin*\            : 3524 MB...     
[1A/*stdin*\            : 3529 MB...     
[1A/*stdin*\            : 3537 MB...     
[1A/*stdin*\            : 3543 MB...     
[1A/*stdin*\            : 3553 MB...     
[1A/*stdin*\            : 3561 MB...     
[1A/*stdin*\            : 3572 MB...     
[1A/*stdin*\            : 3582 MB...     
[1A/*stdin*\            : 3592 MB...     
[1A/*stdin*\            : 3595 MB...     
[1A/*stdin*\            : 3604 MB...     
[1A/*stdin*\            : 3611 MB...     
[1A/*stdin*\            : 3618 MB...     
[1A/*stdin*\            : 3627 MB...     
[1A/*stdin*\            : 3638 MB...     
[1A/*stdin*\            : 3647 MB...     
[1A/*stdin*\            : 3657 MB...     
[1A/*stdin*\            : 3667 MB...     
[1A/*stdin*\            : 3672 MB...     
[1A/*stdin*\            : 3682 MB...     
[1A/*stdin*\            : 3692 MB...     
[1A/*stdin*\            : 3702 MB...     
[1A/*stdin*\            : 3710 MB...     
[1A/*stdin*\            : 3720 MB...     
[1A/*stdin*\            : 3731 MB...     
[1A/*stdin*\            : 3740 MB...     
[1A/*stdin*\            : 3748 MB...     
[1A/*stdin*\            : 3759 MB...     
[1A/*stdin*\            : 3766 MB...     
[1A/*stdin*\            : 3775 MB...     
[1A/*stdin*\            : 3782 MB...     
[1A/*stdin*\            : 3790 MB...     
[1A/*stdin*\            : 3797 MB...     
[1A/*stdin*\            : 3805 MB...     
[1A/*stdin*\            : 3812 MB...     
[1A/*stdin*\            : 3820 MB...     
[1A/*stdin*\            : 3825 MB...     
[1A/*stdin*\            : 3835 MB...     
[1A/*stdin*\            : 3843 MB...     
[1A/*stdin*\            : 3852 MB...     
[1A/*stdin*\            : 3861 MB...     
[1A/*stdin*\            : 3871 MB...     
[1A/*stdin*\            : 3880 MB...     
[1A/*stdin*\            : 3890 MB...     
[1A/*stdin*\            : 3901 MB...     
[1A/*stdin*\            : 3901 MB...     
[1A/*stdin*\            : 3908 MB...     
[1A/*stdin*\            : 3914 MB...     
[1A/*stdin*\            : 3920 MB...     
[1A/*stdin*\            : 3925 MB...     
[1A/*stdin*\            : 3931 MB...     
[1A/*stdin*\            : 3935 MB...     
[1A/*stdin*\            : 3945 MB...     
[1A/*stdin*\            : 3955 MB...     
[1A/*stdin*\            : 3959 MB...     
[1A/*stdin*\            : 3964 MB...     
[1A/*stdin*\            : 3968 MB...     
[1A/*stdin*\            : 3973 MB...     
[1A/*stdin*\            : 3977 MB...     
[1A/*stdin*\            : 3978 MB...     
[1A/*stdin*\            : 3986 MB...     
[1A/*stdin*\            : 3996 MB...     
[1A/*stdin*\            : 4005 MB...     
[1A/*stdin*\            : 4015 MB...     
[1A/*stdin*\            : 4024 MB...     
[1A/*stdin*\            : 4034 MB...     
[1A/*stdin*\            : 4043 MB...     
[1A/*stdin*\            : 4052 MB...     
[1A/*stdin*\            : 4054 MB...     
[1A/*stdin*\            : 4063 MB...     
[1A/*stdin*\            : 4073 MB...     
[1A/*stdin*\            : 4083 MB...     
[1A/*stdin*\            : 4094 MB...     
[1A/*stdin*\            : 4103 MB...     
[1A/*stdin*\            : 4113 MB...     
[1A/*stdin*\            : 4123 MB...     
[1A/*stdin*\            : 4131 MB...     
[1A/*stdin*\            : 4140 MB...     
[1A/*stdin*\            : 4148 MB...     
[1A/*stdin*\            : 4157 MB...     
[1A/*stdin*\            : 4166 MB...     
[1A/*stdin*\            : 4175 MB...     
[1A/*stdin*\            : 4184 MB...     
[1A/*stdin*\            : 4193 MB...     
[1A/*stdin*\            : 4200 MB...     
[1A/*stdin*\            : 4207 MB...     
[1A/*stdin*\            : 4216 MB...     
[1A/*stdin*\            : 4225 MB...     
[1A/*stdin*\            : 4235 MB...     
[1A/*stdin*\            : 4244 MB...     
[1A/*stdin*\            : 4254 MB...     
[1A/*stdin*\            : 4264 MB...     
[1A/*stdin*\            : 4274 MB...     
[1A/*stdin*\            : 4284 MB...     
[1A/*stdin*\            : 4290 MB...     
[1A/*stdin*\            : 4295 MB...     
[1A/*stdin*\            : 4302 MB...     
[1A/*stdin*\            : 4308 MB...     
[1A/*stdin*\            : 4314 MB...     
[1A/*stdin*\            : 4320 MB...     
[1A/*stdin*\            : 4326 MB...     
[1A/*stdin*\            : 4332 MB...     
[1A/*stdin*\            : 4338 MB...     
[1A/*stdin*\            : 4345 MB...     
[1A/*stdin*\            : 4350 MB...     
[1A/*stdin*\            : 4357 MB...     
[1A/*stdin*\            : 4360 MB...     
[1A/*stdin*\            : 4370 MB...     
[1A/*stdin*\            : 4380 MB...     
[1A/*stdin*\            : 4390 MB...     
[1A/*stdin*\            : 4399 MB...     
[1A/*stdin*\            : 4406 MB...     
[1A/*stdin*\            : 4416 MB...     
[1A/*stdin*\            : 4425 MB...     
[1A/*stdin*\            : 4434 MB...     
[1A/*stdin*\            : 4437 MB...     
[1A/*stdin*\            : 4447 MB...     
[1A/*stdin*\            : 4458 MB...     
[1A/*stdin*\            : 4468 MB...     
[1A/*stdin*\            : 4478 MB...     
[1A/*stdin*\            : 4489 MB...     
[1A/*stdin*\            : 4499 MB...     
[1A/*stdin*\            : 4508 MB...     
[1A/*stdin*\            : 4513 MB...     
[1A/*stdin*\            : 4524 MB...     
[1A/*stdin*\            : 4534 MB...     
[1A/*stdin*\            : 4543 MB...     
[1A/*stdin*\            : 4549 MB...     
[1A/*stdin*\            : 4558 MB...     
[1A/*stdin*\            : 4567 MB...     
[1A/*stdin*\            : 4577 MB...     
[1A/*stdin*\            : 4587 MB...     
[1A/*stdin*\            : 4590 MB...     
[1A/*stdin*\            : 4601 MB...     
[1A/*stdin*\            : 4611 MB...     
[1A/*stdin*\            : 4622 MB...     
[1A/*stdin*\            : 4633 MB...     
[1A/*stdin*\            : 4642 MB...     
[1A/*stdin*\            : 4653 MB...     
[1A/*stdin*\            : 4664 MB...     
[1A/*stdin*\            : 4666 MB...     
[1A/*stdin*\            : 4667 MB...     
[1A/*stdin*\            : 4671 MB...     
[1A/*stdin*\            : 4681 MB...     
[1A/*stdin*\            : 4691 MB...     
[1A/*stdin*\            : 4696 MB...     
[1A/*stdin*\            : 4706 MB...     
[1A/*stdin*\            : 4716 MB...     
[1A/*stdin*\            : 4726 MB...     
[1A/*stdin*\            : 4735 MB...     
[1A/*stdin*\            : 4743 MB...     
[1A/*stdin*\            : 4752 MB...     
[1A/*stdin*\            : 4761 MB...     
[1A/*stdin*\            : 4770 MB...     
[1A/*stdin*\            : 4779 MB...     
[1A/*stdin*\            : 4787 MB...     
[1A/*stdin*\            : 4795 MB...     
[1A/*stdin*\            : 4805 MB...     
[1A/*stdin*\            : 4807 MB...     
[1A/*stdin*\            : 4817 MB...     
[1A/*stdin*\            : 4819 MB...     
[1A/*stdin*\            : 4822 MB...     
[1A/*stdin*\            : 4825 MB...     
[1A/*stdin*\            : 4828 MB...     
[1A/*stdin*\            : 4830 MB...     
[1A/*stdin*\            : 4834 MB...     
[1A/*stdin*\            : 4836 MB...     
[1A/*stdin*\            : 4839 MB...     
[1A/*stdin*\            : 4842 MB...     
[1A/*stdin*\            : 4844 MB...     
[1A/*stdin*\            : 4847 MB...     
[1A/*stdin*\            : 4851 MB...     
[1A/*stdin*\            : 4854 MB...     
[1A/*stdin*\            : 4855 MB...     
[1A/*stdin*\            : 4858 MB...     
[1A/*stdin*\            : 4860 MB...     
[1A/*stdin*\            : 4863 MB...     
[1A/*stdin*\            : 4865 MB...     
[1A/*stdin*\            : 4868 MB...     
[1A/*stdin*\            : 4870 MB...     
[1A/*stdin*\            : 4872 MB...     
[1A/*stdin*\            : 4874 MB...     
[1A/*stdin*\            : 4876 MB...     
[1A/*stdin*\            : 4879 MB...     
[1A/*stdin*\            : 4882 MB...     
[1A/*stdin*\            : 4884 MB...     
[1A/*stdin*\            : 4886 MB...     
[1A/*stdin*\            : 4888 MB...     
[1A/*stdin*\            : 4891 MB...     
[1A/*stdin*\            : 4894 MB...     
[1A/*stdin*\            : 4896 MB...     
[1A/*stdin*\            : 4899 MB...     
[1A/*stdin*\            : 4903 MB...     
[1A/*stdin*\            : 4907 MB...     
[1A/*stdin*\            : 4911 MB...     
[1A/*stdin*\            : 4915 MB...     
[1A/*stdin*\            : 4919 MB...     
[1A/*stdin*\            : 4924 MB...     
[1A/*stdin*\            : 4928 MB...     
[1A/*stdin*\            : 4932 MB...     
[1A/*stdin*\            : 4936 MB...     
[1A/*stdin*\            : 4939 MB...     
[1A/*stdin*\            : 4943 MB...     
[1A/*stdin*\            : 4948 MB...     
[1A/*stdin*\            : 4952 MB...     
[1A/*stdin*\            : 4957 MB...     
[1A/*stdin*\            : 4961 MB...     
[1A/*stdin*\            : 4965 MB...     
[1A/*stdin*\            : 4970 MB...     
[1A/*stdin*\            : 4972 MB...     
[1A/*stdin*\            : 4977 MB...     
[1A/*stdin*\            : 4981 MB...     
[1A/*stdin*\            : 4986 MB...     
[1A/*stdin*\            : 4990 MB...     
[1A/*stdin*\            : 4995 MB...     
[1A/*stdin*\            : 4999 MB...     
[1A/*stdin*\            : 5004 MB...     
[1A/*stdin*\            : 5008 MB...     
[1A/*stdin*\            : 5013 MB...     
[1A/*stdin*\            : 5018 MB...     
[1A/*stdin*\            : 5022 MB...     
[1A/*stdin*\            : 5027 MB...     
[1A/*stdin*\            : 5030 MB...     
[1A/*stdin*\            : 5031 MB...     
[1A/*stdin*\            : 5038 MB...     
[1A/*stdin*\            : 5044 MB...     
[1A/*stdin*\            : 5047 MB...     
[1A/*stdin*\            : 5049 MB...     
[1A/*stdin*\            : 5060 MB...     
[1A/*stdin*\            : 5071 MB...     
[1A/*stdin*\            : 5081 MB...     
[1A/*stdin*\            : 5092 MB...     
[1A/*stdin*\            : 5102 MB...     
[1A/*stdin*\            : 5113 MB...     
[1A/*stdin*\            : 5124 MB...     
[1A/*stdin*\            : 5125 MB...     
[1A/*stdin*\            : 5136 MB...     
[1A/*stdin*\            : 5147 MB...     
[1A/*stdin*\            : 5158 MB...     
[1A/*stdin*\            : 5168 MB...     
[1A/*stdin*\            : 5178 MB...     
[1A/*stdin*\            : 5189 MB...     
[1A/*stdin*\            : 5200 MB...     
[1A/*stdin*\            : 5202 MB...     
[1A/*stdin*\            : 5210 MB...     
[1A/*stdin*\            : 5219 MB...     
[1A/*stdin*\            : 5227 MB...     
[1A/*stdin*\            : 5230 MB...     
[1A/*stdin*\            : 5231 MB...     
[1A/*stdin*\            : 5235 MB...     
[1A/*stdin*\            : 5245 MB...     
[1A/*stdin*\            : 5255 MB...     
[1A/*stdin*\            : 5260 MB...     
[1A/*stdin*\            : 5270 MB...     
[1A/*stdin*\            : 5278 MB...     
[1A/*stdin*\            : 5288 MB...     
[1A/*stdin*\            : 5297 MB...     
[1A/*stdin*\            : 5307 MB...     
[1A/*stdin*\            : 5314 MB...     
[1A/*stdin*\            : 5323 MB...     
[1A/*stdin*\            : 5332 MB...     
[1A/*stdin*\            : 5342 MB...     
[1A/*stdin*\            : 5352 MB...     
[1A/*stdin*\            : 5355 MB...     
[1A/*stdin*\            : 5358 MB...     
[1A/*stdin*\            : 5362 MB...     
[1A/*stdin*\            : 5365 MB...     
[1A/*stdin*\            : 5369 MB...     
[1A/*stdin*\            : 5372 MB...     
[1A/*stdin*\            : 5377 MB...     
[1A/*stdin*\            : 5380 MB...     
[1A/*stdin*\            : 5384 MB...     
[1A/*stdin*\            : 5388 MB...     
[1A/*stdin*\            : 5391 MB...     
[1A/*stdin*\            : 5395 MB...     
[1A/*stdin*\            : 5399 MB...     
[1A/*stdin*\            : 5403 MB...     
[1A/*stdin*\            : 5407 MB...     
[1A/*stdin*\            : 5410 MB...     
[1A/*stdin*\            : 5414 MB...     
[1A/*stdin*\            : 5418 MB...     
[1A/*stdin*\            : 5422 MB...     
[1A/*stdin*\            : 5425 MB...     
[1A/*stdin*\            : 5429 MB...     
[1A/*stdin*\            : 5431 MB...     
[1A/*stdin*\            : 5435 MB...     
[1A/*stdin*\            : 5439 MB...     
[1A/*stdin*\            : 5442 MB...     
[1A/*stdin*\            : 5446 MB...     
[1A/*stdin*\            : 5450 MB...     
[1A/*stdin*\            : 5454 MB...     
[1A/*stdin*\            : 5457 MB...     
[1A/*stdin*\            : 5461 MB...     
[1A/*stdin*\            : 5465 MB...     
[1A/*stdin*\            : 5469 MB...     
[1A/*stdin*\            : 5473 MB...     
[1A/*stdin*\            : 5476 MB...     
[1A/*stdin*\            : 5480 MB...     
[1A/*stdin*\            : 5484 MB...     
[1A/*stdin*\            : 5487 MB...     
[1A/*stdin*\            : 5491 MB...     
[1A/*stdin*\            : 5495 MB...     
[1A/*stdin*\            : 5499 MB...     
[1A/*stdin*\            : 5501 MB...     
[1A/*stdin*\            : 5508 MB...     
[1A/*stdin*\            : 5517 MB...     
[1A/*stdin*\            : 5527 MB...     
[1A/*stdin*\            : 5538 MB...     
[1A/*stdin*\            : 5546 MB...     
[1A/*stdin*\            : 5556 MB...     
[1A/*stdin*\            : 5566 MB...     
[1A/*stdin*\            : 5572 MB...     
[1A/*stdin*\            : 5582 MB...     
[1A/*stdin*\            : 5584 MB...     
[1A/*stdin*\            : 5590 MB...     
[1A/*stdin*\            : 5597 MB...     
[1A/*stdin*\            : 5603 MB...     
[1A/*stdin*\            : 5610 MB...     
[1A/*stdin*\            : 5617 MB...     
[1A/*stdin*\            : 5623 MB...     
[1A/*stdin*\            : 5630 MB...     
[1A/*stdin*\            : 5637 MB...     
[1A/*stdin*\            : 5643 MB...     
[1A/*stdin*\            : 5650 MB...     
[1A/*stdin*\            : 5657 MB...     
[1A/*stdin*\            : 5661 MB...     
[1A/*stdin*\            : 5667 MB...     
[1A/*stdin*\            : 5674 MB...     
[1A/*stdin*\            : 5681 MB...     
[1A/*stdin*\            : 5688 MB...     
[1A/*stdin*\            : 5693 MB...     
[1A/*stdin*\            : 5699 MB...     
[1A/*stdin*\            : 5703 MB...     
[1A/*stdin*\            : 5707 MB...     
[1A/*stdin*\            : 5712 MB...     
[1A/*stdin*\            : 5717 MB...     
[1A/*stdin*\            : 5723 MB...     
[1A/*stdin*\            : 5728 MB...     
[1A/*stdin*\            : 5733 MB...     
[1A/*stdin*\            : 5737 MB...     
[1A/*stdin*\            : 5747 MB...     
[1A/*stdin*\            : 5758 MB...     
[1A/*stdin*\            : 5767 MB...     
[1A/*stdin*\            : 5777 MB...     
[1A/*stdin*\            : 5787 MB...     
[1A/*stdin*\            : 5797 MB...     
[1A/*stdin*\            : 5806 MB...     
[1A/*stdin*\            : 5814 MB...     
[1A/*stdin*\            : 5821 MB...     
[1A/*stdin*\            : 5829 MB...     
[1A/*stdin*\            : 5837 MB...     
[1A/*stdin*\            : 5844 MB...     
[1A/*stdin*\            : 5852 MB...     
[1A/*stdin*\            : 5860 MB...     
[1A/*stdin*\            : 5868 MB...     
[1A/*stdin*\            : 5876 MB...     
[1A/*stdin*\            : 5884 MB...     
[1A/*stdin*\            : 5890 MB...     
[1A/*stdin*\            : 5899 MB...     
[1A/*stdin*\            : 5906 MB...     
[1A/*stdin*\            : 5915 MB...     
[1A/*stdin*\            : 5923 MB...     
[1A/*stdin*\            : 5931 MB...     
[1A/*stdin*\            : 5940 MB...     
[1A/*stdin*\            : 5946 MB...     
[1A/*stdin*\            : 5954 MB...     
[1A/*stdin*\            : 5963 MB...     
[1A/*stdin*\            : 5967 MB...     
[1A/*stdin*\            : 5974 MB...     
[1A/*stdin*\            : 5983 MB...     
[1A/*stdin*\            : 5991 MB...     
[1A/*stdin*\            : 6000 MB...     
[1A/*stdin*\            : 6008 MB...     
[1A/*stdin*\            : 6017 MB...     
[1A/*stdin*\            : 6027 MB...     
[1A/*stdin*\            : 6036 MB...     
[1A/*stdin*\            : 6044 MB...     
[1A/*stdin*\            : 6053 MB...     
[1A/*stdin*\            : 6061 MB...     
[1A/*stdin*\            : 6071 MB...     
[1A/*stdin*\            : 6081 MB...     
[1A/*stdin*\            : 6089 MB...     
[1A/*stdin*\            : 6099 MB...     
[1A/*stdin*\            : 6109 MB...     
[1A/*stdin*\            : 6119 MB...     
[1A/*stdin*\            : 6126 MB...     
[1A/*stdin*\            : 6131 MB...     
[1A/*stdin*\            : 6136 MB...     
[1A/*stdin*\            : 6141 MB...     
[1A/*stdin*\            : 6145 MB...     
[1A/*stdin*\            : 6150 MB...     
[1A/*stdin*\            : 6155 MB...     
[1A/*stdin*\            : 6160 MB...     
[1A/*stdin*\            : 6166 MB...     
[1A/*stdin*\            : 6171 MB...     
[1A/*stdin*\            : 6175 MB...     
[1A/*stdin*\            : 6181 MB...     
[1A/*stdin*\            : 6186 MB...     
[1A/*stdin*\            : 6191 MB...     
[1A/*stdin*\            : 6195 MB...     
[1A/*stdin*\            : 6196 MB...     
[1A/*stdin*\            : 6205 MB...     
[1A/*stdin*\            : 6215 MB...     
[1A/*stdin*\            : 6225 MB...     
[1A/*stdin*\            : 6236 MB...     
[1A/*stdin*\            : 6247 MB...     
[1A/*stdin*\            : 6257 MB...     
[1A/*stdin*\            : 6267 MB...     
[1A/*stdin*\            : 6277 MB...     
[1A/*stdin*\            : 6287 MB...     
[1A/*stdin*\            : 6297 MB...     
[1A/*stdin*\            : 6307 MB...     
[1A/*stdin*\            : 6317 MB...     
[1A/*stdin*\            : 6327 MB...     
[1A/*stdin*\            : 6338 MB...     
[1A/*stdin*\            : 6348 MB...     
[1A/*stdin*\            : 6357 MB...     
[1A/*stdin*\            : 6366 MB...     
[1A/*stdin*\            : 6377 MB...     
[1A/*stdin*\            : 6388 MB...     
[1A/*stdin*\            : 6397 MB...     
[1A/*stdin*\            : 6406 MB...     
[1A/*stdin*\            : 6415 MB...     
[1A/*stdin*\            : 6425 MB...     
[1A/*stdin*\            : 6427 MB...     
[1A/*stdin*\            : 6434 MB...     
[1A/*stdin*\            : 6440 MB...     
[1A/*stdin*\            : 6447 MB...     
[1A/*stdin*\            : 6454 MB...     
[1A/*stdin*\            : 6460 MB...     
[1A/*stdin*\            : 6467 MB...     
[1A/*stdin*\            : 6474 MB...     
[1A/*stdin*\            : 6480 MB...     
[1A/*stdin*\            : 6487 MB...     
[1A/*stdin*\            : 6494 MB...     
[1A/*stdin*\            : 6501 MB...     
[1A/*stdin*\            : 6502 MB...     
[1A/*stdin*\            : 6512 MB...     
[1A/*stdin*\            : 6522 MB...     
[1A/*stdin*\            : 6532 MB...     
[1A/*stdin*\            : 6542 MB...     
[1A/*stdin*\            : 6552 MB...     
[1A/*stdin*\            : 6562 MB...     
[1A/*stdin*\            : 6571 MB...     
[1A/*stdin*\            : 6578 MB...     
[1A/*stdin*\            : 6588 MB...     
[1A/*stdin*\            : 6598 MB...     
[1A/*stdin*\            : 6608 MB...     
[1A/*stdin*\            : 6615 MB...     
[1A/*stdin*\            : 6620 MB...     
[1A/*stdin*\            : 6628 MB...     
[1A/*stdin*\            : 6639 MB...     
[1A/*stdin*\            : 6649 MB...     
[1A/*stdin*\            : 6655 MB...     
[1A/*stdin*\            : 6655 MB...     
[1A/*stdin*\            : 6658 MB...     
[1A/*stdin*\            : 6667 MB...     
[1A/*stdin*\            : 6675 MB...     
[1A/*stdin*\            : 6686 MB...     
[1A/*stdin*\            : 6695 MB...     
[1A/*stdin*\            : 6705 MB...     
[1A/*stdin*\            : 6710 MB...     
[1A/*stdin*\            : 6719 MB...     
[1A/*stdin*\            : 6729 MB...     
[1A/*stdin*\            : 6736 MB...     
[1A/*stdin*\            : 6746 MB...     
[1A/*stdin*\            : 6755 MB...     
[1A/*stdin*\            : 6764 MB...     
[1A/*stdin*\            : 6773 MB...     
[1A/*stdin*\            : 6783 MB...     
[1A/*stdin*\            : 6793 MB...     
[1A/*stdin*\            : 6798 MB...     
[1A/*stdin*\            : 6807 MB...     
[1A/*stdin*\            : 6808 MB...     
[1A/*stdin*\            : 6816 MB...     
[1A/*stdin*\            : 6824 MB...     
[1A/*stdin*\            : 6833 MB...     
[1A/*stdin*\            : 6842 MB...     
[1A/*stdin*\            : 6852 MB...     
[1A/*stdin*\            : 6863 MB...     
[1A/*stdin*\            : 6873 MB...     
[1A/*stdin*\            : 6884 MB...     
[1A/*stdin*\            : 6884 MB...     
[1A/*stdin*\            : 6894 MB...     
[1A/*stdin*\            : 6904 MB...     
[1A/*stdin*\            : 6911 MB...     
[1A/*stdin*\            : 6921 MB...     
[1A/*stdin*\            : 6930 MB...     
[1A/*stdin*\            : 6940 MB...     
[1A/*stdin*\            : 6949 MB...     
[1A/*stdin*\            : 6960 MB...     
[1A/*stdin*\            : 6961 MB...     
[1A/*stdin*\            : 6966 MB...     
[1A/*stdin*\            : 6970 MB...     
[1A/*stdin*\            : 6974 MB...     
[1A/*stdin*\            : 6977 MB...     
[1A/*stdin*\            : 6981 MB...     
[1A/*stdin*\            : 6984 MB...     
[1A/*stdin*\            : 6988 MB...     
[1A/*stdin*\            : 6991 MB...     
[1A/*stdin*\            : 6995 MB...     
[1A/*stdin*\            : 6998 MB...     
[1A/*stdin*\            : 7001 MB...     
[1A/*stdin*\            : 7003 MB...     
[1A/*stdin*\            : 7005 MB...     
[1A/*stdin*\            : 7007 MB...     
[1A/*stdin*\            : 7009 MB...     
[1A/*stdin*\            : 7011 MB...     
[1A/*stdin*\            : 7013 MB...     
[1A/*stdin*\            : 7015 MB...     
[1A/*stdin*\            : 7017 MB...     
[1A/*stdin*\            : 7018 MB...     
[1A/*stdin*\            : 7020 MB...     
[1A/*stdin*\            : 7021 MB...     
[1A/*stdin*\            : 7023 MB...     
[1A/*stdin*\            : 7024 MB...     
[1A/*stdin*\            : 7026 MB...     
[1A/*stdin*\            : 7028 MB...     
[1A/*stdin*\            : 7029 MB...     
[1A/*stdin*\            : 7031 MB...     
[1A/*stdin*\            : 7033 MB...     
[1A/*stdin*\            : 7034 MB...     
[1A/*stdin*\            : 7036 MB...     
[1A/*stdin*\            : 7037 MB...     
[1A/*stdin*\            : 7039 MB...     
[1A/*stdin*\            : 7041 MB...     
[1A/*stdin*\            : 7042 MB...     
[1A/*stdin*\            : 7044 MB...     
[1A/*stdin*\            : 7046 MB...     
[1A/*stdin*\            : 7048 MB...     
[1A/*stdin*\            : 7049 MB...     
[1A/*stdin*\            : 7051 MB...     
[1A/*stdin*\            : 7053 MB...     
[1A/*stdin*\            : 7055 MB...     
[1A/*stdin*\            : 7057 MB...     
[1A/*stdin*\            : 7058 MB...     
[1A/*stdin*\            : 7060 MB...     
[1A/*stdin*\            : 7062 MB...     
[1A/*stdin*\            : 7064 MB...     
[1A/*stdin*\            : 7066 MB...     
[1A/*stdin*\            : 7067 MB...     
[1A/*stdin*\            : 7069 MB...     
[1A/*stdin*\            : 7071 MB...     
[1A/*stdin*\            : 7073 MB...     
[1A/*stdin*\            : 7074 MB...     
[1A/*stdin*\            : 7076 MB...     
[1A/*stdin*\            : 7078 MB...     
[1A/*stdin*\            : 7080 MB...     
[1A/*stdin*\            : 7082 MB...     
[1A/*stdin*\            : 7083 MB...     
[1A/*stdin*\            : 7085 MB...     
[1A/*stdin*\            : 7087 MB...     
[1A/*stdin*\            : 7089 MB...     
[1A/*stdin*\            : 7090 MB...     
[1A/*stdin*\            : 7092 MB...     
[1A/*stdin*\            : 7094 MB...     
[1A/*stdin*\            : 7096 MB...     
[1A/*stdin*\            : 7098 MB...     
[1A/*stdin*\            : 7100 MB...     
[1A/*stdin*\            : 7102 MB...     
[1A/*stdin*\            : 7103 MB...     
[1A/*stdin*\            : 7105 MB...     
[1A/*stdin*\            : 7107 MB...     
[1A/*stdin*\            : 7109 MB...     
[1A/*stdin*\            : 7111 MB...     
[1A/*stdin*\            : 7113 MB...     
[1A/*stdin*\            : 7114 MB...     
[1A/*stdin*\            : 7116 MB...     
[1A/*stdin*\            : 7118 MB...     
[1A/*stdin*\            : 7120 MB...     
[1A/*stdin*\            : 7122 MB...     
[1A/*stdin*\            : 7124 MB...     
[1A/*stdin*\            : 7126 MB...     
[1A/*stdin*\            : 7128 MB...     
[1A/*stdin*\            : 7130 MB...     
[1A/*stdin*\            : 7133 MB...     
[1A/*stdin*\            : 7135 MB...     
[1A/*stdin*\            : 7137 MB...     
[1A/*stdin*\            : 7139 MB...     
[1A/*stdin*\            : 7142 MB...     
[1A/*stdin*\            : 7144 MB...     
[1A/*stdin*\            : 7147 MB...     
[1A/*stdin*\            : 7149 MB...     
[1A/*stdin*\            : 7152 MB...     
[1A/*stdin*\            : 7155 MB...     
[1A/*stdin*\            : 7158 MB...     
[1A/*stdin*\            : 7160 MB...     
[1A/*stdin*\            : 7163 MB...     
[1A/*stdin*\            : 7166 MB...     
[1A/*stdin*\            : 7169 MB...     
[1A/*stdin*\            : 7172 MB...     
[1A/*stdin*\            : 7176 MB...     
[1A/*stdin*\            : 7179 MB...     
[1A/*stdin*\            : 7182 MB...     
[1A/*stdin*\            : 7186 MB...     
[1A/*stdin*\            : 7190 MB...     
[1A/*stdin*\            : 7190 MB...     
[1A/*stdin*\            : 7194 MB...     
[1A/*stdin*\            : 7198 MB...     
[1A/*stdin*\            : 7201 MB...     
[1A/*stdin*\            : 7204 MB...     
[1A/*stdin*\            : 7207 MB...     
[1A/*stdin*\            : 7210 MB...     
[1A/*stdin*\            : 7213 MB...     
[1A/*stdin*\            : 7216 MB...     
[1A/*stdin*\            : 7219 MB...     
[1A/*stdin*\            : 7222 MB...     
[1A/*stdin*\            : 7225 MB...     
[1A/*stdin*\            : 7229 MB...     
[1A/*stdin*\            : 7232 MB...     
[1A/*stdin*\            : 7236 MB...     
[1A/*stdin*\            : 7239 MB...     
[1A/*stdin*\            : 7242 MB...     
[1A/*stdin*\            : 7246 MB...     
[1A/*stdin*\            : 7249 MB...     
[1A/*stdin*\            : 7252 MB...     
[1A/*stdin*\            : 7254 MB...     
[1A/*stdin*\            : 7257 MB...     
[1A/*stdin*\            : 7258 MB...     
[1A/*stdin*\            : 7260 MB...     
[1A/*stdin*\            : 7262 MB...     
[1A/*stdin*\            : 7264 MB...     
[1A/*stdin*\            : 7266 MB...     
[1A/*stdin*\            : 7267 MB...     
[1A/*stdin*\            : 7277 MB...     
[1A/*stdin*\            : 7286 MB...     
[1A/*stdin*\            : 7295 MB...     
[1A/*stdin*\            : 7304 MB...     
[1A/*stdin*\            : 7313 MB...     
[1A/*stdin*\            : 7322 MB...     
[1A/*stdin*\            : 7332 MB...     
[1A/*stdin*\            : 7342 MB...     
[1A/*stdin*\            : 7343 MB...     
[1A/*stdin*\            : 7353 MB...     
[1A/*stdin*\            : 7363 MB...     
[1A/*stdin*\            : 7372 MB...     
[1A/*stdin*\            : 7382 MB...     
[1A/*stdin*\            : 7391 MB...     
[1A/*stdin*\            : 7401 MB...     
[1A/*stdin*\            : 7410 MB...     
[1A/*stdin*\            : 7420 MB...     
[1A/*stdin*\            : 7430 MB...     
[1A/*stdin*\            : 7440 MB...     
[1A/*stdin*\            : 7449 MB...     
[1A/*stdin*\            : 7454 MB...     
[1A/*stdin*\            : 7464 MB...     
[1A/*stdin*\            : 7474 MB...     
[1A/*stdin*\            : 7484 MB...     
[1A/*stdin*\            : 7494 MB...     
[1A/*stdin*\            : 7496 MB...     
[1A/*stdin*\            : 7501 MB...     
[1A/*stdin*\            : 7505 MB...     
[1A/*stdin*\            : 7510 MB...     
[1A/*stdin*\            : 7515 MB...     
[1A/*stdin*\            : 7520 MB...     
[1A/*stdin*\            : 7524 MB...     
[1A/*stdin*\            : 7529 MB...     
[1A/*stdin*\            : 7534 MB...     
[1A/*stdin*\            : 7539 MB...     
[1A/*stdin*\            : 7543 MB...     
[1A/*stdin*\            : 7548 MB...     
[1A/*stdin*\            : 7553 MB...     
[1A/*stdin*\            : 7558 MB...     
[1A/*stdin*\            : 7562 MB...     
[1A/*stdin*\            : 7567 MB...     
[1A/*stdin*\            : 7572 MB...     
[1A/*stdin*\            : 7573 MB...     
[1A/*stdin*\            : 7580 MB...     
[1A/*stdin*\            : 7587 MB...     
[1A/*stdin*\            : 7595 MB...     
[1A/*stdin*\            : 7602 MB...     
[1A/*stdin*\            : 7610 MB...     
[1A/*stdin*\            : 7618 MB...     
[1A/*stdin*\            : 7627 MB...     
[1A/*stdin*\            : 7635 MB...     
[1A/*stdin*\            : 7644 MB...     
[1A/*stdin*\            : 7649 MB...     
[1A/*stdin*\            : 7659 MB...     
[1A/*stdin*\            : 7669 MB...     
[1A/*stdin*\            : 7679 MB...     
[1A/*stdin*\            : 7689 MB...     
[1A/*stdin*\            : 7699 MB...     
[1A/*stdin*\            : 7709 MB...     
[1A/*stdin*\            : 7719 MB...     
[1A/*stdin*\            : 7726 MB...     
[1A/*stdin*\            : 7735 MB...     
[1A/*stdin*\            : 7746 MB...     
[1A/*stdin*\            : 7756 MB...     
[1A/*stdin*\            : 7766 MB...     
[1A/*stdin*\            : 7777 MB...     
[1A/*stdin*\            : 7788 MB...     
[1A/*stdin*\            : 7798 MB...     
[1A/*stdin*\            : 7802 MB...     
[1A/*stdin*\            : 7812 MB...     
[1A/*stdin*\            : 7822 MB...     
[1A/*stdin*\            : 7831 MB...     
[1A/*stdin*\            : 7841 MB...     
[1A/*stdin*\            : 7851 MB...     
[1A/*stdin*\            : 7861 MB...     
[1A/*stdin*\            : 7871 MB...     
[1A/*stdin*\            : 7878 MB...     
[1A/*stdin*\            : 7889 MB...     
[1A/*stdin*\            : 7898 MB...     
[1A/*stdin*\            : 7908 MB...     
[1A/*stdin*\            : 7917 MB...     
[1A/*stdin*\            : 7926 MB...     
[1A/*stdin*\            : 7936 MB...     
[1A/*stdin*\            : 7943 MB...     
[1A/*stdin*\            : 7953 MB...     
[1A/*stdin*\            : 7955 MB...     
[1A/*stdin*\            : 7962 MB...     
[1A/*stdin*\            : 7972 MB...     
[1A/*stdin*\            : 7983 MB...     
[1A/*stdin*\            : 7994 MB...     
[1A/*stdin*\            : 8004 MB...     
[1A/*stdin*\            : 8015 MB...     
[1A/*stdin*\            : 8026 MB...     
[1A/*stdin*\            : 8031 MB...     
[1A/*stdin*\            : 8041 MB...     
[1A/*stdin*\            : 8051 MB...     
[1A/*stdin*\            : 8061 MB...     
[1A/*stdin*\            : 8070 MB...     
[1A/*stdin*\            : 8080 MB...     
[1A/*stdin*\            : 8090 MB...     
[1A/*stdin*\            : 8100 MB...     
[1A/*stdin*\            : 8108 MB...     
[1A/*stdin*\            : 8114 MB...     
[1A/*stdin*\            : 8120 MB...     
[1A/*stdin*\            : 8127 MB...     
[1A/*stdin*\            : 8134 MB...     
[1A/*stdin*\            : 8140 MB...     
[1A/*stdin*\            : 8146 MB...     
[1A/*stdin*\            : 8153 MB...     
[1A/*stdin*\            : 8160 MB...     
[1A/*stdin*\            : 8168 MB...     
[1A/*stdin*\            : 8175 MB...     
[1A/*stdin*\            : 8182 MB...     
[1A/*stdin*\            : 8184 MB...     
[1A/*stdin*\            : 8195 MB...     
[1A/*stdin*\            : 8205 MB...     
[1A/*stdin*\            : 8215 MB...     
[1A/*stdin*\            : 8225 MB...     
[1A/*stdin*\            : 8236 MB...     
[1A/*stdin*\            : 8247 MB...     
[1A/*stdin*\            : 8258 MB...     
[1A/*stdin*\            : 8261 MB...     
[1A/*stdin*\            : 8271 MB...     
[1A/*stdin*\            : 8282 MB...     
[1A/*stdin*\            : 8293 MB...     
[1A/*stdin*\            : 8302 MB...     
[1A/*stdin*\            : 8312 MB...     
[1A/*stdin*\            : 8323 MB...     
[1A/*stdin*\            : 8333 MB...     
[1A/*stdin*\            : 8337 MB...     
[1A/*stdin*\            : 8345 MB...     
[1A/*stdin*\            : 8352 MB...     
[1A/*stdin*\            : 8360 MB...     
[1A/*stdin*\            : 8368 MB...     
[1A/*stdin*\            : 8375 MB...     
[1A/*stdin*\            : 8383 MB...     
[1A/*stdin*\            : 8390 MB...     
[1A/*stdin*\            : 8398 MB...     
[1A/*stdin*\            : 8405 MB...     
[1A/*stdin*\            : 8412 MB...     
[1A/*stdin*\            : 8414 MB...     
[1A/*stdin*\            : 8424 MB...     
[1A/*stdin*\            : 8435 MB...     
[1A/*stdin*\            : 8437 MB...     
[1A/*stdin*\            : 8448 MB...     
[1A/*stdin*\            : 8458 MB...     
[1A/*stdin*\            : 8469 MB...     
[1A/*stdin*\            : 8479 MB...     
[1A/*stdin*\            : 8489 MB...     
[1A/*stdin*\            : 8490 MB...     
[1A/*stdin*\            : 8501 MB...     
[1A/*stdin*\            : 8512 MB...     
[1A/*stdin*\            : 8522 MB...     
[1A/*stdin*\            : 8533 MB...     
[1A/*stdin*\            : 8541 MB...     
[1A/*stdin*\            : 8551 MB...     
[1A/*stdin*\            : 8562 MB...     
[1A/*stdin*\            : 8567 MB...     
[1A/*stdin*\            : 8577 MB...     
[1A/*stdin*\            : 8588 MB...     
[1A/*stdin*\            : 8599 MB...     
[1A/*stdin*\            : 8609 MB...     
[1A/*stdin*\            : 8620 MB...     
[1A/*stdin*\            : 8630 MB...     
[1A/*stdin*\            : 8637 MB...     
[1A/*stdin*\            : 8643 MB...     
[1A/*stdin*\            : 8654 MB...     
[1A/*stdin*\            : 8665 MB...     
[1A/*stdin*\            : 8673 MB...     
[1A/*stdin*\            : 8684 MB...     
[1A/*stdin*\            : 8694 MB...     
[1A/*stdin*\            : 8704 MB...     
[1A/*stdin*\            : 8713 MB...     
[1A/*stdin*\            : 8720 MB...     
[1A/*stdin*\            : 8728 MB...     
[1A/*stdin*\            : 8736 MB...     
[1A/*stdin*\            : 8746 MB...     
[1A/*stdin*\            : 8755 MB...     
[1A/*stdin*\            : 8766 MB...     
[1A/*stdin*\            : 8777 MB...     
[1A/*stdin*\            : 8787 MB...     
[1A/*stdin*\            : 8796 MB...     
[1A/*stdin*\            : 8803 MB...     
[1A/*stdin*\            : 8810 MB...     
[1A/*stdin*\            : 8817 MB...     
[1A/*stdin*\            : 8825 MB...     
[1A/*stdin*\            : 8831 MB...     
[1A/*stdin*\            : 8838 MB...     
[1A/*stdin*\            : 8847 MB...     
[1A/*stdin*\            : 8853 MB...     
[1A/*stdin*\            : 8860 MB...     
[1A/*stdin*\            : 8869 MB...     
[1A/*stdin*\            : 8872 MB...     
[1A/*stdin*\            : 8880 MB...     
[1A/*stdin*\            : 8887 MB...     
[1A/*stdin*\            : 8895 MB...     
[1A/*stdin*\            : 8903 MB...     
[1A/*stdin*\            : 8910 MB...     
[1A/*stdin*\            : 8917 MB...     
[1A/*stdin*\            : 8925 MB...     
[1A/*stdin*\            : 8932 MB...     
[1A/*stdin*\            : 8940 MB...     
[1A/*stdin*\            : 8947 MB...     
[1A/*stdin*\            : 8949 MB...     
[1A/*stdin*\            : 8956 MB...     
[1A/*stdin*\            : 8962 MB...     
[1A/*stdin*\            : 8967 MB...     
[1A/*stdin*\            : 8972 MB...     
[1A/*stdin*\            : 8977 MB...     
[1A/*stdin*\            : 8982 MB...     
[1A/*stdin*\            : 8987 MB...     
[1A/*stdin*\            : 8992 MB...     
[1A/*stdin*\            : 8997 MB...     
[1A/*stdin*\            : 9000 MB...     
[1A/*stdin*\            : 9003 MB...     
[1A/*stdin*\            : 9005 MB...     
[1A/*stdin*\            : 9008 MB...     
[1A/*stdin*\            : 9011 MB...     
[1A/*stdin*\            : 9013 MB...     
[1A/*stdin*\            : 9016 MB...     
[1A/*stdin*\            : 9019 MB...     
[1A/*stdin*\            : 9022 MB...     
[1A/*stdin*\            : 9025 MB...     
[1A/*stdin*\            : 9025 MB...     
[1A/*stdin*\            : 9028 MB...     
[1A/*stdin*\            : 9031 MB...     
[1A/*stdin*\            : 9034 MB...     
[1A/*stdin*\            : 9037 MB...     
[1A/*stdin*\            : 9040 MB...     
[1A/*stdin*\            : 9043 MB...     
[1A/*stdin*\            : 9046 MB...     
[1A/*stdin*\            : 9048 MB...     
[1A/*stdin*\            : 9051 MB...     
[1A/*stdin*\            : 9053 MB...     
[1A/*stdin*\            : 9055 MB...     
[1A/*stdin*\            : 9057 MB...     
[1A/*stdin*\            : 9060 MB...     
[1A/*stdin*\            : 9062 MB...     
[1A/*stdin*\            : 9064 MB...     
[1A/*stdin*\            : 9067 MB...     
[1A/*stdin*\            : 9069 MB...     
[1A/*stdin*\            : 9071 MB...     
[1A/*stdin*\            : 9072 MB...     
[1A/*stdin*\            : 9074 MB...     
[1A/*stdin*\            : 9076 MB...     
[1A/*stdin*\            : 9078 MB...     
[1A/*stdin*\            : 9080 MB...     
[1A/*stdin*\            : 9081 MB...     
[1A/*stdin*\            : 9083 MB...     
[1A/*stdin*\            : 9085 MB...     
[1A/*stdin*\            : 9087 MB...     
[1A/*stdin*\            : 9089 MB...     
[1A/*stdin*\            : 9091 MB...     
[1A/*stdin*\            : 9093 MB...     
[1A/*stdin*\            : 9095 MB...     
[1A/*stdin*\            : 9097 MB...     
[1A/*stdin*\            : 9099 MB...     
[1A/*stdin*\            : 9101 MB...     
[1A/*stdin*\            : 9102 MB...     
[1A/*stdin*\            : 9104 MB...     
[1A/*stdin*\            : 9106 MB...     
[1A/*stdin*\            : 9108 MB...     
[1A/*stdin*\            : 9110 MB...     
[1A/*stdin*\            : 9112 MB...     
[1A/*stdin*\            : 9114 MB...     
[1A/*stdin*\            : 9116 MB...     
[1A/*stdin*\            : 9118 MB...     
[1A/*stdin*\            : 9120 MB...     
[1A/*stdin*\            : 9122 MB...     
[1A/*stdin*\            : 9124 MB...     
[1A/*stdin*\            : 9126 MB...     
[1A/*stdin*\            : 9128 MB...     
[1A/*stdin*\            : 9130 MB...     
[1A/*stdin*\            : 9132 MB...     
[1A/*stdin*\            : 9134 MB...     
[1A/*stdin*\            : 9136 MB...     
[1A/*stdin*\            : 9138 MB...     
[1A/*stdin*\            : 9141 MB...     
[1A/*stdin*\            : 9143 MB...     
[1A/*stdin*\            : 9145 MB...     
[1A/*stdin*\            : 9147 MB...     
[1A/*stdin*\            : 9149 MB...     
[1A/*stdin*\            : 9151 MB...     
[1A/*stdin*\            : 9153 MB...     
[1A/*stdin*\            : 9155 MB...     
[1A/*stdin*\            : 9157 MB...     
[1A/*stdin*\            : 9159 MB...     
[1A/*stdin*\            : 9161 MB...     
[1A/*stdin*\            : 9163 MB...     
[1A/*stdin*\            : 9165 MB...     
[1A/*stdin*\            : 9167 MB...     
[1A/*stdin*\            : 9170 MB...     
[1A/*stdin*\            : 9172 MB...     
[1A/*stdin*\            : 9174 MB...     
[1A/*stdin*\            : 9175 MB...     
[1A/*stdin*\            : 9177 MB...     
[1A/*stdin*\            : 9178 MB...     
[1A/*stdin*\            : 9180 MB...     
[1A/*stdin*\            : 9181 MB...     
[1A/*stdin*\            : 9183 MB...     
[1A/*stdin*\            : 9185 MB...     
[1A/*stdin*\            : 9187 MB...     
[1A/*stdin*\            : 9188 MB...     
[1A/*stdin*\            : 9190 MB...     
[1A/*stdin*\            : 9192 MB...     
[1A/*stdin*\            : 9194 MB...     
[1A/*stdin*\            : 9196 MB...     
[1A/*stdin*\            : 9198 MB...     
[1A/*stdin*\            : 9200 MB...     
[1A/*stdin*\            : 9202 MB...     
[1A/*stdin*\            : 9204 MB...     
[1A/*stdin*\            : 9206 MB...     
[1A/*stdin*\            : 9208 MB...     
[1A/*stdin*\            : 9210 MB...     
[1A/*stdin*\            : 9212 MB...     
[1A/*stdin*\            : 9214 MB...     
[1A/*stdin*\            : 9216 MB...     
[1A/*stdin*\            : 9218 MB...     
[1A/*stdin*\            : 9220 MB...     
[1A/*stdin*\            : 9222 MB...     
[1A/*stdin*\            : 9224 MB...     
[1A/*stdin*\            : 9226 MB...     
[1A/*stdin*\            : 9229 MB...     
[1A/*stdin*\            : 9231 MB...     
[1A/*stdin*\            : 9233 MB...     
[1A/*stdin*\            : 9235 MB...     
[1A/*stdin*\            : 9237 MB...     
[1A/*stdin*\            : 9239 MB...     
[1A/*stdin*\            : 9242 MB...     
[1A/*stdin*\            : 9244 MB...     
[1A/*stdin*\            : 9246 MB...     
[1A/*stdin*\            : 9248 MB...     
[1A/*stdin*\            : 9250 MB...     
[1A/*stdin*\            : 9252 MB...     
[1A/*stdin*\            : 9254 MB...     
[1A/*stdin*\            : 9255 MB...     
[1A/*stdin*\            : 9265 MB...     
[1A/*stdin*\            : 9275 MB...     
[1A/*stdin*\            : 9286 MB...     
[1A/*stdin*\            : 9289 MB...     
[1A/*stdin*\            : 9300 MB...     
[1A/*stdin*\            : 9310 MB...     
[1A/*stdin*\            : 9317 MB...     
[1A/*stdin*\            : 9319 MB...     
[1A/*stdin*\            : 9329 MB...     
[1A/*stdin*\            : 9339 MB...     
[1A/*stdin*\            : 9349 MB...     
[1A/*stdin*\            : 9359 MB...     
[1A/*stdin*\            : 9369 MB...     
[1A/*stdin*\            : 9379 MB...     
[1A/*stdin*\            : 9389 MB...     
[1A/*stdin*\            : 9399 MB...     
[1A/*stdin*\            : 9408 MB...     
[1A/*stdin*\            : 9419 MB...     
[1A/*stdin*\            : 9429 MB...     
[1A/*stdin*\            : 9439 MB...     
[1A/*stdin*\            : 9450 MB...     
[1A/*stdin*\            : 9461 MB...     
[1A/*stdin*\            : 9471 MB...     
[1A/*stdin*\            : 9481 MB...     
[1A/*stdin*\            : 9484 MB...     
[1A/*stdin*\            : 9495 MB...     
[1A/*stdin*\            : 9505 MB...     
[1A/*stdin*\            : 9516 MB...     
[1A/*stdin*\            : 9526 MB...     
[1A/*stdin*\            : 9536 MB...     
[1A/*stdin*\            : 9544 MB...     
[1A/*stdin*\            : 9554 MB...     
[1A/*stdin*\            : 9561 MB...     
[1A/*stdin*\            : 9571 MB...     
[1A/*stdin*\            : 9582 MB...     
[1A/*stdin*\            : 9593 MB...     
[1A/*stdin*\            : 9603 MB...     
[1A/*stdin*\            : 9613 MB...     
[1A/*stdin*\            : 9623 MB...     
[1A/*stdin*\            : 9631 MB...     
[1A/*stdin*\            : 9637 MB...     
[1A/*stdin*\            : 9646 MB...     
[1A/*stdin*\            : 9654 MB...     
[1A/*stdin*\            : 9662 MB...     
[1A/*stdin*\            : 9671 MB...     
[1A/*stdin*\            : 9680 MB...     
[1A/*stdin*\            : 9688 MB...     
[1A/*stdin*\            : 9696 MB...     
[1A/*stdin*\            : 9705 MB...     
[1A/*stdin*\            : 9714 MB...     
[1A/*stdin*\            : 9723 MB...     
[1A/*stdin*\            : 9731 MB...     
[1A/*stdin*\            : 9740 MB...     
[1A/*stdin*\            : 9748 MB...     
[1A/*stdin*\            : 9757 MB...     
[1A/*stdin*\            : 9766 MB...     
[1A/*stdin*\            : 9775 MB...     
[1A/*stdin*\            : 9783 MB...     
[1A/*stdin*\            : 9790 MB...     
[1A/*stdin*\            : 9799 MB...     
[1A/*stdin*\            : 9808 MB...     
[1A/*stdin*\            : 9816 MB...     
[1A/*stdin*\            : 9825 MB...     
[1A/*stdin*\            : 9834 MB...     
[1A/*stdin*\            : 9843 MB...     
[1A/*stdin*\            : 9851 MB...     
[1A/*stdin*\            : 9860 MB...     
[1A/*stdin*\            : 9867 MB...     
[1A/*stdin*\            : 9867 MB...     
[1A/*stdin*\            : 9872 MB...     
[1A/*stdin*\            : 9882 MB...     
[1A/*stdin*\            : 9892 MB...     
[1A/*stdin*\            : 9900 MB...     
[1A/*stdin*\            : 9909 MB...     
[1A/*stdin*\            : 9914 MB...     
[1A/*stdin*\            : 9925 MB...     
[1A/*stdin*\            : 9935 MB...     
[1A/*stdin*\            : 9945 MB...     
[1A/*stdin*\            : 9954 MB...     
[1A/*stdin*\            : 9965 MB...     
[1A/*stdin*\            : 9976 MB...     
[1A/*stdin*\            : 9986 MB...                                                                                    
[1A/*stdin*\           : 10476003160 bytes 
done test80-2024-03-mar-2tb7p.min-v2.v6.binpack: 10.5 GB in 378 s
fetch test80-2024-04-apr-2tb7p.min-v2.v6.binpack ...

[1A/*stdin*\            : 0 MB...     
[1A/*stdin*\            : 0 MB...     
[1A/*stdin*\            : 4 MB...     
[1A/*stdin*\            : 12 MB...     
[1A/*stdin*\            : 21 MB...     
[1A/*stdin*\            : 32 MB...     
[1A/*stdin*\            : 43 MB...     
[1A/*stdin*\            : 53 MB...     
[1A/*stdin*\            : 63 MB...     
[1A/*stdin*\            : 72 MB...     
[1A/*stdin*\            : 75 MB...     
[1A/*stdin*\            : 85 MB...     
[1A/*stdin*\            : 96 MB...     
[1A/*stdin*\            : 107 MB...     
[1A/*stdin*\            : 117 MB...     
[1A/*stdin*\            : 127 MB...     
[1A/*stdin*\            : 137 MB...     
[1A/*stdin*\            : 141 MB...     
[1A/*stdin*\            : 151 MB...     
[1A/*stdin*\            : 152 MB...     
[1A/*stdin*\            : 162 MB...     
[1A/*stdin*\            : 166 MB...     
[1A/*stdin*\            : 174 MB...     
[1A/*stdin*\            : 181 MB...     
[1A/*stdin*\            : 189 MB...     
[1A/*stdin*\            : 197 MB...     
[1A/*stdin*\            : 206 MB...     
[1A/*stdin*\            : 215 MB...     
[1A/*stdin*\            : 224 MB...     
[1A/*stdin*\            : 233 MB...     
[1A/*stdin*\            : 242 MB...     
[1A/*stdin*\            : 251 MB...     
[1A/*stdin*\            : 261 MB...     
[1A/*stdin*\            : 270 MB...     
[1A/*stdin*\            : 279 MB...     
[1A/*stdin*\            : 288 MB...     
[1A/*stdin*\            : 297 MB...     
[1A/*stdin*\            : 305 MB...     
[1A/*stdin*\            : 312 MB...     
[1A/*stdin*\            : 320 MB...     
[1A/*stdin*\            : 329 MB...     
[1A/*stdin*\            : 338 MB...     
[1A/*stdin*\            : 347 MB...     
[1A/*stdin*\            : 357 MB...     
[1A/*stdin*\            : 367 MB...     
[1A/*stdin*\            : 377 MB...     
[1A/*stdin*\            : 383 MB...     
[1A/*stdin*\            : 394 MB...     
[1A/*stdin*\            : 404 MB...     
[1A/*stdin*\            : 413 MB...     
[1A/*stdin*\            : 423 MB...     
[1A/*stdin*\            : 433 MB...     
[1A/*stdin*\            : 442 MB...     
[1A/*stdin*\            : 447 MB...     
[1A/*stdin*\            : 457 MB...     
[1A/*stdin*\            : 458 MB...     
[1A/*stdin*\            : 467 MB...     
[1A/*stdin*\            : 476 MB...     
[1A/*stdin*\            : 486 MB...     
[1A/*stdin*\            : 495 MB...     
[1A/*stdin*\            : 504 MB...     
[1A/*stdin*\            : 513 MB...     
[1A/*stdin*\            : 522 MB...     
[1A/*stdin*\            : 530 MB...     
[1A/*stdin*\            : 534 MB...     
[1A/*stdin*\            : 543 MB...     
[1A/*stdin*\            : 552 MB...     
[1A/*stdin*\            : 562 MB...     
[1A/*stdin*\            : 571 MB...     
[1A/*stdin*\            : 580 MB...     
[1A/*stdin*\            : 589 MB...     
[1A/*stdin*\            : 598 MB...     
[1A/*stdin*\            : 607 MB...     
[1A/*stdin*\            : 611 MB...     
[1A/*stdin*\            : 620 MB...     
[1A/*stdin*\            : 629 MB...     
[1A/*stdin*\            : 639 MB...     
[1A/*stdin*\            : 645 MB...     
[1A/*stdin*\            : 653 MB...     
[1A/*stdin*\            : 663 MB...     
[1A/*stdin*\            : 672 MB...     
[1A/*stdin*\            : 676 MB...     
[1A/*stdin*\            : 685 MB...     
[1A/*stdin*\            : 687 MB...     
[1A/*stdin*\            : 696 MB...     
[1A/*stdin*\            : 705 MB...     
[1A/*stdin*\            : 714 MB...     
[1A/*stdin*\            : 723 MB...     
[1A/*stdin*\            : 732 MB...     
[1A/*stdin*\            : 741 MB...     
[1A/*stdin*\            : 750 MB...     
[1A/*stdin*\            : 759 MB...     
[1A/*stdin*\            : 764 MB...     
[1A/*stdin*\            : 773 MB...     
[1A/*stdin*\            : 782 MB...     
[1A/*stdin*\            : 791 MB...     
[1A/*stdin*\            : 800 MB...     
[1A/*stdin*\            : 808 MB...     
[1A/*stdin*\            : 817 MB...     
[1A/*stdin*\            : 826 MB...     
[1A/*stdin*\            : 828 MB...     
[1A/*stdin*\            : 838 MB...     
[1A/*stdin*\            : 840 MB...     
[1A/*stdin*\            : 849 MB...     
[1A/*stdin*\            : 858 MB...     
[1A/*stdin*\            : 867 MB...     
[1A/*stdin*\            : 877 MB...     
[1A/*stdin*\            : 886 MB...     
[1A/*stdin*\            : 895 MB...     
[1A/*stdin*\            : 904 MB...     
[1A/*stdin*\            : 913 MB...     
[1A/*stdin*\            : 917 MB...     
[1A/*stdin*\            : 917 MB...     
[1A/*stdin*\            : 919 MB...     
[1A/*stdin*\            : 928 MB...     
[1A/*stdin*\            : 938 MB...     
[1A/*stdin*\            : 949 MB...     
[1A/*stdin*\            : 959 MB...     
[1A/*stdin*\            : 968 MB...     
[1A/*stdin*\            : 977 MB...     
[1A/*stdin*\            : 988 MB...     
[1A/*stdin*\            : 993 MB...     
[1A/*stdin*\            : 1003 MB...     
[1A/*stdin*\            : 1013 MB...     
[1A/*stdin*\            : 1024 MB...     
[1A/*stdin*\            : 1032 MB...     
[1A/*stdin*\            : 1042 MB...     
[1A/*stdin*\            : 1052 MB...     
[1A/*stdin*\            : 1063 MB...     
[1A/*stdin*\            : 1070 MB...     
[1A/*stdin*\            : 1079 MB...     
[1A/*stdin*\            : 1090 MB...     
[1A/*stdin*\            : 1101 MB...     
[1A/*stdin*\            : 1111 MB...     
[1A/*stdin*\            : 1122 MB...     
[1A/*stdin*\            : 1133 MB...     
[1A/*stdin*\            : 1143 MB...     
[1A/*stdin*\            : 1146 MB...     
[1A/*stdin*\            : 1157 MB...     
[1A/*stdin*\            : 1166 MB...     
[1A/*stdin*\            : 1177 MB...     
[1A/*stdin*\            : 1187 MB...     
[1A/*stdin*\            : 1197 MB...     
[1A/*stdin*\            : 1208 MB...     
[1A/*stdin*\            : 1219 MB...     
[1A/*stdin*\            : 1223 MB...     
[1A/*stdin*\            : 1230 MB...     
[1A/*stdin*\            : 1239 MB...     
[1A/*stdin*\            : 1249 MB...     
[1A/*stdin*\            : 1260 MB...     
[1A/*stdin*\            : 1271 MB...     
[1A/*stdin*\            : 1282 MB...     
[1A/*stdin*\            : 1292 MB...     
[1A/*stdin*\            : 1299 MB...     
[1A/*stdin*\            : 1309 MB...     
[1A/*stdin*\            : 1320 MB...     
[1A/*stdin*\            : 1331 MB...     
[1A/*stdin*\            : 1341 MB...     
[1A/*stdin*\            : 1350 MB...     
[1A/*stdin*\            : 1361 MB...     
[1A/*stdin*\            : 1371 MB...     
[1A/*stdin*\            : 1376 MB...     
[1A/*stdin*\            : 1387 MB...     
[1A/*stdin*\            : 1396 MB...     
[1A/*stdin*\            : 1407 MB...     
[1A/*stdin*\            : 1417 MB...     
[1A/*stdin*\            : 1427 MB...     
[1A/*stdin*\            : 1438 MB...     
[1A/*stdin*\            : 1448 MB...     
[1A/*stdin*\            : 1452 MB...     
[1A/*stdin*\            : 1462 MB...     
[1A/*stdin*\            : 1473 MB...     
[1A/*stdin*\            : 1474 MB...     
[1A/*stdin*\            : 1485 MB...     
[1A/*stdin*\            : 1495 MB...     
[1A/*stdin*\            : 1506 MB...     
[1A/*stdin*\            : 1513 MB...     
[1A/*stdin*\            : 1524 MB...     
[1A/*stdin*\            : 1529 MB...     
[1A/*stdin*\            : 1539 MB...     
[1A/*stdin*\            : 1550 MB...     
[1A/*stdin*\            : 1559 MB...     
[1A/*stdin*\            : 1565 MB...     
[1A/*stdin*\            : 1572 MB...     
[1A/*stdin*\            : 1582 MB...     
[1A/*stdin*\            : 1588 MB...     
[1A/*stdin*\            : 1598 MB...     
[1A/*stdin*\            : 1605 MB...     
[1A/*stdin*\            : 1613 MB...     
[1A/*stdin*\            : 1622 MB...     
[1A/*stdin*\            : 1630 MB...     
[1A/*stdin*\            : 1638 MB...     
[1A/*stdin*\            : 1647 MB...     
[1A/*stdin*\            : 1656 MB...     
[1A/*stdin*\            : 1664 MB...     
[1A/*stdin*\            : 1673 MB...     
[1A/*stdin*\            : 1682 MB...     
[1A/*stdin*\            : 1682 MB...     
[1A/*stdin*\            : 1691 MB...     
[1A/*stdin*\            : 1700 MB...     
[1A/*stdin*\            : 1709 MB...     
[1A/*stdin*\            : 1717 MB...     
[1A/*stdin*\            : 1726 MB...     
[1A/*stdin*\            : 1735 MB...     
[1A/*stdin*\            : 1744 MB...     
[1A/*stdin*\            : 1754 MB...     
[1A/*stdin*\            : 1758 MB...     
[1A/*stdin*\            : 1768 MB...     
[1A/*stdin*\            : 1778 MB...     
[1A/*stdin*\            : 1787 MB...     
[1A/*stdin*\            : 1797 MB...     
[1A/*stdin*\            : 1806 MB...     
[1A/*stdin*\            : 1816 MB...     
[1A/*stdin*\            : 1825 MB...     
[1A/*stdin*\            : 1834 MB...     
[1A/*stdin*\            : 1844 MB...     
[1A/*stdin*\            : 1853 MB...     
[1A/*stdin*\            : 1863 MB...     
[1A/*stdin*\            : 1867 MB...     
[1A/*stdin*\            : 1877 MB...     
[1A/*stdin*\            : 1887 MB...     
[1A/*stdin*\            : 1896 MB...     
[1A/*stdin*\            : 1906 MB...     
[1A/*stdin*\            : 1911 MB...     
[1A/*stdin*\            : 1921 MB...     
[1A/*stdin*\            : 1929 MB...     
[1A/*stdin*\            : 1938 MB...     
[1A/*stdin*\            : 1947 MB...     
[1A/*stdin*\            : 1956 MB...     
[1A/*stdin*\            : 1966 MB...     
[1A/*stdin*\            : 1971 MB...     
[1A/*stdin*\            : 1980 MB...     
[1A/*stdin*\            : 1988 MB...     
[1A/*stdin*\            : 1998 MB...     
[1A/*stdin*\            : 2008 MB...     
[1A/*stdin*\            : 2018 MB...     
[1A/*stdin*\            : 2029 MB...     
[1A/*stdin*\            : 2039 MB...     
[1A/*stdin*\            : 2049 MB...     
[1A/*stdin*\            : 2059 MB...     
[1A/*stdin*\            : 2064 MB...     
[1A/*stdin*\            : 2075 MB...     
[1A/*stdin*\            : 2085 MB...     
[1A/*stdin*\            : 2095 MB...     
[1A/*stdin*\            : 2104 MB...     
[1A/*stdin*\            : 2114 MB...     
[1A/*stdin*\            : 2125 MB...     
[1A/*stdin*\            : 2135 MB...     
[1A/*stdin*\            : 2141 MB...     
[1A/*stdin*\            : 2151 MB...     
[1A/*stdin*\            : 2161 MB...     
[1A/*stdin*\            : 2171 MB...     
[1A/*stdin*\            : 2181 MB...     
[1A/*stdin*\            : 2191 MB...     
[1A/*stdin*\            : 2200 MB...     
[1A/*stdin*\            : 2211 MB...     
[1A/*stdin*\            : 2217 MB...     
[1A/*stdin*\            : 2227 MB...     
[1A/*stdin*\            : 2237 MB...     
[1A/*stdin*\            : 2248 MB...     
[1A/*stdin*\            : 2258 MB...     
[1A/*stdin*\            : 2268 MB...     
[1A/*stdin*\            : 2279 MB...     
[1A/*stdin*\            : 2289 MB...     
[1A/*stdin*\            : 2294 MB...     
[1A/*stdin*\            : 2302 MB...     
[1A/*stdin*\            : 2312 MB...     
[1A/*stdin*\            : 2321 MB...     
[1A/*stdin*\            : 2326 MB...     
[1A/*stdin*\            : 2336 MB...     
[1A/*stdin*\            : 2345 MB...     
[1A/*stdin*\            : 2355 MB...     
[1A/*stdin*\            : 2365 MB...     
[1A/*stdin*\            : 2370 MB...     
[1A/*stdin*\            : 2380 MB...     
[1A/*stdin*\            : 2390 MB...     
[1A/*stdin*\            : 2401 MB...     
[1A/*stdin*\            : 2406 MB...     
[1A/*stdin*\            : 2416 MB...     
[1A/*stdin*\            : 2425 MB...     
[1A/*stdin*\            : 2435 MB...     
[1A/*stdin*\            : 2435 MB...     
[1A/*stdin*\            : 2445 MB...     
[1A/*stdin*\            : 2447 MB...     
[1A/*stdin*\            : 2456 MB...     
[1A/*stdin*\            : 2466 MB...     
[1A/*stdin*\            : 2475 MB...     
[1A/*stdin*\            : 2485 MB...     
[1A/*stdin*\            : 2495 MB...     
[1A/*stdin*\            : 2505 MB...     
[1A/*stdin*\            : 2516 MB...     
[1A/*stdin*\            : 2523 MB...     
[1A/*stdin*\            : 2533 MB...     
[1A/*stdin*\            : 2544 MB...     
[1A/*stdin*\            : 2554 MB...     
[1A/*stdin*\            : 2565 MB...     
[1A/*stdin*\            : 2574 MB...     
[1A/*stdin*\            : 2584 MB...     
[1A/*stdin*\            : 2594 MB...     
[1A/*stdin*\            : 2601 MB...     
[1A/*stdin*\            : 2607 MB...     
[1A/*stdin*\            : 2614 MB...     
[1A/*stdin*\            : 2621 MB...     
[1A/*stdin*\            : 2628 MB...     
[1A/*stdin*\            : 2633 MB...     
[1A/*stdin*\            : 2639 MB...     
[1A/*stdin*\            : 2643 MB...     
[1A/*stdin*\            : 2646 MB...     
[1A/*stdin*\            : 2650 MB...     
[1A/*stdin*\            : 2658 MB...     
[1A/*stdin*\            : 2661 MB...     
[1A/*stdin*\            : 2665 MB...     
[1A/*stdin*\            : 2669 MB...     
[1A/*stdin*\            : 2672 MB...     
[1A/*stdin*\            : 2676 MB...     
[1A/*stdin*\            : 2676 MB...     
[1A/*stdin*\            : 2686 MB...     
[1A/*stdin*\            : 2696 MB...     
[1A/*stdin*\            : 2706 MB...     
[1A/*stdin*\            : 2716 MB...     
[1A/*stdin*\            : 2725 MB...     
[1A/*stdin*\            : 2735 MB...     
[1A/*stdin*\            : 2745 MB...     
[1A/*stdin*\            : 2753 MB...     
[1A/*stdin*\            : 2762 MB...     
[1A/*stdin*\            : 2772 MB...     
[1A/*stdin*\            : 2781 MB...     
[1A/*stdin*\            : 2791 MB...     
[1A/*stdin*\            : 2801 MB...     
[1A/*stdin*\            : 2811 MB...     
[1A/*stdin*\            : 2821 MB...     
[1A/*stdin*\            : 2829 MB...     
[1A/*stdin*\            : 2839 MB...     
[1A/*stdin*\            : 2847 MB...     
[1A/*stdin*\            : 2855 MB...     
[1A/*stdin*\            : 2865 MB...     
[1A/*stdin*\            : 2875 MB...     
[1A/*stdin*\            : 2885 MB...     
[1A/*stdin*\            : 2895 MB...     
[1A/*stdin*\            : 2905 MB...     
[1A/*stdin*\            : 2915 MB...     
[1A/*stdin*\            : 2924 MB...     
[1A/*stdin*\            : 2934 MB...     
[1A/*stdin*\            : 2936 MB...     
[1A/*stdin*\            : 2945 MB...     
[1A/*stdin*\            : 2955 MB...     
[1A/*stdin*\            : 2965 MB...     
[1A/*stdin*\            : 2975 MB...     
[1A/*stdin*\            : 2982 MB...     
[1A/*stdin*\            : 2991 MB...     
[1A/*stdin*\            : 3001 MB...     
[1A/*stdin*\            : 3008 MB...     
[1A/*stdin*\            : 3015 MB...     
[1A/*stdin*\            : 3023 MB...     
[1A/*stdin*\            : 3032 MB...     
[1A/*stdin*\            : 3042 MB...     
[1A/*stdin*\            : 3049 MB...     
[1A/*stdin*\            : 3059 MB...     
[1A/*stdin*\            : 3069 MB...     
[1A/*stdin*\            : 3079 MB...     
[1A/*stdin*\            : 3088 MB...     
[1A/*stdin*\            : 3098 MB...     
[1A/*stdin*\            : 3108 MB...     
[1A/*stdin*\            : 3117 MB...     
[1A/*stdin*\            : 3120 MB...     
[1A/*stdin*\            : 3130 MB...     
[1A/*stdin*\            : 3135 MB...     
[1A/*stdin*\            : 3145 MB...     
[1A/*stdin*\            : 3155 MB...     
[1A/*stdin*\            : 3165 MB...     
[1A/*stdin*\            : 3176 MB...     
[1A/*stdin*\            : 3186 MB...     
[1A/*stdin*\            : 3196 MB...     
[1A/*stdin*\            : 3206 MB...     
[1A/*stdin*\            : 3212 MB...     
[1A/*stdin*\            : 3222 MB...     
[1A/*stdin*\            : 3232 MB...     
[1A/*stdin*\            : 3242 MB...     
[1A/*stdin*\            : 3252 MB...     
[1A/*stdin*\            : 3262 MB...     
[1A/*stdin*\            : 3272 MB...     
[1A/*stdin*\            : 3283 MB...     
[1A/*stdin*\            : 3288 MB...     
[1A/*stdin*\            : 3298 MB...     
[1A/*stdin*\            : 3309 MB...     
[1A/*stdin*\            : 3320 MB...     
[1A/*stdin*\            : 3330 MB...     
[1A/*stdin*\            : 3340 MB...     
[1A/*stdin*\            : 3351 MB...     
[1A/*stdin*\            : 3362 MB...     
[1A/*stdin*\            : 3365 MB...     
[1A/*stdin*\            : 3375 MB...     
[1A/*stdin*\            : 3385 MB...     
[1A/*stdin*\            : 3395 MB...     
[1A/*stdin*\            : 3402 MB...     
[1A/*stdin*\            : 3413 MB...     
[1A/*stdin*\            : 3423 MB...     
[1A/*stdin*\            : 3434 MB...     
[1A/*stdin*\            : 3441 MB...     
[1A/*stdin*\            : 3444 MB...     
[1A/*stdin*\            : 3451 MB...     
[1A/*stdin*\            : 3460 MB...     
[1A/*stdin*\            : 3470 MB...     
[1A/*stdin*\            : 3481 MB...     
[1A/*stdin*\            : 3491 MB...     
[1A/*stdin*\            : 3502 MB...     
[1A/*stdin*\            : 3512 MB...     
[1A/*stdin*\            : 3518 MB...     
[1A/*stdin*\            : 3527 MB...     
[1A/*stdin*\            : 3538 MB...     
[1A/*stdin*\            : 3549 MB...     
[1A/*stdin*\            : 3559 MB...     
[1A/*stdin*\            : 3570 MB...     
[1A/*stdin*\            : 3578 MB...     
[1A/*stdin*\            : 3589 MB...     
[1A/*stdin*\            : 3594 MB...     
[1A/*stdin*\            : 3605 MB...     
[1A/*stdin*\            : 3614 MB...     
[1A/*stdin*\            : 3624 MB...     
[1A/*stdin*\            : 3634 MB...     
[1A/*stdin*\            : 3644 MB...     
[1A/*stdin*\            : 3655 MB...     
[1A/*stdin*\            : 3664 MB...     
[1A/*stdin*\            : 3671 MB...     
[1A/*stdin*\            : 3679 MB...     
[1A/*stdin*\            : 3689 MB...     
[1A/*stdin*\            : 3699 MB...     
[1A/*stdin*\            : 3703 MB...     
[1A/*stdin*\            : 3713 MB...     
[1A/*stdin*\            : 3723 MB...     
[1A/*stdin*\            : 3734 MB...     
[1A/*stdin*\            : 3738 MB...     
[1A/*stdin*\            : 3747 MB...     
[1A/*stdin*\            : 3749 MB...     
[1A/*stdin*\            : 3752 MB...     
[1A/*stdin*\            : 3754 MB...     
[1A/*stdin*\            : 3757 MB...     
[1A/*stdin*\            : 3759 MB...     
[1A/*stdin*\            : 3762 MB...     
[1A/*stdin*\            : 3764 MB...     
[1A/*stdin*\            : 3767 MB...     
[1A/*stdin*\            : 3770 MB...     
[1A/*stdin*\            : 3772 MB...     
[1A/*stdin*\            : 3775 MB...     
[1A/*stdin*\            : 3778 MB...     
[1A/*stdin*\            : 3780 MB...     
[1A/*stdin*\            : 3783 MB...     
[1A/*stdin*\            : 3786 MB...     
[1A/*stdin*\            : 3789 MB...     
[1A/*stdin*\            : 3792 MB...     
[1A/*stdin*\            : 3795 MB...     
[1A/*stdin*\            : 3799 MB...     
[1A/*stdin*\            : 3802 MB...     
[1A/*stdin*\            : 3805 MB...     
[1A/*stdin*\            : 3808 MB...     
[1A/*stdin*\            : 3812 MB...     
[1A/*stdin*\            : 3815 MB...     
[1A/*stdin*\            : 3819 MB...     
[1A/*stdin*\            : 3823 MB...     
[1A/*stdin*\            : 3823 MB...     
[1A/*stdin*\            : 3832 MB...     
[1A/*stdin*\            : 3842 MB...     
[1A/*stdin*\            : 3853 MB...     
[1A/*stdin*\            : 3863 MB...     
[1A/*stdin*\            : 3874 MB...     
[1A/*stdin*\            : 3885 MB...     
[1A/*stdin*\            : 3895 MB...     
[1A/*stdin*\            : 3900 MB...     
[1A/*stdin*\            : 3910 MB...     
[1A/*stdin*\            : 3921 MB...     
[1A/*stdin*\            : 3931 MB...     
[1A/*stdin*\            : 3937 MB...     
[1A/*stdin*\            : 3947 MB...     
[1A/*stdin*\            : 3957 MB...     
[1A/*stdin*\            : 3967 MB...     
[1A/*stdin*\            : 3976 MB...     
[1A/*stdin*\            : 3986 MB...     
[1A/*stdin*\            : 3995 MB...     
[1A/*stdin*\            : 4004 MB...     
[1A/*stdin*\            : 4014 MB...     
[1A/*stdin*\            : 4024 MB...     
[1A/*stdin*\            : 4034 MB...     
[1A/*stdin*\            : 4043 MB...     
[1A/*stdin*\            : 4052 MB...     
[1A/*stdin*\            : 4059 MB...     
[1A/*stdin*\            : 4067 MB...     
[1A/*stdin*\            : 4077 MB...     
[1A/*stdin*\            : 4087 MB...     
[1A/*stdin*\            : 4097 MB...     
[1A/*stdin*\            : 4108 MB...     
[1A/*stdin*\            : 4118 MB...     
[1A/*stdin*\            : 4129 MB...     
[1A/*stdin*\            : 4135 MB...     
[1A/*stdin*\            : 4146 MB...     
[1A/*stdin*\            : 4156 MB...     
[1A/*stdin*\            : 4162 MB...     
[1A/*stdin*\            : 4171 MB...     
[1A/*stdin*\            : 4182 MB...     
[1A/*stdin*\            : 4192 MB...     
[1A/*stdin*\            : 4202 MB...     
[1A/*stdin*\            : 4206 MB...     
[1A/*stdin*\            : 4214 MB...     
[1A/*stdin*\            : 4222 MB...     
[1A/*stdin*\            : 4231 MB...     
[1A/*stdin*\            : 4240 MB...     
[1A/*stdin*\            : 4248 MB...     
[1A/*stdin*\            : 4257 MB...     
[1A/*stdin*\            : 4266 MB...     
[1A/*stdin*\            : 4274 MB...     
[1A/*stdin*\            : 4282 MB...     
[1A/*stdin*\            : 4292 MB...     
[1A/*stdin*\            : 4301 MB...     
[1A/*stdin*\            : 4309 MB...     
[1A/*stdin*\            : 4317 MB...     
[1A/*stdin*\            : 4324 MB...     
[1A/*stdin*\            : 4331 MB...     
[1A/*stdin*\            : 4339 MB...     
[1A/*stdin*\            : 4346 MB...     
[1A/*stdin*\            : 4353 MB...     
[1A/*stdin*\            : 4359 MB...     
[1A/*stdin*\            : 4369 MB...     
[1A/*stdin*\            : 4378 MB...     
[1A/*stdin*\            : 4388 MB...     
[1A/*stdin*\            : 4396 MB...     
[1A/*stdin*\            : 4405 MB...     
[1A/*stdin*\            : 4414 MB...     
[1A/*stdin*\            : 4423 MB...     
[1A/*stdin*\            : 4432 MB...     
[1A/*stdin*\            : 4437 MB...     
[1A/*stdin*\            : 4446 MB...     
[1A/*stdin*\            : 4455 MB...     
[1A/*stdin*\            : 4465 MB...     
[1A/*stdin*\            : 4475 MB...     
[1A/*stdin*\            : 4484 MB...     
[1A/*stdin*\            : 4494 MB...     
[1A/*stdin*\            : 4501 MB...     
[1A/*stdin*\            : 4511 MB...     
[1A/*stdin*\            : 4512 MB...     
[1A/*stdin*\            : 4520 MB...     
[1A/*stdin*\            : 4529 MB...     
[1A/*stdin*\            : 4538 MB...     
[1A/*stdin*\            : 4546 MB...     
[1A/*stdin*\            : 4555 MB...     
[1A/*stdin*\            : 4564 MB...     
[1A/*stdin*\            : 4572 MB...     
[1A/*stdin*\            : 4580 MB...     
[1A/*stdin*\            : 4588 MB...     
[1A/*stdin*\            : 4598 MB...     
[1A/*stdin*\            : 4609 MB...     
[1A/*stdin*\            : 4620 MB...     
[1A/*stdin*\            : 4630 MB...     
[1A/*stdin*\            : 4641 MB...     
[1A/*stdin*\            : 4651 MB...     
[1A/*stdin*\            : 4661 MB...     
[1A/*stdin*\            : 4665 MB...     
[1A/*stdin*\            : 4675 MB...     
[1A/*stdin*\            : 4686 MB...     
[1A/*stdin*\            : 4696 MB...     
[1A/*stdin*\            : 4706 MB...     
[1A/*stdin*\            : 4717 MB...     
[1A/*stdin*\            : 4728 MB...     
[1A/*stdin*\            : 4739 MB...     
[1A/*stdin*\            : 4741 MB...     
[1A/*stdin*\            : 4752 MB...     
[1A/*stdin*\            : 4763 MB...     
[1A/*stdin*\            : 4773 MB...     
[1A/*stdin*\            : 4779 MB...     
[1A/*stdin*\            : 4789 MB...     
[1A/*stdin*\            : 4799 MB...     
[1A/*stdin*\            : 4810 MB...     
[1A/*stdin*\            : 4818 MB...     
[1A/*stdin*\            : 4819 MB...     
[1A/*stdin*\            : 4827 MB...     
[1A/*stdin*\            : 4837 MB...     
[1A/*stdin*\            : 4847 MB...     
[1A/*stdin*\            : 4858 MB...     
[1A/*stdin*\            : 4868 MB...     
[1A/*stdin*\            : 4879 MB...     
[1A/*stdin*\            : 4890 MB...     
[1A/*stdin*\            : 4894 MB...     
[1A/*stdin*\            : 4905 MB...     
[1A/*stdin*\            : 4915 MB...     
[1A/*stdin*\            : 4926 MB...     
[1A/*stdin*\            : 4937 MB...     
[1A/*stdin*\            : 4947 MB...     
[1A/*stdin*\            : 4958 MB...     
[1A/*stdin*\            : 4967 MB...     
[1A/*stdin*\            : 4971 MB...     
[1A/*stdin*\            : 4977 MB...     
[1A/*stdin*\            : 4984 MB...     
[1A/*stdin*\            : 4992 MB...     
[1A/*stdin*\            : 4997 MB...     
[1A/*stdin*\            : 5004 MB...     
[1A/*stdin*\            : 5009 MB...     
[1A/*stdin*\            : 5013 MB...     
[1A/*stdin*\            : 5016 MB...     
[1A/*stdin*\            : 5020 MB...     
[1A/*stdin*\            : 5024 MB...     
[1A/*stdin*\            : 5028 MB...     
[1A/*stdin*\            : 5032 MB...     
[1A/*stdin*\            : 5036 MB...     
[1A/*stdin*\            : 5041 MB...     
[1A/*stdin*\            : 5045 MB...     
[1A/*stdin*\            : 5047 MB...     
[1A/*stdin*\            : 5051 MB...     
[1A/*stdin*\            : 5055 MB...     
[1A/*stdin*\            : 5059 MB...     
[1A/*stdin*\            : 5064 MB...     
[1A/*stdin*\            : 5068 MB...     
[1A/*stdin*\            : 5072 MB...     
[1A/*stdin*\            : 5077 MB...     
[1A/*stdin*\            : 5081 MB...     
[1A/*stdin*\            : 5086 MB...     
[1A/*stdin*\            : 5090 MB...     
[1A/*stdin*\            : 5094 MB...     
[1A/*stdin*\            : 5099 MB...     
[1A/*stdin*\            : 5103 MB...     
[1A/*stdin*\            : 5108 MB...     
[1A/*stdin*\            : 5112 MB...     
[1A/*stdin*\            : 5117 MB...     
[1A/*stdin*\            : 5121 MB...     
[1A/*stdin*\            : 5123 MB...     
[1A/*stdin*\            : 5133 MB...     
[1A/*stdin*\            : 5144 MB...     
[1A/*stdin*\            : 5154 MB...     
[1A/*stdin*\            : 5164 MB...     
[1A/*stdin*\            : 5174 MB...     
[1A/*stdin*\            : 5185 MB...     
[1A/*stdin*\            : 5195 MB...     
[1A/*stdin*\            : 5200 MB...     
[1A/*stdin*\            : 5208 MB...     
[1A/*stdin*\            : 5218 MB...     
[1A/*stdin*\            : 5229 MB...     
[1A/*stdin*\            : 5239 MB...     
[1A/*stdin*\            : 5249 MB...     
[1A/*stdin*\            : 5259 MB...     
[1A/*stdin*\            : 5264 MB...     
[1A/*stdin*\            : 5274 MB...     
[1A/*stdin*\            : 5276 MB...     
[1A/*stdin*\            : 5287 MB...     
[1A/*stdin*\            : 5296 MB...     
[1A/*stdin*\            : 5307 MB...     
[1A/*stdin*\            : 5318 MB...     
[1A/*stdin*\            : 5328 MB...     
[1A/*stdin*\            : 5338 MB...     
[1A/*stdin*\            : 5347 MB...     
[1A/*stdin*\            : 5353 MB...     
[1A/*stdin*\            : 5361 MB...     
[1A/*stdin*\            : 5367 MB...     
[1A/*stdin*\            : 5373 MB...     
[1A/*stdin*\            : 5379 MB...     
[1A/*stdin*\            : 5384 MB...     
[1A/*stdin*\            : 5392 MB...     
[1A/*stdin*\            : 5401 MB...     
[1A/*stdin*\            : 5407 MB...     
[1A/*stdin*\            : 5417 MB...     
[1A/*stdin*\            : 5426 MB...     
[1A/*stdin*\            : 5435 MB...     
[1A/*stdin*\            : 5445 MB...     
[1A/*stdin*\            : 5456 MB...     
[1A/*stdin*\            : 5466 MB...     
[1A/*stdin*\            : 5477 MB...     
[1A/*stdin*\            : 5488 MB...     
[1A/*stdin*\            : 5498 MB...     
[1A/*stdin*\            : 5506 MB...     
[1A/*stdin*\            : 5516 MB...     
[1A/*stdin*\            : 5526 MB...     
[1A/*stdin*\            : 5535 MB...     
[1A/*stdin*\            : 5545 MB...     
[1A/*stdin*\            : 5555 MB...     
[1A/*stdin*\            : 5565 MB...     
[1A/*stdin*\            : 5574 MB...     
[1A/*stdin*\            : 5582 MB...     
[1A/*stdin*\            : 5587 MB...     
[1A/*stdin*\            : 5591 MB...     
[1A/*stdin*\            : 5595 MB...     
[1A/*stdin*\            : 5599 MB...     
[1A/*stdin*\            : 5604 MB...     
[1A/*stdin*\            : 5608 MB...     
[1A/*stdin*\            : 5612 MB...     
[1A/*stdin*\            : 5616 MB...     
[1A/*stdin*\            : 5621 MB...     
[1A/*stdin*\            : 5625 MB...     
[1A/*stdin*\            : 5630 MB...     
[1A/*stdin*\            : 5634 MB...     
[1A/*stdin*\            : 5639 MB...     
[1A/*stdin*\            : 5643 MB...     
[1A/*stdin*\            : 5647 MB...     
[1A/*stdin*\            : 5652 MB...     
[1A/*stdin*\            : 5656 MB...     
[1A/*stdin*\            : 5659 MB...     
[1A/*stdin*\            : 5663 MB...     
[1A/*stdin*\            : 5668 MB...     
[1A/*stdin*\            : 5672 MB...     
[1A/*stdin*\            : 5677 MB...     
[1A/*stdin*\            : 5681 MB...     
[1A/*stdin*\            : 5686 MB...     
[1A/*stdin*\            : 5690 MB...     
[1A/*stdin*\            : 5695 MB...     
[1A/*stdin*\            : 5699 MB...     
[1A/*stdin*\            : 5704 MB...     
[1A/*stdin*\            : 5708 MB...     
[1A/*stdin*\            : 5713 MB...     
[1A/*stdin*\            : 5717 MB...     
[1A/*stdin*\            : 5722 MB...     
[1A/*stdin*\            : 5726 MB...     
[1A/*stdin*\            : 5730 MB...     
[1A/*stdin*\            : 5734 MB...     
[1A/*stdin*\            : 5738 MB...     
[1A/*stdin*\            : 5748 MB...     
[1A/*stdin*\            : 5759 MB...     
[1A/*stdin*\            : 5765 MB...     
[1A/*stdin*\            : 5773 MB...     
[1A/*stdin*\            : 5781 MB...     
[1A/*stdin*\            : 5791 MB...     
[1A/*stdin*\            : 5801 MB...     
[1A/*stdin*\            : 5810 MB...     
[1A/*stdin*\            : 5812 MB...     
[1A/*stdin*\            : 5821 MB...     
[1A/*stdin*\            : 5832 MB...     
[1A/*stdin*\            : 5842 MB...     
[1A/*stdin*\            : 5852 MB...     
[1A/*stdin*\            : 5863 MB...     
[1A/*stdin*\            : 5874 MB...     
[1A/*stdin*\            : 5885 MB...     
[1A/*stdin*\            : 5894 MB...     
[1A/*stdin*\            : 5904 MB...     
[1A/*stdin*\            : 5914 MB...     
[1A/*stdin*\            : 5924 MB...     
[1A/*stdin*\            : 5934 MB...     
[1A/*stdin*\            : 5945 MB...     
[1A/*stdin*\            : 5956 MB...     
[1A/*stdin*\            : 5962 MB...     
[1A/*stdin*\            : 5972 MB...     
[1A/*stdin*\            : 5980 MB...     
[1A/*stdin*\            : 5989 MB...     
[1A/*stdin*\            : 5998 MB...     
[1A/*stdin*\            : 6007 MB...     
[1A/*stdin*\            : 6015 MB...     
[1A/*stdin*\            : 6024 MB...     
[1A/*stdin*\            : 6033 MB...     
[1A/*stdin*\            : 6041 MB...     
[1A/*stdin*\            : 6049 MB...     
[1A/*stdin*\            : 6058 MB...     
[1A/*stdin*\            : 6067 MB...     
[1A/*stdin*\            : 6076 MB...     
[1A/*stdin*\            : 6085 MB...     
[1A/*stdin*\            : 6094 MB...     
[1A/*stdin*\            : 6102 MB...     
[1A/*stdin*\            : 6112 MB...     
[1A/*stdin*\            : 6117 MB...     
[1A/*stdin*\            : 6122 MB...     
[1A/*stdin*\            : 6131 MB...     
[1A/*stdin*\            : 6140 MB...     
[1A/*stdin*\            : 6147 MB...     
[1A/*stdin*\            : 6156 MB...     
[1A/*stdin*\            : 6166 MB...     
[1A/*stdin*\            : 6175 MB...     
[1A/*stdin*\            : 6184 MB...     
[1A/*stdin*\            : 6193 MB...     
[1A/*stdin*\            : 6194 MB...     
[1A/*stdin*\            : 6203 MB...     
[1A/*stdin*\            : 6212 MB...     
[1A/*stdin*\            : 6219 MB...     
[1A/*stdin*\            : 6228 MB...     
[1A/*stdin*\            : 6237 MB...     
[1A/*stdin*\            : 6246 MB...     
[1A/*stdin*\            : 6256 MB...     
[1A/*stdin*\            : 6266 MB...     
[1A/*stdin*\            : 6270 MB...     
[1A/*stdin*\            : 6279 MB...     
[1A/*stdin*\            : 6288 MB...     
[1A/*stdin*\            : 6297 MB...     
[1A/*stdin*\            : 6306 MB...     
[1A/*stdin*\            : 6316 MB...     
[1A/*stdin*\            : 6326 MB...     
[1A/*stdin*\            : 6336 MB...     
[1A/*stdin*\            : 6346 MB...     
[1A/*stdin*\            : 6353 MB...     
[1A/*stdin*\            : 6362 MB...     
[1A/*stdin*\            : 6370 MB...     
[1A/*stdin*\            : 6378 MB...     
[1A/*stdin*\            : 6385 MB...     
[1A/*stdin*\            : 6394 MB...     
[1A/*stdin*\            : 6400 MB...     
[1A/*stdin*\            : 6409 MB...     
[1A/*stdin*\            : 6419 MB...     
[1A/*stdin*\            : 6423 MB...     
[1A/*stdin*\            : 6433 MB...     
[1A/*stdin*\            : 6442 MB...     
[1A/*stdin*\            : 6451 MB...     
[1A/*stdin*\            : 6455 MB...     
[1A/*stdin*\            : 6465 MB...     
[1A/*stdin*\            : 6474 MB...     
[1A/*stdin*\            : 6483 MB...     
[1A/*stdin*\            : 6487 MB...     
[1A/*stdin*\            : 6496 MB...     
[1A/*stdin*\            : 6500 MB...     
[1A/*stdin*\            : 6509 MB...     
[1A/*stdin*\            : 6519 MB...     
[1A/*stdin*\            : 6529 MB...     
[1A/*stdin*\            : 6540 MB...     
[1A/*stdin*\            : 6550 MB...     
[1A/*stdin*\            : 6561 MB...     
[1A/*stdin*\            : 6571 MB...     
[1A/*stdin*\            : 6577 MB...     
[1A/*stdin*\            : 6587 MB...     
[1A/*stdin*\            : 6598 MB...     
[1A/*stdin*\            : 6606 MB...     
[1A/*stdin*\            : 6614 MB...     
[1A/*stdin*\            : 6623 MB...     
[1A/*stdin*\            : 6632 MB...     
[1A/*stdin*\            : 6642 MB...     
[1A/*stdin*\            : 6652 MB...     
[1A/*stdin*\            : 6655 MB...     
[1A/*stdin*\            : 6664 MB...     
[1A/*stdin*\            : 6674 MB...     
[1A/*stdin*\            : 6684 MB...     
[1A/*stdin*\            : 6694 MB...     
[1A/*stdin*\            : 6704 MB...     
[1A/*stdin*\            : 6714 MB...     
[1A/*stdin*\            : 6724 MB...     
[1A/*stdin*\            : 6730 MB...     
[1A/*stdin*\            : 6739 MB...     
[1A/*stdin*\            : 6748 MB...     
[1A/*stdin*\            : 6758 MB...     
[1A/*stdin*\            : 6768 MB...     
[1A/*stdin*\            : 6778 MB...     
[1A/*stdin*\            : 6788 MB...     
[1A/*stdin*\            : 6797 MB...     
[1A/*stdin*\            : 6805 MB...     
[1A/*stdin*\            : 6815 MB...     
[1A/*stdin*\            : 6823 MB...     
[1A/*stdin*\            : 6832 MB...     
[1A/*stdin*\            : 6839 MB...     
[1A/*stdin*\            : 6848 MB...     
[1A/*stdin*\            : 6857 MB...     
[1A/*stdin*\            : 6867 MB...     
[1A/*stdin*\            : 6876 MB...     
[1A/*stdin*\            : 6882 MB...     
[1A/*stdin*\            : 6891 MB...     
[1A/*stdin*\            : 6899 MB...     
[1A/*stdin*\            : 6908 MB...     
[1A/*stdin*\            : 6911 MB...     
[1A/*stdin*\            : 6921 MB...     
[1A/*stdin*\            : 6930 MB...     
[1A/*stdin*\            : 6939 MB...     
[1A/*stdin*\            : 6941 MB...     
[1A/*stdin*\            : 6951 MB...     
[1A/*stdin*\            : 6958 MB...     
[1A/*stdin*\            : 6964 MB...     
[1A/*stdin*\            : 6966 MB...     
[1A/*stdin*\            : 6975 MB...     
[1A/*stdin*\            : 6985 MB...     
[1A/*stdin*\            : 6995 MB...     
[1A/*stdin*\            : 7003 MB...     
[1A/*stdin*\            : 7012 MB...     
[1A/*stdin*\            : 7020 MB...     
[1A/*stdin*\            : 7030 MB...     
[1A/*stdin*\            : 7039 MB...     
[1A/*stdin*\            : 7046 MB...     
[1A/*stdin*\            : 7055 MB...     
[1A/*stdin*\            : 7064 MB...     
[1A/*stdin*\            : 7070 MB...     
[1A/*stdin*\            : 7080 MB...     
[1A/*stdin*\            : 7090 MB...     
[1A/*stdin*\            : 7099 MB...     
[1A/*stdin*\            : 7109 MB...     
[1A/*stdin*\            : 7111 MB...     
[1A/*stdin*\            : 7120 MB...     
[1A/*stdin*\            : 7130 MB...     
[1A/*stdin*\            : 7139 MB...     
[1A/*stdin*\            : 7149 MB...     
[1A/*stdin*\            : 7158 MB...     
[1A/*stdin*\            : 7168 MB...     
[1A/*stdin*\            : 7177 MB...     
[1A/*stdin*\            : 7187 MB...     
[1A/*stdin*\            : 7187 MB...     
[1A/*stdin*\            : 7197 MB...     
[1A/*stdin*\            : 7206 MB...     
[1A/*stdin*\            : 7216 MB...     
[1A/*stdin*\            : 7223 MB...     
[1A/*stdin*\            : 7233 MB...     
[1A/*stdin*\            : 7242 MB...     
[1A/*stdin*\            : 7250 MB...     
[1A/*stdin*\            : 7255 MB...     
[1A/*stdin*\            : 7260 MB...     
[1A/*stdin*\            : 7269 MB...     
[1A/*stdin*\            : 7278 MB...     
[1A/*stdin*\            : 7287 MB...     
[1A/*stdin*\            : 7293 MB...     
[1A/*stdin*\            : 7303 MB...     
[1A/*stdin*\            : 7312 MB...     
[1A/*stdin*\            : 7321 MB...     
[1A/*stdin*\            : 7331 MB...     
[1A/*stdin*\            : 7342 MB...     
[1A/*stdin*\            : 7352 MB...     
[1A/*stdin*\            : 7363 MB...     
[1A/*stdin*\            : 7373 MB...     
[1A/*stdin*\            : 7383 MB...     
[1A/*stdin*\            : 7390 MB...     
[1A/*stdin*\            : 7400 MB...     
[1A/*stdin*\            : 7411 MB...     
[1A/*stdin*\            : 7416 MB...     
[1A/*stdin*\            : 7424 MB...     
[1A/*stdin*\            : 7434 MB...     
[1A/*stdin*\            : 7444 MB...     
[1A/*stdin*\            : 7453 MB...     
[1A/*stdin*\            : 7461 MB...     
[1A/*stdin*\            : 7471 MB...     
[1A/*stdin*\            : 7481 MB...     
[1A/*stdin*\            : 7487 MB...     
[1A/*stdin*\            : 7493 MB...     
[1A/*stdin*\            : 7503 MB...     
[1A/*stdin*\            : 7509 MB...     
[1A/*stdin*\            : 7517 MB...     
[1A/*stdin*\            : 7526 MB...     
[1A/*stdin*\            : 7536 MB...     
[1A/*stdin*\            : 7546 MB...     
[1A/*stdin*\            : 7553 MB...     
[1A/*stdin*\            : 7563 MB...     
[1A/*stdin*\            : 7569 MB...     
[1A/*stdin*\            : 7579 MB...     
[1A/*stdin*\            : 7589 MB...     
[1A/*stdin*\            : 7599 MB...     
[1A/*stdin*\            : 7608 MB...     
[1A/*stdin*\            : 7618 MB...     
[1A/*stdin*\            : 7628 MB...     
[1A/*stdin*\            : 7638 MB...     
[1A/*stdin*\            : 7646 MB...     
[1A/*stdin*\            : 7655 MB...     
[1A/*stdin*\            : 7665 MB...     
[1A/*stdin*\            : 7675 MB...     
[1A/*stdin*\            : 7678 MB...     
[1A/*stdin*\            : 7689 MB...     
[1A/*stdin*\            : 7698 MB...     
[1A/*stdin*\            : 7708 MB...     
[1A/*stdin*\            : 7712 MB...     
[1A/*stdin*\            : 7720 MB...     
[1A/*stdin*\            : 7722 MB...     
[1A/*stdin*\            : 7730 MB...     
[1A/*stdin*\            : 7739 MB...     
[1A/*stdin*\            : 7748 MB...     
[1A/*stdin*\            : 7758 MB...     
[1A/*stdin*\            : 7767 MB...     
[1A/*stdin*\            : 7776 MB...     
[1A/*stdin*\            : 7786 MB...     
[1A/*stdin*\            : 7795 MB...     
[1A/*stdin*\            : 7803 MB...     
[1A/*stdin*\            : 7814 MB...     
[1A/*stdin*\            : 7824 MB...     
[1A/*stdin*\            : 7833 MB...     
[1A/*stdin*\            : 7844 MB...     
[1A/*stdin*\            : 7854 MB...     
[1A/*stdin*\            : 7863 MB...     
[1A/*stdin*\            : 7873 MB...     
[1A/*stdin*\            : 7875 MB...     
[1A/*stdin*\            : 7885 MB...     
[1A/*stdin*\            : 7895 MB...     
[1A/*stdin*\            : 7905 MB...     
[1A/*stdin*\            : 7907 MB...     
[1A/*stdin*\            : 7916 MB...     
[1A/*stdin*\            : 7926 MB...     
[1A/*stdin*\            : 7936 MB...     
[1A/*stdin*\            : 7946 MB...     
[1A/*stdin*\            : 7951 MB...     
[1A/*stdin*\            : 7960 MB...     
[1A/*stdin*\            : 7969 MB...     
[1A/*stdin*\            : 7978 MB...     
[1A/*stdin*\            : 7984 MB...     
[1A/*stdin*\            : 7992 MB...     
[1A/*stdin*\            : 8001 MB...     
[1A/*stdin*\            : 8009 MB...     
[1A/*stdin*\            : 8016 MB...     
[1A/*stdin*\            : 8025 MB...     
[1A/*stdin*\            : 8028 MB...     
[1A/*stdin*\            : 8037 MB...     
[1A/*stdin*\            : 8043 MB...     
[1A/*stdin*\            : 8053 MB...     
[1A/*stdin*\            : 8063 MB...     
[1A/*stdin*\            : 8073 MB...     
[1A/*stdin*\            : 8084 MB...     
[1A/*stdin*\            : 8093 MB...     
[1A/*stdin*\            : 8102 MB...     
[1A/*stdin*\            : 8104 MB...     
[1A/*stdin*\            : 8113 MB...     
[1A/*stdin*\            : 8122 MB...     
[1A/*stdin*\            : 8131 MB...     
[1A/*stdin*\            : 8141 MB...     
[1A/*stdin*\            : 8150 MB...     
[1A/*stdin*\            : 8158 MB...     
[1A/*stdin*\            : 8167 MB...     
[1A/*stdin*\            : 8175 MB...     
[1A/*stdin*\            : 8185 MB...     
[1A/*stdin*\            : 8194 MB...     
[1A/*stdin*\            : 8204 MB...     
[1A/*stdin*\            : 8213 MB...     
[1A/*stdin*\            : 8221 MB...     
[1A/*stdin*\            : 8229 MB...     
[1A/*stdin*\            : 8238 MB...     
[1A/*stdin*\            : 8248 MB...     
[1A/*stdin*\            : 8257 MB...     
[1A/*stdin*\            : 8266 MB...     
[1A/*stdin*\            : 8276 MB...     
[1A/*stdin*\            : 8285 MB...     
[1A/*stdin*\            : 8295 MB...     
[1A/*stdin*\            : 8305 MB...     
[1A/*stdin*\            : 8315 MB...     
[1A/*stdin*\            : 8325 MB...     
[1A/*stdin*\            : 8334 MB...     
[1A/*stdin*\            : 8343 MB...     
[1A/*stdin*\            : 8353 MB...     
[1A/*stdin*\            : 8363 MB...     
[1A/*stdin*\            : 8373 MB...     
[1A/*stdin*\            : 8383 MB...     
[1A/*stdin*\            : 8392 MB...     
[1A/*stdin*\            : 8402 MB...     
[1A/*stdin*\            : 8410 MB...     
[1A/*stdin*\            : 8419 MB...     
[1A/*stdin*\            : 8428 MB...     
[1A/*stdin*\            : 8438 MB...     
[1A/*stdin*\            : 8446 MB...     
[1A/*stdin*\            : 8456 MB...     
[1A/*stdin*\            : 8465 MB...     
[1A/*stdin*\            : 8475 MB...     
[1A/*stdin*\            : 8485 MB...     
[1A/*stdin*\            : 8486 MB...     
[1A/*stdin*\            : 8496 MB...     
[1A/*stdin*\            : 8506 MB...     
[1A/*stdin*\            : 8514 MB...     
[1A/*stdin*\            : 8523 MB...     
[1A/*stdin*\            : 8532 MB...     
[1A/*stdin*\            : 8542 MB...     
[1A/*stdin*\            : 8552 MB...     
[1A/*stdin*\            : 8553 MB...     
[1A/*stdin*\            : 8557 MB...     
[1A/*stdin*\            : 8565 MB...     
[1A/*stdin*\            : 8571 MB...     
[1A/*stdin*\            : 8581 MB...     
[1A/*stdin*\            : 8591 MB...     
[1A/*stdin*\            : 8599 MB...     
[1A/*stdin*\            : 8609 MB...     
[1A/*stdin*\            : 8618 MB...     
[1A/*stdin*\            : 8628 MB...     
[1A/*stdin*\            : 8638 MB...     
[1A/*stdin*\            : 8639 MB...     
[1A/*stdin*\            : 8648 MB...     
[1A/*stdin*\            : 8656 MB...     
[1A/*stdin*\            : 8660 MB...     
[1A/*stdin*\            : 8667 MB...     
[1A/*stdin*\            : 8675 MB...     
[1A/*stdin*\            : 8683 MB...     
[1A/*stdin*\            : 8692 MB...     
[1A/*stdin*\            : 8701 MB...     
[1A/*stdin*\            : 8709 MB...     
[1A/*stdin*\            : 8715 MB...     
[1A/*stdin*\            : 8716 MB...     
[1A/*stdin*\            : 8719 MB...     
[1A/*stdin*\            : 8721 MB...     
[1A/*stdin*\            : 8722 MB...     
[1A/*stdin*\            : 8724 MB...     
[1A/*stdin*\            : 8726 MB...     
[1A/*stdin*\            : 8728 MB...     
[1A/*stdin*\            : 8730 MB...     
[1A/*stdin*\            : 8732 MB...     
[1A/*stdin*\            : 8734 MB...     
[1A/*stdin*\            : 8736 MB...     
[1A/*stdin*\            : 8738 MB...     
[1A/*stdin*\            : 8740 MB...     
[1A/*stdin*\            : 8741 MB...     
[1A/*stdin*\            : 8744 MB...     
[1A/*stdin*\            : 8745 MB...     
[1A/*stdin*\            : 8747 MB...     
[1A/*stdin*\            : 8749 MB...     
[1A/*stdin*\            : 8751 MB...     
[1A/*stdin*\            : 8753 MB...     
[1A/*stdin*\            : 8755 MB...     
[1A/*stdin*\            : 8757 MB...     
[1A/*stdin*\            : 8759 MB...     
[1A/*stdin*\            : 8760 MB...     
[1A/*stdin*\            : 8762 MB...     
[1A/*stdin*\            : 8764 MB...     
[1A/*stdin*\            : 8766 MB...     
[1A/*stdin*\            : 8768 MB...     
[1A/*stdin*\            : 8770 MB...     
[1A/*stdin*\            : 8772 MB...     
[1A/*stdin*\            : 8773 MB...     
[1A/*stdin*\            : 8774 MB...     
[1A/*stdin*\            : 8776 MB...     
[1A/*stdin*\            : 8777 MB...     
[1A/*stdin*\            : 8779 MB...     
[1A/*stdin*\            : 8781 MB...     
[1A/*stdin*\            : 8782 MB...     
[1A/*stdin*\            : 8784 MB...     
[1A/*stdin*\            : 8784 MB...     
[1A/*stdin*\            : 8787 MB...     
[1A/*stdin*\            : 8789 MB...     
[1A/*stdin*\            : 8791 MB...     
[1A/*stdin*\            : 8792 MB...     
[1A/*stdin*\            : 8802 MB...     
[1A/*stdin*\            : 8812 MB...     
[1A/*stdin*\            : 8822 MB...     
[1A/*stdin*\            : 8832 MB...     
[1A/*stdin*\            : 8843 MB...     
[1A/*stdin*\            : 8852 MB...     
[1A/*stdin*\            : 8862 MB...     
[1A/*stdin*\            : 8868 MB...     
[1A/*stdin*\            : 8878 MB...     
[1A/*stdin*\            : 8889 MB...     
[1A/*stdin*\            : 8899 MB...     
[1A/*stdin*\            : 8905 MB...     
[1A/*stdin*\            : 8915 MB...     
[1A/*stdin*\            : 8924 MB...     
[1A/*stdin*\            : 8931 MB...     
[1A/*stdin*\            : 8941 MB...     
[1A/*stdin*\            : 8945 MB...     
[1A/*stdin*\            : 8953 MB...     
[1A/*stdin*\            : 8961 MB...     
[1A/*stdin*\            : 8970 MB...     
[1A/*stdin*\            : 8978 MB...     
[1A/*stdin*\            : 8986 MB...     
[1A/*stdin*\            : 8994 MB...     
[1A/*stdin*\            : 9002 MB...     
[1A/*stdin*\            : 9012 MB...     
[1A/*stdin*\            : 9021 MB...     
[1A/*stdin*\            : 9023 MB...     
[1A/*stdin*\            : 9024 MB...     
[1A/*stdin*\            : 9026 MB...     
[1A/*stdin*\            : 9028 MB...     
[1A/*stdin*\            : 9029 MB...     
[1A/*stdin*\            : 9030 MB...     
[1A/*stdin*\            : 9032 MB...     
[1A/*stdin*\            : 9033 MB...     
[1A/*stdin*\            : 9034 MB...     
[1A/*stdin*\            : 9036 MB...     
[1A/*stdin*\            : 9037 MB...     
[1A/*stdin*\            : 9038 MB...     
[1A/*stdin*\            : 9039 MB...     
[1A/*stdin*\            : 9040 MB...     
[1A/*stdin*\            : 9041 MB...     
[1A/*stdin*\            : 9043 MB...     
[1A/*stdin*\            : 9044 MB...     
[1A/*stdin*\            : 9044 MB...     
[1A/*stdin*\            : 9045 MB...     
[1A/*stdin*\            : 9046 MB...     
[1A/*stdin*\            : 9047 MB...     
[1A/*stdin*\            : 9048 MB...     
[1A/*stdin*\            : 9049 MB...     
[1A/*stdin*\            : 9050 MB...     
[1A/*stdin*\            : 9051 MB...     
[1A/*stdin*\            : 9051 MB...     
[1A/*stdin*\            : 9052 MB...     
[1A/*stdin*\            : 9053 MB...     
[1A/*stdin*\            : 9054 MB...     
[1A/*stdin*\            : 9055 MB...     
[1A/*stdin*\            : 9056 MB...     
[1A/*stdin*\            : 9057 MB...     
[1A/*stdin*\            : 9058 MB...     
[1A/*stdin*\            : 9059 MB...     
[1A/*stdin*\            : 9060 MB...     
[1A/*stdin*\            : 9061 MB...     
[1A/*stdin*\            : 9062 MB...     
[1A/*stdin*\            : 9063 MB...     
[1A/*stdin*\            : 9064 MB...     
[1A/*stdin*\            : 9065 MB...     
[1A/*stdin*\            : 9066 MB...     
[1A/*stdin*\            : 9067 MB...     
[1A/*stdin*\            : 9068 MB...     
[1A/*stdin*\            : 9068 MB...     
[1A/*stdin*\            : 9069 MB...     
[1A/*stdin*\            : 9070 MB...     
[1A/*stdin*\            : 9071 MB...     
[1A/*stdin*\            : 9071 MB...     
[1A/*stdin*\            : 9072 MB...     
[1A/*stdin*\            : 9072 MB...     
[1A/*stdin*\            : 9073 MB...     
[1A/*stdin*\            : 9074 MB...     
[1A/*stdin*\            : 9074 MB...     
[1A/*stdin*\            : 9075 MB...     
[1A/*stdin*\            : 9076 MB...     
[1A/*stdin*\            : 9076 MB...     
[1A/*stdin*\            : 9077 MB...     
[1A/*stdin*\            : 9077 MB...     
[1A/*stdin*\            : 9078 MB...     
[1A/*stdin*\            : 9078 MB...     
[1A/*stdin*\            : 9079 MB...     
[1A/*stdin*\            : 9079 MB...     
[1A/*stdin*\            : 9080 MB...     
[1A/*stdin*\            : 9080 MB...     
[1A/*stdin*\            : 9080 MB...     
[1A/*stdin*\            : 9081 MB...     
[1A/*stdin*\            : 9082 MB...     
[1A/*stdin*\            : 9082 MB...     
[1A/*stdin*\            : 9082 MB...     
[1A/*stdin*\            : 9083 MB...     
[1A/*stdin*\            : 9083 MB...     
[1A/*stdin*\            : 9084 MB...     
[1A/*stdin*\            : 9084 MB...     
[1A/*stdin*\            : 9084 MB...     
[1A/*stdin*\            : 9085 MB...     
[1A/*stdin*\            : 9085 MB...     
[1A/*stdin*\            : 9086 MB...     
[1A/*stdin*\            : 9086 MB...     
[1A/*stdin*\            : 9087 MB...     
[1A/*stdin*\            : 9087 MB...     
[1A/*stdin*\            : 9087 MB...     
[1A/*stdin*\            : 9088 MB...     
[1A/*stdin*\            : 9088 MB...     
[1A/*stdin*\            : 9088 MB...     
[1A/*stdin*\            : 9089 MB...     
[1A/*stdin*\            : 9089 MB...     
[1A/*stdin*\            : 9090 MB...     
[1A/*stdin*\            : 9090 MB...     
[1A/*stdin*\            : 9090 MB...     
[1A/*stdin*\            : 9091 MB...     
[1A/*stdin*\            : 9091 MB...     
[1A/*stdin*\            : 9091 MB...     
[1A/*stdin*\            : 9091 MB...     
[1A/*stdin*\            : 9092 MB...     
[1A/*stdin*\            : 9093 MB...     
[1A/*stdin*\            : 9093 MB...     
[1A/*stdin*\            : 9094 MB...     
[1A/*stdin*\            : 9094 MB...     
[1A/*stdin*\            : 9095 MB...     
[1A/*stdin*\            : 9095 MB...     
[1A/*stdin*\            : 9095 MB...     
[1A/*stdin*\            : 9096 MB...     
[1A/*stdin*\            : 9096 MB...     
[1A/*stdin*\            : 9097 MB...     
[1A/*stdin*\            : 9097 MB...     
[1A/*stdin*\            : 9098 MB...     
[1A/*stdin*\            : 9099 MB...     
[1A/*stdin*\            : 9102 MB...     
[1A/*stdin*\            : 9108 MB...     
[1A/*stdin*\            : 9115 MB...     
[1A/*stdin*\            : 9124 MB...     
[1A/*stdin*\            : 9135 MB...     
[1A/*stdin*\            : 9145 MB...     
[1A/*stdin*\            : 9155 MB...     
[1A/*stdin*\            : 9164 MB...     
[1A/*stdin*\            : 9174 MB...     
[1A/*stdin*\            : 9184 MB...     
[1A/*stdin*\            : 9194 MB...     
[1A/*stdin*\            : 9205 MB...     
[1A/*stdin*\            : 9215 MB...     
[1A/*stdin*\            : 9225 MB...     
[1A/*stdin*\            : 9235 MB...     
[1A/*stdin*\            : 9243 MB...     
[1A/*stdin*\            : 9250 MB...     
[1A/*stdin*\            : 9260 MB...     
[1A/*stdin*\            : 9270 MB...     
[1A/*stdin*\            : 9280 MB...     
[1A/*stdin*\            : 9290 MB...     
[1A/*stdin*\            : 9300 MB...     
[1A/*stdin*\            : 9309 MB...     
[1A/*stdin*\            : 9317 MB...     
[1A/*stdin*\            : 9326 MB...     
[1A/*stdin*\            : 9327 MB...     
[1A/*stdin*\            : 9336 MB...     
[1A/*stdin*\            : 9345 MB...     
[1A/*stdin*\            : 9354 MB...     
[1A/*stdin*\            : 9364 MB...     
[1A/*stdin*\            : 9375 MB...     
[1A/*stdin*\            : 9384 MB...     
[1A/*stdin*\            : 9394 MB...     
[1A/*stdin*\            : 9403 MB...     
[1A/*stdin*\            : 9413 MB...     
[1A/*stdin*\            : 9421 MB...     
[1A/*stdin*\            : 9428 MB...     
[1A/*stdin*\            : 9437 MB...     
[1A/*stdin*\            : 9446 MB...     
[1A/*stdin*\            : 9456 MB...     
[1A/*stdin*\            : 9461 MB...     
[1A/*stdin*\            : 9471 MB...     
[1A/*stdin*\            : 9479 MB...     
[1A/*stdin*\            : 9489 MB...     
[1A/*stdin*\            : 9499 MB...     
[1A/*stdin*\            : 9509 MB...     
[1A/*stdin*\            : 9520 MB...     
[1A/*stdin*\            : 9530 MB...     
[1A/*stdin*\            : 9539 MB...     
[1A/*stdin*\            : 9549 MB...     
[1A/*stdin*\            : 9556 MB...     
[1A/*stdin*\            : 9563 MB...     
[1A/*stdin*\            : 9571 MB...     
[1A/*stdin*\            : 9577 MB...     
[1A/*stdin*\            : 9587 MB...     
[1A/*stdin*\            : 9597 MB...     
[1A/*stdin*\            : 9607 MB...     
[1A/*stdin*\            : 9616 MB...     
[1A/*stdin*\            : 9626 MB...     
[1A/*stdin*\            : 9632 MB...     
[1A/*stdin*\            : 9638 MB...     
[1A/*stdin*\            : 9644 MB...     
[1A/*stdin*\            : 9654 MB...     
[1A/*stdin*\            : 9660 MB...     
[1A/*stdin*\            : 9668 MB...     
[1A/*stdin*\            : 9674 MB...     
[1A/*stdin*\            : 9680 MB...     
[1A/*stdin*\            : 9687 MB...     
[1A/*stdin*\            : 9697 MB...     
[1A/*stdin*\            : 9706 MB...     
[1A/*stdin*\            : 9709 MB...     
[1A/*stdin*\            : 9714 MB...     
[1A/*stdin*\            : 9723 MB...     
[1A/*stdin*\            : 9732 MB...     
[1A/*stdin*\            : 9740 MB...     
[1A/*stdin*\            : 9749 MB...     
[1A/*stdin*\            : 9756 MB...     
[1A/*stdin*\            : 9766 MB...     
[1A/*stdin*\            : 9773 MB...     
[1A/*stdin*\            : 9782 MB...     
[1A/*stdin*\            : 9785 MB...     
[1A/*stdin*\            : 9795 MB...     
[1A/*stdin*\            : 9805 MB...     
[1A/*stdin*\            : 9815 MB...     
[1A/*stdin*\            : 9825 MB...     
[1A/*stdin*\            : 9836 MB...     
[1A/*stdin*\            : 9846 MB...     
[1A/*stdin*\            : 9857 MB...     
[1A/*stdin*\            : 9862 MB...     
[1A/*stdin*\            : 9872 MB...     
[1A/*stdin*\            : 9882 MB...     
[1A/*stdin*\            : 9889 MB...     
[1A/*stdin*\            : 9899 MB...     
[1A/*stdin*\            : 9907 MB...     
[1A/*stdin*\            : 9918 MB...     
[1A/*stdin*\            : 9929 MB...     
[1A/*stdin*\            : 9938 MB...     
[1A/*stdin*\            : 9949 MB...     
[1A/*stdin*\            : 9959 MB...     
[1A/*stdin*\            : 9969 MB...     
[1A/*stdin*\            : 9979 MB...     
[1A/*stdin*\            : 9987 MB...     
[1A/*stdin*\            : 9997 MB...     
[1A/*stdin*\            : 10006 MB...     
[1A/*stdin*\            : 10014 MB...     
[1A/*stdin*\            : 10015 MB...     
[1A/*stdin*\            : 10018 MB...     
[1A/*stdin*\            : 10026 MB...     
[1A/*stdin*\            : 10036 MB...     
[1A/*stdin*\            : 10046 MB...     
[1A/*stdin*\            : 10054 MB...     
[1A/*stdin*\            : 10062 MB...     
[1A/*stdin*\            : 10073 MB...     
[1A/*stdin*\            : 10083 MB...     
[1A/*stdin*\            : 10091 MB...     
[1A/*stdin*\            : 10100 MB...     
[1A/*stdin*\            : 10109 MB...     
[1A/*stdin*\            : 10118 MB...     
[1A/*stdin*\            : 10128 MB...     
[1A/*stdin*\            : 10138 MB...     
[1A/*stdin*\            : 10148 MB...     
[1A/*stdin*\            : 10154 MB...     
[1A/*stdin*\            : 10163 MB...     
[1A/*stdin*\            : 10167 MB...     
[1A/*stdin*\            : 10177 MB...     
[1A/*stdin*\            : 10186 MB...     
[1A/*stdin*\            : 10195 MB...     
[1A/*stdin*\            : 10202 MB...     
[1A/*stdin*\            : 10211 MB...     
[1A/*stdin*\            : 10220 MB...     
[1A/*stdin*\            : 10227 MB...     
[1A/*stdin*\            : 10236 MB...     
[1A/*stdin*\            : 10244 MB...     
[1A/*stdin*\            : 10254 MB...     
[1A/*stdin*\            : 10261 MB...     
[1A/*stdin*\            : 10270 MB...     
[1A/*stdin*\            : 10279 MB...     
[1A/*stdin*\            : 10290 MB...     
[1A/*stdin*\            : 10299 MB...     
[1A/*stdin*\            : 10307 MB...     
[1A/*stdin*\            : 10317 MB...     
[1A/*stdin*\            : 10320 MB...     
[1A/*stdin*\            : 10330 MB...     
[1A/*stdin*\            : 10339 MB...     
[1A/*stdin*\            : 10348 MB...     
[1A/*stdin*\            : 10352 MB...     
[1A/*stdin*\            : 10361 MB...     
[1A/*stdin*\            : 10370 MB...     
[1A/*stdin*\            : 10377 MB...     
[1A/*stdin*\            : 10387 MB...     
[1A/*stdin*\            : 10397 MB...     
[1A/*stdin*\            : 10397 MB...     
[1A/*stdin*\            : 10402 MB...     
[1A/*stdin*\            : 10407 MB...     
[1A/*stdin*\            : 10412 MB...     
[1A/*stdin*\            : 10416 MB...     
[1A/*stdin*\            : 10421 MB...     
[1A/*stdin*\            : 10426 MB...     
[1A/*stdin*\            : 10431 MB...     
[1A/*stdin*\            : 10436 MB...     
[1A/*stdin*\            : 10441 MB...     
[1A/*stdin*\            : 10446 MB...     
[1A/*stdin*\            : 10451 MB...     
[1A/*stdin*\            : 10456 MB...     
[1A/*stdin*\            : 10462 MB...     
[1A/*stdin*\            : 10467 MB...     
[1A/*stdin*\            : 10471 MB...     
[1A/*stdin*\            : 10473 MB...     
[1A/*stdin*\            : 10475 MB...     
[1A/*stdin*\            : 10483 MB...     
[1A/*stdin*\            : 10492 MB...     
[1A/*stdin*\            : 10502 MB...     
[1A/*stdin*\            : 10511 MB...     
[1A/*stdin*\            : 10521 MB...     
[1A/*stdin*\            : 10529 MB...     
[1A/*stdin*\            : 10537 MB...     
[1A/*stdin*\            : 10547 MB...     
[1A/*stdin*\            : 10549 MB...     
[1A/*stdin*\            : 10558 MB...     
[1A/*stdin*\            : 10566 MB...     
[1A/*stdin*\            : 10575 MB...     
[1A/*stdin*\            : 10584 MB...     
[1A/*stdin*\            : 10592 MB...     
[1A/*stdin*\            : 10601 MB...     
[1A/*stdin*\            : 10610 MB...     
[1A/*stdin*\            : 10619 MB...     
[1A/*stdin*\            : 10626 MB...     
[1A/*stdin*\            : 10635 MB...     
[1A/*stdin*\            : 10644 MB...     
[1A/*stdin*\            : 10653 MB...     
[1A/*stdin*\            : 10662 MB...     
[1A/*stdin*\            : 10671 MB...     
[1A/*stdin*\            : 10680 MB...     
[1A/*stdin*\            : 10690 MB...     
[1A/*stdin*\            : 10699 MB...     
[1A/*stdin*\            : 10702 MB...     
[1A/*stdin*\            : 10713 MB...     
[1A/*stdin*\            : 10723 MB...     
[1A/*stdin*\            : 10731 MB...     
[1A/*stdin*\            : 10740 MB...     
[1A/*stdin*\            : 10746 MB...     
[1A/*stdin*\            : 10757 MB...     
[1A/*stdin*\            : 10767 MB...     
[1A/*stdin*\            : 10778 MB...     
[1A/*stdin*\            : 10779 MB...     
[1A/*stdin*\            : 10789 MB...     
[1A/*stdin*\            : 10798 MB...     
[1A/*stdin*\            : 10807 MB...     
[1A/*stdin*\            : 10811 MB...     
[1A/*stdin*\            : 10817 MB...     
[1A/*stdin*\            : 10827 MB...     
[1A/*stdin*\            : 10837 MB...     
[1A/*stdin*\            : 10847 MB...     
[1A/*stdin*\            : 10855 MB...     
[1A/*stdin*\            : 10865 MB...     
[1A/*stdin*\            : 10875 MB...     
[1A/*stdin*\            : 10884 MB...     
[1A/*stdin*\            : 10893 MB...     
[1A/*stdin*\            : 10901 MB...     
[1A/*stdin*\            : 10912 MB...     
[1A/*stdin*\            : 10921 MB...     
[1A/*stdin*\            : 10929 MB...     
[1A/*stdin*\            : 10932 MB...     
[1A/*stdin*\            : 10941 MB...     
[1A/*stdin*\            : 10951 MB...     
[1A/*stdin*\            : 10961 MB...     
[1A/*stdin*\            : 10970 MB...     
[1A/*stdin*\            : 10980 MB...     
[1A/*stdin*\            : 10991 MB...     
[1A/*stdin*\            : 11000 MB...     
[1A/*stdin*\            : 11008 MB...     
[1A/*stdin*\            : 11018 MB...     
[1A/*stdin*\            : 11029 MB...     
[1A/*stdin*\            : 11040 MB...     
[1A/*stdin*\            : 11040 MB...     
[1A/*stdin*\            : 11050 MB...     
[1A/*stdin*\            : 11059 MB...     
[1A/*stdin*\            : 11069 MB...     
[1A/*stdin*\            : 11077 MB...     
[1A/*stdin*\            : 11085 MB...     
[1A/*stdin*\            : 11093 MB...     
[1A/*stdin*\            : 11102 MB...     
[1A/*stdin*\            : 11109 MB...     
[1A/*stdin*\            : 11118 MB...     
[1A/*stdin*\            : 11126 MB...     
[1A/*stdin*\            : 11135 MB...     
[1A/*stdin*\            : 11143 MB...     
[1A/*stdin*\            : 11151 MB...     
[1A/*stdin*\            : 11160 MB...     
[1A/*stdin*\            : 11161 MB...     
[1A/*stdin*\            : 11169 MB...     
[1A/*stdin*\            : 11176 MB...     
[1A/*stdin*\            : 11178 MB...     
[1A/*stdin*\            : 11179 MB...     
[1A/*stdin*\            : 11182 MB...     
[1A/*stdin*\            : 11185 MB...     
[1A/*stdin*\            : 11186 MB...     
[1A/*stdin*\            : 11189 MB...     
[1A/*stdin*\            : 11194 MB...     
[1A/*stdin*\            : 11199 MB...     
[1A/*stdin*\            : 11208 MB...     
[1A/*stdin*\            : 11217 MB...     
[1A/*stdin*\            : 11228 MB...     
[1A/*stdin*\            : 11238 MB...     
[1A/*stdin*\            : 11248 MB...     
[1A/*stdin*\            : 11258 MB...     
[1A/*stdin*\            : 11268 MB...     
[1A/*stdin*\            : 11278 MB...     
[1A/*stdin*\            : 11288 MB...     
[1A/*stdin*\            : 11297 MB...     
[1A/*stdin*\            : 11307 MB...     
[1A/*stdin*\            : 11314 MB...     
[1A/*stdin*\            : 11315 MB...     
[1A/*stdin*\            : 11316 MB...     
[1A/*stdin*\            : 11316 MB...     
[1A/*stdin*\            : 11317 MB...     
[1A/*stdin*\            : 11318 MB...     
[1A/*stdin*\            : 11319 MB...     
[1A/*stdin*\            : 11319 MB...     
[1A/*stdin*\            : 11320 MB...     
[1A/*stdin*\            : 11321 MB...     
[1A/*stdin*\            : 11322 MB...     
[1A/*stdin*\            : 11322 MB...     
[1A/*stdin*\            : 11323 MB...     
[1A/*stdin*\            : 11324 MB...     
[1A/*stdin*\            : 11325 MB...     
[1A/*stdin*\            : 11326 MB...     
[1A/*stdin*\            : 11327 MB...     
[1A/*stdin*\            : 11327 MB...     
[1A/*stdin*\            : 11328 MB...     
[1A/*stdin*\            : 11329 MB...     
[1A/*stdin*\            : 11330 MB...     
[1A/*stdin*\            : 11331 MB...     
[1A/*stdin*\            : 11332 MB...     
[1A/*stdin*\            : 11332 MB...     
[1A/*stdin*\            : 11333 MB...     
[1A/*stdin*\            : 11334 MB...     
[1A/*stdin*\            : 11335 MB...     
[1A/*stdin*\            : 11336 MB...     
[1A/*stdin*\            : 11337 MB...     
[1A/*stdin*\            : 11338 MB...     
[1A/*stdin*\            : 11339 MB...     
[1A/*stdin*\            : 11339 MB...     
[1A/*stdin*\            : 11340 MB...     
[1A/*stdin*\            : 11341 MB...     
[1A/*stdin*\            : 11342 MB...     
[1A/*stdin*\            : 11343 MB...     
[1A/*stdin*\            : 11344 MB...     
[1A/*stdin*\            : 11344 MB...     
[1A/*stdin*\            : 11345 MB...     
[1A/*stdin*\            : 11346 MB...     
[1A/*stdin*\            : 11346 MB...     
[1A/*stdin*\            : 11347 MB...     
[1A/*stdin*\            : 11348 MB...     
[1A/*stdin*\            : 11348 MB...     
[1A/*stdin*\            : 11349 MB...     
[1A/*stdin*\            : 11350 MB...     
[1A/*stdin*\            : 11351 MB...     
[1A/*stdin*\            : 11351 MB...     
[1A/*stdin*\            : 11352 MB...     
[1A/*stdin*\            : 11353 MB...     
[1A/*stdin*\            : 11354 MB...     
[1A/*stdin*\            : 11355 MB...     
[1A/*stdin*\            : 11356 MB...     
[1A/*stdin*\            : 11356 MB...     
[1A/*stdin*\            : 11357 MB...     
[1A/*stdin*\            : 11358 MB...     
[1A/*stdin*\            : 11359 MB...     
[1A/*stdin*\            : 11360 MB...     
[1A/*stdin*\            : 11361 MB...     
[1A/*stdin*\            : 11362 MB...     
[1A/*stdin*\            : 11362 MB...     
[1A/*stdin*\            : 11363 MB...     
[1A/*stdin*\            : 11364 MB...     
[1A/*stdin*\            : 11365 MB...     
[1A/*stdin*\            : 11366 MB...     
[1A/*stdin*\            : 11367 MB...     
[1A/*stdin*\            : 11368 MB...     
[1A/*stdin*\            : 11368 MB...     
[1A/*stdin*\            : 11369 MB...     
[1A/*stdin*\            : 11370 MB...     
[1A/*stdin*\            : 11371 MB...     
[1A/*stdin*\            : 11372 MB...     
[1A/*stdin*\            : 11373 MB...     
[1A/*stdin*\            : 11374 MB...     
[1A/*stdin*\            : 11375 MB...     
[1A/*stdin*\            : 11375 MB...     
[1A/*stdin*\            : 11376 MB...     
[1A/*stdin*\            : 11377 MB...     
[1A/*stdin*\            : 11378 MB...     
[1A/*stdin*\            : 11379 MB...     
[1A/*stdin*\            : 11380 MB...     
[1A/*stdin*\            : 11380 MB...     
[1A/*stdin*\            : 11381 MB...     
[1A/*stdin*\            : 11382 MB...     
[1A/*stdin*\            : 11382 MB...     
[1A/*stdin*\            : 11383 MB...     
[1A/*stdin*\            : 11384 MB...     
[1A/*stdin*\            : 11385 MB...     
[1A/*stdin*\            : 11386 MB...     
[1A/*stdin*\            : 11387 MB...     
[1A/*stdin*\            : 11387 MB...     
[1A/*stdin*\            : 11388 MB...     
[1A/*stdin*\            : 11389 MB...     
[1A/*stdin*\            : 11389 MB...     
[1A/*stdin*\            : 11390 MB...     
[1A/*stdin*\            : 11390 MB...     
[1A/*stdin*\            : 11399 MB...     
[1A/*stdin*\            : 11407 MB...     
[1A/*stdin*\            : 11416 MB...     
[1A/*stdin*\            : 11425 MB...     
[1A/*stdin*\            : 11432 MB...     
[1A/*stdin*\            : 11438 MB...     
[1A/*stdin*\            : 11449 MB...     
[1A/*stdin*\            : 11459 MB...     
[1A/*stdin*\            : 11467 MB...     
[1A/*stdin*\            : 11475 MB...     
[1A/*stdin*\            : 11483 MB...     
[1A/*stdin*\            : 11491 MB...     
[1A/*stdin*\            : 11499 MB...     
[1A/*stdin*\            : 11508 MB...     
[1A/*stdin*\            : 11516 MB...     
[1A/*stdin*\            : 11524 MB...     
[1A/*stdin*\            : 11533 MB...     
[1A/*stdin*\            : 11541 MB...     
[1A/*stdin*\            : 11543 MB...     
[1A/*stdin*\            : 11552 MB...     
[1A/*stdin*\            : 11558 MB...     
[1A/*stdin*\            : 11563 MB...     
[1A/*stdin*\            : 11573 MB...     
[1A/*stdin*\            : 11581 MB...     
[1A/*stdin*\            : 11589 MB...     
[1A/*stdin*\            : 11596 MB...     
[1A/*stdin*\            : 11604 MB...     
[1A/*stdin*\            : 11613 MB...     
[1A/*stdin*\            : 11623 MB...     
[1A/*stdin*\            : 11631 MB...     
[1A/*stdin*\            : 11639 MB...     
[1A/*stdin*\            : 11648 MB...     
[1A/*stdin*\            : 11658 MB...     
[1A/*stdin*\            : 11669 MB...     
[1A/*stdin*\            : 11679 MB...     
[1A/*stdin*\            : 11689 MB...     
[1A/*stdin*\            : 11698 MB...     
[1A/*stdin*\            : 11708 MB...     
[1A/*stdin*\            : 11719 MB...     
[1A/*stdin*\            : 11729 MB...     
[1A/*stdin*\            : 11740 MB...     
[1A/*stdin*\            : 11750 MB...     
[1A/*stdin*\            : 11761 MB...     
[1A/*stdin*\            : 11771 MB...     
[1A/*stdin*\            : 11772 MB...     
[1A/*stdin*\            : 11782 MB...     
[1A/*stdin*\            : 11793 MB...     
[1A/*stdin*\            : 11803 MB...     
[1A/*stdin*\            : 11806 MB...     
[1A/*stdin*\            : 11815 MB...     
[1A/*stdin*\            : 11824 MB...     
[1A/*stdin*\            : 11834 MB...     
[1A/*stdin*\            : 11845 MB...     
[1A/*stdin*\            : 11849 MB...     
[1A/*stdin*\            : 11859 MB...     
[1A/*stdin*\            : 11868 MB...     
[1A/*stdin*\            : 11877 MB...     
[1A/*stdin*\            : 11887 MB...     
[1A/*stdin*\            : 11898 MB...     
[1A/*stdin*\            : 11908 MB...     
[1A/*stdin*\            : 11918 MB...     
[1A/*stdin*\            : 11925 MB...     
[1A/*stdin*\            : 11934 MB...     
[1A/*stdin*\            : 11943 MB...     
[1A/*stdin*\            : 11952 MB...     
[1A/*stdin*\            : 11960 MB...     
[1A/*stdin*\            : 11968 MB...     
[1A/*stdin*\            : 11977 MB...     
[1A/*stdin*\            : 11987 MB...     
[1A/*stdin*\            : 11996 MB...     
[1A/*stdin*\            : 12002 MB...     
[1A/*stdin*\            : 12011 MB...     
[1A/*stdin*\            : 12020 MB...     
[1A/*stdin*\            : 12029 MB...     
[1A/*stdin*\            : 12038 MB...     
[1A/*stdin*\            : 12047 MB...     
[1A/*stdin*\            : 12057 MB...     
[1A/*stdin*\            : 12066 MB...     
[1A/*stdin*\            : 12077 MB...     
[1A/*stdin*\            : 12078 MB...     
[1A/*stdin*\            : 12080 MB...     
[1A/*stdin*\            : 12082 MB...     
[1A/*stdin*\            : 12084 MB...     
[1A/*stdin*\            : 12087 MB...     
[1A/*stdin*\            : 12089 MB...     
[1A/*stdin*\            : 12091 MB...     
[1A/*stdin*\            : 12093 MB...     
[1A/*stdin*\            : 12095 MB...     
[1A/*stdin*\            : 12097 MB...     
[1A/*stdin*\            : 12099 MB...     
[1A/*stdin*\            : 12102 MB...     
[1A/*stdin*\            : 12104 MB...     
[1A/*stdin*\            : 12106 MB...     
[1A/*stdin*\            : 12108 MB...     
[1A/*stdin*\            : 12111 MB...     
[1A/*stdin*\            : 12113 MB...     
[1A/*stdin*\            : 12115 MB...     
[1A/*stdin*\            : 12117 MB...     
[1A/*stdin*\            : 12120 MB...     
[1A/*stdin*\            : 12122 MB...     
[1A/*stdin*\            : 12124 MB...     
[1A/*stdin*\            : 12127 MB...     
[1A/*stdin*\            : 12129 MB...     
[1A/*stdin*\            : 12131 MB...     
[1A/*stdin*\            : 12133 MB...     
[1A/*stdin*\            : 12135 MB...     
[1A/*stdin*\            : 12137 MB...     
[1A/*stdin*\            : 12139 MB...     
[1A/*stdin*\            : 12141 MB...     
[1A/*stdin*\            : 12143 MB...     
[1A/*stdin*\            : 12145 MB...     
[1A/*stdin*\            : 12147 MB...     
[1A/*stdin*\            : 12149 MB...     
[1A/*stdin*\            : 12151 MB...     
[1A/*stdin*\            : 12153 MB...     
[1A/*stdin*\            : 12155 MB...     
[1A/*stdin*\            : 12157 MB...     
[1A/*stdin*\            : 12159 MB...     
[1A/*stdin*\            : 12161 MB...     
[1A/*stdin*\            : 12163 MB...     
[1A/*stdin*\            : 12166 MB...     
[1A/*stdin*\            : 12168 MB...     
[1A/*stdin*\            : 12170 MB...     
[1A/*stdin*\            : 12173 MB...     
[1A/*stdin*\            : 12175 MB...     
[1A/*stdin*\            : 12177 MB...     
[1A/*stdin*\            : 12180 MB...     
[1A/*stdin*\            : 12182 MB...     
[1A/*stdin*\            : 12185 MB...     
[1A/*stdin*\            : 12187 MB...     
[1A/*stdin*\            : 12189 MB...     
[1A/*stdin*\            : 12192 MB...     
[1A/*stdin*\            : 12194 MB...     
[1A/*stdin*\            : 12197 MB...     
[1A/*stdin*\            : 12199 MB...     
[1A/*stdin*\            : 12202 MB...     
[1A/*stdin*\            : 12204 MB...     
[1A/*stdin*\            : 12207 MB...     
[1A/*stdin*\            : 12209 MB...     
[1A/*stdin*\            : 12211 MB...     
[1A/*stdin*\            : 12214 MB...     
[1A/*stdin*\            : 12216 MB...     
[1A/*stdin*\            : 12219 MB...     
[1A/*stdin*\            : 12221 MB...     
[1A/*stdin*\            : 12224 MB...     
[1A/*stdin*\            : 12226 MB...     
[1A/*stdin*\            : 12229 MB...     
[1A/*stdin*\            : 12231 MB...     
[1A/*stdin*\            : 12241 MB...     
[1A/*stdin*\            : 12251 MB...     
[1A/*stdin*\            : 12260 MB...     
[1A/*stdin*\            : 12270 MB...     
[1A/*stdin*\            : 12278 MB...     
[1A/*stdin*\            : 12288 MB...     
[1A/*stdin*\            : 12297 MB...     
[1A/*stdin*\            : 12307 MB...     
[1A/*stdin*\            : 12307 MB...     
[1A/*stdin*\            : 12317 MB...     
[1A/*stdin*\            : 12327 MB...     
[1A/*stdin*\            : 12337 MB...     
[1A/*stdin*\            : 12346 MB...     
[1A/*stdin*\            : 12354 MB...     
[1A/*stdin*\            : 12364 MB...     
[1A/*stdin*\            : 12374 MB...     
[1A/*stdin*\            : 12384 MB...     
[1A/*stdin*\            : 12393 MB...     
[1A/*stdin*\            : 12403 MB...     
[1A/*stdin*\            : 12413 MB...     
[1A/*stdin*\            : 12423 MB...     
[1A/*stdin*\            : 12432 MB...     
[1A/*stdin*\            : 12442 MB...     
[1A/*stdin*\            : 12452 MB...     
[1A/*stdin*\            : 12460 MB...     
[1A/*stdin*\            : 12469 MB...     
[1A/*stdin*\            : 12478 MB...     
[1A/*stdin*\            : 12488 MB...     
[1A/*stdin*\            : 12498 MB...     
[1A/*stdin*\            : 12508 MB...     
[1A/*stdin*\            : 12517 MB...     
[1A/*stdin*\            : 12527 MB...     
[1A/*stdin*\            : 12536 MB...     
[1A/*stdin*\            : 12545 MB...     
[1A/*stdin*\            : 12555 MB...     
[1A/*stdin*\            : 12564 MB...     
[1A/*stdin*\            : 12574 MB...     
[1A/*stdin*\            : 12584 MB...     
[1A/*stdin*\            : 12594 MB...     
[1A/*stdin*\            : 12603 MB...     
[1A/*stdin*\            : 12613 MB...     
[1A/*stdin*\            : 12623 MB...     
[1A/*stdin*\            : 12634 MB...     
[1A/*stdin*\            : 12644 MB...     
[1A/*stdin*\            : 12654 MB...     
[1A/*stdin*\            : 12665 MB...     
[1A/*stdin*\            : 12675 MB...     
[1A/*stdin*\            : 12686 MB...     
[1A/*stdin*\            : 12689 MB...     
[1A/*stdin*\            : 12699 MB...     
[1A/*stdin*\            : 12708 MB...     
[1A/*stdin*\            : 12718 MB...     
[1A/*stdin*\            : 12726 MB...     
[1A/*stdin*\            : 12735 MB...     
[1A/*stdin*\            : 12744 MB...     
[1A/*stdin*\            : 12753 MB...     
[1A/*stdin*\            : 12762 MB...     
[1A/*stdin*\            : 12770 MB...     
[1A/*stdin*\            : 12776 MB...     
[1A/*stdin*\            : 12785 MB...     
[1A/*stdin*\            : 12794 MB...     
[1A/*stdin*\            : 12803 MB...     
[1A/*stdin*\            : 12809 MB...     
[1A/*stdin*\            : 12819 MB...     
[1A/*stdin*\            : 12829 MB...     
[1A/*stdin*\            : 12838 MB...     
[1A/*stdin*\            : 12843 MB...     
[1A/*stdin*\            : 12845 MB...     
[1A/*stdin*\            : 12845 MB...     
[1A/*stdin*\            : 12846 MB...     
[1A/*stdin*\            : 12847 MB...     
[1A/*stdin*\            : 12848 MB...     
[1A/*stdin*\            : 12850 MB...     
[1A/*stdin*\            : 12851 MB...     
[1A/*stdin*\            : 12852 MB...     
[1A/*stdin*\            : 12853 MB...     
[1A/*stdin*\            : 12854 MB...     
[1A/*stdin*\            : 12855 MB...     
[1A/*stdin*\            : 12856 MB...     
[1A/*stdin*\            : 12857 MB...     
[1A/*stdin*\            : 12858 MB...     
[1A/*stdin*\            : 12860 MB...     
[1A/*stdin*\            : 12861 MB...     
[1A/*stdin*\            : 12862 MB...     
[1A/*stdin*\            : 12863 MB...     
[1A/*stdin*\            : 12864 MB...     
[1A/*stdin*\            : 12866 MB...     
[1A/*stdin*\            : 12867 MB...     
[1A/*stdin*\            : 12868 MB...     
[1A/*stdin*\            : 12869 MB...     
[1A/*stdin*\            : 12871 MB...     
[1A/*stdin*\            : 12872 MB...     
[1A/*stdin*\            : 12873 MB...     
[1A/*stdin*\            : 12874 MB...     
[1A/*stdin*\            : 12875 MB...     
[1A/*stdin*\            : 12877 MB...     
[1A/*stdin*\            : 12877 MB...     
[1A/*stdin*\            : 12878 MB...     
[1A/*stdin*\            : 12879 MB...     
[1A/*stdin*\            : 12880 MB...     
[1A/*stdin*\            : 12881 MB...     
[1A/*stdin*\            : 12882 MB...     
[1A/*stdin*\            : 12883 MB...     
[1A/*stdin*\            : 12884 MB...     
[1A/*stdin*\            : 12885 MB...     
[1A/*stdin*\            : 12886 MB...     
[1A/*stdin*\            : 12887 MB...     
[1A/*stdin*\            : 12887 MB...     
[1A/*stdin*\            : 12888 MB...     
[1A/*stdin*\            : 12889 MB...     
[1A/*stdin*\            : 12890 MB...     
[1A/*stdin*\            : 12891 MB...     
[1A/*stdin*\            : 12891 MB...     
[1A/*stdin*\            : 12892 MB...     
[1A/*stdin*\            : 12893 MB...     
[1A/*stdin*\            : 12893 MB...     
[1A/*stdin*\            : 12894 MB...     
[1A/*stdin*\            : 12894 MB...     
[1A/*stdin*\            : 12895 MB...     
[1A/*stdin*\            : 12895 MB...     
[1A/*stdin*\            : 12896 MB...     
[1A/*stdin*\            : 12896 MB...     
[1A/*stdin*\            : 12897 MB...     
[1A/*stdin*\            : 12897 MB...     
[1A/*stdin*\            : 12897 MB...     
[1A/*stdin*\            : 12898 MB...     
[1A/*stdin*\            : 12898 MB...     
[1A/*stdin*\            : 12899 MB...     
[1A/*stdin*\            : 12899 MB...     
[1A/*stdin*\            : 12900 MB...     
[1A/*stdin*\            : 12900 MB...     
[1A/*stdin*\            : 12900 MB...     
[1A/*stdin*\            : 12901 MB...     
[1A/*stdin*\            : 12902 MB...     
[1A/*stdin*\            : 12902 MB...     
[1A/*stdin*\            : 12903 MB...     
[1A/*stdin*\            : 12903 MB...     
[1A/*stdin*\            : 12904 MB...     
[1A/*stdin*\            : 12904 MB...     
[1A/*stdin*\            : 12905 MB...     
[1A/*stdin*\            : 12905 MB...     
[1A/*stdin*\            : 12906 MB...     
[1A/*stdin*\            : 12906 MB...     
[1A/*stdin*\            : 12907 MB...     
[1A/*stdin*\            : 12907 MB...     
[1A/*stdin*\            : 12907 MB...     
[1A/*stdin*\            : 12908 MB...     
[1A/*stdin*\            : 12908 MB...     
[1A/*stdin*\            : 12909 MB...     
[1A/*stdin*\            : 12909 MB...     
[1A/*stdin*\            : 12910 MB...     
[1A/*stdin*\            : 12910 MB...     
[1A/*stdin*\            : 12911 MB...     
[1A/*stdin*\            : 12912 MB...     
[1A/*stdin*\            : 12912 MB...     
[1A/*stdin*\            : 12912 MB...     
[1A/*stdin*\            : 12913 MB...     
[1A/*stdin*\            : 12914 MB...     
[1A/*stdin*\            : 12914 MB...     
[1A/*stdin*\            : 12915 MB...     
[1A/*stdin*\            : 12915 MB...     
[1A/*stdin*\            : 12916 MB...     
[1A/*stdin*\            : 12917 MB...     
[1A/*stdin*\            : 12917 MB...     
[1A/*stdin*\            : 12918 MB...     
[1A/*stdin*\            : 12918 MB...     
[1A/*stdin*\            : 12918 MB...     
[1A/*stdin*\            : 12919 MB...     
[1A/*stdin*\            : 12919 MB...     
[1A/*stdin*\            : 12919 MB...     
[1A/*stdin*\            : 12920 MB...     
[1A/*stdin*\            : 12920 MB...     
[1A/*stdin*\            : 12921 MB...     
[1A/*stdin*\            : 12921 MB...     
[1A/*stdin*\            : 12922 MB...     
[1A/*stdin*\            : 12922 MB...     
[1A/*stdin*\            : 12923 MB...     
[1A/*stdin*\            : 12923 MB...     
[1A/*stdin*\            : 12924 MB...     
[1A/*stdin*\            : 12925 MB...     
[1A/*stdin*\            : 12925 MB...     
[1A/*stdin*\            : 12925 MB...     
[1A/*stdin*\            : 12926 MB...     
[1A/*stdin*\            : 12926 MB...     
[1A/*stdin*\            : 12927 MB...     
[1A/*stdin*\            : 12927 MB...     
[1A/*stdin*\            : 12927 MB...     
[1A/*stdin*\            : 12928 MB...     
[1A/*stdin*\            : 12928 MB...     
[1A/*stdin*\            : 12928 MB...     
[1A/*stdin*\            : 12929 MB...     
[1A/*stdin*\            : 12929 MB...     
[1A/*stdin*\            : 12929 MB...     
[1A/*stdin*\            : 12930 MB...     
[1A/*stdin*\            : 12930 MB...     
[1A/*stdin*\            : 12931 MB...     
[1A/*stdin*\            : 12931 MB...     
[1A/*stdin*\            : 12931 MB...     
[1A/*stdin*\            : 12932 MB...     
[1A/*stdin*\            : 12932 MB...     
[1A/*stdin*\            : 12933 MB...     
[1A/*stdin*\            : 12933 MB...     
[1A/*stdin*\            : 12933 MB...     
[1A/*stdin*\            : 12934 MB...     
[1A/*stdin*\            : 12934 MB...     
[1A/*stdin*\            : 12934 MB...     
[1A/*stdin*\            : 12935 MB...     
[1A/*stdin*\            : 12935 MB...     
[1A/*stdin*\            : 12935 MB...     
[1A/*stdin*\            : 12936 MB...     
[1A/*stdin*\            : 12937 MB...     
[1A/*stdin*\            : 12937 MB...     
[1A/*stdin*\            : 12937 MB...     
[1A/*stdin*\            : 12938 MB...     
[1A/*stdin*\            : 12938 MB...     
[1A/*stdin*\            : 12939 MB...     
[1A/*stdin*\            : 12939 MB...     
[1A/*stdin*\            : 12940 MB...     
[1A/*stdin*\            : 12940 MB...     
[1A/*stdin*\            : 12940 MB...     
[1A/*stdin*\            : 12941 MB...     
[1A/*stdin*\            : 12941 MB...     
[1A/*stdin*\            : 12942 MB...     
[1A/*stdin*\            : 12942 MB...     
[1A/*stdin*\            : 12943 MB...     
[1A/*stdin*\            : 12943 MB...     
[1A/*stdin*\            : 12944 MB...     
[1A/*stdin*\            : 12944 MB...     
[1A/*stdin*\            : 12945 MB...     
[1A/*stdin*\            : 12945 MB...     
[1A/*stdin*\            : 12946 MB...     
[1A/*stdin*\            : 12946 MB...     
[1A/*stdin*\            : 12947 MB...     
[1A/*stdin*\            : 12947 MB...     
[1A/*stdin*\            : 12948 MB...     
[1A/*stdin*\            : 12948 MB...     
[1A/*stdin*\            : 12949 MB...     
[1A/*stdin*\            : 12949 MB...     
[1A/*stdin*\            : 12950 MB...     
[1A/*stdin*\            : 12951 MB...     
[1A/*stdin*\            : 12951 MB...     
[1A/*stdin*\            : 12952 MB...     
[1A/*stdin*\            : 12952 MB...     
[1A/*stdin*\            : 12953 MB...     
[1A/*stdin*\            : 12954 MB...     
[1A/*stdin*\            : 12954 MB...     
[1A/*stdin*\            : 12955 MB...     
[1A/*stdin*\            : 12956 MB...     
[1A/*stdin*\            : 12956 MB...     
[1A/*stdin*\            : 12957 MB...     
[1A/*stdin*\            : 12958 MB...     
[1A/*stdin*\            : 12959 MB...     
[1A/*stdin*\            : 12960 MB...     
[1A/*stdin*\            : 12961 MB...     
[1A/*stdin*\            : 12962 MB...     
[1A/*stdin*\            : 12962 MB...     
[1A/*stdin*\            : 12964 MB...     
[1A/*stdin*\            : 12965 MB...     
[1A/*stdin*\            : 12966 MB...     
[1A/*stdin*\            : 12967 MB...     
[1A/*stdin*\            : 12969 MB...     
[1A/*stdin*\            : 12970 MB...     
[1A/*stdin*\            : 12972 MB...     
[1A/*stdin*\            : 12973 MB...     
[1A/*stdin*\            : 12975 MB...     
[1A/*stdin*\            : 12976 MB...     
[1A/*stdin*\            : 12978 MB...     
[1A/*stdin*\            : 12980 MB...     
[1A/*stdin*\            : 12982 MB...     
[1A/*stdin*\            : 12984 MB...     
[1A/*stdin*\            : 12986 MB...     
[1A/*stdin*\            : 12989 MB...     
[1A/*stdin*\            : 12991 MB...     
[1A/*stdin*\            : 12994 MB...     
[1A/*stdin*\            : 12995 MB...     
[1A/*stdin*\            : 13000 MB...     
[1A/*stdin*\            : 13009 MB...     
[1A/*stdin*\            : 13019 MB...     
[1A/*stdin*\            : 13030 MB...     
[1A/*stdin*\            : 13040 MB...     
[1A/*stdin*\            : 13051 MB...     
[1A/*stdin*\            : 13061 MB...     
[1A/*stdin*\            : 13072 MB...     
[1A/*stdin*\            : 13077 MB...     
[1A/*stdin*\            : 13082 MB...     
[1A/*stdin*\            : 13087 MB...     
[1A/*stdin*\            : 13092 MB...     
[1A/*stdin*\            : 13098 MB...     
[1A/*stdin*\            : 13103 MB...     
[1A/*stdin*\            : 13108 MB...     
[1A/*stdin*\            : 13112 MB...     
[1A/*stdin*\            : 13116 MB...     
[1A/*stdin*\            : 13120 MB...     
[1A/*stdin*\            : 13124 MB...     
[1A/*stdin*\            : 13128 MB...     
[1A/*stdin*\            : 13132 MB...     
[1A/*stdin*\            : 13136 MB...     
[1A/*stdin*\            : 13140 MB...     
[1A/*stdin*\            : 13144 MB...     
[1A/*stdin*\            : 13148 MB...     
[1A/*stdin*\            : 13158 MB...     
[1A/*stdin*\            : 13169 MB...     
[1A/*stdin*\            : 13179 MB...     
[1A/*stdin*\            : 13190 MB...     
[1A/*stdin*\            : 13200 MB...     
[1A/*stdin*\            : 13210 MB...     
[1A/*stdin*\            : 13220 MB...     
[1A/*stdin*\            : 13224 MB...     
[1A/*stdin*\            : 13232 MB...     
[1A/*stdin*\            : 13240 MB...     
[1A/*stdin*\            : 13250 MB...     
[1A/*stdin*\            : 13259 MB...     
[1A/*stdin*\            : 13269 MB...     
[1A/*stdin*\            : 13279 MB...     
[1A/*stdin*\            : 13289 MB...     
[1A/*stdin*\            : 13299 MB...     
[1A/*stdin*\            : 13301 MB...     
[1A/*stdin*\            : 13310 MB...     
[1A/*stdin*\            : 13319 MB...     
[1A/*stdin*\            : 13329 MB...     
[1A/*stdin*\            : 13340 MB...     
[1A/*stdin*\            : 13347 MB...     
[1A/*stdin*\            : 13356 MB...     
[1A/*stdin*\            : 13366 MB...     
[1A/*stdin*\            : 13376 MB...     
[1A/*stdin*\            : 13377 MB...     
[1A/*stdin*\            : 13387 MB...     
[1A/*stdin*\            : 13396 MB...     
[1A/*stdin*\            : 13405 MB...     
[1A/*stdin*\            : 13413 MB...     
[1A/*stdin*\            : 13422 MB...     
[1A/*stdin*\            : 13431 MB...     
[1A/*stdin*\            : 13440 MB...     
[1A/*stdin*\            : 13446 MB...     
[1A/*stdin*\            : 13454 MB...     
[1A/*stdin*\            : 13464 MB...     
[1A/*stdin*\            : 13474 MB...     
[1A/*stdin*\            : 13483 MB...     
[1A/*stdin*\            : 13494 MB...     
[1A/*stdin*\            : 13504 MB...     
[1A/*stdin*\            : 13514 MB...     
[1A/*stdin*\            : 13524 MB...     
[1A/*stdin*\            : 13530 MB...     
[1A/*stdin*\            : 13540 MB...     
[1A/*stdin*\            : 13550 MB...     
[1A/*stdin*\            : 13561 MB...     
[1A/*stdin*\            : 13568 MB...     
[1A/*stdin*\            : 13577 MB...     
[1A/*stdin*\            : 13586 MB...     
[1A/*stdin*\            : 13596 MB...     
[1A/*stdin*\            : 13605 MB...     
[1A/*stdin*\            : 13606 MB...     
[1A/*stdin*\            : 13617 MB...     
[1A/*stdin*\            : 13627 MB...     
[1A/*stdin*\            : 13637 MB...     
[1A/*stdin*\            : 13648 MB...     
[1A/*stdin*\            : 13658 MB...     
[1A/*stdin*\            : 13668 MB...     
[1A/*stdin*\            : 13678 MB...     
[1A/*stdin*\            : 13683 MB...     
[1A/*stdin*\            : 13692 MB...     
[1A/*stdin*\            : 13701 MB...     
[1A/*stdin*\            : 13711 MB...     
[1A/*stdin*\            : 13719 MB...     
[1A/*stdin*\            : 13729 MB...     
[1A/*stdin*\            : 13738 MB...     
[1A/*stdin*\            : 13746 MB...     
[1A/*stdin*\            : 13754 MB...     
[1A/*stdin*\            : 13758 MB...     
[1A/*stdin*\            : 13760 MB...     
[1A/*stdin*\            : 13766 MB...     
[1A/*stdin*\            : 13776 MB...     
[1A/*stdin*\            : 13785 MB...     
[1A/*stdin*\            : 13794 MB...     
[1A/*stdin*\            : 13802 MB...     
[1A/*stdin*\            : 13811 MB...     
[1A/*stdin*\            : 13821 MB...     
[1A/*stdin*\            : 13830 MB...     
[1A/*stdin*\            : 13836 MB...     
[1A/*stdin*\            : 13844 MB...     
[1A/*stdin*\            : 13853 MB...     
[1A/*stdin*\            : 13861 MB...     
[1A/*stdin*\            : 13868 MB...     
[1A/*stdin*\            : 13877 MB...     
[1A/*stdin*\            : 13886 MB...     
[1A/*stdin*\            : 13894 MB...     
[1A/*stdin*\            : 13903 MB...     
[1A/*stdin*\            : 13912 MB...     
[1A/*stdin*\            : 13921 MB...     
[1A/*stdin*\            : 13930 MB...     
[1A/*stdin*\            : 13939 MB...     
[1A/*stdin*\            : 13947 MB...     
[1A/*stdin*\            : 13957 MB...     
[1A/*stdin*\            : 13965 MB...     
[1A/*stdin*\            : 13974 MB...     
[1A/*stdin*\            : 13982 MB...     
[1A/*stdin*\            : 13988 MB...     
[1A/*stdin*\            : 13999 MB...     
[1A/*stdin*\            : 14010 MB...     
[1A/*stdin*\            : 14020 MB...                                                                                    
[1A/*stdin*\           : 14707115140 bytes 
done test80-2024-04-apr-2tb7p.min-v2.v6.binpack: 14.7 GB in 426 s
fetch test80-2024-05-may-2tb7p.min-v2.v6.binpack ...

[1A/*stdin*\            : 0 MB...     
[1A/*stdin*\            : 0 MB...     
[1A/*stdin*\            : 8 MB...     
[1A/*stdin*\            : 19 MB...     
[1A/*stdin*\            : 30 MB...     
[1A/*stdin*\            : 41 MB...     
[1A/*stdin*\            : 51 MB...     
[1A/*stdin*\            : 60 MB...     
[1A/*stdin*\            : 63 MB...     
[1A/*stdin*\            : 73 MB...     
[1A/*stdin*\            : 75 MB...     
[1A/*stdin*\            : 85 MB...     
[1A/*stdin*\            : 95 MB...     
[1A/*stdin*\            : 104 MB...     
[1A/*stdin*\            : 114 MB...     
[1A/*stdin*\            : 123 MB...     
[1A/*stdin*\            : 133 MB...     
[1A/*stdin*\            : 142 MB...     
[1A/*stdin*\            : 152 MB...     
[1A/*stdin*\            : 159 MB...     
[1A/*stdin*\            : 168 MB...     
[1A/*stdin*\            : 177 MB...     
[1A/*stdin*\            : 187 MB...     
[1A/*stdin*\            : 198 MB...     
[1A/*stdin*\            : 208 MB...     
[1A/*stdin*\            : 218 MB...     
[1A/*stdin*\            : 227 MB...     
[1A/*stdin*\            : 228 MB...     
[1A/*stdin*\            : 238 MB...     
[1A/*stdin*\            : 247 MB...     
[1A/*stdin*\            : 257 MB...     
[1A/*stdin*\            : 266 MB...     
[1A/*stdin*\            : 276 MB...     
[1A/*stdin*\            : 285 MB...     
[1A/*stdin*\            : 291 MB...     
[1A/*stdin*\            : 300 MB...     
[1A/*stdin*\            : 304 MB...     
[1A/*stdin*\            : 314 MB...     
[1A/*stdin*\            : 324 MB...     
[1A/*stdin*\            : 333 MB...     
[1A/*stdin*\            : 337 MB...     
[1A/*stdin*\            : 346 MB...     
[1A/*stdin*\            : 355 MB...     
[1A/*stdin*\            : 365 MB...     
[1A/*stdin*\            : 370 MB...     
[1A/*stdin*\            : 379 MB...     
[1A/*stdin*\            : 381 MB...     
[1A/*stdin*\            : 382 MB...     
[1A/*stdin*\            : 389 MB...     
[1A/*stdin*\            : 397 MB...     
[1A/*stdin*\            : 406 MB...     
[1A/*stdin*\            : 414 MB...     
[1A/*stdin*\            : 423 MB...     
[1A/*stdin*\            : 432 MB...     
[1A/*stdin*\            : 441 MB...     
[1A/*stdin*\            : 449 MB...     
[1A/*stdin*\            : 457 MB...     
[1A/*stdin*\            : 467 MB...     
[1A/*stdin*\            : 477 MB...     
[1A/*stdin*\            : 487 MB...     
[1A/*stdin*\            : 496 MB...     
[1A/*stdin*\            : 506 MB...     
[1A/*stdin*\            : 516 MB...     
[1A/*stdin*\            : 525 MB...     
[1A/*stdin*\            : 534 MB...     
[1A/*stdin*\            : 543 MB...     
[1A/*stdin*\            : 551 MB...     
[1A/*stdin*\            : 560 MB...     
[1A/*stdin*\            : 570 MB...     
[1A/*stdin*\            : 579 MB...     
[1A/*stdin*\            : 587 MB...     
[1A/*stdin*\            : 594 MB...     
[1A/*stdin*\            : 603 MB...     
[1A/*stdin*\            : 610 MB...     
[1A/*stdin*\            : 620 MB...     
[1A/*stdin*\            : 630 MB...     
[1A/*stdin*\            : 639 MB...     
[1A/*stdin*\            : 641 MB...     
[1A/*stdin*\            : 651 MB...     
[1A/*stdin*\            : 661 MB...     
[1A/*stdin*\            : 670 MB...     
[1A/*stdin*\            : 680 MB...     
[1A/*stdin*\            : 687 MB...     
[1A/*stdin*\            : 696 MB...     
[1A/*stdin*\            : 706 MB...     
[1A/*stdin*\            : 715 MB...     
[1A/*stdin*\            : 725 MB...     
[1A/*stdin*\            : 734 MB...     
[1A/*stdin*\            : 744 MB...     
[1A/*stdin*\            : 754 MB...     
[1A/*stdin*\            : 763 MB...     
[1A/*stdin*\            : 763 MB...     
[1A/*stdin*\            : 773 MB...     
[1A/*stdin*\            : 782 MB...     
[1A/*stdin*\            : 792 MB...     
[1A/*stdin*\            : 802 MB...     
[1A/*stdin*\            : 811 MB...     
[1A/*stdin*\            : 819 MB...     
[1A/*stdin*\            : 827 MB...     
[1A/*stdin*\            : 837 MB...     
[1A/*stdin*\            : 840 MB...     
[1A/*stdin*\            : 848 MB...     
[1A/*stdin*\            : 857 MB...     
[1A/*stdin*\            : 866 MB...     
[1A/*stdin*\            : 875 MB...     
[1A/*stdin*\            : 878 MB...     
[1A/*stdin*\            : 887 MB...     
[1A/*stdin*\            : 897 MB...     
[1A/*stdin*\            : 906 MB...     
[1A/*stdin*\            : 916 MB...     
[1A/*stdin*\            : 922 MB...     
[1A/*stdin*\            : 930 MB...     
[1A/*stdin*\            : 939 MB...     
[1A/*stdin*\            : 948 MB...     
[1A/*stdin*\            : 957 MB...     
[1A/*stdin*\            : 966 MB...     
[1A/*stdin*\            : 974 MB...     
[1A/*stdin*\            : 983 MB...     
[1A/*stdin*\            : 993 MB...     
[1A/*stdin*\            : 1001 MB...     
[1A/*stdin*\            : 1010 MB...     
[1A/*stdin*\            : 1019 MB...     
[1A/*stdin*\            : 1028 MB...     
[1A/*stdin*\            : 1037 MB...     
[1A/*stdin*\            : 1047 MB...     
[1A/*stdin*\            : 1056 MB...     
[1A/*stdin*\            : 1065 MB...     
[1A/*stdin*\            : 1074 MB...     
[1A/*stdin*\            : 1084 MB...     
[1A/*stdin*\            : 1093 MB...     
[1A/*stdin*\            : 1101 MB...     
[1A/*stdin*\            : 1111 MB...     
[1A/*stdin*\            : 1121 MB...     
[1A/*stdin*\            : 1131 MB...     
[1A/*stdin*\            : 1136 MB...     
[1A/*stdin*\            : 1145 MB...     
[1A/*stdin*\            : 1155 MB...     
[1A/*stdin*\            : 1164 MB...     
[1A/*stdin*\            : 1174 MB...     
[1A/*stdin*\            : 1181 MB...     
[1A/*stdin*\            : 1191 MB...     
[1A/*stdin*\            : 1200 MB...     
[1A/*stdin*\            : 1208 MB...     
[1A/*stdin*\            : 1217 MB...     
[1A/*stdin*\            : 1222 MB...     
[1A/*stdin*\            : 1224 MB...     
[1A/*stdin*\            : 1226 MB...     
[1A/*stdin*\            : 1228 MB...     
[1A/*stdin*\            : 1231 MB...     
[1A/*stdin*\            : 1233 MB...     
[1A/*stdin*\            : 1235 MB...     
[1A/*stdin*\            : 1238 MB...     
[1A/*stdin*\            : 1240 MB...     
[1A/*stdin*\            : 1243 MB...     
[1A/*stdin*\            : 1245 MB...     
[1A/*stdin*\            : 1248 MB...     
[1A/*stdin*\            : 1250 MB...     
[1A/*stdin*\            : 1253 MB...     
[1A/*stdin*\            : 1255 MB...     
[1A/*stdin*\            : 1258 MB...     
[1A/*stdin*\            : 1260 MB...     
[1A/*stdin*\            : 1263 MB...     
[1A/*stdin*\            : 1265 MB...     
[1A/*stdin*\            : 1268 MB...     
[1A/*stdin*\            : 1270 MB...     
[1A/*stdin*\            : 1272 MB...     
[1A/*stdin*\            : 1274 MB...     
[1A/*stdin*\            : 1276 MB...     
[1A/*stdin*\            : 1278 MB...     
[1A/*stdin*\            : 1280 MB...     
[1A/*stdin*\            : 1282 MB...     
[1A/*stdin*\            : 1283 MB...     
[1A/*stdin*\            : 1284 MB...     
[1A/*stdin*\            : 1286 MB...     
[1A/*stdin*\            : 1287 MB...     
[1A/*stdin*\            : 1289 MB...     
[1A/*stdin*\            : 1290 MB...     
[1A/*stdin*\            : 1292 MB...     
[1A/*stdin*\            : 1293 MB...     
[1A/*stdin*\            : 1295 MB...     
[1A/*stdin*\            : 1296 MB...     
[1A/*stdin*\            : 1298 MB...     
[1A/*stdin*\            : 1298 MB...     
[1A/*stdin*\            : 1308 MB...     
[1A/*stdin*\            : 1318 MB...     
[1A/*stdin*\            : 1328 MB...     
[1A/*stdin*\            : 1338 MB...     
[1A/*stdin*\            : 1347 MB...     
[1A/*stdin*\            : 1357 MB...     
[1A/*stdin*\            : 1367 MB...     
[1A/*stdin*\            : 1375 MB...     
[1A/*stdin*\            : 1381 MB...     
[1A/*stdin*\            : 1387 MB...     
[1A/*stdin*\            : 1396 MB...     
[1A/*stdin*\            : 1405 MB...     
[1A/*stdin*\            : 1414 MB...     
[1A/*stdin*\            : 1424 MB...     
[1A/*stdin*\            : 1434 MB...     
[1A/*stdin*\            : 1445 MB...     
[1A/*stdin*\            : 1451 MB...     
[1A/*stdin*\            : 1461 MB...     
[1A/*stdin*\            : 1471 MB...     
[1A/*stdin*\            : 1481 MB...     
[1A/*stdin*\            : 1491 MB...     
[1A/*stdin*\            : 1501 MB...     
[1A/*stdin*\            : 1511 MB...     
[1A/*stdin*\            : 1520 MB...     
[1A/*stdin*\            : 1527 MB...     
[1A/*stdin*\            : 1528 MB...     
[1A/*stdin*\            : 1536 MB...     
[1A/*stdin*\            : 1546 MB...     
[1A/*stdin*\            : 1555 MB...     
[1A/*stdin*\            : 1565 MB...     
[1A/*stdin*\            : 1574 MB...     
[1A/*stdin*\            : 1584 MB...     
[1A/*stdin*\            : 1594 MB...     
[1A/*stdin*\            : 1604 MB...     
[1A/*stdin*\            : 1604 MB...     
[1A/*stdin*\            : 1614 MB...     
[1A/*stdin*\            : 1624 MB...     
[1A/*stdin*\            : 1633 MB...     
[1A/*stdin*\            : 1642 MB...     
[1A/*stdin*\            : 1652 MB...     
[1A/*stdin*\            : 1662 MB...     
[1A/*stdin*\            : 1671 MB...     
[1A/*stdin*\            : 1681 MB...     
[1A/*stdin*\            : 1681 MB...     
[1A/*stdin*\            : 1688 MB...     
[1A/*stdin*\            : 1698 MB...     
[1A/*stdin*\            : 1707 MB...     
[1A/*stdin*\            : 1716 MB...     
[1A/*stdin*\            : 1726 MB...     
[1A/*stdin*\            : 1735 MB...     
[1A/*stdin*\            : 1740 MB...     
[1A/*stdin*\            : 1750 MB...     
[1A/*stdin*\            : 1757 MB...     
[1A/*stdin*\            : 1767 MB...     
[1A/*stdin*\            : 1774 MB...     
[1A/*stdin*\            : 1783 MB...     
[1A/*stdin*\            : 1791 MB...     
[1A/*stdin*\            : 1799 MB...     
[1A/*stdin*\            : 1806 MB...     
[1A/*stdin*\            : 1815 MB...     
[1A/*stdin*\            : 1823 MB...     
[1A/*stdin*\            : 1831 MB...     
[1A/*stdin*\            : 1834 MB...     
[1A/*stdin*\            : 1838 MB...     
[1A/*stdin*\            : 1846 MB...     
[1A/*stdin*\            : 1854 MB...     
[1A/*stdin*\            : 1863 MB...     
[1A/*stdin*\            : 1871 MB...     
[1A/*stdin*\            : 1880 MB...     
[1A/*stdin*\            : 1889 MB...     
[1A/*stdin*\            : 1898 MB...     
[1A/*stdin*\            : 1907 MB...     
[1A/*stdin*\            : 1910 MB...     
[1A/*stdin*\            : 1918 MB...     
[1A/*stdin*\            : 1925 MB...     
[1A/*stdin*\            : 1933 MB...     
[1A/*stdin*\            : 1941 MB...     
[1A/*stdin*\            : 1949 MB...     
[1A/*stdin*\            : 1957 MB...     
[1A/*stdin*\            : 1964 MB...     
[1A/*stdin*\            : 1972 MB...     
[1A/*stdin*\            : 1981 MB...     
[1A/*stdin*\            : 1987 MB...     
[1A/*stdin*\            : 1987 MB...     
[1A/*stdin*\            : 1988 MB...     
[1A/*stdin*\            : 1995 MB...     
[1A/*stdin*\            : 2004 MB...     
[1A/*stdin*\            : 2015 MB...     
[1A/*stdin*\            : 2021 MB...     
[1A/*stdin*\            : 2028 MB...     
[1A/*stdin*\            : 2037 MB...     
[1A/*stdin*\            : 2046 MB...     
[1A/*stdin*\            : 2055 MB...     
[1A/*stdin*\            : 2063 MB...     
[1A/*stdin*\            : 2072 MB...     
[1A/*stdin*\            : 2082 MB...     
[1A/*stdin*\            : 2092 MB...     
[1A/*stdin*\            : 2100 MB...     
[1A/*stdin*\            : 2110 MB...     
[1A/*stdin*\            : 2120 MB...     
[1A/*stdin*\            : 2130 MB...     
[1A/*stdin*\            : 2139 MB...     
[1A/*stdin*\            : 2148 MB...     
[1A/*stdin*\            : 2154 MB...     
[1A/*stdin*\            : 2161 MB...     
[1A/*stdin*\            : 2166 MB...     
[1A/*stdin*\            : 2170 MB...     
[1A/*stdin*\            : 2174 MB...     
[1A/*stdin*\            : 2178 MB...     
[1A/*stdin*\            : 2181 MB...     
[1A/*stdin*\            : 2185 MB...     
[1A/*stdin*\            : 2188 MB...     
[1A/*stdin*\            : 2192 MB...     
[1A/*stdin*\            : 2195 MB...     
[1A/*stdin*\            : 2198 MB...     
[1A/*stdin*\            : 2202 MB...     
[1A/*stdin*\            : 2205 MB...     
[1A/*stdin*\            : 2209 MB...     
[1A/*stdin*\            : 2213 MB...     
[1A/*stdin*\            : 2216 MB...     
[1A/*stdin*\            : 2225 MB...     
[1A/*stdin*\            : 2233 MB...     
[1A/*stdin*\            : 2242 MB...     
[1A/*stdin*\            : 2250 MB...     
[1A/*stdin*\            : 2259 MB...     
[1A/*stdin*\            : 2267 MB...     
[1A/*stdin*\            : 2276 MB...     
[1A/*stdin*\            : 2284 MB...     
[1A/*stdin*\            : 2292 MB...     
[1A/*stdin*\            : 2301 MB...     
[1A/*stdin*\            : 2308 MB...     
[1A/*stdin*\            : 2317 MB...     
[1A/*stdin*\            : 2324 MB...     
[1A/*stdin*\            : 2332 MB...     
[1A/*stdin*\            : 2340 MB...     
[1A/*stdin*\            : 2349 MB...     
[1A/*stdin*\            : 2357 MB...     
[1A/*stdin*\            : 2365 MB...     
[1A/*stdin*\            : 2369 MB...     
[1A/*stdin*\            : 2378 MB...     
[1A/*stdin*\            : 2387 MB...     
[1A/*stdin*\            : 2398 MB...     
[1A/*stdin*\            : 2407 MB...     
[1A/*stdin*\            : 2417 MB...     
[1A/*stdin*\            : 2425 MB...     
[1A/*stdin*\            : 2434 MB...     
[1A/*stdin*\            : 2443 MB...     
[1A/*stdin*\            : 2445 MB...     
[1A/*stdin*\            : 2455 MB...     
[1A/*stdin*\            : 2465 MB...     
[1A/*stdin*\            : 2475 MB...     
[1A/*stdin*\            : 2485 MB...     
[1A/*stdin*\            : 2495 MB...     
[1A/*stdin*\            : 2505 MB...     
[1A/*stdin*\            : 2516 MB...     
[1A/*stdin*\            : 2522 MB...     
[1A/*stdin*\            : 2529 MB...     
[1A/*stdin*\            : 2538 MB...     
[1A/*stdin*\            : 2547 MB...     
[1A/*stdin*\            : 2555 MB...     
[1A/*stdin*\            : 2564 MB...     
[1A/*stdin*\            : 2574 MB...     
[1A/*stdin*\            : 2584 MB...     
[1A/*stdin*\            : 2588 MB...     
[1A/*stdin*\            : 2597 MB...     
[1A/*stdin*\            : 2598 MB...     
[1A/*stdin*\            : 2608 MB...     
[1A/*stdin*\            : 2617 MB...     
[1A/*stdin*\            : 2623 MB...     
[1A/*stdin*\            : 2626 MB...     
[1A/*stdin*\            : 2633 MB...     
[1A/*stdin*\            : 2643 MB...     
[1A/*stdin*\            : 2652 MB...     
[1A/*stdin*\            : 2662 MB...     
[1A/*stdin*\            : 2672 MB...     
[1A/*stdin*\            : 2679 MB...     
[1A/*stdin*\            : 2686 MB...     
[1A/*stdin*\            : 2694 MB...     
[1A/*stdin*\            : 2702 MB...     
[1A/*stdin*\            : 2711 MB...     
[1A/*stdin*\            : 2719 MB...     
[1A/*stdin*\            : 2727 MB...     
[1A/*stdin*\            : 2736 MB...     
[1A/*stdin*\            : 2745 MB...     
[1A/*stdin*\            : 2751 MB...     
[1A/*stdin*\            : 2760 MB...     
[1A/*stdin*\            : 2769 MB...     
[1A/*stdin*\            : 2779 MB...     
[1A/*stdin*\            : 2788 MB...     
[1A/*stdin*\            : 2797 MB...     
[1A/*stdin*\            : 2805 MB...     
[1A/*stdin*\            : 2814 MB...     
[1A/*stdin*\            : 2815 MB...     
[1A/*stdin*\            : 2824 MB...     
[1A/*stdin*\            : 2828 MB...     
[1A/*stdin*\            : 2835 MB...     
[1A/*stdin*\            : 2841 MB...     
[1A/*stdin*\            : 2845 MB...     
[1A/*stdin*\            : 2853 MB...     
[1A/*stdin*\            : 2863 MB...     
[1A/*stdin*\            : 2873 MB...     
[1A/*stdin*\            : 2881 MB...     
[1A/*stdin*\            : 2889 MB...     
[1A/*stdin*\            : 2896 MB...     
[1A/*stdin*\            : 2904 MB...     
[1A/*stdin*\            : 2915 MB...     
[1A/*stdin*\            : 2925 MB...     
[1A/*stdin*\            : 2934 MB...     
[1A/*stdin*\            : 2937 MB...     
[1A/*stdin*\            : 2946 MB...     
[1A/*stdin*\            : 2955 MB...     
[1A/*stdin*\            : 2964 MB...     
[1A/*stdin*\            : 2970 MB...     
[1A/*stdin*\            : 2979 MB...     
[1A/*stdin*\            : 2980 MB...     
[1A/*stdin*\            : 2988 MB...     
[1A/*stdin*\            : 2994 MB...     
[1A/*stdin*\            : 3001 MB...     
[1A/*stdin*\            : 3008 MB...     
[1A/*stdin*\            : 3016 MB...     
[1A/*stdin*\            : 3023 MB...     
[1A/*stdin*\            : 3031 MB...     
[1A/*stdin*\            : 3038 MB...     
[1A/*stdin*\            : 3046 MB...     
[1A/*stdin*\            : 3053 MB...     
[1A/*stdin*\            : 3057 MB...     
[1A/*stdin*\            : 3065 MB...     
[1A/*stdin*\            : 3072 MB...     
[1A/*stdin*\            : 3080 MB...     
[1A/*stdin*\            : 3086 MB...     
[1A/*stdin*\            : 3091 MB...     
[1A/*stdin*\            : 3097 MB...     
[1A/*stdin*\            : 3101 MB...     
[1A/*stdin*\            : 3106 MB...     
[1A/*stdin*\            : 3111 MB...     
[1A/*stdin*\            : 3116 MB...     
[1A/*stdin*\            : 3120 MB...     
[1A/*stdin*\            : 3125 MB...     
[1A/*stdin*\            : 3130 MB...     
[1A/*stdin*\            : 3133 MB...     
[1A/*stdin*\            : 3144 MB...     
[1A/*stdin*\            : 3155 MB...     
[1A/*stdin*\            : 3165 MB...     
[1A/*stdin*\            : 3175 MB...     
[1A/*stdin*\            : 3186 MB...     
[1A/*stdin*\            : 3196 MB...     
[1A/*stdin*\            : 3207 MB...     
[1A/*stdin*\            : 3210 MB...     
[1A/*stdin*\            : 3216 MB...     
[1A/*stdin*\            : 3222 MB...     
[1A/*stdin*\            : 3227 MB...     
[1A/*stdin*\            : 3233 MB...     
[1A/*stdin*\            : 3240 MB...     
[1A/*stdin*\            : 3245 MB...     
[1A/*stdin*\            : 3250 MB...     
[1A/*stdin*\            : 3254 MB...     
[1A/*stdin*\            : 3259 MB...     
[1A/*stdin*\            : 3264 MB...     
[1A/*stdin*\            : 3268 MB...     
[1A/*stdin*\            : 3273 MB...     
[1A/*stdin*\            : 3278 MB...     
[1A/*stdin*\            : 3283 MB...     
[1A/*stdin*\            : 3286 MB...     
[1A/*stdin*\            : 3295 MB...     
[1A/*stdin*\            : 3306 MB...     
[1A/*stdin*\            : 3317 MB...     
[1A/*stdin*\            : 3325 MB...     
[1A/*stdin*\            : 3335 MB...     
[1A/*stdin*\            : 3345 MB...     
[1A/*stdin*\            : 3351 MB...     
[1A/*stdin*\            : 3361 MB...     
[1A/*stdin*\            : 3363 MB...     
[1A/*stdin*\            : 3373 MB...     
[1A/*stdin*\            : 3381 MB...     
[1A/*stdin*\            : 3390 MB...     
[1A/*stdin*\            : 3399 MB...     
[1A/*stdin*\            : 3408 MB...     
[1A/*stdin*\            : 3417 MB...     
[1A/*stdin*\            : 3427 MB...     
[1A/*stdin*\            : 3437 MB...     
[1A/*stdin*\            : 3440 MB...     
[1A/*stdin*\            : 3449 MB...     
[1A/*stdin*\            : 3458 MB...     
[1A/*stdin*\            : 3467 MB...     
[1A/*stdin*\            : 3477 MB...     
[1A/*stdin*\            : 3487 MB...     
[1A/*stdin*\            : 3498 MB...     
[1A/*stdin*\            : 3507 MB...     
[1A/*stdin*\            : 3515 MB...     
[1A/*stdin*\            : 3522 MB...     
[1A/*stdin*\            : 3529 MB...     
[1A/*stdin*\            : 3536 MB...     
[1A/*stdin*\            : 3543 MB...     
[1A/*stdin*\            : 3550 MB...     
[1A/*stdin*\            : 3555 MB...     
[1A/*stdin*\            : 3560 MB...     
[1A/*stdin*\            : 3565 MB...     
[1A/*stdin*\            : 3571 MB...     
[1A/*stdin*\            : 3576 MB...     
[1A/*stdin*\            : 3581 MB...     
[1A/*stdin*\            : 3587 MB...     
[1A/*stdin*\            : 3592 MB...     
[1A/*stdin*\            : 3602 MB...     
[1A/*stdin*\            : 3611 MB...     
[1A/*stdin*\            : 3620 MB...     
[1A/*stdin*\            : 3630 MB...     
[1A/*stdin*\            : 3640 MB...     
[1A/*stdin*\            : 3649 MB...     
[1A/*stdin*\            : 3658 MB...     
[1A/*stdin*\            : 3668 MB...     
[1A/*stdin*\            : 3671 MB...     
[1A/*stdin*\            : 3673 MB...     
[1A/*stdin*\            : 3676 MB...     
[1A/*stdin*\            : 3678 MB...     
[1A/*stdin*\            : 3681 MB...     
[1A/*stdin*\            : 3683 MB...     
[1A/*stdin*\            : 3686 MB...     
[1A/*stdin*\            : 3688 MB...     
[1A/*stdin*\            : 3691 MB...     
[1A/*stdin*\            : 3693 MB...     
[1A/*stdin*\            : 3696 MB...     
[1A/*stdin*\            : 3698 MB...     
[1A/*stdin*\            : 3701 MB...     
[1A/*stdin*\            : 3703 MB...     
[1A/*stdin*\            : 3706 MB...     
[1A/*stdin*\            : 3708 MB...     
[1A/*stdin*\            : 3710 MB...     
[1A/*stdin*\            : 3712 MB...     
[1A/*stdin*\            : 3715 MB...     
[1A/*stdin*\            : 3717 MB...     
[1A/*stdin*\            : 3719 MB...     
[1A/*stdin*\            : 3722 MB...     
[1A/*stdin*\            : 3724 MB...     
[1A/*stdin*\            : 3727 MB...     
[1A/*stdin*\            : 3729 MB...     
[1A/*stdin*\            : 3732 MB...     
[1A/*stdin*\            : 3734 MB...     
[1A/*stdin*\            : 3736 MB...     
[1A/*stdin*\            : 3739 MB...     
[1A/*stdin*\            : 3741 MB...     
[1A/*stdin*\            : 3744 MB...     
[1A/*stdin*\            : 3745 MB...     
[1A/*stdin*\            : 3745 MB...     
[1A/*stdin*\            : 3748 MB...     
[1A/*stdin*\            : 3757 MB...     
[1A/*stdin*\            : 3767 MB...     
[1A/*stdin*\            : 3777 MB...     
[1A/*stdin*\            : 3777 MB...     
[1A/*stdin*\            : 3787 MB...     
[1A/*stdin*\            : 3796 MB...     
[1A/*stdin*\            : 3806 MB...     
[1A/*stdin*\            : 3815 MB...     
[1A/*stdin*\            : 3821 MB...     
[1A/*stdin*\            : 3823 MB...     
[1A/*stdin*\            : 3824 MB...     
[1A/*stdin*\            : 3826 MB...     
[1A/*stdin*\            : 3827 MB...     
[1A/*stdin*\            : 3829 MB...     
[1A/*stdin*\            : 3830 MB...     
[1A/*stdin*\            : 3831 MB...     
[1A/*stdin*\            : 3833 MB...     
[1A/*stdin*\            : 3834 MB...     
[1A/*stdin*\            : 3836 MB...     
[1A/*stdin*\            : 3837 MB...     
[1A/*stdin*\            : 3839 MB...     
[1A/*stdin*\            : 3840 MB...     
[1A/*stdin*\            : 3842 MB...     
[1A/*stdin*\            : 3843 MB...     
[1A/*stdin*\            : 3845 MB...     
[1A/*stdin*\            : 3846 MB...     
[1A/*stdin*\            : 3848 MB...     
[1A/*stdin*\            : 3849 MB...     
[1A/*stdin*\            : 3851 MB...     
[1A/*stdin*\            : 3852 MB...     
[1A/*stdin*\            : 3854 MB...     
[1A/*stdin*\            : 3855 MB...     
[1A/*stdin*\            : 3857 MB...     
[1A/*stdin*\            : 3858 MB...     
[1A/*stdin*\            : 3860 MB...     
[1A/*stdin*\            : 3862 MB...     
[1A/*stdin*\            : 3863 MB...     
[1A/*stdin*\            : 3865 MB...     
[1A/*stdin*\            : 3866 MB...     
[1A/*stdin*\            : 3868 MB...     
[1A/*stdin*\            : 3869 MB...     
[1A/*stdin*\            : 3871 MB...     
[1A/*stdin*\            : 3873 MB...     
[1A/*stdin*\            : 3874 MB...     
[1A/*stdin*\            : 3876 MB...     
[1A/*stdin*\            : 3878 MB...     
[1A/*stdin*\            : 3879 MB...     
[1A/*stdin*\            : 3881 MB...     
[1A/*stdin*\            : 3883 MB...     
[1A/*stdin*\            : 3885 MB...     
[1A/*stdin*\            : 3887 MB...     
[1A/*stdin*\            : 3888 MB...     
[1A/*stdin*\            : 3890 MB...     
[1A/*stdin*\            : 3892 MB...     
[1A/*stdin*\            : 3894 MB...     
[1A/*stdin*\            : 3896 MB...     
[1A/*stdin*\            : 3898 MB...     
[1A/*stdin*\            : 3905 MB...     
[1A/*stdin*\            : 3911 MB...     
[1A/*stdin*\            : 3918 MB...     
[1A/*stdin*\            : 3925 MB...     
[1A/*stdin*\            : 3933 MB...     
[1A/*stdin*\            : 3939 MB...     
[1A/*stdin*\            : 3946 MB...     
[1A/*stdin*\            : 3953 MB...     
[1A/*stdin*\            : 3960 MB...     
[1A/*stdin*\            : 3966 MB...     
[1A/*stdin*\            : 3972 MB...     
[1A/*stdin*\            : 3974 MB...     
[1A/*stdin*\            : 3976 MB...     
[1A/*stdin*\            : 3978 MB...     
[1A/*stdin*\            : 3981 MB...     
[1A/*stdin*\            : 3983 MB...     
[1A/*stdin*\            : 3985 MB...     
[1A/*stdin*\            : 3987 MB...     
[1A/*stdin*\            : 3990 MB...     
[1A/*stdin*\            : 3992 MB...     
[1A/*stdin*\            : 3995 MB...     
[1A/*stdin*\            : 3997 MB...     
[1A/*stdin*\            : 4000 MB...     
[1A/*stdin*\            : 4003 MB...     
[1A/*stdin*\            : 4006 MB...     
[1A/*stdin*\            : 4008 MB...     
[1A/*stdin*\            : 4010 MB...     
[1A/*stdin*\            : 4012 MB...     
[1A/*stdin*\            : 4014 MB...     
[1A/*stdin*\            : 4017 MB...     
[1A/*stdin*\            : 4019 MB...     
[1A/*stdin*\            : 4021 MB...     
[1A/*stdin*\            : 4024 MB...     
[1A/*stdin*\            : 4026 MB...     
[1A/*stdin*\            : 4028 MB...     
[1A/*stdin*\            : 4031 MB...     
[1A/*stdin*\            : 4034 MB...     
[1A/*stdin*\            : 4036 MB...     
[1A/*stdin*\            : 4039 MB...     
[1A/*stdin*\            : 4041 MB...     
[1A/*stdin*\            : 4044 MB...     
[1A/*stdin*\            : 4046 MB...     
[1A/*stdin*\            : 4049 MB...     
[1A/*stdin*\            : 4050 MB...     
[1A/*stdin*\            : 4054 MB...     
[1A/*stdin*\            : 4058 MB...     
[1A/*stdin*\            : 4061 MB...     
[1A/*stdin*\            : 4065 MB...     
[1A/*stdin*\            : 4069 MB...     
[1A/*stdin*\            : 4073 MB...     
[1A/*stdin*\            : 4077 MB...     
[1A/*stdin*\            : 4081 MB...     
[1A/*stdin*\            : 4085 MB...     
[1A/*stdin*\            : 4090 MB...     
[1A/*stdin*\            : 4094 MB...     
[1A/*stdin*\            : 4098 MB...     
[1A/*stdin*\            : 4103 MB...     
[1A/*stdin*\            : 4108 MB...     
[1A/*stdin*\            : 4112 MB...     
[1A/*stdin*\            : 4117 MB...     
[1A/*stdin*\            : 4121 MB...     
[1A/*stdin*\            : 4126 MB...     
[1A/*stdin*\            : 4127 MB...     
[1A/*stdin*\            : 4137 MB...     
[1A/*stdin*\            : 4146 MB...     
[1A/*stdin*\            : 4154 MB...     
[1A/*stdin*\            : 4163 MB...     
[1A/*stdin*\            : 4172 MB...     
[1A/*stdin*\            : 4181 MB...     
[1A/*stdin*\            : 4189 MB...     
[1A/*stdin*\            : 4198 MB...     
[1A/*stdin*\            : 4203 MB...     
[1A/*stdin*\            : 4212 MB...     
[1A/*stdin*\            : 4219 MB...     
[1A/*stdin*\            : 4227 MB...     
[1A/*stdin*\            : 4233 MB...     
[1A/*stdin*\            : 4241 MB...     
[1A/*stdin*\            : 4249 MB...     
[1A/*stdin*\            : 4257 MB...     
[1A/*stdin*\            : 4265 MB...     
[1A/*stdin*\            : 4273 MB...     
[1A/*stdin*\            : 4280 MB...     
[1A/*stdin*\            : 4290 MB...     
[1A/*stdin*\            : 4299 MB...     
[1A/*stdin*\            : 4308 MB...     
[1A/*stdin*\            : 4317 MB...     
[1A/*stdin*\            : 4326 MB...     
[1A/*stdin*\            : 4334 MB...     
[1A/*stdin*\            : 4343 MB...     
[1A/*stdin*\            : 4353 MB...     
[1A/*stdin*\            : 4356 MB...     
[1A/*stdin*\            : 4362 MB...     
[1A/*stdin*\            : 4367 MB...     
[1A/*stdin*\            : 4373 MB...     
[1A/*stdin*\            : 4378 MB...     
[1A/*stdin*\            : 4385 MB...     
[1A/*stdin*\            : 4390 MB...     
[1A/*stdin*\            : 4395 MB...     
[1A/*stdin*\            : 4399 MB...     
[1A/*stdin*\            : 4403 MB...     
[1A/*stdin*\            : 4408 MB...     
[1A/*stdin*\            : 4413 MB...     
[1A/*stdin*\            : 4417 MB...     
[1A/*stdin*\            : 4422 MB...     
[1A/*stdin*\            : 4427 MB...     
[1A/*stdin*\            : 4433 MB...     
[1A/*stdin*\            : 4443 MB...     
[1A/*stdin*\            : 4452 MB...     
[1A/*stdin*\            : 4460 MB...     
[1A/*stdin*\            : 4469 MB...     
[1A/*stdin*\            : 4479 MB...     
[1A/*stdin*\            : 4488 MB...     
[1A/*stdin*\            : 4498 MB...     
[1A/*stdin*\            : 4507 MB...     
[1A/*stdin*\            : 4509 MB...     
[1A/*stdin*\            : 4519 MB...     
[1A/*stdin*\            : 4528 MB...     
[1A/*stdin*\            : 4536 MB...     
[1A/*stdin*\            : 4545 MB...     
[1A/*stdin*\            : 4553 MB...     
[1A/*stdin*\            : 4563 MB...     
[1A/*stdin*\            : 4573 MB...     
[1A/*stdin*\            : 4580 MB...     
[1A/*stdin*\            : 4585 MB...     
[1A/*stdin*\            : 4588 MB...     
[1A/*stdin*\            : 4597 MB...     
[1A/*stdin*\            : 4606 MB...     
[1A/*stdin*\            : 4615 MB...     
[1A/*stdin*\            : 4624 MB...     
[1A/*stdin*\            : 4633 MB...     
[1A/*stdin*\            : 4641 MB...     
[1A/*stdin*\            : 4646 MB...     
[1A/*stdin*\            : 4650 MB...     
[1A/*stdin*\            : 4659 MB...     
[1A/*stdin*\            : 4667 MB...     
[1A/*stdin*\            : 4676 MB...     
[1A/*stdin*\            : 4684 MB...     
[1A/*stdin*\            : 4691 MB...     
[1A/*stdin*\            : 4696 MB...     
[1A/*stdin*\            : 4699 MB...     
[1A/*stdin*\            : 4703 MB...     
[1A/*stdin*\            : 4711 MB...     
[1A/*stdin*\            : 4720 MB...     
[1A/*stdin*\            : 4728 MB...     
[1A/*stdin*\            : 4737 MB...     
[1A/*stdin*\            : 4745 MB...     
[1A/*stdin*\            : 4753 MB...     
[1A/*stdin*\            : 4763 MB...     
[1A/*stdin*\            : 4772 MB...     
[1A/*stdin*\            : 4781 MB...     
[1A/*stdin*\            : 4790 MB...     
[1A/*stdin*\            : 4797 MB...     
[1A/*stdin*\            : 4806 MB...     
[1A/*stdin*\            : 4815 MB...     
[1A/*stdin*\            : 4824 MB...     
[1A/*stdin*\            : 4832 MB...     
[1A/*stdin*\            : 4841 MB...     
[1A/*stdin*\            : 4851 MB...     
[1A/*stdin*\            : 4859 MB...     
[1A/*stdin*\            : 4865 MB...     
[1A/*stdin*\            : 4874 MB...     
[1A/*stdin*\            : 4883 MB...     
[1A/*stdin*\            : 4886 MB...     
[1A/*stdin*\            : 4894 MB...     
[1A/*stdin*\            : 4903 MB...     
[1A/*stdin*\            : 4912 MB...     
[1A/*stdin*\            : 4921 MB...     
[1A/*stdin*\            : 4930 MB...     
[1A/*stdin*\            : 4939 MB...     
[1A/*stdin*\            : 4948 MB...     
[1A/*stdin*\            : 4957 MB...     
[1A/*stdin*\            : 4966 MB...     
[1A/*stdin*\            : 4976 MB...     
[1A/*stdin*\            : 4984 MB...     
[1A/*stdin*\            : 4991 MB...     
[1A/*stdin*\            : 5001 MB...     
[1A/*stdin*\            : 5010 MB...     
[1A/*stdin*\            : 5018 MB...     
[1A/*stdin*\            : 5027 MB...     
[1A/*stdin*\            : 5034 MB...     
[1A/*stdin*\            : 5038 MB...     
[1A/*stdin*\            : 5044 MB...     
[1A/*stdin*\            : 5053 MB...     
[1A/*stdin*\            : 5058 MB...     
[1A/*stdin*\            : 5065 MB...     
[1A/*stdin*\            : 5071 MB...     
[1A/*stdin*\            : 5078 MB...     
[1A/*stdin*\            : 5085 MB...     
[1A/*stdin*\            : 5091 MB...     
[1A/*stdin*\            : 5098 MB...     
[1A/*stdin*\            : 5103 MB...     
[1A/*stdin*\            : 5109 MB...     
[1A/*stdin*\            : 5116 MB...     
[1A/*stdin*\            : 5120 MB...     
[1A/*stdin*\            : 5130 MB...     
[1A/*stdin*\            : 5140 MB...     
[1A/*stdin*\            : 5149 MB...     
[1A/*stdin*\            : 5152 MB...     
[1A/*stdin*\            : 5163 MB...     
[1A/*stdin*\            : 5171 MB...     
[1A/*stdin*\            : 5180 MB...     
[1A/*stdin*\            : 5185 MB...     
[1A/*stdin*\            : 5193 MB...     
[1A/*stdin*\            : 5197 MB...     
[1A/*stdin*\            : 5207 MB...     
[1A/*stdin*\            : 5216 MB...     
[1A/*stdin*\            : 5226 MB...     
[1A/*stdin*\            : 5236 MB...     
[1A/*stdin*\            : 5246 MB...     
[1A/*stdin*\            : 5256 MB...     
[1A/*stdin*\            : 5266 MB...     
[1A/*stdin*\            : 5273 MB...     
[1A/*stdin*\            : 5283 MB...     
[1A/*stdin*\            : 5292 MB...     
[1A/*stdin*\            : 5302 MB...     
[1A/*stdin*\            : 5311 MB...     
[1A/*stdin*\            : 5320 MB...     
[1A/*stdin*\            : 5330 MB...     
[1A/*stdin*\            : 5340 MB...     
[1A/*stdin*\            : 5349 MB...     
[1A/*stdin*\            : 5359 MB...     
[1A/*stdin*\            : 5367 MB...     
[1A/*stdin*\            : 5376 MB...     
[1A/*stdin*\            : 5384 MB...     
[1A/*stdin*\            : 5393 MB...     
[1A/*stdin*\            : 5403 MB...     
[1A/*stdin*\            : 5412 MB...     
[1A/*stdin*\            : 5422 MB...     
[1A/*stdin*\            : 5426 MB...     
[1A/*stdin*\            : 5434 MB...     
[1A/*stdin*\            : 5443 MB...     
[1A/*stdin*\            : 5450 MB...     
[1A/*stdin*\            : 5457 MB...     
[1A/*stdin*\            : 5465 MB...     
[1A/*stdin*\            : 5472 MB...     
[1A/*stdin*\            : 5481 MB...     
[1A/*stdin*\            : 5490 MB...     
[1A/*stdin*\            : 5500 MB...     
[1A/*stdin*\            : 5503 MB...     
[1A/*stdin*\            : 5513 MB...     
[1A/*stdin*\            : 5522 MB...     
[1A/*stdin*\            : 5532 MB...     
[1A/*stdin*\            : 5542 MB...     
[1A/*stdin*\            : 5551 MB...     
[1A/*stdin*\            : 5560 MB...     
[1A/*stdin*\            : 5568 MB...     
[1A/*stdin*\            : 5577 MB...     
[1A/*stdin*\            : 5579 MB...     
[1A/*stdin*\            : 5586 MB...     
[1A/*stdin*\            : 5594 MB...     
[1A/*stdin*\            : 5602 MB...     
[1A/*stdin*\            : 5610 MB...     
[1A/*stdin*\            : 5617 MB...     
[1A/*stdin*\            : 5625 MB...     
[1A/*stdin*\            : 5632 MB...     
[1A/*stdin*\            : 5640 MB...     
[1A/*stdin*\            : 5648 MB...     
[1A/*stdin*\            : 5655 MB...     
[1A/*stdin*\            : 5664 MB...     
[1A/*stdin*\            : 5672 MB...     
[1A/*stdin*\            : 5680 MB...     
[1A/*stdin*\            : 5689 MB...     
[1A/*stdin*\            : 5696 MB...     
[1A/*stdin*\            : 5705 MB...     
[1A/*stdin*\            : 5716 MB...     
[1A/*stdin*\            : 5726 MB...     
[1A/*stdin*\            : 5732 MB...     
[1A/*stdin*\            : 5741 MB...     
[1A/*stdin*\            : 5750 MB...     
[1A/*stdin*\            : 5758 MB...     
[1A/*stdin*\            : 5764 MB...     
[1A/*stdin*\            : 5768 MB...     
[1A/*stdin*\            : 5774 MB...     
[1A/*stdin*\            : 5780 MB...     
[1A/*stdin*\            : 5786 MB...     
[1A/*stdin*\            : 5792 MB...     
[1A/*stdin*\            : 5798 MB...     
[1A/*stdin*\            : 5804 MB...     
[1A/*stdin*\            : 5808 MB...     
[1A/*stdin*\            : 5812 MB...     
[1A/*stdin*\            : 5817 MB...     
[1A/*stdin*\            : 5821 MB...     
[1A/*stdin*\            : 5826 MB...     
[1A/*stdin*\            : 5831 MB...     
[1A/*stdin*\            : 5835 MB...     
[1A/*stdin*\            : 5840 MB...     
[1A/*stdin*\            : 5845 MB...     
[1A/*stdin*\            : 5849 MB...     
[1A/*stdin*\            : 5854 MB...     
[1A/*stdin*\            : 5858 MB...     
[1A/*stdin*\            : 5863 MB...     
[1A/*stdin*\            : 5868 MB...     
[1A/*stdin*\            : 5872 MB...     
[1A/*stdin*\            : 5877 MB...     
[1A/*stdin*\            : 5882 MB...     
[1A/*stdin*\            : 5884 MB...     
[1A/*stdin*\            : 5893 MB...     
[1A/*stdin*\            : 5903 MB...     
[1A/*stdin*\            : 5913 MB...     
[1A/*stdin*\            : 5923 MB...     
[1A/*stdin*\            : 5933 MB...     
[1A/*stdin*\            : 5943 MB...     
[1A/*stdin*\            : 5953 MB...     
[1A/*stdin*\            : 5961 MB...     
[1A/*stdin*\            : 5962 MB...     
[1A/*stdin*\            : 5963 MB...     
[1A/*stdin*\            : 5964 MB...     
[1A/*stdin*\            : 5965 MB...     
[1A/*stdin*\            : 5966 MB...     
[1A/*stdin*\            : 5967 MB...     
[1A/*stdin*\            : 5968 MB...     
[1A/*stdin*\            : 5969 MB...     
[1A/*stdin*\            : 5970 MB...     
[1A/*stdin*\            : 5971 MB...     
[1A/*stdin*\            : 5973 MB...     
[1A/*stdin*\            : 5974 MB...     
[1A/*stdin*\            : 5975 MB...     
[1A/*stdin*\            : 5976 MB...     
[1A/*stdin*\            : 5978 MB...     
[1A/*stdin*\            : 5979 MB...     
[1A/*stdin*\            : 5981 MB...     
[1A/*stdin*\            : 5982 MB...     
[1A/*stdin*\            : 5983 MB...     
[1A/*stdin*\            : 5985 MB...     
[1A/*stdin*\            : 5987 MB...     
[1A/*stdin*\            : 5988 MB...     
[1A/*stdin*\            : 5990 MB...     
[1A/*stdin*\            : 5992 MB...     
[1A/*stdin*\            : 5994 MB...     
[1A/*stdin*\            : 5996 MB...     
[1A/*stdin*\            : 5998 MB...     
[1A/*stdin*\            : 5999 MB...     
[1A/*stdin*\            : 6001 MB...     
[1A/*stdin*\            : 6002 MB...     
[1A/*stdin*\            : 6004 MB...     
[1A/*stdin*\            : 6005 MB...     
[1A/*stdin*\            : 6007 MB...     
[1A/*stdin*\            : 6009 MB...     
[1A/*stdin*\            : 6011 MB...     
[1A/*stdin*\            : 6012 MB...     
[1A/*stdin*\            : 6014 MB...     
[1A/*stdin*\            : 6016 MB...     
[1A/*stdin*\            : 6018 MB...     
[1A/*stdin*\            : 6019 MB...     
[1A/*stdin*\            : 6021 MB...     
[1A/*stdin*\            : 6022 MB...     
[1A/*stdin*\            : 6023 MB...     
[1A/*stdin*\            : 6024 MB...     
[1A/*stdin*\            : 6025 MB...     
[1A/*stdin*\            : 6026 MB...     
[1A/*stdin*\            : 6027 MB...     
[1A/*stdin*\            : 6028 MB...     
[1A/*stdin*\            : 6029 MB...     
[1A/*stdin*\            : 6030 MB...     
[1A/*stdin*\            : 6031 MB...     
[1A/*stdin*\            : 6032 MB...     
[1A/*stdin*\            : 6033 MB...     
[1A/*stdin*\            : 6034 MB...     
[1A/*stdin*\            : 6035 MB...     
[1A/*stdin*\            : 6036 MB...     
[1A/*stdin*\            : 6037 MB...     
[1A/*stdin*\            : 6046 MB...     
[1A/*stdin*\            : 6053 MB...     
[1A/*stdin*\            : 6062 MB...     
[1A/*stdin*\            : 6072 MB...     
[1A/*stdin*\            : 6081 MB...     
[1A/*stdin*\            : 6089 MB...     
[1A/*stdin*\            : 6099 MB...     
[1A/*stdin*\            : 6108 MB...     
[1A/*stdin*\            : 6113 MB...     
[1A/*stdin*\            : 6122 MB...     
[1A/*stdin*\            : 6132 MB...     
[1A/*stdin*\            : 6142 MB...     
[1A/*stdin*\            : 6150 MB...     
[1A/*stdin*\            : 6160 MB...     
[1A/*stdin*\            : 6169 MB...     
[1A/*stdin*\            : 6178 MB...     
[1A/*stdin*\            : 6187 MB...     
[1A/*stdin*\            : 6190 MB...     
[1A/*stdin*\            : 6200 MB...     
[1A/*stdin*\            : 6210 MB...     
[1A/*stdin*\            : 6219 MB...     
[1A/*stdin*\            : 6229 MB...     
[1A/*stdin*\            : 6239 MB...     
[1A/*stdin*\            : 6248 MB...     
[1A/*stdin*\            : 6258 MB...     
[1A/*stdin*\            : 6266 MB...     
[1A/*stdin*\            : 6276 MB...     
[1A/*stdin*\            : 6286 MB...     
[1A/*stdin*\            : 6295 MB...     
[1A/*stdin*\            : 6305 MB...     
[1A/*stdin*\            : 6315 MB...     
[1A/*stdin*\            : 6325 MB...     
[1A/*stdin*\            : 6336 MB...     
[1A/*stdin*\            : 6343 MB...     
[1A/*stdin*\            : 6351 MB...     
[1A/*stdin*\            : 6360 MB...     
[1A/*stdin*\            : 6369 MB...     
[1A/*stdin*\            : 6377 MB...     
[1A/*stdin*\            : 6386 MB...     
[1A/*stdin*\            : 6395 MB...     
[1A/*stdin*\            : 6403 MB...     
[1A/*stdin*\            : 6412 MB...     
[1A/*stdin*\            : 6419 MB...     
[1A/*stdin*\            : 6428 MB...     
[1A/*stdin*\            : 6438 MB...     
[1A/*stdin*\            : 6446 MB...     
[1A/*stdin*\            : 6456 MB...     
[1A/*stdin*\            : 6467 MB...     
[1A/*stdin*\            : 6477 MB...     
[1A/*stdin*\            : 6487 MB...     
[1A/*stdin*\            : 6496 MB...     
[1A/*stdin*\            : 6504 MB...     
[1A/*stdin*\            : 6512 MB...     
[1A/*stdin*\            : 6521 MB...     
[1A/*stdin*\            : 6530 MB...     
[1A/*stdin*\            : 6539 MB...     
[1A/*stdin*\            : 6543 MB...     
[1A/*stdin*\            : 6552 MB...     
[1A/*stdin*\            : 6557 MB...     
[1A/*stdin*\            : 6566 MB...     
[1A/*stdin*\            : 6572 MB...     
[1A/*stdin*\            : 6579 MB...     
[1A/*stdin*\            : 6587 MB...     
[1A/*stdin*\            : 6594 MB...     
[1A/*stdin*\            : 6601 MB...     
[1A/*stdin*\            : 6609 MB...     
[1A/*stdin*\            : 6616 MB...     
[1A/*stdin*\            : 6623 MB...     
[1A/*stdin*\            : 6630 MB...     
[1A/*stdin*\            : 6635 MB...     
[1A/*stdin*\            : 6640 MB...     
[1A/*stdin*\            : 6644 MB...     
[1A/*stdin*\            : 6648 MB...     
[1A/*stdin*\            : 6648 MB...     
[1A/*stdin*\            : 6652 MB...     
[1A/*stdin*\            : 6656 MB...     
[1A/*stdin*\            : 6660 MB...     
[1A/*stdin*\            : 6664 MB...     
[1A/*stdin*\            : 6668 MB...     
[1A/*stdin*\            : 6672 MB...     
[1A/*stdin*\            : 6676 MB...     
[1A/*stdin*\            : 6681 MB...     
[1A/*stdin*\            : 6685 MB...     
[1A/*stdin*\            : 6689 MB...     
[1A/*stdin*\            : 6694 MB...     
[1A/*stdin*\            : 6698 MB...     
[1A/*stdin*\            : 6702 MB...     
[1A/*stdin*\            : 6707 MB...     
[1A/*stdin*\            : 6711 MB...     
[1A/*stdin*\            : 6715 MB...     
[1A/*stdin*\            : 6720 MB...     
[1A/*stdin*\            : 6724 MB...     
[1A/*stdin*\            : 6725 MB...     
[1A/*stdin*\            : 6729 MB...     
[1A/*stdin*\            : 6734 MB...     
[1A/*stdin*\            : 6738 MB...     
[1A/*stdin*\            : 6743 MB...     
[1A/*stdin*\            : 6747 MB...     
[1A/*stdin*\            : 6752 MB...     
[1A/*stdin*\            : 6756 MB...     
[1A/*stdin*\            : 6761 MB...     
[1A/*stdin*\            : 6765 MB...     
[1A/*stdin*\            : 6769 MB...     
[1A/*stdin*\            : 6774 MB...     
[1A/*stdin*\            : 6779 MB...     
[1A/*stdin*\            : 6783 MB...     
[1A/*stdin*\            : 6788 MB...     
[1A/*stdin*\            : 6792 MB...     
[1A/*stdin*\            : 6797 MB...     
[1A/*stdin*\            : 6801 MB...     
[1A/*stdin*\            : 6809 MB...     
[1A/*stdin*\            : 6819 MB...     
[1A/*stdin*\            : 6829 MB...     
[1A/*stdin*\            : 6839 MB...     
[1A/*stdin*\            : 6847 MB...     
[1A/*stdin*\            : 6857 MB...     
[1A/*stdin*\            : 6864 MB...     
[1A/*stdin*\            : 6872 MB...     
[1A/*stdin*\            : 6874 MB...     
[1A/*stdin*\            : 6880 MB...     
[1A/*stdin*\            : 6888 MB...     
[1A/*stdin*\            : 6895 MB...     
[1A/*stdin*\            : 6904 MB...     
[1A/*stdin*\            : 6908 MB...     
[1A/*stdin*\            : 6914 MB...     
[1A/*stdin*\            : 6923 MB...     
[1A/*stdin*\            : 6932 MB...     
[1A/*stdin*\            : 6940 MB...     
[1A/*stdin*\            : 6949 MB...     
[1A/*stdin*\            : 6956 MB...     
[1A/*stdin*\            : 6965 MB...     
[1A/*stdin*\            : 6972 MB...     
[1A/*stdin*\            : 6980 MB...     
[1A/*stdin*\            : 6987 MB...     
[1A/*stdin*\            : 6994 MB...     
[1A/*stdin*\            : 7002 MB...     
[1A/*stdin*\            : 7010 MB...     
[1A/*stdin*\            : 7017 MB...     
[1A/*stdin*\            : 7024 MB...     
[1A/*stdin*\            : 7029 MB...     
[1A/*stdin*\            : 7030 MB...     
[1A/*stdin*\            : 7040 MB...     
[1A/*stdin*\            : 7048 MB...     
[1A/*stdin*\            : 7056 MB...     
[1A/*stdin*\            : 7064 MB...     
[1A/*stdin*\            : 7072 MB...     
[1A/*stdin*\            : 7081 MB...     
[1A/*stdin*\            : 7089 MB...     
[1A/*stdin*\            : 7098 MB...     
[1A/*stdin*\            : 7106 MB...     
[1A/*stdin*\            : 7112 MB...     
[1A/*stdin*\            : 7118 MB...     
[1A/*stdin*\            : 7124 MB...     
[1A/*stdin*\            : 7131 MB...     
[1A/*stdin*\            : 7137 MB...     
[1A/*stdin*\            : 7144 MB...     
[1A/*stdin*\            : 7151 MB...     
[1A/*stdin*\            : 7157 MB...     
[1A/*stdin*\            : 7164 MB...     
[1A/*stdin*\            : 7171 MB...     
[1A/*stdin*\            : 7177 MB...     
[1A/*stdin*\            : 7183 MB...     
[1A/*stdin*\            : 7192 MB...     
[1A/*stdin*\            : 7200 MB...     
[1A/*stdin*\            : 7208 MB...     
[1A/*stdin*\            : 7217 MB...     
[1A/*stdin*\            : 7226 MB...     
[1A/*stdin*\            : 7234 MB...     
[1A/*stdin*\            : 7242 MB...     
[1A/*stdin*\            : 7251 MB...     
[1A/*stdin*\            : 7260 MB...     
[1A/*stdin*\            : 7269 MB...     
[1A/*stdin*\            : 7278 MB...     
[1A/*stdin*\            : 7287 MB...     
[1A/*stdin*\            : 7292 MB...     
[1A/*stdin*\            : 7298 MB...     
[1A/*stdin*\            : 7306 MB...     
[1A/*stdin*\            : 7314 MB...     
[1A/*stdin*\            : 7322 MB...     
[1A/*stdin*\            : 7332 MB...     
[1A/*stdin*\            : 7336 MB...     
[1A/*stdin*\            : 7345 MB...     
[1A/*stdin*\            : 7354 MB...     
[1A/*stdin*\            : 7362 MB...     
[1A/*stdin*\            : 7368 MB...     
[1A/*stdin*\            : 7376 MB...     
[1A/*stdin*\            : 7384 MB...     
[1A/*stdin*\            : 7392 MB...     
[1A/*stdin*\            : 7400 MB...     
[1A/*stdin*\            : 7408 MB...     
[1A/*stdin*\            : 7412 MB...     
[1A/*stdin*\            : 7421 MB...     
[1A/*stdin*\            : 7429 MB...     
[1A/*stdin*\            : 7435 MB...     
[1A/*stdin*\            : 7444 MB...     
[1A/*stdin*\            : 7454 MB...     
[1A/*stdin*\            : 7463 MB...     
[1A/*stdin*\            : 7472 MB...     
[1A/*stdin*\            : 7477 MB...     
[1A/*stdin*\            : 7486 MB...     
[1A/*stdin*\            : 7489 MB...     
[1A/*stdin*\            : 7499 MB...     
[1A/*stdin*\            : 7508 MB...     
[1A/*stdin*\            : 7518 MB...     
[1A/*stdin*\            : 7528 MB...     
[1A/*stdin*\            : 7538 MB...     
[1A/*stdin*\            : 7548 MB...     
[1A/*stdin*\            : 7557 MB...     
[1A/*stdin*\            : 7565 MB...     
[1A/*stdin*\            : 7576 MB...     
[1A/*stdin*\            : 7585 MB...     
[1A/*stdin*\            : 7594 MB...     
[1A/*stdin*\            : 7603 MB...     
[1A/*stdin*\            : 7612 MB...     
[1A/*stdin*\            : 7621 MB...     
[1A/*stdin*\            : 7630 MB...     
[1A/*stdin*\            : 7639 MB...     
[1A/*stdin*\            : 7642 MB...     
[1A/*stdin*\            : 7649 MB...     
[1A/*stdin*\            : 7654 MB...     
[1A/*stdin*\            : 7662 MB...     
[1A/*stdin*\            : 7672 MB...     
[1A/*stdin*\            : 7680 MB...     
[1A/*stdin*\            : 7686 MB...     
[1A/*stdin*\            : 7693 MB...     
[1A/*stdin*\            : 7699 MB...     
[1A/*stdin*\            : 7702 MB...     
[1A/*stdin*\            : 7702 MB...     
[1A/*stdin*\            : 7703 MB...     
[1A/*stdin*\            : 7703 MB...     
[1A/*stdin*\            : 7704 MB...     
[1A/*stdin*\            : 7706 MB...     
[1A/*stdin*\            : 7709 MB...     
[1A/*stdin*\            : 7715 MB...     
[1A/*stdin*\            : 7725 MB...     
[1A/*stdin*\            : 7735 MB...     
[1A/*stdin*\            : 7746 MB...     
[1A/*stdin*\            : 7756 MB...     
[1A/*stdin*\            : 7763 MB...     
[1A/*stdin*\            : 7767 MB...     
[1A/*stdin*\            : 7773 MB...     
[1A/*stdin*\            : 7778 MB...     
[1A/*stdin*\            : 7782 MB...     
[1A/*stdin*\            : 7788 MB...     
[1A/*stdin*\            : 7793 MB...     
[1A/*stdin*\            : 7794 MB...     
[1A/*stdin*\            : 7805 MB...     
[1A/*stdin*\            : 7815 MB...     
[1A/*stdin*\            : 7822 MB...     
[1A/*stdin*\            : 7831 MB...     
[1A/*stdin*\            : 7841 MB...     
[1A/*stdin*\            : 7850 MB...     
[1A/*stdin*\            : 7854 MB...     
[1A/*stdin*\            : 7863 MB...     
[1A/*stdin*\            : 7871 MB...     
[1A/*stdin*\            : 7879 MB...     
[1A/*stdin*\            : 7888 MB...     
[1A/*stdin*\            : 7896 MB...     
[1A/*stdin*\            : 7904 MB...     
[1A/*stdin*\            : 7913 MB...     
[1A/*stdin*\            : 7921 MB...     
[1A/*stdin*\            : 7930 MB...     
[1A/*stdin*\            : 7938 MB...     
[1A/*stdin*\            : 7947 MB...     
[1A/*stdin*\            : 7947 MB...     
[1A/*stdin*\            : 7957 MB...     
[1A/*stdin*\            : 7967 MB...     
[1A/*stdin*\            : 7977 MB...     
[1A/*stdin*\            : 7987 MB...     
[1A/*stdin*\            : 7997 MB...     
[1A/*stdin*\            : 8006 MB...     
[1A/*stdin*\            : 8016 MB...     
[1A/*stdin*\            : 8024 MB...     
[1A/*stdin*\            : 8033 MB...     
[1A/*stdin*\            : 8043 MB...     
[1A/*stdin*\            : 8053 MB...     
[1A/*stdin*\            : 8060 MB...     
[1A/*stdin*\            : 8069 MB...     
[1A/*stdin*\            : 8079 MB...     
[1A/*stdin*\            : 8088 MB...     
[1A/*stdin*\            : 8097 MB...     
[1A/*stdin*\            : 8100 MB...     
[1A/*stdin*\            : 8108 MB...     
[1A/*stdin*\            : 8117 MB...     
[1A/*stdin*\            : 8125 MB...     
[1A/*stdin*\            : 8132 MB...     
[1A/*stdin*\            : 8139 MB...     
[1A/*stdin*\            : 8147 MB...     
[1A/*stdin*\            : 8156 MB...     
[1A/*stdin*\            : 8164 MB...     
[1A/*stdin*\            : 8172 MB...     
[1A/*stdin*\            : 8176 MB...     
[1A/*stdin*\            : 8184 MB...     
[1A/*stdin*\            : 8192 MB...     
[1A/*stdin*\            : 8199 MB...     
[1A/*stdin*\            : 8207 MB...     
[1A/*stdin*\            : 8215 MB...     
[1A/*stdin*\            : 8223 MB...     
[1A/*stdin*\            : 8232 MB...     
[1A/*stdin*\            : 8240 MB...     
[1A/*stdin*\            : 8248 MB...     
[1A/*stdin*\            : 8253 MB...     
[1A/*stdin*\            : 8262 MB...     
[1A/*stdin*\            : 8271 MB...     
[1A/*stdin*\            : 8280 MB...     
[1A/*stdin*\            : 8289 MB...     
[1A/*stdin*\            : 8298 MB...     
[1A/*stdin*\            : 8307 MB...     
[1A/*stdin*\            : 8316 MB...     
[1A/*stdin*\            : 8325 MB...     
[1A/*stdin*\            : 8329 MB...     
[1A/*stdin*\            : 8339 MB...     
[1A/*stdin*\            : 8348 MB...     
[1A/*stdin*\            : 8357 MB...     
[1A/*stdin*\            : 8368 MB...     
[1A/*stdin*\            : 8377 MB...     
[1A/*stdin*\            : 8386 MB...     
[1A/*stdin*\            : 8395 MB...     
[1A/*stdin*\            : 8405 MB...     
[1A/*stdin*\            : 8406 MB...     
[1A/*stdin*\            : 8415 MB...     
[1A/*stdin*\            : 8425 MB...     
[1A/*stdin*\            : 8435 MB...     
[1A/*stdin*\            : 8444 MB...     
[1A/*stdin*\            : 8451 MB...     
[1A/*stdin*\            : 8460 MB...     
[1A/*stdin*\            : 8470 MB...     
[1A/*stdin*\            : 8480 MB...     
[1A/*stdin*\            : 8482 MB...     
[1A/*stdin*\            : 8491 MB...     
[1A/*stdin*\            : 8500 MB...     
[1A/*stdin*\            : 8508 MB...     
[1A/*stdin*\            : 8516 MB...     
[1A/*stdin*\            : 8525 MB...     
[1A/*stdin*\            : 8534 MB...     
[1A/*stdin*\            : 8542 MB...     
[1A/*stdin*\            : 8550 MB...     
[1A/*stdin*\            : 8553 MB...     
[1A/*stdin*\            : 8559 MB...     
[1A/*stdin*\            : 8568 MB...     
[1A/*stdin*\            : 8576 MB...     
[1A/*stdin*\            : 8585 MB...     
[1A/*stdin*\            : 8593 MB...     
[1A/*stdin*\            : 8601 MB...     
[1A/*stdin*\            : 8609 MB...     
[1A/*stdin*\            : 8619 MB...     
[1A/*stdin*\            : 8623 MB...     
[1A/*stdin*\            : 8631 MB...     
[1A/*stdin*\            : 8635 MB...     
[1A/*stdin*\            : 8643 MB...     
[1A/*stdin*\            : 8653 MB...     
[1A/*stdin*\            : 8663 MB...     
[1A/*stdin*\            : 8672 MB...     
[1A/*stdin*\            : 8680 MB...     
[1A/*stdin*\            : 8689 MB...     
[1A/*stdin*\            : 8697 MB...     
[1A/*stdin*\            : 8704 MB...     
[1A/*stdin*\            : 8710 MB...     
[1A/*stdin*\            : 8711 MB...     
[1A/*stdin*\            : 8720 MB...     
[1A/*stdin*\            : 8729 MB...     
[1A/*stdin*\            : 8738 MB...     
[1A/*stdin*\            : 8747 MB...     
[1A/*stdin*\            : 8756 MB...     
[1A/*stdin*\            : 8765 MB...     
[1A/*stdin*\            : 8774 MB...     
[1A/*stdin*\            : 8783 MB...     
[1A/*stdin*\            : 8788 MB...     
[1A/*stdin*\            : 8794 MB...     
[1A/*stdin*\            : 8800 MB...     
[1A/*stdin*\            : 8805 MB...     
[1A/*stdin*\            : 8811 MB...     
[1A/*stdin*\            : 8817 MB...     
[1A/*stdin*\            : 8823 MB...     
[1A/*stdin*\            : 8829 MB...     
[1A/*stdin*\            : 8834 MB...     
[1A/*stdin*\            : 8841 MB...     
[1A/*stdin*\            : 8846 MB...     
[1A/*stdin*\            : 8852 MB...     
[1A/*stdin*\            : 8858 MB...     
[1A/*stdin*\            : 8864 MB...     
[1A/*stdin*\            : 8870 MB...     
[1A/*stdin*\            : 8877 MB...     
[1A/*stdin*\            : 8883 MB...     
[1A/*stdin*\            : 8889 MB...     
[1A/*stdin*\            : 8895 MB...     
[1A/*stdin*\            : 8900 MB...     
[1A/*stdin*\            : 8907 MB...     
[1A/*stdin*\            : 8913 MB...     
[1A/*stdin*\            : 8919 MB...     
[1A/*stdin*\            : 8924 MB...     
[1A/*stdin*\            : 8930 MB...     
[1A/*stdin*\            : 8937 MB...     
[1A/*stdin*\            : 8940 MB...     
[1A/*stdin*\            : 8943 MB...     
[1A/*stdin*\            : 8947 MB...     
[1A/*stdin*\            : 8949 MB...     
[1A/*stdin*\            : 8952 MB...     
[1A/*stdin*\            : 8954 MB...     
[1A/*stdin*\            : 8957 MB...     
[1A/*stdin*\            : 8959 MB...     
[1A/*stdin*\            : 8962 MB...     
[1A/*stdin*\            : 8964 MB...     
[1A/*stdin*\            : 8967 MB...     
[1A/*stdin*\            : 8969 MB...     
[1A/*stdin*\            : 8972 MB...     
[1A/*stdin*\            : 8975 MB...     
[1A/*stdin*\            : 8977 MB...     
[1A/*stdin*\            : 8980 MB...     
[1A/*stdin*\            : 8983 MB...     
[1A/*stdin*\            : 8985 MB...     
[1A/*stdin*\            : 8988 MB...     
[1A/*stdin*\            : 8990 MB...     
[1A/*stdin*\            : 8992 MB...     
[1A/*stdin*\            : 8994 MB...     
[1A/*stdin*\            : 8996 MB...     
[1A/*stdin*\            : 8998 MB...     
[1A/*stdin*\            : 9000 MB...     
[1A/*stdin*\            : 9002 MB...     
[1A/*stdin*\            : 9004 MB...     
[1A/*stdin*\            : 9006 MB...     
[1A/*stdin*\            : 9009 MB...     
[1A/*stdin*\            : 9011 MB...     
[1A/*stdin*\            : 9013 MB...     
[1A/*stdin*\            : 9015 MB...     
[1A/*stdin*\            : 9017 MB...     
[1A/*stdin*\            : 9017 MB...     
[1A/*stdin*\            : 9026 MB...     
[1A/*stdin*\            : 9035 MB...     
[1A/*stdin*\            : 9044 MB...     
[1A/*stdin*\            : 9054 MB...     
[1A/*stdin*\            : 9063 MB...     
[1A/*stdin*\            : 9071 MB...     
[1A/*stdin*\            : 9080 MB...     
[1A/*stdin*\            : 9089 MB...     
[1A/*stdin*\            : 9093 MB...     
[1A/*stdin*\            : 9101 MB...     
[1A/*stdin*\            : 9109 MB...     
[1A/*stdin*\            : 9118 MB...     
[1A/*stdin*\            : 9126 MB...     
[1A/*stdin*\            : 9132 MB...     
[1A/*stdin*\            : 9139 MB...     
[1A/*stdin*\            : 9148 MB...     
[1A/*stdin*\            : 9157 MB...     
[1A/*stdin*\            : 9166 MB...     
[1A/*stdin*\            : 9171 MB...     
[1A/*stdin*\            : 9181 MB...     
[1A/*stdin*\            : 9191 MB...     
[1A/*stdin*\            : 9200 MB...     
[1A/*stdin*\            : 9211 MB...     
[1A/*stdin*\            : 9221 MB...     
[1A/*stdin*\            : 9230 MB...     
[1A/*stdin*\            : 9236 MB...     
[1A/*stdin*\            : 9244 MB...     
[1A/*stdin*\            : 9246 MB...     
[1A/*stdin*\            : 9254 MB...     
[1A/*stdin*\            : 9260 MB...     
[1A/*stdin*\            : 9268 MB...     
[1A/*stdin*\            : 9277 MB...     
[1A/*stdin*\            : 9287 MB...     
[1A/*stdin*\            : 9292 MB...     
[1A/*stdin*\            : 9301 MB...     
[1A/*stdin*\            : 9307 MB...     
[1A/*stdin*\            : 9314 MB...     
[1A/*stdin*\            : 9320 MB...     
[1A/*stdin*\            : 9322 MB...     
[1A/*stdin*\            : 9331 MB...     
[1A/*stdin*\            : 9338 MB...     
[1A/*stdin*\            : 9346 MB...     
[1A/*stdin*\            : 9354 MB...     
[1A/*stdin*\            : 9363 MB...     
[1A/*stdin*\            : 9370 MB...     
[1A/*stdin*\            : 9379 MB...     
[1A/*stdin*\            : 9389 MB...     
[1A/*stdin*\            : 9397 MB...     
[1A/*stdin*\            : 9399 MB...     
[1A/*stdin*\            : 9407 MB...     
[1A/*stdin*\            : 9416 MB...     
[1A/*stdin*\            : 9424 MB...     
[1A/*stdin*\            : 9432 MB...     
[1A/*stdin*\            : 9440 MB...     
[1A/*stdin*\            : 9449 MB...     
[1A/*stdin*\            : 9457 MB...     
[1A/*stdin*\            : 9466 MB...     
[1A/*stdin*\            : 9475 MB...     
[1A/*stdin*\            : 9483 MB...     
[1A/*stdin*\            : 9493 MB...     
[1A/*stdin*\            : 9502 MB...     
[1A/*stdin*\            : 9507 MB...     
[1A/*stdin*\            : 9516 MB...     
[1A/*stdin*\            : 9525 MB...     
[1A/*stdin*\            : 9534 MB...     
[1A/*stdin*\            : 9543 MB...     
[1A/*stdin*\            : 9551 MB...     
[1A/*stdin*\            : 9560 MB...     
[1A/*stdin*\            : 9570 MB...     
[1A/*stdin*\            : 9580 MB...     
[1A/*stdin*\            : 9587 MB...     
[1A/*stdin*\            : 9596 MB...     
[1A/*stdin*\            : 9606 MB...     
[1A/*stdin*\            : 9615 MB...     
[1A/*stdin*\            : 9623 MB...     
[1A/*stdin*\            : 9628 MB...     
[1A/*stdin*\            : 9635 MB...     
[1A/*stdin*\            : 9643 MB...     
[1A/*stdin*\            : 9649 MB...     
[1A/*stdin*\            : 9656 MB...     
[1A/*stdin*\            : 9664 MB...     
[1A/*stdin*\            : 9671 MB...     
[1A/*stdin*\            : 9678 MB...     
[1A/*stdin*\            : 9685 MB...     
[1A/*stdin*\            : 9693 MB...     
[1A/*stdin*\            : 9700 MB...     
[1A/*stdin*\            : 9707 MB...     
[1A/*stdin*\            : 9713 MB...     
[1A/*stdin*\            : 9721 MB...     
[1A/*stdin*\            : 9728 MB...     
[1A/*stdin*\            : 9736 MB...     
[1A/*stdin*\            : 9743 MB...     
[1A/*stdin*\            : 9751 MB...     
[1A/*stdin*\            : 9759 MB...     
[1A/*stdin*\            : 9766 MB...     
[1A/*stdin*\            : 9773 MB...     
[1A/*stdin*\            : 9780 MB...     
[1A/*stdin*\            : 9788 MB...     
[1A/*stdin*\            : 9795 MB...     
[1A/*stdin*\            : 9801 MB...     
[1A/*stdin*\            : 9808 MB...     
[1A/*stdin*\            : 9814 MB...     
[1A/*stdin*\            : 9821 MB...     
[1A/*stdin*\            : 9828 MB...     
[1A/*stdin*\            : 9836 MB...     
[1A/*stdin*\            : 9844 MB...     
[1A/*stdin*\            : 9854 MB...     
[1A/*stdin*\            : 9863 MB...     
[1A/*stdin*\            : 9872 MB...     
[1A/*stdin*\            : 9881 MB...     
[1A/*stdin*\            : 9890 MB...     
[1A/*stdin*\            : 9900 MB...     
[1A/*stdin*\            : 9909 MB...     
[1A/*stdin*\            : 9919 MB...     
[1A/*stdin*\            : 9928 MB...     
[1A/*stdin*\            : 9933 MB...     
[1A/*stdin*\            : 9939 MB...     
[1A/*stdin*\            : 9946 MB...     
[1A/*stdin*\            : 9956 MB...     
[1A/*stdin*\            : 9965 MB...     
[1A/*stdin*\            : 9974 MB...     
[1A/*stdin*\            : 9983 MB...     
[1A/*stdin*\            : 9993 MB...     
[1A/*stdin*\            : 10004 MB...     
[1A/*stdin*\            : 10009 MB...     
[1A/*stdin*\            : 10018 MB...     
[1A/*stdin*\            : 10026 MB...     
[1A/*stdin*\            : 10036 MB...     
[1A/*stdin*\            : 10041 MB...     
[1A/*stdin*\            : 10051 MB...     
[1A/*stdin*\            : 10059 MB...     
[1A/*stdin*\            : 10069 MB...     
[1A/*stdin*\            : 10074 MB...                                                                                    
[1A/*stdin*\           : 10568162073 bytes 
done test80-2024-05-may-2tb7p.min-v2.v6.binpack: 10.6 GB in 302 s
fetch test80-2024-06-jun-2tb7p.min-v2.v6.binpack ...

[1A/*stdin*\            : 0 MB...     
[1A/*stdin*\            : 0 MB...     
[1A/*stdin*\            : 8 MB...     
[1A/*stdin*\            : 19 MB...     
[1A/*stdin*\            : 30 MB...     
[1A/*stdin*\            : 40 MB...     
[1A/*stdin*\            : 50 MB...     
[1A/*stdin*\            : 59 MB...     
[1A/*stdin*\            : 68 MB...     
[1A/*stdin*\            : 75 MB...     
[1A/*stdin*\            : 84 MB...     
[1A/*stdin*\            : 92 MB...     
[1A/*stdin*\            : 101 MB...     
[1A/*stdin*\            : 111 MB...     
[1A/*stdin*\            : 120 MB...     
[1A/*stdin*\            : 128 MB...     
[1A/*stdin*\            : 137 MB...     
[1A/*stdin*\            : 147 MB...     
[1A/*stdin*\            : 152 MB...     
[1A/*stdin*\            : 159 MB...     
[1A/*stdin*\            : 167 MB...     
[1A/*stdin*\            : 177 MB...     
[1A/*stdin*\            : 186 MB...     
[1A/*stdin*\            : 194 MB...     
[1A/*stdin*\            : 203 MB...     
[1A/*stdin*\            : 213 MB...     
[1A/*stdin*\            : 216 MB...     
[1A/*stdin*\            : 226 MB...     
[1A/*stdin*\            : 228 MB...     
[1A/*stdin*\            : 237 MB...     
[1A/*stdin*\            : 247 MB...     
[1A/*stdin*\            : 257 MB...     
[1A/*stdin*\            : 268 MB...     
[1A/*stdin*\            : 277 MB...     
[1A/*stdin*\            : 286 MB...     
[1A/*stdin*\            : 288 MB...     
[1A/*stdin*\            : 298 MB...     
[1A/*stdin*\            : 305 MB...     
[1A/*stdin*\            : 315 MB...     
[1A/*stdin*\            : 326 MB...     
[1A/*stdin*\            : 336 MB...     
[1A/*stdin*\            : 347 MB...     
[1A/*stdin*\            : 357 MB...     
[1A/*stdin*\            : 368 MB...     
[1A/*stdin*\            : 379 MB...     
[1A/*stdin*\            : 381 MB...     
[1A/*stdin*\            : 391 MB...     
[1A/*stdin*\            : 399 MB...     
[1A/*stdin*\            : 408 MB...     
[1A/*stdin*\            : 413 MB...     
[1A/*stdin*\            : 420 MB...     
[1A/*stdin*\            : 428 MB...     
[1A/*stdin*\            : 438 MB...     
[1A/*stdin*\            : 446 MB...     
[1A/*stdin*\            : 455 MB...     
[1A/*stdin*\            : 458 MB...     
[1A/*stdin*\            : 467 MB...     
[1A/*stdin*\            : 474 MB...     
[1A/*stdin*\            : 483 MB...     
[1A/*stdin*\            : 492 MB...     
[1A/*stdin*\            : 501 MB...     
[1A/*stdin*\            : 509 MB...     
[1A/*stdin*\            : 519 MB...     
[1A/*stdin*\            : 522 MB...     
[1A/*stdin*\            : 532 MB...     
[1A/*stdin*\            : 534 MB...     
[1A/*stdin*\            : 542 MB...     
[1A/*stdin*\            : 550 MB...     
[1A/*stdin*\            : 558 MB...     
[1A/*stdin*\            : 565 MB...     
[1A/*stdin*\            : 571 MB...     
[1A/*stdin*\            : 577 MB...     
[1A/*stdin*\            : 585 MB...     
[1A/*stdin*\            : 592 MB...     
[1A/*stdin*\            : 598 MB...     
[1A/*stdin*\            : 606 MB...     
[1A/*stdin*\            : 611 MB...     
[1A/*stdin*\            : 620 MB...     
[1A/*stdin*\            : 627 MB...     
[1A/*stdin*\            : 636 MB...     
[1A/*stdin*\            : 643 MB...     
[1A/*stdin*\            : 651 MB...     
[1A/*stdin*\            : 659 MB...     
[1A/*stdin*\            : 666 MB...     
[1A/*stdin*\            : 675 MB...     
[1A/*stdin*\            : 684 MB...     
[1A/*stdin*\            : 687 MB...     
[1A/*stdin*\            : 696 MB...     
[1A/*stdin*\            : 702 MB...     
[1A/*stdin*\            : 710 MB...     
[1A/*stdin*\            : 715 MB...     
[1A/*stdin*\            : 724 MB...     
[1A/*stdin*\            : 734 MB...     
[1A/*stdin*\            : 744 MB...     
[1A/*stdin*\            : 752 MB...     
[1A/*stdin*\            : 759 MB...     
[1A/*stdin*\            : 764 MB...     
[1A/*stdin*\            : 772 MB...     
[1A/*stdin*\            : 781 MB...     
[1A/*stdin*\            : 790 MB...     
[1A/*stdin*\            : 798 MB...     
[1A/*stdin*\            : 807 MB...     
[1A/*stdin*\            : 816 MB...     
[1A/*stdin*\            : 823 MB...     
[1A/*stdin*\            : 832 MB...     
[1A/*stdin*\            : 840 MB...     
[1A/*stdin*\            : 840 MB...     
[1A/*stdin*\            : 841 MB...     
[1A/*stdin*\            : 841 MB...     
[1A/*stdin*\            : 844 MB...     
[1A/*stdin*\            : 852 MB...     
[1A/*stdin*\            : 861 MB...     
[1A/*stdin*\            : 871 MB...     
[1A/*stdin*\            : 881 MB...     
[1A/*stdin*\            : 892 MB...     
[1A/*stdin*\            : 898 MB...     
[1A/*stdin*\            : 908 MB...     
[1A/*stdin*\            : 917 MB...     
[1A/*stdin*\            : 927 MB...     
[1A/*stdin*\            : 936 MB...     
[1A/*stdin*\            : 946 MB...     
[1A/*stdin*\            : 955 MB...     
[1A/*stdin*\            : 965 MB...     
[1A/*stdin*\            : 974 MB...     
[1A/*stdin*\            : 984 MB...     
[1A/*stdin*\            : 993 MB...     
[1A/*stdin*\            : 1001 MB...     
[1A/*stdin*\            : 1010 MB...     
[1A/*stdin*\            : 1018 MB...     
[1A/*stdin*\            : 1027 MB...     
[1A/*stdin*\            : 1036 MB...     
[1A/*stdin*\            : 1045 MB...     
[1A/*stdin*\            : 1053 MB...     
[1A/*stdin*\            : 1062 MB...     
[1A/*stdin*\            : 1070 MB...     
[1A/*stdin*\            : 1072 MB...     
[1A/*stdin*\            : 1075 MB...     
[1A/*stdin*\            : 1077 MB...     
[1A/*stdin*\            : 1080 MB...     
[1A/*stdin*\            : 1082 MB...     
[1A/*stdin*\            : 1085 MB...     
[1A/*stdin*\            : 1088 MB...     
[1A/*stdin*\            : 1090 MB...     
[1A/*stdin*\            : 1093 MB...     
[1A/*stdin*\            : 1095 MB...     
[1A/*stdin*\            : 1098 MB...     
[1A/*stdin*\            : 1100 MB...     
[1A/*stdin*\            : 1103 MB...     
[1A/*stdin*\            : 1106 MB...     
[1A/*stdin*\            : 1108 MB...     
[1A/*stdin*\            : 1111 MB...     
[1A/*stdin*\            : 1113 MB...     
[1A/*stdin*\            : 1116 MB...     
[1A/*stdin*\            : 1119 MB...     
[1A/*stdin*\            : 1121 MB...     
[1A/*stdin*\            : 1123 MB...     
[1A/*stdin*\            : 1126 MB...     
[1A/*stdin*\            : 1128 MB...     
[1A/*stdin*\            : 1130 MB...     
[1A/*stdin*\            : 1133 MB...     
[1A/*stdin*\            : 1136 MB...     
[1A/*stdin*\            : 1139 MB...     
[1A/*stdin*\            : 1141 MB...     
[1A/*stdin*\            : 1144 MB...     
[1A/*stdin*\            : 1146 MB...     
[1A/*stdin*\            : 1156 MB...     
[1A/*stdin*\            : 1165 MB...     
[1A/*stdin*\            : 1176 MB...     
[1A/*stdin*\            : 1184 MB...     
[1A/*stdin*\            : 1192 MB...     
[1A/*stdin*\            : 1199 MB...     
[1A/*stdin*\            : 1209 MB...     
[1A/*stdin*\            : 1220 MB...     
[1A/*stdin*\            : 1226 MB...     
[1A/*stdin*\            : 1234 MB...     
[1A/*stdin*\            : 1242 MB...     
[1A/*stdin*\            : 1251 MB...     
[1A/*stdin*\            : 1252 MB...     
[1A/*stdin*\            : 1262 MB...     
[1A/*stdin*\            : 1270 MB...     
[1A/*stdin*\            : 1278 MB...     
[1A/*stdin*\            : 1287 MB...     
[1A/*stdin*\            : 1296 MB...     
[1A/*stdin*\            : 1299 MB...     
[1A/*stdin*\            : 1309 MB...     
[1A/*stdin*\            : 1320 MB...     
[1A/*stdin*\            : 1330 MB...     
[1A/*stdin*\            : 1340 MB...     
[1A/*stdin*\            : 1350 MB...     
[1A/*stdin*\            : 1360 MB...     
[1A/*stdin*\            : 1370 MB...     
[1A/*stdin*\            : 1376 MB...     
[1A/*stdin*\            : 1385 MB...     
[1A/*stdin*\            : 1395 MB...     
[1A/*stdin*\            : 1404 MB...     
[1A/*stdin*\            : 1414 MB...     
[1A/*stdin*\            : 1423 MB...     
[1A/*stdin*\            : 1433 MB...     
[1A/*stdin*\            : 1442 MB...     
[1A/*stdin*\            : 1452 MB...     
[1A/*stdin*\            : 1452 MB...     
[1A/*stdin*\            : 1462 MB...     
[1A/*stdin*\            : 1471 MB...     
[1A/*stdin*\            : 1480 MB...     
[1A/*stdin*\            : 1490 MB...     
[1A/*stdin*\            : 1496 MB...     
[1A/*stdin*\            : 1500 MB...     
[1A/*stdin*\            : 1503 MB...     
[1A/*stdin*\            : 1507 MB...     
[1A/*stdin*\            : 1510 MB...     
[1A/*stdin*\            : 1513 MB...     
[1A/*stdin*\            : 1517 MB...     
[1A/*stdin*\            : 1520 MB...     
[1A/*stdin*\            : 1524 MB...     
[1A/*stdin*\            : 1527 MB...     
[1A/*stdin*\            : 1529 MB...     
[1A/*stdin*\            : 1533 MB...     
[1A/*stdin*\            : 1537 MB...     
[1A/*stdin*\            : 1541 MB...     
[1A/*stdin*\            : 1545 MB...     
[1A/*stdin*\            : 1548 MB...     
[1A/*stdin*\            : 1553 MB...     
[1A/*stdin*\            : 1558 MB...     
[1A/*stdin*\            : 1567 MB...     
[1A/*stdin*\            : 1577 MB...     
[1A/*stdin*\            : 1586 MB...     
[1A/*stdin*\            : 1596 MB...     
[1A/*stdin*\            : 1605 MB...     
[1A/*stdin*\            : 1615 MB...     
[1A/*stdin*\            : 1622 MB...     
[1A/*stdin*\            : 1632 MB...     
[1A/*stdin*\            : 1641 MB...     
[1A/*stdin*\            : 1649 MB...     
[1A/*stdin*\            : 1654 MB...     
[1A/*stdin*\            : 1663 MB...     
[1A/*stdin*\            : 1673 MB...     
[1A/*stdin*\            : 1683 MB...     
[1A/*stdin*\            : 1693 MB...     
[1A/*stdin*\            : 1703 MB...     
[1A/*stdin*\            : 1712 MB...     
[1A/*stdin*\            : 1721 MB...     
[1A/*stdin*\            : 1731 MB...     
[1A/*stdin*\            : 1741 MB...     
[1A/*stdin*\            : 1750 MB...     
[1A/*stdin*\            : 1760 MB...     
[1A/*stdin*\            : 1770 MB...     
[1A/*stdin*\            : 1780 MB...     
[1A/*stdin*\            : 1791 MB...     
[1A/*stdin*\            : 1801 MB...     
[1A/*stdin*\            : 1811 MB...     
[1A/*stdin*\            : 1818 MB...     
[1A/*stdin*\            : 1826 MB...     
[1A/*stdin*\            : 1835 MB...     
[1A/*stdin*\            : 1844 MB...     
[1A/*stdin*\            : 1853 MB...     
[1A/*stdin*\            : 1863 MB...     
[1A/*stdin*\            : 1873 MB...     
[1A/*stdin*\            : 1883 MB...     
[1A/*stdin*\            : 1892 MB...     
[1A/*stdin*\            : 1896 MB...     
[1A/*stdin*\            : 1899 MB...     
[1A/*stdin*\            : 1907 MB...     
[1A/*stdin*\            : 1917 MB...     
[1A/*stdin*\            : 1923 MB...     
[1A/*stdin*\            : 1927 MB...     
[1A/*stdin*\            : 1934 MB...     
[1A/*stdin*\            : 1939 MB...     
[1A/*stdin*\            : 1946 MB...     
[1A/*stdin*\            : 1955 MB...     
[1A/*stdin*\            : 1963 MB...     
[1A/*stdin*\            : 1967 MB...     
[1A/*stdin*\            : 1973 MB...     
[1A/*stdin*\            : 1977 MB...     
[1A/*stdin*\            : 1983 MB...     
[1A/*stdin*\            : 1989 MB...     
[1A/*stdin*\            : 1999 MB...     
[1A/*stdin*\            : 2004 MB...     
[1A/*stdin*\            : 2009 MB...     
[1A/*stdin*\            : 2014 MB...     
[1A/*stdin*\            : 2021 MB...     
[1A/*stdin*\            : 2026 MB...     
[1A/*stdin*\            : 2033 MB...     
[1A/*stdin*\            : 2043 MB...     
[1A/*stdin*\            : 2054 MB...     
[1A/*stdin*\            : 2064 MB...     
[1A/*stdin*\            : 2075 MB...     
[1A/*stdin*\            : 2085 MB...     
[1A/*stdin*\            : 2096 MB...     
[1A/*stdin*\            : 2106 MB...     
[1A/*stdin*\            : 2116 MB...     
[1A/*stdin*\            : 2126 MB...     
[1A/*stdin*\            : 2136 MB...     
[1A/*stdin*\            : 2146 MB...     
[1A/*stdin*\            : 2156 MB...     
[1A/*stdin*\            : 2166 MB...     
[1A/*stdin*\            : 2170 MB...     
[1A/*stdin*\            : 2180 MB...     
[1A/*stdin*\            : 2189 MB...     
[1A/*stdin*\            : 2198 MB...     
[1A/*stdin*\            : 2207 MB...     
[1A/*stdin*\            : 2216 MB...     
[1A/*stdin*\            : 2217 MB...     
[1A/*stdin*\            : 2226 MB...     
[1A/*stdin*\            : 2235 MB...     
[1A/*stdin*\            : 2243 MB...     
[1A/*stdin*\            : 2250 MB...     
[1A/*stdin*\            : 2258 MB...     
[1A/*stdin*\            : 2267 MB...     
[1A/*stdin*\            : 2276 MB...     
[1A/*stdin*\            : 2285 MB...     
[1A/*stdin*\            : 2294 MB...     
[1A/*stdin*\            : 2302 MB...     
[1A/*stdin*\            : 2311 MB...     
[1A/*stdin*\            : 2320 MB...     
[1A/*stdin*\            : 2328 MB...     
[1A/*stdin*\            : 2337 MB...     
[1A/*stdin*\            : 2345 MB...     
[1A/*stdin*\            : 2353 MB...     
[1A/*stdin*\            : 2361 MB...     
[1A/*stdin*\            : 2369 MB...     
[1A/*stdin*\            : 2370 MB...     
[1A/*stdin*\            : 2379 MB...     
[1A/*stdin*\            : 2387 MB...     
[1A/*stdin*\            : 2396 MB...     
[1A/*stdin*\            : 2402 MB...     
[1A/*stdin*\            : 2411 MB...     
[1A/*stdin*\            : 2420 MB...     
[1A/*stdin*\            : 2430 MB...     
[1A/*stdin*\            : 2440 MB...     
[1A/*stdin*\            : 2446 MB...     
[1A/*stdin*\            : 2456 MB...     
[1A/*stdin*\            : 2465 MB...     
[1A/*stdin*\            : 2474 MB...     
[1A/*stdin*\            : 2479 MB...     
[1A/*stdin*\            : 2486 MB...     
[1A/*stdin*\            : 2495 MB...     
[1A/*stdin*\            : 2503 MB...     
[1A/*stdin*\            : 2511 MB...     
[1A/*stdin*\            : 2519 MB...     
[1A/*stdin*\            : 2523 MB...     
[1A/*stdin*\            : 2532 MB...     
[1A/*stdin*\            : 2542 MB...     
[1A/*stdin*\            : 2551 MB...     
[1A/*stdin*\            : 2561 MB...     
[1A/*stdin*\            : 2570 MB...     
[1A/*stdin*\            : 2580 MB...     
[1A/*stdin*\            : 2589 MB...     
[1A/*stdin*\            : 2598 MB...     
[1A/*stdin*\            : 2599 MB...     
[1A/*stdin*\            : 2609 MB...     
[1A/*stdin*\            : 2616 MB...     
[1A/*stdin*\            : 2624 MB...     
[1A/*stdin*\            : 2632 MB...     
[1A/*stdin*\            : 2641 MB...     
[1A/*stdin*\            : 2650 MB...     
[1A/*stdin*\            : 2658 MB...     
[1A/*stdin*\            : 2665 MB...     
[1A/*stdin*\            : 2674 MB...     
[1A/*stdin*\            : 2678 MB...     
[1A/*stdin*\            : 2687 MB...     
[1A/*stdin*\            : 2695 MB...     
[1A/*stdin*\            : 2705 MB...     
[1A/*stdin*\            : 2712 MB...     
[1A/*stdin*\            : 2721 MB...     
[1A/*stdin*\            : 2729 MB...     
[1A/*stdin*\            : 2738 MB...     
[1A/*stdin*\            : 2748 MB...     
[1A/*stdin*\            : 2752 MB...     
[1A/*stdin*\            : 2761 MB...     
[1A/*stdin*\            : 2770 MB...     
[1A/*stdin*\            : 2779 MB...     
[1A/*stdin*\            : 2787 MB...     
[1A/*stdin*\            : 2797 MB...     
[1A/*stdin*\            : 2805 MB...     
[1A/*stdin*\            : 2815 MB...     
[1A/*stdin*\            : 2823 MB...     
[1A/*stdin*\            : 2829 MB...     
[1A/*stdin*\            : 2837 MB...     
[1A/*stdin*\            : 2845 MB...     
[1A/*stdin*\            : 2854 MB...     
[1A/*stdin*\            : 2859 MB...     
[1A/*stdin*\            : 2867 MB...     
[1A/*stdin*\            : 2877 MB...     
[1A/*stdin*\            : 2886 MB...     
[1A/*stdin*\            : 2895 MB...     
[1A/*stdin*\            : 2905 MB...     
[1A/*stdin*\            : 2905 MB...     
[1A/*stdin*\            : 2914 MB...     
[1A/*stdin*\            : 2922 MB...     
[1A/*stdin*\            : 2932 MB...     
[1A/*stdin*\            : 2942 MB...     
[1A/*stdin*\            : 2951 MB...     
[1A/*stdin*\            : 2961 MB...     
[1A/*stdin*\            : 2971 MB...     
[1A/*stdin*\            : 2979 MB...     
[1A/*stdin*\            : 2982 MB...     
[1A/*stdin*\            : 2991 MB...     
[1A/*stdin*\            : 2999 MB...     
[1A/*stdin*\            : 3008 MB...     
[1A/*stdin*\            : 3011 MB...     
[1A/*stdin*\            : 3020 MB...     
[1A/*stdin*\            : 3028 MB...     
[1A/*stdin*\            : 3036 MB...     
[1A/*stdin*\            : 3042 MB...     
[1A/*stdin*\            : 3050 MB...     
[1A/*stdin*\            : 3056 MB...     
[1A/*stdin*\            : 3058 MB...     
[1A/*stdin*\            : 3068 MB...     
[1A/*stdin*\            : 3078 MB...     
[1A/*stdin*\            : 3087 MB...     
[1A/*stdin*\            : 3094 MB...     
[1A/*stdin*\            : 3103 MB...     
[1A/*stdin*\            : 3111 MB...     
[1A/*stdin*\            : 3121 MB...     
[1A/*stdin*\            : 3130 MB...     
[1A/*stdin*\            : 3135 MB...     
[1A/*stdin*\            : 3139 MB...     
[1A/*stdin*\            : 3145 MB...     
[1A/*stdin*\            : 3150 MB...     
[1A/*stdin*\            : 3155 MB...     
[1A/*stdin*\            : 3160 MB...     
[1A/*stdin*\            : 3166 MB...     
[1A/*stdin*\            : 3171 MB...     
[1A/*stdin*\            : 3176 MB...     
[1A/*stdin*\            : 3181 MB...     
[1A/*stdin*\            : 3187 MB...     
[1A/*stdin*\            : 3193 MB...     
[1A/*stdin*\            : 3198 MB...     
[1A/*stdin*\            : 3203 MB...     
[1A/*stdin*\            : 3209 MB...     
[1A/*stdin*\            : 3211 MB...     
[1A/*stdin*\            : 3221 MB...     
[1A/*stdin*\            : 3230 MB...     
[1A/*stdin*\            : 3239 MB...     
[1A/*stdin*\            : 3248 MB...     
[1A/*stdin*\            : 3257 MB...     
[1A/*stdin*\            : 3266 MB...     
[1A/*stdin*\            : 3274 MB...     
[1A/*stdin*\            : 3284 MB...     
[1A/*stdin*\            : 3288 MB...     
[1A/*stdin*\            : 3297 MB...     
[1A/*stdin*\            : 3307 MB...     
[1A/*stdin*\            : 3316 MB...     
[1A/*stdin*\            : 3324 MB...     
[1A/*stdin*\            : 3333 MB...     
[1A/*stdin*\            : 3343 MB...     
[1A/*stdin*\            : 3352 MB...     
[1A/*stdin*\            : 3360 MB...     
[1A/*stdin*\            : 3364 MB...     
[1A/*stdin*\            : 3372 MB...     
[1A/*stdin*\            : 3380 MB...     
[1A/*stdin*\            : 3387 MB...     
[1A/*stdin*\            : 3395 MB...     
[1A/*stdin*\            : 3405 MB...     
[1A/*stdin*\            : 3415 MB...     
[1A/*stdin*\            : 3426 MB...     
[1A/*stdin*\            : 3436 MB...     
[1A/*stdin*\            : 3440 MB...     
[1A/*stdin*\            : 3449 MB...     
[1A/*stdin*\            : 3455 MB...     
[1A/*stdin*\            : 3464 MB...     
[1A/*stdin*\            : 3472 MB...     
[1A/*stdin*\            : 3480 MB...     
[1A/*stdin*\            : 3487 MB...     
[1A/*stdin*\            : 3495 MB...     
[1A/*stdin*\            : 3504 MB...     
[1A/*stdin*\            : 3508 MB...     
[1A/*stdin*\            : 3515 MB...     
[1A/*stdin*\            : 3517 MB...     
[1A/*stdin*\            : 3526 MB...     
[1A/*stdin*\            : 3533 MB...     
[1A/*stdin*\            : 3543 MB...     
[1A/*stdin*\            : 3552 MB...     
[1A/*stdin*\            : 3562 MB...     
[1A/*stdin*\            : 3572 MB...     
[1A/*stdin*\            : 3580 MB...     
[1A/*stdin*\            : 3588 MB...     
[1A/*stdin*\            : 3593 MB...     
[1A/*stdin*\            : 3603 MB...     
[1A/*stdin*\            : 3611 MB...     
[1A/*stdin*\            : 3619 MB...     
[1A/*stdin*\            : 3627 MB...     
[1A/*stdin*\            : 3636 MB...     
[1A/*stdin*\            : 3646 MB...     
[1A/*stdin*\            : 3656 MB...     
[1A/*stdin*\            : 3667 MB...     
[1A/*stdin*\            : 3670 MB...     
[1A/*stdin*\            : 3678 MB...     
[1A/*stdin*\            : 3686 MB...     
[1A/*stdin*\            : 3695 MB...     
[1A/*stdin*\            : 3705 MB...     
[1A/*stdin*\            : 3715 MB...     
[1A/*stdin*\            : 3722 MB...     
[1A/*stdin*\            : 3730 MB...     
[1A/*stdin*\            : 3740 MB...     
[1A/*stdin*\            : 3746 MB...     
[1A/*stdin*\            : 3756 MB...     
[1A/*stdin*\            : 3765 MB...     
[1A/*stdin*\            : 3775 MB...     
[1A/*stdin*\            : 3785 MB...     
[1A/*stdin*\            : 3794 MB...     
[1A/*stdin*\            : 3802 MB...     
[1A/*stdin*\            : 3812 MB...     
[1A/*stdin*\            : 3822 MB...     
[1A/*stdin*\            : 3823 MB...     
[1A/*stdin*\            : 3831 MB...     
[1A/*stdin*\            : 3838 MB...     
[1A/*stdin*\            : 3846 MB...     
[1A/*stdin*\            : 3854 MB...     
[1A/*stdin*\            : 3862 MB...     
[1A/*stdin*\            : 3871 MB...     
[1A/*stdin*\            : 3880 MB...     
[1A/*stdin*\            : 3888 MB...     
[1A/*stdin*\            : 3898 MB...     
[1A/*stdin*\            : 3899 MB...     
[1A/*stdin*\            : 3908 MB...     
[1A/*stdin*\            : 3918 MB...     
[1A/*stdin*\            : 3928 MB...     
[1A/*stdin*\            : 3939 MB...     
[1A/*stdin*\            : 3949 MB...     
[1A/*stdin*\            : 3960 MB...     
[1A/*stdin*\            : 3969 MB...     
[1A/*stdin*\            : 3976 MB...     
[1A/*stdin*\            : 3984 MB...     
[1A/*stdin*\            : 3993 MB...     
[1A/*stdin*\            : 4000 MB...     
[1A/*stdin*\            : 4008 MB...     
[1A/*stdin*\            : 4016 MB...     
[1A/*stdin*\            : 4025 MB...     
[1A/*stdin*\            : 4033 MB...     
[1A/*stdin*\            : 4042 MB...     
[1A/*stdin*\            : 4052 MB...     
[1A/*stdin*\            : 4052 MB...     
[1A/*stdin*\            : 4061 MB...     
[1A/*stdin*\            : 4070 MB...     
[1A/*stdin*\            : 4078 MB...     
[1A/*stdin*\            : 4086 MB...     
[1A/*stdin*\            : 4096 MB...     
[1A/*stdin*\            : 4105 MB...     
[1A/*stdin*\            : 4114 MB...     
[1A/*stdin*\            : 4121 MB...     
[1A/*stdin*\            : 4129 MB...     
[1A/*stdin*\            : 4135 MB...     
[1A/*stdin*\            : 4143 MB...     
[1A/*stdin*\            : 4149 MB...     
[1A/*stdin*\            : 4158 MB...     
[1A/*stdin*\            : 4166 MB...     
[1A/*stdin*\            : 4175 MB...     
[1A/*stdin*\            : 4183 MB...     
[1A/*stdin*\            : 4190 MB...     
[1A/*stdin*\            : 4198 MB...     
[1A/*stdin*\            : 4205 MB...     
[1A/*stdin*\            : 4205 MB...     
[1A/*stdin*\            : 4214 MB...     
[1A/*stdin*\            : 4224 MB...     
[1A/*stdin*\            : 4232 MB...     
[1A/*stdin*\            : 4241 MB...     
[1A/*stdin*\            : 4250 MB...     
[1A/*stdin*\            : 4260 MB...     
[1A/*stdin*\            : 4267 MB...     
[1A/*stdin*\            : 4277 MB...     
[1A/*stdin*\            : 4281 MB...     
[1A/*stdin*\            : 4289 MB...     
[1A/*stdin*\            : 4295 MB...     
[1A/*stdin*\            : 4303 MB...     
[1A/*stdin*\            : 4309 MB...     
[1A/*stdin*\            : 4315 MB...     
[1A/*stdin*\            : 4323 MB...     
[1A/*stdin*\            : 4331 MB...     
[1A/*stdin*\            : 4337 MB...     
[1A/*stdin*\            : 4343 MB...     
[1A/*stdin*\            : 4349 MB...     
[1A/*stdin*\            : 4357 MB...     
[1A/*stdin*\            : 4358 MB...     
[1A/*stdin*\            : 4366 MB...     
[1A/*stdin*\            : 4372 MB...     
[1A/*stdin*\            : 4379 MB...     
[1A/*stdin*\            : 4387 MB...     
[1A/*stdin*\            : 4395 MB...     
[1A/*stdin*\            : 4402 MB...     
[1A/*stdin*\            : 4410 MB...     
[1A/*stdin*\            : 4415 MB...     
[1A/*stdin*\            : 4420 MB...     
[1A/*stdin*\            : 4424 MB...     
[1A/*stdin*\            : 4431 MB...     
[1A/*stdin*\            : 4434 MB...     
[1A/*stdin*\            : 4444 MB...     
[1A/*stdin*\            : 4454 MB...     
[1A/*stdin*\            : 4462 MB...     
[1A/*stdin*\            : 4468 MB...     
[1A/*stdin*\            : 4477 MB...     
[1A/*stdin*\            : 4486 MB...     
[1A/*stdin*\            : 4491 MB...     
[1A/*stdin*\            : 4499 MB...     
[1A/*stdin*\            : 4509 MB...     
[1A/*stdin*\            : 4511 MB...     
[1A/*stdin*\            : 4519 MB...     
[1A/*stdin*\            : 4528 MB...     
[1A/*stdin*\            : 4536 MB...     
[1A/*stdin*\            : 4542 MB...     
[1A/*stdin*\            : 4549 MB...     
[1A/*stdin*\            : 4557 MB...     
[1A/*stdin*\            : 4565 MB...     
[1A/*stdin*\            : 4573 MB...     
[1A/*stdin*\            : 4581 MB...     
[1A/*stdin*\            : 4587 MB...     
[1A/*stdin*\            : 4597 MB...     
[1A/*stdin*\            : 4605 MB...     
[1A/*stdin*\            : 4613 MB...     
[1A/*stdin*\            : 4621 MB...     
[1A/*stdin*\            : 4630 MB...     
[1A/*stdin*\            : 4638 MB...     
[1A/*stdin*\            : 4647 MB...     
[1A/*stdin*\            : 4655 MB...     
[1A/*stdin*\            : 4664 MB...     
[1A/*stdin*\            : 4672 MB...     
[1A/*stdin*\            : 4681 MB...     
[1A/*stdin*\            : 4688 MB...     
[1A/*stdin*\            : 4697 MB...     
[1A/*stdin*\            : 4705 MB...     
[1A/*stdin*\            : 4714 MB...     
[1A/*stdin*\            : 4722 MB...     
[1A/*stdin*\            : 4729 MB...     
[1A/*stdin*\            : 4737 MB...     
[1A/*stdin*\            : 4740 MB...     
[1A/*stdin*\            : 4748 MB...     
[1A/*stdin*\            : 4753 MB...     
[1A/*stdin*\            : 4762 MB...     
[1A/*stdin*\            : 4771 MB...     
[1A/*stdin*\            : 4780 MB...     
[1A/*stdin*\            : 4788 MB...     
[1A/*stdin*\            : 4797 MB...     
[1A/*stdin*\            : 4805 MB...     
[1A/*stdin*\            : 4813 MB...     
[1A/*stdin*\            : 4816 MB...     
[1A/*stdin*\            : 4824 MB...     
[1A/*stdin*\            : 4832 MB...     
[1A/*stdin*\            : 4839 MB...     
[1A/*stdin*\            : 4847 MB...     
[1A/*stdin*\            : 4857 MB...     
[1A/*stdin*\            : 4865 MB...     
[1A/*stdin*\            : 4875 MB...     
[1A/*stdin*\            : 4885 MB...     
[1A/*stdin*\            : 4893 MB...     
[1A/*stdin*\            : 4903 MB...     
[1A/*stdin*\            : 4911 MB...     
[1A/*stdin*\            : 4920 MB...     
[1A/*stdin*\            : 4928 MB...     
[1A/*stdin*\            : 4937 MB...     
[1A/*stdin*\            : 4947 MB...     
[1A/*stdin*\            : 4956 MB...     
[1A/*stdin*\            : 4965 MB...     
[1A/*stdin*\            : 4969 MB...     
[1A/*stdin*\            : 4979 MB...     
[1A/*stdin*\            : 4988 MB...     
[1A/*stdin*\            : 4994 MB...     
[1A/*stdin*\            : 5004 MB...     
[1A/*stdin*\            : 5014 MB...     
[1A/*stdin*\            : 5025 MB...     
[1A/*stdin*\            : 5035 MB...     
[1A/*stdin*\            : 5045 MB...     
[1A/*stdin*\            : 5052 MB...     
[1A/*stdin*\            : 5061 MB...     
[1A/*stdin*\            : 5069 MB...     
[1A/*stdin*\            : 5076 MB...     
[1A/*stdin*\            : 5085 MB...     
[1A/*stdin*\            : 5092 MB...     
[1A/*stdin*\            : 5100 MB...     
[1A/*stdin*\            : 5108 MB...     
[1A/*stdin*\            : 5115 MB...     
[1A/*stdin*\            : 5122 MB...     
[1A/*stdin*\            : 5131 MB...     
[1A/*stdin*\            : 5142 MB...     
[1A/*stdin*\            : 5152 MB...     
[1A/*stdin*\            : 5160 MB...     
[1A/*stdin*\            : 5170 MB...     
[1A/*stdin*\            : 5181 MB...     
[1A/*stdin*\            : 5192 MB...     
[1A/*stdin*\            : 5199 MB...     
[1A/*stdin*\            : 5208 MB...     
[1A/*stdin*\            : 5218 MB...     
[1A/*stdin*\            : 5227 MB...     
[1A/*stdin*\            : 5235 MB...     
[1A/*stdin*\            : 5244 MB...     
[1A/*stdin*\            : 5254 MB...     
[1A/*stdin*\            : 5262 MB...     
[1A/*stdin*\            : 5271 MB...     
[1A/*stdin*\            : 5275 MB...     
[1A/*stdin*\            : 5284 MB...     
[1A/*stdin*\            : 5292 MB...     
[1A/*stdin*\            : 5300 MB...     
[1A/*stdin*\            : 5308 MB...     
[1A/*stdin*\            : 5317 MB...     
[1A/*stdin*\            : 5325 MB...     
[1A/*stdin*\            : 5334 MB...     
[1A/*stdin*\            : 5343 MB...     
[1A/*stdin*\            : 5352 MB...     
[1A/*stdin*\            : 5361 MB...     
[1A/*stdin*\            : 5370 MB...     
[1A/*stdin*\            : 5379 MB...     
[1A/*stdin*\            : 5387 MB...     
[1A/*stdin*\            : 5397 MB...     
[1A/*stdin*\            : 5406 MB...     
[1A/*stdin*\            : 5414 MB...     
[1A/*stdin*\            : 5416 MB...     
[1A/*stdin*\            : 5424 MB...     
[1A/*stdin*\            : 5428 MB...     
[1A/*stdin*\            : 5436 MB...     
[1A/*stdin*\            : 5443 MB...     
[1A/*stdin*\            : 5452 MB...     
[1A/*stdin*\            : 5460 MB...     
[1A/*stdin*\            : 5467 MB...     
[1A/*stdin*\            : 5476 MB...     
[1A/*stdin*\            : 5485 MB...     
[1A/*stdin*\            : 5494 MB...     
[1A/*stdin*\            : 5502 MB...     
[1A/*stdin*\            : 5504 MB...     
[1A/*stdin*\            : 5513 MB...     
[1A/*stdin*\            : 5521 MB...     
[1A/*stdin*\            : 5529 MB...     
[1A/*stdin*\            : 5537 MB...     
[1A/*stdin*\            : 5546 MB...     
[1A/*stdin*\            : 5554 MB...     
[1A/*stdin*\            : 5563 MB...     
[1A/*stdin*\            : 5569 MB...     
[1A/*stdin*\            : 5575 MB...     
[1A/*stdin*\            : 5581 MB...     
[1A/*stdin*\            : 5590 MB...     
[1A/*stdin*\            : 5599 MB...     
[1A/*stdin*\            : 5607 MB...     
[1A/*stdin*\            : 5616 MB...     
[1A/*stdin*\            : 5625 MB...     
[1A/*stdin*\            : 5634 MB...     
[1A/*stdin*\            : 5642 MB...     
[1A/*stdin*\            : 5645 MB...     
[1A/*stdin*\            : 5650 MB...     
[1A/*stdin*\            : 5653 MB...     
[1A/*stdin*\            : 5657 MB...     
[1A/*stdin*\            : 5667 MB...     
[1A/*stdin*\            : 5677 MB...     
[1A/*stdin*\            : 5686 MB...     
[1A/*stdin*\            : 5696 MB...     
[1A/*stdin*\            : 5707 MB...     
[1A/*stdin*\            : 5717 MB...     
[1A/*stdin*\            : 5727 MB...     
[1A/*stdin*\            : 5734 MB...     
[1A/*stdin*\            : 5742 MB...     
[1A/*stdin*\            : 5750 MB...     
[1A/*stdin*\            : 5759 MB...     
[1A/*stdin*\            : 5768 MB...     
[1A/*stdin*\            : 5776 MB...     
[1A/*stdin*\            : 5782 MB...     
[1A/*stdin*\            : 5791 MB...     
[1A/*stdin*\            : 5801 MB...     
[1A/*stdin*\            : 5810 MB...     
[1A/*stdin*\            : 5819 MB...     
[1A/*stdin*\            : 5828 MB...     
[1A/*stdin*\            : 5837 MB...     
[1A/*stdin*\            : 5846 MB...     
[1A/*stdin*\            : 5855 MB...     
[1A/*stdin*\            : 5865 MB...     
[1A/*stdin*\            : 5874 MB...     
[1A/*stdin*\            : 5883 MB...     
[1A/*stdin*\            : 5887 MB...     
[1A/*stdin*\            : 5894 MB...     
[1A/*stdin*\            : 5901 MB...     
[1A/*stdin*\            : 5905 MB...     
[1A/*stdin*\            : 5909 MB...     
[1A/*stdin*\            : 5916 MB...     
[1A/*stdin*\            : 5926 MB...     
[1A/*stdin*\            : 5935 MB...     
[1A/*stdin*\            : 5946 MB...     
[1A/*stdin*\            : 5956 MB...     
[1A/*stdin*\            : 5966 MB...     
[1A/*stdin*\            : 5975 MB...     
[1A/*stdin*\            : 5985 MB...     
[1A/*stdin*\            : 5994 MB...     
[1A/*stdin*\            : 6003 MB...     
[1A/*stdin*\            : 6012 MB...     
[1A/*stdin*\            : 6022 MB...     
[1A/*stdin*\            : 6030 MB...     
[1A/*stdin*\            : 6039 MB...     
[1A/*stdin*\            : 6049 MB...     
[1A/*stdin*\            : 6059 MB...     
[1A/*stdin*\            : 6069 MB...     
[1A/*stdin*\            : 6079 MB...     
[1A/*stdin*\            : 6089 MB...     
[1A/*stdin*\            : 6100 MB...     
[1A/*stdin*\            : 6104 MB...     
[1A/*stdin*\            : 6113 MB...     
[1A/*stdin*\            : 6116 MB...     
[1A/*stdin*\            : 6124 MB...     
[1A/*stdin*\            : 6131 MB...     
[1A/*stdin*\            : 6140 MB...     
[1A/*stdin*\            : 6145 MB...     
[1A/*stdin*\            : 6155 MB...     
[1A/*stdin*\            : 6164 MB...     
[1A/*stdin*\            : 6172 MB...     
[1A/*stdin*\            : 6180 MB...     
[1A/*stdin*\            : 6188 MB...     
[1A/*stdin*\            : 6192 MB...     
[1A/*stdin*\            : 6201 MB...     
[1A/*stdin*\            : 6210 MB...     
[1A/*stdin*\            : 6218 MB...     
[1A/*stdin*\            : 6227 MB...     
[1A/*stdin*\            : 6234 MB...     
[1A/*stdin*\            : 6244 MB...     
[1A/*stdin*\            : 6252 MB...     
[1A/*stdin*\            : 6261 MB...     
[1A/*stdin*\            : 6269 MB...     
[1A/*stdin*\            : 6277 MB...     
[1A/*stdin*\            : 6286 MB...     
[1A/*stdin*\            : 6295 MB...     
[1A/*stdin*\            : 6303 MB...     
[1A/*stdin*\            : 6312 MB...     
[1A/*stdin*\            : 6321 MB...     
[1A/*stdin*\            : 6330 MB...     
[1A/*stdin*\            : 6339 MB...     
[1A/*stdin*\            : 6345 MB...     
[1A/*stdin*\            : 6354 MB...     
[1A/*stdin*\            : 6364 MB...     
[1A/*stdin*\            : 6370 MB...     
[1A/*stdin*\            : 6377 MB...     
[1A/*stdin*\            : 6387 MB...     
[1A/*stdin*\            : 6397 MB...     
[1A/*stdin*\            : 6407 MB...     
[1A/*stdin*\            : 6417 MB...     
[1A/*stdin*\            : 6422 MB...     
[1A/*stdin*\            : 6431 MB...     
[1A/*stdin*\            : 6439 MB...     
[1A/*stdin*\            : 6447 MB...     
[1A/*stdin*\            : 6456 MB...     
[1A/*stdin*\            : 6465 MB...     
[1A/*stdin*\            : 6474 MB...     
[1A/*stdin*\            : 6482 MB...     
[1A/*stdin*\            : 6490 MB...     
[1A/*stdin*\            : 6498 MB...     
[1A/*stdin*\            : 6507 MB...     
[1A/*stdin*\            : 6515 MB...     
[1A/*stdin*\            : 6523 MB...     
[1A/*stdin*\            : 6533 MB...     
[1A/*stdin*\            : 6541 MB...     
[1A/*stdin*\            : 6549 MB...     
[1A/*stdin*\            : 6558 MB...     
[1A/*stdin*\            : 6567 MB...     
[1A/*stdin*\            : 6572 MB...     
[1A/*stdin*\            : 6574 MB...     
[1A/*stdin*\            : 6583 MB...     
[1A/*stdin*\            : 6590 MB...     
[1A/*stdin*\            : 6599 MB...     
[1A/*stdin*\            : 6607 MB...     
[1A/*stdin*\            : 6616 MB...     
[1A/*stdin*\            : 6625 MB...     
[1A/*stdin*\            : 6632 MB...     
[1A/*stdin*\            : 6641 MB...     
[1A/*stdin*\            : 6650 MB...     
[1A/*stdin*\            : 6651 MB...     
[1A/*stdin*\            : 6659 MB...     
[1A/*stdin*\            : 6668 MB...     
[1A/*stdin*\            : 6676 MB...     
[1A/*stdin*\            : 6683 MB...     
[1A/*stdin*\            : 6692 MB...     
[1A/*stdin*\            : 6702 MB...     
[1A/*stdin*\            : 6712 MB...     
[1A/*stdin*\            : 6722 MB...     
[1A/*stdin*\            : 6727 MB...     
[1A/*stdin*\            : 6737 MB...     
[1A/*stdin*\            : 6746 MB...     
[1A/*stdin*\            : 6755 MB...     
[1A/*stdin*\            : 6763 MB...     
[1A/*stdin*\            : 6772 MB...     
[1A/*stdin*\            : 6781 MB...     
[1A/*stdin*\            : 6790 MB...     
[1A/*stdin*\            : 6799 MB...     
[1A/*stdin*\            : 6803 MB...     
[1A/*stdin*\            : 6812 MB...     
[1A/*stdin*\            : 6819 MB...     
[1A/*stdin*\            : 6826 MB...     
[1A/*stdin*\            : 6835 MB...     
[1A/*stdin*\            : 6844 MB...     
[1A/*stdin*\            : 6852 MB...     
[1A/*stdin*\            : 6859 MB...     
[1A/*stdin*\            : 6868 MB...     
[1A/*stdin*\            : 6874 MB...     
[1A/*stdin*\            : 6880 MB...     
[1A/*stdin*\            : 6889 MB...     
[1A/*stdin*\            : 6896 MB...     
[1A/*stdin*\            : 6903 MB...     
[1A/*stdin*\            : 6911 MB...     
[1A/*stdin*\            : 6919 MB...     
[1A/*stdin*\            : 6928 MB...     
[1A/*stdin*\            : 6936 MB...     
[1A/*stdin*\            : 6944 MB...     
[1A/*stdin*\            : 6952 MB...     
[1A/*stdin*\            : 6956 MB...     
[1A/*stdin*\            : 6964 MB...     
[1A/*stdin*\            : 6973 MB...     
[1A/*stdin*\            : 6982 MB...     
[1A/*stdin*\            : 6989 MB...     
[1A/*stdin*\            : 6998 MB...     
[1A/*stdin*\            : 7006 MB...     
[1A/*stdin*\            : 7014 MB...     
[1A/*stdin*\            : 7023 MB...     
[1A/*stdin*\            : 7031 MB...     
[1A/*stdin*\            : 7033 MB...     
[1A/*stdin*\            : 7042 MB...     
[1A/*stdin*\            : 7050 MB...     
[1A/*stdin*\            : 7060 MB...     
[1A/*stdin*\            : 7068 MB...     
[1A/*stdin*\            : 7078 MB...     
[1A/*stdin*\            : 7086 MB...     
[1A/*stdin*\            : 7095 MB...     
[1A/*stdin*\            : 7105 MB...     
[1A/*stdin*\            : 7109 MB...     
[1A/*stdin*\            : 7118 MB...     
[1A/*stdin*\            : 7126 MB...     
[1A/*stdin*\            : 7134 MB...     
[1A/*stdin*\            : 7143 MB...     
[1A/*stdin*\            : 7152 MB...     
[1A/*stdin*\            : 7160 MB...     
[1A/*stdin*\            : 7168 MB...     
[1A/*stdin*\            : 7176 MB...     
[1A/*stdin*\            : 7185 MB...     
[1A/*stdin*\            : 7186 MB...     
[1A/*stdin*\            : 7193 MB...     
[1A/*stdin*\            : 7200 MB...     
[1A/*stdin*\            : 7207 MB...     
[1A/*stdin*\            : 7215 MB...     
[1A/*stdin*\            : 7221 MB...     
[1A/*stdin*\            : 7231 MB...     
[1A/*stdin*\            : 7242 MB...     
[1A/*stdin*\            : 7252 MB...     
[1A/*stdin*\            : 7262 MB...     
[1A/*stdin*\            : 7262 MB...     
[1A/*stdin*\            : 7270 MB...     
[1A/*stdin*\            : 7278 MB...     
[1A/*stdin*\            : 7286 MB...     
[1A/*stdin*\            : 7294 MB...     
[1A/*stdin*\            : 7302 MB...     
[1A/*stdin*\            : 7310 MB...     
[1A/*stdin*\            : 7319 MB...     
[1A/*stdin*\            : 7327 MB...     
[1A/*stdin*\            : 7335 MB...     
[1A/*stdin*\            : 7338 MB...     
[1A/*stdin*\            : 7347 MB...     
[1A/*stdin*\            : 7356 MB...     
[1A/*stdin*\            : 7363 MB...     
[1A/*stdin*\            : 7371 MB...     
[1A/*stdin*\            : 7379 MB...     
[1A/*stdin*\            : 7387 MB...     
[1A/*stdin*\            : 7394 MB...     
[1A/*stdin*\            : 7403 MB...     
[1A/*stdin*\            : 7411 MB...     
[1A/*stdin*\            : 7415 MB...     
[1A/*stdin*\            : 7423 MB...     
[1A/*stdin*\            : 7431 MB...     
[1A/*stdin*\            : 7439 MB...     
[1A/*stdin*\            : 7446 MB...     
[1A/*stdin*\            : 7454 MB...     
[1A/*stdin*\            : 7462 MB...     
[1A/*stdin*\            : 7470 MB...     
[1A/*stdin*\            : 7478 MB...     
[1A/*stdin*\            : 7485 MB...     
[1A/*stdin*\            : 7491 MB...     
[1A/*stdin*\            : 7501 MB...     
[1A/*stdin*\            : 7511 MB...     
[1A/*stdin*\            : 7522 MB...     
[1A/*stdin*\            : 7532 MB...     
[1A/*stdin*\            : 7541 MB...     
[1A/*stdin*\            : 7551 MB...     
[1A/*stdin*\            : 7561 MB...     
[1A/*stdin*\            : 7568 MB...     
[1A/*stdin*\            : 7577 MB...     
[1A/*stdin*\            : 7587 MB...     
[1A/*stdin*\            : 7598 MB...     
[1A/*stdin*\            : 7608 MB...     
[1A/*stdin*\            : 7619 MB...     
[1A/*stdin*\            : 7630 MB...     
[1A/*stdin*\            : 7640 MB...     
[1A/*stdin*\            : 7644 MB...     
[1A/*stdin*\            : 7655 MB...     
[1A/*stdin*\            : 7666 MB...     
[1A/*stdin*\            : 7676 MB...     
[1A/*stdin*\            : 7686 MB...     
[1A/*stdin*\            : 7696 MB...     
[1A/*stdin*\            : 7706 MB...     
[1A/*stdin*\            : 7716 MB...     
[1A/*stdin*\            : 7720 MB...     
[1A/*stdin*\            : 7729 MB...     
[1A/*stdin*\            : 7739 MB...     
[1A/*stdin*\            : 7743 MB...     
[1A/*stdin*\            : 7753 MB...     
[1A/*stdin*\            : 7763 MB...     
[1A/*stdin*\            : 7772 MB...     
[1A/*stdin*\            : 7783 MB...     
[1A/*stdin*\            : 7793 MB...     
[1A/*stdin*\            : 7797 MB...     
[1A/*stdin*\            : 7807 MB...     
[1A/*stdin*\            : 7815 MB...     
[1A/*stdin*\            : 7821 MB...     
[1A/*stdin*\            : 7829 MB...     
[1A/*stdin*\            : 7837 MB...     
[1A/*stdin*\            : 7846 MB...     
[1A/*stdin*\            : 7855 MB...     
[1A/*stdin*\            : 7864 MB...     
[1A/*stdin*\            : 7873 MB...     
[1A/*stdin*\            : 7883 MB...     
[1A/*stdin*\            : 7894 MB...     
[1A/*stdin*\            : 7904 MB...     
[1A/*stdin*\            : 7914 MB...     
[1A/*stdin*\            : 7924 MB...     
[1A/*stdin*\            : 7935 MB...     
[1A/*stdin*\            : 7945 MB...     
[1A/*stdin*\            : 7950 MB...     
[1A/*stdin*\            : 7960 MB...     
[1A/*stdin*\            : 7970 MB...     
[1A/*stdin*\            : 7980 MB...     
[1A/*stdin*\            : 7990 MB...     
[1A/*stdin*\            : 8001 MB...     
[1A/*stdin*\            : 8011 MB...     
[1A/*stdin*\            : 8022 MB...     
[1A/*stdin*\            : 8026 MB...     
[1A/*stdin*\            : 8036 MB...     
[1A/*stdin*\            : 8047 MB...     
[1A/*stdin*\            : 8056 MB...     
[1A/*stdin*\            : 8066 MB...     
[1A/*stdin*\            : 8077 MB...     
[1A/*stdin*\            : 8087 MB...     
[1A/*stdin*\            : 8097 MB...     
[1A/*stdin*\            : 8103 MB...     
[1A/*stdin*\            : 8111 MB...     
[1A/*stdin*\            : 8119 MB...     
[1A/*stdin*\            : 8128 MB...     
[1A/*stdin*\            : 8132 MB...     
[1A/*stdin*\            : 8141 MB...     
[1A/*stdin*\            : 8149 MB...     
[1A/*stdin*\            : 8158 MB...     
[1A/*stdin*\            : 8166 MB...     
[1A/*stdin*\            : 8175 MB...     
[1A/*stdin*\            : 8179 MB...     
[1A/*stdin*\            : 8189 MB...     
[1A/*stdin*\            : 8200 MB...     
[1A/*stdin*\            : 8209 MB...     
[1A/*stdin*\            : 8219 MB...     
[1A/*stdin*\            : 8230 MB...     
[1A/*stdin*\            : 8239 MB...     
[1A/*stdin*\            : 8249 MB...     
[1A/*stdin*\            : 8255 MB...     
[1A/*stdin*\            : 8265 MB...     
[1A/*stdin*\            : 8275 MB...     
[1A/*stdin*\            : 8284 MB...     
[1A/*stdin*\            : 8294 MB...     
[1A/*stdin*\            : 8303 MB...     
[1A/*stdin*\            : 8312 MB...     
[1A/*stdin*\            : 8321 MB...     
[1A/*stdin*\            : 8331 MB...     
[1A/*stdin*\            : 8332 MB...     
[1A/*stdin*\            : 8342 MB...     
[1A/*stdin*\            : 8351 MB...     
[1A/*stdin*\            : 8360 MB...     
[1A/*stdin*\            : 8368 MB...     
[1A/*stdin*\            : 8378 MB...     
[1A/*stdin*\            : 8388 MB...     
[1A/*stdin*\            : 8397 MB...     
[1A/*stdin*\            : 8406 MB...     
[1A/*stdin*\            : 8408 MB...     
[1A/*stdin*\            : 8417 MB...     
[1A/*stdin*\            : 8425 MB...     
[1A/*stdin*\            : 8434 MB...     
[1A/*stdin*\            : 8442 MB...     
[1A/*stdin*\            : 8450 MB...     
[1A/*stdin*\            : 8459 MB...     
[1A/*stdin*\            : 8462 MB...     
[1A/*stdin*\            : 8471 MB...     
[1A/*stdin*\            : 8481 MB...     
[1A/*stdin*\            : 8486 MB...     
[1A/*stdin*\            : 8494 MB...     
[1A/*stdin*\            : 8503 MB...     
[1A/*stdin*\            : 8511 MB...     
[1A/*stdin*\            : 8519 MB...     
[1A/*stdin*\            : 8527 MB...     
[1A/*stdin*\            : 8536 MB...     
[1A/*stdin*\            : 8544 MB...     
[1A/*stdin*\            : 8553 MB...     
[1A/*stdin*\            : 8561 MB...     
[1A/*stdin*\            : 8561 MB...     
[1A/*stdin*\            : 8570 MB...     
[1A/*stdin*\            : 8578 MB...     
[1A/*stdin*\            : 8587 MB...     
[1A/*stdin*\            : 8595 MB...     
[1A/*stdin*\            : 8604 MB...     
[1A/*stdin*\            : 8612 MB...     
[1A/*stdin*\            : 8621 MB...     
[1A/*stdin*\            : 8629 MB...     
[1A/*stdin*\            : 8637 MB...     
[1A/*stdin*\            : 8638 MB...     
[1A/*stdin*\            : 8646 MB...     
[1A/*stdin*\            : 8653 MB...     
[1A/*stdin*\            : 8660 MB...     
[1A/*stdin*\            : 8669 MB...     
[1A/*stdin*\            : 8676 MB...     
[1A/*stdin*\            : 8685 MB...     
[1A/*stdin*\            : 8690 MB...     
[1A/*stdin*\            : 8697 MB...     
[1A/*stdin*\            : 8704 MB...     
[1A/*stdin*\            : 8713 MB...     
[1A/*stdin*\            : 8714 MB...     
[1A/*stdin*\            : 8722 MB...     
[1A/*stdin*\            : 8730 MB...     
[1A/*stdin*\            : 8739 MB...     
[1A/*stdin*\            : 8747 MB...     
[1A/*stdin*\            : 8755 MB...     
[1A/*stdin*\            : 8764 MB...     
[1A/*stdin*\            : 8773 MB...     
[1A/*stdin*\            : 8781 MB...     
[1A/*stdin*\            : 8789 MB...     
[1A/*stdin*\            : 8790 MB...     
[1A/*stdin*\            : 8800 MB...     
[1A/*stdin*\            : 8809 MB...     
[1A/*stdin*\            : 8819 MB...     
[1A/*stdin*\            : 8827 MB...     
[1A/*stdin*\            : 8837 MB...     
[1A/*stdin*\            : 8845 MB...     
[1A/*stdin*\            : 8855 MB...     
[1A/*stdin*\            : 8863 MB...     
[1A/*stdin*\            : 8867 MB...     
[1A/*stdin*\            : 8876 MB...     
[1A/*stdin*\            : 8885 MB...     
[1A/*stdin*\            : 8894 MB...     
[1A/*stdin*\            : 8903 MB...     
[1A/*stdin*\            : 8912 MB...     
[1A/*stdin*\            : 8921 MB...     
[1A/*stdin*\            : 8930 MB...     
[1A/*stdin*\            : 8939 MB...     
[1A/*stdin*\            : 8943 MB...     
[1A/*stdin*\            : 8953 MB...     
[1A/*stdin*\            : 8962 MB...     
[1A/*stdin*\            : 8971 MB...     
[1A/*stdin*\            : 8980 MB...     
[1A/*stdin*\            : 8989 MB...     
[1A/*stdin*\            : 8998 MB...                                                                                    
[1A/*stdin*\           : 9443656236 bytes 
done test80-2024-06-jun-2tb7p.min-v2.v6.binpack: 9.4 GB in 234 s
['/data/binpacks/test80-2024-01-jan-2tb7p.min-v2.v6.binpack', '/data/binpacks/test80-2024-02-feb-2tb7p.min-v2.v6.binpack', '/data/binpacks/test80-2024-03-mar-2tb7p.min-v2.v6.binpack', '/data/binpacks/test80-2024-04-apr-2tb7p.min-v2.v6.binpack', '/data/binpacks/test80-2024-05-may-2tb7p.min-v2.v6.binpack', '/data/binpacks/test80-2024-06-jun-2tb7p.min-v2.v6.binpack']
Stopping app - local entrypoint completed.
Runner terminated.
✓ App completed. View run at 
https://modal.com/apps/lironktf/main/ap-nFTT6hYtpEmeAwy9STby5y
