=== train start 2026-09-13T19:32:07Z net=anna-v3c data=/data/binpacks/test80-2024-01-jan-2tb7p.min-v2.v6.binpack,/data/binpacks/test80-2024-02-feb-2tb7p.min-v2.v6.binpack,/data/binpacks/test80-2024-03-mar-2tb7p.min-v2.v6.binpack,/data/binpacks/test80-2024-04-apr-2tb7p.min-v2.v6.binpack,/data/binpacks/test80-2024-05-may-2tb7p.min-v2.v6.binpack,/data/binpacks/test80-2024-06-jun-2tb7p.min-v2.v6.binpack resume=/data/resume/anna-v3b-s2-30 SB=0/430/30 LR1=5e-4 L1=512 cap=4.0h
name, memory.total [MiB]
NVIDIA L40S, 46068 MiB
resumed weights and optimiser state from /data/resume/anna-v3b-s2-30
anna-v3 trainer | net anna-v3c | data ["/data/binpacks/test80-2024-01-jan-2tb7p.min-v2.v6.binpack", "/data/binpacks/test80-2024-02-feb-2tb7p.min-v2.v6.binpack", "/data/binpacks/test80-2024-03-mar-2tb7p.min-v2.v6.binpack", "/data/binpacks/test80-2024-04-apr-2tb7p.min-v2.v6.binpack", "/data/binpacks/test80-2024-05-may-2tb7p.min-v2.v6.binpack", "/data/binpacks/test80-2024-06-jun-2tb7p.min-v2.v6.binpack"] | stages 0/430/30 SB | batch 131072 x 763 | width 512 L2 16 L3 32
[34;1mTraining on NVIDIA L40S (sm_89)[0m
superbatch [36m1[0m [[35m0.0[0m% ([36m0[0m/[36m763[0m batches, [36m1062966[0m pos/sec)]
Estimated time to end of superbatch: [36minf[0ms     [Fsuperbatch [36m1[0m [[35m16.8[0m% ([36m128[0m/[36m763[0m batches, [36m4737209[0m pos/sec)]
Estimated time to end of superbatch: [36m17.7[0ms     [Fsuperbatch [36m1[0m [[35m33.6[0m% ([36m256[0m/[36m763[0m batches, [36m4887075[0m pos/sec)]
Estimated time to end of superbatch: [36m13.7[0ms     [Fsuperbatch [36m1[0m [[35m50.3[0m% ([36m384[0m/[36m763[0m batches, [36m4949830[0m pos/sec)]
Estimated time to end of superbatch: [36m10.1[0ms     [Fsuperbatch [36m1[0m [[35m67.1[0m% ([36m512[0m/[36m763[0m batches, [36m4979205[0m pos/sec)]
Estimated time to end of superbatch: [36m6.6[0ms     [Fsuperbatch [36m1[0m [[35m83.9[0m% ([36m640[0m/[36m763[0m batches, [36m4959014[0m pos/sec)]
Estimated time to end of superbatch: [36m3.3[0ms     [Fsuperbatch [36m1[0m | time [36m20.2[0ms | running loss [36m0.008621[0m | [36m4954753[0m pos/sec | total time [36m27.3[0ms
Estimated time remaining in training: [36m3[0mh [36m14[0mm [36m54[0ms
LR dropped to [36m0.0004976791[0m
superbatch [36m2[0m [[35m0.0[0m% ([36m0[0m/[36m763[0m batches, [36m4262123[0m pos/sec)]
Estimated time to end of superbatch: [36minf[0ms     [Fsuperbatch [36m2[0m [[35m16.8[0m% ([36m128[0m/[36m763[0m batches, [36m5002440[0m pos/sec)]
Estimated time to end of superbatch: [36m16.8[0ms     [Fsuperbatch [36m2[0m [[35m33.6[0m% ([36m256[0m/[36m763[0m batches, [36m5033820[0m pos/sec)]
Estimated time to end of superbatch: [36m13.3[0ms     [Fsuperbatch [36m2[0m [[35m50.3[0m% ([36m384[0m/[36m763[0m batches, [36m4952670[0m pos/sec)]
Estimated time to end of superbatch: [36m10.1[0ms     [Fsuperbatch [36m2[0m [[35m67.1[0m% ([36m512[0m/[36m763[0m batches, [36m4983424[0m pos/sec)]
Estimated time to end of superbatch: [36m6.6[0ms     [Fsuperbatch [36m2[0m [[35m83.9[0m% ([36m640[0m/[36m763[0m batches, [36m4989936[0m pos/sec)]
Estimated time to end of superbatch: [36m3.2[0ms     [Fsuperbatch [36m2[0m | time [36m20.0[0ms | running loss [36m0.008558[0m | [36m4996195[0m pos/sec | total time [36m47.3[0ms
Estimated time remaining in training: [36m2[0mh [36m48[0mm [36m37[0ms
LR dropped to [36m0.0004965186[0m
superbatch [36m3[0m [[35m0.0[0m% ([36m0[0m/[36m763[0m batches, [36m4575869[0m pos/sec)]
Estimated time to end of superbatch: [36minf[0ms     [Fsuperbatch [36m3[0m [[35m16.8[0m% ([36m128[0m/[36m763[0m batches, [36m4823274[0m pos/sec)]
Estimated time to end of superbatch: [36m17.4[0ms     [Fsuperbatch [36m3[0m [[35m33.6[0m% ([36m256[0m/[36m763[0m batches, [36m4866652[0m pos/sec)]
Estimated time to end of superbatch: [36m13.7[0ms     [Fsuperbatch [36m3[0m [[35m50.3[0m% ([36m384[0m/[36m763[0m batches, [36m4941198[0m pos/sec)]
Estimated time to end of superbatch: [36m10.1[0ms     [Fsuperbatch [36m3[0m [[35m67.1[0m% ([36m512[0m/[36m763[0m batches, [36m4971724[0m pos/sec)]
Estimated time to end of superbatch: [36m6.6[0ms     [Fsuperbatch [36m3[0m [[35m83.9[0m% ([36m640[0m/[36m763[0m batches, [36m4951718[0m pos/sec)]
Estimated time to end of superbatch: [36m3.3[0ms     [Fsuperbatch [36m3[0m | time [36m20.2[0ms | running loss [36m0.008779[0m | [36m4951706[0m pos/sec | total time [36m67.5[0ms
Estimated time remaining in training: [36m2[0mh [36m40[0mm [36m3[0ms
LR dropped to [36m0.00049535814[0m
superbatch [36m4[0m [[35m0.0[0m% ([36m0[0m/[36m763[0m batches, [36m5645861[0m pos/sec)]
Estimated time to end of superbatch: [36minf[0ms     [Fsuperbatch [36m4[0m [[35m16.8[0m% ([36m128[0m/[36m763[0m batches, [36m5112259[0m pos/sec)]
Estimated time to end of superbatch: [36m16.4[0ms     [Fsuperbatch [36m4[0m [[35m33.6[0m% ([36m256[0m/[36m763[0m batches, [36m5112526[0m pos/sec)]
Estimated time to end of superbatch: [36m13.0[0ms     [Fsuperbatch [36m4[0m [[35m50.3[0m% ([36m384[0m/[36m763[0m batches, [36m5039982[0m pos/sec)]
Estimated time to end of superbatch: [36m9.9[0ms     [Fsuperbatch [36m4[0m [[35m67.1[0m% ([36m512[0m/[36m763[0m batches, [36m5000052[0m pos/sec)]
Estimated time to end of superbatch: [36m6.6[0ms     [Fsuperbatch [36m4[0m [[35m83.9[0m% ([36m640[0m/[36m763[0m batches, [36m5024202[0m pos/sec)]
Estimated time to end of superbatch: [36m3.2[0ms     [Fsuperbatch [36m4[0m | time [36m19.9[0ms | running loss [36m0.008638[0m | [36m5030586[0m pos/sec | total time [36m87.4[0ms
Estimated time remaining in training: [36m2[0mh [36m35[0mm [36m3[0ms
LR dropped to [36m0.0004941977[0m
superbatch [36m5[0m [[35m0.0[0m% ([36m0[0m/[36m763[0m batches, [36m5655872[0m pos/sec)]
Estimated time to end of superbatch: [36minf[0ms     [Fsuperbatch [36m5[0m [[35m16.8[0m% ([36m128[0m/[36m763[0m batches, [36m5059638[0m pos/sec)]
Estimated time to end of superbatch: [36m16.6[0ms     [Fsuperbatch [36m5[0m [[35m33.6[0m% ([36m256[0m/[36m763[0m batches, [36m5062405[0m pos/sec)]
Estimated time to end of superbatch: [36m13.2[0ms     [Fsuperbatch [36m5[0m [[35m50.3[0m% ([36m384[0m/[36m763[0m batches, [36m5066636[0m pos/sec)]
Estimated time to end of superbatch: [36m9.8[0ms     [Fsuperbatch [36m5[0m [[35m67.1[0m% ([36m512[0m/[36m763[0m batches, [36m5058346[0m pos/sec)]
Estimated time to end of superbatch: [36m6.5[0ms     [Fsuperbatch [36m5[0m [[35m83.9[0m% ([36m640[0m/[36m763[0m batches, [36m5049360[0m pos/sec)]
Estimated time to end of superbatch: [36m3.2[0ms     [Fsuperbatch [36m5[0m | time [36m19.8[0ms | running loss [36m0.008867[0m | [36m5049170[0m pos/sec | total time [36m107.2[0ms
Estimated time remaining in training: [36m2[0mh [36m31[0mm [36m48[0ms
LR dropped to [36m0.0004930372[0m
superbatch [36m6[0m [[35m0.0[0m% ([36m0[0m/[36m763[0m batches, [36m5611674[0m pos/sec)]
Estimated time to end of superbatch: [36minf[0ms     [Fsuperbatch [36m6[0m [[35m16.8[0m% ([36m128[0m/[36m763[0m batches, [36m5075789[0m pos/sec)]
Estimated time to end of superbatch: [36m16.5[0ms     [Fsuperbatch [36m6[0m [[35m33.6[0m% ([36m256[0m/[36m763[0m batches, [36m5042121[0m pos/sec)]
Estimated time to end of superbatch: [36m13.2[0ms     [Fsuperbatch [36m6[0m [[35m50.3[0m% ([36m384[0m/[36m763[0m batches, [36m5037474[0m pos/sec)]
Estimated time to end of superbatch: [36m9.9[0ms     [Fsuperbatch [36m6[0m [[35m67.1[0m% ([36m512[0m/[36m763[0m batches, [36m5030265[0m pos/sec)]
Estimated time to end of superbatch: [36m6.6[0ms     [Fsuperbatch [36m6[0m [[35m83.9[0m% ([36m640[0m/[36m763[0m batches, [36m5033312[0m pos/sec)]
Estimated time to end of superbatch: [36m3.2[0ms     [Fsuperbatch [36m6[0m | time [36m19.9[0ms | running loss [36m0.008740[0m | [36m5035058[0m pos/sec | total time [36m127.0[0ms
Estimated time remaining in training: [36m2[0mh [36m29[0mm [36m36[0ms
LR dropped to [36m0.0004918768[0m
superbatch [36m7[0m [[35m0.0[0m% ([36m0[0m/[36m763[0m batches, [36m5623280[0m pos/sec)]
Estimated time to end of superbatch: [36minf[0ms     [Fsuperbatch [36m7[0m [[35m16.8[0m% ([36m128[0m/[36m763[0m batches, [36m5052563[0m pos/sec)]
Estimated time to end of superbatch: [36m16.6[0ms     [Fsuperbatch [36m7[0m [[35m33.6[0m% ([36m256[0m/[36m763[0m batches, [36m5034544[0m pos/sec)]
Estimated time to end of superbatch: [36m13.3[0ms     [Fsuperbatch [36m7[0m [[35m50.3[0m% ([36m384[0m/[36m763[0m batches, [36m5043371[0m pos/sec)]
Estimated time to end of superbatch: [36m9.9[0ms     [Fsuperbatch [36m7[0m [[35m67.1[0m% ([36m512[0m/[36m763[0m batches, [36m5053366[0m pos/sec)]
Estimated time to end of superbatch: [36m6.5[0ms     [Fsuperbatch [36m7[0m [[35m83.9[0m% ([36m640[0m/[36m763[0m batches, [36m5045517[0m pos/sec)]
Estimated time to end of superbatch: [36m3.2[0ms     [Fsuperbatch [36m7[0m | time [36m19.9[0ms | running loss [36m0.008951[0m | [36m5036540[0m pos/sec | total time [36m146.9[0ms
Estimated time remaining in training: [36m2[0mh [36m27[0mm [36m55[0ms
LR dropped to [36m0.0004907163[0m
superbatch [36m8[0m [[35m0.0[0m% ([36m0[0m/[36m763[0m batches, [36m5593417[0m pos/sec)]
Estimated time to end of superbatch: [36minf[0ms     [Fsuperbatch [36m8[0m [[35m16.8[0m% ([36m128[0m/[36m763[0m batches, [36m5103052[0m pos/sec)]
Estimated time to end of superbatch: [36m16.4[0ms     [Fsuperbatch [36m8[0m [[35m33.6[0m% ([36m256[0m/[36m763[0m batches, [36m5074164[0m pos/sec)]
Estimated time to end of superbatch: [36m13.1[0ms     [Fsuperbatch [36m8[0m [[35m50.3[0m% ([36m384[0m/[36m763[0m batches, [36m5049600[0m pos/sec)]
Estimated time to end of superbatch: [36m9.9[0ms     [Fsuperbatch [36m8[0m [[35m67.1[0m% ([36m512[0m/[36m763[0m batches, [36m5045542[0m pos/sec)]
Estimated time to end of superbatch: [36m6.5[0ms     [Fsuperbatch [36m8[0m [[35m83.9[0m% ([36m640[0m/[36m763[0m batches, [36m5054971[0m pos/sec)]
Estimated time to end of superbatch: [36m3.2[0ms     [Fsuperbatch [36m8[0m | time [36m19.8[0ms | running loss [36m0.008814[0m | [36m5055796[0m pos/sec | total time [36m166.7[0ms
Estimated time remaining in training: [36m2[0mh [36m26[0mm [36m31[0ms
LR dropped to [36m0.0004895558[0m
superbatch [36m9[0m [[35m0.0[0m% ([36m0[0m/[36m763[0m batches, [36m4843409[0m pos/sec)]
Estimated time to end of superbatch: [36minf[0ms     [Fsuperbatch [36m9[0m [[35m16.8[0m% ([36m128[0m/[36m763[0m batches, [36m5110804[0m pos/sec)]
Estimated time to end of superbatch: [36m16.4[0ms     [Fsuperbatch [36m9[0m [[35m33.6[0m% ([36m256[0m/[36m763[0m batches, [36m5048730[0m pos/sec)]
Estimated time to end of superbatch: [36m13.2[0ms     [Fsuperbatch [36m9[0m [[35m50.3[0m% ([36m384[0m/[36m763[0m batches, [36m5055438[0m pos/sec)]
Estimated time to end of superbatch: [36m9.9[0ms     [Fsuperbatch [36m9[0m [[35m67.1[0m% ([36m512[0m/[36m763[0m batches, [36m5058267[0m pos/sec)]
Estimated time to end of superbatch: [36m6.5[0ms     [Fsuperbatch [36m9[0m [[35m83.9[0m% ([36m640[0m/[36m763[0m batches, [36m5068451[0m pos/sec)]
Estimated time to end of superbatch: [36m3.2[0ms     [Fsuperbatch [36m9[0m | time [36m19.7[0ms | running loss [36m0.009043[0m | [36m5075690[0m pos/sec | total time [36m186.4[0ms
Estimated time remaining in training: [36m2[0mh [36m25[0mm [36m17[0ms
LR dropped to [36m0.0004883954[0m
superbatch [36m10[0m [[35m0.0[0m% ([36m0[0m/[36m763[0m batches, [36m4636713[0m pos/sec)]
Estimated time to end of superbatch: [36minf[0ms     [Fsuperbatch [36m10[0m [[35m16.8[0m% ([36m128[0m/[36m763[0m batches, [36m5009770[0m pos/sec)]
Estimated time to end of superbatch: [36m16.7[0ms     [Fsuperbatch [36m10[0m [[35m33.6[0m% ([36m256[0m/[36m763[0m batches, [36m5058782[0m pos/sec)]
Estimated time to end of superbatch: [36m13.2[0ms     [Fsuperbatch [36m10[0m [[35m50.3[0m% ([36m384[0m/[36m763[0m batches, [36m5065348[0m pos/sec)]
Estimated time to end of superbatch: [36m9.8[0ms     [Fsuperbatch [36m10[0m [[35m67.1[0m% ([36m512[0m/[36m763[0m batches, [36m5055558[0m pos/sec)]
Estimated time to end of superbatch: [36m6.5[0ms     [Fsuperbatch [36m10[0m [[35m83.9[0m% ([36m640[0m/[36m763[0m batches, [36m5061862[0m pos/sec)]
Estimated time to end of superbatch: [36m3.2[0ms     [Fsuperbatch [36m10[0m | time [36m19.8[0ms | running loss [36m0.008908[0m | [36m5062528[0m pos/sec | total time [36m206.1[0ms
Estimated time remaining in training: [36m2[0mh [36m24[0mm [36m17[0ms
Saved [anna-v3c-s1-10]
LR dropped to [36m0.0004872349[0m
superbatch [36m11[0m [[35m0.0[0m% ([36m0[0m/[36m763[0m batches, [36m5613476[0m pos/sec)]
Estimated time to end of superbatch: [36minf[0ms     [Fsuperbatch [36m11[0m [[35m16.8[0m% ([36m128[0m/[36m763[0m batches, [36m5455984[0m pos/sec)]
Estimated time to end of superbatch: [36m15.4[0ms     [Fsuperbatch [36m11[0m [[35m33.6[0m% ([36m256[0m/[36m763[0m batches, [36m5250400[0m pos/sec)]
Estimated time to end of superbatch: [36m12.7[0ms     [Fsuperbatch [36m11[0m [[35m50.3[0m% ([36m384[0m/[36m763[0m batches, [36m5188632[0m pos/sec)]
Estimated time to end of superbatch: [36m9.6[0ms     [Fsuperbatch [36m11[0m [[35m67.1[0m% ([36m512[0m/[36m763[0m batches, [36m5162836[0m pos/sec)]
Estimated time to end of superbatch: [36m6.4[0ms     [Fsuperbatch [36m11[0m [[35m83.9[0m% ([36m640[0m/[36m763[0m batches, [36m5136585[0m pos/sec)]
Estimated time to end of superbatch: [36m3.1[0ms     [Fsuperbatch [36m11[0m | time [36m19.4[0ms | running loss [36m0.009096[0m | [36m5142528[0m pos/sec | total time [36m228.1[0ms
Estimated time remaining in training: [36m2[0mh [36m24[0mm [36m46[0ms
LR dropped to [36m0.00048607445[0m
superbatch [36m12[0m [[35m0.0[0m% ([36m0[0m/[36m763[0m batches, [36m5379744[0m pos/sec)]
Estimated time to end of superbatch: [36minf[0ms     [Fsuperbatch [36m12[0m [[35m16.8[0m% ([36m128[0m/[36m763[0m batches, [36m5012052[0m pos/sec)]
Estimated time to end of superbatch: [36m16.7[0ms     [Fsuperbatch [36m12[0m [[35m33.6[0m% ([36m256[0m/[36m763[0m batches, [36m5041406[0m pos/sec)]
Estimated time to end of superbatch: [36m13.2[0ms     [Fsuperbatch [36m12[0m [[35m50.3[0m% ([36m384[0m/[36m763[0m batches, [36m5083446[0m pos/sec)]
Estimated time to end of superbatch: [36m9.8[0ms     [Fsuperbatch [36m12[0m [[35m67.1[0m% ([36m512[0m/[36m763[0m batches, [36m5075565[0m pos/sec)]
Estimated time to end of superbatch: [36m6.5[0ms     [Fsuperbatch [36m12[0m [[35m83.9[0m% ([36m640[0m/[36m763[0m batches, [36m5065872[0m pos/sec)]
Estimated time to end of superbatch: [36m3.2[0ms     [Fsuperbatch [36m12[0m | time [36m19.7[0ms | running loss [36m0.008960[0m | [36m5072582[0m pos/sec | total time [36m247.8[0ms
Estimated time remaining in training: [36m2[0mh [36m23[0mm [36m50[0ms
LR dropped to [36m0.00048491397[0m
superbatch [36m13[0m [[35m0.0[0m% ([36m0[0m/[36m763[0m batches, [36m4814700[0m pos/sec)]
Estimated time to end of superbatch: [36minf[0ms     [Fsuperbatch [36m13[0m [[35m16.8[0m% ([36m128[0m/[36m763[0m batches, [36m5065240[0m pos/sec)]
Estimated time to end of superbatch: [36m16.6[0ms     [Fsuperbatch [36m13[0m [[35m33.6[0m% ([36m256[0m/[36m763[0m batches, [36m5061234[0m pos/sec)]
Estimated time to end of superbatch: [36m13.2[0ms     [Fsuperbatch [36m13[0m [[35m50.3[0m% ([36m384[0m/[36m763[0m batches, [36m4571982[0m pos/sec)]
Estimated time to end of superbatch: [36m10.9[0ms     [Fsuperbatch [36m13[0m [[35m67.1[0m% ([36m512[0m/[36m763[0m batches, [36m4551616[0m pos/sec)]
Estimated time to end of superbatch: [36m7.2[0ms     [Fsuperbatch [36m13[0m [[35m83.9[0m% ([36m640[0m/[36m763[0m batches, [36m4652166[0m pos/sec)]
Estimated time to end of superbatch: [36m3.5[0ms     [Fsuperbatch [36m13[0m | time [36m21.2[0ms | running loss [36m0.009132[0m | [36m4711723[0m pos/sec | total time [36m269.0[0ms
Estimated time remaining in training: [36m2[0mh [36m23[0mm [36m48[0ms
LR dropped to [36m0.0004837535[0m
superbatch [36m14[0m [[35m0.0[0m% ([36m0[0m/[36m763[0m batches, [36m5297046[0m pos/sec)]
Estimated time to end of superbatch: [36minf[0ms     [Fsuperbatch [36m14[0m [[35m16.8[0m% ([36m128[0m/[36m763[0m batches, [36m5049266[0m pos/sec)]
Estimated time to end of superbatch: [36m16.6[0ms     [Fsuperbatch [36m14[0m [[35m33.6[0m% ([36m256[0m/[36m763[0m batches, [36m5037128[0m pos/sec)]
Estimated time to end of superbatch: [36m13.2[0ms     [Fsuperbatch [36m14[0m [[35m50.3[0m% ([36m384[0m/[36m763[0m batches, [36m5025114[0m pos/sec)]
Estimated time to end of superbatch: [36m9.9[0ms     [Fsuperbatch [36m14[0m [[35m67.1[0m% ([36m512[0m/[36m763[0m batches, [36m5036932[0m pos/sec)]
Estimated time to end of superbatch: [36m6.5[0ms     [Fsuperbatch [36m14[0m [[35m83.9[0m% ([36m640[0m/[36m763[0m batches, [36m5071228[0m pos/sec)]
Estimated time to end of superbatch: [36m3.2[0ms     [Fsuperbatch [36m14[0m | time [36m19.7[0ms | running loss [36m0.009022[0m | [36m5081010[0m pos/sec | total time [36m288.7[0ms
Estimated time remaining in training: [36m2[0mh [36m22[0mm [36m57[0ms
LR dropped to [36m0.00048259305[0m
superbatch [36m15[0m [[35m0.0[0m% ([36m0[0m/[36m763[0m batches, [36m5339662[0m pos/sec)]
Estimated time to end of superbatch: [36minf[0ms     [Fsuperbatch [36m15[0m [[35m16.8[0m% ([36m128[0m/[36m763[0m batches, [36m4966667[0m pos/sec)]
Estimated time to end of superbatch: [36m16.9[0ms     [Fsuperbatch [36m15[0m [[35m33.6[0m% ([36m256[0m/[36m763[0m batches, [36m4990993[0m pos/sec)]
Estimated time to end of superbatch: [36m13.4[0ms     [Fsuperbatch [36m15[0m [[35m50.3[0m% ([36m384[0m/[36m763[0m batches, [36m5007722[0m pos/sec)]
Estimated time to end of superbatch: [36m9.9[0ms     [Fsuperbatch [36m15[0m [[35m67.1[0m% ([36m512[0m/[36m763[0m batches, [36m5030517[0m pos/sec)]
Estimated time to end of superbatch: [36m6.6[0ms     [Fsuperbatch [36m15[0m [[35m83.9[0m% ([36m640[0m/[36m763[0m batches, [36m5030042[0m pos/sec)]
Estimated time to end of superbatch: [36m3.2[0ms     [Fsuperbatch [36m15[0m | time [36m19.9[0ms | running loss [36m0.009178[0m | [36m5023708[0m pos/sec | total time [36m308.6[0ms
Estimated time remaining in training: [36m2[0mh [36m22[0mm [36m17[0ms
LR dropped to [36m0.0004814326[0m
superbatch [36m16[0m [[35m0.0[0m% ([36m0[0m/[36m763[0m batches, [36m4625600[0m pos/sec)]
Estimated time to end of superbatch: [36minf[0ms     [Fsuperbatch [36m16[0m [[35m16.8[0m% ([36m128[0m/[36m763[0m batches, [36m5068588[0m pos/sec)]
Estimated time to end of superbatch: [36m16.5[0ms     [Fsuperbatch [36m16[0m [[35m33.6[0m% ([36m256[0m/[36m763[0m batches, [36m5044248[0m pos/sec)]
Estimated time to end of superbatch: [36m13.2[0ms     [Fsuperbatch [36m16[0m [[35m50.3[0m% ([36m384[0m/[36m763[0m batches, [36m5009535[0m pos/sec)]
Estimated time to end of superbatch: [36m9.9[0ms     [Fsuperbatch [36m16[0m [[35m67.1[0m% ([36m512[0m/[36m763[0m batches, [36m4987843[0m pos/sec)]
Estimated time to end of superbatch: [36m6.6[0ms     [Fsuperbatch [36m16[0m [[35m83.9[0m% ([36m640[0m/[36m763[0m batches, [36m4992950[0m pos/sec)]
Estimated time to end of superbatch: [36m3.2[0ms     [Fsuperbatch [36m16[0m | time [36m20.0[0ms | running loss [36m0.009069[0m | [36m5005149[0m pos/sec | total time [36m328.6[0ms
Estimated time remaining in training: [36m2[0mh [36m21[0mm [36m41[0ms
LR dropped to [36m0.0004802721[0m
superbatch [36m17[0m [[35m0.0[0m% ([36m0[0m/[36m763[0m batches, [36m4389836[0m pos/sec)]
Estimated time to end of superbatch: [36minf[0ms     [Fsuperbatch [36m17[0m [[35m16.8[0m% ([36m128[0m/[36m763[0m batches, [36m4993694[0m pos/sec)]
Estimated time to end of superbatch: [36m16.8[0ms     [Fsuperbatch [36m17[0m [[35m33.6[0m% ([36m256[0m/[36m763[0m batches, [36m3422634[0m pos/sec)]
Estimated time to end of superbatch: [36m19.5[0ms     [Fsuperbatch [36m17[0m [[35m50.3[0m% ([36m384[0m/[36m763[0m batches, [36m3858295[0m pos/sec)]
Estimated time to end of superbatch: [36m12.9[0ms     [Fsuperbatch [36m17[0m [[35m67.1[0m% ([36m512[0m/[36m763[0m batches, [36m4123436[0m pos/sec)]
Estimated time to end of superbatch: [36m8.0[0ms     [Fsuperbatch [36m17[0m [[35m83.9[0m% ([36m640[0m/[36m763[0m batches, [36m4282498[0m pos/sec)]
Estimated time to end of superbatch: [36m3.8[0ms     [Fsuperbatch [36m17[0m | time [36m22.8[0ms | running loss [36m0.009205[0m | [36m4392482[0m pos/sec | total time [36m351.3[0ms
Estimated time remaining in training: [36m2[0mh [36m22[0mm [36m15[0ms
LR dropped to [36m0.00047911165[0m
superbatch [36m18[0m [[35m0.0[0m% ([36m0[0m/[36m763[0m batches, [36m5406013[0m pos/sec)]
Estimated time to end of superbatch: [36minf[0ms     [Fsuperbatch [36m18[0m [[35m16.8[0m% ([36m128[0m/[36m763[0m batches, [36m5058922[0m pos/sec)]
Estimated time to end of superbatch: [36m16.6[0ms     [Fsuperbatch [36m18[0m [[35m33.6[0m% ([36m256[0m/[36m763[0m batches, [36m5066770[0m pos/sec)]
Estimated time to end of superbatch: [36m13.2[0ms     [Fsuperbatch [36m18[0m [[35m50.3[0m% ([36m384[0m/[36m763[0m batches, [36m5074280[0m pos/sec)]
Estimated time to end of superbatch: [36m9.8[0ms     [Fsuperbatch [36m18[0m [[35m67.1[0m% ([36m512[0m/[36m763[0m batches, [36m5065480[0m pos/sec)]
Estimated time to end of superbatch: [36m6.5[0ms     [Fsuperbatch [36m18[0m [[35m83.9[0m% ([36m640[0m/[36m763[0m batches, [36m5065820[0m pos/sec)]
Estimated time to end of superbatch: [36m3.2[0ms     [Fsuperbatch [36m18[0m | time [36m19.7[0ms | running loss [36m0.009154[0m | [36m5065560[0m pos/sec | total time [36m371.1[0ms
Estimated time remaining in training: [36m2[0mh [36m21[0mm [36m33[0ms
LR dropped to [36m0.0004779512[0m
superbatch [36m19[0m [[35m0.0[0m% ([36m0[0m/[36m763[0m batches, [36m5645360[0m pos/sec)]
Estimated time to end of superbatch: [36minf[0ms     [Fsuperbatch [36m19[0m [[35m16.8[0m% ([36m128[0m/[36m763[0m batches, [36m5079533[0m pos/sec)]
Estimated time to end of superbatch: [36m16.5[0ms     [Fsuperbatch [36m19[0m [[35m33.6[0m% ([36m256[0m/[36m763[0m batches, [36m4966938[0m pos/sec)]
Estimated time to end of superbatch: [36m13.4[0ms     [Fsuperbatch [36m19[0m [[35m50.3[0m% ([36m384[0m/[36m763[0m batches, [36m5017653[0m pos/sec)]
Estimated time to end of superbatch: [36m9.9[0ms     [Fsuperbatch [36m19[0m [[35m67.1[0m% ([36m512[0m/[36m763[0m batches, [36m5050260[0m pos/sec)]
Estimated time to end of superbatch: [36m6.5[0ms     [Fsuperbatch [36m19[0m [[35m83.9[0m% ([36m640[0m/[36m763[0m batches, [36m5043975[0m pos/sec)]
Estimated time to end of superbatch: [36m3.2[0ms     [Fsuperbatch [36m19[0m | time [36m20.0[0ms | running loss [36m0.009294[0m | [36m5010207[0m pos/sec | total time [36m391.0[0ms
Estimated time remaining in training: [36m2[0mh [36m20[0mm [36m58[0ms
LR dropped to [36m0.0004767907[0m
superbatch [36m20[0m [[35m0.0[0m% ([36m0[0m/[36m763[0m batches, [36m4927600[0m pos/sec)]
Estimated time to end of superbatch: [36minf[0ms     [Fsuperbatch [36m20[0m [[35m16.8[0m% ([36m128[0m/[36m763[0m batches, [36m5031742[0m pos/sec)]
Estimated time to end of superbatch: [36m16.7[0ms     [Fsuperbatch [36m20[0m [[35m33.6[0m% ([36m256[0m/[36m763[0m batches, [36m5036560[0m pos/sec)]
Estimated time to end of superbatch: [36m13.2[0ms     [Fsuperbatch [36m20[0m [[35m50.3[0m% ([36m384[0m/[36m763[0m batches, [36m5046931[0m pos/sec)]
Estimated time to end of superbatch: [36m9.9[0ms     [Fsuperbatch [36m20[0m [[35m67.1[0m% ([36m512[0m/[36m763[0m batches, [36m5036776[0m pos/sec)]
Estimated time to end of superbatch: [36m6.5[0ms     [Fsuperbatch [36m20[0m [[35m83.9[0m% ([36m640[0m/[36m763[0m batches, [36m5047042[0m pos/sec)]
Estimated time to end of superbatch: [36m3.2[0ms     [Fsuperbatch [36m20[0m | time [36m19.8[0ms | running loss [36m0.009235[0m | [36m5041858[0m pos/sec | total time [36m410.9[0ms
Estimated time remaining in training: [36m2[0mh [36m20[0mm [36m22[0ms
Saved [anna-v3c-s1-20]
LR dropped to [36m0.00047563025[0m
superbatch [36m21[0m [[35m0.0[0m% ([36m0[0m/[36m763[0m batches, [36m5595666[0m pos/sec)]
Estimated time to end of superbatch: [36minf[0ms     [Fsuperbatch [36m21[0m [[35m16.8[0m% ([36m128[0m/[36m763[0m batches, [36m5656407[0m pos/sec)]
Estimated time to end of superbatch: [36m14.8[0ms     [Fsuperbatch [36m21[0m [[35m33.6[0m% ([36m256[0m/[36m763[0m batches, [36m5629887[0m pos/sec)]
Estimated time to end of superbatch: [36m11.8[0ms     [Fsuperbatch [36m21[0m [[35m50.3[0m% ([36m384[0m/[36m763[0m batches, [36m5402410[0m pos/sec)]
Estimated time to end of superbatch: [36m9.2[0ms     [Fsuperbatch [36m21[0m [[35m67.1[0m% ([36m512[0m/[36m763[0m batches, [36m5276968[0m pos/sec)]
Estimated time to end of superbatch: [36m6.2[0ms     [Fsuperbatch [36m21[0m [[35m83.9[0m% ([36m640[0m/[36m763[0m batches, [36m5202170[0m pos/sec)]
Estimated time to end of superbatch: [36m3.1[0ms     [Fsuperbatch [36m21[0m | time [36m19.6[0ms | running loss [36m0.009355[0m | [36m5110770[0m pos/sec | total time [36m433.0[0ms
Estimated time remaining in training: [36m2[0mh [36m20[0mm [36m32[0ms
LR dropped to [36m0.0004744698[0m
superbatch [36m22[0m [[35m0.0[0m% ([36m0[0m/[36m763[0m batches, [36m4280960[0m pos/sec)]
Estimated time to end of superbatch: [36minf[0ms     [Fsuperbatch [36m22[0m [[35m16.8[0m% ([36m128[0m/[36m763[0m batches, [36m4868328[0m pos/sec)]
Estimated time to end of superbatch: [36m17.2[0ms     [Fsuperbatch [36m22[0m [[35m33.6[0m% ([36m256[0m/[36m763[0m batches, [36m4858100[0m pos/sec)]
Estimated time to end of superbatch: [36m13.7[0ms     [Fsuperbatch [36m22[0m [[35m50.3[0m% ([36m384[0m/[36m763[0m batches, [36m4825220[0m pos/sec)]
Estimated time to end of superbatch: [36m10.3[0ms     [Fsuperbatch [36m22[0m [[35m67.1[0m% ([36m512[0m/[36m763[0m batches, [36m4662837[0m pos/sec)]
Estimated time to end of superbatch: [36m7.1[0ms     [Fsuperbatch [36m22[0m [[35m83.9[0m% ([36m640[0m/[36m763[0m batches, [36m4744518[0m pos/sec)]
Estimated time to end of superbatch: [36m3.4[0ms     [Fsuperbatch [36m22[0m | time [36m20.9[0ms | running loss [36m0.009297[0m | [36m4781971[0m pos/sec | total time [36m453.9[0ms
Estimated time remaining in training: [36m2[0mh [36m20[0mm [36m17[0ms
LR dropped to [36m0.00047330934[0m
superbatch [36m23[0m [[35m0.0[0m% ([36m0[0m/[36m763[0m batches, [36m5314100[0m pos/sec)]
Estimated time to end of superbatch: [36minf[0ms     [Fsuperbatch [36m23[0m [[35m16.8[0m% ([36m128[0m/[36m763[0m batches, [36m3811512[0m pos/sec)]
Estimated time to end of superbatch: [36m22.0[0ms     [Fsuperbatch [36m23[0m [[35m33.6[0m% ([36m256[0m/[36m763[0m batches, [36m4312696[0m pos/sec)]
Estimated time to end of superbatch: [36m15.5[0ms     [Fsuperbatch [36m23[0m [[35m50.3[0m% ([36m384[0m/[36m763[0m batches, [36m4314802[0m pos/sec)]
Estimated time to end of superbatch: [36m11.5[0ms     [Fsuperbatch [36m23[0m [[35m67.1[0m% ([36m512[0m/[36m763[0m batches, [36m4484536[0m pos/sec)]
Estimated time to end of superbatch: [36m7.4[0ms     [Fsuperbatch [36m23[0m [[35m83.9[0m% ([36m640[0m/[36m763[0m batches, [36m4555458[0m pos/sec)]
Estimated time to end of superbatch: [36m3.5[0ms     [Fsuperbatch [36m23[0m | time [36m21.8[0ms | running loss [36m0.009358[0m | [36m4587375[0m pos/sec | total time [36m475.7[0ms
Estimated time remaining in training: [36m2[0mh [36m20[0mm [36m17[0ms
LR dropped to [36m0.00047214885[0m
superbatch [36m24[0m [[35m0.0[0m% ([36m0[0m/[36m763[0m batches, [36m4751260[0m pos/sec)]
Estimated time to end of superbatch: [36minf[0ms     [Fsuperbatch [36m24[0m [[35m16.8[0m% ([36m128[0m/[36m763[0m batches, [36m4983570[0m pos/sec)]
Estimated time to end of superbatch: [36m16.8[0ms     [Fsuperbatch [36m24[0m [[35m33.6[0m% ([36m256[0m/[36m763[0m batches, [36m5026086[0m pos/sec)]
Estimated time to end of superbatch: [36m13.3[0ms     [Fsuperbatch [36m24[0m [[35m50.3[0m% ([36m384[0m/[36m763[0m batches, [36m5024292[0m pos/sec)]
Estimated time to end of superbatch: [36m9.9[0ms     [Fsuperbatch [36m24[0m [[35m67.1[0m% ([36m512[0m/[36m763[0m batches, [36m5026568[0m pos/sec)]
Estimated time to end of superbatch: [36m6.6[0ms     [Fsuperbatch [36m24[0m [[35m83.9[0m% ([36m640[0m/[36m763[0m batches, [36m5027054[0m pos/sec)]
Estimated time to end of superbatch: [36m3.2[0ms     [Fsuperbatch [36m24[0m | time [36m19.9[0ms | running loss [36m0.009312[0m | [36m5037058[0m pos/sec | total time [36m495.5[0ms
Estimated time remaining in training: [36m2[0mh [36m19[0mm [36m43[0ms
LR dropped to [36m0.0004709884[0m
superbatch [36m25[0m [[35m0.0[0m% ([36m0[0m/[36m763[0m batches, [36m5399550[0m pos/sec)]
Estimated time to end of superbatch: [36minf[0ms     [Fsuperbatch [36m25[0m [[35m16.8[0m% ([36m128[0m/[36m763[0m batches, [36m5008389[0m pos/sec)]
Estimated time to end of superbatch: [36m16.7[0ms     [Fsuperbatch [36m25[0m [[35m33.6[0m% ([36m256[0m/[36m763[0m batches, [36m5024320[0m pos/sec)]
Estimated time to end of superbatch: [36m13.3[0ms     [Fsuperbatch [36m25[0m [[35m50.3[0m% ([36m384[0m/[36m763[0m batches, [36m5036887[0m pos/sec)]
Estimated time to end of superbatch: [36m9.9[0ms     [Fsuperbatch [36m25[0m [[35m67.1[0m% ([36m512[0m/[36m763[0m batches, [36m5045994[0m pos/sec)]
Estimated time to end of superbatch: [36m6.5[0ms     [Fsuperbatch [36m25[0m [[35m83.9[0m% ([36m640[0m/[36m763[0m batches, [36m5041990[0m pos/sec)]
Estimated time to end of superbatch: [36m3.2[0ms     [Fsuperbatch [36m25[0m | time [36m19.9[0ms | running loss [36m0.009367[0m | [36m5033732[0m pos/sec | total time [36m515.4[0ms
Estimated time remaining in training: [36m2[0mh [36m19[0mm [36m9[0ms
LR dropped to [36m0.00046982794[0m
superbatch [36m26[0m [[35m0.0[0m% ([36m0[0m/[36m763[0m batches, [36m5644422[0m pos/sec)]
Estimated time to end of superbatch: [36minf[0ms     [Fsuperbatch [36m26[0m [[35m16.8[0m% ([36m128[0m/[36m763[0m batches, [36m5039108[0m pos/sec)]
Estimated time to end of superbatch: [36m16.6[0ms     [Fsuperbatch [36m26[0m [[35m33.6[0m% ([36m256[0m/[36m763[0m batches, [36m5030520[0m pos/sec)]
Estimated time to end of superbatch: [36m13.3[0ms     [Fsuperbatch [36m26[0m [[35m50.3[0m% ([36m384[0m/[36m763[0m batches, [36m5048897[0m pos/sec)]
Estimated time to end of superbatch: [36m9.9[0ms     [Fsuperbatch [36m26[0m [[35m67.1[0m% ([36m512[0m/[36m763[0m batches, [36m5000646[0m pos/sec)]
Estimated time to end of superbatch: [36m6.6[0ms     [Fsuperbatch [36m26[0m [[35m83.9[0m% ([36m640[0m/[36m763[0m batches, [36m5005484[0m pos/sec)]
Estimated time to end of superbatch: [36m3.2[0ms     [Fsuperbatch [36m26[0m | time [36m20.0[0ms | running loss [36m0.009355[0m | [36m5012562[0m pos/sec | total time [36m535.4[0ms
Estimated time remaining in training: [36m2[0mh [36m18[0mm [36m38[0ms
LR dropped to [36m0.00046866745[0m
superbatch [36m27[0m [[35m0.0[0m% ([36m0[0m/[36m763[0m batches, [36m5191466[0m pos/sec)]
Estimated time to end of superbatch: [36minf[0ms     [Fsuperbatch [36m27[0m [[35m16.8[0m% ([36m128[0m/[36m763[0m batches, [36m5262558[0m pos/sec)]
Estimated time to end of superbatch: [36m15.9[0ms     [Fsuperbatch [36m27[0m [[35m33.6[0m% ([36m256[0m/[36m763[0m batches, [36m5041269[0m pos/sec)]
Estimated time to end of superbatch: [36m13.2[0ms     [Fsuperbatch [36m27[0m [[35m50.3[0m% ([36m384[0m/[36m763[0m batches, [36m5021264[0m pos/sec)]
Estimated time to end of superbatch: [36m9.9[0ms     [Fsuperbatch [36m27[0m [[35m67.1[0m% ([36m512[0m/[36m763[0m batches, [36m5027548[0m pos/sec)]
Estimated time to end of superbatch: [36m6.6[0ms     [Fsuperbatch [36m27[0m [[35m83.9[0m% ([36m640[0m/[36m763[0m batches, [36m5040230[0m pos/sec)]
Estimated time to end of superbatch: [36m3.2[0ms     [Fsuperbatch [36m27[0m | time [36m19.8[0ms | running loss [36m0.009413[0m | [36m5038896[0m pos/sec | total time [36m555.2[0ms
Estimated time remaining in training: [36m2[0mh [36m18[0mm [36m7[0ms
LR dropped to [36m0.000467507[0m
superbatch [36m28[0m [[35m0.0[0m% ([36m0[0m/[36m763[0m batches, [36m5535218[0m pos/sec)]
Estimated time to end of superbatch: [36minf[0ms     [Fsuperbatch [36m28[0m [[35m16.8[0m% ([36m128[0m/[36m763[0m batches, [36m5019020[0m pos/sec)]
Estimated time to end of superbatch: [36m16.7[0ms     [Fsuperbatch [36m28[0m [[35m33.6[0m% ([36m256[0m/[36m763[0m batches, [36m5046942[0m pos/sec)]
Estimated time to end of superbatch: [36m13.2[0ms     [Fsuperbatch [36m28[0m [[35m50.3[0m% ([36m384[0m/[36m763[0m batches, [36m5038868[0m pos/sec)]
Estimated time to end of superbatch: [36m9.9[0ms     [Fsuperbatch [36m28[0m [[35m67.1[0m% ([36m512[0m/[36m763[0m batches, [36m4970105[0m pos/sec)]
Estimated time to end of superbatch: [36m6.6[0ms     [Fsuperbatch [36m28[0m [[35m83.9[0m% ([36m640[0m/[36m763[0m batches, [36m4941172[0m pos/sec)]
Estimated time to end of superbatch: [36m3.3[0ms     [Fsuperbatch [36m28[0m | time [36m20.1[0ms | running loss [36m0.009375[0m | [36m4967043[0m pos/sec | total time [36m575.3[0ms
Estimated time remaining in training: [36m2[0mh [36m17[0mm [36m40[0ms
LR dropped to [36m0.00046634654[0m
superbatch [36m29[0m [[35m0.0[0m% ([36m0[0m/[36m763[0m batches, [36m5265582[0m pos/sec)]
Estimated time to end of superbatch: [36minf[0ms     [Fsuperbatch [36m29[0m [[35m16.8[0m% ([36m128[0m/[36m763[0m batches, [36m5020691[0m pos/sec)]
Estimated time to end of superbatch: [36m16.7[0ms     [Fsuperbatch [36m29[0m [[35m33.6[0m% ([36m256[0m/[36m763[0m batches, [36m4798960[0m pos/sec)]
Estimated time to end of superbatch: [36m13.9[0ms     [Fsuperbatch [36m29[0m [[35m50.3[0m% ([36m384[0m/[36m763[0m batches, [36m4809822[0m pos/sec)]
Estimated time to end of superbatch: [36m10.4[0ms     [Fsuperbatch [36m29[0m [[35m67.1[0m% ([36m512[0m/[36m763[0m batches, [36m4776676[0m pos/sec)]
Estimated time to end of superbatch: [36m6.9[0ms     [Fsuperbatch [36m29[0m [[35m83.9[0m% ([36m640[0m/[36m763[0m batches, [36m4850018[0m pos/sec)]
Estimated time to end of superbatch: [36m3.3[0ms     [Fsuperbatch [36m29[0m | time [36m20.6[0ms | running loss [36m0.009443[0m | [36m4858282[0m pos/sec | total time [36m595.9[0ms
Estimated time remaining in training: [36m2[0mh [36m17[0mm [36m20[0ms
LR dropped to [36m0.00046518608[0m
superbatch [36m30[0m [[35m0.0[0m% ([36m0[0m/[36m763[0m batches, [36m5098308[0m pos/sec)]
Estimated time to end of superbatch: [36minf[0ms     [Fsuperbatch [36m30[0m [[35m16.8[0m% ([36m128[0m/[36m763[0m batches, [36m4985256[0m pos/sec)]
Estimated time to end of superbatch: [36m16.8[0ms     [Fsuperbatch [36m30[0m [[35m33.6[0m% ([36m256[0m/[36m763[0m batches, [36m5032377[0m pos/sec)]
Estimated time to end of superbatch: [36m13.3[0ms     [Fsuperbatch [36m30[0m [[35m50.3[0m% ([36m384[0m/[36m763[0m batches, [36m5041530[0m pos/sec)]
Estimated time to end of superbatch: [36m9.9[0ms     [Fsuperbatch [36m30[0m [[35m67.1[0m% ([36m512[0m/[36m763[0m batches, [36m5023036[0m pos/sec)]
Estimated time to end of superbatch: [36m6.6[0ms     [Fsuperbatch [36m30[0m [[35m83.9[0m% ([36m640[0m/[36m763[0m batches, [36m5033440[0m pos/sec)]
Estimated time to end of superbatch: [36m3.2[0ms     [Fsuperbatch [36m30[0m | time [36m19.8[0ms | running loss [36m0.009445[0m | [36m5046624[0m pos/sec | total time [36m615.8[0ms
Estimated time remaining in training: [36m2[0mh [36m16[0mm [36m50[0ms
Saved [anna-v3c-s1-30]
LR dropped to [36m0.0004640256[0m
superbatch [36m31[0m [[35m0.0[0m% ([36m0[0m/[36m763[0m batches, [36m5662867[0m pos/sec)]
Estimated time to end of superbatch: [36minf[0ms     [Fsuperbatch [36m31[0m [[35m16.8[0m% ([36m128[0m/[36m763[0m batches, [36m5542156[0m pos/sec)]
Estimated time to end of superbatch: [36m15.1[0ms     [Fsuperbatch [36m31[0m [[35m33.6[0m% ([36m256[0m/[36m763[0m batches, [36m5553104[0m pos/sec)]
Estimated time to end of superbatch: [36m12.0[0ms     [Fsuperbatch [36m31[0m [[35m50.3[0m% ([36m384[0m/[36m763[0m batches, [36m5576830[0m pos/sec)]
Estimated time to end of superbatch: [36m8.9[0ms     [Fsuperbatch [36m31[0m [[35m67.1[0m% ([36m512[0m/[36m763[0m batches, [36m5600712[0m pos/sec)]
Estimated time to end of superbatch: [36m5.9[0ms     [Fsuperbatch [36m31[0m [[35m83.9[0m% ([36m640[0m/[36m763[0m batches, [36m5619576[0m pos/sec)]
Estimated time to end of superbatch: [36m2.9[0ms     [Fsuperbatch [36m31[0m | time [36m18.0[0ms | running loss [36m0.009466[0m | [36m5560267[0m pos/sec | total time [36m636.3[0ms
Estimated time remaining in training: [36m2[0mh [36m16[0mm [36m29[0ms
LR dropped to [36m0.00046286514[0m
superbatch [36m32[0m [[35m0.0[0m% ([36m0[0m/[36m763[0m batches, [36m4576129[0m pos/sec)]
Estimated time to end of superbatch: [36minf[0ms     [Fsuperbatch [36m32[0m [[35m16.8[0m% ([36m128[0m/[36m763[0m batches, [36m5091962[0m pos/sec)]
Estimated time to end of superbatch: [36m16.5[0ms     [Fsuperbatch [36m32[0m [[35m33.6[0m% ([36m256[0m/[36m763[0m batches, [36m5112310[0m pos/sec)]
Estimated time to end of superbatch: [36m13.0[0ms     [Fsuperbatch [36m32[0m [[35m50.3[0m% ([36m384[0m/[36m763[0m batches, [36m5101695[0m pos/sec)]
Estimated time to end of superbatch: [36m9.8[0ms     [Fsuperbatch [36m32[0m [[35m67.1[0m% ([36m512[0m/[36m763[0m batches, [36m4439923[0m pos/sec)]
Estimated time to end of superbatch: [36m7.4[0ms     [Fsuperbatch [36m32[0m [[35m83.9[0m% ([36m640[0m/[36m763[0m batches, [36m4124778[0m pos/sec)]
Estimated time to end of superbatch: [36m3.9[0ms     [Fsuperbatch [36m32[0m | time [36m23.5[0ms | running loss [36m0.009478[0m | [36m4253205[0m pos/sec | total time [36m659.8[0ms
Estimated time remaining in training: [36m2[0mh [36m16[0mm [36m45[0ms
LR dropped to [36m0.00046170468[0m
superbatch [36m33[0m [[35m0.0[0m% ([36m0[0m/[36m763[0m batches, [36m5482436[0m pos/sec)]
Estimated time to end of superbatch: [36minf[0ms     [Fsuperbatch [36m33[0m [[35m16.8[0m% ([36m128[0m/[36m763[0m batches, [36m5042894[0m pos/sec)]
Estimated time to end of superbatch: [36m16.6[0ms     [Fsuperbatch [36m33[0m [[35m33.6[0m% ([36m256[0m/[36m763[0m batches, [36m5021928[0m pos/sec)]
Estimated time to end of superbatch: [36m13.3[0ms     [Fsuperbatch [36m33[0m [[35m50.3[0m% ([36m384[0m/[36m763[0m batches, [36m5028347[0m pos/sec)]
Estimated time to end of superbatch: [36m9.9[0ms     [Fsuperbatch [36m33[0m [[35m67.1[0m% ([36m512[0m/[36m763[0m batches, [36m5048234[0m pos/sec)]
Estimated time to end of superbatch: [36m6.5[0ms     [Fsuperbatch [36m33[0m [[35m83.9[0m% ([36m640[0m/[36m763[0m batches, [36m5052624[0m pos/sec)]
Estimated time to end of superbatch: [36m3.2[0ms     [Fsuperbatch [36m33[0m | time [36m19.8[0ms | running loss [36m0.009484[0m | [36m5047720[0m pos/sec | total time [36m679.6[0ms
Estimated time remaining in training: [36m2[0mh [36m16[0mm [36m15[0ms
LR dropped to [36m0.0004605442[0m
superbatch [36m34[0m [[35m0.0[0m% ([36m0[0m/[36m763[0m batches, [36m5216976[0m pos/sec)]
Estimated time to end of superbatch: [36minf[0ms     [Fsuperbatch [36m34[0m [[35m16.8[0m% ([36m128[0m/[36m763[0m batches, [36m5082774[0m pos/sec)]
Estimated time to end of superbatch: [36m16.5[0ms     [Fsuperbatch [36m34[0m [[35m33.6[0m% ([36m256[0m/[36m763[0m batches, [36m5068574[0m pos/sec)]
Estimated time to end of superbatch: [36m13.2[0ms     [Fsuperbatch [36m34[0m [[35m50.3[0m% ([36m384[0m/[36m763[0m batches, [36m5071862[0m pos/sec)]
Estimated time to end of superbatch: [36m9.8[0ms     [Fsuperbatch [36m34[0m [[35m67.1[0m% ([36m512[0m/[36m763[0m batches, [36m5063244[0m pos/sec)]
Estimated time to end of superbatch: [36m6.5[0ms     [Fsuperbatch [36m34[0m [[35m83.9[0m% ([36m640[0m/[36m763[0m batches, [36m5067192[0m pos/sec)]
Estimated time to end of superbatch: [36m3.2[0ms     [Fsuperbatch [36m34[0m | time [36m19.7[0ms | running loss [36m0.009587[0m | [36m5071200[0m pos/sec | total time [36m699.3[0ms
Estimated time remaining in training: [36m2[0mh [36m15[0mm [36m44[0ms
LR dropped to [36m0.00045938374[0m
superbatch [36m35[0m [[35m0.0[0m% ([36m0[0m/[36m763[0m batches, [36m5574295[0m pos/sec)]
Estimated time to end of superbatch: [36minf[0ms     [Fsuperbatch [36m35[0m [[35m16.8[0m% ([36m128[0m/[36m763[0m batches, [36m5053016[0m pos/sec)]
Estimated time to end of superbatch: [36m16.6[0ms     [Fsuperbatch [36m35[0m [[35m33.6[0m% ([36m256[0m/[36m763[0m batches, [36m5069890[0m pos/sec)]
Estimated time to end of superbatch: [36m13.2[0ms     [Fsuperbatch [36m35[0m [[35m50.3[0m% ([36m384[0m/[36m763[0m batches, [36m5054779[0m pos/sec)]
Estimated time to end of superbatch: [36m9.9[0ms     [Fsuperbatch [36m35[0m [[35m67.1[0m% ([36m512[0m/[36m763[0m batches, [36m5048830[0m pos/sec)]
Estimated time to end of superbatch: [36m6.5[0ms     [Fsuperbatch [36m35[0m [[35m83.9[0m% ([36m640[0m/[36m763[0m batches, [36m5043160[0m pos/sec)]
Estimated time to end of superbatch: [36m3.2[0ms     [Fsuperbatch [36m35[0m | time [36m19.8[0ms | running loss [36m0.009558[0m | [36m5042659[0m pos/sec | total time [36m719.1[0ms
Estimated time remaining in training: [36m2[0mh [36m15[0mm [36m15[0ms
LR dropped to [36m0.00045822328[0m
superbatch [36m36[0m [[35m0.0[0m% ([36m0[0m/[36m763[0m batches, [36m4327360[0m pos/sec)]
Estimated time to end of superbatch: [36minf[0ms     [Fsuperbatch [36m36[0m [[35m16.8[0m% ([36m128[0m/[36m763[0m batches, [36m3811767[0m pos/sec)]
Estimated time to end of superbatch: [36m22.0[0ms     [Fsuperbatch [36m36[0m [[35m33.6[0m% ([36m256[0m/[36m763[0m batches, [36m3823120[0m pos/sec)]
Estimated time to end of superbatch: [36m17.4[0ms     [Fsuperbatch [36m36[0m [[35m50.3[0m% ([36m384[0m/[36m763[0m batches, [36m4165413[0m pos/sec)]
Estimated time to end of superbatch: [36m12.0[0ms     [Fsuperbatch [36m36[0m [[35m67.1[0m% ([36m512[0m/[36m763[0m batches, [36m4315110[0m pos/sec)]
Estimated time to end of superbatch: [36m7.6[0ms     [Fsuperbatch [36m36[0m [[35m83.9[0m% ([36m640[0m/[36m763[0m batches, [36m4397584[0m pos/sec)]
Estimated time to end of superbatch: [36m3.7[0ms     [Fsuperbatch [36m36[0m | time [36m22.3[0ms | running loss [36m0.009631[0m | [36m4492205[0m pos/sec | total time [36m741.4[0ms
Estimated time remaining in training: [36m2[0mh [36m15[0mm [36m14[0ms
LR dropped to [36m0.00045706282[0m
superbatch [36m37[0m [[35m0.0[0m% ([36m0[0m/[36m763[0m batches, [36m4763314[0m pos/sec)]
Estimated time to end of superbatch: [36minf[0ms     [Fsuperbatch [36m37[0m [[35m16.8[0m% ([36m128[0m/[36m763[0m batches, [36m5080404[0m pos/sec)]
Estimated time to end of superbatch: [36m16.5[0ms     [Fsuperbatch [36m37[0m [[35m33.6[0m% ([36m256[0m/[36m763[0m batches, [36m4753834[0m pos/sec)]
Estimated time to end of superbatch: [36m14.0[0ms     [Fsuperbatch [36m37[0m [[35m50.3[0m% ([36m384[0m/[36m763[0m batches, [36m4726820[0m pos/sec)]
Estimated time to end of superbatch: [36m10.5[0ms     [Fsuperbatch [36m37[0m [[35m67.1[0m% ([36m512[0m/[36m763[0m batches, [36m4809562[0m pos/sec)]
Estimated time to end of superbatch: [36m6.9[0ms     [Fsuperbatch [36m37[0m [[35m83.9[0m% ([36m640[0m/[36m763[0m batches, [36m4859190[0m pos/sec)]
Estimated time to end of superbatch: [36m3.3[0ms     [Fsuperbatch [36m37[0m | time [36m21.4[0ms | running loss [36m0.009587[0m | [36m4669619[0m pos/sec | total time [36m762.8[0ms
Estimated time remaining in training: [36m2[0mh [36m15[0mm [36m2[0ms
LR dropped to [36m0.00045590234[0m
superbatch [36m38[0m [[35m0.0[0m% ([36m0[0m/[36m763[0m batches, [36m3314528[0m pos/sec)]
Estimated time to end of superbatch: [36minf[0ms     [Fsuperbatch [36m38[0m [[35m16.8[0m% ([36m128[0m/[36m763[0m batches, [36m3777152[0m pos/sec)]
Estimated time to end of superbatch: [36m22.2[0ms     [Fsuperbatch [36m38[0m [[35m33.6[0m% ([36m256[0m/[36m763[0m batches, [36m4148527[0m pos/sec)]
Estimated time to end of superbatch: [36m16.1[0ms     [Fsuperbatch [36m38[0m [[35m50.3[0m% ([36m384[0m/[36m763[0m batches, [36m4309384[0m pos/sec)]
Estimated time to end of superbatch: [36m11.6[0ms     [Fsuperbatch [36m38[0m [[35m67.1[0m% ([36m512[0m/[36m763[0m batches, [36m4184744[0m pos/sec)]
Estimated time to end of superbatch: [36m7.9[0ms     [Fsuperbatch [36m38[0m [[35m83.9[0m% ([36m640[0m/[36m763[0m batches, [36m4109697[0m pos/sec)]
Estimated time to end of superbatch: [36m3.9[0ms     [Fsuperbatch [36m38[0m | time [36m24.1[0ms | running loss [36m0.009662[0m | [36m4156113[0m pos/sec | total time [36m786.9[0ms
Estimated time remaining in training: [36m2[0mh [36m15[0mm [36m17[0ms
LR dropped to [36m0.00045474188[0m
superbatch [36m39[0m [[35m0.0[0m% ([36m0[0m/[36m763[0m batches, [36m4502118[0m pos/sec)]
Estimated time to end of superbatch: [36minf[0ms     [Fsuperbatch [36m39[0m [[35m16.8[0m% ([36m128[0m/[36m763[0m batches, [36m4466164[0m pos/sec)]
Estimated time to end of superbatch: [36m18.8[0ms     [Fsuperbatch [36m39[0m [[35m33.6[0m% ([36m256[0m/[36m763[0m batches, [36m3817345[0m pos/sec)]
Estimated time to end of superbatch: [36m17.5[0ms     [Fsuperbatch [36m39[0m [[35m50.3[0m% ([36m384[0m/[36m763[0m batches, [36m3479731[0m pos/sec)]
Estimated time to end of superbatch: [36m14.3[0ms     [Fsuperbatch [36m39[0m [[35m67.1[0m% ([36m512[0m/[36m763[0m batches, [36m3536055[0m pos/sec)]
Estimated time to end of superbatch: [36m9.3[0ms     [Fsuperbatch [36m39[0m [[35m83.9[0m% ([36m640[0m/[36m763[0m batches, [36m3576720[0m pos/sec)]
Estimated time to end of superbatch: [36m4.5[0ms     [Fsuperbatch [36m39[0m | time [36m28.3[0ms | running loss [36m0.009585[0m | [36m3531578[0m pos/sec | total time [36m815.2[0ms
Estimated time remaining in training: [36m2[0mh [36m16[0mm [36m12[0ms
LR dropped to [36m0.00045358142[0m
superbatch [36m40[0m [[35m0.0[0m% ([36m0[0m/[36m763[0m batches, [36m3150600[0m pos/sec)]
Estimated time to end of superbatch: [36minf[0ms     [Fsuperbatch [36m40[0m [[35m16.8[0m% ([36m128[0m/[36m763[0m batches, [36m3360104[0m pos/sec)]
Estimated time to end of superbatch: [36m25.0[0ms     [Fsuperbatch [36m40[0m [[35m33.6[0m% ([36m256[0m/[36m763[0m batches, [36m3840693[0m pos/sec)]
Estimated time to end of superbatch: [36m17.4[0ms     [Fsuperbatch [36m40[0m [[35m50.3[0m% ([36m384[0m/[36m763[0m batches, [36m3869114[0m pos/sec)]
Estimated time to end of superbatch: [36m12.9[0ms     [Fsuperbatch [36m40[0m [[35m67.1[0m% ([36m512[0m/[36m763[0m batches, [36m3752633[0m pos/sec)]
Estimated time to end of superbatch: [36m8.8[0ms     [Fsuperbatch [36m40[0m [[35m83.9[0m% ([36m640[0m/[36m763[0m batches, [36m3637252[0m pos/sec)]
Estimated time to end of superbatch: [36m4.4[0ms     [Fsuperbatch [36m40[0m | time [36m27.1[0ms | running loss [36m0.009696[0m | [36m3692422[0m pos/sec | total time [36m842.3[0ms
Estimated time remaining in training: [36m2[0mh [36m16[0mm [36m52[0ms
Saved [anna-v3c-s1-40]
LR dropped to [36m0.00045242097[0m
superbatch [36m41[0m [[35m0.0[0m% ([36m0[0m/[36m763[0m batches, [36m5351190[0m pos/sec)]
Estimated time to end of superbatch: [36minf[0ms     [Fsuperbatch [36m41[0m [[35m16.8[0m% ([36m128[0m/[36m763[0m batches, [36m4692884[0m pos/sec)]
Estimated time to end of superbatch: [36m17.9[0ms     [Fsuperbatch [36m41[0m [[35m33.6[0m% ([36m256[0m/[36m763[0m batches, [36m4054756[0m pos/sec)]
Estimated time to end of superbatch: [36m16.5[0ms     [Fsuperbatch [36m41[0m [[35m50.3[0m% ([36m384[0m/[36m763[0m batches, [36m4040090[0m pos/sec)]
Estimated time to end of superbatch: [36m12.3[0ms     [Fsuperbatch [36m41[0m [[35m67.1[0m% ([36m512[0m/[36m763[0m batches, [36m4157896[0m pos/sec)]
Estimated time to end of superbatch: [36m7.9[0ms     [Fsuperbatch [36m41[0m [[35m83.9[0m% ([36m640[0m/[36m763[0m batches, [36m4183684[0m pos/sec)]
Estimated time to end of superbatch: [36m3.9[0ms     [Fsuperbatch [36m41[0m | time [36m24.5[0ms | running loss [36m0.009624[0m | [36m4081375[0m pos/sec | total time [36m869.9[0ms
Estimated time remaining in training: [36m2[0mh [36m17[0mm [36m33[0ms
LR dropped to [36m0.00045126048[0m
superbatch [36m42[0m [[35m0.0[0m% ([36m0[0m/[36m763[0m batches, [36m2004952[0m pos/sec)]
Estimated time to end of superbatch: [36minf[0ms     [Fsuperbatch [36m42[0m [[35m16.8[0m% ([36m128[0m/[36m763[0m batches, [36m2814445[0m pos/sec)]
Estimated time to end of superbatch: [36m29.8[0ms     [Fsuperbatch [36m42[0m [[35m33.6[0m% ([36m256[0m/[36m763[0m batches, [36m3176654[0m pos/sec)]
Estimated time to end of superbatch: [36m21.0[0ms     [Fsuperbatch [36m42[0m [[35m50.3[0m% ([36m384[0m/[36m763[0m batches, [36m3364588[0m pos/sec)]
Estimated time to end of superbatch: [36m14.8[0ms     [Fsuperbatch [36m42[0m [[35m67.1[0m% ([36m512[0m/[36m763[0m batches, [36m3372821[0m pos/sec)]
Estimated time to end of superbatch: [36m9.8[0ms     [Fsuperbatch [36m42[0m [[35m83.9[0m% ([36m640[0m/[36m763[0m batches, [36m3369334[0m pos/sec)]
Estimated time to end of superbatch: [36m4.8[0ms     [Fsuperbatch [36m42[0m | time [36m28.9[0ms | running loss [36m0.009741[0m | [36m3461637[0m pos/sec | total time [36m898.7[0ms
Estimated time remaining in training: [36m2[0mh [36m18[0mm [36m22[0ms
LR dropped to [36m0.00045010002[0m
superbatch [36m43[0m [[35m0.0[0m% ([36m0[0m/[36m763[0m batches, [36m4972696[0m pos/sec)]
Estimated time to end of superbatch: [36minf[0ms     [Fsuperbatch [36m43[0m [[35m16.8[0m% ([36m128[0m/[36m763[0m batches, [36m4011192[0m pos/sec)]
Estimated time to end of superbatch: [36m20.9[0ms     [Fsuperbatch [36m43[0m [[35m33.6[0m% ([36m256[0m/[36m763[0m batches, [36m3814514[0m pos/sec)]
Estimated time to end of superbatch: [36m17.5[0ms     [Fsuperbatch [36m43[0m [[35m50.3[0m% ([36m384[0m/[36m763[0m batches, [36m3571090[0m pos/sec)]
Estimated time to end of superbatch: [36m13.9[0ms     [Fsuperbatch [36m43[0m [[35m67.1[0m% ([36m512[0m/[36m763[0m batches, [36m3569167[0m pos/sec)]
Estimated time to end of superbatch: [36m9.2[0ms     [Fsuperbatch [36m43[0m [[35m83.9[0m% ([36m640[0m/[36m763[0m batches, [36m3516310[0m pos/sec)]
Estimated time to end of superbatch: [36m4.6[0ms     [Fsuperbatch [36m43[0m | time [36m29.1[0ms | running loss [36m0.009647[0m | [36m3440141[0m pos/sec | total time [36m927.8[0ms
Estimated time remaining in training: [36m2[0mh [36m19[0mm [36m10[0ms
LR dropped to [36m0.00044893957[0m
superbatch [36m44[0m [[35m0.0[0m% ([36m0[0m/[36m763[0m batches, [36m3488470[0m pos/sec)]
Estimated time to end of superbatch: [36minf[0ms     [Fsuperbatch [36m44[0m [[35m16.8[0m% ([36m128[0m/[36m763[0m batches, [36m2710484[0m pos/sec)]
Estimated time to end of superbatch: [36m30.9[0ms     [Fsuperbatch [36m44[0m [[35m33.6[0m% ([36m256[0m/[36m763[0m batches, [36m3268318[0m pos/sec)]
Estimated time to end of superbatch: [36m20.4[0ms     [Fsuperbatch [36m44[0m [[35m50.3[0m% ([36m384[0m/[36m763[0m batches, [36m3587964[0m pos/sec)]
Estimated time to end of superbatch: [36m13.9[0ms     [Fsuperbatch [36m44[0m [[35m67.1[0m% ([36m512[0m/[36m763[0m batches, [36m3713758[0m pos/sec)]
Estimated time to end of superbatch: [36m8.9[0ms     [Fsuperbatch [36m44[0m [[35m83.9[0m% ([36m640[0m/[36m763[0m batches, [36m3687976[0m pos/sec)]
Estimated time to end of superbatch: [36m4.4[0ms     [Fsuperbatch [36m44[0m | time [36m26.3[0ms | running loss [36m0.009783[0m | [36m3804213[0m pos/sec | total time [36m954.1[0ms
Estimated time remaining in training: [36m2[0mh [36m19[0mm [36m30[0ms
LR dropped to [36m0.00044777908[0m
superbatch [36m45[0m [[35m0.0[0m% ([36m0[0m/[36m763[0m batches, [36m5123640[0m pos/sec)]
Estimated time to end of superbatch: [36minf[0ms     [Fsuperbatch [36m45[0m [[35m16.8[0m% ([36m128[0m/[36m763[0m batches, [36m4644968[0m pos/sec)]
Estimated time to end of superbatch: [36m18.1[0ms     [Fsuperbatch [36m45[0m [[35m33.6[0m% ([36m256[0m/[36m763[0m batches, [36m4409388[0m pos/sec)]
Estimated time to end of superbatch: [36m15.1[0ms     [Fsuperbatch [36m45[0m [[35m50.3[0m% ([36m384[0m/[36m763[0m batches, [36m4013410[0m pos/sec)]
Estimated time to end of superbatch: [36m12.4[0ms     [Fsuperbatch [36m45[0m [[35m67.1[0m% ([36m512[0m/[36m763[0m batches, [36m4053203[0m pos/sec)]
Estimated time to end of superbatch: [36m8.1[0ms     [Fsuperbatch [36m45[0m [[35m83.9[0m% ([36m640[0m/[36m763[0m batches, [36m4140488[0m pos/sec)]
Estimated time to end of superbatch: [36m3.9[0ms     [Fsuperbatch [36m45[0m | time [36m23.7[0ms | running loss [36m0.009659[0m | [36m4217059[0m pos/sec | total time [36m977.8[0ms
Estimated time remaining in training: [36m2[0mh [36m19[0mm [36m25[0ms
LR dropped to [36m0.00044661862[0m
superbatch [36m46[0m [[35m0.0[0m% ([36m0[0m/[36m763[0m batches, [36m3883150[0m pos/sec)]
Estimated time to end of superbatch: [36minf[0ms     [Fsuperbatch [36m46[0m [[35m16.8[0m% ([36m128[0m/[36m763[0m batches, [36m4445538[0m pos/sec)]
Estimated time to end of superbatch: [36m18.9[0ms     [Fsuperbatch [36m46[0m [[35m33.6[0m% ([36m256[0m/[36m763[0m batches, [36m4775664[0m pos/sec)]
Estimated time to end of superbatch: [36m14.0[0ms     [Fsuperbatch [36m46[0m [[35m50.3[0m% ([36m384[0m/[36m763[0m batches, [36m4894077[0m pos/sec)]
Estimated time to end of superbatch: [36m10.2[0ms     [Fsuperbatch [36m46[0m [[35m67.1[0m% ([36m512[0m/[36m763[0m batches, [36m4894844[0m pos/sec)]
Estimated time to end of superbatch: [36m6.7[0ms     [Fsuperbatch [36m46[0m [[35m83.9[0m% ([36m640[0m/[36m763[0m batches, [36m4779342[0m pos/sec)]
Estimated time to end of superbatch: [36m3.4[0ms     [Fsuperbatch [36m46[0m | time [36m20.7[0ms | running loss [36m0.009815[0m | [36m4834785[0m pos/sec | total time [36m998.5[0ms
Estimated time remaining in training: [36m2[0mh [36m18[0mm [36m55[0ms
LR dropped to [36m0.00044545816[0m
superbatch [36m47[0m [[35m0.0[0m% ([36m0[0m/[36m763[0m batches, [36m4185704[0m pos/sec)]
Estimated time to end of superbatch: [36minf[0ms     [Fsuperbatch [36m47[0m [[35m16.8[0m% ([36m128[0m/[36m763[0m batches, [36m5082080[0m pos/sec)]
Estimated time to end of superbatch: [36m16.5[0ms     [Fsuperbatch [36m47[0m [[35m33.6[0m% ([36m256[0m/[36m763[0m batches, [36m5030010[0m pos/sec)]
Estimated time to end of superbatch: [36m13.3[0ms     [Fsuperbatch [36m47[0m [[35m50.3[0m% ([36m384[0m/[36m763[0m batches, [36m4859780[0m pos/sec)]
Estimated time to end of superbatch: [36m10.2[0ms     [Fsuperbatch [36m47[0m [[35m67.1[0m% ([36m512[0m/[36m763[0m batches, [36m4900288[0m pos/sec)]
Estimated time to end of superbatch: [36m6.7[0ms     [Fsuperbatch [36m47[0m [[35m83.9[0m% ([36m640[0m/[36m763[0m batches, [36m4937584[0m pos/sec)]
Estimated time to end of superbatch: [36m3.3[0ms     [Fsuperbatch [36m47[0m | time [36m20.2[0ms | running loss [36m0.009673[0m | [36m4956153[0m pos/sec | total time [36m1018.7[0ms
Estimated time remaining in training: [36m2[0mh [36m18[0mm [36m21[0ms
LR dropped to [36m0.0004442977[0m
superbatch [36m48[0m [[35m0.0[0m% ([36m0[0m/[36m763[0m batches, [36m5207548[0m pos/sec)]
Estimated time to end of superbatch: [36minf[0ms     [Fsuperbatch [36m48[0m [[35m16.8[0m% ([36m128[0m/[36m763[0m batches, [36m4488566[0m pos/sec)]
Estimated time to end of superbatch: [36m18.7[0ms     [Fsuperbatch [36m48[0m [[35m33.6[0m% ([36m256[0m/[36m763[0m batches, [36m4745801[0m pos/sec)]
Estimated time to end of superbatch: [36m14.1[0ms     [Fsuperbatch [36m48[0m [[35m50.3[0m% ([36m384[0m/[36m763[0m batches, [36m4872519[0m pos/sec)]
Estimated time to end of superbatch: [36m10.2[0ms     [Fsuperbatch [36m48[0m [[35m67.1[0m% ([36m512[0m/[36m763[0m batches, [36m4905886[0m pos/sec)]
Estimated time to end of superbatch: [36m6.7[0ms     [Fsuperbatch [36m48[0m [[35m83.9[0m% ([36m640[0m/[36m763[0m batches, [36m4753502[0m pos/sec)]
Estimated time to end of superbatch: [36m3.4[0ms     [Fsuperbatch [36m48[0m | time [36m20.9[0ms | running loss [36m0.009877[0m | [36m4784435[0m pos/sec | total time [36m1039.6[0ms
Estimated time remaining in training: [36m2[0mh [36m17[0mm [36m53[0ms
LR dropped to [36m0.00044313722[0m
superbatch [36m49[0m [[35m0.0[0m% ([36m0[0m/[36m763[0m batches, [36m5492794[0m pos/sec)]
Estimated time to end of superbatch: [36minf[0ms     [Fsuperbatch [36m49[0m [[35m16.8[0m% ([36m128[0m/[36m763[0m batches, [36m5099102[0m pos/sec)]
Estimated time to end of superbatch: [36m16.5[0ms     [Fsuperbatch [36m49[0m [[35m33.6[0m% ([36m256[0m/[36m763[0m batches, [36m5078756[0m pos/sec)]
Estimated time to end of superbatch: [36m13.1[0ms     [Fsuperbatch [36m49[0m [[35m50.3[0m% ([36m384[0m/[36m763[0m batches, [36m4926982[0m pos/sec)]
Estimated time to end of superbatch: [36m10.1[0ms     [Fsuperbatch [36m49[0m [[35m67.1[0m% ([36m512[0m/[36m763[0m batches, [36m4951610[0m pos/sec)]
Estimated time to end of superbatch: [36m6.7[0ms     [Fsuperbatch [36m49[0m [[35m83.9[0m% ([36m640[0m/[36m763[0m batches, [36m4981266[0m pos/sec)]
Estimated time to end of superbatch: [36m3.2[0ms     [Fsuperbatch [36m49[0m | time [36m20.1[0ms | running loss [36m0.009699[0m | [36m4967112[0m pos/sec | total time [36m1059.7[0ms
Estimated time remaining in training: [36m2[0mh [36m17[0mm [36m19[0ms
LR dropped to [36m0.00044197676[0m
superbatch [36m50[0m [[35m0.0[0m% ([36m0[0m/[36m763[0m batches, [36m4530185[0m pos/sec)]
Estimated time to end of superbatch: [36minf[0ms     [Fsuperbatch [36m50[0m [[35m16.8[0m% ([36m128[0m/[36m763[0m batches, [36m4693448[0m pos/sec)]
Estimated time to end of superbatch: [36m17.9[0ms     [Fsuperbatch [36m50[0m [[35m33.6[0m% ([36m256[0m/[36m763[0m batches, [36m4830304[0m pos/sec)]
Estimated time to end of superbatch: [36m13.8[0ms     [Fsuperbatch [36m50[0m [[35m50.3[0m% ([36m384[0m/[36m763[0m batches, [36m4908204[0m pos/sec)]
Estimated time to end of superbatch: [36m10.1[0ms     [Fsuperbatch [36m50[0m [[35m67.1[0m% ([36m512[0m/[36m763[0m batches, [36m4947337[0m pos/sec)]
Estimated time to end of superbatch: [36m6.7[0ms     [Fsuperbatch [36m50[0m [[35m83.9[0m% ([36m640[0m/[36m763[0m batches, [36m4889038[0m pos/sec)]
Estimated time to end of superbatch: [36m3.3[0ms     [Fsuperbatch [36m50[0m | time [36m20.4[0ms | running loss [36m0.009935[0m | [36m4899841[0m pos/sec | total time [36m1080.1[0ms
Estimated time remaining in training: [36m2[0mh [36m16[0mm [36m49[0ms
Saved [anna-v3c-s1-50]
LR dropped to [36m0.0004408163[0m
superbatch [36m51[0m [[35m0.0[0m% ([36m0[0m/[36m763[0m batches, [36m5641358[0m pos/sec)]
Estimated time to end of superbatch: [36minf[0ms     [Fsuperbatch [36m51[0m [[35m16.8[0m% ([36m128[0m/[36m763[0m batches, [36m5487660[0m pos/sec)]
Estimated time to end of superbatch: [36m15.3[0ms     [Fsuperbatch [36m51[0m [[35m33.6[0m% ([36m256[0m/[36m763[0m batches, [36m5571548[0m pos/sec)]
Estimated time to end of superbatch: [36m12.0[0ms     [Fsuperbatch [36m51[0m [[35m50.3[0m% ([36m384[0m/[36m763[0m batches, [36m5380561[0m pos/sec)]
Estimated time to end of superbatch: [36m9.3[0ms     [Fsuperbatch [36m51[0m [[35m67.1[0m% ([36m512[0m/[36m763[0m batches, [36m5264272[0m pos/sec)]
Estimated time to end of superbatch: [36m6.3[0ms     [Fsuperbatch [36m51[0m [[35m83.9[0m% ([36m640[0m/[36m763[0m batches, [36m5228338[0m pos/sec)]
Estimated time to end of superbatch: [36m3.1[0ms     [Fsuperbatch [36m51[0m | time [36m19.2[0ms | running loss [36m0.009718[0m | [36m5208120[0m pos/sec | total time [36m1101.8[0ms
Estimated time remaining in training: [36m2[0mh [36m16[0mm [36m27[0ms
LR dropped to [36m0.00043965585[0m
superbatch [36m52[0m [[35m0.0[0m% ([36m0[0m/[36m763[0m batches, [36m4161690[0m pos/sec)]
Estimated time to end of superbatch: [36minf[0ms     [Fsuperbatch [36m52[0m [[35m16.8[0m% ([36m128[0m/[36m763[0m batches, [36m2991710[0m pos/sec)]
Estimated time to end of superbatch: [36m28.0[0ms     [Fsuperbatch [36m52[0m [[35m33.6[0m% ([36m256[0m/[36m763[0m batches, [36m3016328[0m pos/sec)]
Estimated time to end of superbatch: [36m22.1[0ms     [Fsuperbatch [36m52[0m [[35m50.3[0m% ([36m384[0m/[36m763[0m batches, [36m3496385[0m pos/sec)]
Estimated time to end of superbatch: [36m14.2[0ms     [Fsuperbatch [36m52[0m [[35m67.1[0m% ([36m512[0m/[36m763[0m batches, [36m3796796[0m pos/sec)]
Estimated time to end of superbatch: [36m8.7[0ms     [Fsuperbatch [36m52[0m [[35m83.9[0m% ([36m640[0m/[36m763[0m batches, [36m3932756[0m pos/sec)]
Estimated time to end of superbatch: [36m4.1[0ms     [Fsuperbatch [36m52[0m | time [36m24.6[0ms | running loss [36m0.009970[0m | [36m4067614[0m pos/sec | total time [36m1126.4[0ms
Estimated time remaining in training: [36m2[0mh [36m16[0mm [36m27[0ms
LR dropped to [36m0.00043849536[0m
superbatch [36m53[0m [[35m0.0[0m% ([36m0[0m/[36m763[0m batches, [36m4134746[0m pos/sec)]
Estimated time to end of superbatch: [36minf[0ms     [Fsuperbatch [36m53[0m [[35m16.8[0m% ([36m128[0m/[36m763[0m batches, [36m5105686[0m pos/sec)]
Estimated time to end of superbatch: [36m16.4[0ms     [Fsuperbatch [36m53[0m [[35m33.6[0m% ([36m256[0m/[36m763[0m batches, [36m5101999[0m pos/sec)]
Estimated time to end of superbatch: [36m13.1[0ms     [Fsuperbatch [36m53[0m [[35m50.3[0m% ([36m384[0m/[36m763[0m batches, [36m4914020[0m pos/sec)]
Estimated time to end of superbatch: [36m10.1[0ms     [Fsuperbatch [36m53[0m [[35m67.1[0m% ([36m512[0m/[36m763[0m batches, [36m4931368[0m pos/sec)]
Estimated time to end of superbatch: [36m6.7[0ms     [Fsuperbatch [36m53[0m [[35m83.9[0m% ([36m640[0m/[36m763[0m batches, [36m4954204[0m pos/sec)]
Estimated time to end of superbatch: [36m3.3[0ms     [Fsuperbatch [36m53[0m | time [36m20.1[0ms | running loss [36m0.009848[0m | [36m4967411[0m pos/sec | total time [36m1146.5[0ms
Estimated time remaining in training: [36m2[0mh [36m15[0mm [36m55[0ms
LR dropped to [36m0.0004373349[0m
superbatch [36m54[0m [[35m0.0[0m% ([36m0[0m/[36m763[0m batches, [36m5608704[0m pos/sec)]
Estimated time to end of superbatch: [36minf[0ms     [Fsuperbatch [36m54[0m [[35m16.8[0m% ([36m128[0m/[36m763[0m batches, [36m4766426[0m pos/sec)]
Estimated time to end of superbatch: [36m17.6[0ms     [Fsuperbatch [36m54[0m [[35m33.6[0m% ([36m256[0m/[36m763[0m batches, [36m4854746[0m pos/sec)]
Estimated time to end of superbatch: [36m13.7[0ms     [Fsuperbatch [36m54[0m [[35m50.3[0m% ([36m384[0m/[36m763[0m batches, [36m4940854[0m pos/sec)]
Estimated time to end of superbatch: [36m10.1[0ms     [Fsuperbatch [36m54[0m [[35m67.1[0m% ([36m512[0m/[36m763[0m batches, [36m4976639[0m pos/sec)]
Estimated time to end of superbatch: [36m6.6[0ms     [Fsuperbatch [36m54[0m [[35m83.9[0m% ([36m640[0m/[36m763[0m batches, [36m4917522[0m pos/sec)]
Estimated time to end of superbatch: [36m3.3[0ms     [Fsuperbatch [36m54[0m | time [36m20.4[0ms | running loss [36m0.010142[0m | [36m4910119[0m pos/sec | total time [36m1166.9[0ms
Estimated time remaining in training: [36m2[0mh [36m15[0mm [36m25[0ms
LR dropped to [36m0.00043617445[0m
superbatch [36m55[0m [[35m0.0[0m% ([36m0[0m/[36m763[0m batches, [36m4055396[0m pos/sec)]
Estimated time to end of superbatch: [36minf[0ms     [Fsuperbatch [36m55[0m [[35m16.8[0m% ([36m128[0m/[36m763[0m batches, [36m5102397[0m pos/sec)]
Estimated time to end of superbatch: [36m16.4[0ms     [Fsuperbatch [36m55[0m [[35m33.6[0m% ([36m256[0m/[36m763[0m batches, [36m5122627[0m pos/sec)]
Estimated time to end of superbatch: [36m13.0[0ms     [Fsuperbatch [36m55[0m [[35m50.3[0m% ([36m384[0m/[36m763[0m batches, [36m4918646[0m pos/sec)]
Estimated time to end of superbatch: [36m10.1[0ms     [Fsuperbatch [36m55[0m [[35m67.1[0m% ([36m512[0m/[36m763[0m batches, [36m4872304[0m pos/sec)]
Estimated time to end of superbatch: [36m6.8[0ms     [Fsuperbatch [36m55[0m [[35m83.9[0m% ([36m640[0m/[36m763[0m batches, [36m4911447[0m pos/sec)]
Estimated time to end of superbatch: [36m3.3[0ms     [Fsuperbatch [36m55[0m | time [36m20.2[0ms | running loss [36m0.009966[0m | [36m4944494[0m pos/sec | total time [36m1187.1[0ms
Estimated time remaining in training: [36m2[0mh [36m14[0mm [36m53[0ms
LR dropped to [36m0.00043501396[0m
superbatch [36m56[0m [[35m0.0[0m% ([36m0[0m/[36m763[0m batches, [36m4815571[0m pos/sec)]
Estimated time to end of superbatch: [36minf[0ms     [Fsuperbatch [36m56[0m [[35m16.8[0m% ([36m128[0m/[36m763[0m batches, [36m4645265[0m pos/sec)]
Estimated time to end of superbatch: [36m18.1[0ms     [Fsuperbatch [36m56[0m [[35m33.6[0m% ([36m256[0m/[36m763[0m batches, [36m4770774[0m pos/sec)]
Estimated time to end of superbatch: [36m14.0[0ms     [Fsuperbatch [36m56[0m [[35m50.3[0m% ([36m384[0m/[36m763[0m batches, [36m4872206[0m pos/sec)]
Estimated time to end of superbatch: [36m10.2[0ms     [Fsuperbatch [36m56[0m [[35m67.1[0m% ([36m512[0m/[36m763[0m batches, [36m4927096[0m pos/sec)]
Estimated time to end of superbatch: [36m6.7[0ms     [Fsuperbatch [36m56[0m [[35m83.9[0m% ([36m640[0m/[36m763[0m batches, [36m4863272[0m pos/sec)]
Estimated time to end of superbatch: [36m3.3[0ms     [Fsuperbatch [36m56[0m | time [36m20.6[0ms | running loss [36m0.010176[0m | [36m4847595[0m pos/sec | total time [36m1207.7[0ms
Estimated time remaining in training: [36m2[0mh [36m14[0mm [36m26[0ms
LR dropped to [36m0.0004338535[0m
superbatch [36m57[0m [[35m0.0[0m% ([36m0[0m/[36m763[0m batches, [36m4249296[0m pos/sec)]
Estimated time to end of superbatch: [36minf[0ms     [Fsuperbatch [36m57[0m [[35m16.8[0m% ([36m128[0m/[36m763[0m batches, [36m5100344[0m pos/sec)]
Estimated time to end of superbatch: [36m16.4[0ms     [Fsuperbatch [36m57[0m [[35m33.6[0m% ([36m256[0m/[36m763[0m batches, [36m5075808[0m pos/sec)]
Estimated time to end of superbatch: [36m13.1[0ms     [Fsuperbatch [36m57[0m [[35m50.3[0m% ([36m384[0m/[36m763[0m batches, [36m4498298[0m pos/sec)]
Estimated time to end of superbatch: [36m11.1[0ms     [Fsuperbatch [36m57[0m [[35m67.1[0m% ([36m512[0m/[36m763[0m batches, [36m4358122[0m pos/sec)]
Estimated time to end of superbatch: [36m7.6[0ms     [Fsuperbatch [36m57[0m [[35m83.9[0m% ([36m640[0m/[36m763[0m batches, [36m4489485[0m pos/sec)]
Estimated time to end of superbatch: [36m3.6[0ms     [Fsuperbatch [36m57[0m | time [36m21.9[0ms | running loss [36m0.009991[0m | [36m4564003[0m pos/sec | total time [36m1229.7[0ms
Estimated time remaining in training: [36m2[0mh [36m14[0mm [36m6[0ms
LR dropped to [36m0.00043269305[0m
superbatch [36m58[0m [[35m0.0[0m% ([36m0[0m/[36m763[0m batches, [36m4672352[0m pos/sec)]
Estimated time to end of superbatch: [36minf[0ms     [Fsuperbatch [36m58[0m [[35m16.8[0m% ([36m128[0m/[36m763[0m batches, [36m4674958[0m pos/sec)]
Estimated time to end of superbatch: [36m17.9[0ms     [Fsuperbatch [36m58[0m [[35m33.6[0m% ([36m256[0m/[36m763[0m batches, [36m4782448[0m pos/sec)]
Estimated time to end of superbatch: [36m13.9[0ms     [Fsuperbatch [36m58[0m [[35m50.3[0m% ([36m384[0m/[36m763[0m batches, [36m4879628[0m pos/sec)]
Estimated time to end of superbatch: [36m10.2[0ms     [Fsuperbatch [36m58[0m [[35m67.1[0m% ([36m512[0m/[36m763[0m batches, [36m4942360[0m pos/sec)]
Estimated time to end of superbatch: [36m6.7[0ms     [Fsuperbatch [36m58[0m [[35m83.9[0m% ([36m640[0m/[36m763[0m batches, [36m4910734[0m pos/sec)]
Estimated time to end of superbatch: [36m3.3[0ms     [Fsuperbatch [36m58[0m | time [36m23.9[0ms | running loss [36m0.010204[0m | [36m4189849[0m pos/sec | total time [36m1253.5[0ms
Estimated time remaining in training: [36m2[0mh [36m13[0mm [36m59[0ms
LR dropped to [36m0.0004315326[0m
superbatch [36m59[0m [[35m0.0[0m% ([36m0[0m/[36m763[0m batches, [36m1762561[0m pos/sec)]
Estimated time to end of superbatch: [36minf[0ms     [Fsuperbatch [36m59[0m [[35m16.8[0m% ([36m128[0m/[36m763[0m batches, [36m1559656[0m pos/sec)]
Estimated time to end of superbatch: [36m53.8[0ms     [Fsuperbatch [36m59[0m [[35m33.6[0m% ([36m256[0m/[36m763[0m batches, [36m2370810[0m pos/sec)]
Estimated time to end of superbatch: [36m28.1[0ms     [Fsuperbatch [36m59[0m [[35m50.3[0m% ([36m384[0m/[36m763[0m batches, [36m2781802[0m pos/sec)]
Estimated time to end of superbatch: [36m17.9[0ms     [Fsuperbatch [36m59[0m [[35m67.1[0m% ([36m512[0m/[36m763[0m batches, [36m3080399[0m pos/sec)]
Estimated time to end of superbatch: [36m10.7[0ms     [Fsuperbatch [36m59[0m [[35m83.9[0m% ([36m640[0m/[36m763[0m batches, [36m3326620[0m pos/sec)]
Estimated time to end of superbatch: [36m4.9[0ms     [Fsuperbatch [36m59[0m | time [36m28.6[0ms | running loss [36m0.010043[0m | [36m3496864[0m pos/sec | total time [36m1282.1[0ms
Estimated time remaining in training: [36m2[0mh [36m14[0mm [36m22[0ms
LR dropped to [36m0.0004303721[0m
superbatch [36m60[0m [[35m0.0[0m% ([36m0[0m/[36m763[0m batches, [36m4700971[0m pos/sec)]
Estimated time to end of superbatch: [36minf[0ms     [Fsuperbatch [36m60[0m [[35m16.8[0m% ([36m128[0m/[36m763[0m batches, [36m4155183[0m pos/sec)]
Estimated time to end of superbatch: [36m20.2[0ms     [Fsuperbatch [36m60[0m [[35m33.6[0m% ([36m256[0m/[36m763[0m batches, [36m4330042[0m pos/sec)]
Estimated time to end of superbatch: [36m15.4[0ms     [Fsuperbatch [36m60[0m [[35m50.3[0m% ([36m384[0m/[36m763[0m batches, [36m4567179[0m pos/sec)]
Estimated time to end of superbatch: [36m10.9[0ms     [Fsuperbatch [36m60[0m [[35m67.1[0m% ([36m512[0m/[36m763[0m batches, [36m4679078[0m pos/sec)]
Estimated time to end of superbatch: [36m7.0[0ms     [Fsuperbatch [36m60[0m [[35m83.9[0m% ([36m640[0m/[36m763[0m batches, [36m4676215[0m pos/sec)]
Estimated time to end of superbatch: [36m3.5[0ms     [Fsuperbatch [36m60[0m | time [36m21.2[0ms | running loss [36m0.010215[0m | [36m4716717[0m pos/sec | total time [36m1303.3[0ms
Estimated time remaining in training: [36m2[0mh [36m13[0mm [36m57[0ms
Saved [anna-v3c-s1-60]
LR dropped to [36m0.00042921165[0m
superbatch [36m61[0m [[35m0.0[0m% ([36m0[0m/[36m763[0m batches, [36m5389119[0m pos/sec)]
Estimated time to end of superbatch: [36minf[0ms     [Fsuperbatch [36m61[0m [[35m16.8[0m% ([36m128[0m/[36m763[0m batches, [36m5687954[0m pos/sec)]
Estimated time to end of superbatch: [36m14.7[0ms     [Fsuperbatch [36m61[0m [[35m33.6[0m% ([36m256[0m/[36m763[0m batches, [36m5685044[0m pos/sec)]
Estimated time to end of superbatch: [36m11.7[0ms     [Fsuperbatch [36m61[0m [[35m50.3[0m% ([36m384[0m/[36m763[0m batches, [36m5626652[0m pos/sec)]
Estimated time to end of superbatch: [36m8.9[0ms     [Fsuperbatch [36m61[0m [[35m67.1[0m% ([36m512[0m/[36m763[0m batches, [36m5425998[0m pos/sec)]
Estimated time to end of superbatch: [36m6.1[0ms     [Fsuperbatch [36m61[0m [[35m83.9[0m% ([36m640[0m/[36m763[0m batches, [36m5355155[0m pos/sec)]
Estimated time to end of superbatch: [36m3.0[0ms     [Fsuperbatch [36m61[0m | time [36m18.8[0ms | running loss [36m0.010049[0m | [36m5307193[0m pos/sec | total time [36m1324.8[0ms
Estimated time remaining in training: [36m2[0mh [36m13[0mm [36m33[0ms
LR dropped to [36m0.0004280512[0m
superbatch [36m62[0m [[35m0.0[0m% ([36m0[0m/[36m763[0m batches, [36m5671115[0m pos/sec)]
Estimated time to end of superbatch: [36minf[0ms     [Fsuperbatch [36m62[0m [[35m16.8[0m% ([36m128[0m/[36m763[0m batches, [36m4918432[0m pos/sec)]
Estimated time to end of superbatch: [36m17.1[0ms     [Fsuperbatch [36m62[0m [[35m33.6[0m% ([36m256[0m/[36m763[0m batches, [36m4875715[0m pos/sec)]
Estimated time to end of superbatch: [36m13.7[0ms     [Fsuperbatch [36m62[0m [[35m50.3[0m% ([36m384[0m/[36m763[0m batches, [36m4947742[0m pos/sec)]
Estimated time to end of superbatch: [36m10.1[0ms     [Fsuperbatch [36m62[0m [[35m67.1[0m% ([36m512[0m/[36m763[0m batches, [36m4983738[0m pos/sec)]
Estimated time to end of superbatch: [36m6.6[0ms     [Fsuperbatch [36m62[0m [[35m83.9[0m% ([36m640[0m/[36m763[0m batches, [36m4938094[0m pos/sec)]
Estimated time to end of superbatch: [36m3.3[0ms     [Fsuperbatch [36m62[0m | time [36m20.4[0ms | running loss [36m0.010220[0m | [36m4897456[0m pos/sec | total time [36m1345.2[0ms
Estimated time remaining in training: [36m2[0mh [36m13[0mm [36m4[0ms
LR dropped to [36m0.00042689074[0m
superbatch [36m63[0m [[35m0.0[0m% ([36m0[0m/[36m763[0m batches, [36m5584752[0m pos/sec)]
Estimated time to end of superbatch: [36minf[0ms     [Fsuperbatch [36m63[0m [[35m16.8[0m% ([36m128[0m/[36m763[0m batches, [36m5089008[0m pos/sec)]
Estimated time to end of superbatch: [36m16.5[0ms     [Fsuperbatch [36m63[0m [[35m33.6[0m% ([36m256[0m/[36m763[0m batches, [36m5090884[0m pos/sec)]
Estimated time to end of superbatch: [36m13.1[0ms     [Fsuperbatch [36m63[0m [[35m50.3[0m% ([36m384[0m/[36m763[0m batches, [36m5023811[0m pos/sec)]
Estimated time to end of superbatch: [36m9.9[0ms     [Fsuperbatch [36m63[0m [[35m67.1[0m% ([36m512[0m/[36m763[0m batches, [36m4947584[0m pos/sec)]
Estimated time to end of superbatch: [36m6.7[0ms     [Fsuperbatch [36m63[0m [[35m83.9[0m% ([36m640[0m/[36m763[0m batches, [36m4969991[0m pos/sec)]
Estimated time to end of superbatch: [36m3.2[0ms     [Fsuperbatch [36m63[0m | time [36m20.0[0ms | running loss [36m0.010075[0m | [36m4991626[0m pos/sec | total time [36m1365.2[0ms
Estimated time remaining in training: [36m2[0mh [36m12[0mm [36m32[0ms
LR dropped to [36m0.00042573025[0m
superbatch [36m64[0m [[35m0.0[0m% ([36m0[0m/[36m763[0m batches, [36m5361602[0m pos/sec)]
Estimated time to end of superbatch: [36minf[0ms     [Fsuperbatch [36m64[0m [[35m16.8[0m% ([36m128[0m/[36m763[0m batches, [36m4947534[0m pos/sec)]
Estimated time to end of superbatch: [36m17.0[0ms     [Fsuperbatch [36m64[0m [[35m33.6[0m% ([36m256[0m/[36m763[0m batches, [36m4746984[0m pos/sec)]
Estimated time to end of superbatch: [36m14.1[0ms     [Fsuperbatch [36m64[0m [[35m50.3[0m% ([36m384[0m/[36m763[0m batches, [36m4845374[0m pos/sec)]
Estimated time to end of superbatch: [36m10.3[0ms     [Fsuperbatch [36m64[0m [[35m67.1[0m% ([36m512[0m/[36m763[0m batches, [36m4913306[0m pos/sec)]
Estimated time to end of superbatch: [36m6.7[0ms     [Fsuperbatch [36m64[0m [[35m83.9[0m% ([36m640[0m/[36m763[0m batches, [36m4919583[0m pos/sec)]
Estimated time to end of superbatch: [36m3.3[0ms     [Fsuperbatch [36m64[0m | time [36m20.3[0ms | running loss [36m0.010236[0m | [36m4914410[0m pos/sec | total time [36m1385.6[0ms
Estimated time remaining in training: [36m2[0mh [36m12[0mm [36m3[0ms
LR dropped to [36m0.0004245698[0m
superbatch [36m65[0m [[35m0.0[0m% ([36m0[0m/[36m763[0m batches, [36m4519268[0m pos/sec)]
Estimated time to end of superbatch: [36minf[0ms     [Fsuperbatch [36m65[0m [[35m16.8[0m% ([36m128[0m/[36m763[0m batches, [36m5089618[0m pos/sec)]
Estimated time to end of superbatch: [36m16.5[0ms     [Fsuperbatch [36m65[0m [[35m33.6[0m% ([36m256[0m/[36m763[0m batches, [36m5088510[0m pos/sec)]
Estimated time to end of superbatch: [36m13.1[0ms     [Fsuperbatch [36m65[0m [[35m50.3[0m% ([36m384[0m/[36m763[0m batches, [36m4978090[0m pos/sec)]
Estimated time to end of superbatch: [36m10.0[0ms     [Fsuperbatch [36m65[0m [[35m67.1[0m% ([36m512[0m/[36m763[0m batches, [36m4921492[0m pos/sec)]
Estimated time to end of superbatch: [36m6.7[0ms     [Fsuperbatch [36m65[0m [[35m83.9[0m% ([36m640[0m/[36m763[0m batches, [36m4950226[0m pos/sec)]
Estimated time to end of superbatch: [36m3.3[0ms     [Fsuperbatch [36m65[0m | time [36m20.1[0ms | running loss [36m0.010111[0m | [36m4969104[0m pos/sec | total time [36m1405.7[0ms
Estimated time remaining in training: [36m2[0mh [36m11[0mm [36m33[0ms
LR dropped to [36m0.00042340934[0m
superbatch [36m66[0m [[35m0.0[0m% ([36m0[0m/[36m763[0m batches, [36m5578042[0m pos/sec)]
Estimated time to end of superbatch: [36minf[0ms     [Fsuperbatch [36m66[0m [[35m16.8[0m% ([36m128[0m/[36m763[0m batches, [36m4984029[0m pos/sec)]
Estimated time to end of superbatch: [36m16.8[0ms     [Fsuperbatch [36m66[0m [[35m33.6[0m% ([36m256[0m/[36m763[0m batches, [36m4989974[0m pos/sec)]
Estimated time to end of superbatch: [36m13.4[0ms     [Fsuperbatch [36m66[0m [[35m50.3[0m% ([36m384[0m/[36m763[0m batches, [36m5041241[0m pos/sec)]
Estimated time to end of superbatch: [36m9.9[0ms     [Fsuperbatch [36m66[0m [[35m67.1[0m% ([36m512[0m/[36m763[0m batches, [36m5054728[0m pos/sec)]
Estimated time to end of superbatch: [36m6.5[0ms     [Fsuperbatch [36m66[0m [[35m83.9[0m% ([36m640[0m/[36m763[0m batches, [36m5020906[0m pos/sec)]
Estimated time to end of superbatch: [36m3.2[0ms     [Fsuperbatch [36m66[0m | time [36m20.1[0ms | running loss [36m0.010268[0m | [36m4983029[0m pos/sec | total time [36m1425.8[0ms
Estimated time remaining in training: [36m2[0mh [36m11[0mm [36m3[0ms
LR dropped to [36m0.00042224885[0m
superbatch [36m67[0m [[35m0.0[0m% ([36m0[0m/[36m763[0m batches, [36m5662764[0m pos/sec)]
Estimated time to end of superbatch: [36minf[0ms     [Fsuperbatch [36m67[0m [[35m16.8[0m% ([36m128[0m/[36m763[0m batches, [36m5069305[0m pos/sec)]
Estimated time to end of superbatch: [36m16.5[0ms     [Fsuperbatch [36m67[0m [[35m33.6[0m% ([36m256[0m/[36m763[0m batches, [36m5077530[0m pos/sec)]
Estimated time to end of superbatch: [36m13.1[0ms     [Fsuperbatch [36m67[0m [[35m50.3[0m% ([36m384[0m/[36m763[0m batches, [36m5059688[0m pos/sec)]
Estimated time to end of superbatch: [36m9.8[0ms     [Fsuperbatch [36m67[0m [[35m67.1[0m% ([36m512[0m/[36m763[0m batches, [36m4985661[0m pos/sec)]
Estimated time to end of superbatch: [36m6.6[0ms     [Fsuperbatch [36m67[0m [[35m83.9[0m% ([36m640[0m/[36m763[0m batches, [36m5013191[0m pos/sec)]
Estimated time to end of superbatch: [36m3.2[0ms     [Fsuperbatch [36m67[0m | time [36m19.9[0ms | running loss [36m0.010158[0m | [36m5022106[0m pos/sec | total time [36m1445.7[0ms
Estimated time remaining in training: [36m2[0mh [36m10[0mm [36m32[0ms
LR dropped to [36m0.0004210884[0m
superbatch [36m68[0m [[35m0.0[0m% ([36m0[0m/[36m763[0m batches, [36m5693058[0m pos/sec)]
Estimated time to end of superbatch: [36minf[0ms     [Fsuperbatch [36m68[0m [[35m16.8[0m% ([36m128[0m/[36m763[0m batches, [36m4945295[0m pos/sec)]
Estimated time to end of superbatch: [36m17.0[0ms     [Fsuperbatch [36m68[0m [[35m33.6[0m% ([36m256[0m/[36m763[0m batches, [36m4798510[0m pos/sec)]
Estimated time to end of superbatch: [36m13.9[0ms     [Fsuperbatch [36m68[0m [[35m50.3[0m% ([36m384[0m/[36m763[0m batches, [36m4904634[0m pos/sec)]
Estimated time to end of superbatch: [36m10.2[0ms     [Fsuperbatch [36m68[0m [[35m67.1[0m% ([36m512[0m/[36m763[0m batches, [36m4944826[0m pos/sec)]
Estimated time to end of superbatch: [36m6.7[0ms     [Fsuperbatch [36m68[0m [[35m83.9[0m% ([36m640[0m/[36m763[0m batches, [36m4954012[0m pos/sec)]
Estimated time to end of superbatch: [36m3.3[0ms     [Fsuperbatch [36m68[0m | time [36m20.4[0ms | running loss [36m0.010289[0m | [36m4906646[0m pos/sec | total time [36m1466.0[0ms
Estimated time remaining in training: [36m2[0mh [36m10[0mm [36m4[0ms
LR dropped to [36m0.00041992794[0m
superbatch [36m69[0m [[35m0.0[0m% ([36m0[0m/[36m763[0m batches, [36m4214534[0m pos/sec)]
Estimated time to end of superbatch: [36minf[0ms     [Fsuperbatch [36m69[0m [[35m16.8[0m% ([36m128[0m/[36m763[0m batches, [36m5114387[0m pos/sec)]
Estimated time to end of superbatch: [36m16.4[0ms     [Fsuperbatch [36m69[0m [[35m33.6[0m% ([36m256[0m/[36m763[0m batches, [36m5073990[0m pos/sec)]
Estimated time to end of superbatch: [36m13.1[0ms     [Fsuperbatch [36m69[0m [[35m50.3[0m% ([36m384[0m/[36m763[0m batches, [36m5041622[0m pos/sec)]
Estimated time to end of superbatch: [36m9.9[0ms     [Fsuperbatch [36m69[0m [[35m67.1[0m% ([36m512[0m/[36m763[0m batches, [36m4943335[0m pos/sec)]
Estimated time to end of superbatch: [36m6.7[0ms     [Fsuperbatch [36m69[0m [[35m83.9[0m% ([36m640[0m/[36m763[0m batches, [36m4973224[0m pos/sec)]
Estimated time to end of superbatch: [36m3.2[0ms     [Fsuperbatch [36m69[0m | time [36m20.0[0ms | running loss [36m0.010193[0m | [36m5000666[0m pos/sec | total time [36m1486.0[0ms
Estimated time remaining in training: [36m2[0mh [36m9[0mm [36m34[0ms
LR dropped to [36m0.00041876745[0m
superbatch [36m70[0m [[35m0.0[0m% ([36m0[0m/[36m763[0m batches, [36m4821730[0m pos/sec)]
Estimated time to end of superbatch: [36minf[0ms     [Fsuperbatch [36m70[0m [[35m16.8[0m% ([36m128[0m/[36m763[0m batches, [36m4993372[0m pos/sec)]
Estimated time to end of superbatch: [36m16.8[0ms     [Fsuperbatch [36m70[0m [[35m33.6[0m% ([36m256[0m/[36m763[0m batches, [36m4714624[0m pos/sec)]
Estimated time to end of superbatch: [36m14.2[0ms     [Fsuperbatch [36m70[0m [[35m50.3[0m% ([36m384[0m/[36m763[0m batches, [36m4829466[0m pos/sec)]
Estimated time to end of superbatch: [36m10.3[0ms     [Fsuperbatch [36m70[0m [[35m67.1[0m% ([36m512[0m/[36m763[0m batches, [36m4899503[0m pos/sec)]
Estimated time to end of superbatch: [36m6.7[0ms     [Fsuperbatch [36m70[0m [[35m83.9[0m% ([36m640[0m/[36m763[0m batches, [36m4665600[0m pos/sec)]
Estimated time to end of superbatch: [36m3.5[0ms     [Fsuperbatch [36m70[0m | time [36m21.5[0ms | running loss [36m0.010313[0m | [36m4647565[0m pos/sec | total time [36m1507.6[0ms
Estimated time remaining in training: [36m2[0mh [36m9[0mm [36m13[0ms
Saved [anna-v3c-s1-70]
LR dropped to [36m0.000417607[0m
superbatch [36m71[0m [[35m0.0[0m% ([36m0[0m/[36m763[0m batches, [36m3727796[0m pos/sec)]
Estimated time to end of superbatch: [36minf[0ms     [Fsuperbatch [36m71[0m [[35m16.8[0m% ([36m128[0m/[36m763[0m batches, [36m5619449[0m pos/sec)]
Estimated time to end of superbatch: [36m14.9[0ms     [Fsuperbatch [36m71[0m [[35m33.6[0m% ([36m256[0m/[36m763[0m batches, [36m5625346[0m pos/sec)]
Estimated time to end of superbatch: [36m11.9[0ms     [Fsuperbatch [36m71[0m [[35m50.3[0m% ([36m384[0m/[36m763[0m batches, [36m4225356[0m pos/sec)]
Estimated time to end of superbatch: [36m11.8[0ms     [Fsuperbatch [36m71[0m [[35m67.1[0m% ([36m512[0m/[36m763[0m batches, [36m3890586[0m pos/sec)]
Estimated time to end of superbatch: [36m8.5[0ms     [Fsuperbatch [36m71[0m [[35m83.9[0m% ([36m640[0m/[36m763[0m batches, [36m4081105[0m pos/sec)]
Estimated time to end of superbatch: [36m4.0[0ms     [Fsuperbatch [36m71[0m | time [36m23.7[0ms | running loss [36m0.010239[0m | [36m4214230[0m pos/sec | total time [36m1533.8[0ms
Estimated time remaining in training: [36m2[0mh [36m9[0mm [36m15[0ms
LR dropped to [36m0.00041644654[0m
superbatch [36m72[0m [[35m0.0[0m% ([36m0[0m/[36m763[0m batches, [36m5673027[0m pos/sec)]
Estimated time to end of superbatch: [36minf[0ms     [Fsuperbatch [36m72[0m [[35m16.8[0m% ([36m128[0m/[36m763[0m batches, [36m4923415[0m pos/sec)]
Estimated time to end of superbatch: [36m17.0[0ms     [Fsuperbatch [36m72[0m [[35m33.6[0m% ([36m256[0m/[36m763[0m batches, [36m4729408[0m pos/sec)]
Estimated time to end of superbatch: [36m14.1[0ms     [Fsuperbatch [36m72[0m [[35m50.3[0m% ([36m384[0m/[36m763[0m batches, [36m4826360[0m pos/sec)]
Estimated time to end of superbatch: [36m10.3[0ms     [Fsuperbatch [36m72[0m [[35m67.1[0m% ([36m512[0m/[36m763[0m batches, [36m4894772[0m pos/sec)]
Estimated time to end of superbatch: [36m6.7[0ms     [Fsuperbatch [36m72[0m [[35m83.9[0m% ([36m640[0m/[36m763[0m batches, [36m4918217[0m pos/sec)]
Estimated time to end of superbatch: [36m3.3[0ms     [Fsuperbatch [36m72[0m | time [36m20.6[0ms | running loss [36m0.010351[0m | [36m4865802[0m pos/sec | total time [36m1554.4[0ms
Estimated time remaining in training: [36m2[0mh [36m8[0mm [36m48[0ms
LR dropped to [36m0.00041528608[0m
superbatch [36m73[0m [[35m0.0[0m% ([36m0[0m/[36m763[0m batches, [36m5562338[0m pos/sec)]
Estimated time to end of superbatch: [36minf[0ms     [Fsuperbatch [36m73[0m [[35m16.8[0m% ([36m128[0m/[36m763[0m batches, [36m5030276[0m pos/sec)]
Estimated time to end of superbatch: [36m16.7[0ms     [Fsuperbatch [36m73[0m [[35m33.6[0m% ([36m256[0m/[36m763[0m batches, [36m5047394[0m pos/sec)]
Estimated time to end of superbatch: [36m13.2[0ms     [Fsuperbatch [36m73[0m [[35m50.3[0m% ([36m384[0m/[36m763[0m batches, [36m5033094[0m pos/sec)]
Estimated time to end of superbatch: [36m9.9[0ms     [Fsuperbatch [36m73[0m [[35m67.1[0m% ([36m512[0m/[36m763[0m batches, [36m4961005[0m pos/sec)]
Estimated time to end of superbatch: [36m6.6[0ms     [Fsuperbatch [36m73[0m [[35m83.9[0m% ([36m640[0m/[36m763[0m batches, [36m5042249[0m pos/sec)]
Estimated time to end of superbatch: [36m3.2[0ms     [Fsuperbatch [36m73[0m | time [36m19.5[0ms | running loss [36m0.010280[0m | [36m5135483[0m pos/sec | total time [36m1573.9[0ms
Estimated time remaining in training: [36m2[0mh [36m8[0mm [36m16[0ms
LR dropped to [36m0.00041412562[0m
superbatch [36m74[0m [[35m0.0[0m% ([36m0[0m/[36m763[0m batches, [36m5658391[0m pos/sec)]
Estimated time to end of superbatch: [36minf[0ms     [Fsuperbatch [36m74[0m [[35m16.8[0m% ([36m128[0m/[36m763[0m batches, [36m5571141[0m pos/sec)]
Estimated time to end of superbatch: [36m15.1[0ms     [Fsuperbatch [36m74[0m [[35m33.6[0m% ([36m256[0m/[36m763[0m batches, [36m5195038[0m pos/sec)]
Estimated time to end of superbatch: [36m12.8[0ms     [Fsuperbatch [36m74[0m [[35m50.3[0m% ([36m384[0m/[36m763[0m batches, [36m5153466[0m pos/sec)]
Estimated time to end of superbatch: [36m9.7[0ms     [Fsuperbatch [36m74[0m [[35m67.1[0m% ([36m512[0m/[36m763[0m batches, [36m5129146[0m pos/sec)]
Estimated time to end of superbatch: [36m6.4[0ms     [Fsuperbatch [36m74[0m [[35m83.9[0m% ([36m640[0m/[36m763[0m batches, [36m5095353[0m pos/sec)]
Estimated time to end of superbatch: [36m3.2[0ms     [Fsuperbatch [36m74[0m | time [36m19.8[0ms | running loss [36m0.010362[0m | [36m5043612[0m pos/sec | total time [36m1593.7[0ms
Estimated time remaining in training: [36m2[0mh [36m7[0mm [36m46[0ms
LR dropped to [36m0.00041296514[0m
superbatch [36m75[0m [[35m0.0[0m% ([36m0[0m/[36m763[0m batches, [36m4220074[0m pos/sec)]
Estimated time to end of superbatch: [36minf[0ms     [Fsuperbatch [36m75[0m [[35m16.8[0m% ([36m128[0m/[36m763[0m batches, [36m5000522[0m pos/sec)]
Estimated time to end of superbatch: [36m16.8[0ms     [Fsuperbatch [36m75[0m [[35m33.6[0m% ([36m256[0m/[36m763[0m batches, [36m5059486[0m pos/sec)]
Estimated time to end of superbatch: [36m13.2[0ms     [Fsuperbatch [36m75[0m [[35m50.3[0m% ([36m384[0m/[36m763[0m batches, [36m5038970[0m pos/sec)]
Estimated time to end of superbatch: [36m9.9[0ms     [Fsuperbatch [36m75[0m [[35m67.1[0m% ([36m512[0m/[36m763[0m batches, [36m4969531[0m pos/sec)]
Estimated time to end of superbatch: [36m6.6[0ms     [Fsuperbatch [36m75[0m [[35m83.9[0m% ([36m640[0m/[36m763[0m batches, [36m4976474[0m pos/sec)]
Estimated time to end of superbatch: [36m3.2[0ms     [Fsuperbatch [36m75[0m | time [36m20.0[0ms | running loss [36m0.010337[0m | [36m5000808[0m pos/sec | total time [36m1613.7[0ms
Estimated time remaining in training: [36m2[0mh [36m7[0mm [36m18[0ms
LR dropped to [36m0.00041180468[0m
superbatch [36m76[0m [[35m0.0[0m% ([36m0[0m/[36m763[0m batches, [36m5520744[0m pos/sec)]
Estimated time to end of superbatch: [36minf[0ms     [Fsuperbatch [36m76[0m [[35m16.8[0m% ([36m128[0m/[36m763[0m batches, [36m5066120[0m pos/sec)]
Estimated time to end of superbatch: [36m16.6[0ms     [Fsuperbatch [36m76[0m [[35m33.6[0m% ([36m256[0m/[36m763[0m batches, [36m4891036[0m pos/sec)]
Estimated time to end of superbatch: [36m13.6[0ms     [Fsuperbatch [36m76[0m [[35m50.3[0m% ([36m384[0m/[36m763[0m batches, [36m4228114[0m pos/sec)]
Estimated time to end of superbatch: [36m11.8[0ms     [Fsuperbatch [36m76[0m [[35m67.1[0m% ([36m512[0m/[36m763[0m batches, [36m4316809[0m pos/sec)]
Estimated time to end of superbatch: [36m7.6[0ms     [Fsuperbatch [36m76[0m [[35m83.9[0m% ([36m640[0m/[36m763[0m batches, [36m4489248[0m pos/sec)]
Estimated time to end of superbatch: [36m3.6[0ms     [Fsuperbatch [36m76[0m | time [36m22.2[0ms | running loss [36m0.010400[0m | [36m4510550[0m pos/sec | total time [36m1635.9[0ms
Estimated time remaining in training: [36m2[0mh [36m6[0mm [36m59[0ms
LR dropped to [36m0.00041064422[0m
superbatch [36m77[0m [[35m0.0[0m% ([36m0[0m/[36m763[0m batches, [36m5654332[0m pos/sec)]
Estimated time to end of superbatch: [36minf[0ms     [Fsuperbatch [36m77[0m [[35m16.8[0m% ([36m128[0m/[36m763[0m batches, [36m5010504[0m pos/sec)]
Estimated time to end of superbatch: [36m16.7[0ms     [Fsuperbatch [36m77[0m [[35m33.6[0m% ([36m256[0m/[36m763[0m batches, [36m5074344[0m pos/sec)]
Estimated time to end of superbatch: [36m13.1[0ms     [Fsuperbatch [36m77[0m [[35m50.3[0m% ([36m384[0m/[36m763[0m batches, [36m5068337[0m pos/sec)]
Estimated time to end of superbatch: [36m9.8[0ms     [Fsuperbatch [36m77[0m [[35m67.1[0m% ([36m512[0m/[36m763[0m batches, [36m4971080[0m pos/sec)]
Estimated time to end of superbatch: [36m6.6[0ms     [Fsuperbatch [36m77[0m [[35m83.9[0m% ([36m640[0m/[36m763[0m batches, [36m4888369[0m pos/sec)]
Estimated time to end of superbatch: [36m3.3[0ms     [Fsuperbatch [36m77[0m | time [36m20.4[0ms | running loss [36m0.010369[0m | [36m4912208[0m pos/sec | total time [36m1656.2[0ms
Estimated time remaining in training: [36m2[0mh [36m6[0mm [36m32[0ms
LR dropped to [36m0.00040948373[0m
superbatch [36m78[0m [[35m0.0[0m% ([36m0[0m/[36m763[0m batches, [36m5256611[0m pos/sec)]
Estimated time to end of superbatch: [36minf[0ms     [Fsuperbatch [36m78[0m [[35m16.8[0m% ([36m128[0m/[36m763[0m batches, [36m4777994[0m pos/sec)]
Estimated time to end of superbatch: [36m17.6[0ms     [Fsuperbatch [36m78[0m [[35m33.6[0m% ([36m256[0m/[36m763[0m batches, [36m4750316[0m pos/sec)]
Estimated time to end of superbatch: [36m14.0[0ms     [Fsuperbatch [36m78[0m [[35m50.3[0m% ([36m384[0m/[36m763[0m batches, [36m4803348[0m pos/sec)]
Estimated time to end of superbatch: [36m10.4[0ms     [Fsuperbatch [36m78[0m [[35m67.1[0m% ([36m512[0m/[36m763[0m batches, [36m4865394[0m pos/sec)]
Estimated time to end of superbatch: [36m6.8[0ms     [Fsuperbatch [36m78[0m [[35m83.9[0m% ([36m640[0m/[36m763[0m batches, [36m4902724[0m pos/sec)]
Estimated time to end of superbatch: [36m3.3[0ms     [Fsuperbatch [36m78[0m | time [36m20.4[0ms | running loss [36m0.010422[0m | [36m4913996[0m pos/sec | total time [36m1676.6[0ms
Estimated time remaining in training: [36m2[0mh [36m6[0mm [36m6[0ms
LR dropped to [36m0.00040832328[0m
superbatch [36m79[0m [[35m0.0[0m% ([36m0[0m/[36m763[0m batches, [36m5356168[0m pos/sec)]
Estimated time to end of superbatch: [36minf[0ms     [Fsuperbatch [36m79[0m [[35m16.8[0m% ([36m128[0m/[36m763[0m batches, [36m4939780[0m pos/sec)]
Estimated time to end of superbatch: [36m17.0[0ms     [Fsuperbatch [36m79[0m [[35m33.6[0m% ([36m256[0m/[36m763[0m batches, [36m4990858[0m pos/sec)]
Estimated time to end of superbatch: [36m13.4[0ms     [Fsuperbatch [36m79[0m [[35m50.3[0m% ([36m384[0m/[36m763[0m batches, [36m5016222[0m pos/sec)]
Estimated time to end of superbatch: [36m9.9[0ms     [Fsuperbatch [36m79[0m [[35m67.1[0m% ([36m512[0m/[36m763[0m batches, [36m4529367[0m pos/sec)]
Estimated time to end of superbatch: [36m7.3[0ms     [Fsuperbatch [36m79[0m [[35m83.9[0m% ([36m640[0m/[36m763[0m batches, [36m4254606[0m pos/sec)]
Estimated time to end of superbatch: [36m3.8[0ms     [Fsuperbatch [36m79[0m | time [36m22.9[0ms | running loss [36m0.010427[0m | [36m4363957[0m pos/sec | total time [36m1699.5[0ms
Estimated time remaining in training: [36m2[0mh [36m5[0mm [36m50[0ms
LR dropped to [36m0.00040716282[0m
superbatch [36m80[0m [[35m0.0[0m% ([36m0[0m/[36m763[0m batches, [36m5406957[0m pos/sec)]
Estimated time to end of superbatch: [36minf[0ms     [Fsuperbatch [36m80[0m [[35m16.8[0m% ([36m128[0m/[36m763[0m batches, [36m5115820[0m pos/sec)]
Estimated time to end of superbatch: [36m16.4[0ms     [Fsuperbatch [36m80[0m [[35m33.6[0m% ([36m256[0m/[36m763[0m batches, [36m5056008[0m pos/sec)]
Estimated time to end of superbatch: [36m13.2[0ms     [Fsuperbatch [36m80[0m [[35m50.3[0m% ([36m384[0m/[36m763[0m batches, [36m5035187[0m pos/sec)]
Estimated time to end of superbatch: [36m9.9[0ms     [Fsuperbatch [36m80[0m [[35m67.1[0m% ([36m512[0m/[36m763[0m batches, [36m5050006[0m pos/sec)]
Estimated time to end of superbatch: [36m6.5[0ms     [Fsuperbatch [36m80[0m [[35m83.9[0m% ([36m640[0m/[36m763[0m batches, [36m5041915[0m pos/sec)]
Estimated time to end of superbatch: [36m3.2[0ms     [Fsuperbatch [36m80[0m | time [36m19.9[0ms | running loss [36m0.010442[0m | [36m5028320[0m pos/sec | total time [36m1719.4[0ms
Estimated time remaining in training: [36m2[0mh [36m5[0mm [36m22[0ms
Saved [anna-v3c-s1-80]
LR dropped to [36m0.00040600233[0m
superbatch [36m81[0m [[35m0.0[0m% ([36m0[0m/[36m763[0m batches, [36m5616558[0m pos/sec)]
Estimated time to end of superbatch: [36minf[0ms     [Fsuperbatch [36m81[0m [[35m16.8[0m% ([36m128[0m/[36m763[0m batches, [36m5523500[0m pos/sec)]
Estimated time to end of superbatch: [36m15.2[0ms     [Fsuperbatch [36m81[0m [[35m33.6[0m% ([36m256[0m/[36m763[0m batches, [36m5615521[0m pos/sec)]
Estimated time to end of superbatch: [36m11.9[0ms     [Fsuperbatch [36m81[0m [[35m50.3[0m% ([36m384[0m/[36m763[0m batches, [36m5640035[0m pos/sec)]
Estimated time to end of superbatch: [36m8.8[0ms     [Fsuperbatch [36m81[0m [[35m67.1[0m% ([36m512[0m/[36m763[0m batches, [36m5641492[0m pos/sec)]
Estimated time to end of superbatch: [36m5.8[0ms     [Fsuperbatch [36m81[0m [[35m83.9[0m% ([36m640[0m/[36m763[0m batches, [36m5559758[0m pos/sec)]
Estimated time to end of superbatch: [36m2.9[0ms     [Fsuperbatch [36m81[0m | time [36m18.3[0ms | running loss [36m0.010461[0m | [36m5476701[0m pos/sec | total time [36m1740.2[0ms
Estimated time remaining in training: [36m2[0mh [36m4[0mm [36m58[0ms
LR dropped to [36m0.00040484188[0m
superbatch [36m82[0m [[35m0.0[0m% ([36m0[0m/[36m763[0m batches, [36m4236374[0m pos/sec)]
Estimated time to end of superbatch: [36minf[0ms     [Fsuperbatch [36m82[0m [[35m16.8[0m% ([36m128[0m/[36m763[0m batches, [36m5117762[0m pos/sec)]
Estimated time to end of superbatch: [36m16.4[0ms     [Fsuperbatch [36m82[0m [[35m33.6[0m% ([36m256[0m/[36m763[0m batches, [36m5047474[0m pos/sec)]
Estimated time to end of superbatch: [36m13.2[0ms     [Fsuperbatch [36m82[0m [[35m50.3[0m% ([36m384[0m/[36m763[0m batches, [36m5030518[0m pos/sec)]
Estimated time to end of superbatch: [36m9.9[0ms     [Fsuperbatch [36m82[0m [[35m67.1[0m% ([36m512[0m/[36m763[0m batches, [36m5042009[0m pos/sec)]
Estimated time to end of superbatch: [36m6.5[0ms     [Fsuperbatch [36m82[0m [[35m83.9[0m% ([36m640[0m/[36m763[0m batches, [36m5050316[0m pos/sec)]
Estimated time to end of superbatch: [36m3.2[0ms     [Fsuperbatch [36m82[0m | time [36m19.9[0ms | running loss [36m0.010492[0m | [36m5026080[0m pos/sec | total time [36m1760.1[0ms
Estimated time remaining in training: [36m2[0mh [36m4[0mm [36m29[0ms
LR dropped to [36m0.00040368142[0m
superbatch [36m83[0m [[35m0.0[0m% ([36m0[0m/[36m763[0m batches, [36m5395456[0m pos/sec)]
Estimated time to end of superbatch: [36minf[0ms     [Fsuperbatch [36m83[0m [[35m16.8[0m% ([36m128[0m/[36m763[0m batches, [36m4984789[0m pos/sec)]
Estimated time to end of superbatch: [36m16.8[0ms     [Fsuperbatch [36m83[0m [[35m33.6[0m% ([36m256[0m/[36m763[0m batches, [36m5034767[0m pos/sec)]
Estimated time to end of superbatch: [36m13.3[0ms     [Fsuperbatch [36m83[0m [[35m50.3[0m% ([36m384[0m/[36m763[0m batches, [36m5042488[0m pos/sec)]
Estimated time to end of superbatch: [36m9.9[0ms     [Fsuperbatch [36m83[0m [[35m67.1[0m% ([36m512[0m/[36m763[0m batches, [36m5034286[0m pos/sec)]
Estimated time to end of superbatch: [36m6.5[0ms     [Fsuperbatch [36m83[0m [[35m83.9[0m% ([36m640[0m/[36m763[0m batches, [36m5017184[0m pos/sec)]
Estimated time to end of superbatch: [36m3.2[0ms     [Fsuperbatch [36m83[0m | time [36m19.9[0ms | running loss [36m0.010523[0m | [36m5024148[0m pos/sec | total time [36m1780.0[0ms
Estimated time remaining in training: [36m2[0mh [36m4[0mm [36m1[0ms
LR dropped to [36m0.00040252093[0m
superbatch [36m84[0m [[35m0.0[0m% ([36m0[0m/[36m763[0m batches, [36m5464542[0m pos/sec)]
Estimated time to end of superbatch: [36minf[0ms     [Fsuperbatch [36m84[0m [[35m16.8[0m% ([36m128[0m/[36m763[0m batches, [36m5023034[0m pos/sec)]
Estimated time to end of superbatch: [36m16.7[0ms     [Fsuperbatch [36m84[0m [[35m33.6[0m% ([36m256[0m/[36m763[0m batches, [36m5002906[0m pos/sec)]
Estimated time to end of superbatch: [36m13.3[0ms     [Fsuperbatch [36m84[0m [[35m50.3[0m% ([36m384[0m/[36m763[0m batches, [36m4968415[0m pos/sec)]
Estimated time to end of superbatch: [36m10.0[0ms     [Fsuperbatch [36m84[0m [[35m67.1[0m% ([36m512[0m/[36m763[0m batches, [36m4994850[0m pos/sec)]
Estimated time to end of superbatch: [36m6.6[0ms     [Fsuperbatch [36m84[0m [[35m83.9[0m% ([36m640[0m/[36m763[0m batches, [36m5020096[0m pos/sec)]
Estimated time to end of superbatch: [36m3.2[0ms     [Fsuperbatch [36m84[0m | time [36m20.0[0ms | running loss [36m0.010507[0m | [36m4999551[0m pos/sec | total time [36m1800.1[0ms
Estimated time remaining in training: [36m2[0mh [36m3[0mm [36m34[0ms
LR dropped to [36m0.00040136048[0m
superbatch [36m85[0m [[35m0.0[0m% ([36m0[0m/[36m763[0m batches, [36m5277592[0m pos/sec)]
Estimated time to end of superbatch: [36minf[0ms     [Fsuperbatch [36m85[0m [[35m16.8[0m% ([36m128[0m/[36m763[0m batches, [36m4892474[0m pos/sec)]
Estimated time to end of superbatch: [36m17.1[0ms     [Fsuperbatch [36m85[0m [[35m33.6[0m% ([36m256[0m/[36m763[0m batches, [36m4983190[0m pos/sec)]
Estimated time to end of superbatch: [36m13.4[0ms     [Fsuperbatch [36m85[0m [[35m50.3[0m% ([36m384[0m/[36m763[0m batches, [36m5001038[0m pos/sec)]
Estimated time to end of superbatch: [36m10.0[0ms     [Fsuperbatch [36m85[0m [[35m67.1[0m% ([36m512[0m/[36m763[0m batches, [36m4984084[0m pos/sec)]
Estimated time to end of superbatch: [36m6.6[0ms     [Fsuperbatch [36m85[0m [[35m83.9[0m% ([36m640[0m/[36m763[0m batches, [36m4972916[0m pos/sec)]
Estimated time to end of superbatch: [36m3.2[0ms     [Fsuperbatch [36m85[0m | time [36m20.0[0ms | running loss [36m0.010542[0m | [36m4992394[0m pos/sec | total time [36m1820.1[0ms
Estimated time remaining in training: [36m2[0mh [36m3[0mm [36m7[0ms
LR dropped to [36m0.00040020002[0m
superbatch [36m86[0m [[35m0.0[0m% ([36m0[0m/[36m763[0m batches, [36m5545472[0m pos/sec)]
Estimated time to end of superbatch: [36minf[0ms     [Fsuperbatch [36m86[0m [[35m16.8[0m% ([36m128[0m/[36m763[0m batches, [36m5132762[0m pos/sec)]
Estimated time to end of superbatch: [36m16.3[0ms     [Fsuperbatch [36m86[0m [[35m33.6[0m% ([36m256[0m/[36m763[0m batches, [36m5065210[0m pos/sec)]
Estimated time to end of superbatch: [36m13.2[0ms     [Fsuperbatch [36m86[0m [[35m50.3[0m% ([36m384[0m/[36m763[0m batches, [36m5056419[0m pos/sec)]
Estimated time to end of superbatch: [36m9.8[0ms     [Fsuperbatch [36m86[0m [[35m67.1[0m% ([36m512[0m/[36m763[0m batches, [36m5072870[0m pos/sec)]
Estimated time to end of superbatch: [36m6.5[0ms     [Fsuperbatch [36m86[0m [[35m83.9[0m% ([36m640[0m/[36m763[0m batches, [36m5070166[0m pos/sec)]
Estimated time to end of superbatch: [36m3.2[0ms     [Fsuperbatch [36m86[0m | time [36m19.8[0ms | running loss [36m0.010520[0m | [36m5049332[0m pos/sec | total time [36m1839.9[0ms
Estimated time remaining in training: [36m2[0mh [36m2[0mm [36m39[0ms
LR dropped to [36m0.00039903956[0m
superbatch [36m87[0m [[35m0.0[0m% ([36m0[0m/[36m763[0m batches, [36m5129408[0m pos/sec)]
Estimated time to end of superbatch: [36minf[0ms     [Fsuperbatch [36m87[0m [[35m16.8[0m% ([36m128[0m/[36m763[0m batches, [36m4953212[0m pos/sec)]
Estimated time to end of superbatch: [36m16.9[0ms     [Fsuperbatch [36m87[0m [[35m33.6[0m% ([36m256[0m/[36m763[0m batches, [36m5010106[0m pos/sec)]
Estimated time to end of superbatch: [36m13.3[0ms     [Fsuperbatch [36m87[0m [[35m50.3[0m% ([36m384[0m/[36m763[0m batches, [36m5062204[0m pos/sec)]
Estimated time to end of superbatch: [36m9.8[0ms     [Fsuperbatch [36m87[0m [[35m67.1[0m% ([36m512[0m/[36m763[0m batches, [36m5035206[0m pos/sec)]
Estimated time to end of superbatch: [36m6.5[0ms     [Fsuperbatch [36m87[0m [[35m83.9[0m% ([36m640[0m/[36m763[0m batches, [36m4957686[0m pos/sec)]
Estimated time to end of superbatch: [36m3.3[0ms     [Fsuperbatch [36m87[0m | time [36m20.3[0ms | running loss [36m0.010588[0m | [36m4938241[0m pos/sec | total time [36m1860.1[0ms
Estimated time remaining in training: [36m2[0mh [36m2[0mm [36m13[0ms
LR dropped to [36m0.0003978791[0m
superbatch [36m88[0m [[35m0.0[0m% ([36m0[0m/[36m763[0m batches, [36m4787132[0m pos/sec)]
Estimated time to end of superbatch: [36minf[0ms     [Fsuperbatch [36m88[0m [[35m16.8[0m% ([36m128[0m/[36m763[0m batches, [36m3252353[0m pos/sec)]
Estimated time to end of superbatch: [36m25.8[0ms     [Fsuperbatch [36m88[0m [[35m33.6[0m% ([36m256[0m/[36m763[0m batches, [36m3943496[0m pos/sec)]
Estimated time to end of superbatch: [36m16.9[0ms     [Fsuperbatch [36m88[0m [[35m50.3[0m% ([36m384[0m/[36m763[0m batches, [36m4161469[0m pos/sec)]
Estimated time to end of superbatch: [36m12.0[0ms     [Fsuperbatch [36m88[0m [[35m67.1[0m% ([36m512[0m/[36m763[0m batches, [36m4160462[0m pos/sec)]
Estimated time to end of superbatch: [36m7.9[0ms     [Fsuperbatch [36m88[0m [[35m83.9[0m% ([36m640[0m/[36m763[0m batches, [36m4275826[0m pos/sec)]
Estimated time to end of superbatch: [36m3.8[0ms     [Fsuperbatch [36m88[0m | time [36m22.9[0ms | running loss [36m0.010527[0m | [36m4363073[0m pos/sec | total time [36m1883.1[0ms
Estimated time remaining in training: [36m2[0mh [36m1[0mm [36m58[0ms
LR dropped to [36m0.00039671862[0m
superbatch [36m89[0m [[35m0.0[0m% ([36m0[0m/[36m763[0m batches, [36m4644350[0m pos/sec)]
Estimated time to end of superbatch: [36minf[0ms     [Fsuperbatch [36m89[0m [[35m16.8[0m% ([36m128[0m/[36m763[0m batches, [36m4059604[0m pos/sec)]
Estimated time to end of superbatch: [36m20.7[0ms     [Fsuperbatch [36m89[0m [[35m33.6[0m% ([36m256[0m/[36m763[0m batches, [36m4498458[0m pos/sec)]
Estimated time to end of superbatch: [36m14.8[0ms     [Fsuperbatch [36m89[0m [[35m50.3[0m% ([36m384[0m/[36m763[0m batches, [36m4692384[0m pos/sec)]
Estimated time to end of superbatch: [36m10.6[0ms     [Fsuperbatch [36m89[0m [[35m67.1[0m% ([36m512[0m/[36m763[0m batches, [36m4752724[0m pos/sec)]
Estimated time to end of superbatch: [36m6.9[0ms     [Fsuperbatch [36m89[0m [[35m83.9[0m% ([36m640[0m/[36m763[0m batches, [36m4742732[0m pos/sec)]
Estimated time to end of superbatch: [36m3.4[0ms     [Fsuperbatch [36m89[0m | time [36m20.9[0ms | running loss [36m0.010621[0m | [36m4786514[0m pos/sec | total time [36m1904.0[0ms
Estimated time remaining in training: [36m2[0mh [36m1[0mm [36m34[0ms
LR dropped to [36m0.00039555816[0m
superbatch [36m90[0m [[35m0.0[0m% ([36m0[0m/[36m763[0m batches, [36m5535214[0m pos/sec)]
Estimated time to end of superbatch: [36minf[0ms     [Fsuperbatch [36m90[0m [[35m16.8[0m% ([36m128[0m/[36m763[0m batches, [36m5042934[0m pos/sec)]
Estimated time to end of superbatch: [36m16.6[0ms     [Fsuperbatch [36m90[0m [[35m33.6[0m% ([36m256[0m/[36m763[0m batches, [36m5052920[0m pos/sec)]
Estimated time to end of superbatch: [36m13.2[0ms     [Fsuperbatch [36m90[0m [[35m50.3[0m% ([36m384[0m/[36m763[0m batches, [36m4934004[0m pos/sec)]
Estimated time to end of superbatch: [36m10.1[0ms     [Fsuperbatch [36m90[0m [[35m67.1[0m% ([36m512[0m/[36m763[0m batches, [36m4702290[0m pos/sec)]
Estimated time to end of superbatch: [36m7.0[0ms     [Fsuperbatch [36m90[0m [[35m83.9[0m% ([36m640[0m/[36m763[0m batches, [36m4765022[0m pos/sec)]
Estimated time to end of superbatch: [36m3.4[0ms     [Fsuperbatch [36m90[0m | time [36m20.8[0ms | running loss [36m0.010546[0m | [36m4799579[0m pos/sec | total time [36m1924.8[0ms
Estimated time remaining in training: [36m2[0mh [36m1[0mm [36m11[0ms
Saved [anna-v3c-s1-90]
LR dropped to [36m0.0003943977[0m
superbatch [36m91[0m [[35m0.0[0m% ([36m0[0m/[36m763[0m batches, [36m5525888[0m pos/sec)]
Estimated time to end of superbatch: [36minf[0ms     [Fsuperbatch [36m91[0m [[35m16.8[0m% ([36m128[0m/[36m763[0m batches, [36m5638936[0m pos/sec)]
Estimated time to end of superbatch: [36m14.9[0ms     [Fsuperbatch [36m91[0m [[35m33.6[0m% ([36m256[0m/[36m763[0m batches, [36m5604418[0m pos/sec)]
Estimated time to end of superbatch: [36m11.9[0ms     [Fsuperbatch [36m91[0m [[35m50.3[0m% ([36m384[0m/[36m763[0m batches, [36m5624034[0m pos/sec)]
Estimated time to end of superbatch: [36m8.9[0ms     [Fsuperbatch [36m91[0m [[35m67.1[0m% ([36m512[0m/[36m763[0m batches, [36m5607173[0m pos/sec)]
Estimated time to end of superbatch: [36m5.9[0ms     [Fsuperbatch [36m91[0m [[35m83.9[0m% ([36m640[0m/[36m763[0m batches, [36m5603396[0m pos/sec)]
Estimated time to end of superbatch: [36m2.9[0ms     [Fsuperbatch [36m91[0m | time [36m17.8[0ms | running loss [36m0.010673[0m | [36m5607231[0m pos/sec | total time [36m1945.3[0ms
Estimated time remaining in training: [36m2[0mh [36m0[0mm [36m46[0ms
LR dropped to [36m0.00039323722[0m
superbatch [36m92[0m [[35m0.0[0m% ([36m0[0m/[36m763[0m batches, [36m5535555[0m pos/sec)]
Estimated time to end of superbatch: [36minf[0ms     [Fsuperbatch [36m92[0m [[35m16.8[0m% ([36m128[0m/[36m763[0m batches, [36m3403051[0m pos/sec)]
Estimated time to end of superbatch: [36m24.6[0ms     [Fsuperbatch [36m92[0m [[35m33.6[0m% ([36m256[0m/[36m763[0m batches, [36m3932630[0m pos/sec)]
Estimated time to end of superbatch: [36m17.0[0ms     [Fsuperbatch [36m92[0m [[35m50.3[0m% ([36m384[0m/[36m763[0m batches, [36m4095582[0m pos/sec)]
Estimated time to end of superbatch: [36m12.2[0ms     [Fsuperbatch [36m92[0m [[35m67.1[0m% ([36m512[0m/[36m763[0m batches, [36m4228962[0m pos/sec)]
Estimated time to end of superbatch: [36m7.8[0ms     [Fsuperbatch [36m92[0m [[35m83.9[0m% ([36m640[0m/[36m763[0m batches, [36m4330670[0m pos/sec)]
Estimated time to end of superbatch: [36m3.7[0ms     [Fsuperbatch [36m92[0m | time [36m23.0[0ms | running loss [36m0.010608[0m | [36m4345108[0m pos/sec | total time [36m1968.3[0ms
Estimated time remaining in training: [36m2[0mh [36m0[0mm [36m31[0ms
LR dropped to [36m0.00039207676[0m
superbatch [36m93[0m [[35m0.0[0m% ([36m0[0m/[36m763[0m batches, [36m4100815[0m pos/sec)]
Estimated time to end of superbatch: [36minf[0ms     [Fsuperbatch [36m93[0m [[35m16.8[0m% ([36m128[0m/[36m763[0m batches, [36m4259179[0m pos/sec)]
Estimated time to end of superbatch: [36m19.7[0ms     [Fsuperbatch [36m93[0m [[35m33.6[0m% ([36m256[0m/[36m763[0m batches, [36m4445202[0m pos/sec)]
Estimated time to end of superbatch: [36m15.0[0ms     [Fsuperbatch [36m93[0m [[35m50.3[0m% ([36m384[0m/[36m763[0m batches, [36m4630520[0m pos/sec)]
Estimated time to end of superbatch: [36m10.8[0ms     [Fsuperbatch [36m93[0m [[35m67.1[0m% ([36m512[0m/[36m763[0m batches, [36m4714121[0m pos/sec)]
Estimated time to end of superbatch: [36m7.0[0ms     [Fsuperbatch [36m93[0m [[35m83.9[0m% ([36m640[0m/[36m763[0m batches, [36m4745470[0m pos/sec)]
Estimated time to end of superbatch: [36m3.4[0ms     [Fsuperbatch [36m93[0m | time [36m20.9[0ms | running loss [36m0.010726[0m | [36m4790000[0m pos/sec | total time [36m1989.2[0ms
Estimated time remaining in training: [36m2[0mh [36m0[0mm [36m8[0ms
LR dropped to [36m0.0003909163[0m
superbatch [36m94[0m [[35m0.0[0m% ([36m0[0m/[36m763[0m batches, [36m5573666[0m pos/sec)]
Estimated time to end of superbatch: [36minf[0ms     [Fsuperbatch [36m94[0m [[35m16.8[0m% ([36m128[0m/[36m763[0m batches, [36m5001490[0m pos/sec)]
Estimated time to end of superbatch: [36m16.8[0ms     [Fsuperbatch [36m94[0m [[35m33.6[0m% ([36m256[0m/[36m763[0m batches, [36m4958626[0m pos/sec)]
Estimated time to end of superbatch: [36m13.5[0ms     [Fsuperbatch [36m94[0m [[35m50.3[0m% ([36m384[0m/[36m763[0m batches, [36m4940708[0m pos/sec)]
Estimated time to end of superbatch: [36m10.1[0ms     [Fsuperbatch [36m94[0m [[35m67.1[0m% ([36m512[0m/[36m763[0m batches, [36m4977845[0m pos/sec)]
Estimated time to end of superbatch: [36m6.6[0ms     [Fsuperbatch [36m94[0m [[35m83.9[0m% ([36m640[0m/[36m763[0m batches, [36m4727128[0m pos/sec)]
Estimated time to end of superbatch: [36m3.4[0ms     [Fsuperbatch [36m94[0m | time [36m21.1[0ms | running loss [36m0.010604[0m | [36m4747415[0m pos/sec | total time [36m2010.2[0ms
Estimated time remaining in training: [36m1[0mh [36m59[0mm [36m45[0ms
LR dropped to [36m0.00038975582[0m
superbatch [36m95[0m [[35m0.0[0m% ([36m0[0m/[36m763[0m batches, [36m4859182[0m pos/sec)]
Estimated time to end of superbatch: [36minf[0ms     [Fsuperbatch [36m95[0m [[35m16.8[0m% ([36m128[0m/[36m763[0m batches, [36m4888662[0m pos/sec)]
Estimated time to end of superbatch: [36m17.2[0ms     [Fsuperbatch [36m95[0m [[35m33.6[0m% ([36m256[0m/[36m763[0m batches, [36m4982875[0m pos/sec)]
Estimated time to end of superbatch: [36m13.4[0ms     [Fsuperbatch [36m95[0m [[35m50.3[0m% ([36m384[0m/[36m763[0m batches, [36m5016350[0m pos/sec)]
Estimated time to end of superbatch: [36m9.9[0ms     [Fsuperbatch [36m95[0m [[35m67.1[0m% ([36m512[0m/[36m763[0m batches, [36m5009628[0m pos/sec)]
Estimated time to end of superbatch: [36m6.6[0ms     [Fsuperbatch [36m95[0m [[35m83.9[0m% ([36m640[0m/[36m763[0m batches, [36m4929175[0m pos/sec)]
Estimated time to end of superbatch: [36m3.3[0ms     [Fsuperbatch [36m95[0m | time [36m20.2[0ms | running loss [36m0.010759[0m | [36m4952800[0m pos/sec | total time [36m2030.4[0ms
Estimated time remaining in training: [36m1[0mh [36m59[0mm [36m19[0ms
LR dropped to [36m0.00038859536[0m
superbatch [36m96[0m [[35m0.0[0m% ([36m0[0m/[36m763[0m batches, [36m4656398[0m pos/sec)]
Estimated time to end of superbatch: [36minf[0ms     [Fsuperbatch [36m96[0m [[35m16.8[0m% ([36m128[0m/[36m763[0m batches, [36m5092932[0m pos/sec)]
Estimated time to end of superbatch: [36m16.5[0ms     [Fsuperbatch [36m96[0m [[35m33.6[0m% ([36m256[0m/[36m763[0m batches, [36m5046360[0m pos/sec)]
Estimated time to end of superbatch: [36m13.2[0ms     [Fsuperbatch [36m96[0m [[35m50.3[0m% ([36m384[0m/[36m763[0m batches, [36m5015020[0m pos/sec)]
Estimated time to end of superbatch: [36m9.9[0ms     [Fsuperbatch [36m96[0m [[35m67.1[0m% ([36m512[0m/[36m763[0m batches, [36m5014186[0m pos/sec)]
Estimated time to end of superbatch: [36m6.6[0ms     [Fsuperbatch [36m96[0m [[35m83.9[0m% ([36m640[0m/[36m763[0m batches, [36m5016453[0m pos/sec)]
Estimated time to end of superbatch: [36m3.2[0ms     [Fsuperbatch [36m96[0m | time [36m20.0[0ms | running loss [36m0.010639[0m | [36m5010305[0m pos/sec | total time [36m2050.4[0ms
Estimated time remaining in training: [36m1[0mh [36m58[0mm [36m53[0ms
LR dropped to [36m0.0003874349[0m
superbatch [36m97[0m [[35m0.0[0m% ([36m0[0m/[36m763[0m batches, [36m5066588[0m pos/sec)]
Estimated time to end of superbatch: [36minf[0ms     [Fsuperbatch [36m97[0m [[35m16.8[0m% ([36m128[0m/[36m763[0m batches, [36m4947260[0m pos/sec)]
Estimated time to end of superbatch: [36m17.0[0ms     [Fsuperbatch [36m97[0m [[35m33.6[0m% ([36m256[0m/[36m763[0m batches, [36m4998090[0m pos/sec)]
Estimated time to end of superbatch: [36m13.3[0ms     [Fsuperbatch [36m97[0m [[35m50.3[0m% ([36m384[0m/[36m763[0m batches, [36m5003742[0m pos/sec)]
Estimated time to end of superbatch: [36m10.0[0ms     [Fsuperbatch [36m97[0m [[35m67.1[0m% ([36m512[0m/[36m763[0m batches, [36m5005942[0m pos/sec)]
Estimated time to end of superbatch: [36m6.6[0ms     [Fsuperbatch [36m97[0m [[35m83.9[0m% ([36m640[0m/[36m763[0m batches, [36m4991372[0m pos/sec)]
Estimated time to end of superbatch: [36m3.2[0ms     [Fsuperbatch [36m97[0m | time [36m20.0[0ms | running loss [36m0.010825[0m | [36m4998280[0m pos/sec | total time [36m2070.4[0ms
Estimated time remaining in training: [36m1[0mh [36m58[0mm [36m27[0ms
LR dropped to [36m0.00038627445[0m
superbatch [36m98[0m [[35m0.0[0m% ([36m0[0m/[36m763[0m batches, [36m4591348[0m pos/sec)]
Estimated time to end of superbatch: [36minf[0ms     [Fsuperbatch [36m98[0m [[35m16.8[0m% ([36m128[0m/[36m763[0m batches, [36m5001652[0m pos/sec)]
Estimated time to end of superbatch: [36m16.8[0ms     [Fsuperbatch [36m98[0m [[35m33.6[0m% ([36m256[0m/[36m763[0m batches, [36m5018062[0m pos/sec)]
Estimated time to end of superbatch: [36m13.3[0ms     [Fsuperbatch [36m98[0m [[35m50.3[0m% ([36m384[0m/[36m763[0m batches, [36m5003162[0m pos/sec)]
Estimated time to end of superbatch: [36m10.0[0ms     [Fsuperbatch [36m98[0m [[35m67.1[0m% ([36m512[0m/[36m763[0m batches, [36m5007822[0m pos/sec)]
Estimated time to end of superbatch: [36m6.6[0ms     [Fsuperbatch [36m98[0m [[35m83.9[0m% ([36m640[0m/[36m763[0m batches, [36m5005581[0m pos/sec)]
Estimated time to end of superbatch: [36m3.2[0ms     [Fsuperbatch [36m98[0m | time [36m20.0[0ms | running loss [36m0.010662[0m | [36m5008568[0m pos/sec | total time [36m2090.4[0ms
Estimated time remaining in training: [36m1[0mh [36m58[0mm [36m1[0ms
LR dropped to [36m0.000385114[0m
superbatch [36m99[0m [[35m0.0[0m% ([36m0[0m/[36m763[0m batches, [36m4588808[0m pos/sec)]
Estimated time to end of superbatch: [36minf[0ms     [Fsuperbatch [36m99[0m [[35m16.8[0m% ([36m128[0m/[36m763[0m batches, [36m5017298[0m pos/sec)]
Estimated time to end of superbatch: [36m16.7[0ms     [Fsuperbatch [36m99[0m [[35m33.6[0m% ([36m256[0m/[36m763[0m batches, [36m3611403[0m pos/sec)]
Estimated time to end of superbatch: [36m18.5[0ms     [Fsuperbatch [36m99[0m [[35m50.3[0m% ([36m384[0m/[36m763[0m batches, [36m3999044[0m pos/sec)]
Estimated time to end of superbatch: [36m12.5[0ms     [Fsuperbatch [36m99[0m [[35m67.1[0m% ([36m512[0m/[36m763[0m batches, [36m4218358[0m pos/sec)]
Estimated time to end of superbatch: [36m7.8[0ms     [Fsuperbatch [36m99[0m [[35m83.9[0m% ([36m640[0m/[36m763[0m batches, [36m4272382[0m pos/sec)]
Estimated time to end of superbatch: [36m3.8[0ms     [Fsuperbatch [36m99[0m | time [36m23.2[0ms | running loss [36m0.010845[0m | [36m4310316[0m pos/sec | total time [36m2113.6[0ms
Estimated time remaining in training: [36m1[0mh [36m57[0mm [36m46[0ms
LR dropped to [36m0.0003839535[0m
superbatch [36m100[0m [[35m0.0[0m% ([36m0[0m/[36m763[0m batches, [36m5666897[0m pos/sec)]
Estimated time to end of superbatch: [36minf[0ms     [Fsuperbatch [36m100[0m [[35m16.8[0m% ([36m128[0m/[36m763[0m batches, [36m5063350[0m pos/sec)]
Estimated time to end of superbatch: [36m16.6[0ms     [Fsuperbatch [36m100[0m [[35m33.6[0m% ([36m256[0m/[36m763[0m batches, [36m5070453[0m pos/sec)]
Estimated time to end of superbatch: [36m13.2[0ms     [Fsuperbatch [36m100[0m [[35m50.3[0m% ([36m384[0m/[36m763[0m batches, [36m5028146[0m pos/sec)]
Estimated time to end of superbatch: [36m9.9[0ms     [Fsuperbatch [36m100[0m [[35m67.1[0m% ([36m512[0m/[36m763[0m batches, [36m5025694[0m pos/sec)]
Estimated time to end of superbatch: [36m6.6[0ms     [Fsuperbatch [36m100[0m [[35m83.9[0m% ([36m640[0m/[36m763[0m batches, [36m5044612[0m pos/sec)]
Estimated time to end of superbatch: [36m3.2[0ms     [Fsuperbatch [36m100[0m | time [36m19.8[0ms | running loss [36m0.010737[0m | [36m5043656[0m pos/sec | total time [36m2133.4[0ms
Estimated time remaining in training: [36m1[0mh [36m57[0mm [36m20[0ms
Saved [anna-v3c-s1-100]
LR dropped to [36m0.00038279305[0m
superbatch [36m101[0m [[35m0.0[0m% ([36m0[0m/[36m763[0m batches, [36m5527347[0m pos/sec)]
Estimated time to end of superbatch: [36minf[0ms     [Fsuperbatch [36m101[0m [[35m16.8[0m% ([36m128[0m/[36m763[0m batches, [36m5619739[0m pos/sec)]
Estimated time to end of superbatch: [36m14.9[0ms     [Fsuperbatch [36m101[0m [[35m33.6[0m% ([36m256[0m/[36m763[0m batches, [36m5493966[0m pos/sec)]
Estimated time to end of superbatch: [36m12.1[0ms     [Fsuperbatch [36m101[0m [[35m50.3[0m% ([36m384[0m/[36m763[0m batches, [36m5556878[0m pos/sec)]
Estimated time to end of superbatch: [36m9.0[0ms     [Fsuperbatch [36m101[0m [[35m67.1[0m% ([36m512[0m/[36m763[0m batches, [36m5576296[0m pos/sec)]
Estimated time to end of superbatch: [36m5.9[0ms     [Fsuperbatch [36m101[0m [[35m83.9[0m% ([36m640[0m/[36m763[0m batches, [36m5586994[0m pos/sec)]
Estimated time to end of superbatch: [36m2.9[0ms     [Fsuperbatch [36m101[0m | time [36m18.1[0ms | running loss [36m0.011015[0m | [36m5515538[0m pos/sec | total time [36m2154.1[0ms
Estimated time remaining in training: [36m1[0mh [36m56[0mm [36m56[0ms
LR dropped to [36m0.0003816326[0m
superbatch [36m102[0m [[35m0.0[0m% ([36m0[0m/[36m763[0m batches, [36m5523231[0m pos/sec)]
Estimated time to end of superbatch: [36minf[0ms     [Fsuperbatch [36m102[0m [[35m16.8[0m% ([36m128[0m/[36m763[0m batches, [36m5098824[0m pos/sec)]
Estimated time to end of superbatch: [36m16.5[0ms     [Fsuperbatch [36m102[0m [[35m33.6[0m% ([36m256[0m/[36m763[0m batches, [36m5035092[0m pos/sec)]
Estimated time to end of superbatch: [36m13.2[0ms     [Fsuperbatch [36m102[0m [[35m50.3[0m% ([36m384[0m/[36m763[0m batches, [36m5054792[0m pos/sec)]
Estimated time to end of superbatch: [36m9.9[0ms     [Fsuperbatch [36m102[0m [[35m67.1[0m% ([36m512[0m/[36m763[0m batches, [36m5050308[0m pos/sec)]
Estimated time to end of superbatch: [36m6.5[0ms     [Fsuperbatch [36m102[0m [[35m83.9[0m% ([36m640[0m/[36m763[0m batches, [36m5056594[0m pos/sec)]
Estimated time to end of superbatch: [36m3.2[0ms     [Fsuperbatch [36m102[0m | time [36m19.8[0ms | running loss [36m0.010800[0m | [36m5054052[0m pos/sec | total time [36m2173.9[0ms
Estimated time remaining in training: [36m1[0mh [36m56[0mm [36m30[0ms
LR dropped to [36m0.0003804721[0m
superbatch [36m103[0m [[35m0.0[0m% ([36m0[0m/[36m763[0m batches, [36m5480744[0m pos/sec)]
Estimated time to end of superbatch: [36minf[0ms     [Fsuperbatch [36m103[0m [[35m16.8[0m% ([36m128[0m/[36m763[0m batches, [36m4980234[0m pos/sec)]
Estimated time to end of superbatch: [36m16.8[0ms     [Fsuperbatch [36m103[0m [[35m33.6[0m% ([36m256[0m/[36m763[0m batches, [36m5023529[0m pos/sec)]
Estimated time to end of superbatch: [36m13.3[0ms     [Fsuperbatch [36m103[0m [[35m50.3[0m% ([36m384[0m/[36m763[0m batches, [36m5020908[0m pos/sec)]
Estimated time to end of superbatch: [36m9.9[0ms     [Fsuperbatch [36m103[0m [[35m67.1[0m% ([36m512[0m/[36m763[0m batches, [36m5032130[0m pos/sec)]
Estimated time to end of superbatch: [36m6.6[0ms     [Fsuperbatch [36m103[0m [[35m83.9[0m% ([36m640[0m/[36m763[0m batches, [36m5020733[0m pos/sec)]
Estimated time to end of superbatch: [36m3.2[0ms     [Fsuperbatch [36m103[0m | time [36m19.9[0ms | running loss [36m0.011047[0m | [36m5027480[0m pos/sec | total time [36m2193.8[0ms
Estimated time remaining in training: [36m1[0mh [36m56[0mm [36m4[0ms
LR dropped to [36m0.00037931165[0m
superbatch [36m104[0m [[35m0.0[0m% ([36m0[0m/[36m763[0m batches, [36m5535669[0m pos/sec)]
Estimated time to end of superbatch: [36minf[0ms     [Fsuperbatch [36m104[0m [[35m16.8[0m% ([36m128[0m/[36m763[0m batches, [36m5101320[0m pos/sec)]
Estimated time to end of superbatch: [36m16.4[0ms     [Fsuperbatch [36m104[0m [[35m33.6[0m% ([36m256[0m/[36m763[0m batches, [36m5308840[0m pos/sec)]
Estimated time to end of superbatch: [36m12.6[0ms     [Fsuperbatch [36m104[0m [[35m50.3[0m% ([36m384[0m/[36m763[0m batches, [36m5222956[0m pos/sec)]
Estimated time to end of superbatch: [36m9.5[0ms     [Fsuperbatch [36m104[0m [[35m67.1[0m% ([36m512[0m/[36m763[0m batches, [36m5190842[0m pos/sec)]
Estimated time to end of superbatch: [36m6.4[0ms     [Fsuperbatch [36m104[0m [[35m83.9[0m% ([36m640[0m/[36m763[0m batches, [36m5165221[0m pos/sec)]
Estimated time to end of superbatch: [36m3.1[0ms     [Fsuperbatch [36m104[0m | time [36m19.4[0ms | running loss [36m0.010830[0m | [36m5144851[0m pos/sec | total time [36m2213.2[0ms
Estimated time remaining in training: [36m1[0mh [36m55[0mm [36m37[0ms
LR dropped to [36m0.0003781512[0m
superbatch [36m105[0m [[35m0.0[0m% ([36m0[0m/[36m763[0m batches, [36m5633504[0m pos/sec)]
Estimated time to end of superbatch: [36minf[0ms     [Fsuperbatch [36m105[0m [[35m16.8[0m% ([36m128[0m/[36m763[0m batches, [36m2814710[0m pos/sec)]
Estimated time to end of superbatch: [36m29.8[0ms     [Fsuperbatch [36m105[0m [[35m33.6[0m% ([36m256[0m/[36m763[0m batches, [36m3074814[0m pos/sec)]
Estimated time to end of superbatch: [36m21.7[0ms     [Fsuperbatch [36m105[0m [[35m50.3[0m% ([36m384[0m/[36m763[0m batches, [36m3537328[0m pos/sec)]
Estimated time to end of superbatch: [36m14.1[0ms     [Fsuperbatch [36m105[0m [[35m67.1[0m% ([36m512[0m/[36m763[0m batches, [36m3836010[0m pos/sec)]
Estimated time to end of superbatch: [36m8.6[0ms     [Fsuperbatch [36m105[0m [[35m83.9[0m% ([36m640[0m/[36m763[0m batches, [36m4019338[0m pos/sec)]
Estimated time to end of superbatch: [36m4.0[0ms     [Fsuperbatch [36m105[0m | time [36m24.1[0ms | running loss [36m0.011090[0m | [36m4149816[0m pos/sec | total time [36m2237.3[0ms
Estimated time remaining in training: [36m1[0mh [36m55[0mm [36m24[0ms
LR dropped to [36m0.0003769907[0m
superbatch [36m106[0m [[35m0.0[0m% ([36m0[0m/[36m763[0m batches, [36m4983408[0m pos/sec)]
Estimated time to end of superbatch: [36minf[0ms     [Fsuperbatch [36m106[0m [[35m16.8[0m% ([36m128[0m/[36m763[0m batches, [36m5004078[0m pos/sec)]
Estimated time to end of superbatch: [36m16.8[0ms     [Fsuperbatch [36m106[0m [[35m33.6[0m% ([36m256[0m/[36m763[0m batches, [36m5019768[0m pos/sec)]
Estimated time to end of superbatch: [36m13.3[0ms     [Fsuperbatch [36m106[0m [[35m50.3[0m% ([36m384[0m/[36m763[0m batches, [36m4988058[0m pos/sec)]
Estimated time to end of superbatch: [36m10.0[0ms     [Fsuperbatch [36m106[0m [[35m67.1[0m% ([36m512[0m/[36m763[0m batches, [36m4988502[0m pos/sec)]
Estimated time to end of superbatch: [36m6.6[0ms     [Fsuperbatch [36m106[0m [[35m83.9[0m% ([36m640[0m/[36m763[0m batches, [36m4966581[0m pos/sec)]
Estimated time to end of superbatch: [36m3.3[0ms     [Fsuperbatch [36m106[0m | time [36m21.6[0ms | running loss [36m0.010886[0m | [36m4635228[0m pos/sec | total time [36m2258.9[0ms
Estimated time remaining in training: [36m1[0mh [36m55[0mm [36m4[0ms
LR dropped to [36m0.00037583028[0m
superbatch [36m107[0m [[35m0.0[0m% ([36m0[0m/[36m763[0m batches, [36m4483116[0m pos/sec)]
Estimated time to end of superbatch: [36minf[0ms     [Fsuperbatch [36m107[0m [[35m16.8[0m% ([36m128[0m/[36m763[0m batches, [36m4204278[0m pos/sec)]
Estimated time to end of superbatch: [36m20.0[0ms     [Fsuperbatch [36m107[0m [[35m33.6[0m% ([36m256[0m/[36m763[0m batches, [36m4485932[0m pos/sec)]
Estimated time to end of superbatch: [36m14.9[0ms     [Fsuperbatch [36m107[0m [[35m50.3[0m% ([36m384[0m/[36m763[0m batches, [36m4666281[0m pos/sec)]
Estimated time to end of superbatch: [36m10.7[0ms     [Fsuperbatch [36m107[0m [[35m67.1[0m% ([36m512[0m/[36m763[0m batches, [36m4740782[0m pos/sec)]
Estimated time to end of superbatch: [36m7.0[0ms     [Fsuperbatch [36m107[0m [[35m83.9[0m% ([36m640[0m/[36m763[0m batches, [36m4685998[0m pos/sec)]
Estimated time to end of superbatch: [36m3.4[0ms     [Fsuperbatch [36m107[0m | time [36m22.9[0ms | running loss [36m0.011100[0m | [36m4365313[0m pos/sec | total time [36m2281.8[0ms
Estimated time remaining in training: [36m1[0mh [36m54[0mm [36m47[0ms
LR dropped to [36m0.0003746698[0m
superbatch [36m108[0m [[35m0.0[0m% ([36m0[0m/[36m763[0m batches, [36m3842548[0m pos/sec)]
Estimated time to end of superbatch: [36minf[0ms     [Fsuperbatch [36m108[0m [[35m16.8[0m% ([36m128[0m/[36m763[0m batches, [36m3072775[0m pos/sec)]
Estimated time to end of superbatch: [36m27.3[0ms     [Fsuperbatch [36m108[0m [[35m33.6[0m% ([36m256[0m/[36m763[0m batches, [36m3728374[0m pos/sec)]
Estimated time to end of superbatch: [36m17.9[0ms     [Fsuperbatch [36m108[0m [[35m50.3[0m% ([36m384[0m/[36m763[0m batches, [36m3969798[0m pos/sec)]
Estimated time to end of superbatch: [36m12.5[0ms     [Fsuperbatch [36m108[0m [[35m67.1[0m% ([36m512[0m/[36m763[0m batches, [36m4156014[0m pos/sec)]
Estimated time to end of superbatch: [36m7.9[0ms     [Fsuperbatch [36m108[0m [[35m83.9[0m% ([36m640[0m/[36m763[0m batches, [36m4309758[0m pos/sec)]
Estimated time to end of superbatch: [36m3.7[0ms     [Fsuperbatch [36m108[0m | time [36m22.6[0ms | running loss [36m0.010915[0m | [36m4425753[0m pos/sec | total time [36m2304.4[0ms
Estimated time remaining in training: [36m1[0mh [36m54[0mm [36m30[0ms
LR dropped to [36m0.00037350933[0m
superbatch [36m109[0m [[35m0.0[0m% ([36m0[0m/[36m763[0m batches, [36m5553430[0m pos/sec)]
Estimated time to end of superbatch: [36minf[0ms     [Fsuperbatch [36m109[0m [[35m16.8[0m% ([36m128[0m/[36m763[0m batches, [36m4591974[0m pos/sec)]
Estimated time to end of superbatch: [36m18.3[0ms     [Fsuperbatch [36m109[0m [[35m33.6[0m% ([36m256[0m/[36m763[0m batches, [36m4732218[0m pos/sec)]
Estimated time to end of superbatch: [36m14.1[0ms     [Fsuperbatch [36m109[0m [[35m50.3[0m% ([36m384[0m/[36m763[0m batches, [36m4830100[0m pos/sec)]
Estimated time to end of superbatch: [36m10.3[0ms     [Fsuperbatch [36m109[0m [[35m67.1[0m% ([36m512[0m/[36m763[0m batches, [36m4892218[0m pos/sec)]
Estimated time to end of superbatch: [36m6.7[0ms     [Fsuperbatch [36m109[0m [[35m83.9[0m% ([36m640[0m/[36m763[0m batches, [36m4603407[0m pos/sec)]
Estimated time to end of superbatch: [36m3.5[0ms     [Fsuperbatch [36m109[0m | time [36m21.8[0ms | running loss [36m0.011115[0m | [36m4594202[0m pos/sec | total time [36m2326.1[0ms
Estimated time remaining in training: [36m1[0mh [36m54[0mm [36m10[0ms
LR dropped to [36m0.00037234888[0m
superbatch [36m110[0m [[35m0.0[0m% ([36m0[0m/[36m763[0m batches, [36m4922175[0m pos/sec)]
Estimated time to end of superbatch: [36minf[0ms     [Fsuperbatch [36m110[0m [[35m16.8[0m% ([36m128[0m/[36m763[0m batches, [36m4803553[0m pos/sec)]
Estimated time to end of superbatch: [36m17.5[0ms     [Fsuperbatch [36m110[0m [[35m33.6[0m% ([36m256[0m/[36m763[0m batches, [36m4906204[0m pos/sec)]
Estimated time to end of superbatch: [36m13.6[0ms     [Fsuperbatch [36m110[0m [[35m50.3[0m% ([36m384[0m/[36m763[0m batches, [36m4876021[0m pos/sec)]
Estimated time to end of superbatch: [36m10.2[0ms     [Fsuperbatch [36m110[0m [[35m67.1[0m% ([36m512[0m/[36m763[0m batches, [36m4894054[0m pos/sec)]
Estimated time to end of superbatch: [36m6.7[0ms     [Fsuperbatch [36m110[0m [[35m83.9[0m% ([36m640[0m/[36m763[0m batches, [36m4925998[0m pos/sec)]
Estimated time to end of superbatch: [36m3.3[0ms     [Fsuperbatch [36m110[0m | time [36m20.2[0ms | running loss [36m0.010948[0m | [36m4951584[0m pos/sec | total time [36m2346.3[0ms
Estimated time remaining in training: [36m1[0mh [36m53[0mm [36m45[0ms
Saved [anna-v3c-s1-110]
LR dropped to [36m0.0003711884[0m
superbatch [36m111[0m [[35m0.0[0m% ([36m0[0m/[36m763[0m batches, [36m2240806[0m pos/sec)]
Estimated time to end of superbatch: [36minf[0ms     [Fsuperbatch [36m111[0m [[35m16.8[0m% ([36m128[0m/[36m763[0m batches, [36m5516816[0m pos/sec)]
Estimated time to end of superbatch: [36m15.2[0ms     [Fsuperbatch [36m111[0m [[35m33.6[0m% ([36m256[0m/[36m763[0m batches, [36m5439330[0m pos/sec)]
Estimated time to end of superbatch: [36m12.3[0ms     [Fsuperbatch [36m111[0m [[35m50.3[0m% ([36m384[0m/[36m763[0m batches, [36m5295751[0m pos/sec)]
Estimated time to end of superbatch: [36m9.4[0ms     [Fsuperbatch [36m111[0m [[35m67.1[0m% ([36m512[0m/[36m763[0m batches, [36m5217706[0m pos/sec)]
Estimated time to end of superbatch: [36m6.3[0ms     [Fsuperbatch [36m111[0m [[35m83.9[0m% ([36m640[0m/[36m763[0m batches, [36m5137459[0m pos/sec)]
Estimated time to end of superbatch: [36m3.1[0ms     [Fsuperbatch [36m111[0m | time [36m19.6[0ms | running loss [36m0.011155[0m | [36m5110231[0m pos/sec | total time [36m2368.5[0ms
Estimated time remaining in training: [36m1[0mh [36m53[0mm [36m26[0ms
LR dropped to [36m0.00037002793[0m
superbatch [36m112[0m [[35m0.0[0m% ([36m0[0m/[36m763[0m batches, [36m4445298[0m pos/sec)]
Estimated time to end of superbatch: [36minf[0ms     [Fsuperbatch [36m112[0m [[35m16.8[0m% ([36m128[0m/[36m763[0m batches, [36m5082720[0m pos/sec)]
Estimated time to end of superbatch: [36m16.5[0ms     [Fsuperbatch [36m112[0m [[35m33.6[0m% ([36m256[0m/[36m763[0m batches, [36m5061746[0m pos/sec)]
Estimated time to end of superbatch: [36m13.2[0ms     [Fsuperbatch [36m112[0m [[35m50.3[0m% ([36m384[0m/[36m763[0m batches, [36m5017927[0m pos/sec)]
Estimated time to end of superbatch: [36m9.9[0ms     [Fsuperbatch [36m112[0m [[35m67.1[0m% ([36m512[0m/[36m763[0m batches, [36m5011780[0m pos/sec)]
Estimated time to end of superbatch: [36m6.6[0ms     [Fsuperbatch [36m112[0m [[35m83.9[0m% ([36m640[0m/[36m763[0m batches, [36m5024306[0m pos/sec)]
Estimated time to end of superbatch: [36m3.2[0ms     [Fsuperbatch [36m112[0m | time [36m19.9[0ms | running loss [36m0.010994[0m | [36m5023635[0m pos/sec | total time [36m2388.4[0ms
Estimated time remaining in training: [36m1[0mh [36m53[0mm [36m1[0ms
LR dropped to [36m0.00036886748[0m
superbatch [36m113[0m [[35m0.0[0m% ([36m0[0m/[36m763[0m batches, [36m5608748[0m pos/sec)]
Estimated time to end of superbatch: [36minf[0ms     [Fsuperbatch [36m113[0m [[35m16.8[0m% ([36m128[0m/[36m763[0m batches, [36m4910786[0m pos/sec)]
Estimated time to end of superbatch: [36m17.1[0ms     [Fsuperbatch [36m113[0m [[35m33.6[0m% ([36m256[0m/[36m763[0m batches, [36m4946689[0m pos/sec)]
Estimated time to end of superbatch: [36m13.5[0ms     [Fsuperbatch [36m113[0m [[35m50.3[0m% ([36m384[0m/[36m763[0m batches, [36m4976772[0m pos/sec)]
Estimated time to end of superbatch: [36m10.0[0ms     [Fsuperbatch [36m113[0m [[35m67.1[0m% ([36m512[0m/[36m763[0m batches, [36m5007691[0m pos/sec)]
Estimated time to end of superbatch: [36m6.6[0ms     [Fsuperbatch [36m113[0m [[35m83.9[0m% ([36m640[0m/[36m763[0m batches, [36m4990112[0m pos/sec)]
Estimated time to end of superbatch: [36m3.2[0ms     [Fsuperbatch [36m113[0m | time [36m20.0[0ms | running loss [36m0.011184[0m | [36m4992464[0m pos/sec | total time [36m2408.4[0ms
Estimated time remaining in training: [36m1[0mh [36m52[0mm [36m36[0ms
LR dropped to [36m0.000367707[0m
superbatch [36m114[0m [[35m0.0[0m% ([36m0[0m/[36m763[0m batches, [36m4576084[0m pos/sec)]
Estimated time to end of superbatch: [36minf[0ms     [Fsuperbatch [36m114[0m [[35m16.8[0m% ([36m128[0m/[36m763[0m batches, [36m5069460[0m pos/sec)]
Estimated time to end of superbatch: [36m16.5[0ms     [Fsuperbatch [36m114[0m [[35m33.6[0m% ([36m256[0m/[36m763[0m batches, [36m5082058[0m pos/sec)]
Estimated time to end of superbatch: [36m13.1[0ms     [Fsuperbatch [36m114[0m [[35m50.3[0m% ([36m384[0m/[36m763[0m batches, [36m5032728[0m pos/sec)]
Estimated time to end of superbatch: [36m9.9[0ms     [Fsuperbatch [36m114[0m [[35m67.1[0m% ([36m512[0m/[36m763[0m batches, [36m4993736[0m pos/sec)]
Estimated time to end of superbatch: [36m6.6[0ms     [Fsuperbatch [36m114[0m [[35m83.9[0m% ([36m640[0m/[36m763[0m batches, [36m5014801[0m pos/sec)]
Estimated time to end of superbatch: [36m3.2[0ms     [Fsuperbatch [36m114[0m | time [36m19.9[0ms | running loss [36m0.011050[0m | [36m5030406[0m pos/sec | total time [36m2428.3[0ms
Estimated time remaining in training: [36m1[0mh [36m52[0mm [36m11[0ms
LR dropped to [36m0.00036654653[0m
superbatch [36m115[0m [[35m0.0[0m% ([36m0[0m/[36m763[0m batches, [36m5482837[0m pos/sec)]
Estimated time to end of superbatch: [36minf[0ms     [Fsuperbatch [36m115[0m [[35m16.8[0m% ([36m128[0m/[36m763[0m batches, [36m4223858[0m pos/sec)]
Estimated time to end of superbatch: [36m19.9[0ms     [Fsuperbatch [36m115[0m [[35m33.6[0m% ([36m256[0m/[36m763[0m batches, [36m3507436[0m pos/sec)]
Estimated time to end of superbatch: [36m19.0[0ms     [Fsuperbatch [36m115[0m [[35m50.3[0m% ([36m384[0m/[36m763[0m batches, [36m3862353[0m pos/sec)]
Estimated time to end of superbatch: [36m12.9[0ms     [Fsuperbatch [36m115[0m [[35m67.1[0m% ([36m512[0m/[36m763[0m batches, [36m4115625[0m pos/sec)]
Estimated time to end of superbatch: [36m8.0[0ms     [Fsuperbatch [36m115[0m [[35m83.9[0m% ([36m640[0m/[36m763[0m batches, [36m4185919[0m pos/sec)]
Estimated time to end of superbatch: [36m3.9[0ms     [Fsuperbatch [36m115[0m | time [36m24.1[0ms | running loss [36m0.011221[0m | [36m4149126[0m pos/sec | total time [36m2452.4[0ms
Estimated time remaining in training: [36m1[0mh [36m51[0mm [36m57[0ms
LR dropped to [36m0.00036538608[0m
superbatch [36m116[0m [[35m0.0[0m% ([36m0[0m/[36m763[0m batches, [36m5128936[0m pos/sec)]
Estimated time to end of superbatch: [36minf[0ms     [Fsuperbatch [36m116[0m [[35m16.8[0m% ([36m128[0m/[36m763[0m batches, [36m4965391[0m pos/sec)]
Estimated time to end of superbatch: [36m16.9[0ms     [Fsuperbatch [36m116[0m [[35m33.6[0m% ([36m256[0m/[36m763[0m batches, [36m5003386[0m pos/sec)]
Estimated time to end of superbatch: [36m13.3[0ms     [Fsuperbatch [36m116[0m [[35m50.3[0m% ([36m384[0m/[36m763[0m batches, [36m5012738[0m pos/sec)]
Estimated time to end of superbatch: [36m9.9[0ms     [Fsuperbatch [36m116[0m [[35m67.1[0m% ([36m512[0m/[36m763[0m batches, [36m4999290[0m pos/sec)]
Estimated time to end of superbatch: [36m6.6[0ms     [Fsuperbatch [36m116[0m [[35m83.9[0m% ([36m640[0m/[36m763[0m batches, [36m5012638[0m pos/sec)]
Estimated time to end of superbatch: [36m3.2[0ms     [Fsuperbatch [36m116[0m | time [36m19.9[0ms | running loss [36m0.011102[0m | [36m5016912[0m pos/sec | total time [36m2472.4[0ms
Estimated time remaining in training: [36m1[0mh [36m51[0mm [36m32[0ms
LR dropped to [36m0.0003642256[0m
superbatch [36m117[0m [[35m0.0[0m% ([36m0[0m/[36m763[0m batches, [36m4699130[0m pos/sec)]
Estimated time to end of superbatch: [36minf[0ms     [Fsuperbatch [36m117[0m [[35m16.8[0m% ([36m128[0m/[36m763[0m batches, [36m4989988[0m pos/sec)]
Estimated time to end of superbatch: [36m16.8[0ms     [Fsuperbatch [36m117[0m [[35m33.6[0m% ([36m256[0m/[36m763[0m batches, [36m4986924[0m pos/sec)]
Estimated time to end of superbatch: [36m13.4[0ms     [Fsuperbatch [36m117[0m [[35m50.3[0m% ([36m384[0m/[36m763[0m batches, [36m5019744[0m pos/sec)]
Estimated time to end of superbatch: [36m9.9[0ms     [Fsuperbatch [36m117[0m [[35m67.1[0m% ([36m512[0m/[36m763[0m batches, [36m5025916[0m pos/sec)]
Estimated time to end of superbatch: [36m6.6[0ms     [Fsuperbatch [36m117[0m [[35m83.9[0m% ([36m640[0m/[36m763[0m batches, [36m5015484[0m pos/sec)]
Estimated time to end of superbatch: [36m3.2[0ms     [Fsuperbatch [36m117[0m | time [36m20.0[0ms | running loss [36m0.011229[0m | [36m5005058[0m pos/sec | total time [36m2492.3[0ms
Estimated time remaining in training: [36m1[0mh [36m51[0mm [36m7[0ms
LR dropped to [36m0.00036306516[0m
superbatch [36m118[0m [[35m0.0[0m% ([36m0[0m/[36m763[0m batches, [36m5484925[0m pos/sec)]
Estimated time to end of superbatch: [36minf[0ms     [Fsuperbatch [36m118[0m [[35m16.8[0m% ([36m128[0m/[36m763[0m batches, [36m5022354[0m pos/sec)]
Estimated time to end of superbatch: [36m16.7[0ms     [Fsuperbatch [36m118[0m [[35m33.6[0m% ([36m256[0m/[36m763[0m batches, [36m5049895[0m pos/sec)]
Estimated time to end of superbatch: [36m13.2[0ms     [Fsuperbatch [36m118[0m [[35m50.3[0m% ([36m384[0m/[36m763[0m batches, [36m5036642[0m pos/sec)]
Estimated time to end of superbatch: [36m9.9[0ms     [Fsuperbatch [36m118[0m [[35m67.1[0m% ([36m512[0m/[36m763[0m batches, [36m5027981[0m pos/sec)]
Estimated time to end of superbatch: [36m6.6[0ms     [Fsuperbatch [36m118[0m [[35m83.9[0m% ([36m640[0m/[36m763[0m batches, [36m5021142[0m pos/sec)]
Estimated time to end of superbatch: [36m3.2[0ms     [Fsuperbatch [36m118[0m | time [36m19.9[0ms | running loss [36m0.011125[0m | [36m5033362[0m pos/sec | total time [36m2512.2[0ms
Estimated time remaining in training: [36m1[0mh [36m50[0mm [36m42[0ms
LR dropped to [36m0.00036190468[0m
superbatch [36m119[0m [[35m0.0[0m% ([36m0[0m/[36m763[0m batches, [36m5519280[0m pos/sec)]
Estimated time to end of superbatch: [36minf[0ms     [Fsuperbatch [36m119[0m [[35m16.8[0m% ([36m128[0m/[36m763[0m batches, [36m5050190[0m pos/sec)]
Estimated time to end of superbatch: [36m16.6[0ms     [Fsuperbatch [36m119[0m [[35m33.6[0m% ([36m256[0m/[36m763[0m batches, [36m5030496[0m pos/sec)]
Estimated time to end of superbatch: [36m13.3[0ms     [Fsuperbatch [36m119[0m [[35m50.3[0m% ([36m384[0m/[36m763[0m batches, [36m5046594[0m pos/sec)]
Estimated time to end of superbatch: [36m9.9[0ms     [Fsuperbatch [36m119[0m [[35m67.1[0m% ([36m512[0m/[36m763[0m batches, [36m5042878[0m pos/sec)]
Estimated time to end of superbatch: [36m6.5[0ms     [Fsuperbatch [36m119[0m [[35m83.9[0m% ([36m640[0m/[36m763[0m batches, [36m4970457[0m pos/sec)]
Estimated time to end of superbatch: [36m3.2[0ms     [Fsuperbatch [36m119[0m | time [36m23.7[0ms | running loss [36m0.011264[0m | [36m4222282[0m pos/sec | total time [36m2535.9[0ms
Estimated time remaining in training: [36m1[0mh [36m50[0mm [36m27[0ms
LR dropped to [36m0.0003607442[0m
superbatch [36m120[0m [[35m0.0[0m% ([36m0[0m/[36m763[0m batches, [36m1879491[0m pos/sec)]
Estimated time to end of superbatch: [36minf[0ms     [Fsuperbatch [36m120[0m [[35m16.8[0m% ([36m128[0m/[36m763[0m batches, [36m3557047[0m pos/sec)]
Estimated time to end of superbatch: [36m23.6[0ms     [Fsuperbatch [36m120[0m [[35m33.6[0m% ([36m256[0m/[36m763[0m batches, [36m4172423[0m pos/sec)]
Estimated time to end of superbatch: [36m16.0[0ms     [Fsuperbatch [36m120[0m [[35m50.3[0m% ([36m384[0m/[36m763[0m batches, [36m4431044[0m pos/sec)]
Estimated time to end of superbatch: [36m11.2[0ms     [Fsuperbatch [36m120[0m [[35m67.1[0m% ([36m512[0m/[36m763[0m batches, [36m4533337[0m pos/sec)]
Estimated time to end of superbatch: [36m7.3[0ms     [Fsuperbatch [36m120[0m [[35m83.9[0m% ([36m640[0m/[36m763[0m batches, [36m4629791[0m pos/sec)]
Estimated time to end of superbatch: [36m3.5[0ms     [Fsuperbatch [36m120[0m | time [36m21.4[0ms | running loss [36m0.011172[0m | [36m4682580[0m pos/sec | total time [36m2557.3[0ms
Estimated time remaining in training: [36m1[0mh [36m50[0mm [36m6[0ms
Saved [anna-v3c-s1-120]
LR dropped to [36m0.00035958376[0m
superbatch [36m121[0m [[35m0.0[0m% ([36m0[0m/[36m763[0m batches, [36m5629542[0m pos/sec)]
Estimated time to end of superbatch: [36minf[0ms     [Fsuperbatch [36m121[0m [[35m16.8[0m% ([36m128[0m/[36m763[0m batches, [36m5611096[0m pos/sec)]
Estimated time to end of superbatch: [36m14.9[0ms     [Fsuperbatch [36m121[0m [[35m33.6[0m% ([36m256[0m/[36m763[0m batches, [36m5528152[0m pos/sec)]
Estimated time to end of superbatch: [36m12.1[0ms     [Fsuperbatch [36m121[0m [[35m50.3[0m% ([36m384[0m/[36m763[0m batches, [36m5316767[0m pos/sec)]
Estimated time to end of superbatch: [36m9.4[0ms     [Fsuperbatch [36m121[0m [[35m67.1[0m% ([36m512[0m/[36m763[0m batches, [36m5251984[0m pos/sec)]
Estimated time to end of superbatch: [36m6.3[0ms     [Fsuperbatch [36m121[0m [[35m83.9[0m% ([36m640[0m/[36m763[0m batches, [36m5201728[0m pos/sec)]
Estimated time to end of superbatch: [36m3.1[0ms     [Fsuperbatch [36m121[0m | time [36m19.4[0ms | running loss [36m0.011282[0m | [36m5148684[0m pos/sec | total time [36m2579.3[0ms
Estimated time remaining in training: [36m1[0mh [36m49[0mm [36m46[0ms
LR dropped to [36m0.00035842328[0m
superbatch [36m122[0m [[35m0.0[0m% ([36m0[0m/[36m763[0m batches, [36m5310725[0m pos/sec)]
Estimated time to end of superbatch: [36minf[0ms     [Fsuperbatch [36m122[0m [[35m16.8[0m% ([36m128[0m/[36m763[0m batches, [36m5047368[0m pos/sec)]
Estimated time to end of superbatch: [36m16.6[0ms     [Fsuperbatch [36m122[0m [[35m33.6[0m% ([36m256[0m/[36m763[0m batches, [36m5067136[0m pos/sec)]
Estimated time to end of superbatch: [36m13.2[0ms     [Fsuperbatch [36m122[0m [[35m50.3[0m% ([36m384[0m/[36m763[0m batches, [36m5060276[0m pos/sec)]
Estimated time to end of superbatch: [36m9.8[0ms     [Fsuperbatch [36m122[0m [[35m67.1[0m% ([36m512[0m/[36m763[0m batches, [36m5042028[0m pos/sec)]
Estimated time to end of superbatch: [36m6.5[0ms     [Fsuperbatch [36m122[0m [[35m83.9[0m% ([36m640[0m/[36m763[0m batches, [36m5026201[0m pos/sec)]
Estimated time to end of superbatch: [36m3.2[0ms     [Fsuperbatch [36m122[0m | time [36m19.9[0ms | running loss [36m0.011176[0m | [36m5024230[0m pos/sec | total time [36m2599.2[0ms
Estimated time remaining in training: [36m1[0mh [36m49[0mm [36m21[0ms
LR dropped to [36m0.00035726282[0m
superbatch [36m123[0m [[35m0.0[0m% ([36m0[0m/[36m763[0m batches, [36m4552268[0m pos/sec)]
Estimated time to end of superbatch: [36minf[0ms     [Fsuperbatch [36m123[0m [[35m16.8[0m% ([36m128[0m/[36m763[0m batches, [36m5035258[0m pos/sec)]
Estimated time to end of superbatch: [36m16.7[0ms     [Fsuperbatch [36m123[0m [[35m33.6[0m% ([36m256[0m/[36m763[0m batches, [36m4991168[0m pos/sec)]
Estimated time to end of superbatch: [36m13.4[0ms     [Fsuperbatch [36m123[0m [[35m50.3[0m% ([36m384[0m/[36m763[0m batches, [36m5018218[0m pos/sec)]
Estimated time to end of superbatch: [36m9.9[0ms     [Fsuperbatch [36m123[0m [[35m67.1[0m% ([36m512[0m/[36m763[0m batches, [36m5016488[0m pos/sec)]
Estimated time to end of superbatch: [36m6.6[0ms     [Fsuperbatch [36m123[0m [[35m83.9[0m% ([36m640[0m/[36m763[0m batches, [36m5009845[0m pos/sec)]
Estimated time to end of superbatch: [36m3.2[0ms     [Fsuperbatch [36m123[0m | time [36m20.1[0ms | running loss [36m0.011295[0m | [36m4966466[0m pos/sec | total time [36m2619.3[0ms
Estimated time remaining in training: [36m1[0mh [36m48[0mm [36m57[0ms
LR dropped to [36m0.00035610236[0m
superbatch [36m124[0m [[35m0.0[0m% ([36m0[0m/[36m763[0m batches, [36m4572099[0m pos/sec)]
Estimated time to end of superbatch: [36minf[0ms     [Fsuperbatch [36m124[0m [[35m16.8[0m% ([36m128[0m/[36m763[0m batches, [36m5045530[0m pos/sec)]
Estimated time to end of superbatch: [36m16.6[0ms     [Fsuperbatch [36m124[0m [[35m33.6[0m% ([36m256[0m/[36m763[0m batches, [36m5031172[0m pos/sec)]
Estimated time to end of superbatch: [36m13.3[0ms     [Fsuperbatch [36m124[0m [[35m50.3[0m% ([36m384[0m/[36m763[0m batches, [36m5039106[0m pos/sec)]
Estimated time to end of superbatch: [36m9.9[0ms     [Fsuperbatch [36m124[0m [[35m67.1[0m% ([36m512[0m/[36m763[0m batches, [36m4992764[0m pos/sec)]
Estimated time to end of superbatch: [36m6.6[0ms     [Fsuperbatch [36m124[0m [[35m83.9[0m% ([36m640[0m/[36m763[0m batches, [36m5002724[0m pos/sec)]
Estimated time to end of superbatch: [36m3.2[0ms     [Fsuperbatch [36m124[0m | time [36m20.0[0ms | running loss [36m0.011219[0m | [36m5004298[0m pos/sec | total time [36m2639.3[0ms
Estimated time remaining in training: [36m1[0mh [36m48[0mm [36m33[0ms
LR dropped to [36m0.00035494188[0m
superbatch [36m125[0m [[35m0.0[0m% ([36m0[0m/[36m763[0m batches, [36m5550158[0m pos/sec)]
Estimated time to end of superbatch: [36minf[0ms     [Fsuperbatch [36m125[0m [[35m16.8[0m% ([36m128[0m/[36m763[0m batches, [36m5037254[0m pos/sec)]
Estimated time to end of superbatch: [36m16.7[0ms     [Fsuperbatch [36m125[0m [[35m33.6[0m% ([36m256[0m/[36m763[0m batches, [36m5010800[0m pos/sec)]
Estimated time to end of superbatch: [36m13.3[0ms     [Fsuperbatch [36m125[0m [[35m50.3[0m% ([36m384[0m/[36m763[0m batches, [36m5007164[0m pos/sec)]
Estimated time to end of superbatch: [36m9.9[0ms     [Fsuperbatch [36m125[0m [[35m67.1[0m% ([36m512[0m/[36m763[0m batches, [36m5007764[0m pos/sec)]
Estimated time to end of superbatch: [36m6.6[0ms     [Fsuperbatch [36m125[0m [[35m83.9[0m% ([36m640[0m/[36m763[0m batches, [36m5022407[0m pos/sec)]
Estimated time to end of superbatch: [36m3.2[0ms     [Fsuperbatch [36m125[0m | time [36m20.0[0ms | running loss [36m0.011312[0m | [36m5008446[0m pos/sec | total time [36m2659.3[0ms
Estimated time remaining in training: [36m1[0mh [36m48[0mm [36m8[0ms
LR dropped to [36m0.00035378142[0m
superbatch [36m126[0m [[35m0.0[0m% ([36m0[0m/[36m763[0m batches, [36m5508109[0m pos/sec)]
Estimated time to end of superbatch: [36minf[0ms     [Fsuperbatch [36m126[0m [[35m16.8[0m% ([36m128[0m/[36m763[0m batches, [36m5070500[0m pos/sec)]
Estimated time to end of superbatch: [36m16.5[0ms     [Fsuperbatch [36m126[0m [[35m33.6[0m% ([36m256[0m/[36m763[0m batches, [36m5048363[0m pos/sec)]
Estimated time to end of superbatch: [36m13.2[0ms     [Fsuperbatch [36m126[0m [[35m50.3[0m% ([36m384[0m/[36m763[0m batches, [36m5044595[0m pos/sec)]
Estimated time to end of superbatch: [36m9.9[0ms     [Fsuperbatch [36m126[0m [[35m67.1[0m% ([36m512[0m/[36m763[0m batches, [36m4944428[0m pos/sec)]
Estimated time to end of superbatch: [36m6.7[0ms     [Fsuperbatch [36m126[0m [[35m83.9[0m% ([36m640[0m/[36m763[0m batches, [36m4950352[0m pos/sec)]
Estimated time to end of superbatch: [36m3.3[0ms     [Fsuperbatch [36m126[0m | time [36m20.1[0ms | running loss [36m0.011278[0m | [36m4967696[0m pos/sec | total time [36m2679.4[0ms
Estimated time remaining in training: [36m1[0mh [36m47[0mm [36m44[0ms
LR dropped to [36m0.00035262096[0m
superbatch [36m127[0m [[35m0.0[0m% ([36m0[0m/[36m763[0m batches, [36m4649473[0m pos/sec)]
Estimated time to end of superbatch: [36minf[0ms     [Fsuperbatch [36m127[0m [[35m16.8[0m% ([36m128[0m/[36m763[0m batches, [36m5039372[0m pos/sec)]
Estimated time to end of superbatch: [36m16.6[0ms     [Fsuperbatch [36m127[0m [[35m33.6[0m% ([36m256[0m/[36m763[0m batches, [36m4884624[0m pos/sec)]
Estimated time to end of superbatch: [36m13.7[0ms     [Fsuperbatch [36m127[0m [[35m50.3[0m% ([36m384[0m/[36m763[0m batches, [36m4903758[0m pos/sec)]
Estimated time to end of superbatch: [36m10.2[0ms     [Fsuperbatch [36m127[0m [[35m67.1[0m% ([36m512[0m/[36m763[0m batches, [36m4947856[0m pos/sec)]
Estimated time to end of superbatch: [36m6.7[0ms     [Fsuperbatch [36m127[0m [[35m83.9[0m% ([36m640[0m/[36m763[0m batches, [36m4963164[0m pos/sec)]
Estimated time to end of superbatch: [36m3.3[0ms     [Fsuperbatch [36m127[0m | time [36m20.2[0ms | running loss [36m0.011349[0m | [36m4951394[0m pos/sec | total time [36m2699.6[0ms
Estimated time remaining in training: [36m1[0mh [36m47[0mm [36m20[0ms
LR dropped to [36m0.00035146048[0m
superbatch [36m128[0m [[35m0.0[0m% ([36m0[0m/[36m763[0m batches, [36m5641219[0m pos/sec)]
Estimated time to end of superbatch: [36minf[0ms     [Fsuperbatch [36m128[0m [[35m16.8[0m% ([36m128[0m/[36m763[0m batches, [36m5064608[0m pos/sec)]
Estimated time to end of superbatch: [36m16.6[0ms     [Fsuperbatch [36m128[0m [[35m33.6[0m% ([36m256[0m/[36m763[0m batches, [36m5093646[0m pos/sec)]
Estimated time to end of superbatch: [36m13.1[0ms     [Fsuperbatch [36m128[0m [[35m50.3[0m% ([36m384[0m/[36m763[0m batches, [36m5062440[0m pos/sec)]
Estimated time to end of superbatch: [36m9.8[0ms     [Fsuperbatch [36m128[0m [[35m67.1[0m% ([36m512[0m/[36m763[0m batches, [36m5048324[0m pos/sec)]
Estimated time to end of superbatch: [36m6.5[0ms     [Fsuperbatch [36m128[0m [[35m83.9[0m% ([36m640[0m/[36m763[0m batches, [36m5042754[0m pos/sec)]
Estimated time to end of superbatch: [36m3.2[0ms     [Fsuperbatch [36m128[0m | time [36m19.8[0ms | running loss [36m0.011335[0m | [36m5040634[0m pos/sec | total time [36m2719.4[0ms
Estimated time remaining in training: [36m1[0mh [36m46[0mm [36m56[0ms
LR dropped to [36m0.00035030002[0m
superbatch [36m129[0m [[35m0.0[0m% ([36m0[0m/[36m763[0m batches, [36m4757898[0m pos/sec)]
Estimated time to end of superbatch: [36minf[0ms     [Fsuperbatch [36m129[0m [[35m16.8[0m% ([36m128[0m/[36m763[0m batches, [36m4974946[0m pos/sec)]
Estimated time to end of superbatch: [36m16.9[0ms     [Fsuperbatch [36m129[0m [[35m33.6[0m% ([36m256[0m/[36m763[0m batches, [36m4984062[0m pos/sec)]
Estimated time to end of superbatch: [36m13.4[0ms     [Fsuperbatch [36m129[0m [[35m50.3[0m% ([36m384[0m/[36m763[0m batches, [36m4979087[0m pos/sec)]
Estimated time to end of superbatch: [36m10.0[0ms     [Fsuperbatch [36m129[0m [[35m67.1[0m% ([36m512[0m/[36m763[0m batches, [36m4994224[0m pos/sec)]
Estimated time to end of superbatch: [36m6.6[0ms     [Fsuperbatch [36m129[0m [[35m83.9[0m% ([36m640[0m/[36m763[0m batches, [36m5013653[0m pos/sec)]
Estimated time to end of superbatch: [36m3.2[0ms     [Fsuperbatch [36m129[0m | time [36m20.0[0ms | running loss [36m0.011379[0m | [36m5001646[0m pos/sec | total time [36m2739.4[0ms
Estimated time remaining in training: [36m1[0mh [36m46[0mm [36m31[0ms
LR dropped to [36m0.00034913956[0m
superbatch [36m130[0m [[35m0.0[0m% ([36m0[0m/[36m763[0m batches, [36m5231972[0m pos/sec)]
Estimated time to end of superbatch: [36minf[0ms     [Fsuperbatch [36m130[0m [[35m16.8[0m% ([36m128[0m/[36m763[0m batches, [36m4923018[0m pos/sec)]
Estimated time to end of superbatch: [36m17.0[0ms     [Fsuperbatch [36m130[0m [[35m33.6[0m% ([36m256[0m/[36m763[0m batches, [36m5005010[0m pos/sec)]
Estimated time to end of superbatch: [36m13.3[0ms     [Fsuperbatch [36m130[0m [[35m50.3[0m% ([36m384[0m/[36m763[0m batches, [36m5025040[0m pos/sec)]
Estimated time to end of superbatch: [36m9.9[0ms     [Fsuperbatch [36m130[0m [[35m67.1[0m% ([36m512[0m/[36m763[0m batches, [36m5019026[0m pos/sec)]
Estimated time to end of superbatch: [36m6.6[0ms     [Fsuperbatch [36m130[0m [[35m83.9[0m% ([36m640[0m/[36m763[0m batches, [36m5031414[0m pos/sec)]
Estimated time to end of superbatch: [36m3.2[0ms     [Fsuperbatch [36m130[0m | time [36m19.9[0ms | running loss [36m0.011365[0m | [36m5028410[0m pos/sec | total time [36m2759.3[0ms
Estimated time remaining in training: [36m1[0mh [36m46[0mm [36m7[0ms
Saved [anna-v3c-s1-130]
LR dropped to [36m0.00034797908[0m
superbatch [36m131[0m [[35m0.0[0m% ([36m0[0m/[36m763[0m batches, [36m5606706[0m pos/sec)]
Estimated time to end of superbatch: [36minf[0ms     [Fsuperbatch [36m131[0m [[35m16.8[0m% ([36m128[0m/[36m763[0m batches, [36m5425492[0m pos/sec)]
Estimated time to end of superbatch: [36m15.5[0ms     [Fsuperbatch [36m131[0m [[35m33.6[0m% ([36m256[0m/[36m763[0m batches, [36m5489556[0m pos/sec)]
Estimated time to end of superbatch: [36m12.2[0ms     [Fsuperbatch [36m131[0m [[35m50.3[0m% ([36m384[0m/[36m763[0m batches, [36m5545585[0m pos/sec)]
Estimated time to end of superbatch: [36m9.0[0ms     [Fsuperbatch [36m131[0m [[35m67.1[0m% ([36m512[0m/[36m763[0m batches, [36m5577954[0m pos/sec)]
Estimated time to end of superbatch: [36m5.9[0ms     [Fsuperbatch [36m131[0m [[35m83.9[0m% ([36m640[0m/[36m763[0m batches, [36m5593534[0m pos/sec)]
Estimated time to end of superbatch: [36m2.9[0ms     [Fsuperbatch [36m131[0m | time [36m18.1[0ms | running loss [36m0.011403[0m | [36m5518800[0m pos/sec | total time [36m2779.9[0ms
Estimated time remaining in training: [36m1[0mh [36m45[0mm [36m44[0ms
LR dropped to [36m0.00034681865[0m
superbatch [36m132[0m [[35m0.0[0m% ([36m0[0m/[36m763[0m batches, [36m5257521[0m pos/sec)]
Estimated time to end of superbatch: [36minf[0ms     [Fsuperbatch [36m132[0m [[35m16.8[0m% ([36m128[0m/[36m763[0m batches, [36m5048106[0m pos/sec)]
Estimated time to end of superbatch: [36m16.6[0ms     [Fsuperbatch [36m132[0m [[35m33.6[0m% ([36m256[0m/[36m763[0m batches, [36m5051949[0m pos/sec)]
Estimated time to end of superbatch: [36m13.2[0ms     [Fsuperbatch [36m132[0m [[35m50.3[0m% ([36m384[0m/[36m763[0m batches, [36m5064058[0m pos/sec)]
Estimated time to end of superbatch: [36m9.8[0ms     [Fsuperbatch [36m132[0m [[35m67.1[0m% ([36m512[0m/[36m763[0m batches, [36m5057768[0m pos/sec)]
Estimated time to end of superbatch: [36m6.5[0ms     [Fsuperbatch [36m132[0m [[35m83.9[0m% ([36m640[0m/[36m763[0m batches, [36m5030062[0m pos/sec)]
Estimated time to end of superbatch: [36m3.2[0ms     [Fsuperbatch [36m132[0m | time [36m19.8[0ms | running loss [36m0.011425[0m | [36m5048124[0m pos/sec | total time [36m2799.7[0ms
Estimated time remaining in training: [36m1[0mh [36m45[0mm [36m20[0ms
LR dropped to [36m0.00034565816[0m
superbatch [36m133[0m [[35m0.0[0m% ([36m0[0m/[36m763[0m batches, [36m5646266[0m pos/sec)]
Estimated time to end of superbatch: [36minf[0ms     [Fsuperbatch [36m133[0m [[35m16.8[0m% ([36m128[0m/[36m763[0m batches, [36m4981542[0m pos/sec)]
Estimated time to end of superbatch: [36m16.8[0ms     [Fsuperbatch [36m133[0m [[35m33.6[0m% ([36m256[0m/[36m763[0m batches, [36m4940725[0m pos/sec)]
Estimated time to end of superbatch: [36m13.5[0ms     [Fsuperbatch [36m133[0m [[35m50.3[0m% ([36m384[0m/[36m763[0m batches, [36m4917658[0m pos/sec)]
Estimated time to end of superbatch: [36m10.1[0ms     [Fsuperbatch [36m133[0m [[35m67.1[0m% ([36m512[0m/[36m763[0m batches, [36m4944294[0m pos/sec)]
Estimated time to end of superbatch: [36m6.7[0ms     [Fsuperbatch [36m133[0m [[35m83.9[0m% ([36m640[0m/[36m763[0m batches, [36m4969414[0m pos/sec)]
Estimated time to end of superbatch: [36m3.2[0ms     [Fsuperbatch [36m133[0m | time [36m20.1[0ms | running loss [36m0.011428[0m | [36m4963956[0m pos/sec | total time [36m2819.8[0ms
Estimated time remaining in training: [36m1[0mh [36m44[0mm [36m56[0ms
LR dropped to [36m0.0003444977[0m
superbatch [36m134[0m [[35m0.0[0m% ([36m0[0m/[36m763[0m batches, [36m4592650[0m pos/sec)]
Estimated time to end of superbatch: [36minf[0ms     [Fsuperbatch [36m134[0m [[35m16.8[0m% ([36m128[0m/[36m763[0m batches, [36m4908876[0m pos/sec)]
Estimated time to end of superbatch: [36m17.1[0ms     [Fsuperbatch [36m134[0m [[35m33.6[0m% ([36m256[0m/[36m763[0m batches, [36m4980892[0m pos/sec)]
Estimated time to end of superbatch: [36m13.4[0ms     [Fsuperbatch [36m134[0m [[35m50.3[0m% ([36m384[0m/[36m763[0m batches, [36m4988918[0m pos/sec)]
Estimated time to end of superbatch: [36m10.0[0ms     [Fsuperbatch [36m134[0m [[35m67.1[0m% ([36m512[0m/[36m763[0m batches, [36m4991358[0m pos/sec)]
Estimated time to end of superbatch: [36m6.6[0ms     [Fsuperbatch [36m134[0m [[35m83.9[0m% ([36m640[0m/[36m763[0m batches, [36m4995249[0m pos/sec)]
Estimated time to end of superbatch: [36m3.2[0ms     [Fsuperbatch [36m134[0m | time [36m20.0[0ms | running loss [36m0.011452[0m | [36m4999481[0m pos/sec | total time [36m2839.9[0ms
Estimated time remaining in training: [36m1[0mh [36m44[0mm [36m33[0ms
LR dropped to [36m0.00034333725[0m
superbatch [36m135[0m [[35m0.0[0m% ([36m0[0m/[36m763[0m batches, [36m5685992[0m pos/sec)]
Estimated time to end of superbatch: [36minf[0ms     [Fsuperbatch [36m135[0m [[35m16.8[0m% ([36m128[0m/[36m763[0m batches, [36m5010202[0m pos/sec)]
Estimated time to end of superbatch: [36m16.7[0ms     [Fsuperbatch [36m135[0m [[35m33.6[0m% ([36m256[0m/[36m763[0m batches, [36m5023358[0m pos/sec)]
Estimated time to end of superbatch: [36m13.3[0ms     [Fsuperbatch [36m135[0m [[35m50.3[0m% ([36m384[0m/[36m763[0m batches, [36m5047635[0m pos/sec)]
Estimated time to end of superbatch: [36m9.9[0ms     [Fsuperbatch [36m135[0m [[35m67.1[0m% ([36m512[0m/[36m763[0m batches, [36m5052780[0m pos/sec)]
Estimated time to end of superbatch: [36m6.5[0ms     [Fsuperbatch [36m135[0m [[35m83.9[0m% ([36m640[0m/[36m763[0m batches, [36m5045780[0m pos/sec)]
Estimated time to end of superbatch: [36m3.2[0ms     [Fsuperbatch [36m135[0m | time [36m19.9[0ms | running loss [36m0.011490[0m | [36m5032547[0m pos/sec | total time [36m2859.7[0ms
Estimated time remaining in training: [36m1[0mh [36m44[0mm [36m9[0ms
LR dropped to [36m0.00034217676[0m
superbatch [36m136[0m [[35m0.0[0m% ([36m0[0m/[36m763[0m batches, [36m5532678[0m pos/sec)]
Estimated time to end of superbatch: [36minf[0ms     [Fsuperbatch [36m136[0m [[35m16.8[0m% ([36m128[0m/[36m763[0m batches, [36m5019834[0m pos/sec)]
Estimated time to end of superbatch: [36m16.7[0ms     [Fsuperbatch [36m136[0m [[35m33.6[0m% ([36m256[0m/[36m763[0m batches, [36m5042408[0m pos/sec)]
Estimated time to end of superbatch: [36m13.2[0ms     [Fsuperbatch [36m136[0m [[35m50.3[0m% ([36m384[0m/[36m763[0m batches, [36m5045063[0m pos/sec)]
Estimated time to end of superbatch: [36m9.9[0ms     [Fsuperbatch [36m136[0m [[35m67.1[0m% ([36m512[0m/[36m763[0m batches, [36m5035341[0m pos/sec)]
Estimated time to end of superbatch: [36m6.5[0ms     [Fsuperbatch [36m136[0m [[35m83.9[0m% ([36m640[0m/[36m763[0m batches, [36m5042461[0m pos/sec)]
Estimated time to end of superbatch: [36m3.2[0ms     [Fsuperbatch [36m136[0m | time [36m19.8[0ms | running loss [36m0.011560[0m | [36m5043754[0m pos/sec | total time [36m2879.6[0ms
Estimated time remaining in training: [36m1[0mh [36m43[0mm [36m44[0ms
LR dropped to [36m0.0003410163[0m
superbatch [36m137[0m [[35m0.0[0m% ([36m0[0m/[36m763[0m batches, [36m4502474[0m pos/sec)]
Estimated time to end of superbatch: [36minf[0ms     [Fsuperbatch [36m137[0m [[35m16.8[0m% ([36m128[0m/[36m763[0m batches, [36m5035338[0m pos/sec)]
Estimated time to end of superbatch: [36m16.7[0ms     [Fsuperbatch [36m137[0m [[35m33.6[0m% ([36m256[0m/[36m763[0m batches, [36m4990176[0m pos/sec)]
Estimated time to end of superbatch: [36m13.4[0ms     [Fsuperbatch [36m137[0m [[35m50.3[0m% ([36m384[0m/[36m763[0m batches, [36m5008009[0m pos/sec)]
Estimated time to end of superbatch: [36m9.9[0ms     [Fsuperbatch [36m137[0m [[35m67.1[0m% ([36m512[0m/[36m763[0m batches, [36m5026400[0m pos/sec)]
Estimated time to end of superbatch: [36m6.6[0ms     [Fsuperbatch [36m137[0m [[35m83.9[0m% ([36m640[0m/[36m763[0m batches, [36m5036440[0m pos/sec)]
Estimated time to end of superbatch: [36m3.2[0ms     [Fsuperbatch [36m137[0m | time [36m19.9[0ms | running loss [36m0.011549[0m | [36m5034504[0m pos/sec | total time [36m2899.4[0ms
Estimated time remaining in training: [36m1[0mh [36m43[0mm [36m20[0ms
LR dropped to [36m0.00033985585[0m
superbatch [36m138[0m [[35m0.0[0m% ([36m0[0m/[36m763[0m batches, [36m5511044[0m pos/sec)]
Estimated time to end of superbatch: [36minf[0ms     [Fsuperbatch [36m138[0m [[35m16.8[0m% ([36m128[0m/[36m763[0m batches, [36m5047002[0m pos/sec)]
Estimated time to end of superbatch: [36m16.6[0ms     [Fsuperbatch [36m138[0m [[35m33.6[0m% ([36m256[0m/[36m763[0m batches, [36m5045222[0m pos/sec)]
Estimated time to end of superbatch: [36m13.2[0ms     [Fsuperbatch [36m138[0m [[35m50.3[0m% ([36m384[0m/[36m763[0m batches, [36m5041130[0m pos/sec)]
Estimated time to end of superbatch: [36m9.9[0ms     [Fsuperbatch [36m138[0m [[35m67.1[0m% ([36m512[0m/[36m763[0m batches, [36m5031772[0m pos/sec)]
Estimated time to end of superbatch: [36m6.6[0ms     [Fsuperbatch [36m138[0m [[35m83.9[0m% ([36m640[0m/[36m763[0m batches, [36m5018080[0m pos/sec)]
Estimated time to end of superbatch: [36m3.2[0ms     [Fsuperbatch [36m138[0m | time [36m19.9[0ms | running loss [36m0.011633[0m | [36m5033946[0m pos/sec | total time [36m2919.3[0ms
Estimated time remaining in training: [36m1[0mh [36m42[0mm [36m57[0ms
LR dropped to [36m0.00033869536[0m
superbatch [36m139[0m [[35m0.0[0m% ([36m0[0m/[36m763[0m batches, [36m4786920[0m pos/sec)]
Estimated time to end of superbatch: [36minf[0ms     [Fsuperbatch [36m139[0m [[35m16.8[0m% ([36m128[0m/[36m763[0m batches, [36m5096090[0m pos/sec)]
Estimated time to end of superbatch: [36m16.5[0ms     [Fsuperbatch [36m139[0m [[35m33.6[0m% ([36m256[0m/[36m763[0m batches, [36m5033800[0m pos/sec)]
Estimated time to end of superbatch: [36m13.3[0ms     [Fsuperbatch [36m139[0m [[35m50.3[0m% ([36m384[0m/[36m763[0m batches, [36m4997787[0m pos/sec)]
Estimated time to end of superbatch: [36m10.0[0ms     [Fsuperbatch [36m139[0m [[35m67.1[0m% ([36m512[0m/[36m763[0m batches, [36m5009235[0m pos/sec)]
Estimated time to end of superbatch: [36m6.6[0ms     [Fsuperbatch [36m139[0m [[35m83.9[0m% ([36m640[0m/[36m763[0m batches, [36m5025424[0m pos/sec)]
Estimated time to end of superbatch: [36m3.2[0ms     [Fsuperbatch [36m139[0m | time [36m19.9[0ms | running loss [36m0.011602[0m | [36m5019494[0m pos/sec | total time [36m2939.2[0ms
Estimated time remaining in training: [36m1[0mh [36m42[0mm [36m33[0ms
LR dropped to [36m0.0003375349[0m
superbatch [36m140[0m [[35m0.0[0m% ([36m0[0m/[36m763[0m batches, [36m4860362[0m pos/sec)]
Estimated time to end of superbatch: [36minf[0ms     [Fsuperbatch [36m140[0m [[35m16.8[0m% ([36m128[0m/[36m763[0m batches, [36m5089748[0m pos/sec)]
Estimated time to end of superbatch: [36m16.5[0ms     [Fsuperbatch [36m140[0m [[35m33.6[0m% ([36m256[0m/[36m763[0m batches, [36m5091762[0m pos/sec)]
Estimated time to end of superbatch: [36m13.1[0ms     [Fsuperbatch [36m140[0m [[35m50.3[0m% ([36m384[0m/[36m763[0m batches, [36m5070674[0m pos/sec)]
Estimated time to end of superbatch: [36m9.8[0ms     [Fsuperbatch [36m140[0m [[35m67.1[0m% ([36m512[0m/[36m763[0m batches, [36m5048266[0m pos/sec)]
Estimated time to end of superbatch: [36m6.5[0ms     [Fsuperbatch [36m140[0m [[35m83.9[0m% ([36m640[0m/[36m763[0m batches, [36m5030189[0m pos/sec)]
Estimated time to end of superbatch: [36m3.2[0ms     [Fsuperbatch [36m140[0m | time [36m19.9[0ms | running loss [36m0.011659[0m | [36m5033052[0m pos/sec | total time [36m2959.1[0ms
Estimated time remaining in training: [36m1[0mh [36m42[0mm [36m9[0ms
Saved [anna-v3c-s1-140]
LR dropped to [36m0.00033637445[0m
superbatch [36m141[0m [[35m0.0[0m% ([36m0[0m/[36m763[0m batches, [36m5638674[0m pos/sec)]
Estimated time to end of superbatch: [36minf[0ms     [Fsuperbatch [36m141[0m [[35m16.8[0m% ([36m128[0m/[36m763[0m batches, [36m5507292[0m pos/sec)]
Estimated time to end of superbatch: [36m15.2[0ms     [Fsuperbatch [36m141[0m [[35m33.6[0m% ([36m256[0m/[36m763[0m batches, [36m5577402[0m pos/sec)]
Estimated time to end of superbatch: [36m12.0[0ms     [Fsuperbatch [36m141[0m [[35m50.3[0m% ([36m384[0m/[36m763[0m batches, [36m5588930[0m pos/sec)]
Estimated time to end of superbatch: [36m8.9[0ms     [Fsuperbatch [36m141[0m [[35m67.1[0m% ([36m512[0m/[36m763[0m batches, [36m5593191[0m pos/sec)]
Estimated time to end of superbatch: [36m5.9[0ms     [Fsuperbatch [36m141[0m [[35m83.9[0m% ([36m640[0m/[36m763[0m batches, [36m5600960[0m pos/sec)]
Estimated time to end of superbatch: [36m2.9[0ms     [Fsuperbatch [36m141[0m | time [36m18.0[0ms | running loss [36m0.011592[0m | [36m5546598[0m pos/sec | total time [36m2979.6[0ms
Estimated time remaining in training: [36m1[0mh [36m41[0mm [36m47[0ms
LR dropped to [36m0.00033521396[0m
superbatch [36m142[0m [[35m0.0[0m% ([36m0[0m/[36m763[0m batches, [36m4664176[0m pos/sec)]
Estimated time to end of superbatch: [36minf[0ms     [Fsuperbatch [36m142[0m [[35m16.8[0m% ([36m128[0m/[36m763[0m batches, [36m4991900[0m pos/sec)]
Estimated time to end of superbatch: [36m16.8[0ms     [Fsuperbatch [36m142[0m [[35m33.6[0m% ([36m256[0m/[36m763[0m batches, [36m5004608[0m pos/sec)]
Estimated time to end of superbatch: [36m13.3[0ms     [Fsuperbatch [36m142[0m [[35m50.3[0m% ([36m384[0m/[36m763[0m batches, [36m5025813[0m pos/sec)]
Estimated time to end of superbatch: [36m9.9[0ms     [Fsuperbatch [36m142[0m [[35m67.1[0m% ([36m512[0m/[36m763[0m batches, [36m5010419[0m pos/sec)]
Estimated time to end of superbatch: [36m6.6[0ms     [Fsuperbatch [36m142[0m [[35m83.9[0m% ([36m640[0m/[36m763[0m batches, [36m4987670[0m pos/sec)]
Estimated time to end of superbatch: [36m3.2[0ms     [Fsuperbatch [36m142[0m | time [36m20.0[0ms | running loss [36m0.011681[0m | [36m4991584[0m pos/sec | total time [36m2999.7[0ms
Estimated time remaining in training: [36m1[0mh [36m41[0mm [36m23[0ms
LR dropped to [36m0.00033405353[0m
superbatch [36m143[0m [[35m0.0[0m% ([36m0[0m/[36m763[0m batches, [36m4709874[0m pos/sec)]
Estimated time to end of superbatch: [36minf[0ms     [Fsuperbatch [36m143[0m [[35m16.8[0m% ([36m128[0m/[36m763[0m batches, [36m5047776[0m pos/sec)]
Estimated time to end of superbatch: [36m16.6[0ms     [Fsuperbatch [36m143[0m [[35m33.6[0m% ([36m256[0m/[36m763[0m batches, [36m5044001[0m pos/sec)]
Estimated time to end of superbatch: [36m13.2[0ms     [Fsuperbatch [36m143[0m [[35m50.3[0m% ([36m384[0m/[36m763[0m batches, [36m5026440[0m pos/sec)]
Estimated time to end of superbatch: [36m9.9[0ms     [Fsuperbatch [36m143[0m [[35m67.1[0m% ([36m512[0m/[36m763[0m batches, [36m5020362[0m pos/sec)]
Estimated time to end of superbatch: [36m6.6[0ms     [Fsuperbatch [36m143[0m [[35m83.9[0m% ([36m640[0m/[36m763[0m batches, [36m5021352[0m pos/sec)]
Estimated time to end of superbatch: [36m3.2[0ms     [Fsuperbatch [36m143[0m | time [36m19.9[0ms | running loss [36m0.011618[0m | [36m5013370[0m pos/sec | total time [36m3019.6[0ms
Estimated time remaining in training: [36m1[0mh [36m41[0mm [36m0[0ms
LR dropped to [36m0.00033289305[0m
superbatch [36m144[0m [[35m0.0[0m% ([36m0[0m/[36m763[0m batches, [36m5147259[0m pos/sec)]
Estimated time to end of superbatch: [36minf[0ms     [Fsuperbatch [36m144[0m [[35m16.8[0m% ([36m128[0m/[36m763[0m batches, [36m4961872[0m pos/sec)]
Estimated time to end of superbatch: [36m16.9[0ms     [Fsuperbatch [36m144[0m [[35m33.6[0m% ([36m256[0m/[36m763[0m batches, [36m4998710[0m pos/sec)]
Estimated time to end of superbatch: [36m13.3[0ms     [Fsuperbatch [36m144[0m [[35m50.3[0m% ([36m384[0m/[36m763[0m batches, [36m5011281[0m pos/sec)]
Estimated time to end of superbatch: [36m9.9[0ms     [Fsuperbatch [36m144[0m [[35m67.1[0m% ([36m512[0m/[36m763[0m batches, [36m5001315[0m pos/sec)]
Estimated time to end of superbatch: [36m6.6[0ms     [Fsuperbatch [36m144[0m [[35m83.9[0m% ([36m640[0m/[36m763[0m batches, [36m4973164[0m pos/sec)]
Estimated time to end of superbatch: [36m3.2[0ms     [Fsuperbatch [36m144[0m | time [36m20.1[0ms | running loss [36m0.011761[0m | [36m4985100[0m pos/sec | total time [36m3039.7[0ms
Estimated time remaining in training: [36m1[0mh [36m40[0mm [36m37[0ms
LR dropped to [36m0.00033173256[0m
superbatch [36m145[0m [[35m0.0[0m% ([36m0[0m/[36m763[0m batches, [36m5588446[0m pos/sec)]
Estimated time to end of superbatch: [36minf[0ms     [Fsuperbatch [36m145[0m [[35m16.8[0m% ([36m128[0m/[36m763[0m batches, [36m5054344[0m pos/sec)]
Estimated time to end of superbatch: [36m16.6[0ms     [Fsuperbatch [36m145[0m [[35m33.6[0m% ([36m256[0m/[36m763[0m batches, [36m5029158[0m pos/sec)]
Estimated time to end of superbatch: [36m13.3[0ms     [Fsuperbatch [36m145[0m [[35m50.3[0m% ([36m384[0m/[36m763[0m batches, [36m4976762[0m pos/sec)]
Estimated time to end of superbatch: [36m10.0[0ms     [Fsuperbatch [36m145[0m [[35m67.1[0m% ([36m512[0m/[36m763[0m batches, [36m4998654[0m pos/sec)]
Estimated time to end of superbatch: [36m6.6[0ms     [Fsuperbatch [36m145[0m [[35m83.9[0m% ([36m640[0m/[36m763[0m batches, [36m5009705[0m pos/sec)]
Estimated time to end of superbatch: [36m3.2[0ms     [Fsuperbatch [36m145[0m | time [36m20.0[0ms | running loss [36m0.011628[0m | [36m5010482[0m pos/sec | total time [36m3059.6[0ms
Estimated time remaining in training: [36m1[0mh [36m40[0mm [36m13[0ms
LR dropped to [36m0.00033057213[0m
superbatch [36m146[0m [[35m0.0[0m% ([36m0[0m/[36m763[0m batches, [36m5569576[0m pos/sec)]
Estimated time to end of superbatch: [36minf[0ms     [Fsuperbatch [36m146[0m [[35m16.8[0m% ([36m128[0m/[36m763[0m batches, [36m4947634[0m pos/sec)]
Estimated time to end of superbatch: [36m17.0[0ms     [Fsuperbatch [36m146[0m [[35m33.6[0m% ([36m256[0m/[36m763[0m batches, [36m5018046[0m pos/sec)]
Estimated time to end of superbatch: [36m13.3[0ms     [Fsuperbatch [36m146[0m [[35m50.3[0m% ([36m384[0m/[36m763[0m batches, [36m5036218[0m pos/sec)]
Estimated time to end of superbatch: [36m9.9[0ms     [Fsuperbatch [36m146[0m [[35m67.1[0m% ([36m512[0m/[36m763[0m batches, [36m5022576[0m pos/sec)]
Estimated time to end of superbatch: [36m6.6[0ms     [Fsuperbatch [36m146[0m [[35m83.9[0m% ([36m640[0m/[36m763[0m batches, [36m5009006[0m pos/sec)]
Estimated time to end of superbatch: [36m3.2[0ms     [Fsuperbatch [36m146[0m | time [36m20.0[0ms | running loss [36m0.011807[0m | [36m5004890[0m pos/sec | total time [36m3079.6[0ms
Estimated time remaining in training: [36m1[0mh [36m39[0mm [36m50[0ms
LR dropped to [36m0.00032941165[0m
superbatch [36m147[0m [[35m0.0[0m% ([36m0[0m/[36m763[0m batches, [36m5636472[0m pos/sec)]
Estimated time to end of superbatch: [36minf[0ms     [Fsuperbatch [36m147[0m [[35m16.8[0m% ([36m128[0m/[36m763[0m batches, [36m5056756[0m pos/sec)]
Estimated time to end of superbatch: [36m16.6[0ms     [Fsuperbatch [36m147[0m [[35m33.6[0m% ([36m256[0m/[36m763[0m batches, [36m4997574[0m pos/sec)]
Estimated time to end of superbatch: [36m13.3[0ms     [Fsuperbatch [36m147[0m [[35m50.3[0m% ([36m384[0m/[36m763[0m batches, [36m4966422[0m pos/sec)]
Estimated time to end of superbatch: [36m10.0[0ms     [Fsuperbatch [36m147[0m [[35m67.1[0m% ([36m512[0m/[36m763[0m batches, [36m4990214[0m pos/sec)]
Estimated time to end of superbatch: [36m6.6[0ms     [Fsuperbatch [36m147[0m [[35m83.9[0m% ([36m640[0m/[36m763[0m batches, [36m4998044[0m pos/sec)]
Estimated time to end of superbatch: [36m3.2[0ms     [Fsuperbatch [36m147[0m | time [36m20.0[0ms | running loss [36m0.011687[0m | [36m5005932[0m pos/sec | total time [36m3099.6[0ms
Estimated time remaining in training: [36m1[0mh [36m39[0mm [36m27[0ms
LR dropped to [36m0.0003282512[0m
superbatch [36m148[0m [[35m0.0[0m% ([36m0[0m/[36m763[0m batches, [36m5425272[0m pos/sec)]
Estimated time to end of superbatch: [36minf[0ms     [Fsuperbatch [36m148[0m [[35m16.8[0m% ([36m128[0m/[36m763[0m batches, [36m4918562[0m pos/sec)]
Estimated time to end of superbatch: [36m17.1[0ms     [Fsuperbatch [36m148[0m [[35m33.6[0m% ([36m256[0m/[36m763[0m batches, [36m4989893[0m pos/sec)]
Estimated time to end of superbatch: [36m13.4[0ms     [Fsuperbatch [36m148[0m [[35m50.3[0m% ([36m384[0m/[36m763[0m batches, [36m5030310[0m pos/sec)]
Estimated time to end of superbatch: [36m9.9[0ms     [Fsuperbatch [36m148[0m [[35m67.1[0m% ([36m512[0m/[36m763[0m batches, [36m5033082[0m pos/sec)]
Estimated time to end of superbatch: [36m6.5[0ms     [Fsuperbatch [36m148[0m [[35m83.9[0m% ([36m640[0m/[36m763[0m batches, [36m5012287[0m pos/sec)]
Estimated time to end of superbatch: [36m3.2[0ms     [Fsuperbatch [36m148[0m | time [36m19.9[0ms | running loss [36m0.011866[0m | [36m5024128[0m pos/sec | total time [36m3119.5[0ms
Estimated time remaining in training: [36m1[0mh [36m39[0mm [36m3[0ms
LR dropped to [36m0.00032709073[0m
superbatch [36m149[0m [[35m0.0[0m% ([36m0[0m/[36m763[0m batches, [36m4186121[0m pos/sec)]
Estimated time to end of superbatch: [36minf[0ms     [Fsuperbatch [36m149[0m [[35m16.8[0m% ([36m128[0m/[36m763[0m batches, [36m5090992[0m pos/sec)]
Estimated time to end of superbatch: [36m16.5[0ms     [Fsuperbatch [36m149[0m [[35m33.6[0m% ([36m256[0m/[36m763[0m batches, [36m5049019[0m pos/sec)]
Estimated time to end of superbatch: [36m13.2[0ms     [Fsuperbatch [36m149[0m [[35m50.3[0m% ([36m384[0m/[36m763[0m batches, [36m5014410[0m pos/sec)]
Estimated time to end of superbatch: [36m9.9[0ms     [Fsuperbatch [36m149[0m [[35m67.1[0m% ([36m512[0m/[36m763[0m batches, [36m5015500[0m pos/sec)]
Estimated time to end of superbatch: [36m6.6[0ms     [Fsuperbatch [36m149[0m [[35m83.9[0m% ([36m640[0m/[36m763[0m batches, [36m5032482[0m pos/sec)]
Estimated time to end of superbatch: [36m3.2[0ms     [Fsuperbatch [36m149[0m | time [36m19.8[0ms | running loss [36m0.011707[0m | [36m5046738[0m pos/sec | total time [36m3139.3[0ms
Estimated time remaining in training: [36m1[0mh [36m38[0mm [36m40[0ms
LR dropped to [36m0.00032593025[0m
superbatch [36m150[0m [[35m0.0[0m% ([36m0[0m/[36m763[0m batches, [36m5134058[0m pos/sec)]
Estimated time to end of superbatch: [36minf[0ms     [Fsuperbatch [36m150[0m [[35m16.8[0m% ([36m128[0m/[36m763[0m batches, [36m4883114[0m pos/sec)]
Estimated time to end of superbatch: [36m17.2[0ms     [Fsuperbatch [36m150[0m [[35m33.6[0m% ([36m256[0m/[36m763[0m batches, [36m4934963[0m pos/sec)]
Estimated time to end of superbatch: [36m13.5[0ms     [Fsuperbatch [36m150[0m [[35m50.3[0m% ([36m384[0m/[36m763[0m batches, [36m4942415[0m pos/sec)]
Estimated time to end of superbatch: [36m10.1[0ms     [Fsuperbatch [36m150[0m [[35m67.1[0m% ([36m512[0m/[36m763[0m batches, [36m4979330[0m pos/sec)]
Estimated time to end of superbatch: [36m6.6[0ms     [Fsuperbatch [36m150[0m [[35m83.9[0m% ([36m640[0m/[36m763[0m batches, [36m4982014[0m pos/sec)]
Estimated time to end of superbatch: [36m3.2[0ms     [Fsuperbatch [36m150[0m | time [36m20.0[0ms | running loss [36m0.011907[0m | [36m4992404[0m pos/sec | total time [36m3159.4[0ms
Estimated time remaining in training: [36m1[0mh [36m38[0mm [36m17[0ms
Saved [anna-v3c-s1-150]
LR dropped to [36m0.0003247698[0m
superbatch [36m151[0m [[35m0.0[0m% ([36m0[0m/[36m763[0m batches, [36m5590928[0m pos/sec)]
Estimated time to end of superbatch: [36minf[0ms     [Fsuperbatch [36m151[0m [[35m16.8[0m% ([36m128[0m/[36m763[0m batches, [36m5561188[0m pos/sec)]
Estimated time to end of superbatch: [36m15.1[0ms     [Fsuperbatch [36m151[0m [[35m33.6[0m% ([36m256[0m/[36m763[0m batches, [36m5618690[0m pos/sec)]
Estimated time to end of superbatch: [36m11.9[0ms     [Fsuperbatch [36m151[0m [[35m50.3[0m% ([36m384[0m/[36m763[0m batches, [36m5631837[0m pos/sec)]
Estimated time to end of superbatch: [36m8.8[0ms     [Fsuperbatch [36m151[0m [[35m67.1[0m% ([36m512[0m/[36m763[0m batches, [36m5645454[0m pos/sec)]
Estimated time to end of superbatch: [36m5.8[0ms     [Fsuperbatch [36m151[0m [[35m83.9[0m% ([36m640[0m/[36m763[0m batches, [36m5658204[0m pos/sec)]
Estimated time to end of superbatch: [36m2.9[0ms     [Fsuperbatch [36m151[0m | time [36m17.7[0ms | running loss [36m0.011792[0m | [36m5662592[0m pos/sec | total time [36m3179.5[0ms
Estimated time remaining in training: [36m1[0mh [36m37[0mm [36m54[0ms
LR dropped to [36m0.00032360933[0m
superbatch [36m152[0m [[35m0.0[0m% ([36m0[0m/[36m763[0m batches, [36m5458842[0m pos/sec)]
Estimated time to end of superbatch: [36minf[0ms     [Fsuperbatch [36m152[0m [[35m16.8[0m% ([36m128[0m/[36m763[0m batches, [36m5647811[0m pos/sec)]
Estimated time to end of superbatch: [36m14.9[0ms     [Fsuperbatch [36m152[0m [[35m33.6[0m% ([36m256[0m/[36m763[0m batches, [36m5332512[0m pos/sec)]
Estimated time to end of superbatch: [36m12.5[0ms     [Fsuperbatch [36m152[0m [[35m50.3[0m% ([36m384[0m/[36m763[0m batches, [36m5251300[0m pos/sec)]
Estimated time to end of superbatch: [36m9.5[0ms     [Fsuperbatch [36m152[0m [[35m67.1[0m% ([36m512[0m/[36m763[0m batches, [36m5211854[0m pos/sec)]
Estimated time to end of superbatch: [36m6.3[0ms     [Fsuperbatch [36m152[0m [[35m83.9[0m% ([36m640[0m/[36m763[0m batches, [36m5171988[0m pos/sec)]
Estimated time to end of superbatch: [36m3.1[0ms     [Fsuperbatch [36m152[0m | time [36m19.4[0ms | running loss [36m0.012018[0m | [36m5148546[0m pos/sec | total time [36m3198.9[0ms
Estimated time remaining in training: [36m1[0mh [36m37[0mm [36m30[0ms
LR dropped to [36m0.00032244885[0m
superbatch [36m153[0m [[35m0.0[0m% ([36m0[0m/[36m763[0m batches, [36m5621764[0m pos/sec)]
Estimated time to end of superbatch: [36minf[0ms     [Fsuperbatch [36m153[0m [[35m16.8[0m% ([36m128[0m/[36m763[0m batches, [36m5058112[0m pos/sec)]
Estimated time to end of superbatch: [36m16.6[0ms     [Fsuperbatch [36m153[0m [[35m33.6[0m% ([36m256[0m/[36m763[0m batches, [36m5057592[0m pos/sec)]
Estimated time to end of superbatch: [36m13.2[0ms     [Fsuperbatch [36m153[0m [[35m50.3[0m% ([36m384[0m/[36m763[0m batches, [36m5028006[0m pos/sec)]
Estimated time to end of superbatch: [36m9.9[0ms     [Fsuperbatch [36m153[0m [[35m67.1[0m% ([36m512[0m/[36m763[0m batches, [36m5007778[0m pos/sec)]
Estimated time to end of superbatch: [36m6.6[0ms     [Fsuperbatch [36m153[0m [[35m83.9[0m% ([36m640[0m/[36m763[0m batches, [36m5023087[0m pos/sec)]
Estimated time to end of superbatch: [36m3.2[0ms     [Fsuperbatch [36m153[0m | time [36m19.9[0ms | running loss [36m0.011832[0m | [36m5033678[0m pos/sec | total time [36m3218.8[0ms
Estimated time remaining in training: [36m1[0mh [36m37[0mm [36m7[0ms
LR dropped to [36m0.0003212884[0m
superbatch [36m154[0m [[35m0.0[0m% ([36m0[0m/[36m763[0m batches, [36m5384468[0m pos/sec)]
Estimated time to end of superbatch: [36minf[0ms     [Fsuperbatch [36m154[0m [[35m16.8[0m% ([36m128[0m/[36m763[0m batches, [36m4975202[0m pos/sec)]
Estimated time to end of superbatch: [36m16.9[0ms     [Fsuperbatch [36m154[0m [[35m33.6[0m% ([36m256[0m/[36m763[0m batches, [36m5008581[0m pos/sec)]
Estimated time to end of superbatch: [36m13.3[0ms     [Fsuperbatch [36m154[0m [[35m50.3[0m% ([36m384[0m/[36m763[0m batches, [36m5038570[0m pos/sec)]
Estimated time to end of superbatch: [36m9.9[0ms     [Fsuperbatch [36m154[0m [[35m67.1[0m% ([36m512[0m/[36m763[0m batches, [36m5039659[0m pos/sec)]
Estimated time to end of superbatch: [36m6.5[0ms     [Fsuperbatch [36m154[0m [[35m83.9[0m% ([36m640[0m/[36m763[0m batches, [36m5033994[0m pos/sec)]
Estimated time to end of superbatch: [36m3.2[0ms     [Fsuperbatch [36m154[0m | time [36m19.9[0ms | running loss [36m0.012068[0m | [36m5035060[0m pos/sec | total time [36m3238.7[0ms
Estimated time remaining in training: [36m1[0mh [36m36[0mm [36m44[0ms
LR dropped to [36m0.00032012793[0m
superbatch [36m155[0m [[35m0.0[0m% ([36m0[0m/[36m763[0m batches, [36m5643904[0m pos/sec)]
Estimated time to end of superbatch: [36minf[0ms     [Fsuperbatch [36m155[0m [[35m16.8[0m% ([36m128[0m/[36m763[0m batches, [36m5051492[0m pos/sec)]
Estimated time to end of superbatch: [36m16.6[0ms     [Fsuperbatch [36m155[0m [[35m33.6[0m% ([36m256[0m/[36m763[0m batches, [36m5040121[0m pos/sec)]
Estimated time to end of superbatch: [36m13.2[0ms     [Fsuperbatch [36m155[0m [[35m50.3[0m% ([36m384[0m/[36m763[0m batches, [36m4998738[0m pos/sec)]
Estimated time to end of superbatch: [36m10.0[0ms     [Fsuperbatch [36m155[0m [[35m67.1[0m% ([36m512[0m/[36m763[0m batches, [36m4931308[0m pos/sec)]
Estimated time to end of superbatch: [36m6.7[0ms     [Fsuperbatch [36m155[0m [[35m83.9[0m% ([36m640[0m/[36m763[0m batches, [36m4962832[0m pos/sec)]
Estimated time to end of superbatch: [36m3.3[0ms     [Fsuperbatch [36m155[0m | time [36m20.1[0ms | running loss [36m0.011861[0m | [36m4979439[0m pos/sec | total time [36m3258.8[0ms
Estimated time remaining in training: [36m1[0mh [36m36[0mm [36m21[0ms
LR dropped to [36m0.00031896745[0m
superbatch [36m156[0m [[35m0.0[0m% ([36m0[0m/[36m763[0m batches, [36m5646306[0m pos/sec)]
Estimated time to end of superbatch: [36minf[0ms     [Fsuperbatch [36m156[0m [[35m16.8[0m% ([36m128[0m/[36m763[0m batches, [36m5036362[0m pos/sec)]
Estimated time to end of superbatch: [36m16.7[0ms     [Fsuperbatch [36m156[0m [[35m33.6[0m% ([36m256[0m/[36m763[0m batches, [36m5005572[0m pos/sec)]
Estimated time to end of superbatch: [36m13.3[0ms     [Fsuperbatch [36m156[0m [[35m50.3[0m% ([36m384[0m/[36m763[0m batches, [36m5021176[0m pos/sec)]
Estimated time to end of superbatch: [36m9.9[0ms     [Fsuperbatch [36m156[0m [[35m67.1[0m% ([36m512[0m/[36m763[0m batches, [36m5037298[0m pos/sec)]
Estimated time to end of superbatch: [36m6.5[0ms     [Fsuperbatch [36m156[0m [[35m83.9[0m% ([36m640[0m/[36m763[0m batches, [36m4871690[0m pos/sec)]
Estimated time to end of superbatch: [36m3.3[0ms     [Fsuperbatch [36m156[0m | time [36m20.5[0ms | running loss [36m0.012093[0m | [36m4889292[0m pos/sec | total time [36m3279.2[0ms
Estimated time remaining in training: [36m1[0mh [36m35[0mm [36m59[0ms
LR dropped to [36m0.00031780702[0m
superbatch [36m157[0m [[35m0.0[0m% ([36m0[0m/[36m763[0m batches, [36m4208453[0m pos/sec)]
Estimated time to end of superbatch: [36minf[0ms     [Fsuperbatch [36m157[0m [[35m16.8[0m% ([36m128[0m/[36m763[0m batches, [36m5026419[0m pos/sec)]
Estimated time to end of superbatch: [36m16.7[0ms     [Fsuperbatch [36m157[0m [[35m33.6[0m% ([36m256[0m/[36m763[0m batches, [36m5045904[0m pos/sec)]
Estimated time to end of superbatch: [36m13.2[0ms     [Fsuperbatch [36m157[0m [[35m50.3[0m% ([36m384[0m/[36m763[0m batches, [36m5046232[0m pos/sec)]
Estimated time to end of superbatch: [36m9.9[0ms     [Fsuperbatch [36m157[0m [[35m67.1[0m% ([36m512[0m/[36m763[0m batches, [36m5029220[0m pos/sec)]
Estimated time to end of superbatch: [36m6.6[0ms     [Fsuperbatch [36m157[0m [[35m83.9[0m% ([36m640[0m/[36m763[0m batches, [36m5039715[0m pos/sec)]
Estimated time to end of superbatch: [36m3.2[0ms     [Fsuperbatch [36m157[0m | time [36m19.8[0ms | running loss [36m0.011896[0m | [36m5043352[0m pos/sec | total time [36m3299.0[0ms
Estimated time remaining in training: [36m1[0mh [36m35[0mm [36m36[0ms
LR dropped to [36m0.00031664653[0m
superbatch [36m158[0m [[35m0.0[0m% ([36m0[0m/[36m763[0m batches, [36m5574954[0m pos/sec)]
Estimated time to end of superbatch: [36minf[0ms     [Fsuperbatch [36m158[0m [[35m16.8[0m% ([36m128[0m/[36m763[0m batches, [36m4964082[0m pos/sec)]
Estimated time to end of superbatch: [36m16.9[0ms     [Fsuperbatch [36m158[0m [[35m33.6[0m% ([36m256[0m/[36m763[0m batches, [36m4973142[0m pos/sec)]
Estimated time to end of superbatch: [36m13.4[0ms     [Fsuperbatch [36m158[0m [[35m50.3[0m% ([36m384[0m/[36m763[0m batches, [36m5002022[0m pos/sec)]
Estimated time to end of superbatch: [36m10.0[0ms     [Fsuperbatch [36m158[0m [[35m67.1[0m% ([36m512[0m/[36m763[0m batches, [36m5019736[0m pos/sec)]
Estimated time to end of superbatch: [36m6.6[0ms     [Fsuperbatch [36m158[0m [[35m83.9[0m% ([36m640[0m/[36m763[0m batches, [36m5016084[0m pos/sec)]
Estimated time to end of superbatch: [36m3.2[0ms     [Fsuperbatch [36m158[0m | time [36m20.0[0ms | running loss [36m0.012138[0m | [36m5006962[0m pos/sec | total time [36m3319.0[0ms
Estimated time remaining in training: [36m1[0mh [36m35[0mm [36m13[0ms
LR dropped to [36m0.00031548608[0m
superbatch [36m159[0m [[35m0.0[0m% ([36m0[0m/[36m763[0m batches, [36m4739624[0m pos/sec)]
Estimated time to end of superbatch: [36minf[0ms     [Fsuperbatch [36m159[0m [[35m16.8[0m% ([36m128[0m/[36m763[0m batches, [36m5014616[0m pos/sec)]
Estimated time to end of superbatch: [36m16.7[0ms     [Fsuperbatch [36m159[0m [[35m33.6[0m% ([36m256[0m/[36m763[0m batches, [36m5021542[0m pos/sec)]
Estimated time to end of superbatch: [36m13.3[0ms     [Fsuperbatch [36m159[0m [[35m50.3[0m% ([36m384[0m/[36m763[0m batches, [36m5006083[0m pos/sec)]
Estimated time to end of superbatch: [36m9.9[0ms     [Fsuperbatch [36m159[0m [[35m67.1[0m% ([36m512[0m/[36m763[0m batches, [36m5015990[0m pos/sec)]
Estimated time to end of superbatch: [36m6.6[0ms     [Fsuperbatch [36m159[0m [[35m83.9[0m% ([36m640[0m/[36m763[0m batches, [36m5023666[0m pos/sec)]
Estimated time to end of superbatch: [36m3.2[0ms     [Fsuperbatch [36m159[0m | time [36m19.9[0ms | running loss [36m0.011954[0m | [36m5025784[0m pos/sec | total time [36m3338.9[0ms
Estimated time remaining in training: [36m1[0mh [36m34[0mm [36m50[0ms
LR dropped to [36m0.00031432562[0m
superbatch [36m160[0m [[35m0.0[0m% ([36m0[0m/[36m763[0m batches, [36m4179897[0m pos/sec)]
Estimated time to end of superbatch: [36minf[0ms     [Fsuperbatch [36m160[0m [[35m16.8[0m% ([36m128[0m/[36m763[0m batches, [36m4956220[0m pos/sec)]
Estimated time to end of superbatch: [36m16.9[0ms     [Fsuperbatch [36m160[0m [[35m33.6[0m% ([36m256[0m/[36m763[0m batches, [36m4799272[0m pos/sec)]
Estimated time to end of superbatch: [36m13.9[0ms     [Fsuperbatch [36m160[0m [[35m50.3[0m% ([36m384[0m/[36m763[0m batches, [36m4870321[0m pos/sec)]
Estimated time to end of superbatch: [36m10.2[0ms     [Fsuperbatch [36m160[0m [[35m67.1[0m% ([36m512[0m/[36m763[0m batches, [36m4925097[0m pos/sec)]
Estimated time to end of superbatch: [36m6.7[0ms     [Fsuperbatch [36m160[0m [[35m83.9[0m% ([36m640[0m/[36m763[0m batches, [36m4948070[0m pos/sec)]
Estimated time to end of superbatch: [36m3.3[0ms     [Fsuperbatch [36m160[0m | time [36m20.1[0ms | running loss [36m0.012167[0m | [36m4964408[0m pos/sec | total time [36m3359.1[0ms
Estimated time remaining in training: [36m1[0mh [36m34[0mm [36m28[0ms
Saved [anna-v3c-s1-160]
LR dropped to [36m0.00031316513[0m
superbatch [36m161[0m [[35m0.0[0m% ([36m0[0m/[36m763[0m batches, [36m5498776[0m pos/sec)]
Estimated time to end of superbatch: [36minf[0ms     [Fsuperbatch [36m161[0m [[35m16.8[0m% ([36m128[0m/[36m763[0m batches, [36m5479606[0m pos/sec)]
Estimated time to end of superbatch: [36m15.3[0ms     [Fsuperbatch [36m161[0m [[35m33.6[0m% ([36m256[0m/[36m763[0m batches, [36m5529266[0m pos/sec)]
Estimated time to end of superbatch: [36m12.1[0ms     [Fsuperbatch [36m161[0m [[35m50.3[0m% ([36m384[0m/[36m763[0m batches, [36m5447676[0m pos/sec)]
Estimated time to end of superbatch: [36m9.1[0ms     [Fsuperbatch [36m161[0m [[35m67.1[0m% ([36m512[0m/[36m763[0m batches, [36m5337914[0m pos/sec)]
Estimated time to end of superbatch: [36m6.2[0ms     [Fsuperbatch [36m161[0m [[35m83.9[0m% ([36m640[0m/[36m763[0m batches, [36m5284031[0m pos/sec)]
Estimated time to end of superbatch: [36m3.1[0ms     [Fsuperbatch [36m161[0m | time [36m19.0[0ms | running loss [36m0.011995[0m | [36m5252952[0m pos/sec | total time [36m3380.6[0ms
Estimated time remaining in training: [36m1[0mh [36m34[0mm [36m8[0ms
LR dropped to [36m0.00031200467[0m
superbatch [36m162[0m [[35m0.0[0m% ([36m0[0m/[36m763[0m batches, [36m4496663[0m pos/sec)]
Estimated time to end of superbatch: [36minf[0ms     [Fsuperbatch [36m162[0m [[35m16.8[0m% ([36m128[0m/[36m763[0m batches, [36m4766075[0m pos/sec)]
Estimated time to end of superbatch: [36m17.6[0ms     [Fsuperbatch [36m162[0m [[35m33.6[0m% ([36m256[0m/[36m763[0m batches, [36m4831173[0m pos/sec)]
Estimated time to end of superbatch: [36m13.8[0ms     [Fsuperbatch [36m162[0m [[35m50.3[0m% ([36m384[0m/[36m763[0m batches, [36m4897447[0m pos/sec)]
Estimated time to end of superbatch: [36m10.2[0ms     [Fsuperbatch [36m162[0m [[35m67.1[0m% ([36m512[0m/[36m763[0m batches, [36m4942302[0m pos/sec)]
Estimated time to end of superbatch: [36m6.7[0ms     [Fsuperbatch [36m162[0m [[35m83.9[0m% ([36m640[0m/[36m763[0m batches, [36m4959596[0m pos/sec)]
Estimated time to end of superbatch: [36m3.3[0ms     [Fsuperbatch [36m162[0m | time [36m20.1[0ms | running loss [36m0.012199[0m | [36m4966856[0m pos/sec | total time [36m3400.8[0ms
Estimated time remaining in training: [36m1[0mh [36m33[0mm [36m45[0ms
LR dropped to [36m0.00031084422[0m
superbatch [36m163[0m [[35m0.0[0m% ([36m0[0m/[36m763[0m batches, [36m4306456[0m pos/sec)]
Estimated time to end of superbatch: [36minf[0ms     [Fsuperbatch [36m163[0m [[35m16.8[0m% ([36m128[0m/[36m763[0m batches, [36m5013237[0m pos/sec)]
Estimated time to end of superbatch: [36m16.7[0ms     [Fsuperbatch [36m163[0m [[35m33.6[0m% ([36m256[0m/[36m763[0m batches, [36m5017680[0m pos/sec)]
Estimated time to end of superbatch: [36m13.3[0ms     [Fsuperbatch [36m163[0m [[35m50.3[0m% ([36m384[0m/[36m763[0m batches, [36m5003472[0m pos/sec)]
Estimated time to end of superbatch: [36m10.0[0ms     [Fsuperbatch [36m163[0m [[35m67.1[0m% ([36m512[0m/[36m763[0m batches, [36m4991596[0m pos/sec)]
Estimated time to end of superbatch: [36m6.6[0ms     [Fsuperbatch [36m163[0m [[35m83.9[0m% ([36m640[0m/[36m763[0m batches, [36m4992655[0m pos/sec)]
Estimated time to end of superbatch: [36m3.2[0ms     [Fsuperbatch [36m163[0m | time [36m20.0[0ms | running loss [36m0.012025[0m | [36m4995225[0m pos/sec | total time [36m3420.8[0ms
Estimated time remaining in training: [36m1[0mh [36m33[0mm [36m23[0ms
LR dropped to [36m0.00030968373[0m
superbatch [36m164[0m [[35m0.0[0m% ([36m0[0m/[36m763[0m batches, [36m4229341[0m pos/sec)]
Estimated time to end of superbatch: [36minf[0ms     [Fsuperbatch [36m164[0m [[35m16.8[0m% ([36m128[0m/[36m763[0m batches, [36m5010527[0m pos/sec)]
Estimated time to end of superbatch: [36m16.7[0ms     [Fsuperbatch [36m164[0m [[35m33.6[0m% ([36m256[0m/[36m763[0m batches, [36m5004278[0m pos/sec)]
Estimated time to end of superbatch: [36m13.3[0ms     [Fsuperbatch [36m164[0m [[35m50.3[0m% ([36m384[0m/[36m763[0m batches, [36m4984046[0m pos/sec)]
Estimated time to end of superbatch: [36m10.0[0ms     [Fsuperbatch [36m164[0m [[35m67.1[0m% ([36m512[0m/[36m763[0m batches, [36m4998480[0m pos/sec)]
Estimated time to end of superbatch: [36m6.6[0ms     [Fsuperbatch [36m164[0m [[35m83.9[0m% ([36m640[0m/[36m763[0m batches, [36m4934800[0m pos/sec)]
Estimated time to end of superbatch: [36m3.3[0ms     [Fsuperbatch [36m164[0m | time [36m20.4[0ms | running loss [36m0.012218[0m | [36m4894734[0m pos/sec | total time [36m3441.2[0ms
Estimated time remaining in training: [36m1[0mh [36m33[0mm [36m1[0ms
LR dropped to [36m0.00030852327[0m
superbatch [36m165[0m [[35m0.0[0m% ([36m0[0m/[36m763[0m batches, [36m5541622[0m pos/sec)]
Estimated time to end of superbatch: [36minf[0ms     [Fsuperbatch [36m165[0m [[35m16.8[0m% ([36m128[0m/[36m763[0m batches, [36m4805090[0m pos/sec)]
Estimated time to end of superbatch: [36m17.5[0ms     [Fsuperbatch [36m165[0m [[35m33.6[0m% ([36m256[0m/[36m763[0m batches, [36m4896730[0m pos/sec)]
Estimated time to end of superbatch: [36m13.6[0ms     [Fsuperbatch [36m165[0m [[35m50.3[0m% ([36m384[0m/[36m763[0m batches, [36m4765979[0m pos/sec)]
Estimated time to end of superbatch: [36m10.5[0ms     [Fsuperbatch [36m165[0m [[35m67.1[0m% ([36m512[0m/[36m763[0m batches, [36m4672326[0m pos/sec)]
Estimated time to end of superbatch: [36m7.1[0ms     [Fsuperbatch [36m165[0m [[35m83.9[0m% ([36m640[0m/[36m763[0m batches, [36m4645412[0m pos/sec)]
Estimated time to end of superbatch: [36m3.5[0ms     [Fsuperbatch [36m165[0m | time [36m21.2[0ms | running loss [36m0.012088[0m | [36m4707747[0m pos/sec | total time [36m3462.5[0ms
Estimated time remaining in training: [36m1[0mh [36m32[0mm [36m40[0ms
LR dropped to [36m0.00030736282[0m
superbatch [36m166[0m [[35m0.0[0m% ([36m0[0m/[36m763[0m batches, [36m5550154[0m pos/sec)]
Estimated time to end of superbatch: [36minf[0ms     [Fsuperbatch [36m166[0m [[35m16.8[0m% ([36m128[0m/[36m763[0m batches, [36m5068623[0m pos/sec)]
Estimated time to end of superbatch: [36m16.5[0ms     [Fsuperbatch [36m166[0m [[35m33.6[0m% ([36m256[0m/[36m763[0m batches, [36m5054102[0m pos/sec)]
Estimated time to end of superbatch: [36m13.2[0ms     [Fsuperbatch [36m166[0m [[35m50.3[0m% ([36m384[0m/[36m763[0m batches, [36m5058822[0m pos/sec)]
Estimated time to end of superbatch: [36m9.8[0ms     [Fsuperbatch [36m166[0m [[35m67.1[0m% ([36m512[0m/[36m763[0m batches, [36m5066967[0m pos/sec)]
Estimated time to end of superbatch: [36m6.5[0ms     [Fsuperbatch [36m166[0m [[35m83.9[0m% ([36m640[0m/[36m763[0m batches, [36m5046791[0m pos/sec)]
Estimated time to end of superbatch: [36m3.2[0ms     [Fsuperbatch [36m166[0m | time [36m19.8[0ms | running loss [36m0.012279[0m | [36m5048292[0m pos/sec | total time [36m3482.3[0ms
Estimated time remaining in training: [36m1[0mh [36m32[0mm [36m18[0ms
LR dropped to [36m0.00030620233[0m
superbatch [36m167[0m [[35m0.0[0m% ([36m0[0m/[36m763[0m batches, [36m5464304[0m pos/sec)]
Estimated time to end of superbatch: [36minf[0ms     [Fsuperbatch [36m167[0m [[35m16.8[0m% ([36m128[0m/[36m763[0m batches, [36m5061094[0m pos/sec)]
Estimated time to end of superbatch: [36m16.6[0ms     [Fsuperbatch [36m167[0m [[35m33.6[0m% ([36m256[0m/[36m763[0m batches, [36m5089159[0m pos/sec)]
Estimated time to end of superbatch: [36m13.1[0ms     [Fsuperbatch [36m167[0m [[35m50.3[0m% ([36m384[0m/[36m763[0m batches, [36m4819298[0m pos/sec)]
Estimated time to end of superbatch: [36m10.3[0ms     [Fsuperbatch [36m167[0m [[35m67.1[0m% ([36m512[0m/[36m763[0m batches, [36m4853056[0m pos/sec)]
Estimated time to end of superbatch: [36m6.8[0ms     [Fsuperbatch [36m167[0m [[35m83.9[0m% ([36m640[0m/[36m763[0m batches, [36m4894254[0m pos/sec)]
Estimated time to end of superbatch: [36m3.3[0ms     [Fsuperbatch [36m167[0m | time [36m20.3[0ms | running loss [36m0.012153[0m | [36m4920780[0m pos/sec | total time [36m3502.6[0ms
Estimated time remaining in training: [36m1[0mh [36m31[0mm [36m56[0ms
LR dropped to [36m0.00030504187[0m
superbatch [36m168[0m [[35m0.0[0m% ([36m0[0m/[36m763[0m batches, [36m5637332[0m pos/sec)]
Estimated time to end of superbatch: [36minf[0ms     [Fsuperbatch [36m168[0m [[35m16.8[0m% ([36m128[0m/[36m763[0m batches, [36m5077172[0m pos/sec)]
Estimated time to end of superbatch: [36m16.5[0ms     [Fsuperbatch [36m168[0m [[35m33.6[0m% ([36m256[0m/[36m763[0m batches, [36m5011592[0m pos/sec)]
Estimated time to end of superbatch: [36m13.3[0ms     [Fsuperbatch [36m168[0m [[35m50.3[0m% ([36m384[0m/[36m763[0m batches, [36m5015586[0m pos/sec)]
Estimated time to end of superbatch: [36m9.9[0ms     [Fsuperbatch [36m168[0m [[35m67.1[0m% ([36m512[0m/[36m763[0m batches, [36m4999095[0m pos/sec)]
Estimated time to end of superbatch: [36m6.6[0ms     [Fsuperbatch [36m168[0m [[35m83.9[0m% ([36m640[0m/[36m763[0m batches, [36m5004466[0m pos/sec)]
Estimated time to end of superbatch: [36m3.2[0ms     [Fsuperbatch [36m168[0m | time [36m20.0[0ms | running loss [36m0.012305[0m | [36m5002537[0m pos/sec | total time [36m3522.6[0ms
Estimated time remaining in training: [36m1[0mh [36m31[0mm [36m33[0ms
LR dropped to [36m0.00030388142[0m
superbatch [36m169[0m [[35m0.0[0m% ([36m0[0m/[36m763[0m batches, [36m5654864[0m pos/sec)]
Estimated time to end of superbatch: [36minf[0ms     [Fsuperbatch [36m169[0m [[35m16.8[0m% ([36m128[0m/[36m763[0m batches, [36m5062646[0m pos/sec)]
Estimated time to end of superbatch: [36m16.6[0ms     [Fsuperbatch [36m169[0m [[35m33.6[0m% ([36m256[0m/[36m763[0m batches, [36m5072406[0m pos/sec)]
Estimated time to end of superbatch: [36m13.2[0ms     [Fsuperbatch [36m169[0m [[35m50.3[0m% ([36m384[0m/[36m763[0m batches, [36m5061024[0m pos/sec)]
Estimated time to end of superbatch: [36m9.8[0ms     [Fsuperbatch [36m169[0m [[35m67.1[0m% ([36m512[0m/[36m763[0m batches, [36m5053094[0m pos/sec)]
Estimated time to end of superbatch: [36m6.5[0ms     [Fsuperbatch [36m169[0m [[35m83.9[0m% ([36m640[0m/[36m763[0m batches, [36m5054396[0m pos/sec)]
Estimated time to end of superbatch: [36m3.2[0ms     [Fsuperbatch [36m169[0m | time [36m19.7[0ms | running loss [36m0.012173[0m | [36m5068364[0m pos/sec | total time [36m3542.3[0ms
Estimated time remaining in training: [36m1[0mh [36m31[0mm [36m10[0ms
LR dropped to [36m0.00030272093[0m
superbatch [36m170[0m [[35m0.0[0m% ([36m0[0m/[36m763[0m batches, [36m4281519[0m pos/sec)]
Estimated time to end of superbatch: [36minf[0ms     [Fsuperbatch [36m170[0m [[35m16.8[0m% ([36m128[0m/[36m763[0m batches, [36m5045250[0m pos/sec)]
Estimated time to end of superbatch: [36m16.6[0ms     [Fsuperbatch [36m170[0m [[35m33.6[0m% ([36m256[0m/[36m763[0m batches, [36m4995838[0m pos/sec)]
Estimated time to end of superbatch: [36m13.4[0ms     [Fsuperbatch [36m170[0m [[35m50.3[0m% ([36m384[0m/[36m763[0m batches, [36m5009969[0m pos/sec)]
Estimated time to end of superbatch: [36m9.9[0ms     [Fsuperbatch [36m170[0m [[35m67.1[0m% ([36m512[0m/[36m763[0m batches, [36m5018716[0m pos/sec)]
Estimated time to end of superbatch: [36m6.6[0ms     [Fsuperbatch [36m170[0m [[35m83.9[0m% ([36m640[0m/[36m763[0m batches, [36m5021615[0m pos/sec)]
Estimated time to end of superbatch: [36m3.2[0ms     [Fsuperbatch [36m170[0m | time [36m19.9[0ms | running loss [36m0.012400[0m | [36m5017326[0m pos/sec | total time [36m3562.2[0ms
Estimated time remaining in training: [36m1[0mh [36m30[0mm [36m48[0ms
Saved [anna-v3c-s1-170]
LR dropped to [36m0.0003015605[0m
superbatch [36m171[0m [[35m0.0[0m% ([36m0[0m/[36m763[0m batches, [36m5619378[0m pos/sec)]
Estimated time to end of superbatch: [36minf[0ms     [Fsuperbatch [36m171[0m [[35m16.8[0m% ([36m128[0m/[36m763[0m batches, [36m5690310[0m pos/sec)]
Estimated time to end of superbatch: [36m14.7[0ms     [Fsuperbatch [36m171[0m [[35m33.6[0m% ([36m256[0m/[36m763[0m batches, [36m5678252[0m pos/sec)]
Estimated time to end of superbatch: [36m11.7[0ms     [Fsuperbatch [36m171[0m [[35m50.3[0m% ([36m384[0m/[36m763[0m batches, [36m5674797[0m pos/sec)]
Estimated time to end of superbatch: [36m8.8[0ms     [Fsuperbatch [36m171[0m [[35m67.1[0m% ([36m512[0m/[36m763[0m batches, [36m5672440[0m pos/sec)]
Estimated time to end of superbatch: [36m5.8[0ms     [Fsuperbatch [36m171[0m [[35m83.9[0m% ([36m640[0m/[36m763[0m batches, [36m5678716[0m pos/sec)]
Estimated time to end of superbatch: [36m2.8[0ms     [Fsuperbatch [36m171[0m | time [36m17.6[0ms | running loss [36m0.012359[0m | [36m5682606[0m pos/sec | total time [36m3582.5[0ms
Estimated time remaining in training: [36m1[0mh [36m30[0mm [36m26[0ms
LR dropped to [36m0.00030040002[0m
superbatch [36m172[0m [[35m0.0[0m% ([36m0[0m/[36m763[0m batches, [36m5643640[0m pos/sec)]
Estimated time to end of superbatch: [36minf[0ms     [Fsuperbatch [36m172[0m [[35m16.8[0m% ([36m128[0m/[36m763[0m batches, [36m5688080[0m pos/sec)]
Estimated time to end of superbatch: [36m14.7[0ms     [Fsuperbatch [36m172[0m [[35m33.6[0m% ([36m256[0m/[36m763[0m batches, [36m5673183[0m pos/sec)]
Estimated time to end of superbatch: [36m11.8[0ms     [Fsuperbatch [36m172[0m [[35m50.3[0m% ([36m384[0m/[36m763[0m batches, [36m5678845[0m pos/sec)]
Estimated time to end of superbatch: [36m8.8[0ms     [Fsuperbatch [36m172[0m [[35m67.1[0m% ([36m512[0m/[36m763[0m batches, [36m5685799[0m pos/sec)]
Estimated time to end of superbatch: [36m5.8[0ms     [Fsuperbatch [36m172[0m [[35m83.9[0m% ([36m640[0m/[36m763[0m batches, [36m5685636[0m pos/sec)]
Estimated time to end of superbatch: [36m2.8[0ms     [Fsuperbatch [36m172[0m | time [36m18.0[0ms | running loss [36m0.012493[0m | [36m5566743[0m pos/sec | total time [36m3600.4[0ms
Estimated time remaining in training: [36m1[0mh [36m30[0mm [36m0[0ms
LR dropped to [36m0.00029923956[0m
superbatch [36m173[0m [[35m0.0[0m% ([36m0[0m/[36m763[0m batches, [36m3795314[0m pos/sec)]
Estimated time to end of superbatch: [36minf[0ms     [Fsuperbatch [36m173[0m [[35m16.8[0m% ([36m128[0m/[36m763[0m batches, [36m5083798[0m pos/sec)]
Estimated time to end of superbatch: [36m16.5[0ms     [Fsuperbatch [36m173[0m [[35m33.6[0m% ([36m256[0m/[36m763[0m batches, [36m5046372[0m pos/sec)]
Estimated time to end of superbatch: [36m13.2[0ms     [Fsuperbatch [36m173[0m [[35m50.3[0m% ([36m384[0m/[36m763[0m batches, [36m5036512[0m pos/sec)]
Estimated time to end of superbatch: [36m9.9[0ms     [Fsuperbatch [36m173[0m [[35m67.1[0m% ([36m512[0m/[36m763[0m batches, [36m5019384[0m pos/sec)]
Estimated time to end of superbatch: [36m6.6[0ms     [Fsuperbatch [36m173[0m [[35m83.9[0m% ([36m640[0m/[36m763[0m batches, [36m5031318[0m pos/sec)]
Estimated time to end of superbatch: [36m3.2[0ms     [Fsuperbatch [36m173[0m | time [36m19.9[0ms | running loss [36m0.012427[0m | [36m5030987[0m pos/sec | total time [36m3620.3[0ms
Estimated time remaining in training: [36m1[0mh [36m29[0mm [36m38[0ms
LR dropped to [36m0.0002980791[0m
superbatch [36m174[0m [[35m0.0[0m% ([36m0[0m/[36m763[0m batches, [36m5471842[0m pos/sec)]
Estimated time to end of superbatch: [36minf[0ms     [Fsuperbatch [36m174[0m [[35m16.8[0m% ([36m128[0m/[36m763[0m batches, [36m5050373[0m pos/sec)]
Estimated time to end of superbatch: [36m16.6[0ms     [Fsuperbatch [36m174[0m [[35m33.6[0m% ([36m256[0m/[36m763[0m batches, [36m5015926[0m pos/sec)]
Estimated time to end of superbatch: [36m13.3[0ms     [Fsuperbatch [36m174[0m [[35m50.3[0m% ([36m384[0m/[36m763[0m batches, [36m5045848[0m pos/sec)]
Estimated time to end of superbatch: [36m9.9[0ms     [Fsuperbatch [36m174[0m [[35m67.1[0m% ([36m512[0m/[36m763[0m batches, [36m5049744[0m pos/sec)]
Estimated time to end of superbatch: [36m6.5[0ms     [Fsuperbatch [36m174[0m [[35m83.9[0m% ([36m640[0m/[36m763[0m batches, [36m5043898[0m pos/sec)]
Estimated time to end of superbatch: [36m3.2[0ms     [Fsuperbatch [36m174[0m | time [36m21.0[0ms | running loss [36m0.012521[0m | [36m4768946[0m pos/sec | total time [36m3641.3[0ms
Estimated time remaining in training: [36m1[0mh [36m29[0mm [36m17[0ms
LR dropped to [36m0.00029691862[0m
superbatch [36m175[0m [[35m0.0[0m% ([36m0[0m/[36m763[0m batches, [36m3266443[0m pos/sec)]
Estimated time to end of superbatch: [36minf[0ms     [Fsuperbatch [36m175[0m [[35m16.8[0m% ([36m128[0m/[36m763[0m batches, [36m3876902[0m pos/sec)]
Estimated time to end of superbatch: [36m21.6[0ms     [Fsuperbatch [36m175[0m [[35m33.6[0m% ([36m256[0m/[36m763[0m batches, [36m4386230[0m pos/sec)]
Estimated time to end of superbatch: [36m15.2[0ms     [Fsuperbatch [36m175[0m [[35m50.3[0m% ([36m384[0m/[36m763[0m batches, [36m4534153[0m pos/sec)]
Estimated time to end of superbatch: [36m11.0[0ms     [Fsuperbatch [36m175[0m [[35m67.1[0m% ([36m512[0m/[36m763[0m batches, [36m4640685[0m pos/sec)]
Estimated time to end of superbatch: [36m7.1[0ms     [Fsuperbatch [36m175[0m [[35m83.9[0m% ([36m640[0m/[36m763[0m batches, [36m4555968[0m pos/sec)]
Estimated time to end of superbatch: [36m3.5[0ms     [Fsuperbatch [36m175[0m | time [36m21.7[0ms | running loss [36m0.012461[0m | [36m4612074[0m pos/sec | total time [36m3663.0[0ms
Estimated time remaining in training: [36m1[0mh [36m28[0mm [36m57[0ms
LR dropped to [36m0.00029575816[0m
superbatch [36m176[0m [[35m0.0[0m% ([36m0[0m/[36m763[0m batches, [36m5496566[0m pos/sec)]
Estimated time to end of superbatch: [36minf[0ms     [Fsuperbatch [36m176[0m [[35m16.8[0m% ([36m128[0m/[36m763[0m batches, [36m5021058[0m pos/sec)]
Estimated time to end of superbatch: [36m16.7[0ms     [Fsuperbatch [36m176[0m [[35m33.6[0m% ([36m256[0m/[36m763[0m batches, [36m4947446[0m pos/sec)]
Estimated time to end of superbatch: [36m13.5[0ms     [Fsuperbatch [36m176[0m [[35m50.3[0m% ([36m384[0m/[36m763[0m batches, [36m4955316[0m pos/sec)]
Estimated time to end of superbatch: [36m10.1[0ms     [Fsuperbatch [36m176[0m [[35m67.1[0m% ([36m512[0m/[36m763[0m batches, [36m4966914[0m pos/sec)]
Estimated time to end of superbatch: [36m6.6[0ms     [Fsuperbatch [36m176[0m [[35m83.9[0m% ([36m640[0m/[36m763[0m batches, [36m4948572[0m pos/sec)]
Estimated time to end of superbatch: [36m3.3[0ms     [Fsuperbatch [36m176[0m | time [36m20.4[0ms | running loss [36m0.012581[0m | [36m4897386[0m pos/sec | total time [36m3683.4[0ms
Estimated time remaining in training: [36m1[0mh [36m28[0mm [36m35[0ms
LR dropped to [36m0.0002945977[0m
superbatch [36m177[0m [[35m0.0[0m% ([36m0[0m/[36m763[0m batches, [36m5105212[0m pos/sec)]
Estimated time to end of superbatch: [36minf[0ms     [Fsuperbatch [36m177[0m [[35m16.8[0m% ([36m128[0m/[36m763[0m batches, [36m5020468[0m pos/sec)]
Estimated time to end of superbatch: [36m16.7[0ms     [Fsuperbatch [36m177[0m [[35m33.6[0m% ([36m256[0m/[36m763[0m batches, [36m5048998[0m pos/sec)]
Estimated time to end of superbatch: [36m13.2[0ms     [Fsuperbatch [36m177[0m [[35m50.3[0m% ([36m384[0m/[36m763[0m batches, [36m5006790[0m pos/sec)]
Estimated time to end of superbatch: [36m9.9[0ms     [Fsuperbatch [36m177[0m [[35m67.1[0m% ([36m512[0m/[36m763[0m batches, [36m4925183[0m pos/sec)]
Estimated time to end of superbatch: [36m6.7[0ms     [Fsuperbatch [36m177[0m [[35m83.9[0m% ([36m640[0m/[36m763[0m batches, [36m4939549[0m pos/sec)]
Estimated time to end of superbatch: [36m3.3[0ms     [Fsuperbatch [36m177[0m | time [36m20.2[0ms | running loss [36m0.012514[0m | [36m4960169[0m pos/sec | total time [36m3703.5[0ms
Estimated time remaining in training: [36m1[0mh [36m28[0mm [36m13[0ms
LR dropped to [36m0.00029343722[0m
superbatch [36m178[0m [[35m0.0[0m% ([36m0[0m/[36m763[0m batches, [36m4108272[0m pos/sec)]
Estimated time to end of superbatch: [36minf[0ms     [Fsuperbatch [36m178[0m [[35m16.8[0m% ([36m128[0m/[36m763[0m batches, [36m4973612[0m pos/sec)]
Estimated time to end of superbatch: [36m16.9[0ms     [Fsuperbatch [36m178[0m [[35m33.6[0m% ([36m256[0m/[36m763[0m batches, [36m4949191[0m pos/sec)]
Estimated time to end of superbatch: [36m13.5[0ms     [Fsuperbatch [36m178[0m [[35m50.3[0m% ([36m384[0m/[36m763[0m batches, [36m4845301[0m pos/sec)]
Estimated time to end of superbatch: [36m10.3[0ms     [Fsuperbatch [36m178[0m [[35m67.1[0m% ([36m512[0m/[36m763[0m batches, [36m4891464[0m pos/sec)]
Estimated time to end of superbatch: [36m6.7[0ms     [Fsuperbatch [36m178[0m [[35m83.9[0m% ([36m640[0m/[36m763[0m batches, [36m4887181[0m pos/sec)]
Estimated time to end of superbatch: [36m3.3[0ms     [Fsuperbatch [36m178[0m | time [36m20.4[0ms | running loss [36m0.012566[0m | [36m4895343[0m pos/sec | total time [36m3724.0[0ms
Estimated time remaining in training: [36m1[0mh [36m27[0mm [36m52[0ms
LR dropped to [36m0.00029227676[0m
superbatch [36m179[0m [[35m0.0[0m% ([36m0[0m/[36m763[0m batches, [36m5651502[0m pos/sec)]
Estimated time to end of superbatch: [36minf[0ms     [Fsuperbatch [36m179[0m [[35m16.8[0m% ([36m128[0m/[36m763[0m batches, [36m3637752[0m pos/sec)]
Estimated time to end of superbatch: [36m23.1[0ms     [Fsuperbatch [36m179[0m [[35m33.6[0m% ([36m256[0m/[36m763[0m batches, [36m4160090[0m pos/sec)]
Estimated time to end of superbatch: [36m16.0[0ms     [Fsuperbatch [36m179[0m [[35m50.3[0m% ([36m384[0m/[36m763[0m batches, [36m4416016[0m pos/sec)]
Estimated time to end of superbatch: [36m11.3[0ms     [Fsuperbatch [36m179[0m [[35m67.1[0m% ([36m512[0m/[36m763[0m batches, [36m4502172[0m pos/sec)]
Estimated time to end of superbatch: [36m7.3[0ms     [Fsuperbatch [36m179[0m [[35m83.9[0m% ([36m640[0m/[36m763[0m batches, [36m4596622[0m pos/sec)]
Estimated time to end of superbatch: [36m3.5[0ms     [Fsuperbatch [36m179[0m | time [36m21.4[0ms | running loss [36m0.012540[0m | [36m4670294[0m pos/sec | total time [36m3745.4[0ms
Estimated time remaining in training: [36m1[0mh [36m27[0mm [36m31[0ms
LR dropped to [36m0.0002911163[0m
superbatch [36m180[0m [[35m0.0[0m% ([36m0[0m/[36m763[0m batches, [36m5342277[0m pos/sec)]
Estimated time to end of superbatch: [36minf[0ms     [Fsuperbatch [36m180[0m [[35m16.8[0m% ([36m128[0m/[36m763[0m batches, [36m5056942[0m pos/sec)]
Estimated time to end of superbatch: [36m16.6[0ms     [Fsuperbatch [36m180[0m [[35m33.6[0m% ([36m256[0m/[36m763[0m batches, [36m4724964[0m pos/sec)]
Estimated time to end of superbatch: [36m14.1[0ms     [Fsuperbatch [36m180[0m [[35m50.3[0m% ([36m384[0m/[36m763[0m batches, [36m4804336[0m pos/sec)]
Estimated time to end of superbatch: [36m10.4[0ms     [Fsuperbatch [36m180[0m [[35m67.1[0m% ([36m512[0m/[36m763[0m batches, [36m4865422[0m pos/sec)]
Estimated time to end of superbatch: [36m6.8[0ms     [Fsuperbatch [36m180[0m [[35m83.9[0m% ([36m640[0m/[36m763[0m batches, [36m4896844[0m pos/sec)]
Estimated time to end of superbatch: [36m3.3[0ms     [Fsuperbatch [36m180[0m | time [36m20.5[0ms | running loss [36m0.012596[0m | [36m4867172[0m pos/sec | total time [36m3765.9[0ms
Estimated time remaining in training: [36m1[0mh [36m27[0mm [36m10[0ms
Saved [anna-v3c-s1-180]
LR dropped to [36m0.00028995582[0m
superbatch [36m181[0m [[35m0.0[0m% ([36m0[0m/[36m763[0m batches, [36m5581189[0m pos/sec)]
Estimated time to end of superbatch: [36minf[0ms     [Fsuperbatch [36m181[0m [[35m16.8[0m% ([36m128[0m/[36m763[0m batches, [36m5617942[0m pos/sec)]
Estimated time to end of superbatch: [36m14.9[0ms     [Fsuperbatch [36m181[0m [[35m33.6[0m% ([36m256[0m/[36m763[0m batches, [36m5513770[0m pos/sec)]
Estimated time to end of superbatch: [36m12.1[0ms     [Fsuperbatch [36m181[0m [[35m50.3[0m% ([36m384[0m/[36m763[0m batches, [36m5531713[0m pos/sec)]
Estimated time to end of superbatch: [36m9.0[0ms     [Fsuperbatch [36m181[0m [[35m67.1[0m% ([36m512[0m/[36m763[0m batches, [36m5396955[0m pos/sec)]
Estimated time to end of superbatch: [36m6.1[0ms     [Fsuperbatch [36m181[0m [[35m83.9[0m% ([36m640[0m/[36m763[0m batches, [36m5266807[0m pos/sec)]
Estimated time to end of superbatch: [36m3.1[0ms     [Fsuperbatch [36m181[0m | time [36m19.2[0ms | running loss [36m0.012582[0m | [36m5222328[0m pos/sec | total time [36m3787.8[0ms
Estimated time remaining in training: [36m1[0mh [36m26[0mm [36m50[0ms
LR dropped to [36m0.0002887954[0m
superbatch [36m182[0m [[35m0.0[0m% ([36m0[0m/[36m763[0m batches, [36m5299433[0m pos/sec)]
Estimated time to end of superbatch: [36minf[0ms     [Fsuperbatch [36m182[0m [[35m16.8[0m% ([36m128[0m/[36m763[0m batches, [36m5046544[0m pos/sec)]
Estimated time to end of superbatch: [36m16.6[0ms     [Fsuperbatch [36m182[0m [[35m33.6[0m% ([36m256[0m/[36m763[0m batches, [36m4834274[0m pos/sec)]
Estimated time to end of superbatch: [36m13.8[0ms     [Fsuperbatch [36m182[0m [[35m50.3[0m% ([36m384[0m/[36m763[0m batches, [36m4830961[0m pos/sec)]
Estimated time to end of superbatch: [36m10.3[0ms     [Fsuperbatch [36m182[0m [[35m67.1[0m% ([36m512[0m/[36m763[0m batches, [36m4891598[0m pos/sec)]
Estimated time to end of superbatch: [36m6.7[0ms     [Fsuperbatch [36m182[0m [[35m83.9[0m% ([36m640[0m/[36m763[0m batches, [36m4925606[0m pos/sec)]
Estimated time to end of superbatch: [36m3.3[0ms     [Fsuperbatch [36m182[0m | time [36m20.4[0ms | running loss [36m0.012626[0m | [36m4906415[0m pos/sec | total time [36m3808.2[0ms
Estimated time remaining in training: [36m1[0mh [36m26[0mm [36m29[0ms
LR dropped to [36m0.0002876349[0m
superbatch [36m183[0m [[35m0.0[0m% ([36m0[0m/[36m763[0m batches, [36m4692790[0m pos/sec)]
Estimated time to end of superbatch: [36minf[0ms     [Fsuperbatch [36m183[0m [[35m16.8[0m% ([36m128[0m/[36m763[0m batches, [36m4992556[0m pos/sec)]
Estimated time to end of superbatch: [36m16.8[0ms     [Fsuperbatch [36m183[0m [[35m33.6[0m% ([36m256[0m/[36m763[0m batches, [36m5003115[0m pos/sec)]
Estimated time to end of superbatch: [36m13.3[0ms     [Fsuperbatch [36m183[0m [[35m50.3[0m% ([36m384[0m/[36m763[0m batches, [36m5019312[0m pos/sec)]
Estimated time to end of superbatch: [36m9.9[0ms     [Fsuperbatch [36m183[0m [[35m67.1[0m% ([36m512[0m/[36m763[0m batches, [36m4976821[0m pos/sec)]
Estimated time to end of superbatch: [36m6.6[0ms     [Fsuperbatch [36m183[0m [[35m83.9[0m% ([36m640[0m/[36m763[0m batches, [36m4974456[0m pos/sec)]
Estimated time to end of superbatch: [36m3.2[0ms     [Fsuperbatch [36m183[0m | time [36m20.1[0ms | running loss [36m0.012638[0m | [36m4978180[0m pos/sec | total time [36m3828.3[0ms
Estimated time remaining in training: [36m1[0mh [36m26[0mm [36m7[0ms
LR dropped to [36m0.00028647442[0m
superbatch [36m184[0m [[35m0.0[0m% ([36m0[0m/[36m763[0m batches, [36m5666643[0m pos/sec)]
Estimated time to end of superbatch: [36minf[0ms     [Fsuperbatch [36m184[0m [[35m16.8[0m% ([36m128[0m/[36m763[0m batches, [36m5073093[0m pos/sec)]
Estimated time to end of superbatch: [36m16.5[0ms     [Fsuperbatch [36m184[0m [[35m33.6[0m% ([36m256[0m/[36m763[0m batches, [36m4964408[0m pos/sec)]
Estimated time to end of superbatch: [36m13.4[0ms     [Fsuperbatch [36m184[0m [[35m50.3[0m% ([36m384[0m/[36m763[0m batches, [36m4957368[0m pos/sec)]
Estimated time to end of superbatch: [36m10.0[0ms     [Fsuperbatch [36m184[0m [[35m67.1[0m% ([36m512[0m/[36m763[0m batches, [36m4962766[0m pos/sec)]
Estimated time to end of superbatch: [36m6.6[0ms     [Fsuperbatch [36m184[0m [[35m83.9[0m% ([36m640[0m/[36m763[0m batches, [36m4969594[0m pos/sec)]
Estimated time to end of superbatch: [36m3.2[0ms     [Fsuperbatch [36m184[0m | time [36m20.4[0ms | running loss [36m0.012668[0m | [36m4896988[0m pos/sec | total time [36m3848.7[0ms
Estimated time remaining in training: [36m1[0mh [36m25[0mm [36m45[0ms
LR dropped to [36m0.000285314[0m
superbatch [36m185[0m [[35m0.0[0m% ([36m0[0m/[36m763[0m batches, [36m4323164[0m pos/sec)]
Estimated time to end of superbatch: [36minf[0ms     [Fsuperbatch [36m185[0m [[35m16.8[0m% ([36m128[0m/[36m763[0m batches, [36m4646974[0m pos/sec)]
Estimated time to end of superbatch: [36m18.1[0ms     [Fsuperbatch [36m185[0m [[35m33.6[0m% ([36m256[0m/[36m763[0m batches, [36m4794146[0m pos/sec)]
Estimated time to end of superbatch: [36m13.9[0ms     [Fsuperbatch [36m185[0m [[35m50.3[0m% ([36m384[0m/[36m763[0m batches, [36m4839883[0m pos/sec)]
Estimated time to end of superbatch: [36m10.3[0ms     [Fsuperbatch [36m185[0m [[35m67.1[0m% ([36m512[0m/[36m763[0m batches, [36m4749696[0m pos/sec)]
Estimated time to end of superbatch: [36m6.9[0ms     [Fsuperbatch [36m185[0m [[35m83.9[0m% ([36m640[0m/[36m763[0m batches, [36m4717942[0m pos/sec)]
Estimated time to end of superbatch: [36m3.4[0ms     [Fsuperbatch [36m185[0m | time [36m21.1[0ms | running loss [36m0.012702[0m | [36m4731640[0m pos/sec | total time [36m3869.9[0ms
Estimated time remaining in training: [36m1[0mh [36m25[0mm [36m24[0ms
LR dropped to [36m0.0002841535[0m
superbatch [36m186[0m [[35m0.0[0m% ([36m0[0m/[36m763[0m batches, [36m4971835[0m pos/sec)]
Estimated time to end of superbatch: [36minf[0ms     [Fsuperbatch [36m186[0m [[35m16.8[0m% ([36m128[0m/[36m763[0m batches, [36m5096951[0m pos/sec)]
Estimated time to end of superbatch: [36m16.5[0ms     [Fsuperbatch [36m186[0m [[35m33.6[0m% ([36m256[0m/[36m763[0m batches, [36m4956024[0m pos/sec)]
Estimated time to end of superbatch: [36m13.5[0ms     [Fsuperbatch [36m186[0m [[35m50.3[0m% ([36m384[0m/[36m763[0m batches, [36m4953502[0m pos/sec)]
Estimated time to end of superbatch: [36m10.1[0ms     [Fsuperbatch [36m186[0m [[35m67.1[0m% ([36m512[0m/[36m763[0m batches, [36m4982050[0m pos/sec)]
Estimated time to end of superbatch: [36m6.6[0ms     [Fsuperbatch [36m186[0m [[35m83.9[0m% ([36m640[0m/[36m763[0m batches, [36m4969045[0m pos/sec)]
Estimated time to end of superbatch: [36m3.2[0ms     [Fsuperbatch [36m186[0m | time [36m20.8[0ms | running loss [36m0.012686[0m | [36m4814220[0m pos/sec | total time [36m3890.6[0ms
Estimated time remaining in training: [36m1[0mh [36m25[0mm [36m3[0ms
LR dropped to [36m0.00028299305[0m
superbatch [36m187[0m [[35m0.0[0m% ([36m0[0m/[36m763[0m batches, [36m3318167[0m pos/sec)]
Estimated time to end of superbatch: [36minf[0ms     [Fsuperbatch [36m187[0m [[35m16.8[0m% ([36m128[0m/[36m763[0m batches, [36m4196366[0m pos/sec)]
Estimated time to end of superbatch: [36m20.0[0ms     [Fsuperbatch [36m187[0m [[35m33.6[0m% ([36m256[0m/[36m763[0m batches, [36m4398894[0m pos/sec)]
Estimated time to end of superbatch: [36m15.2[0ms     [Fsuperbatch [36m187[0m [[35m50.3[0m% ([36m384[0m/[36m763[0m batches, [36m4549305[0m pos/sec)]
Estimated time to end of superbatch: [36m10.9[0ms     [Fsuperbatch [36m187[0m [[35m67.1[0m% ([36m512[0m/[36m763[0m batches, [36m4461722[0m pos/sec)]
Estimated time to end of superbatch: [36m7.4[0ms     [Fsuperbatch [36m187[0m [[35m83.9[0m% ([36m640[0m/[36m763[0m batches, [36m4475966[0m pos/sec)]
Estimated time to end of superbatch: [36m3.6[0ms     [Fsuperbatch [36m187[0m | time [36m21.9[0ms | running loss [36m0.012748[0m | [36m4564789[0m pos/sec | total time [36m3912.6[0ms
Estimated time remaining in training: [36m1[0mh [36m24[0mm [36m44[0ms
LR dropped to [36m0.0002818326[0m
superbatch [36m188[0m [[35m0.0[0m% ([36m0[0m/[36m763[0m batches, [36m5049837[0m pos/sec)]
Estimated time to end of superbatch: [36minf[0ms     [Fsuperbatch [36m188[0m [[35m16.8[0m% ([36m128[0m/[36m763[0m batches, [36m5051116[0m pos/sec)]
Estimated time to end of superbatch: [36m16.6[0ms     [Fsuperbatch [36m188[0m [[35m33.6[0m% ([36m256[0m/[36m763[0m batches, [36m4598614[0m pos/sec)]
Estimated time to end of superbatch: [36m14.5[0ms     [Fsuperbatch [36m188[0m [[35m50.3[0m% ([36m384[0m/[36m763[0m batches, [36m4469396[0m pos/sec)]
Estimated time to end of superbatch: [36m11.1[0ms     [Fsuperbatch [36m188[0m [[35m67.1[0m% ([36m512[0m/[36m763[0m batches, [36m4483948[0m pos/sec)]
Estimated time to end of superbatch: [36m7.4[0ms     [Fsuperbatch [36m188[0m [[35m83.9[0m% ([36m640[0m/[36m763[0m batches, [36m4496288[0m pos/sec)]
Estimated time to end of superbatch: [36m3.6[0ms     [Fsuperbatch [36m188[0m | time [36m22.3[0ms | running loss [36m0.012741[0m | [36m4485452[0m pos/sec | total time [36m3934.8[0ms
Estimated time remaining in training: [36m1[0mh [36m24[0mm [36m25[0ms
LR dropped to [36m0.0002806721[0m
superbatch [36m189[0m [[35m0.0[0m% ([36m0[0m/[36m763[0m batches, [36m4373876[0m pos/sec)]
Estimated time to end of superbatch: [36minf[0ms     [Fsuperbatch [36m189[0m [[35m16.8[0m% ([36m128[0m/[36m763[0m batches, [36m4735642[0m pos/sec)]
Estimated time to end of superbatch: [36m17.7[0ms     [Fsuperbatch [36m189[0m [[35m33.6[0m% ([36m256[0m/[36m763[0m batches, [36m4853790[0m pos/sec)]
Estimated time to end of superbatch: [36m13.7[0ms     [Fsuperbatch [36m189[0m [[35m50.3[0m% ([36m384[0m/[36m763[0m batches, [36m4886582[0m pos/sec)]
Estimated time to end of superbatch: [36m10.2[0ms     [Fsuperbatch [36m189[0m [[35m67.1[0m% ([36m512[0m/[36m763[0m batches, [36m4805716[0m pos/sec)]
Estimated time to end of superbatch: [36m6.9[0ms     [Fsuperbatch [36m189[0m [[35m83.9[0m% ([36m640[0m/[36m763[0m batches, [36m4804729[0m pos/sec)]
Estimated time to end of superbatch: [36m3.4[0ms     [Fsuperbatch [36m189[0m | time [36m20.7[0ms | running loss [36m0.012817[0m | [36m4835091[0m pos/sec | total time [36m3955.5[0ms
Estimated time remaining in training: [36m1[0mh [36m24[0mm [36m3[0ms
LR dropped to [36m0.00027951165[0m
superbatch [36m190[0m [[35m0.0[0m% ([36m0[0m/[36m763[0m batches, [36m5330999[0m pos/sec)]
Estimated time to end of superbatch: [36minf[0ms     [Fsuperbatch [36m190[0m [[35m16.8[0m% ([36m128[0m/[36m763[0m batches, [36m5043601[0m pos/sec)]
Estimated time to end of superbatch: [36m16.6[0ms     [Fsuperbatch [36m190[0m [[35m33.6[0m% ([36m256[0m/[36m763[0m batches, [36m4832168[0m pos/sec)]
Estimated time to end of superbatch: [36m13.8[0ms     [Fsuperbatch [36m190[0m [[35m50.3[0m% ([36m384[0m/[36m763[0m batches, [36m4849259[0m pos/sec)]
Estimated time to end of superbatch: [36m10.3[0ms     [Fsuperbatch [36m190[0m [[35m67.1[0m% ([36m512[0m/[36m763[0m batches, [36m4901775[0m pos/sec)]
Estimated time to end of superbatch: [36m6.7[0ms     [Fsuperbatch [36m190[0m [[35m83.9[0m% ([36m640[0m/[36m763[0m batches, [36m4918377[0m pos/sec)]
Estimated time to end of superbatch: [36m3.3[0ms     [Fsuperbatch [36m190[0m | time [36m20.4[0ms | running loss [36m0.012775[0m | [36m4898066[0m pos/sec | total time [36m3975.9[0ms
Estimated time remaining in training: [36m1[0mh [36m23[0mm [36m42[0ms
Saved [anna-v3c-s1-190]
LR dropped to [36m0.0002783512[0m
superbatch [36m191[0m [[35m0.0[0m% ([36m0[0m/[36m763[0m batches, [36m5341958[0m pos/sec)]
Estimated time to end of superbatch: [36minf[0ms     [Fsuperbatch [36m191[0m [[35m16.8[0m% ([36m128[0m/[36m763[0m batches, [36m5367362[0m pos/sec)]
Estimated time to end of superbatch: [36m15.6[0ms     [Fsuperbatch [36m191[0m [[35m33.6[0m% ([36m256[0m/[36m763[0m batches, [36m5393581[0m pos/sec)]
Estimated time to end of superbatch: [36m12.4[0ms     [Fsuperbatch [36m191[0m [[35m50.3[0m% ([36m384[0m/[36m763[0m batches, [36m5323288[0m pos/sec)]
Estimated time to end of superbatch: [36m9.4[0ms     [Fsuperbatch [36m191[0m [[35m67.1[0m% ([36m512[0m/[36m763[0m batches, [36m5049630[0m pos/sec)]
Estimated time to end of superbatch: [36m6.5[0ms     [Fsuperbatch [36m191[0m [[35m83.9[0m% ([36m640[0m/[36m763[0m batches, [36m4879444[0m pos/sec)]
Estimated time to end of superbatch: [36m3.3[0ms     [Fsuperbatch [36m191[0m | time [36m20.6[0ms | running loss [36m0.012861[0m | [36m4846156[0m pos/sec | total time [36m3999.3[0ms
Estimated time remaining in training: [36m1[0mh [36m23[0mm [36m24[0ms
LR dropped to [36m0.0002771907[0m
superbatch [36m192[0m [[35m0.0[0m% ([36m0[0m/[36m763[0m batches, [36m5020874[0m pos/sec)]
Estimated time to end of superbatch: [36minf[0ms     [Fsuperbatch [36m192[0m [[35m16.8[0m% ([36m128[0m/[36m763[0m batches, [36m4824891[0m pos/sec)]
Estimated time to end of superbatch: [36m17.4[0ms     [Fsuperbatch [36m192[0m [[35m33.6[0m% ([36m256[0m/[36m763[0m batches, [36m4568142[0m pos/sec)]
Estimated time to end of superbatch: [36m14.6[0ms     [Fsuperbatch [36m192[0m [[35m50.3[0m% ([36m384[0m/[36m763[0m batches, [36m4497398[0m pos/sec)]
Estimated time to end of superbatch: [36m11.1[0ms     [Fsuperbatch [36m192[0m [[35m67.1[0m% ([36m512[0m/[36m763[0m batches, [36m4611694[0m pos/sec)]
Estimated time to end of superbatch: [36m7.1[0ms     [Fsuperbatch [36m192[0m [[35m83.9[0m% ([36m640[0m/[36m763[0m batches, [36m4646282[0m pos/sec)]
Estimated time to end of superbatch: [36m3.5[0ms     [Fsuperbatch [36m192[0m | time [36m21.7[0ms | running loss [36m0.012819[0m | [36m4611408[0m pos/sec | total time [36m4021.0[0ms
Estimated time remaining in training: [36m1[0mh [36m23[0mm [36m4[0ms
LR dropped to [36m0.00027603025[0m
superbatch [36m193[0m [[35m0.0[0m% ([36m0[0m/[36m763[0m batches, [36m4824860[0m pos/sec)]
Estimated time to end of superbatch: [36minf[0ms     [Fsuperbatch [36m193[0m [[35m16.8[0m% ([36m128[0m/[36m763[0m batches, [36m4808940[0m pos/sec)]
Estimated time to end of superbatch: [36m17.4[0ms     [Fsuperbatch [36m193[0m [[35m33.6[0m% ([36m256[0m/[36m763[0m batches, [36m4916835[0m pos/sec)]
Estimated time to end of superbatch: [36m13.6[0ms     [Fsuperbatch [36m193[0m [[35m50.3[0m% ([36m384[0m/[36m763[0m batches, [36m4954051[0m pos/sec)]
Estimated time to end of superbatch: [36m10.1[0ms     [Fsuperbatch [36m193[0m [[35m67.1[0m% ([36m512[0m/[36m763[0m batches, [36m4954384[0m pos/sec)]
Estimated time to end of superbatch: [36m6.7[0ms     [Fsuperbatch [36m193[0m [[35m83.9[0m% ([36m640[0m/[36m763[0m batches, [36m4939940[0m pos/sec)]
Estimated time to end of superbatch: [36m3.3[0ms     [Fsuperbatch [36m193[0m | time [36m20.2[0ms | running loss [36m0.012931[0m | [36m4947544[0m pos/sec | total time [36m4041.2[0ms
Estimated time remaining in training: [36m1[0mh [36m22[0mm [36m42[0ms
LR dropped to [36m0.0002748698[0m
superbatch [36m194[0m [[35m0.0[0m% ([36m0[0m/[36m763[0m batches, [36m5686220[0m pos/sec)]
Estimated time to end of superbatch: [36minf[0ms     [Fsuperbatch [36m194[0m [[35m16.8[0m% ([36m128[0m/[36m763[0m batches, [36m5027466[0m pos/sec)]
Estimated time to end of superbatch: [36m16.7[0ms     [Fsuperbatch [36m194[0m [[35m33.6[0m% ([36m256[0m/[36m763[0m batches, [36m4972784[0m pos/sec)]
Estimated time to end of superbatch: [36m13.4[0ms     [Fsuperbatch [36m194[0m [[35m50.3[0m% ([36m384[0m/[36m763[0m batches, [36m4950420[0m pos/sec)]
Estimated time to end of superbatch: [36m10.1[0ms     [Fsuperbatch [36m194[0m [[35m67.1[0m% ([36m512[0m/[36m763[0m batches, [36m4954423[0m pos/sec)]
Estimated time to end of superbatch: [36m6.7[0ms     [Fsuperbatch [36m194[0m [[35m83.9[0m% ([36m640[0m/[36m763[0m batches, [36m4933872[0m pos/sec)]
Estimated time to end of superbatch: [36m3.3[0ms     [Fsuperbatch [36m194[0m | time [36m20.4[0ms | running loss [36m0.012850[0m | [36m4903771[0m pos/sec | total time [36m4061.6[0ms
Estimated time remaining in training: [36m1[0mh [36m22[0mm [36m20[0ms
LR dropped to [36m0.0002737093[0m
superbatch [36m195[0m [[35m0.0[0m% ([36m0[0m/[36m763[0m batches, [36m4361202[0m pos/sec)]
Estimated time to end of superbatch: [36minf[0ms     [Fsuperbatch [36m195[0m [[35m16.8[0m% ([36m128[0m/[36m763[0m batches, [36m4606706[0m pos/sec)]
Estimated time to end of superbatch: [36m18.2[0ms     [Fsuperbatch [36m195[0m [[35m33.6[0m% ([36m256[0m/[36m763[0m batches, [36m4713602[0m pos/sec)]
Estimated time to end of superbatch: [36m14.2[0ms     [Fsuperbatch [36m195[0m [[35m50.3[0m% ([36m384[0m/[36m763[0m batches, [36m4771876[0m pos/sec)]
Estimated time to end of superbatch: [36m10.4[0ms     [Fsuperbatch [36m195[0m [[35m67.1[0m% ([36m512[0m/[36m763[0m batches, [36m4781081[0m pos/sec)]
Estimated time to end of superbatch: [36m6.9[0ms     [Fsuperbatch [36m195[0m [[35m83.9[0m% ([36m640[0m/[36m763[0m batches, [36m4741540[0m pos/sec)]
Estimated time to end of superbatch: [36m3.4[0ms     [Fsuperbatch [36m195[0m | time [36m20.9[0ms | running loss [36m0.012987[0m | [36m4781596[0m pos/sec | total time [36m4082.5[0ms
Estimated time remaining in training: [36m1[0mh [36m21[0mm [36m59[0ms
LR dropped to [36m0.00027254887[0m
superbatch [36m196[0m [[35m0.0[0m% ([36m0[0m/[36m763[0m batches, [36m5053290[0m pos/sec)]
Estimated time to end of superbatch: [36minf[0ms     [Fsuperbatch [36m196[0m [[35m16.8[0m% ([36m128[0m/[36m763[0m batches, [36m5107059[0m pos/sec)]
Estimated time to end of superbatch: [36m16.4[0ms     [Fsuperbatch [36m196[0m [[35m33.6[0m% ([36m256[0m/[36m763[0m batches, [36m5007206[0m pos/sec)]
Estimated time to end of superbatch: [36m13.3[0ms     [Fsuperbatch [36m196[0m [[35m50.3[0m% ([36m384[0m/[36m763[0m batches, [36m4921414[0m pos/sec)]
Estimated time to end of superbatch: [36m10.1[0ms     [Fsuperbatch [36m196[0m [[35m67.1[0m% ([36m512[0m/[36m763[0m batches, [36m4982024[0m pos/sec)]
Estimated time to end of superbatch: [36m6.6[0ms     [Fsuperbatch [36m196[0m [[35m83.9[0m% ([36m640[0m/[36m763[0m batches, [36m5011233[0m pos/sec)]
Estimated time to end of superbatch: [36m3.2[0ms     [Fsuperbatch [36m196[0m | time [36m20.1[0ms | running loss [36m0.012895[0m | [36m4983502[0m pos/sec | total time [36m4102.6[0ms
Estimated time remaining in training: [36m1[0mh [36m21[0mm [36m37[0ms
LR dropped to [36m0.0002713884[0m
superbatch [36m197[0m [[35m0.0[0m% ([36m0[0m/[36m763[0m batches, [36m4664744[0m pos/sec)]
Estimated time to end of superbatch: [36minf[0ms     [Fsuperbatch [36m197[0m [[35m16.8[0m% ([36m128[0m/[36m763[0m batches, [36m4594896[0m pos/sec)]
Estimated time to end of superbatch: [36m18.3[0ms     [Fsuperbatch [36m197[0m [[35m33.6[0m% ([36m256[0m/[36m763[0m batches, [36m4807173[0m pos/sec)]
Estimated time to end of superbatch: [36m13.9[0ms     [Fsuperbatch [36m197[0m [[35m50.3[0m% ([36m384[0m/[36m763[0m batches, [36m4865026[0m pos/sec)]
Estimated time to end of superbatch: [36m10.2[0ms     [Fsuperbatch [36m197[0m [[35m67.1[0m% ([36m512[0m/[36m763[0m batches, [36m4879460[0m pos/sec)]
Estimated time to end of superbatch: [36m6.8[0ms     [Fsuperbatch [36m197[0m [[35m83.9[0m% ([36m640[0m/[36m763[0m batches, [36m4873730[0m pos/sec)]
Estimated time to end of superbatch: [36m3.3[0ms     [Fsuperbatch [36m197[0m | time [36m20.4[0ms | running loss [36m0.013051[0m | [36m4898518[0m pos/sec | total time [36m4123.0[0ms
Estimated time remaining in training: [36m1[0mh [36m21[0mm [36m16[0ms
LR dropped to [36m0.00027022793[0m
superbatch [36m198[0m [[35m0.0[0m% ([36m0[0m/[36m763[0m batches, [36m5468968[0m pos/sec)]
Estimated time to end of superbatch: [36minf[0ms     [Fsuperbatch [36m198[0m [[35m16.8[0m% ([36m128[0m/[36m763[0m batches, [36m5050008[0m pos/sec)]
Estimated time to end of superbatch: [36m16.6[0ms     [Fsuperbatch [36m198[0m [[35m33.6[0m% ([36m256[0m/[36m763[0m batches, [36m5025145[0m pos/sec)]
Estimated time to end of superbatch: [36m13.3[0ms     [Fsuperbatch [36m198[0m [[35m50.3[0m% ([36m384[0m/[36m763[0m batches, [36m5013006[0m pos/sec)]
Estimated time to end of superbatch: [36m9.9[0ms     [Fsuperbatch [36m198[0m [[35m67.1[0m% ([36m512[0m/[36m763[0m batches, [36m5017222[0m pos/sec)]
Estimated time to end of superbatch: [36m6.6[0ms     [Fsuperbatch [36m198[0m [[35m83.9[0m% ([36m640[0m/[36m763[0m batches, [36m5012670[0m pos/sec)]
Estimated time to end of superbatch: [36m3.2[0ms     [Fsuperbatch [36m198[0m | time [36m20.0[0ms | running loss [36m0.012966[0m | [36m4997818[0m pos/sec | total time [36m4143.0[0ms
Estimated time remaining in training: [36m1[0mh [36m20[0mm [36m54[0ms
LR dropped to [36m0.00026906747[0m
superbatch [36m199[0m [[35m0.0[0m% ([36m0[0m/[36m763[0m batches, [36m4974506[0m pos/sec)]
Estimated time to end of superbatch: [36minf[0ms     [Fsuperbatch [36m199[0m [[35m16.8[0m% ([36m128[0m/[36m763[0m batches, [36m4620002[0m pos/sec)]
Estimated time to end of superbatch: [36m18.2[0ms     [Fsuperbatch [36m199[0m [[35m33.6[0m% ([36m256[0m/[36m763[0m batches, [36m4850011[0m pos/sec)]
Estimated time to end of superbatch: [36m13.8[0ms     [Fsuperbatch [36m199[0m [[35m50.3[0m% ([36m384[0m/[36m763[0m batches, [36m4944844[0m pos/sec)]
Estimated time to end of superbatch: [36m10.1[0ms     [Fsuperbatch [36m199[0m [[35m67.1[0m% ([36m512[0m/[36m763[0m batches, [36m4876928[0m pos/sec)]
Estimated time to end of superbatch: [36m6.8[0ms     [Fsuperbatch [36m199[0m [[35m83.9[0m% ([36m640[0m/[36m763[0m batches, [36m4749170[0m pos/sec)]
Estimated time to end of superbatch: [36m3.4[0ms     [Fsuperbatch [36m199[0m | time [36m21.2[0ms | running loss [36m0.013159[0m | [36m4711103[0m pos/sec | total time [36m4164.2[0ms
Estimated time remaining in training: [36m1[0mh [36m20[0mm [36m33[0ms
LR dropped to [36m0.000267907[0m
superbatch [36m200[0m [[35m0.0[0m% ([36m0[0m/[36m763[0m batches, [36m5271996[0m pos/sec)]
Estimated time to end of superbatch: [36minf[0ms     [Fsuperbatch [36m200[0m [[35m16.8[0m% ([36m128[0m/[36m763[0m batches, [36m4704088[0m pos/sec)]
Estimated time to end of superbatch: [36m17.8[0ms     [Fsuperbatch [36m200[0m [[35m33.6[0m% ([36m256[0m/[36m763[0m batches, [36m4662458[0m pos/sec)]
Estimated time to end of superbatch: [36m14.3[0ms     [Fsuperbatch [36m200[0m [[35m50.3[0m% ([36m384[0m/[36m763[0m batches, [36m4463213[0m pos/sec)]
Estimated time to end of superbatch: [36m11.2[0ms     [Fsuperbatch [36m200[0m [[35m67.1[0m% ([36m512[0m/[36m763[0m batches, [36m4541278[0m pos/sec)]
Estimated time to end of superbatch: [36m7.3[0ms     [Fsuperbatch [36m200[0m [[35m83.9[0m% ([36m640[0m/[36m763[0m batches, [36m4606026[0m pos/sec)]
Estimated time to end of superbatch: [36m3.5[0ms     [Fsuperbatch [36m200[0m | time [36m21.7[0ms | running loss [36m0.013033[0m | [36m4617328[0m pos/sec | total time [36m4185.9[0ms
Estimated time remaining in training: [36m1[0mh [36m20[0mm [36m13[0ms
Saved [anna-v3c-s1-200]
LR dropped to [36m0.00026674653[0m
superbatch [36m201[0m [[35m0.0[0m% ([36m0[0m/[36m763[0m batches, [36m5069768[0m pos/sec)]
Estimated time to end of superbatch: [36minf[0ms     [Fsuperbatch [36m201[0m [[35m16.8[0m% ([36m128[0m/[36m763[0m batches, [36m5573239[0m pos/sec)]
Estimated time to end of superbatch: [36m15.1[0ms     [Fsuperbatch [36m201[0m [[35m33.6[0m% ([36m256[0m/[36m763[0m batches, [36m5586683[0m pos/sec)]
Estimated time to end of superbatch: [36m11.9[0ms     [Fsuperbatch [36m201[0m [[35m50.3[0m% ([36m384[0m/[36m763[0m batches, [36m5584502[0m pos/sec)]
Estimated time to end of superbatch: [36m8.9[0ms     [Fsuperbatch [36m201[0m [[35m67.1[0m% ([36m512[0m/[36m763[0m batches, [36m5588360[0m pos/sec)]
Estimated time to end of superbatch: [36m5.9[0ms     [Fsuperbatch [36m201[0m [[35m83.9[0m% ([36m640[0m/[36m763[0m batches, [36m5464278[0m pos/sec)]
Estimated time to end of superbatch: [36m3.0[0ms     [Fsuperbatch [36m201[0m | time [36m18.5[0ms | running loss [36m0.013210[0m | [36m5391432[0m pos/sec | total time [36m4207.2[0ms
Estimated time remaining in training: [36m1[0mh [36m19[0mm [36m53[0ms
LR dropped to [36m0.00026558607[0m
superbatch [36m202[0m [[35m0.0[0m% ([36m0[0m/[36m763[0m batches, [36m5424379[0m pos/sec)]
Estimated time to end of superbatch: [36minf[0ms     [Fsuperbatch [36m202[0m [[35m16.8[0m% ([36m128[0m/[36m763[0m batches, [36m5036794[0m pos/sec)]
Estimated time to end of superbatch: [36m16.7[0ms     [Fsuperbatch [36m202[0m [[35m33.6[0m% ([36m256[0m/[36m763[0m batches, [36m5007428[0m pos/sec)]
Estimated time to end of superbatch: [36m13.3[0ms     [Fsuperbatch [36m202[0m [[35m50.3[0m% ([36m384[0m/[36m763[0m batches, [36m4960313[0m pos/sec)]
Estimated time to end of superbatch: [36m10.0[0ms     [Fsuperbatch [36m202[0m [[35m67.1[0m% ([36m512[0m/[36m763[0m batches, [36m4955050[0m pos/sec)]
Estimated time to end of superbatch: [36m6.7[0ms     [Fsuperbatch [36m202[0m [[35m83.9[0m% ([36m640[0m/[36m763[0m batches, [36m4954823[0m pos/sec)]
Estimated time to end of superbatch: [36m3.3[0ms     [Fsuperbatch [36m202[0m | time [36m20.2[0ms | running loss [36m0.013040[0m | [36m4958769[0m pos/sec | total time [36m4227.4[0ms
Estimated time remaining in training: [36m1[0mh [36m19[0mm [36m31[0ms
LR dropped to [36m0.0002644256[0m
superbatch [36m203[0m [[35m0.0[0m% ([36m0[0m/[36m763[0m batches, [36m4793735[0m pos/sec)]
Estimated time to end of superbatch: [36minf[0ms     [Fsuperbatch [36m203[0m [[35m16.8[0m% ([36m128[0m/[36m763[0m batches, [36m4572006[0m pos/sec)]
Estimated time to end of superbatch: [36m18.3[0ms     [Fsuperbatch [36m203[0m [[35m33.6[0m% ([36m256[0m/[36m763[0m batches, [36m4742918[0m pos/sec)]
Estimated time to end of superbatch: [36m14.1[0ms     [Fsuperbatch [36m203[0m [[35m50.3[0m% ([36m384[0m/[36m763[0m batches, [36m4804649[0m pos/sec)]
Estimated time to end of superbatch: [36m10.4[0ms     [Fsuperbatch [36m203[0m [[35m67.1[0m% ([36m512[0m/[36m763[0m batches, [36m4805333[0m pos/sec)]
Estimated time to end of superbatch: [36m6.9[0ms     [Fsuperbatch [36m203[0m [[35m83.9[0m% ([36m640[0m/[36m763[0m batches, [36m4732877[0m pos/sec)]
Estimated time to end of superbatch: [36m3.4[0ms     [Fsuperbatch [36m203[0m | time [36m20.9[0ms | running loss [36m0.013249[0m | [36m4779908[0m pos/sec | total time [36m4248.3[0ms
Estimated time remaining in training: [36m1[0mh [36m19[0mm [36m10[0ms
LR dropped to [36m0.00026326513[0m
superbatch [36m204[0m [[35m0.0[0m% ([36m0[0m/[36m763[0m batches, [36m5625477[0m pos/sec)]
Estimated time to end of superbatch: [36minf[0ms     [Fsuperbatch [36m204[0m [[35m16.8[0m% ([36m128[0m/[36m763[0m batches, [36m5053420[0m pos/sec)]
Estimated time to end of superbatch: [36m16.6[0ms     [Fsuperbatch [36m204[0m [[35m33.6[0m% ([36m256[0m/[36m763[0m batches, [36m5049563[0m pos/sec)]
Estimated time to end of superbatch: [36m13.2[0ms     [Fsuperbatch [36m204[0m [[35m50.3[0m% ([36m384[0m/[36m763[0m batches, [36m4935324[0m pos/sec)]
Estimated time to end of superbatch: [36m10.1[0ms     [Fsuperbatch [36m204[0m [[35m67.1[0m% ([36m512[0m/[36m763[0m batches, [36m4957592[0m pos/sec)]
Estimated time to end of superbatch: [36m6.6[0ms     [Fsuperbatch [36m204[0m [[35m83.9[0m% ([36m640[0m/[36m763[0m batches, [36m4995672[0m pos/sec)]
Estimated time to end of superbatch: [36m3.2[0ms     [Fsuperbatch [36m204[0m | time [36m20.0[0ms | running loss [36m0.013059[0m | [36m5009234[0m pos/sec | total time [36m4268.3[0ms
Estimated time remaining in training: [36m1[0mh [36m18[0mm [36m48[0ms
LR dropped to [36m0.00026210467[0m
superbatch [36m205[0m [[35m0.0[0m% ([36m0[0m/[36m763[0m batches, [36m4597856[0m pos/sec)]
Estimated time to end of superbatch: [36minf[0ms     [Fsuperbatch [36m205[0m [[35m16.8[0m% ([36m128[0m/[36m763[0m batches, [36m4695677[0m pos/sec)]
Estimated time to end of superbatch: [36m17.9[0ms     [Fsuperbatch [36m205[0m [[35m33.6[0m% ([36m256[0m/[36m763[0m batches, [36m4830982[0m pos/sec)]
Estimated time to end of superbatch: [36m13.8[0ms     [Fsuperbatch [36m205[0m [[35m50.3[0m% ([36m384[0m/[36m763[0m batches, [36m4924892[0m pos/sec)]
Estimated time to end of superbatch: [36m10.1[0ms     [Fsuperbatch [36m205[0m [[35m67.1[0m% ([36m512[0m/[36m763[0m batches, [36m4574332[0m pos/sec)]
Estimated time to end of superbatch: [36m7.2[0ms     [Fsuperbatch [36m205[0m [[35m83.9[0m% ([36m640[0m/[36m763[0m batches, [36m3636202[0m pos/sec)]
Estimated time to end of superbatch: [36m4.4[0ms     [Fsuperbatch [36m205[0m | time [36m30.6[0ms | running loss [36m0.013299[0m | [36m3269981[0m pos/sec | total time [36m4298.9[0ms
Estimated time remaining in training: [36m1[0mh [36m18[0mm [36m38[0ms
LR dropped to [36m0.0002609442[0m
superbatch [36m206[0m [[35m0.0[0m% ([36m0[0m/[36m763[0m batches, [36m1781573[0m pos/sec)]
Estimated time to end of superbatch: [36minf[0ms     [Fsuperbatch [36m206[0m [[35m16.8[0m% ([36m128[0m/[36m763[0m batches, [36m2917132[0m pos/sec)]
Estimated time to end of superbatch: [36m28.8[0ms     [Fsuperbatch [36m206[0m [[35m33.6[0m% ([36m256[0m/[36m763[0m batches, [36m3649728[0m pos/sec)]
Estimated time to end of superbatch: [36m18.3[0ms     [Fsuperbatch [36m206[0m [[35m50.3[0m% ([36m384[0m/[36m763[0m batches, [36m3879966[0m pos/sec)]
Estimated time to end of superbatch: [36m12.8[0ms     [Fsuperbatch [36m206[0m [[35m67.1[0m% ([36m512[0m/[36m763[0m batches, [36m4090688[0m pos/sec)]
Estimated time to end of superbatch: [36m8.1[0ms     [Fsuperbatch [36m206[0m [[35m83.9[0m% ([36m640[0m/[36m763[0m batches, [36m4246464[0m pos/sec)]
Estimated time to end of superbatch: [36m3.8[0ms     [Fsuperbatch [36m206[0m | time [36m23.0[0ms | running loss [36m0.013091[0m | [36m4357215[0m pos/sec | total time [36m4321.8[0ms
Estimated time remaining in training: [36m1[0mh [36m18[0mm [36m19[0ms
LR dropped to [36m0.00025978376[0m
superbatch [36m207[0m [[35m0.0[0m% ([36m0[0m/[36m763[0m batches, [36m5562796[0m pos/sec)]
Estimated time to end of superbatch: [36minf[0ms     [Fsuperbatch [36m207[0m [[35m16.8[0m% ([36m128[0m/[36m763[0m batches, [36m4892715[0m pos/sec)]
Estimated time to end of superbatch: [36m17.1[0ms     [Fsuperbatch [36m207[0m [[35m33.6[0m% ([36m256[0m/[36m763[0m batches, [36m4925928[0m pos/sec)]
Estimated time to end of superbatch: [36m13.5[0ms     [Fsuperbatch [36m207[0m [[35m50.3[0m% ([36m384[0m/[36m763[0m batches, [36m4945342[0m pos/sec)]
Estimated time to end of superbatch: [36m10.1[0ms     [Fsuperbatch [36m207[0m [[35m67.1[0m% ([36m512[0m/[36m763[0m batches, [36m4988457[0m pos/sec)]
Estimated time to end of superbatch: [36m6.6[0ms     [Fsuperbatch [36m207[0m [[35m83.9[0m% ([36m640[0m/[36m763[0m batches, [36m4983520[0m pos/sec)]
Estimated time to end of superbatch: [36m3.2[0ms     [Fsuperbatch [36m207[0m | time [36m20.1[0ms | running loss [36m0.013337[0m | [36m4977760[0m pos/sec | total time [36m4341.9[0ms
Estimated time remaining in training: [36m1[0mh [36m17[0mm [36m57[0ms
LR dropped to [36m0.00025862327[0m
superbatch [36m208[0m [[35m0.0[0m% ([36m0[0m/[36m763[0m batches, [36m5413247[0m pos/sec)]
Estimated time to end of superbatch: [36minf[0ms     [Fsuperbatch [36m208[0m [[35m16.8[0m% ([36m128[0m/[36m763[0m batches, [36m5003035[0m pos/sec)]
Estimated time to end of superbatch: [36m16.8[0ms     [Fsuperbatch [36m208[0m [[35m33.6[0m% ([36m256[0m/[36m763[0m batches, [36m4966152[0m pos/sec)]
Estimated time to end of superbatch: [36m13.4[0ms     [Fsuperbatch [36m208[0m [[35m50.3[0m% ([36m384[0m/[36m763[0m batches, [36m4848630[0m pos/sec)]
Estimated time to end of superbatch: [36m10.3[0ms     [Fsuperbatch [36m208[0m [[35m67.1[0m% ([36m512[0m/[36m763[0m batches, [36m4821923[0m pos/sec)]
Estimated time to end of superbatch: [36m6.8[0ms     [Fsuperbatch [36m208[0m [[35m83.9[0m% ([36m640[0m/[36m763[0m batches, [36m4794948[0m pos/sec)]
Estimated time to end of superbatch: [36m3.4[0ms     [Fsuperbatch [36m208[0m | time [36m20.7[0ms | running loss [36m0.013153[0m | [36m4826994[0m pos/sec | total time [36m4362.6[0ms
Estimated time remaining in training: [36m1[0mh [36m17[0mm [36m36[0ms
LR dropped to [36m0.0002574628[0m
superbatch [36m209[0m [[35m0.0[0m% ([36m0[0m/[36m763[0m batches, [36m5016960[0m pos/sec)]
Estimated time to end of superbatch: [36minf[0ms     [Fsuperbatch [36m209[0m [[35m16.8[0m% ([36m128[0m/[36m763[0m batches, [36m4363296[0m pos/sec)]
Estimated time to end of superbatch: [36m19.2[0ms     [Fsuperbatch [36m209[0m [[35m33.6[0m% ([36m256[0m/[36m763[0m batches, [36m4456228[0m pos/sec)]
Estimated time to end of superbatch: [36m15.0[0ms     [Fsuperbatch [36m209[0m [[35m50.3[0m% ([36m384[0m/[36m763[0m batches, [36m4616292[0m pos/sec)]
Estimated time to end of superbatch: [36m10.8[0ms     [Fsuperbatch [36m209[0m [[35m67.1[0m% ([36m512[0m/[36m763[0m batches, [36m4696162[0m pos/sec)]
Estimated time to end of superbatch: [36m7.0[0ms     [Fsuperbatch [36m209[0m [[35m83.9[0m% ([36m640[0m/[36m763[0m batches, [36m4545180[0m pos/sec)]
Estimated time to end of superbatch: [36m3.6[0ms     [Fsuperbatch [36m209[0m | time [36m21.7[0ms | running loss [36m0.013418[0m | [36m4605308[0m pos/sec | total time [36m4384.4[0ms
Estimated time remaining in training: [36m1[0mh [36m17[0mm [36m16[0ms
LR dropped to [36m0.00025630236[0m
superbatch [36m210[0m [[35m0.0[0m% ([36m0[0m/[36m763[0m batches, [36m5602308[0m pos/sec)]
Estimated time to end of superbatch: [36minf[0ms     [Fsuperbatch [36m210[0m [[35m16.8[0m% ([36m128[0m/[36m763[0m batches, [36m4993941[0m pos/sec)]
Estimated time to end of superbatch: [36m16.8[0ms     [Fsuperbatch [36m210[0m [[35m33.6[0m% ([36m256[0m/[36m763[0m batches, [36m4318326[0m pos/sec)]
Estimated time to end of superbatch: [36m15.4[0ms     [Fsuperbatch [36m210[0m [[35m50.3[0m% ([36m384[0m/[36m763[0m batches, [36m4397958[0m pos/sec)]
Estimated time to end of superbatch: [36m11.3[0ms     [Fsuperbatch [36m210[0m [[35m67.1[0m% ([36m512[0m/[36m763[0m batches, [36m4513977[0m pos/sec)]
Estimated time to end of superbatch: [36m7.3[0ms     [Fsuperbatch [36m210[0m [[35m83.9[0m% ([36m640[0m/[36m763[0m batches, [36m4606448[0m pos/sec)]
Estimated time to end of superbatch: [36m3.5[0ms     [Fsuperbatch [36m210[0m | time [36m21.4[0ms | running loss [36m0.013218[0m | [36m4677224[0m pos/sec | total time [36m4405.7[0ms
Estimated time remaining in training: [36m1[0mh [36m16[0mm [36m55[0ms
Saved [anna-v3c-s1-210]
LR dropped to [36m0.00025514187[0m
superbatch [36m211[0m [[35m0.0[0m% ([36m0[0m/[36m763[0m batches, [36m5594808[0m pos/sec)]
Estimated time to end of superbatch: [36minf[0ms     [Fsuperbatch [36m211[0m [[35m16.8[0m% ([36m128[0m/[36m763[0m batches, [36m5415258[0m pos/sec)]
Estimated time to end of superbatch: [36m15.5[0ms     [Fsuperbatch [36m211[0m [[35m33.6[0m% ([36m256[0m/[36m763[0m batches, [36m5539578[0m pos/sec)]
Estimated time to end of superbatch: [36m12.0[0ms     [Fsuperbatch [36m211[0m [[35m50.3[0m% ([36m384[0m/[36m763[0m batches, [36m5592436[0m pos/sec)]
Estimated time to end of superbatch: [36m8.9[0ms     [Fsuperbatch [36m211[0m [[35m67.1[0m% ([36m512[0m/[36m763[0m batches, [36m5620268[0m pos/sec)]
Estimated time to end of superbatch: [36m5.9[0ms     [Fsuperbatch [36m211[0m [[35m83.9[0m% ([36m640[0m/[36m763[0m batches, [36m5472626[0m pos/sec)]
Estimated time to end of superbatch: [36m3.0[0ms     [Fsuperbatch [36m211[0m | time [36m18.7[0ms | running loss [36m0.013420[0m | [36m5358570[0m pos/sec | total time [36m4427.0[0ms
Estimated time remaining in training: [36m1[0mh [36m16[0mm [36m34[0ms
LR dropped to [36m0.00025398142[0m
superbatch [36m212[0m [[35m0.0[0m% ([36m0[0m/[36m763[0m batches, [36m5661514[0m pos/sec)]
Estimated time to end of superbatch: [36minf[0ms     [Fsuperbatch [36m212[0m [[35m16.8[0m% ([36m128[0m/[36m763[0m batches, [36m5099964[0m pos/sec)]
Estimated time to end of superbatch: [36m16.4[0ms     [Fsuperbatch [36m212[0m [[35m33.6[0m% ([36m256[0m/[36m763[0m batches, [36m5082131[0m pos/sec)]
Estimated time to end of superbatch: [36m13.1[0ms     [Fsuperbatch [36m212[0m [[35m50.3[0m% ([36m384[0m/[36m763[0m batches, [36m5048550[0m pos/sec)]
Estimated time to end of superbatch: [36m9.9[0ms     [Fsuperbatch [36m212[0m [[35m67.1[0m% ([36m512[0m/[36m763[0m batches, [36m5044322[0m pos/sec)]
Estimated time to end of superbatch: [36m6.5[0ms     [Fsuperbatch [36m212[0m [[35m83.9[0m% ([36m640[0m/[36m763[0m batches, [36m5051412[0m pos/sec)]
Estimated time to end of superbatch: [36m3.2[0ms     [Fsuperbatch [36m212[0m | time [36m19.8[0ms | running loss [36m0.013252[0m | [36m5059484[0m pos/sec | total time [36m4446.7[0ms
Estimated time remaining in training: [36m1[0mh [36m16[0mm [36m12[0ms
LR dropped to [36m0.00025282093[0m
superbatch [36m213[0m [[35m0.0[0m% ([36m0[0m/[36m763[0m batches, [36m4849356[0m pos/sec)]
Estimated time to end of superbatch: [36minf[0ms     [Fsuperbatch [36m213[0m [[35m16.8[0m% ([36m128[0m/[36m763[0m batches, [36m4973853[0m pos/sec)]
Estimated time to end of superbatch: [36m16.9[0ms     [Fsuperbatch [36m213[0m [[35m33.6[0m% ([36m256[0m/[36m763[0m batches, [36m4945481[0m pos/sec)]
Estimated time to end of superbatch: [36m13.5[0ms     [Fsuperbatch [36m213[0m [[35m50.3[0m% ([36m384[0m/[36m763[0m batches, [36m4963782[0m pos/sec)]
Estimated time to end of superbatch: [36m10.0[0ms     [Fsuperbatch [36m213[0m [[35m67.1[0m% ([36m512[0m/[36m763[0m batches, [36m4982137[0m pos/sec)]
Estimated time to end of superbatch: [36m6.6[0ms     [Fsuperbatch [36m213[0m [[35m83.9[0m% ([36m640[0m/[36m763[0m batches, [36m4997181[0m pos/sec)]
Estimated time to end of superbatch: [36m3.2[0ms     [Fsuperbatch [36m213[0m | time [36m20.0[0ms | running loss [36m0.013480[0m | [36m5001200[0m pos/sec | total time [36m4466.7[0ms
Estimated time remaining in training: [36m1[0mh [36m15[0mm [36m50[0ms
LR dropped to [36m0.0002516605[0m
superbatch [36m214[0m [[35m0.0[0m% ([36m0[0m/[36m763[0m batches, [36m5678441[0m pos/sec)]
Estimated time to end of superbatch: [36minf[0ms     [Fsuperbatch [36m214[0m [[35m16.8[0m% ([36m128[0m/[36m763[0m batches, [36m5018003[0m pos/sec)]
Estimated time to end of superbatch: [36m16.7[0ms     [Fsuperbatch [36m214[0m [[35m33.6[0m% ([36m256[0m/[36m763[0m batches, [36m5059025[0m pos/sec)]
Estimated time to end of superbatch: [36m13.2[0ms     [Fsuperbatch [36m214[0m [[35m50.3[0m% ([36m384[0m/[36m763[0m batches, [36m4800167[0m pos/sec)]
Estimated time to end of superbatch: [36m10.4[0ms     [Fsuperbatch [36m214[0m [[35m67.1[0m% ([36m512[0m/[36m763[0m batches, [36m4812558[0m pos/sec)]
Estimated time to end of superbatch: [36m6.8[0ms     [Fsuperbatch [36m214[0m [[35m83.9[0m% ([36m640[0m/[36m763[0m batches, [36m4861508[0m pos/sec)]
Estimated time to end of superbatch: [36m3.3[0ms     [Fsuperbatch [36m214[0m | time [36m20.4[0ms | running loss [36m0.013323[0m | [36m4905751[0m pos/sec | total time [36m4487.1[0ms
Estimated time remaining in training: [36m1[0mh [36m15[0mm [36m29[0ms
LR dropped to [36m0.00025050002[0m
superbatch [36m215[0m [[35m0.0[0m% ([36m0[0m/[36m763[0m batches, [36m4653510[0m pos/sec)]
Estimated time to end of superbatch: [36minf[0ms     [Fsuperbatch [36m215[0m [[35m16.8[0m% ([36m128[0m/[36m763[0m batches, [36m4805582[0m pos/sec)]
Estimated time to end of superbatch: [36m17.5[0ms     [Fsuperbatch [36m215[0m [[35m33.6[0m% ([36m256[0m/[36m763[0m batches, [36m4838921[0m pos/sec)]
Estimated time to end of superbatch: [36m13.8[0ms     [Fsuperbatch [36m215[0m [[35m50.3[0m% ([36m384[0m/[36m763[0m batches, [36m4927081[0m pos/sec)]
Estimated time to end of superbatch: [36m10.1[0ms     [Fsuperbatch [36m215[0m [[35m67.1[0m% ([36m512[0m/[36m763[0m batches, [36m4936708[0m pos/sec)]
Estimated time to end of superbatch: [36m6.7[0ms     [Fsuperbatch [36m215[0m [[35m83.9[0m% ([36m640[0m/[36m763[0m batches, [36m4914366[0m pos/sec)]
Estimated time to end of superbatch: [36m3.3[0ms     [Fsuperbatch [36m215[0m | time [36m20.6[0ms | running loss [36m0.013513[0m | [36m4859226[0m pos/sec | total time [36m4507.7[0ms
Estimated time remaining in training: [36m1[0mh [36m15[0mm [36m7[0ms
LR dropped to [36m0.00024933953[0m
superbatch [36m216[0m [[35m0.0[0m% ([36m0[0m/[36m763[0m batches, [36m4612940[0m pos/sec)]
Estimated time to end of superbatch: [36minf[0ms     [Fsuperbatch [36m216[0m [[35m16.8[0m% ([36m128[0m/[36m763[0m batches, [36m5073177[0m pos/sec)]
Estimated time to end of superbatch: [36m16.5[0ms     [Fsuperbatch [36m216[0m [[35m33.6[0m% ([36m256[0m/[36m763[0m batches, [36m5064001[0m pos/sec)]
Estimated time to end of superbatch: [36m13.2[0ms     [Fsuperbatch [36m216[0m [[35m50.3[0m% ([36m384[0m/[36m763[0m batches, [36m4973204[0m pos/sec)]
Estimated time to end of superbatch: [36m10.0[0ms     [Fsuperbatch [36m216[0m [[35m67.1[0m% ([36m512[0m/[36m763[0m batches, [36m4917296[0m pos/sec)]
Estimated time to end of superbatch: [36m6.7[0ms     [Fsuperbatch [36m216[0m [[35m83.9[0m% ([36m640[0m/[36m763[0m batches, [36m4952230[0m pos/sec)]
Estimated time to end of superbatch: [36m3.3[0ms     [Fsuperbatch [36m216[0m | time [36m20.1[0ms | running loss [36m0.013358[0m | [36m4966365[0m pos/sec | total time [36m4527.8[0ms
Estimated time remaining in training: [36m1[0mh [36m14[0mm [36m45[0ms
LR dropped to [36m0.00024817907[0m
superbatch [36m217[0m [[35m0.0[0m% ([36m0[0m/[36m763[0m batches, [36m4222338[0m pos/sec)]
Estimated time to end of superbatch: [36minf[0ms     [Fsuperbatch [36m217[0m [[35m16.8[0m% ([36m128[0m/[36m763[0m batches, [36m4989164[0m pos/sec)]
Estimated time to end of superbatch: [36m16.8[0ms     [Fsuperbatch [36m217[0m [[35m33.6[0m% ([36m256[0m/[36m763[0m batches, [36m5001922[0m pos/sec)]
Estimated time to end of superbatch: [36m13.3[0ms     [Fsuperbatch [36m217[0m [[35m50.3[0m% ([36m384[0m/[36m763[0m batches, [36m5016934[0m pos/sec)]
Estimated time to end of superbatch: [36m9.9[0ms     [Fsuperbatch [36m217[0m [[35m67.1[0m% ([36m512[0m/[36m763[0m batches, [36m4992553[0m pos/sec)]
Estimated time to end of superbatch: [36m6.6[0ms     [Fsuperbatch [36m217[0m [[35m83.9[0m% ([36m640[0m/[36m763[0m batches, [36m4952152[0m pos/sec)]
Estimated time to end of superbatch: [36m3.3[0ms     [Fsuperbatch [36m217[0m | time [36m20.2[0ms | running loss [36m0.013582[0m | [36m4944247[0m pos/sec | total time [36m4548.1[0ms
Estimated time remaining in training: [36m1[0mh [36m14[0mm [36m24[0ms
LR dropped to [36m0.00024701864[0m
superbatch [36m218[0m [[35m0.0[0m% ([36m0[0m/[36m763[0m batches, [36m5539433[0m pos/sec)]
Estimated time to end of superbatch: [36minf[0ms     [Fsuperbatch [36m218[0m [[35m16.8[0m% ([36m128[0m/[36m763[0m batches, [36m5004014[0m pos/sec)]
Estimated time to end of superbatch: [36m16.8[0ms     [Fsuperbatch [36m218[0m [[35m33.6[0m% ([36m256[0m/[36m763[0m batches, [36m4992206[0m pos/sec)]
Estimated time to end of superbatch: [36m13.4[0ms     [Fsuperbatch [36m218[0m [[35m50.3[0m% ([36m384[0m/[36m763[0m batches, [36m4868873[0m pos/sec)]
Estimated time to end of superbatch: [36m10.2[0ms     [Fsuperbatch [36m218[0m [[35m67.1[0m% ([36m512[0m/[36m763[0m batches, [36m4759056[0m pos/sec)]
Estimated time to end of superbatch: [36m6.9[0ms     [Fsuperbatch [36m218[0m [[35m83.9[0m% ([36m640[0m/[36m763[0m batches, [36m4781604[0m pos/sec)]
Estimated time to end of superbatch: [36m3.4[0ms     [Fsuperbatch [36m218[0m | time [36m20.9[0ms | running loss [36m0.013511[0m | [36m4791036[0m pos/sec | total time [36m4568.9[0ms
Estimated time remaining in training: [36m1[0mh [36m14[0mm [36m3[0ms
LR dropped to [36m0.00024585816[0m
superbatch [36m219[0m [[35m0.0[0m% ([36m0[0m/[36m763[0m batches, [36m5316679[0m pos/sec)]
Estimated time to end of superbatch: [36minf[0ms     [Fsuperbatch [36m219[0m [[35m16.8[0m% ([36m128[0m/[36m763[0m batches, [36m4700925[0m pos/sec)]
Estimated time to end of superbatch: [36m17.8[0ms     [Fsuperbatch [36m219[0m [[35m33.6[0m% ([36m256[0m/[36m763[0m batches, [36m4559772[0m pos/sec)]
Estimated time to end of superbatch: [36m14.6[0ms     [Fsuperbatch [36m219[0m [[35m50.3[0m% ([36m384[0m/[36m763[0m batches, [36m4695186[0m pos/sec)]
Estimated time to end of superbatch: [36m10.6[0ms     [Fsuperbatch [36m219[0m [[35m67.1[0m% ([36m512[0m/[36m763[0m batches, [36m4738744[0m pos/sec)]
Estimated time to end of superbatch: [36m7.0[0ms     [Fsuperbatch [36m219[0m [[35m83.9[0m% ([36m640[0m/[36m763[0m batches, [36m4757377[0m pos/sec)]
Estimated time to end of superbatch: [36m3.4[0ms     [Fsuperbatch [36m219[0m | time [36m21.0[0ms | running loss [36m0.013676[0m | [36m4755974[0m pos/sec | total time [36m4590.0[0ms
Estimated time remaining in training: [36m1[0mh [36m13[0mm [36m42[0ms
LR dropped to [36m0.0002446977[0m
superbatch [36m220[0m [[35m0.0[0m% ([36m0[0m/[36m763[0m batches, [36m5535574[0m pos/sec)]
Estimated time to end of superbatch: [36minf[0ms     [Fsuperbatch [36m220[0m [[35m16.8[0m% ([36m128[0m/[36m763[0m batches, [36m5143638[0m pos/sec)]
Estimated time to end of superbatch: [36m16.3[0ms     [Fsuperbatch [36m220[0m [[35m33.6[0m% ([36m256[0m/[36m763[0m batches, [36m4968614[0m pos/sec)]
Estimated time to end of superbatch: [36m13.4[0ms     [Fsuperbatch [36m220[0m [[35m50.3[0m% ([36m384[0m/[36m763[0m batches, [36m5010883[0m pos/sec)]
Estimated time to end of superbatch: [36m9.9[0ms     [Fsuperbatch [36m220[0m [[35m67.1[0m% ([36m512[0m/[36m763[0m batches, [36m4963028[0m pos/sec)]
Estimated time to end of superbatch: [36m6.6[0ms     [Fsuperbatch [36m220[0m [[35m83.9[0m% ([36m640[0m/[36m763[0m batches, [36m4979261[0m pos/sec)]
Estimated time to end of superbatch: [36m3.2[0ms     [Fsuperbatch [36m220[0m | time [36m20.0[0ms | running loss [36m0.013555[0m | [36m4996263[0m pos/sec | total time [36m4610.0[0ms
Estimated time remaining in training: [36m1[0mh [36m13[0mm [36m20[0ms
Saved [anna-v3c-s1-220]
LR dropped to [36m0.00024353722[0m
superbatch [36m221[0m [[35m0.0[0m% ([36m0[0m/[36m763[0m batches, [36m5596273[0m pos/sec)]
Estimated time to end of superbatch: [36minf[0ms     [Fsuperbatch [36m221[0m [[35m16.8[0m% ([36m128[0m/[36m763[0m batches, [36m5275640[0m pos/sec)]
Estimated time to end of superbatch: [36m15.9[0ms     [Fsuperbatch [36m221[0m [[35m33.6[0m% ([36m256[0m/[36m763[0m batches, [36m5335268[0m pos/sec)]
Estimated time to end of superbatch: [36m12.5[0ms     [Fsuperbatch [36m221[0m [[35m50.3[0m% ([36m384[0m/[36m763[0m batches, [36m5216309[0m pos/sec)]
Estimated time to end of superbatch: [36m9.5[0ms     [Fsuperbatch [36m221[0m [[35m67.1[0m% ([36m512[0m/[36m763[0m batches, [36m5171916[0m pos/sec)]
Estimated time to end of superbatch: [36m6.4[0ms     [Fsuperbatch [36m221[0m [[35m83.9[0m% ([36m640[0m/[36m763[0m batches, [36m5143943[0m pos/sec)]
Estimated time to end of superbatch: [36m3.1[0ms     [Fsuperbatch [36m221[0m | time [36m19.5[0ms | running loss [36m0.013686[0m | [36m5122046[0m pos/sec | total time [36m4632.0[0ms
Estimated time remaining in training: [36m1[0mh [36m13[0mm [36m0[0ms
LR dropped to [36m0.00024237679[0m
superbatch [36m222[0m [[35m0.0[0m% ([36m0[0m/[36m763[0m batches, [36m5644858[0m pos/sec)]
Estimated time to end of superbatch: [36minf[0ms     [Fsuperbatch [36m222[0m [[35m16.8[0m% ([36m128[0m/[36m763[0m batches, [36m5004527[0m pos/sec)]
Estimated time to end of superbatch: [36m16.8[0ms     [Fsuperbatch [36m222[0m [[35m33.6[0m% ([36m256[0m/[36m763[0m batches, [36m5020031[0m pos/sec)]
Estimated time to end of superbatch: [36m13.3[0ms     [Fsuperbatch [36m222[0m [[35m50.3[0m% ([36m384[0m/[36m763[0m batches, [36m5011356[0m pos/sec)]
Estimated time to end of superbatch: [36m9.9[0ms     [Fsuperbatch [36m222[0m [[35m67.1[0m% ([36m512[0m/[36m763[0m batches, [36m4958830[0m pos/sec)]
Estimated time to end of superbatch: [36m6.6[0ms     [Fsuperbatch [36m222[0m [[35m83.9[0m% ([36m640[0m/[36m763[0m batches, [36m4988611[0m pos/sec)]
Estimated time to end of superbatch: [36m3.2[0ms     [Fsuperbatch [36m222[0m | time [36m20.0[0ms | running loss [36m0.013632[0m | [36m5004054[0m pos/sec | total time [36m4652.0[0ms
Estimated time remaining in training: [36m1[0mh [36m12[0mm [36m38[0ms
LR dropped to [36m0.0002412163[0m
superbatch [36m223[0m [[35m0.0[0m% ([36m0[0m/[36m763[0m batches, [36m5666867[0m pos/sec)]
Estimated time to end of superbatch: [36minf[0ms     [Fsuperbatch [36m223[0m [[35m16.8[0m% ([36m128[0m/[36m763[0m batches, [36m5087120[0m pos/sec)]
Estimated time to end of superbatch: [36m16.5[0ms     [Fsuperbatch [36m223[0m [[35m33.6[0m% ([36m256[0m/[36m763[0m batches, [36m5012085[0m pos/sec)]
Estimated time to end of superbatch: [36m13.3[0ms     [Fsuperbatch [36m223[0m [[35m50.3[0m% ([36m384[0m/[36m763[0m batches, [36m5015462[0m pos/sec)]
Estimated time to end of superbatch: [36m9.9[0ms     [Fsuperbatch [36m223[0m [[35m67.1[0m% ([36m512[0m/[36m763[0m batches, [36m5017533[0m pos/sec)]
Estimated time to end of superbatch: [36m6.6[0ms     [Fsuperbatch [36m223[0m [[35m83.9[0m% ([36m640[0m/[36m763[0m batches, [36m4749679[0m pos/sec)]
Estimated time to end of superbatch: [36m3.4[0ms     [Fsuperbatch [36m223[0m | time [36m21.0[0ms | running loss [36m0.013741[0m | [36m4773066[0m pos/sec | total time [36m4672.9[0ms
Estimated time remaining in training: [36m1[0mh [36m12[0mm [36m17[0ms
LR dropped to [36m0.00024005584[0m
superbatch [36m224[0m [[35m0.0[0m% ([36m0[0m/[36m763[0m batches, [36m4328943[0m pos/sec)]
Estimated time to end of superbatch: [36minf[0ms     [Fsuperbatch [36m224[0m [[35m16.8[0m% ([36m128[0m/[36m763[0m batches, [36m5128223[0m pos/sec)]
Estimated time to end of superbatch: [36m16.4[0ms     [Fsuperbatch [36m224[0m [[35m33.6[0m% ([36m256[0m/[36m763[0m batches, [36m5103778[0m pos/sec)]
Estimated time to end of superbatch: [36m13.1[0ms     [Fsuperbatch [36m224[0m [[35m50.3[0m% ([36m384[0m/[36m763[0m batches, [36m5070044[0m pos/sec)]
Estimated time to end of superbatch: [36m9.8[0ms     [Fsuperbatch [36m224[0m [[35m67.1[0m% ([36m512[0m/[36m763[0m batches, [36m5028638[0m pos/sec)]
Estimated time to end of superbatch: [36m6.6[0ms     [Fsuperbatch [36m224[0m [[35m83.9[0m% ([36m640[0m/[36m763[0m batches, [36m5012494[0m pos/sec)]
Estimated time to end of superbatch: [36m3.2[0ms     [Fsuperbatch [36m224[0m | time [36m19.9[0ms | running loss [36m0.013662[0m | [36m5020984[0m pos/sec | total time [36m4692.8[0ms
Estimated time remaining in training: [36m1[0mh [36m11[0mm [36m55[0ms
LR dropped to [36m0.00023889536[0m
superbatch [36m225[0m [[35m0.0[0m% ([36m0[0m/[36m763[0m batches, [36m4302420[0m pos/sec)]
Estimated time to end of superbatch: [36minf[0ms     [Fsuperbatch [36m225[0m [[35m16.8[0m% ([36m128[0m/[36m763[0m batches, [36m5015304[0m pos/sec)]
Estimated time to end of superbatch: [36m16.7[0ms     [Fsuperbatch [36m225[0m [[35m33.6[0m% ([36m256[0m/[36m763[0m batches, [36m5014423[0m pos/sec)]
Estimated time to end of superbatch: [36m13.3[0ms     [Fsuperbatch [36m225[0m [[35m50.3[0m% ([36m384[0m/[36m763[0m batches, [36m5034154[0m pos/sec)]
Estimated time to end of superbatch: [36m9.9[0ms     [Fsuperbatch [36m225[0m [[35m67.1[0m% ([36m512[0m/[36m763[0m batches, [36m5046214[0m pos/sec)]
Estimated time to end of superbatch: [36m6.5[0ms     [Fsuperbatch [36m225[0m [[35m83.9[0m% ([36m640[0m/[36m763[0m batches, [36m5049395[0m pos/sec)]
Estimated time to end of superbatch: [36m3.2[0ms     [Fsuperbatch [36m225[0m | time [36m19.8[0ms | running loss [36m0.013760[0m | [36m5040723[0m pos/sec | total time [36m4712.7[0ms
Estimated time remaining in training: [36m1[0mh [36m11[0mm [36m33[0ms
LR dropped to [36m0.0002377349[0m
superbatch [36m226[0m [[35m0.0[0m% ([36m0[0m/[36m763[0m batches, [36m5094778[0m pos/sec)]
Estimated time to end of superbatch: [36minf[0ms     [Fsuperbatch [36m226[0m [[35m16.8[0m% ([36m128[0m/[36m763[0m batches, [36m5079240[0m pos/sec)]
Estimated time to end of superbatch: [36m16.5[0ms     [Fsuperbatch [36m226[0m [[35m33.6[0m% ([36m256[0m/[36m763[0m batches, [36m5074296[0m pos/sec)]
Estimated time to end of superbatch: [36m13.1[0ms     [Fsuperbatch [36m226[0m [[35m50.3[0m% ([36m384[0m/[36m763[0m batches, [36m5070392[0m pos/sec)]
Estimated time to end of superbatch: [36m9.8[0ms     [Fsuperbatch [36m226[0m [[35m67.1[0m% ([36m512[0m/[36m763[0m batches, [36m5028058[0m pos/sec)]
Estimated time to end of superbatch: [36m6.6[0ms     [Fsuperbatch [36m226[0m [[35m83.9[0m% ([36m640[0m/[36m763[0m batches, [36m5025310[0m pos/sec)]
Estimated time to end of superbatch: [36m3.2[0ms     [Fsuperbatch [36m226[0m | time [36m19.9[0ms | running loss [36m0.013702[0m | [36m5032956[0m pos/sec | total time [36m4732.6[0ms
Estimated time remaining in training: [36m1[0mh [36m11[0mm [36m11[0ms
LR dropped to [36m0.00023657444[0m
superbatch [36m227[0m [[35m0.0[0m% ([36m0[0m/[36m763[0m batches, [36m5682150[0m pos/sec)]
Estimated time to end of superbatch: [36minf[0ms     [Fsuperbatch [36m227[0m [[35m16.8[0m% ([36m128[0m/[36m763[0m batches, [36m5054542[0m pos/sec)]
Estimated time to end of superbatch: [36m16.6[0ms     [Fsuperbatch [36m227[0m [[35m33.6[0m% ([36m256[0m/[36m763[0m batches, [36m4987055[0m pos/sec)]
Estimated time to end of superbatch: [36m13.4[0ms     [Fsuperbatch [36m227[0m [[35m50.3[0m% ([36m384[0m/[36m763[0m batches, [36m4949110[0m pos/sec)]
Estimated time to end of superbatch: [36m10.1[0ms     [Fsuperbatch [36m227[0m [[35m67.1[0m% ([36m512[0m/[36m763[0m batches, [36m4971110[0m pos/sec)]
Estimated time to end of superbatch: [36m6.6[0ms     [Fsuperbatch [36m227[0m [[35m83.9[0m% ([36m640[0m/[36m763[0m batches, [36m4980528[0m pos/sec)]
Estimated time to end of superbatch: [36m3.2[0ms     [Fsuperbatch [36m227[0m | time [36m20.3[0ms | running loss [36m0.013805[0m | [36m4936200[0m pos/sec | total time [36m4752.8[0ms
Estimated time remaining in training: [36m1[0mh [36m10[0mm [36m50[0ms
LR dropped to [36m0.00023541399[0m
superbatch [36m228[0m [[35m0.0[0m% ([36m0[0m/[36m763[0m batches, [36m5347282[0m pos/sec)]
Estimated time to end of superbatch: [36minf[0ms     [Fsuperbatch [36m228[0m [[35m16.8[0m% ([36m128[0m/[36m763[0m batches, [36m4991044[0m pos/sec)]
Estimated time to end of superbatch: [36m16.8[0ms     [Fsuperbatch [36m228[0m [[35m33.6[0m% ([36m256[0m/[36m763[0m batches, [36m5043827[0m pos/sec)]
Estimated time to end of superbatch: [36m13.2[0ms     [Fsuperbatch [36m228[0m [[35m50.3[0m% ([36m384[0m/[36m763[0m batches, [36m5054160[0m pos/sec)]
Estimated time to end of superbatch: [36m9.9[0ms     [Fsuperbatch [36m228[0m [[35m67.1[0m% ([36m512[0m/[36m763[0m batches, [36m5046610[0m pos/sec)]
Estimated time to end of superbatch: [36m6.5[0ms     [Fsuperbatch [36m228[0m [[35m83.9[0m% ([36m640[0m/[36m763[0m batches, [36m5042985[0m pos/sec)]
Estimated time to end of superbatch: [36m3.2[0ms     [Fsuperbatch [36m228[0m | time [36m19.8[0ms | running loss [36m0.013752[0m | [36m5052479[0m pos/sec | total time [36m4772.6[0ms
Estimated time remaining in training: [36m1[0mh [36m10[0mm [36m28[0ms
LR dropped to [36m0.0002342535[0m
superbatch [36m229[0m [[35m0.0[0m% ([36m0[0m/[36m763[0m batches, [36m5541130[0m pos/sec)]
Estimated time to end of superbatch: [36minf[0ms     [Fsuperbatch [36m229[0m [[35m16.8[0m% ([36m128[0m/[36m763[0m batches, [36m5079016[0m pos/sec)]
Estimated time to end of superbatch: [36m16.5[0ms     [Fsuperbatch [36m229[0m [[35m33.6[0m% ([36m256[0m/[36m763[0m batches, [36m4937043[0m pos/sec)]
Estimated time to end of superbatch: [36m13.5[0ms     [Fsuperbatch [36m229[0m [[35m50.3[0m% ([36m384[0m/[36m763[0m batches, [36m4945524[0m pos/sec)]
Estimated time to end of superbatch: [36m10.1[0ms     [Fsuperbatch [36m229[0m [[35m67.1[0m% ([36m512[0m/[36m763[0m batches, [36m4979372[0m pos/sec)]
Estimated time to end of superbatch: [36m6.6[0ms     [Fsuperbatch [36m229[0m [[35m83.9[0m% ([36m640[0m/[36m763[0m batches, [36m4982586[0m pos/sec)]
Estimated time to end of superbatch: [36m3.2[0ms     [Fsuperbatch [36m229[0m | time [36m20.1[0ms | running loss [36m0.013843[0m | [36m4982916[0m pos/sec | total time [36m4792.7[0ms
Estimated time remaining in training: [36m1[0mh [36m10[0mm [36m6[0ms
LR dropped to [36m0.00023309304[0m
superbatch [36m230[0m [[35m0.0[0m% ([36m0[0m/[36m763[0m batches, [36m4634380[0m pos/sec)]
Estimated time to end of superbatch: [36minf[0ms     [Fsuperbatch [36m230[0m [[35m16.8[0m% ([36m128[0m/[36m763[0m batches, [36m4908946[0m pos/sec)]
Estimated time to end of superbatch: [36m17.1[0ms     [Fsuperbatch [36m230[0m [[35m33.6[0m% ([36m256[0m/[36m763[0m batches, [36m4979079[0m pos/sec)]
Estimated time to end of superbatch: [36m13.4[0ms     [Fsuperbatch [36m230[0m [[35m50.3[0m% ([36m384[0m/[36m763[0m batches, [36m5006274[0m pos/sec)]
Estimated time to end of superbatch: [36m9.9[0ms     [Fsuperbatch [36m230[0m [[35m67.1[0m% ([36m512[0m/[36m763[0m batches, [36m4994748[0m pos/sec)]
Estimated time to end of superbatch: [36m6.6[0ms     [Fsuperbatch [36m230[0m [[35m83.9[0m% ([36m640[0m/[36m763[0m batches, [36m4983750[0m pos/sec)]
Estimated time to end of superbatch: [36m3.2[0ms     [Fsuperbatch [36m230[0m | time [36m20.0[0ms | running loss [36m0.013818[0m | [36m4997167[0m pos/sec | total time [36m4812.7[0ms
Estimated time remaining in training: [36m1[0mh [36m9[0mm [36m44[0ms
Saved [anna-v3c-s1-230]
LR dropped to [36m0.00023193256[0m
superbatch [36m231[0m [[35m0.0[0m% ([36m0[0m/[36m763[0m batches, [36m5653643[0m pos/sec)]
Estimated time to end of superbatch: [36minf[0ms     [Fsuperbatch [36m231[0m [[35m16.8[0m% ([36m128[0m/[36m763[0m batches, [36m5685400[0m pos/sec)]
Estimated time to end of superbatch: [36m14.8[0ms     [Fsuperbatch [36m231[0m [[35m33.6[0m% ([36m256[0m/[36m763[0m batches, [36m5673846[0m pos/sec)]
Estimated time to end of superbatch: [36m11.8[0ms     [Fsuperbatch [36m231[0m [[35m50.3[0m% ([36m384[0m/[36m763[0m batches, [36m5639674[0m pos/sec)]
Estimated time to end of superbatch: [36m8.8[0ms     [Fsuperbatch [36m231[0m [[35m67.1[0m% ([36m512[0m/[36m763[0m batches, [36m5657393[0m pos/sec)]
Estimated time to end of superbatch: [36m5.8[0ms     [Fsuperbatch [36m231[0m [[35m83.9[0m% ([36m640[0m/[36m763[0m batches, [36m5664594[0m pos/sec)]
Estimated time to end of superbatch: [36m2.9[0ms     [Fsuperbatch [36m231[0m | time [36m17.7[0ms | running loss [36m0.013889[0m | [36m5661746[0m pos/sec | total time [36m4832.9[0ms
Estimated time remaining in training: [36m1[0mh [36m9[0mm [36m23[0ms
LR dropped to [36m0.00023077213[0m
superbatch [36m232[0m [[35m0.0[0m% ([36m0[0m/[36m763[0m batches, [36m5637833[0m pos/sec)]
Estimated time to end of superbatch: [36minf[0ms     [Fsuperbatch [36m232[0m [[35m16.8[0m% ([36m128[0m/[36m763[0m batches, [36m5658846[0m pos/sec)]
Estimated time to end of superbatch: [36m14.8[0ms     [Fsuperbatch [36m232[0m [[35m33.6[0m% ([36m256[0m/[36m763[0m batches, [36m5677978[0m pos/sec)]
Estimated time to end of superbatch: [36m11.7[0ms     [Fsuperbatch [36m232[0m [[35m50.3[0m% ([36m384[0m/[36m763[0m batches, [36m5683634[0m pos/sec)]
Estimated time to end of superbatch: [36m8.8[0ms     [Fsuperbatch [36m232[0m [[35m67.1[0m% ([36m512[0m/[36m763[0m batches, [36m5569256[0m pos/sec)]
Estimated time to end of superbatch: [36m5.9[0ms     [Fsuperbatch [36m232[0m [[35m83.9[0m% ([36m640[0m/[36m763[0m batches, [36m5452441[0m pos/sec)]
Estimated time to end of superbatch: [36m3.0[0ms     [Fsuperbatch [36m232[0m | time [36m18.6[0ms | running loss [36m0.013888[0m | [36m5390652[0m pos/sec | total time [36m4851.5[0ms
Estimated time remaining in training: [36m1[0mh [36m9[0mm [36m0[0ms
LR dropped to [36m0.00022961164[0m
superbatch [36m233[0m [[35m0.0[0m% ([36m0[0m/[36m763[0m batches, [36m4684571[0m pos/sec)]
Estimated time to end of superbatch: [36minf[0ms     [Fsuperbatch [36m233[0m [[35m16.8[0m% ([36m128[0m/[36m763[0m batches, [36m5083356[0m pos/sec)]
Estimated time to end of superbatch: [36m16.5[0ms     [Fsuperbatch [36m233[0m [[35m33.6[0m% ([36m256[0m/[36m763[0m batches, [36m5011710[0m pos/sec)]
Estimated time to end of superbatch: [36m13.3[0ms     [Fsuperbatch [36m233[0m [[35m50.3[0m% ([36m384[0m/[36m763[0m batches, [36m4979074[0m pos/sec)]
Estimated time to end of superbatch: [36m10.0[0ms     [Fsuperbatch [36m233[0m [[35m67.1[0m% ([36m512[0m/[36m763[0m batches, [36m4995621[0m pos/sec)]
Estimated time to end of superbatch: [36m6.6[0ms     [Fsuperbatch [36m233[0m [[35m83.9[0m% ([36m640[0m/[36m763[0m batches, [36m5008088[0m pos/sec)]
Estimated time to end of superbatch: [36m3.2[0ms     [Fsuperbatch [36m233[0m | time [36m20.0[0ms | running loss [36m0.013936[0m | [36m4998260[0m pos/sec | total time [36m4871.5[0ms
Estimated time remaining in training: [36m1[0mh [36m8[0mm [36m38[0ms
LR dropped to [36m0.00022845119[0m
superbatch [36m234[0m [[35m0.0[0m% ([36m0[0m/[36m763[0m batches, [36m4399123[0m pos/sec)]
Estimated time to end of superbatch: [36minf[0ms     [Fsuperbatch [36m234[0m [[35m16.8[0m% ([36m128[0m/[36m763[0m batches, [36m5013590[0m pos/sec)]
Estimated time to end of superbatch: [36m16.7[0ms     [Fsuperbatch [36m234[0m [[35m33.6[0m% ([36m256[0m/[36m763[0m batches, [36m4990117[0m pos/sec)]
Estimated time to end of superbatch: [36m13.4[0ms     [Fsuperbatch [36m234[0m [[35m50.3[0m% ([36m384[0m/[36m763[0m batches, [36m5013498[0m pos/sec)]
Estimated time to end of superbatch: [36m9.9[0ms     [Fsuperbatch [36m234[0m [[35m67.1[0m% ([36m512[0m/[36m763[0m batches, [36m5019468[0m pos/sec)]
Estimated time to end of superbatch: [36m6.6[0ms     [Fsuperbatch [36m234[0m [[35m83.9[0m% ([36m640[0m/[36m763[0m batches, [36m5009616[0m pos/sec)]
Estimated time to end of superbatch: [36m3.2[0ms     [Fsuperbatch [36m234[0m | time [36m20.0[0ms | running loss [36m0.013932[0m | [36m5007489[0m pos/sec | total time [36m4891.4[0ms
Estimated time remaining in training: [36m1[0mh [36m8[0mm [36m17[0ms
LR dropped to [36m0.0002272907[0m
superbatch [36m235[0m [[35m0.0[0m% ([36m0[0m/[36m763[0m batches, [36m5443203[0m pos/sec)]
Estimated time to end of superbatch: [36minf[0ms     [Fsuperbatch [36m235[0m [[35m16.8[0m% ([36m128[0m/[36m763[0m batches, [36m5055174[0m pos/sec)]
Estimated time to end of superbatch: [36m16.6[0ms     [Fsuperbatch [36m235[0m [[35m33.6[0m% ([36m256[0m/[36m763[0m batches, [36m5016928[0m pos/sec)]
Estimated time to end of superbatch: [36m13.3[0ms     [Fsuperbatch [36m235[0m [[35m50.3[0m% ([36m384[0m/[36m763[0m batches, [36m5007382[0m pos/sec)]
Estimated time to end of superbatch: [36m9.9[0ms     [Fsuperbatch [36m235[0m [[35m67.1[0m% ([36m512[0m/[36m763[0m batches, [36m5027463[0m pos/sec)]
Estimated time to end of superbatch: [36m6.6[0ms     [Fsuperbatch [36m235[0m [[35m83.9[0m% ([36m640[0m/[36m763[0m batches, [36m5037839[0m pos/sec)]
Estimated time to end of superbatch: [36m3.2[0ms     [Fsuperbatch [36m235[0m | time [36m19.9[0ms | running loss [36m0.014010[0m | [36m5022342[0m pos/sec | total time [36m4911.4[0ms
Estimated time remaining in training: [36m1[0mh [36m7[0mm [36m55[0ms
LR dropped to [36m0.00022613027[0m
superbatch [36m236[0m [[35m0.0[0m% ([36m0[0m/[36m763[0m batches, [36m4749579[0m pos/sec)]
Estimated time to end of superbatch: [36minf[0ms     [Fsuperbatch [36m236[0m [[35m16.8[0m% ([36m128[0m/[36m763[0m batches, [36m4939328[0m pos/sec)]
Estimated time to end of superbatch: [36m17.0[0ms     [Fsuperbatch [36m236[0m [[35m33.6[0m% ([36m256[0m/[36m763[0m batches, [36m5005238[0m pos/sec)]
Estimated time to end of superbatch: [36m13.3[0ms     [Fsuperbatch [36m236[0m [[35m50.3[0m% ([36m384[0m/[36m763[0m batches, [36m5020571[0m pos/sec)]
Estimated time to end of superbatch: [36m9.9[0ms     [Fsuperbatch [36m236[0m [[35m67.1[0m% ([36m512[0m/[36m763[0m batches, [36m5000122[0m pos/sec)]
Estimated time to end of superbatch: [36m6.6[0ms     [Fsuperbatch [36m236[0m [[35m83.9[0m% ([36m640[0m/[36m763[0m batches, [36m4996908[0m pos/sec)]
Estimated time to end of superbatch: [36m3.2[0ms     [Fsuperbatch [36m236[0m | time [36m20.0[0ms | running loss [36m0.014068[0m | [36m5007249[0m pos/sec | total time [36m4931.3[0ms
Estimated time remaining in training: [36m1[0mh [36m7[0mm [36m33[0ms
LR dropped to [36m0.00022496979[0m
superbatch [36m237[0m [[35m0.0[0m% ([36m0[0m/[36m763[0m batches, [36m4221940[0m pos/sec)]
Estimated time to end of superbatch: [36minf[0ms     [Fsuperbatch [36m237[0m [[35m16.8[0m% ([36m128[0m/[36m763[0m batches, [36m5047330[0m pos/sec)]
Estimated time to end of superbatch: [36m16.6[0ms     [Fsuperbatch [36m237[0m [[35m33.6[0m% ([36m256[0m/[36m763[0m batches, [36m5034338[0m pos/sec)]
Estimated time to end of superbatch: [36m13.3[0ms     [Fsuperbatch [36m237[0m [[35m50.3[0m% ([36m384[0m/[36m763[0m batches, [36m5026354[0m pos/sec)]
Estimated time to end of superbatch: [36m9.9[0ms     [Fsuperbatch [36m237[0m [[35m67.1[0m% ([36m512[0m/[36m763[0m batches, [36m5030420[0m pos/sec)]
Estimated time to end of superbatch: [36m6.6[0ms     [Fsuperbatch [36m237[0m [[35m83.9[0m% ([36m640[0m/[36m763[0m batches, [36m5035684[0m pos/sec)]
Estimated time to end of superbatch: [36m3.2[0ms     [Fsuperbatch [36m237[0m | time [36m19.9[0ms | running loss [36m0.014071[0m | [36m5036822[0m pos/sec | total time [36m4951.2[0ms
Estimated time remaining in training: [36m1[0mh [36m7[0mm [36m11[0ms
LR dropped to [36m0.00022380933[0m
superbatch [36m238[0m [[35m0.0[0m% ([36m0[0m/[36m763[0m batches, [36m5384502[0m pos/sec)]
Estimated time to end of superbatch: [36minf[0ms     [Fsuperbatch [36m238[0m [[35m16.8[0m% ([36m128[0m/[36m763[0m batches, [36m5011606[0m pos/sec)]
Estimated time to end of superbatch: [36m16.7[0ms     [Fsuperbatch [36m238[0m [[35m33.6[0m% ([36m256[0m/[36m763[0m batches, [36m5065558[0m pos/sec)]
Estimated time to end of superbatch: [36m13.2[0ms     [Fsuperbatch [36m238[0m [[35m50.3[0m% ([36m384[0m/[36m763[0m batches, [36m5067734[0m pos/sec)]
Estimated time to end of superbatch: [36m9.8[0ms     [Fsuperbatch [36m238[0m [[35m67.1[0m% ([36m512[0m/[36m763[0m batches, [36m5046132[0m pos/sec)]
Estimated time to end of superbatch: [36m6.5[0ms     [Fsuperbatch [36m238[0m [[35m83.9[0m% ([36m640[0m/[36m763[0m batches, [36m5035810[0m pos/sec)]
Estimated time to end of superbatch: [36m3.2[0ms     [Fsuperbatch [36m238[0m | time [36m19.9[0ms | running loss [36m0.014115[0m | [36m5026050[0m pos/sec | total time [36m4971.1[0ms
Estimated time remaining in training: [36m1[0mh [36m6[0mm [36m50[0ms
LR dropped to [36m0.00022264884[0m
superbatch [36m239[0m [[35m0.0[0m% ([36m0[0m/[36m763[0m batches, [36m4614874[0m pos/sec)]
Estimated time to end of superbatch: [36minf[0ms     [Fsuperbatch [36m239[0m [[35m16.8[0m% ([36m128[0m/[36m763[0m batches, [36m5030804[0m pos/sec)]
Estimated time to end of superbatch: [36m16.7[0ms     [Fsuperbatch [36m239[0m [[35m33.6[0m% ([36m256[0m/[36m763[0m batches, [36m4109346[0m pos/sec)]
Estimated time to end of superbatch: [36m16.2[0ms     [Fsuperbatch [36m239[0m [[35m50.3[0m% ([36m384[0m/[36m763[0m batches, [36m3865204[0m pos/sec)]
Estimated time to end of superbatch: [36m12.9[0ms     [Fsuperbatch [36m239[0m [[35m67.1[0m% ([36m512[0m/[36m763[0m batches, [36m4098826[0m pos/sec)]
Estimated time to end of superbatch: [36m8.0[0ms     [Fsuperbatch [36m239[0m [[35m83.9[0m% ([36m640[0m/[36m763[0m batches, [36m4261540[0m pos/sec)]
Estimated time to end of superbatch: [36m3.8[0ms     [Fsuperbatch [36m239[0m | time [36m22.9[0ms | running loss [36m0.014069[0m | [36m4363858[0m pos/sec | total time [36m4994.0[0ms
Estimated time remaining in training: [36m1[0mh [36m6[0mm [36m31[0ms
LR dropped to [36m0.00022148839[0m
superbatch [36m240[0m [[35m0.0[0m% ([36m0[0m/[36m763[0m batches, [36m5660206[0m pos/sec)]
Estimated time to end of superbatch: [36minf[0ms     [Fsuperbatch [36m240[0m [[35m16.8[0m% ([36m128[0m/[36m763[0m batches, [36m2973121[0m pos/sec)]
Estimated time to end of superbatch: [36m28.2[0ms     [Fsuperbatch [36m240[0m [[35m33.6[0m% ([36m256[0m/[36m763[0m batches, [36m2191773[0m pos/sec)]
Estimated time to end of superbatch: [36m30.4[0ms     [Fsuperbatch [36m240[0m [[35m50.3[0m% ([36m384[0m/[36m763[0m batches, [36m2470745[0m pos/sec)]
Estimated time to end of superbatch: [36m20.2[0ms     [Fsuperbatch [36m240[0m [[35m67.1[0m% ([36m512[0m/[36m763[0m batches, [36m2793350[0m pos/sec)]
Estimated time to end of superbatch: [36m11.8[0ms     [Fsuperbatch [36m240[0m [[35m83.9[0m% ([36m640[0m/[36m763[0m batches, [36m3021858[0m pos/sec)]
Estimated time to end of superbatch: [36m5.3[0ms     [Fsuperbatch [36m240[0m | time [36m31.1[0ms | running loss [36m0.014153[0m | [36m3214248[0m pos/sec | total time [36m5025.1[0ms
Estimated time remaining in training: [36m1[0mh [36m6[0mm [36m18[0ms
Saved [anna-v3c-s1-240]
LR dropped to [36m0.00022032793[0m
superbatch [36m241[0m [[35m0.0[0m% ([36m0[0m/[36m763[0m batches, [36m5457874[0m pos/sec)]
Estimated time to end of superbatch: [36minf[0ms     [Fsuperbatch [36m241[0m [[35m16.8[0m% ([36m128[0m/[36m763[0m batches, [36m5362164[0m pos/sec)]
Estimated time to end of superbatch: [36m15.6[0ms     [Fsuperbatch [36m241[0m [[35m33.6[0m% ([36m256[0m/[36m763[0m batches, [36m5309084[0m pos/sec)]
Estimated time to end of superbatch: [36m12.6[0ms     [Fsuperbatch [36m241[0m [[35m50.3[0m% ([36m384[0m/[36m763[0m batches, [36m5131746[0m pos/sec)]
Estimated time to end of superbatch: [36m9.7[0ms     [Fsuperbatch [36m241[0m [[35m67.1[0m% ([36m512[0m/[36m763[0m batches, [36m5040908[0m pos/sec)]
Estimated time to end of superbatch: [36m6.5[0ms     [Fsuperbatch [36m241[0m [[35m83.9[0m% ([36m640[0m/[36m763[0m batches, [36m5045494[0m pos/sec)]
Estimated time to end of superbatch: [36m3.2[0ms     [Fsuperbatch [36m241[0m | time [36m20.0[0ms | running loss [36m0.014108[0m | [36m5012582[0m pos/sec | total time [36m5047.6[0ms
Estimated time remaining in training: [36m1[0mh [36m5[0mm [36m58[0ms
LR dropped to [36m0.00021916747[0m
superbatch [36m242[0m [[35m0.0[0m% ([36m0[0m/[36m763[0m batches, [36m5085438[0m pos/sec)]
Estimated time to end of superbatch: [36minf[0ms     [Fsuperbatch [36m242[0m [[35m16.8[0m% ([36m128[0m/[36m763[0m batches, [36m4727088[0m pos/sec)]
Estimated time to end of superbatch: [36m17.7[0ms     [Fsuperbatch [36m242[0m [[35m33.6[0m% ([36m256[0m/[36m763[0m batches, [36m4849701[0m pos/sec)]
Estimated time to end of superbatch: [36m13.8[0ms     [Fsuperbatch [36m242[0m [[35m50.3[0m% ([36m384[0m/[36m763[0m batches, [36m4911024[0m pos/sec)]
Estimated time to end of superbatch: [36m10.1[0ms     [Fsuperbatch [36m242[0m [[35m67.1[0m% ([36m512[0m/[36m763[0m batches, [36m4911684[0m pos/sec)]
Estimated time to end of superbatch: [36m6.7[0ms     [Fsuperbatch [36m242[0m [[35m83.9[0m% ([36m640[0m/[36m763[0m batches, [36m4905044[0m pos/sec)]
Estimated time to end of superbatch: [36m3.3[0ms     [Fsuperbatch [36m242[0m | time [36m20.3[0ms | running loss [36m0.014199[0m | [36m4927950[0m pos/sec | total time [36m5067.9[0ms
Estimated time remaining in training: [36m1[0mh [36m5[0mm [36m37[0ms
LR dropped to [36m0.00021800699[0m
superbatch [36m243[0m [[35m0.0[0m% ([36m0[0m/[36m763[0m batches, [36m5561475[0m pos/sec)]
Estimated time to end of superbatch: [36minf[0ms     [Fsuperbatch [36m243[0m [[35m16.8[0m% ([36m128[0m/[36m763[0m batches, [36m5032414[0m pos/sec)]
Estimated time to end of superbatch: [36m16.7[0ms     [Fsuperbatch [36m243[0m [[35m33.6[0m% ([36m256[0m/[36m763[0m batches, [36m4918364[0m pos/sec)]
Estimated time to end of superbatch: [36m13.6[0ms     [Fsuperbatch [36m243[0m [[35m50.3[0m% ([36m384[0m/[36m763[0m batches, [36m4873518[0m pos/sec)]
Estimated time to end of superbatch: [36m10.2[0ms     [Fsuperbatch [36m243[0m [[35m67.1[0m% ([36m512[0m/[36m763[0m batches, [36m4921462[0m pos/sec)]
Estimated time to end of superbatch: [36m6.7[0ms     [Fsuperbatch [36m243[0m [[35m83.9[0m% ([36m640[0m/[36m763[0m batches, [36m4941496[0m pos/sec)]
Estimated time to end of superbatch: [36m3.3[0ms     [Fsuperbatch [36m243[0m | time [36m20.3[0ms | running loss [36m0.014153[0m | [36m4937284[0m pos/sec | total time [36m5088.2[0ms
Estimated time remaining in training: [36m1[0mh [36m5[0mm [36m15[0ms
LR dropped to [36m0.00021684653[0m
superbatch [36m244[0m [[35m0.0[0m% ([36m0[0m/[36m763[0m batches, [36m5304328[0m pos/sec)]
Estimated time to end of superbatch: [36minf[0ms     [Fsuperbatch [36m244[0m [[35m16.8[0m% ([36m128[0m/[36m763[0m batches, [36m4917826[0m pos/sec)]
Estimated time to end of superbatch: [36m17.1[0ms     [Fsuperbatch [36m244[0m [[35m33.6[0m% ([36m256[0m/[36m763[0m batches, [36m4972726[0m pos/sec)]
Estimated time to end of superbatch: [36m13.4[0ms     [Fsuperbatch [36m244[0m [[35m50.3[0m% ([36m384[0m/[36m763[0m batches, [36m4987362[0m pos/sec)]
Estimated time to end of superbatch: [36m10.0[0ms     [Fsuperbatch [36m244[0m [[35m67.1[0m% ([36m512[0m/[36m763[0m batches, [36m4966660[0m pos/sec)]
Estimated time to end of superbatch: [36m6.6[0ms     [Fsuperbatch [36m244[0m [[35m83.9[0m% ([36m640[0m/[36m763[0m batches, [36m4950154[0m pos/sec)]
Estimated time to end of superbatch: [36m3.3[0ms     [Fsuperbatch [36m244[0m | time [36m20.2[0ms | running loss [36m0.014269[0m | [36m4949461[0m pos/sec | total time [36m5108.4[0ms
Estimated time remaining in training: [36m1[0mh [36m4[0mm [36m54[0ms
LR dropped to [36m0.00021568607[0m
superbatch [36m245[0m [[35m0.0[0m% ([36m0[0m/[36m763[0m batches, [36m4234808[0m pos/sec)]
Estimated time to end of superbatch: [36minf[0ms     [Fsuperbatch [36m245[0m [[35m16.8[0m% ([36m128[0m/[36m763[0m batches, [36m5071186[0m pos/sec)]
Estimated time to end of superbatch: [36m16.5[0ms     [Fsuperbatch [36m245[0m [[35m33.6[0m% ([36m256[0m/[36m763[0m batches, [36m5023702[0m pos/sec)]
Estimated time to end of superbatch: [36m13.3[0ms     [Fsuperbatch [36m245[0m [[35m50.3[0m% ([36m384[0m/[36m763[0m batches, [36m4943676[0m pos/sec)]
Estimated time to end of superbatch: [36m10.1[0ms     [Fsuperbatch [36m245[0m [[35m67.1[0m% ([36m512[0m/[36m763[0m batches, [36m4962746[0m pos/sec)]
Estimated time to end of superbatch: [36m6.6[0ms     [Fsuperbatch [36m245[0m [[35m83.9[0m% ([36m640[0m/[36m763[0m batches, [36m4975675[0m pos/sec)]
Estimated time to end of superbatch: [36m3.2[0ms     [Fsuperbatch [36m245[0m | time [36m20.2[0ms | running loss [36m0.014211[0m | [36m4943830[0m pos/sec | total time [36m5128.6[0ms
Estimated time remaining in training: [36m1[0mh [36m4[0mm [36m32[0ms
LR dropped to [36m0.00021452561[0m
superbatch [36m246[0m [[35m0.0[0m% ([36m0[0m/[36m763[0m batches, [36m3457757[0m pos/sec)]
Estimated time to end of superbatch: [36minf[0ms     [Fsuperbatch [36m246[0m [[35m16.8[0m% ([36m128[0m/[36m763[0m batches, [36m4780478[0m pos/sec)]
Estimated time to end of superbatch: [36m17.5[0ms     [Fsuperbatch [36m246[0m [[35m33.6[0m% ([36m256[0m/[36m763[0m batches, [36m4928764[0m pos/sec)]
Estimated time to end of superbatch: [36m13.5[0ms     [Fsuperbatch [36m246[0m [[35m50.3[0m% ([36m384[0m/[36m763[0m batches, [36m4804905[0m pos/sec)]
Estimated time to end of superbatch: [36m10.4[0ms     [Fsuperbatch [36m246[0m [[35m67.1[0m% ([36m512[0m/[36m763[0m batches, [36m4796232[0m pos/sec)]
Estimated time to end of superbatch: [36m6.9[0ms     [Fsuperbatch [36m246[0m [[35m83.9[0m% ([36m640[0m/[36m763[0m batches, [36m4794724[0m pos/sec)]
Estimated time to end of superbatch: [36m3.4[0ms     [Fsuperbatch [36m246[0m | time [36m20.7[0ms | running loss [36m0.014320[0m | [36m4835668[0m pos/sec | total time [36m5149.3[0ms
Estimated time remaining in training: [36m1[0mh [36m4[0mm [36m11[0ms
LR dropped to [36m0.00021336513[0m
superbatch [36m247[0m [[35m0.0[0m% ([36m0[0m/[36m763[0m batches, [36m2617024[0m pos/sec)]
Estimated time to end of superbatch: [36minf[0ms     [Fsuperbatch [36m247[0m [[35m16.8[0m% ([36m128[0m/[36m763[0m batches, [36m3355330[0m pos/sec)]
Estimated time to end of superbatch: [36m25.0[0ms     [Fsuperbatch [36m247[0m [[35m33.6[0m% ([36m256[0m/[36m763[0m batches, [36m3946012[0m pos/sec)]
Estimated time to end of superbatch: [36m16.9[0ms     [Fsuperbatch [36m247[0m [[35m50.3[0m% ([36m384[0m/[36m763[0m batches, [36m4167606[0m pos/sec)]
Estimated time to end of superbatch: [36m12.0[0ms     [Fsuperbatch [36m247[0m [[35m67.1[0m% ([36m512[0m/[36m763[0m batches, [36m4348615[0m pos/sec)]
Estimated time to end of superbatch: [36m7.6[0ms     [Fsuperbatch [36m247[0m [[35m83.9[0m% ([36m640[0m/[36m763[0m batches, [36m4470094[0m pos/sec)]
Estimated time to end of superbatch: [36m3.6[0ms     [Fsuperbatch [36m247[0m | time [36m22.3[0ms | running loss [36m0.014236[0m | [36m4485152[0m pos/sec | total time [36m5171.6[0ms
Estimated time remaining in training: [36m1[0mh [36m3[0mm [36m51[0ms
LR dropped to [36m0.00021220467[0m
superbatch [36m248[0m [[35m0.0[0m% ([36m0[0m/[36m763[0m batches, [36m5467692[0m pos/sec)]
Estimated time to end of superbatch: [36minf[0ms     [Fsuperbatch [36m248[0m [[35m16.8[0m% ([36m128[0m/[36m763[0m batches, [36m4623094[0m pos/sec)]
Estimated time to end of superbatch: [36m18.1[0ms     [Fsuperbatch [36m248[0m [[35m33.6[0m% ([36m256[0m/[36m763[0m batches, [36m4829470[0m pos/sec)]
Estimated time to end of superbatch: [36m13.8[0ms     [Fsuperbatch [36m248[0m [[35m50.3[0m% ([36m384[0m/[36m763[0m batches, [36m4891916[0m pos/sec)]
Estimated time to end of superbatch: [36m10.2[0ms     [Fsuperbatch [36m248[0m [[35m67.1[0m% ([36m512[0m/[36m763[0m batches, [36m4895714[0m pos/sec)]
Estimated time to end of superbatch: [36m6.7[0ms     [Fsuperbatch [36m248[0m [[35m83.9[0m% ([36m640[0m/[36m763[0m batches, [36m4864814[0m pos/sec)]
Estimated time to end of superbatch: [36m3.3[0ms     [Fsuperbatch [36m248[0m | time [36m20.4[0ms | running loss [36m0.014385[0m | [36m4906440[0m pos/sec | total time [36m5192.0[0ms
Estimated time remaining in training: [36m1[0mh [36m3[0mm [36m30[0ms
LR dropped to [36m0.00021104419[0m
superbatch [36m249[0m [[35m0.0[0m% ([36m0[0m/[36m763[0m batches, [36m5534034[0m pos/sec)]
Estimated time to end of superbatch: [36minf[0ms     [Fsuperbatch [36m249[0m [[35m16.8[0m% ([36m128[0m/[36m763[0m batches, [36m5681339[0m pos/sec)]
Estimated time to end of superbatch: [36m14.8[0ms     [Fsuperbatch [36m249[0m [[35m33.6[0m% ([36m256[0m/[36m763[0m batches, [36m5501804[0m pos/sec)]
Estimated time to end of superbatch: [36m12.1[0ms     [Fsuperbatch [36m249[0m [[35m50.3[0m% ([36m384[0m/[36m763[0m batches, [36m5262360[0m pos/sec)]
Estimated time to end of superbatch: [36m9.5[0ms     [Fsuperbatch [36m249[0m [[35m67.1[0m% ([36m512[0m/[36m763[0m batches, [36m5210782[0m pos/sec)]
Estimated time to end of superbatch: [36m6.3[0ms     [Fsuperbatch [36m249[0m [[35m83.9[0m% ([36m640[0m/[36m763[0m batches, [36m5211745[0m pos/sec)]
Estimated time to end of superbatch: [36m3.1[0ms     [Fsuperbatch [36m249[0m | time [36m19.3[0ms | running loss [36m0.014289[0m | [36m5181135[0m pos/sec | total time [36m5211.3[0ms
Estimated time remaining in training: [36m1[0mh [36m3[0mm [36m8[0ms
LR dropped to [36m0.00020988376[0m
superbatch [36m250[0m [[35m0.0[0m% ([36m0[0m/[36m763[0m batches, [36m5560594[0m pos/sec)]
Estimated time to end of superbatch: [36minf[0ms     [Fsuperbatch [36m250[0m [[35m16.8[0m% ([36m128[0m/[36m763[0m batches, [36m4796812[0m pos/sec)]
Estimated time to end of superbatch: [36m17.5[0ms     [Fsuperbatch [36m250[0m [[35m33.6[0m% ([36m256[0m/[36m763[0m batches, [36m4883564[0m pos/sec)]
Estimated time to end of superbatch: [36m13.7[0ms     [Fsuperbatch [36m250[0m [[35m50.3[0m% ([36m384[0m/[36m763[0m batches, [36m4953140[0m pos/sec)]
Estimated time to end of superbatch: [36m10.1[0ms     [Fsuperbatch [36m250[0m [[35m67.1[0m% ([36m512[0m/[36m763[0m batches, [36m4955598[0m pos/sec)]
Estimated time to end of superbatch: [36m6.7[0ms     [Fsuperbatch [36m250[0m [[35m83.9[0m% ([36m640[0m/[36m763[0m batches, [36m4925952[0m pos/sec)]
Estimated time to end of superbatch: [36m3.3[0ms     [Fsuperbatch [36m250[0m | time [36m20.2[0ms | running loss [36m0.014431[0m | [36m4939624[0m pos/sec | total time [36m5231.5[0ms
Estimated time remaining in training: [36m1[0mh [36m2[0mm [36m46[0ms
Saved [anna-v3c-s1-250]
LR dropped to [36m0.00020872327[0m
superbatch [36m251[0m [[35m0.0[0m% ([36m0[0m/[36m763[0m batches, [36m4165588[0m pos/sec)]
Estimated time to end of superbatch: [36minf[0ms     [Fsuperbatch [36m251[0m [[35m16.8[0m% ([36m128[0m/[36m763[0m batches, [36m5348406[0m pos/sec)]
Estimated time to end of superbatch: [36m15.7[0ms     [Fsuperbatch [36m251[0m [[35m33.6[0m% ([36m256[0m/[36m763[0m batches, [36m4905942[0m pos/sec)]
Estimated time to end of superbatch: [36m13.6[0ms     [Fsuperbatch [36m251[0m [[35m50.3[0m% ([36m384[0m/[36m763[0m batches, [36m4767974[0m pos/sec)]
Estimated time to end of superbatch: [36m10.4[0ms     [Fsuperbatch [36m251[0m [[35m67.1[0m% ([36m512[0m/[36m763[0m batches, [36m4829884[0m pos/sec)]
Estimated time to end of superbatch: [36m6.8[0ms     [Fsuperbatch [36m251[0m [[35m83.9[0m% ([36m640[0m/[36m763[0m batches, [36m4867586[0m pos/sec)]
Estimated time to end of superbatch: [36m3.3[0ms     [Fsuperbatch [36m251[0m | time [36m20.4[0ms | running loss [36m0.014296[0m | [36m4897245[0m pos/sec | total time [36m5254.6[0ms
Estimated time remaining in training: [36m1[0mh [36m2[0mm [36m27[0ms
LR dropped to [36m0.00020756281[0m
superbatch [36m252[0m [[35m0.0[0m% ([36m0[0m/[36m763[0m batches, [36m4951957[0m pos/sec)]
Estimated time to end of superbatch: [36minf[0ms     [Fsuperbatch [36m252[0m [[35m16.8[0m% ([36m128[0m/[36m763[0m batches, [36m4634518[0m pos/sec)]
Estimated time to end of superbatch: [36m18.1[0ms     [Fsuperbatch [36m252[0m [[35m33.6[0m% ([36m256[0m/[36m763[0m batches, [36m4817114[0m pos/sec)]
Estimated time to end of superbatch: [36m13.8[0ms     [Fsuperbatch [36m252[0m [[35m50.3[0m% ([36m384[0m/[36m763[0m batches, [36m4911431[0m pos/sec)]
Estimated time to end of superbatch: [36m10.1[0ms     [Fsuperbatch [36m252[0m [[35m67.1[0m% ([36m512[0m/[36m763[0m batches, [36m4912129[0m pos/sec)]
Estimated time to end of superbatch: [36m6.7[0ms     [Fsuperbatch [36m252[0m [[35m83.9[0m% ([36m640[0m/[36m763[0m batches, [36m4855233[0m pos/sec)]
Estimated time to end of superbatch: [36m3.3[0ms     [Fsuperbatch [36m252[0m | time [36m20.5[0ms | running loss [36m0.014509[0m | [36m4877400[0m pos/sec | total time [36m5275.1[0ms
Estimated time remaining in training: [36m1[0mh [36m2[0mm [36m6[0ms
LR dropped to [36m0.00020640233[0m
superbatch [36m253[0m [[35m0.0[0m% ([36m0[0m/[36m763[0m batches, [36m5657428[0m pos/sec)]
Estimated time to end of superbatch: [36minf[0ms     [Fsuperbatch [36m253[0m [[35m16.8[0m% ([36m128[0m/[36m763[0m batches, [36m5043139[0m pos/sec)]
Estimated time to end of superbatch: [36m16.6[0ms     [Fsuperbatch [36m253[0m [[35m33.6[0m% ([36m256[0m/[36m763[0m batches, [36m4972540[0m pos/sec)]
Estimated time to end of superbatch: [36m13.4[0ms     [Fsuperbatch [36m253[0m [[35m50.3[0m% ([36m384[0m/[36m763[0m batches, [36m4743073[0m pos/sec)]
Estimated time to end of superbatch: [36m10.5[0ms     [Fsuperbatch [36m253[0m [[35m67.1[0m% ([36m512[0m/[36m763[0m batches, [36m4779708[0m pos/sec)]
Estimated time to end of superbatch: [36m6.9[0ms     [Fsuperbatch [36m253[0m [[35m83.9[0m% ([36m640[0m/[36m763[0m batches, [36m4815790[0m pos/sec)]
Estimated time to end of superbatch: [36m3.4[0ms     [Fsuperbatch [36m253[0m | time [36m20.6[0ms | running loss [36m0.014379[0m | [36m4844238[0m pos/sec | total time [36m5295.8[0ms
Estimated time remaining in training: [36m1[0mh [36m1[0mm [36m44[0ms
LR dropped to [36m0.0002052419[0m
superbatch [36m254[0m [[35m0.0[0m% ([36m0[0m/[36m763[0m batches, [36m5466034[0m pos/sec)]
Estimated time to end of superbatch: [36minf[0ms     [Fsuperbatch [36m254[0m [[35m16.8[0m% ([36m128[0m/[36m763[0m batches, [36m4704932[0m pos/sec)]
Estimated time to end of superbatch: [36m17.8[0ms     [Fsuperbatch [36m254[0m [[35m33.6[0m% ([36m256[0m/[36m763[0m batches, [36m4818114[0m pos/sec)]
Estimated time to end of superbatch: [36m13.8[0ms     [Fsuperbatch [36m254[0m [[35m50.3[0m% ([36m384[0m/[36m763[0m batches, [36m4882881[0m pos/sec)]
Estimated time to end of superbatch: [36m10.2[0ms     [Fsuperbatch [36m254[0m [[35m67.1[0m% ([36m512[0m/[36m763[0m batches, [36m4906547[0m pos/sec)]
Estimated time to end of superbatch: [36m6.7[0ms     [Fsuperbatch [36m254[0m [[35m83.9[0m% ([36m640[0m/[36m763[0m batches, [36m4850154[0m pos/sec)]
Estimated time to end of superbatch: [36m3.3[0ms     [Fsuperbatch [36m254[0m | time [36m20.5[0ms | running loss [36m0.014616[0m | [36m4871304[0m pos/sec | total time [36m5316.3[0ms
Estimated time remaining in training: [36m1[0mh [36m1[0mm [36m23[0ms
LR dropped to [36m0.00020408141[0m
superbatch [36m255[0m [[35m0.0[0m% ([36m0[0m/[36m763[0m batches, [36m5654418[0m pos/sec)]
Estimated time to end of superbatch: [36minf[0ms     [Fsuperbatch [36m255[0m [[35m16.8[0m% ([36m128[0m/[36m763[0m batches, [36m5011704[0m pos/sec)]
Estimated time to end of superbatch: [36m16.7[0ms     [Fsuperbatch [36m255[0m [[35m33.6[0m% ([36m256[0m/[36m763[0m batches, [36m4960393[0m pos/sec)]
Estimated time to end of superbatch: [36m13.4[0ms     [Fsuperbatch [36m255[0m [[35m50.3[0m% ([36m384[0m/[36m763[0m batches, [36m4888300[0m pos/sec)]
Estimated time to end of superbatch: [36m10.2[0ms     [Fsuperbatch [36m255[0m [[35m67.1[0m% ([36m512[0m/[36m763[0m batches, [36m4894771[0m pos/sec)]
Estimated time to end of superbatch: [36m6.7[0ms     [Fsuperbatch [36m255[0m [[35m83.9[0m% ([36m640[0m/[36m763[0m batches, [36m4919302[0m pos/sec)]
Estimated time to end of superbatch: [36m3.3[0ms     [Fsuperbatch [36m255[0m | time [36m20.3[0ms | running loss [36m0.014457[0m | [36m4935500[0m pos/sec | total time [36m5336.6[0ms
Estimated time remaining in training: [36m1[0mh [36m1[0mm [36m2[0ms
LR dropped to [36m0.00020292096[0m
superbatch [36m256[0m [[35m0.0[0m% ([36m0[0m/[36m763[0m batches, [36m4581964[0m pos/sec)]
Estimated time to end of superbatch: [36minf[0ms     [Fsuperbatch [36m256[0m [[35m16.8[0m% ([36m128[0m/[36m763[0m batches, [36m4803064[0m pos/sec)]
Estimated time to end of superbatch: [36m17.5[0ms     [Fsuperbatch [36m256[0m [[35m33.6[0m% ([36m256[0m/[36m763[0m batches, [36m4891742[0m pos/sec)]
Estimated time to end of superbatch: [36m13.6[0ms     [Fsuperbatch [36m256[0m [[35m50.3[0m% ([36m384[0m/[36m763[0m batches, [36m4927279[0m pos/sec)]
Estimated time to end of superbatch: [36m10.1[0ms     [Fsuperbatch [36m256[0m [[35m67.1[0m% ([36m512[0m/[36m763[0m batches, [36m4941759[0m pos/sec)]
Estimated time to end of superbatch: [36m6.7[0ms     [Fsuperbatch [36m256[0m [[35m83.9[0m% ([36m640[0m/[36m763[0m batches, [36m4894044[0m pos/sec)]
Estimated time to end of superbatch: [36m3.3[0ms     [Fsuperbatch [36m256[0m | time [36m20.4[0ms | running loss [36m0.014688[0m | [36m4892464[0m pos/sec | total time [36m5357.0[0ms
Estimated time remaining in training: [36m1[0mh [36m0[0mm [36m41[0ms
LR dropped to [36m0.00020176047[0m
superbatch [36m257[0m [[35m0.0[0m% ([36m0[0m/[36m763[0m batches, [36m5465958[0m pos/sec)]
Estimated time to end of superbatch: [36minf[0ms     [Fsuperbatch [36m257[0m [[35m16.8[0m% ([36m128[0m/[36m763[0m batches, [36m5005955[0m pos/sec)]
Estimated time to end of superbatch: [36m16.8[0ms     [Fsuperbatch [36m257[0m [[35m33.6[0m% ([36m256[0m/[36m763[0m batches, [36m5049710[0m pos/sec)]
Estimated time to end of superbatch: [36m13.2[0ms     [Fsuperbatch [36m257[0m [[35m50.3[0m% ([36m384[0m/[36m763[0m batches, [36m4940778[0m pos/sec)]
Estimated time to end of superbatch: [36m10.1[0ms     [Fsuperbatch [36m257[0m [[35m67.1[0m% ([36m512[0m/[36m763[0m batches, [36m4920555[0m pos/sec)]
Estimated time to end of superbatch: [36m6.7[0ms     [Fsuperbatch [36m257[0m [[35m83.9[0m% ([36m640[0m/[36m763[0m batches, [36m4947922[0m pos/sec)]
Estimated time to end of superbatch: [36m3.3[0ms     [Fsuperbatch [36m257[0m | time [36m20.2[0ms | running loss [36m0.014476[0m | [36m4957975[0m pos/sec | total time [36m5377.2[0ms
Estimated time remaining in training: [36m1[0mh [36m0[0mm [36m19[0ms
LR dropped to [36m0.00020060001[0m
superbatch [36m258[0m [[35m0.0[0m% ([36m0[0m/[36m763[0m batches, [36m5565836[0m pos/sec)]
Estimated time to end of superbatch: [36minf[0ms     [Fsuperbatch [36m258[0m [[35m16.8[0m% ([36m128[0m/[36m763[0m batches, [36m4738788[0m pos/sec)]
Estimated time to end of superbatch: [36m17.7[0ms     [Fsuperbatch [36m258[0m [[35m33.6[0m% ([36m256[0m/[36m763[0m batches, [36m4830112[0m pos/sec)]
Estimated time to end of superbatch: [36m13.8[0ms     [Fsuperbatch [36m258[0m [[35m50.3[0m% ([36m384[0m/[36m763[0m batches, [36m4902270[0m pos/sec)]
Estimated time to end of superbatch: [36m10.2[0ms     [Fsuperbatch [36m258[0m [[35m67.1[0m% ([36m512[0m/[36m763[0m batches, [36m5054382[0m pos/sec)]
Estimated time to end of superbatch: [36m6.5[0ms     [Fsuperbatch [36m258[0m [[35m83.9[0m% ([36m640[0m/[36m763[0m batches, [36m4981394[0m pos/sec)]
Estimated time to end of superbatch: [36m3.2[0ms     [Fsuperbatch [36m258[0m | time [36m20.2[0ms | running loss [36m0.014694[0m | [36m4960188[0m pos/sec | total time [36m5397.3[0ms
Estimated time remaining in training: [36m0[0mh [36m59[0mm [36m58[0ms
LR dropped to [36m0.00019943956[0m
superbatch [36m259[0m [[35m0.0[0m% ([36m0[0m/[36m763[0m batches, [36m5582178[0m pos/sec)]
Estimated time to end of superbatch: [36minf[0ms     [Fsuperbatch [36m259[0m [[35m16.8[0m% ([36m128[0m/[36m763[0m batches, [36m4960548[0m pos/sec)]
Estimated time to end of superbatch: [36m16.9[0ms     [Fsuperbatch [36m259[0m [[35m33.6[0m% ([36m256[0m/[36m763[0m batches, [36m4982688[0m pos/sec)]
Estimated time to end of superbatch: [36m13.4[0ms     [Fsuperbatch [36m259[0m [[35m50.3[0m% ([36m384[0m/[36m763[0m batches, [36m4908036[0m pos/sec)]
Estimated time to end of superbatch: [36m10.1[0ms     [Fsuperbatch [36m259[0m [[35m67.1[0m% ([36m512[0m/[36m763[0m batches, [36m4872863[0m pos/sec)]
Estimated time to end of superbatch: [36m6.8[0ms     [Fsuperbatch [36m259[0m [[35m83.9[0m% ([36m640[0m/[36m763[0m batches, [36m4893222[0m pos/sec)]
Estimated time to end of superbatch: [36m3.3[0ms     [Fsuperbatch [36m259[0m | time [36m20.3[0ms | running loss [36m0.014496[0m | [36m4919206[0m pos/sec | total time [36m5417.7[0ms
Estimated time remaining in training: [36m0[0mh [36m59[0mm [36m36[0ms
LR dropped to [36m0.0001982791[0m
superbatch [36m260[0m [[35m0.0[0m% ([36m0[0m/[36m763[0m batches, [36m5445771[0m pos/sec)]
Estimated time to end of superbatch: [36minf[0ms     [Fsuperbatch [36m260[0m [[35m16.8[0m% ([36m128[0m/[36m763[0m batches, [36m4831996[0m pos/sec)]
Estimated time to end of superbatch: [36m17.4[0ms     [Fsuperbatch [36m260[0m [[35m33.6[0m% ([36m256[0m/[36m763[0m batches, [36m4972640[0m pos/sec)]
Estimated time to end of superbatch: [36m13.4[0ms     [Fsuperbatch [36m260[0m [[35m50.3[0m% ([36m384[0m/[36m763[0m batches, [36m5075321[0m pos/sec)]
Estimated time to end of superbatch: [36m9.8[0ms     [Fsuperbatch [36m260[0m [[35m67.1[0m% ([36m512[0m/[36m763[0m batches, [36m5212292[0m pos/sec)]
Estimated time to end of superbatch: [36m6.3[0ms     [Fsuperbatch [36m260[0m [[35m83.9[0m% ([36m640[0m/[36m763[0m batches, [36m5195800[0m pos/sec)]
Estimated time to end of superbatch: [36m3.1[0ms     [Fsuperbatch [36m260[0m | time [36m19.5[0ms | running loss [36m0.014750[0m | [36m5139781[0m pos/sec | total time [36m5437.1[0ms
Estimated time remaining in training: [36m0[0mh [36m59[0mm [36m15[0ms
Saved [anna-v3c-s1-260]
LR dropped to [36m0.00019711861[0m
superbatch [36m261[0m [[35m0.0[0m% ([36m0[0m/[36m763[0m batches, [36m5601668[0m pos/sec)]
Estimated time to end of superbatch: [36minf[0ms     [Fsuperbatch [36m261[0m [[35m16.8[0m% ([36m128[0m/[36m763[0m batches, [36m5670940[0m pos/sec)]
Estimated time to end of superbatch: [36m14.8[0ms     [Fsuperbatch [36m261[0m [[35m33.6[0m% ([36m256[0m/[36m763[0m batches, [36m5665648[0m pos/sec)]
Estimated time to end of superbatch: [36m11.8[0ms     [Fsuperbatch [36m261[0m [[35m50.3[0m% ([36m384[0m/[36m763[0m batches, [36m5611182[0m pos/sec)]
Estimated time to end of superbatch: [36m8.9[0ms     [Fsuperbatch [36m261[0m [[35m67.1[0m% ([36m512[0m/[36m763[0m batches, [36m5435856[0m pos/sec)]
Estimated time to end of superbatch: [36m6.1[0ms     [Fsuperbatch [36m261[0m [[35m83.9[0m% ([36m640[0m/[36m763[0m batches, [36m5346990[0m pos/sec)]
Estimated time to end of superbatch: [36m3.0[0ms     [Fsuperbatch [36m261[0m | time [36m18.9[0ms | running loss [36m0.014586[0m | [36m5288870[0m pos/sec | total time [36m5458.6[0ms
Estimated time remaining in training: [36m0[0mh [36m58[0mm [36m54[0ms
LR dropped to [36m0.00019595816[0m
superbatch [36m262[0m [[35m0.0[0m% ([36m0[0m/[36m763[0m batches, [36m5630905[0m pos/sec)]
Estimated time to end of superbatch: [36minf[0ms     [Fsuperbatch [36m262[0m [[35m16.8[0m% ([36m128[0m/[36m763[0m batches, [36m4949452[0m pos/sec)]
Estimated time to end of superbatch: [36m16.9[0ms     [Fsuperbatch [36m262[0m [[35m33.6[0m% ([36m256[0m/[36m763[0m batches, [36m4885389[0m pos/sec)]
Estimated time to end of superbatch: [36m13.7[0ms     [Fsuperbatch [36m262[0m [[35m50.3[0m% ([36m384[0m/[36m763[0m batches, [36m4910880[0m pos/sec)]
Estimated time to end of superbatch: [36m10.1[0ms     [Fsuperbatch [36m262[0m [[35m67.1[0m% ([36m512[0m/[36m763[0m batches, [36m4948850[0m pos/sec)]
Estimated time to end of superbatch: [36m6.7[0ms     [Fsuperbatch [36m262[0m [[35m83.9[0m% ([36m640[0m/[36m763[0m batches, [36m4944869[0m pos/sec)]
Estimated time to end of superbatch: [36m3.3[0ms     [Fsuperbatch [36m262[0m | time [36m20.2[0ms | running loss [36m0.014759[0m | [36m4940758[0m pos/sec | total time [36m5478.8[0ms
Estimated time remaining in training: [36m0[0mh [36m58[0mm [36m33[0ms
LR dropped to [36m0.00019479767[0m
superbatch [36m263[0m [[35m0.0[0m% ([36m0[0m/[36m763[0m batches, [36m4375450[0m pos/sec)]
Estimated time to end of superbatch: [36minf[0ms     [Fsuperbatch [36m263[0m [[35m16.8[0m% ([36m128[0m/[36m763[0m batches, [36m5036060[0m pos/sec)]
Estimated time to end of superbatch: [36m16.7[0ms     [Fsuperbatch [36m263[0m [[35m33.6[0m% ([36m256[0m/[36m763[0m batches, [36m5149470[0m pos/sec)]
Estimated time to end of superbatch: [36m13.0[0ms     [Fsuperbatch [36m263[0m [[35m50.3[0m% ([36m384[0m/[36m763[0m batches, [36m5009236[0m pos/sec)]
Estimated time to end of superbatch: [36m9.9[0ms     [Fsuperbatch [36m263[0m [[35m67.1[0m% ([36m512[0m/[36m763[0m batches, [36m4968970[0m pos/sec)]
Estimated time to end of superbatch: [36m6.6[0ms     [Fsuperbatch [36m263[0m [[35m83.9[0m% ([36m640[0m/[36m763[0m batches, [36m4986760[0m pos/sec)]
Estimated time to end of superbatch: [36m3.2[0ms     [Fsuperbatch [36m263[0m | time [36m20.0[0ms | running loss [36m0.014642[0m | [36m4988546[0m pos/sec | total time [36m5498.9[0ms
Estimated time remaining in training: [36m0[0mh [36m58[0mm [36m11[0ms
LR dropped to [36m0.00019363724[0m
superbatch [36m264[0m [[35m0.0[0m% ([36m0[0m/[36m763[0m batches, [36m5610372[0m pos/sec)]
Estimated time to end of superbatch: [36minf[0ms     [Fsuperbatch [36m264[0m [[35m16.8[0m% ([36m128[0m/[36m763[0m batches, [36m4988730[0m pos/sec)]
Estimated time to end of superbatch: [36m16.8[0ms     [Fsuperbatch [36m264[0m [[35m33.6[0m% ([36m256[0m/[36m763[0m batches, [36m4888893[0m pos/sec)]
Estimated time to end of superbatch: [36m13.6[0ms     [Fsuperbatch [36m264[0m [[35m50.3[0m% ([36m384[0m/[36m763[0m batches, [36m5024594[0m pos/sec)]
Estimated time to end of superbatch: [36m9.9[0ms     [Fsuperbatch [36m264[0m [[35m67.1[0m% ([36m512[0m/[36m763[0m batches, [36m5045756[0m pos/sec)]
Estimated time to end of superbatch: [36m6.5[0ms     [Fsuperbatch [36m264[0m [[35m83.9[0m% ([36m640[0m/[36m763[0m batches, [36m4997998[0m pos/sec)]
Estimated time to end of superbatch: [36m3.2[0ms     [Fsuperbatch [36m264[0m | time [36m20.1[0ms | running loss [36m0.014842[0m | [36m4982638[0m pos/sec | total time [36m5519.0[0ms
Estimated time remaining in training: [36m0[0mh [36m57[0mm [36m50[0ms
LR dropped to [36m0.00019247676[0m
superbatch [36m265[0m [[35m0.0[0m% ([36m0[0m/[36m763[0m batches, [36m4574844[0m pos/sec)]
Estimated time to end of superbatch: [36minf[0ms     [Fsuperbatch [36m265[0m [[35m16.8[0m% ([36m128[0m/[36m763[0m batches, [36m5044268[0m pos/sec)]
Estimated time to end of superbatch: [36m16.6[0ms     [Fsuperbatch [36m265[0m [[35m33.6[0m% ([36m256[0m/[36m763[0m batches, [36m5053390[0m pos/sec)]
Estimated time to end of superbatch: [36m13.2[0ms     [Fsuperbatch [36m265[0m [[35m50.3[0m% ([36m384[0m/[36m763[0m batches, [36m4998999[0m pos/sec)]
Estimated time to end of superbatch: [36m10.0[0ms     [Fsuperbatch [36m265[0m [[35m67.1[0m% ([36m512[0m/[36m763[0m batches, [36m4981570[0m pos/sec)]
Estimated time to end of superbatch: [36m6.6[0ms     [Fsuperbatch [36m265[0m [[35m83.9[0m% ([36m640[0m/[36m763[0m batches, [36m5015176[0m pos/sec)]
Estimated time to end of superbatch: [36m3.2[0ms     [Fsuperbatch [36m265[0m | time [36m19.9[0ms | running loss [36m0.014704[0m | [36m5013743[0m pos/sec | total time [36m5538.9[0ms
Estimated time remaining in training: [36m0[0mh [36m57[0mm [36m28[0ms
LR dropped to [36m0.0001913163[0m
superbatch [36m266[0m [[35m0.0[0m% ([36m0[0m/[36m763[0m batches, [36m5484724[0m pos/sec)]
Estimated time to end of superbatch: [36minf[0ms     [Fsuperbatch [36m266[0m [[35m16.8[0m% ([36m128[0m/[36m763[0m batches, [36m4703883[0m pos/sec)]
Estimated time to end of superbatch: [36m17.8[0ms     [Fsuperbatch [36m266[0m [[35m33.6[0m% ([36m256[0m/[36m763[0m batches, [36m4726828[0m pos/sec)]
Estimated time to end of superbatch: [36m14.1[0ms     [Fsuperbatch [36m266[0m [[35m50.3[0m% ([36m384[0m/[36m763[0m batches, [36m4836885[0m pos/sec)]
Estimated time to end of superbatch: [36m10.3[0ms     [Fsuperbatch [36m266[0m [[35m67.1[0m% ([36m512[0m/[36m763[0m batches, [36m4850370[0m pos/sec)]
Estimated time to end of superbatch: [36m6.8[0ms     [Fsuperbatch [36m266[0m [[35m83.9[0m% ([36m640[0m/[36m763[0m batches, [36m4816564[0m pos/sec)]
Estimated time to end of superbatch: [36m3.4[0ms     [Fsuperbatch [36m266[0m | time [36m20.8[0ms | running loss [36m0.014880[0m | [36m4799274[0m pos/sec | total time [36m5559.7[0ms
Estimated time remaining in training: [36m0[0mh [36m57[0mm [36m7[0ms
LR dropped to [36m0.00019015581[0m
superbatch [36m267[0m [[35m0.0[0m% ([36m0[0m/[36m763[0m batches, [36m5166251[0m pos/sec)]
Estimated time to end of superbatch: [36minf[0ms     [Fsuperbatch [36m267[0m [[35m16.8[0m% ([36m128[0m/[36m763[0m batches, [36m5082174[0m pos/sec)]
Estimated time to end of superbatch: [36m16.5[0ms     [Fsuperbatch [36m267[0m [[35m33.6[0m% ([36m256[0m/[36m763[0m batches, [36m5050502[0m pos/sec)]
Estimated time to end of superbatch: [36m13.2[0ms     [Fsuperbatch [36m267[0m [[35m50.3[0m% ([36m384[0m/[36m763[0m batches, [36m4965390[0m pos/sec)]
Estimated time to end of superbatch: [36m10.0[0ms     [Fsuperbatch [36m267[0m [[35m67.1[0m% ([36m512[0m/[36m763[0m batches, [36m4896353[0m pos/sec)]
Estimated time to end of superbatch: [36m6.7[0ms     [Fsuperbatch [36m267[0m [[35m83.9[0m% ([36m640[0m/[36m763[0m batches, [36m4938641[0m pos/sec)]
Estimated time to end of superbatch: [36m3.3[0ms     [Fsuperbatch [36m267[0m | time [36m20.2[0ms | running loss [36m0.014745[0m | [36m4955542[0m pos/sec | total time [36m5579.9[0ms
Estimated time remaining in training: [36m0[0mh [36m56[0mm [36m46[0ms
LR dropped to [36m0.00018899539[0m
superbatch [36m268[0m [[35m0.0[0m% ([36m0[0m/[36m763[0m batches, [36m4374670[0m pos/sec)]
Estimated time to end of superbatch: [36minf[0ms     [Fsuperbatch [36m268[0m [[35m16.8[0m% ([36m128[0m/[36m763[0m batches, [36m4795285[0m pos/sec)]
Estimated time to end of superbatch: [36m17.5[0ms     [Fsuperbatch [36m268[0m [[35m33.6[0m% ([36m256[0m/[36m763[0m batches, [36m4735452[0m pos/sec)]
Estimated time to end of superbatch: [36m14.1[0ms     [Fsuperbatch [36m268[0m [[35m50.3[0m% ([36m384[0m/[36m763[0m batches, [36m4853947[0m pos/sec)]
Estimated time to end of superbatch: [36m10.3[0ms     [Fsuperbatch [36m268[0m [[35m67.1[0m% ([36m512[0m/[36m763[0m batches, [36m4917128[0m pos/sec)]
Estimated time to end of superbatch: [36m6.7[0ms     [Fsuperbatch [36m268[0m [[35m83.9[0m% ([36m640[0m/[36m763[0m batches, [36m4906512[0m pos/sec)]
Estimated time to end of superbatch: [36m3.3[0ms     [Fsuperbatch [36m268[0m | time [36m20.5[0ms | running loss [36m0.014994[0m | [36m4871500[0m pos/sec | total time [36m5600.5[0ms
Estimated time remaining in training: [36m0[0mh [36m56[0mm [36m25[0ms
LR dropped to [36m0.0001878349[0m
superbatch [36m269[0m [[35m0.0[0m% ([36m0[0m/[36m763[0m batches, [36m5627090[0m pos/sec)]
Estimated time to end of superbatch: [36minf[0ms     [Fsuperbatch [36m269[0m [[35m16.8[0m% ([36m128[0m/[36m763[0m batches, [36m5136986[0m pos/sec)]
Estimated time to end of superbatch: [36m16.3[0ms     [Fsuperbatch [36m269[0m [[35m33.6[0m% ([36m256[0m/[36m763[0m batches, [36m5114348[0m pos/sec)]
Estimated time to end of superbatch: [36m13.0[0ms     [Fsuperbatch [36m269[0m [[35m50.3[0m% ([36m384[0m/[36m763[0m batches, [36m4997184[0m pos/sec)]
Estimated time to end of superbatch: [36m10.0[0ms     [Fsuperbatch [36m269[0m [[35m67.1[0m% ([36m512[0m/[36m763[0m batches, [36m4894419[0m pos/sec)]
Estimated time to end of superbatch: [36m6.7[0ms     [Fsuperbatch [36m269[0m [[35m83.9[0m% ([36m640[0m/[36m763[0m batches, [36m4942008[0m pos/sec)]
Estimated time to end of superbatch: [36m3.3[0ms     [Fsuperbatch [36m269[0m | time [36m20.2[0ms | running loss [36m0.014866[0m | [36m4963007[0m pos/sec | total time [36m5620.6[0ms
Estimated time remaining in training: [36m0[0mh [36m56[0mm [36m4[0ms
LR dropped to [36m0.00018667444[0m
superbatch [36m270[0m [[35m0.0[0m% ([36m0[0m/[36m763[0m batches, [36m4509776[0m pos/sec)]
Estimated time to end of superbatch: [36minf[0ms     [Fsuperbatch [36m270[0m [[35m16.8[0m% ([36m128[0m/[36m763[0m batches, [36m4707350[0m pos/sec)]
Estimated time to end of superbatch: [36m17.8[0ms     [Fsuperbatch [36m270[0m [[35m33.6[0m% ([36m256[0m/[36m763[0m batches, [36m4664597[0m pos/sec)]
Estimated time to end of superbatch: [36m14.3[0ms     [Fsuperbatch [36m270[0m [[35m50.3[0m% ([36m384[0m/[36m763[0m batches, [36m4798345[0m pos/sec)]
Estimated time to end of superbatch: [36m10.4[0ms     [Fsuperbatch [36m270[0m [[35m67.1[0m% ([36m512[0m/[36m763[0m batches, [36m4869152[0m pos/sec)]
Estimated time to end of superbatch: [36m6.8[0ms     [Fsuperbatch [36m270[0m [[35m83.9[0m% ([36m640[0m/[36m763[0m batches, [36m4898540[0m pos/sec)]
Estimated time to end of superbatch: [36m3.3[0ms     [Fsuperbatch [36m270[0m | time [36m20.4[0ms | running loss [36m0.015035[0m | [36m4912344[0m pos/sec | total time [36m5641.0[0ms
Estimated time remaining in training: [36m0[0mh [36m55[0mm [36m42[0ms
Saved [anna-v3c-s1-270]
LR dropped to [36m0.00018551396[0m
superbatch [36m271[0m [[35m0.0[0m% ([36m0[0m/[36m763[0m batches, [36m5355621[0m pos/sec)]
Estimated time to end of superbatch: [36minf[0ms     [Fsuperbatch [36m271[0m [[35m16.8[0m% ([36m128[0m/[36m763[0m batches, [36m5304580[0m pos/sec)]
Estimated time to end of superbatch: [36m15.8[0ms     [Fsuperbatch [36m271[0m [[35m33.6[0m% ([36m256[0m/[36m763[0m batches, [36m5448318[0m pos/sec)]
Estimated time to end of superbatch: [36m12.2[0ms     [Fsuperbatch [36m271[0m [[35m50.3[0m% ([36m384[0m/[36m763[0m batches, [36m5475856[0m pos/sec)]
Estimated time to end of superbatch: [36m9.1[0ms     [Fsuperbatch [36m271[0m [[35m67.1[0m% ([36m512[0m/[36m763[0m batches, [36m5241840[0m pos/sec)]
Estimated time to end of superbatch: [36m6.3[0ms     [Fsuperbatch [36m271[0m [[35m83.9[0m% ([36m640[0m/[36m763[0m batches, [36m5204214[0m pos/sec)]
Estimated time to end of superbatch: [36m3.1[0ms     [Fsuperbatch [36m271[0m | time [36m19.2[0ms | running loss [36m0.014942[0m | [36m5201928[0m pos/sec | total time [36m5662.7[0ms
Estimated time remaining in training: [36m0[0mh [36m55[0mm [36m22[0ms
LR dropped to [36m0.0001843535[0m
superbatch [36m272[0m [[35m0.0[0m% ([36m0[0m/[36m763[0m batches, [36m4602754[0m pos/sec)]
Estimated time to end of superbatch: [36minf[0ms     [Fsuperbatch [36m272[0m [[35m16.8[0m% ([36m128[0m/[36m763[0m batches, [36m4962690[0m pos/sec)]
Estimated time to end of superbatch: [36m16.9[0ms     [Fsuperbatch [36m272[0m [[35m33.6[0m% ([36m256[0m/[36m763[0m batches, [36m4974120[0m pos/sec)]
Estimated time to end of superbatch: [36m13.4[0ms     [Fsuperbatch [36m272[0m [[35m50.3[0m% ([36m384[0m/[36m763[0m batches, [36m4976992[0m pos/sec)]
Estimated time to end of superbatch: [36m10.0[0ms     [Fsuperbatch [36m272[0m [[35m67.1[0m% ([36m512[0m/[36m763[0m batches, [36m4888781[0m pos/sec)]
Estimated time to end of superbatch: [36m6.7[0ms     [Fsuperbatch [36m272[0m [[35m83.9[0m% ([36m640[0m/[36m763[0m batches, [36m4886382[0m pos/sec)]
Estimated time to end of superbatch: [36m3.3[0ms     [Fsuperbatch [36m272[0m | time [36m20.5[0ms | running loss [36m0.015059[0m | [36m4873732[0m pos/sec | total time [36m5683.2[0ms
Estimated time remaining in training: [36m0[0mh [36m55[0mm [36m1[0ms
LR dropped to [36m0.00018319304[0m
superbatch [36m273[0m [[35m0.0[0m% ([36m0[0m/[36m763[0m batches, [36m5630811[0m pos/sec)]
Estimated time to end of superbatch: [36minf[0ms     [Fsuperbatch [36m273[0m [[35m16.8[0m% ([36m128[0m/[36m763[0m batches, [36m5111327[0m pos/sec)]
Estimated time to end of superbatch: [36m16.4[0ms     [Fsuperbatch [36m273[0m [[35m33.6[0m% ([36m256[0m/[36m763[0m batches, [36m5069680[0m pos/sec)]
Estimated time to end of superbatch: [36m13.2[0ms     [Fsuperbatch [36m273[0m [[35m50.3[0m% ([36m384[0m/[36m763[0m batches, [36m5046076[0m pos/sec)]
Estimated time to end of superbatch: [36m9.9[0ms     [Fsuperbatch [36m273[0m [[35m67.1[0m% ([36m512[0m/[36m763[0m batches, [36m4909572[0m pos/sec)]
Estimated time to end of superbatch: [36m6.7[0ms     [Fsuperbatch [36m273[0m [[35m83.9[0m% ([36m640[0m/[36m763[0m batches, [36m4923562[0m pos/sec)]
Estimated time to end of superbatch: [36m3.3[0ms     [Fsuperbatch [36m273[0m | time [36m20.2[0ms | running loss [36m0.014979[0m | [36m4941776[0m pos/sec | total time [36m5703.4[0ms
Estimated time remaining in training: [36m0[0mh [36m54[0mm [36m40[0ms
LR dropped to [36m0.00018203259[0m
superbatch [36m274[0m [[35m0.0[0m% ([36m0[0m/[36m763[0m batches, [36m5578858[0m pos/sec)]
Estimated time to end of superbatch: [36minf[0ms     [Fsuperbatch [36m274[0m [[35m16.8[0m% ([36m128[0m/[36m763[0m batches, [36m4854483[0m pos/sec)]
Estimated time to end of superbatch: [36m17.3[0ms     [Fsuperbatch [36m274[0m [[35m33.6[0m% ([36m256[0m/[36m763[0m batches, [36m4800084[0m pos/sec)]
Estimated time to end of superbatch: [36m13.9[0ms     [Fsuperbatch [36m274[0m [[35m50.3[0m% ([36m384[0m/[36m763[0m batches, [36m4863734[0m pos/sec)]
Estimated time to end of superbatch: [36m10.2[0ms     [Fsuperbatch [36m274[0m [[35m67.1[0m% ([36m512[0m/[36m763[0m batches, [36m4895405[0m pos/sec)]
Estimated time to end of superbatch: [36m6.7[0ms     [Fsuperbatch [36m274[0m [[35m83.9[0m% ([36m640[0m/[36m763[0m batches, [36m4919704[0m pos/sec)]
Estimated time to end of superbatch: [36m3.3[0ms     [Fsuperbatch [36m274[0m | time [36m20.3[0ms | running loss [36m0.015097[0m | [36m4921024[0m pos/sec | total time [36m5723.8[0ms
Estimated time remaining in training: [36m0[0mh [36m54[0mm [36m18[0ms
LR dropped to [36m0.0001808721[0m
superbatch [36m275[0m [[35m0.0[0m% ([36m0[0m/[36m763[0m batches, [36m5344330[0m pos/sec)]
Estimated time to end of superbatch: [36minf[0ms     [Fsuperbatch [36m275[0m [[35m16.8[0m% ([36m128[0m/[36m763[0m batches, [36m5041739[0m pos/sec)]
Estimated time to end of superbatch: [36m16.6[0ms     [Fsuperbatch [36m275[0m [[35m33.6[0m% ([36m256[0m/[36m763[0m batches, [36m5054748[0m pos/sec)]
Estimated time to end of superbatch: [36m13.2[0ms     [Fsuperbatch [36m275[0m [[35m50.3[0m% ([36m384[0m/[36m763[0m batches, [36m5017912[0m pos/sec)]
Estimated time to end of superbatch: [36m9.9[0ms     [Fsuperbatch [36m275[0m [[35m67.1[0m% ([36m512[0m/[36m763[0m batches, [36m4965662[0m pos/sec)]
Estimated time to end of superbatch: [36m6.6[0ms     [Fsuperbatch [36m275[0m [[35m83.9[0m% ([36m640[0m/[36m763[0m batches, [36m4983812[0m pos/sec)]
Estimated time to end of superbatch: [36m3.2[0ms     [Fsuperbatch [36m275[0m | time [36m20.0[0ms | running loss [36m0.015054[0m | [36m4998626[0m pos/sec | total time [36m5743.8[0ms
Estimated time remaining in training: [36m0[0mh [36m53[0mm [36m57[0ms
LR dropped to [36m0.00017971164[0m
superbatch [36m276[0m [[35m0.0[0m% ([36m0[0m/[36m763[0m batches, [36m5693478[0m pos/sec)]
Estimated time to end of superbatch: [36minf[0ms     [Fsuperbatch [36m276[0m [[35m16.8[0m% ([36m128[0m/[36m763[0m batches, [36m4981173[0m pos/sec)]
Estimated time to end of superbatch: [36m16.8[0ms     [Fsuperbatch [36m276[0m [[35m33.6[0m% ([36m256[0m/[36m763[0m batches, [36m4431109[0m pos/sec)]
Estimated time to end of superbatch: [36m15.1[0ms     [Fsuperbatch [36m276[0m [[35m50.3[0m% ([36m384[0m/[36m763[0m batches, [36m4618880[0m pos/sec)]
Estimated time to end of superbatch: [36m10.8[0ms     [Fsuperbatch [36m276[0m [[35m67.1[0m% ([36m512[0m/[36m763[0m batches, [36m4717543[0m pos/sec)]
Estimated time to end of superbatch: [36m7.0[0ms     [Fsuperbatch [36m276[0m [[35m83.9[0m% ([36m640[0m/[36m763[0m batches, [36m4769284[0m pos/sec)]
Estimated time to end of superbatch: [36m3.4[0ms     [Fsuperbatch [36m276[0m | time [36m20.9[0ms | running loss [36m0.015148[0m | [36m4783232[0m pos/sec | total time [36m5764.7[0ms
Estimated time remaining in training: [36m0[0mh [36m53[0mm [36m36[0ms
LR dropped to [36m0.00017855118[0m
superbatch [36m277[0m [[35m0.0[0m% ([36m0[0m/[36m763[0m batches, [36m5140858[0m pos/sec)]
Estimated time to end of superbatch: [36minf[0ms     [Fsuperbatch [36m277[0m [[35m16.8[0m% ([36m128[0m/[36m763[0m batches, [36m4945650[0m pos/sec)]
Estimated time to end of superbatch: [36m17.0[0ms     [Fsuperbatch [36m277[0m [[35m33.6[0m% ([36m256[0m/[36m763[0m batches, [36m4990344[0m pos/sec)]
Estimated time to end of superbatch: [36m13.4[0ms     [Fsuperbatch [36m277[0m [[35m50.3[0m% ([36m384[0m/[36m763[0m batches, [36m5000084[0m pos/sec)]
Estimated time to end of superbatch: [36m10.0[0ms     [Fsuperbatch [36m277[0m [[35m67.1[0m% ([36m512[0m/[36m763[0m batches, [36m4955410[0m pos/sec)]
Estimated time to end of superbatch: [36m6.7[0ms     [Fsuperbatch [36m277[0m [[35m83.9[0m% ([36m640[0m/[36m763[0m batches, [36m4952382[0m pos/sec)]
Estimated time to end of superbatch: [36m3.3[0ms     [Fsuperbatch [36m277[0m | time [36m20.1[0ms | running loss [36m0.015105[0m | [36m4965488[0m pos/sec | total time [36m5784.8[0ms
Estimated time remaining in training: [36m0[0mh [36m53[0mm [36m15[0ms
LR dropped to [36m0.00017739073[0m
superbatch [36m278[0m [[35m0.0[0m% ([36m0[0m/[36m763[0m batches, [36m5360156[0m pos/sec)]
Estimated time to end of superbatch: [36minf[0ms     [Fsuperbatch [36m278[0m [[35m16.8[0m% ([36m128[0m/[36m763[0m batches, [36m5025864[0m pos/sec)]
Estimated time to end of superbatch: [36m16.7[0ms     [Fsuperbatch [36m278[0m [[35m33.6[0m% ([36m256[0m/[36m763[0m batches, [36m4934058[0m pos/sec)]
Estimated time to end of superbatch: [36m13.5[0ms     [Fsuperbatch [36m278[0m [[35m50.3[0m% ([36m384[0m/[36m763[0m batches, [36m4985562[0m pos/sec)]
Estimated time to end of superbatch: [36m10.0[0ms     [Fsuperbatch [36m278[0m [[35m67.1[0m% ([36m512[0m/[36m763[0m batches, [36m5008870[0m pos/sec)]
Estimated time to end of superbatch: [36m6.6[0ms     [Fsuperbatch [36m278[0m [[35m83.9[0m% ([36m640[0m/[36m763[0m batches, [36m4204910[0m pos/sec)]
Estimated time to end of superbatch: [36m3.8[0ms     [Fsuperbatch [36m278[0m | time [36m29.9[0ms | running loss [36m0.015183[0m | [36m3345794[0m pos/sec | total time [36m5814.7[0ms
Estimated time remaining in training: [36m0[0mh [36m52[0mm [36m59[0ms
LR dropped to [36m0.00017623024[0m
superbatch [36m279[0m [[35m0.0[0m% ([36m0[0m/[36m763[0m batches, [36m5514152[0m pos/sec)]
Estimated time to end of superbatch: [36minf[0ms     [Fsuperbatch [36m279[0m [[35m16.8[0m% ([36m128[0m/[36m763[0m batches, [36m5060298[0m pos/sec)]
Estimated time to end of superbatch: [36m16.6[0ms     [Fsuperbatch [36m279[0m [[35m33.6[0m% ([36m256[0m/[36m763[0m batches, [36m4863284[0m pos/sec)]
Estimated time to end of superbatch: [36m13.7[0ms     [Fsuperbatch [36m279[0m [[35m50.3[0m% ([36m384[0m/[36m763[0m batches, [36m4802496[0m pos/sec)]
Estimated time to end of superbatch: [36m10.4[0ms     [Fsuperbatch [36m279[0m [[35m67.1[0m% ([36m512[0m/[36m763[0m batches, [36m4658204[0m pos/sec)]
Estimated time to end of superbatch: [36m7.1[0ms     [Fsuperbatch [36m279[0m [[35m83.9[0m% ([36m640[0m/[36m763[0m batches, [36m4659892[0m pos/sec)]
Estimated time to end of superbatch: [36m3.5[0ms     [Fsuperbatch [36m279[0m | time [36m21.4[0ms | running loss [36m0.015157[0m | [36m4680986[0m pos/sec | total time [36m5836.1[0ms
Estimated time remaining in training: [36m0[0mh [36m52[0mm [36m38[0ms
LR dropped to [36m0.00017506978[0m
superbatch [36m280[0m [[35m0.0[0m% ([36m0[0m/[36m763[0m batches, [36m4986148[0m pos/sec)]
Estimated time to end of superbatch: [36minf[0ms     [Fsuperbatch [36m280[0m [[35m16.8[0m% ([36m128[0m/[36m763[0m batches, [36m4756200[0m pos/sec)]
Estimated time to end of superbatch: [36m17.6[0ms     [Fsuperbatch [36m280[0m [[35m33.6[0m% ([36m256[0m/[36m763[0m batches, [36m4638022[0m pos/sec)]
Estimated time to end of superbatch: [36m14.4[0ms     [Fsuperbatch [36m280[0m [[35m50.3[0m% ([36m384[0m/[36m763[0m batches, [36m4753729[0m pos/sec)]
Estimated time to end of superbatch: [36m10.5[0ms     [Fsuperbatch [36m280[0m [[35m67.1[0m% ([36m512[0m/[36m763[0m batches, [36m4833934[0m pos/sec)]
Estimated time to end of superbatch: [36m6.8[0ms     [Fsuperbatch [36m280[0m [[35m83.9[0m% ([36m640[0m/[36m763[0m batches, [36m4877426[0m pos/sec)]
Estimated time to end of superbatch: [36m3.3[0ms     [Fsuperbatch [36m280[0m | time [36m20.5[0ms | running loss [36m0.015215[0m | [36m4880232[0m pos/sec | total time [36m5856.6[0ms
Estimated time remaining in training: [36m0[0mh [36m52[0mm [36m17[0ms
Saved [anna-v3c-s1-280]
LR dropped to [36m0.0001739093[0m
superbatch [36m281[0m [[35m0.0[0m% ([36m0[0m/[36m763[0m batches, [36m5413726[0m pos/sec)]
Estimated time to end of superbatch: [36minf[0ms     [Fsuperbatch [36m281[0m [[35m16.8[0m% ([36m128[0m/[36m763[0m batches, [36m5681356[0m pos/sec)]
Estimated time to end of superbatch: [36m14.8[0ms     [Fsuperbatch [36m281[0m [[35m33.6[0m% ([36m256[0m/[36m763[0m batches, [36m5681498[0m pos/sec)]
Estimated time to end of superbatch: [36m11.7[0ms     [Fsuperbatch [36m281[0m [[35m50.3[0m% ([36m384[0m/[36m763[0m batches, [36m5675888[0m pos/sec)]
Estimated time to end of superbatch: [36m8.8[0ms     [Fsuperbatch [36m281[0m [[35m67.1[0m% ([36m512[0m/[36m763[0m batches, [36m5662174[0m pos/sec)]
Estimated time to end of superbatch: [36m5.8[0ms     [Fsuperbatch [36m281[0m [[35m83.9[0m% ([36m640[0m/[36m763[0m batches, [36m5661709[0m pos/sec)]
Estimated time to end of superbatch: [36m2.9[0ms     [Fsuperbatch [36m281[0m | time [36m17.7[0ms | running loss [36m0.015201[0m | [36m5662594[0m pos/sec | total time [36m5876.9[0ms
Estimated time remaining in training: [36m0[0mh [36m51[0mm [36m56[0ms
LR dropped to [36m0.00017274887[0m
superbatch [36m282[0m [[35m0.0[0m% ([36m0[0m/[36m763[0m batches, [36m5494028[0m pos/sec)]
Estimated time to end of superbatch: [36minf[0ms     [Fsuperbatch [36m282[0m [[35m16.8[0m% ([36m128[0m/[36m763[0m batches, [36m5657510[0m pos/sec)]
Estimated time to end of superbatch: [36m14.8[0ms     [Fsuperbatch [36m282[0m [[35m33.6[0m% ([36m256[0m/[36m763[0m batches, [36m5249862[0m pos/sec)]
Estimated time to end of superbatch: [36m12.7[0ms     [Fsuperbatch [36m282[0m [[35m50.3[0m% ([36m384[0m/[36m763[0m batches, [36m5137336[0m pos/sec)]
Estimated time to end of superbatch: [36m9.7[0ms     [Fsuperbatch [36m282[0m [[35m67.1[0m% ([36m512[0m/[36m763[0m batches, [36m5106583[0m pos/sec)]
Estimated time to end of superbatch: [36m6.5[0ms     [Fsuperbatch [36m282[0m [[35m83.9[0m% ([36m640[0m/[36m763[0m batches, [36m5076971[0m pos/sec)]
Estimated time to end of superbatch: [36m3.2[0ms     [Fsuperbatch [36m282[0m | time [36m19.8[0ms | running loss [36m0.015263[0m | [36m5049078[0m pos/sec | total time [36m5896.7[0ms
Estimated time remaining in training: [36m0[0mh [36m51[0mm [36m34[0ms
LR dropped to [36m0.00017158838[0m
superbatch [36m283[0m [[35m0.0[0m% ([36m0[0m/[36m763[0m batches, [36m5385278[0m pos/sec)]
Estimated time to end of superbatch: [36minf[0ms     [Fsuperbatch [36m283[0m [[35m16.8[0m% ([36m128[0m/[36m763[0m batches, [36m4962378[0m pos/sec)]
Estimated time to end of superbatch: [36m16.9[0ms     [Fsuperbatch [36m283[0m [[35m33.6[0m% ([36m256[0m/[36m763[0m batches, [36m5024324[0m pos/sec)]
Estimated time to end of superbatch: [36m13.3[0ms     [Fsuperbatch [36m283[0m [[35m50.3[0m% ([36m384[0m/[36m763[0m batches, [36m5024864[0m pos/sec)]
Estimated time to end of superbatch: [36m9.9[0ms     [Fsuperbatch [36m283[0m [[35m67.1[0m% ([36m512[0m/[36m763[0m batches, [36m4998450[0m pos/sec)]
Estimated time to end of superbatch: [36m6.6[0ms     [Fsuperbatch [36m283[0m [[35m83.9[0m% ([36m640[0m/[36m763[0m batches, [36m4997660[0m pos/sec)]
Estimated time to end of superbatch: [36m3.2[0ms     [Fsuperbatch [36m283[0m | time [36m20.0[0ms | running loss [36m0.015283[0m | [36m5003335[0m pos/sec | total time [36m5916.7[0ms
Estimated time remaining in training: [36m0[0mh [36m51[0mm [36m13[0ms
LR dropped to [36m0.00017042793[0m
superbatch [36m284[0m [[35m0.0[0m% ([36m0[0m/[36m763[0m batches, [36m5593884[0m pos/sec)]
Estimated time to end of superbatch: [36minf[0ms     [Fsuperbatch [36m284[0m [[35m16.8[0m% ([36m128[0m/[36m763[0m batches, [36m5093446[0m pos/sec)]
Estimated time to end of superbatch: [36m16.5[0ms     [Fsuperbatch [36m284[0m [[35m33.6[0m% ([36m256[0m/[36m763[0m batches, [36m4979926[0m pos/sec)]
Estimated time to end of superbatch: [36m13.4[0ms     [Fsuperbatch [36m284[0m [[35m50.3[0m% ([36m384[0m/[36m763[0m batches, [36m4970222[0m pos/sec)]
Estimated time to end of superbatch: [36m10.0[0ms     [Fsuperbatch [36m284[0m [[35m67.1[0m% ([36m512[0m/[36m763[0m batches, [36m4985377[0m pos/sec)]
Estimated time to end of superbatch: [36m6.6[0ms     [Fsuperbatch [36m284[0m [[35m83.9[0m% ([36m640[0m/[36m763[0m batches, [36m5007886[0m pos/sec)]
Estimated time to end of superbatch: [36m3.2[0ms     [Fsuperbatch [36m284[0m | time [36m20.0[0ms | running loss [36m0.015337[0m | [36m4992612[0m pos/sec | total time [36m5936.7[0ms
Estimated time remaining in training: [36m0[0mh [36m50[0mm [36m51[0ms
LR dropped to [36m0.00016926744[0m
superbatch [36m285[0m [[35m0.0[0m% ([36m0[0m/[36m763[0m batches, [36m5337840[0m pos/sec)]
Estimated time to end of superbatch: [36minf[0ms     [Fsuperbatch [36m285[0m [[35m16.8[0m% ([36m128[0m/[36m763[0m batches, [36m4981464[0m pos/sec)]
Estimated time to end of superbatch: [36m16.8[0ms     [Fsuperbatch [36m285[0m [[35m33.6[0m% ([36m256[0m/[36m763[0m batches, [36m4993940[0m pos/sec)]
Estimated time to end of superbatch: [36m13.4[0ms     [Fsuperbatch [36m285[0m [[35m50.3[0m% ([36m384[0m/[36m763[0m batches, [36m5012660[0m pos/sec)]
Estimated time to end of superbatch: [36m9.9[0ms     [Fsuperbatch [36m285[0m [[35m67.1[0m% ([36m512[0m/[36m763[0m batches, [36m4987830[0m pos/sec)]
Estimated time to end of superbatch: [36m6.6[0ms     [Fsuperbatch [36m285[0m [[35m83.9[0m% ([36m640[0m/[36m763[0m batches, [36m4983374[0m pos/sec)]
Estimated time to end of superbatch: [36m3.2[0ms     [Fsuperbatch [36m285[0m | time [36m20.0[0ms | running loss [36m0.015351[0m | [36m4995338[0m pos/sec | total time [36m5956.8[0ms
Estimated time remaining in training: [36m0[0mh [36m50[0mm [36m30[0ms
LR dropped to [36m0.00016810701[0m
superbatch [36m286[0m [[35m0.0[0m% ([36m0[0m/[36m763[0m batches, [36m5532892[0m pos/sec)]
Estimated time to end of superbatch: [36minf[0ms     [Fsuperbatch [36m286[0m [[35m16.8[0m% ([36m128[0m/[36m763[0m batches, [36m5054889[0m pos/sec)]
Estimated time to end of superbatch: [36m16.6[0ms     [Fsuperbatch [36m286[0m [[35m33.6[0m% ([36m256[0m/[36m763[0m batches, [36m5008708[0m pos/sec)]
Estimated time to end of superbatch: [36m13.3[0ms     [Fsuperbatch [36m286[0m [[35m50.3[0m% ([36m384[0m/[36m763[0m batches, [36m4998167[0m pos/sec)]
Estimated time to end of superbatch: [36m10.0[0ms     [Fsuperbatch [36m286[0m [[35m67.1[0m% ([36m512[0m/[36m763[0m batches, [36m5011371[0m pos/sec)]
Estimated time to end of superbatch: [36m6.6[0ms     [Fsuperbatch [36m286[0m [[35m83.9[0m% ([36m640[0m/[36m763[0m batches, [36m5021347[0m pos/sec)]
Estimated time to end of superbatch: [36m3.2[0ms     [Fsuperbatch [36m286[0m | time [36m20.0[0ms | running loss [36m0.015364[0m | [36m4992276[0m pos/sec | total time [36m5976.8[0ms
Estimated time remaining in training: [36m0[0mh [36m50[0mm [36m9[0ms
LR dropped to [36m0.00016694653[0m
superbatch [36m287[0m [[35m0.0[0m% ([36m0[0m/[36m763[0m batches, [36m4039466[0m pos/sec)]
Estimated time to end of superbatch: [36minf[0ms     [Fsuperbatch [36m287[0m [[35m16.8[0m% ([36m128[0m/[36m763[0m batches, [36m4811663[0m pos/sec)]
Estimated time to end of superbatch: [36m17.4[0ms     [Fsuperbatch [36m287[0m [[35m33.6[0m% ([36m256[0m/[36m763[0m batches, [36m4951561[0m pos/sec)]
Estimated time to end of superbatch: [36m13.5[0ms     [Fsuperbatch [36m287[0m [[35m50.3[0m% ([36m384[0m/[36m763[0m batches, [36m4999267[0m pos/sec)]
Estimated time to end of superbatch: [36m10.0[0ms     [Fsuperbatch [36m287[0m [[35m67.1[0m% ([36m512[0m/[36m763[0m batches, [36m4984554[0m pos/sec)]
Estimated time to end of superbatch: [36m6.6[0ms     [Fsuperbatch [36m287[0m [[35m83.9[0m% ([36m640[0m/[36m763[0m batches, [36m4984105[0m pos/sec)]
Estimated time to end of superbatch: [36m3.2[0ms     [Fsuperbatch [36m287[0m | time [36m20.0[0ms | running loss [36m0.015452[0m | [36m5006152[0m pos/sec | total time [36m5996.8[0ms
Estimated time remaining in training: [36m0[0mh [36m49[0mm [36m47[0ms
LR dropped to [36m0.00016578607[0m
superbatch [36m288[0m [[35m0.0[0m% ([36m0[0m/[36m763[0m batches, [36m4517570[0m pos/sec)]
Estimated time to end of superbatch: [36minf[0ms     [Fsuperbatch [36m288[0m [[35m16.8[0m% ([36m128[0m/[36m763[0m batches, [36m5084435[0m pos/sec)]
Estimated time to end of superbatch: [36m16.5[0ms     [Fsuperbatch [36m288[0m [[35m33.6[0m% ([36m256[0m/[36m763[0m batches, [36m5013302[0m pos/sec)]
Estimated time to end of superbatch: [36m13.3[0ms     [Fsuperbatch [36m288[0m [[35m50.3[0m% ([36m384[0m/[36m763[0m batches, [36m4987694[0m pos/sec)]
Estimated time to end of superbatch: [36m10.0[0ms     [Fsuperbatch [36m288[0m [[35m67.1[0m% ([36m512[0m/[36m763[0m batches, [36m5004440[0m pos/sec)]
Estimated time to end of superbatch: [36m6.6[0ms     [Fsuperbatch [36m288[0m [[35m83.9[0m% ([36m640[0m/[36m763[0m batches, [36m5017414[0m pos/sec)]
Estimated time to end of superbatch: [36m3.2[0ms     [Fsuperbatch [36m288[0m | time [36m20.0[0ms | running loss [36m0.015531[0m | [36m4989184[0m pos/sec | total time [36m6016.8[0ms
Estimated time remaining in training: [36m0[0mh [36m49[0mm [36m26[0ms
LR dropped to [36m0.00016462558[0m
superbatch [36m289[0m [[35m0.0[0m% ([36m0[0m/[36m763[0m batches, [36m4902254[0m pos/sec)]
Estimated time to end of superbatch: [36minf[0ms     [Fsuperbatch [36m289[0m [[35m16.8[0m% ([36m128[0m/[36m763[0m batches, [36m4883709[0m pos/sec)]
Estimated time to end of superbatch: [36m17.2[0ms     [Fsuperbatch [36m289[0m [[35m33.6[0m% ([36m256[0m/[36m763[0m batches, [36m4975734[0m pos/sec)]
Estimated time to end of superbatch: [36m13.4[0ms     [Fsuperbatch [36m289[0m [[35m50.3[0m% ([36m384[0m/[36m763[0m batches, [36m4987837[0m pos/sec)]
Estimated time to end of superbatch: [36m10.0[0ms     [Fsuperbatch [36m289[0m [[35m67.1[0m% ([36m512[0m/[36m763[0m batches, [36m4968380[0m pos/sec)]
Estimated time to end of superbatch: [36m6.6[0ms     [Fsuperbatch [36m289[0m [[35m83.9[0m% ([36m640[0m/[36m763[0m batches, [36m4974830[0m pos/sec)]
Estimated time to end of superbatch: [36m3.2[0ms     [Fsuperbatch [36m289[0m | time [36m20.1[0ms | running loss [36m0.015607[0m | [36m4986882[0m pos/sec | total time [36m6036.9[0ms
Estimated time remaining in training: [36m0[0mh [36m49[0mm [36m5[0ms
LR dropped to [36m0.00016346513[0m
superbatch [36m290[0m [[35m0.0[0m% ([36m0[0m/[36m763[0m batches, [36m5636338[0m pos/sec)]
Estimated time to end of superbatch: [36minf[0ms     [Fsuperbatch [36m290[0m [[35m16.8[0m% ([36m128[0m/[36m763[0m batches, [36m5035939[0m pos/sec)]
Estimated time to end of superbatch: [36m16.7[0ms     [Fsuperbatch [36m290[0m [[35m33.6[0m% ([36m256[0m/[36m763[0m batches, [36m4990336[0m pos/sec)]
Estimated time to end of superbatch: [36m13.4[0ms     [Fsuperbatch [36m290[0m [[35m50.3[0m% ([36m384[0m/[36m763[0m batches, [36m4963655[0m pos/sec)]
Estimated time to end of superbatch: [36m10.0[0ms     [Fsuperbatch [36m290[0m [[35m67.1[0m% ([36m512[0m/[36m763[0m batches, [36m4996304[0m pos/sec)]
Estimated time to end of superbatch: [36m6.6[0ms     [Fsuperbatch [36m290[0m [[35m83.9[0m% ([36m640[0m/[36m763[0m batches, [36m5004743[0m pos/sec)]
Estimated time to end of superbatch: [36m3.2[0ms     [Fsuperbatch [36m290[0m | time [36m20.0[0ms | running loss [36m0.015601[0m | [36m4991152[0m pos/sec | total time [36m6056.9[0ms
Estimated time remaining in training: [36m0[0mh [36m48[0mm [36m44[0ms
Saved [anna-v3c-s1-290]
LR dropped to [36m0.00016230467[0m
superbatch [36m291[0m [[35m0.0[0m% ([36m0[0m/[36m763[0m batches, [36m5561648[0m pos/sec)]
Estimated time to end of superbatch: [36minf[0ms     [Fsuperbatch [36m291[0m [[35m16.8[0m% ([36m128[0m/[36m763[0m batches, [36m5524690[0m pos/sec)]
Estimated time to end of superbatch: [36m15.2[0ms     [Fsuperbatch [36m291[0m [[35m33.6[0m% ([36m256[0m/[36m763[0m batches, [36m5602029[0m pos/sec)]
Estimated time to end of superbatch: [36m11.9[0ms     [Fsuperbatch [36m291[0m [[35m50.3[0m% ([36m384[0m/[36m763[0m batches, [36m5628643[0m pos/sec)]
Estimated time to end of superbatch: [36m8.8[0ms     [Fsuperbatch [36m291[0m [[35m67.1[0m% ([36m512[0m/[36m763[0m batches, [36m5630720[0m pos/sec)]
Estimated time to end of superbatch: [36m5.9[0ms     [Fsuperbatch [36m291[0m [[35m83.9[0m% ([36m640[0m/[36m763[0m batches, [36m5540183[0m pos/sec)]
Estimated time to end of superbatch: [36m2.9[0ms     [Fsuperbatch [36m291[0m | time [36m18.4[0ms | running loss [36m0.015659[0m | [36m5441264[0m pos/sec | total time [36m6077.9[0ms
Estimated time remaining in training: [36m0[0mh [36m48[0mm [36m23[0ms
LR dropped to [36m0.00016114421[0m
superbatch [36m292[0m [[35m0.0[0m% ([36m0[0m/[36m763[0m batches, [36m4158933[0m pos/sec)]
Estimated time to end of superbatch: [36minf[0ms     [Fsuperbatch [36m292[0m [[35m16.8[0m% ([36m128[0m/[36m763[0m batches, [36m5046384[0m pos/sec)]
Estimated time to end of superbatch: [36m16.6[0ms     [Fsuperbatch [36m292[0m [[35m33.6[0m% ([36m256[0m/[36m763[0m batches, [36m4992719[0m pos/sec)]
Estimated time to end of superbatch: [36m13.4[0ms     [Fsuperbatch [36m292[0m [[35m50.3[0m% ([36m384[0m/[36m763[0m batches, [36m4972474[0m pos/sec)]
Estimated time to end of superbatch: [36m10.0[0ms     [Fsuperbatch [36m292[0m [[35m67.1[0m% ([36m512[0m/[36m763[0m batches, [36m4993179[0m pos/sec)]
Estimated time to end of superbatch: [36m6.6[0ms     [Fsuperbatch [36m292[0m [[35m83.9[0m% ([36m640[0m/[36m763[0m batches, [36m4999154[0m pos/sec)]
Estimated time to end of superbatch: [36m3.2[0ms     [Fsuperbatch [36m292[0m | time [36m20.0[0ms | running loss [36m0.015628[0m | [36m5002256[0m pos/sec | total time [36m6097.9[0ms
Estimated time remaining in training: [36m0[0mh [36m48[0mm [36m1[0ms
LR dropped to [36m0.00015998373[0m
superbatch [36m293[0m [[35m0.0[0m% ([36m0[0m/[36m763[0m batches, [36m5358850[0m pos/sec)]
Estimated time to end of superbatch: [36minf[0ms     [Fsuperbatch [36m293[0m [[35m16.8[0m% ([36m128[0m/[36m763[0m batches, [36m5005851[0m pos/sec)]
Estimated time to end of superbatch: [36m16.8[0ms     [Fsuperbatch [36m293[0m [[35m33.6[0m% ([36m256[0m/[36m763[0m batches, [36m5049816[0m pos/sec)]
Estimated time to end of superbatch: [36m13.2[0ms     [Fsuperbatch [36m293[0m [[35m50.3[0m% ([36m384[0m/[36m763[0m batches, [36m5050676[0m pos/sec)]
Estimated time to end of superbatch: [36m9.9[0ms     [Fsuperbatch [36m293[0m [[35m67.1[0m% ([36m512[0m/[36m763[0m batches, [36m5001280[0m pos/sec)]
Estimated time to end of superbatch: [36m6.6[0ms     [Fsuperbatch [36m293[0m [[35m83.9[0m% ([36m640[0m/[36m763[0m batches, [36m4988376[0m pos/sec)]
Estimated time to end of superbatch: [36m3.2[0ms     [Fsuperbatch [36m293[0m | time [36m20.0[0ms | running loss [36m0.015746[0m | [36m4997168[0m pos/sec | total time [36m6117.9[0ms
Estimated time remaining in training: [36m0[0mh [36m47[0mm [36m40[0ms
LR dropped to [36m0.00015882327[0m
superbatch [36m294[0m [[35m0.0[0m% ([36m0[0m/[36m763[0m batches, [36m4252947[0m pos/sec)]
Estimated time to end of superbatch: [36minf[0ms     [Fsuperbatch [36m294[0m [[35m16.8[0m% ([36m128[0m/[36m763[0m batches, [36m5040431[0m pos/sec)]
Estimated time to end of superbatch: [36m16.6[0ms     [Fsuperbatch [36m294[0m [[35m33.6[0m% ([36m256[0m/[36m763[0m batches, [36m5027744[0m pos/sec)]
Estimated time to end of superbatch: [36m13.3[0ms     [Fsuperbatch [36m294[0m [[35m50.3[0m% ([36m384[0m/[36m763[0m batches, [36m4987027[0m pos/sec)]
Estimated time to end of superbatch: [36m10.0[0ms     [Fsuperbatch [36m294[0m [[35m67.1[0m% ([36m512[0m/[36m763[0m batches, [36m5008032[0m pos/sec)]
Estimated time to end of superbatch: [36m6.6[0ms     [Fsuperbatch [36m294[0m [[35m83.9[0m% ([36m640[0m/[36m763[0m batches, [36m5020091[0m pos/sec)]
Estimated time to end of superbatch: [36m3.2[0ms     [Fsuperbatch [36m294[0m | time [36m20.0[0ms | running loss [36m0.015687[0m | [36m5007949[0m pos/sec | total time [36m6137.9[0ms
Estimated time remaining in training: [36m0[0mh [36m47[0mm [36m19[0ms
LR dropped to [36m0.00015766278[0m
superbatch [36m295[0m [[35m0.0[0m% ([36m0[0m/[36m763[0m batches, [36m5611374[0m pos/sec)]
Estimated time to end of superbatch: [36minf[0ms     [Fsuperbatch [36m295[0m [[35m16.8[0m% ([36m128[0m/[36m763[0m batches, [36m4906731[0m pos/sec)]
Estimated time to end of superbatch: [36m17.1[0ms     [Fsuperbatch [36m295[0m [[35m33.6[0m% ([36m256[0m/[36m763[0m batches, [36m4978536[0m pos/sec)]
Estimated time to end of superbatch: [36m13.4[0ms     [Fsuperbatch [36m295[0m [[35m50.3[0m% ([36m384[0m/[36m763[0m batches, [36m4995350[0m pos/sec)]
Estimated time to end of superbatch: [36m10.0[0ms     [Fsuperbatch [36m295[0m [[35m67.1[0m% ([36m512[0m/[36m763[0m batches, [36m5019318[0m pos/sec)]
Estimated time to end of superbatch: [36m6.6[0ms     [Fsuperbatch [36m295[0m [[35m83.9[0m% ([36m640[0m/[36m763[0m batches, [36m4999970[0m pos/sec)]
Estimated time to end of superbatch: [36m3.2[0ms     [Fsuperbatch [36m295[0m | time [36m20.0[0ms | running loss [36m0.015760[0m | [36m5009834[0m pos/sec | total time [36m6157.8[0ms
Estimated time remaining in training: [36m0[0mh [36m46[0mm [36m57[0ms
LR dropped to [36m0.00015650236[0m
superbatch [36m296[0m [[35m0.0[0m% ([36m0[0m/[36m763[0m batches, [36m4387216[0m pos/sec)]
Estimated time to end of superbatch: [36minf[0ms     [Fsuperbatch [36m296[0m [[35m16.8[0m% ([36m128[0m/[36m763[0m batches, [36m5077124[0m pos/sec)]
Estimated time to end of superbatch: [36m16.5[0ms     [Fsuperbatch [36m296[0m [[35m33.6[0m% ([36m256[0m/[36m763[0m batches, [36m5063352[0m pos/sec)]
Estimated time to end of superbatch: [36m13.2[0ms     [Fsuperbatch [36m296[0m [[35m50.3[0m% ([36m384[0m/[36m763[0m batches, [36m5023062[0m pos/sec)]
Estimated time to end of superbatch: [36m9.9[0ms     [Fsuperbatch [36m296[0m [[35m67.1[0m% ([36m512[0m/[36m763[0m batches, [36m5021720[0m pos/sec)]
Estimated time to end of superbatch: [36m6.6[0ms     [Fsuperbatch [36m296[0m [[35m83.9[0m% ([36m640[0m/[36m763[0m batches, [36m4985850[0m pos/sec)]
Estimated time to end of superbatch: [36m3.2[0ms     [Fsuperbatch [36m296[0m | time [36m20.0[0ms | running loss [36m0.015702[0m | [36m4988610[0m pos/sec | total time [36m6177.9[0ms
Estimated time remaining in training: [36m0[0mh [36m46[0mm [36m36[0ms
LR dropped to [36m0.00015534187[0m
superbatch [36m297[0m [[35m0.0[0m% ([36m0[0m/[36m763[0m batches, [36m5010605[0m pos/sec)]
Estimated time to end of superbatch: [36minf[0ms     [Fsuperbatch [36m297[0m [[35m16.8[0m% ([36m128[0m/[36m763[0m batches, [36m4074691[0m pos/sec)]
Estimated time to end of superbatch: [36m20.6[0ms     [Fsuperbatch [36m297[0m [[35m33.6[0m% ([36m256[0m/[36m763[0m batches, [36m4493202[0m pos/sec)]
Estimated time to end of superbatch: [36m14.8[0ms     [Fsuperbatch [36m297[0m [[35m50.3[0m% ([36m384[0m/[36m763[0m batches, [36m4676685[0m pos/sec)]
Estimated time to end of superbatch: [36m10.6[0ms     [Fsuperbatch [36m297[0m [[35m67.1[0m% ([36m512[0m/[36m763[0m batches, [36m4766952[0m pos/sec)]
Estimated time to end of superbatch: [36m6.9[0ms     [Fsuperbatch [36m297[0m [[35m83.9[0m% ([36m640[0m/[36m763[0m batches, [36m4732550[0m pos/sec)]
Estimated time to end of superbatch: [36m3.4[0ms     [Fsuperbatch [36m297[0m | time [36m21.0[0ms | running loss [36m0.015804[0m | [36m4756338[0m pos/sec | total time [36m6198.9[0ms
Estimated time remaining in training: [36m0[0mh [36m46[0mm [36m15[0ms
LR dropped to [36m0.00015418141[0m
superbatch [36m298[0m [[35m0.0[0m% ([36m0[0m/[36m763[0m batches, [36m5401466[0m pos/sec)]
Estimated time to end of superbatch: [36minf[0ms     [Fsuperbatch [36m298[0m [[35m16.8[0m% ([36m128[0m/[36m763[0m batches, [36m5088908[0m pos/sec)]
Estimated time to end of superbatch: [36m16.5[0ms     [Fsuperbatch [36m298[0m [[35m33.6[0m% ([36m256[0m/[36m763[0m batches, [36m5046564[0m pos/sec)]
Estimated time to end of superbatch: [36m13.2[0ms     [Fsuperbatch [36m298[0m [[35m50.3[0m% ([36m384[0m/[36m763[0m batches, [36m5040338[0m pos/sec)]
Estimated time to end of superbatch: [36m9.9[0ms     [Fsuperbatch [36m298[0m [[35m67.1[0m% ([36m512[0m/[36m763[0m batches, [36m5046234[0m pos/sec)]
Estimated time to end of superbatch: [36m6.5[0ms     [Fsuperbatch [36m298[0m [[35m83.9[0m% ([36m640[0m/[36m763[0m batches, [36m5043544[0m pos/sec)]
Estimated time to end of superbatch: [36m3.2[0ms     [Fsuperbatch [36m298[0m | time [36m19.9[0ms | running loss [36m0.015722[0m | [36m5037053[0m pos/sec | total time [36m6218.7[0ms
Estimated time remaining in training: [36m0[0mh [36m45[0mm [36m54[0ms
LR dropped to [36m0.00015302093[0m
superbatch [36m299[0m [[35m0.0[0m% ([36m0[0m/[36m763[0m batches, [36m5217358[0m pos/sec)]
Estimated time to end of superbatch: [36minf[0ms     [Fsuperbatch [36m299[0m [[35m16.8[0m% ([36m128[0m/[36m763[0m batches, [36m4992422[0m pos/sec)]
Estimated time to end of superbatch: [36m16.8[0ms     [Fsuperbatch [36m299[0m [[35m33.6[0m% ([36m256[0m/[36m763[0m batches, [36m5035350[0m pos/sec)]
Estimated time to end of superbatch: [36m13.2[0ms     [Fsuperbatch [36m299[0m [[35m50.3[0m% ([36m384[0m/[36m763[0m batches, [36m5049445[0m pos/sec)]
Estimated time to end of superbatch: [36m9.9[0ms     [Fsuperbatch [36m299[0m [[35m67.1[0m% ([36m512[0m/[36m763[0m batches, [36m5050762[0m pos/sec)]
Estimated time to end of superbatch: [36m6.5[0ms     [Fsuperbatch [36m299[0m [[35m83.9[0m% ([36m640[0m/[36m763[0m batches, [36m5040052[0m pos/sec)]
Estimated time to end of superbatch: [36m3.2[0ms     [Fsuperbatch [36m299[0m | time [36m19.9[0ms | running loss [36m0.015869[0m | [36m5037592[0m pos/sec | total time [36m6238.6[0ms
Estimated time remaining in training: [36m0[0mh [36m45[0mm [36m33[0ms
LR dropped to [36m0.0001518605[0m
superbatch [36m300[0m [[35m0.0[0m% ([36m0[0m/[36m763[0m batches, [36m4268160[0m pos/sec)]
Estimated time to end of superbatch: [36minf[0ms     [Fsuperbatch [36m300[0m [[35m16.8[0m% ([36m128[0m/[36m763[0m batches, [36m5068524[0m pos/sec)]
Estimated time to end of superbatch: [36m16.5[0ms     [Fsuperbatch [36m300[0m [[35m33.6[0m% ([36m256[0m/[36m763[0m batches, [36m5042563[0m pos/sec)]
Estimated time to end of superbatch: [36m13.2[0ms     [Fsuperbatch [36m300[0m [[35m50.3[0m% ([36m384[0m/[36m763[0m batches, [36m5010180[0m pos/sec)]
Estimated time to end of superbatch: [36m9.9[0ms     [Fsuperbatch [36m300[0m [[35m67.1[0m% ([36m512[0m/[36m763[0m batches, [36m5013808[0m pos/sec)]
Estimated time to end of superbatch: [36m6.6[0ms     [Fsuperbatch [36m300[0m [[35m83.9[0m% ([36m640[0m/[36m763[0m batches, [36m5027931[0m pos/sec)]
Estimated time to end of superbatch: [36m3.2[0ms     [Fsuperbatch [36m300[0m | time [36m19.9[0ms | running loss [36m0.015777[0m | [36m5013824[0m pos/sec | total time [36m6258.5[0ms
Estimated time remaining in training: [36m0[0mh [36m45[0mm [36m12[0ms
Saved [anna-v3c-s1-300]
LR dropped to [36m0.00015070001[0m
superbatch [36m301[0m [[35m0.0[0m% ([36m0[0m/[36m763[0m batches, [36m5579150[0m pos/sec)]
Estimated time to end of superbatch: [36minf[0ms     [Fsuperbatch [36m301[0m [[35m16.8[0m% ([36m128[0m/[36m763[0m batches, [36m5506842[0m pos/sec)]
Estimated time to end of superbatch: [36m15.2[0ms     [Fsuperbatch [36m301[0m [[35m33.6[0m% ([36m256[0m/[36m763[0m batches, [36m5601595[0m pos/sec)]
Estimated time to end of superbatch: [36m11.9[0ms     [Fsuperbatch [36m301[0m [[35m50.3[0m% ([36m384[0m/[36m763[0m batches, [36m5636372[0m pos/sec)]
Estimated time to end of superbatch: [36m8.8[0ms     [Fsuperbatch [36m301[0m [[35m67.1[0m% ([36m512[0m/[36m763[0m batches, [36m5624301[0m pos/sec)]
Estimated time to end of superbatch: [36m5.9[0ms     [Fsuperbatch [36m301[0m [[35m83.9[0m% ([36m640[0m/[36m763[0m batches, [36m5450840[0m pos/sec)]
Estimated time to end of superbatch: [36m3.0[0ms     [Fsuperbatch [36m301[0m | time [36m18.6[0ms | running loss [36m0.015949[0m | [36m5385354[0m pos/sec | total time [36m6279.7[0ms
Estimated time remaining in training: [36m0[0mh [36m44[0mm [36m51[0ms
LR dropped to [36m0.00014953956[0m
superbatch [36m302[0m [[35m0.0[0m% ([36m0[0m/[36m763[0m batches, [36m4239170[0m pos/sec)]
Estimated time to end of superbatch: [36minf[0ms     [Fsuperbatch [36m302[0m [[35m16.8[0m% ([36m128[0m/[36m763[0m batches, [36m5043324[0m pos/sec)]
Estimated time to end of superbatch: [36m16.6[0ms     [Fsuperbatch [36m302[0m [[35m33.6[0m% ([36m256[0m/[36m763[0m batches, [36m5041872[0m pos/sec)]
Estimated time to end of superbatch: [36m13.2[0ms     [Fsuperbatch [36m302[0m [[35m50.3[0m% ([36m384[0m/[36m763[0m batches, [36m4834856[0m pos/sec)]
Estimated time to end of superbatch: [36m10.3[0ms     [Fsuperbatch [36m302[0m [[35m67.1[0m% ([36m512[0m/[36m763[0m batches, [36m4555524[0m pos/sec)]
Estimated time to end of superbatch: [36m7.2[0ms     [Fsuperbatch [36m302[0m [[35m83.9[0m% ([36m640[0m/[36m763[0m batches, [36m4647272[0m pos/sec)]
Estimated time to end of superbatch: [36m3.5[0ms     [Fsuperbatch [36m302[0m | time [36m21.3[0ms | running loss [36m0.015833[0m | [36m4704715[0m pos/sec | total time [36m6300.9[0ms
Estimated time remaining in training: [36m0[0mh [36m44[0mm [36m30[0ms
LR dropped to [36m0.00014837907[0m
superbatch [36m303[0m [[35m0.0[0m% ([36m0[0m/[36m763[0m batches, [36m4679252[0m pos/sec)]
Estimated time to end of superbatch: [36minf[0ms     [Fsuperbatch [36m303[0m [[35m16.8[0m% ([36m128[0m/[36m763[0m batches, [36m4884159[0m pos/sec)]
Estimated time to end of superbatch: [36m17.2[0ms     [Fsuperbatch [36m303[0m [[35m33.6[0m% ([36m256[0m/[36m763[0m batches, [36m4942669[0m pos/sec)]
Estimated time to end of superbatch: [36m13.5[0ms     [Fsuperbatch [36m303[0m [[35m50.3[0m% ([36m384[0m/[36m763[0m batches, [36m4958148[0m pos/sec)]
Estimated time to end of superbatch: [36m10.0[0ms     [Fsuperbatch [36m303[0m [[35m67.1[0m% ([36m512[0m/[36m763[0m batches, [36m4978538[0m pos/sec)]
Estimated time to end of superbatch: [36m6.6[0ms     [Fsuperbatch [36m303[0m [[35m83.9[0m% ([36m640[0m/[36m763[0m batches, [36m4984801[0m pos/sec)]
Estimated time to end of superbatch: [36m3.2[0ms     [Fsuperbatch [36m303[0m | time [36m20.1[0ms | running loss [36m0.015999[0m | [36m4978910[0m pos/sec | total time [36m6321.0[0ms
Estimated time remaining in training: [36m0[0mh [36m44[0mm [36m9[0ms
LR dropped to [36m0.00014721861[0m
superbatch [36m304[0m [[35m0.0[0m% ([36m0[0m/[36m763[0m batches, [36m4639622[0m pos/sec)]
Estimated time to end of superbatch: [36minf[0ms     [Fsuperbatch [36m304[0m [[35m16.8[0m% ([36m128[0m/[36m763[0m batches, [36m4963064[0m pos/sec)]
Estimated time to end of superbatch: [36m16.9[0ms     [Fsuperbatch [36m304[0m [[35m33.6[0m% ([36m256[0m/[36m763[0m batches, [36m4973864[0m pos/sec)]
Estimated time to end of superbatch: [36m13.4[0ms     [Fsuperbatch [36m304[0m [[35m50.3[0m% ([36m384[0m/[36m763[0m batches, [36m4954812[0m pos/sec)]
Estimated time to end of superbatch: [36m10.1[0ms     [Fsuperbatch [36m304[0m [[35m67.1[0m% ([36m512[0m/[36m763[0m batches, [36m4952308[0m pos/sec)]
Estimated time to end of superbatch: [36m6.7[0ms     [Fsuperbatch [36m304[0m [[35m83.9[0m% ([36m640[0m/[36m763[0m batches, [36m4967486[0m pos/sec)]
Estimated time to end of superbatch: [36m3.3[0ms     [Fsuperbatch [36m304[0m | time [36m20.1[0ms | running loss [36m0.015881[0m | [36m4974000[0m pos/sec | total time [36m6341.1[0ms
Estimated time remaining in training: [36m0[0mh [36m43[0mm [36m48[0ms
LR dropped to [36m0.00014605816[0m
superbatch [36m305[0m [[35m0.0[0m% ([36m0[0m/[36m763[0m batches, [36m4864674[0m pos/sec)]
Estimated time to end of superbatch: [36minf[0ms     [Fsuperbatch [36m305[0m [[35m16.8[0m% ([36m128[0m/[36m763[0m batches, [36m4935928[0m pos/sec)]
Estimated time to end of superbatch: [36m17.0[0ms     [Fsuperbatch [36m305[0m [[35m33.6[0m% ([36m256[0m/[36m763[0m batches, [36m4976930[0m pos/sec)]
Estimated time to end of superbatch: [36m13.4[0ms     [Fsuperbatch [36m305[0m [[35m50.3[0m% ([36m384[0m/[36m763[0m batches, [36m4992966[0m pos/sec)]
Estimated time to end of superbatch: [36m10.0[0ms     [Fsuperbatch [36m305[0m [[35m67.1[0m% ([36m512[0m/[36m763[0m batches, [36m5009157[0m pos/sec)]
Estimated time to end of superbatch: [36m6.6[0ms     [Fsuperbatch [36m305[0m [[35m83.9[0m% ([36m640[0m/[36m763[0m batches, [36m4771500[0m pos/sec)]
Estimated time to end of superbatch: [36m3.4[0ms     [Fsuperbatch [36m305[0m | time [36m20.8[0ms | running loss [36m0.016072[0m | [36m4810141[0m pos/sec | total time [36m6361.9[0ms
Estimated time remaining in training: [36m0[0mh [36m43[0mm [36m27[0ms
LR dropped to [36m0.0001448977[0m
superbatch [36m306[0m [[35m0.0[0m% ([36m0[0m/[36m763[0m batches, [36m4186068[0m pos/sec)]
Estimated time to end of superbatch: [36minf[0ms     [Fsuperbatch [36m306[0m [[35m16.8[0m% ([36m128[0m/[36m763[0m batches, [36m5089326[0m pos/sec)]
Estimated time to end of superbatch: [36m16.5[0ms     [Fsuperbatch [36m306[0m [[35m33.6[0m% ([36m256[0m/[36m763[0m batches, [36m5047796[0m pos/sec)]
Estimated time to end of superbatch: [36m13.2[0ms     [Fsuperbatch [36m306[0m [[35m50.3[0m% ([36m384[0m/[36m763[0m batches, [36m4999520[0m pos/sec)]
Estimated time to end of superbatch: [36m10.0[0ms     [Fsuperbatch [36m306[0m [[35m67.1[0m% ([36m512[0m/[36m763[0m batches, [36m5016490[0m pos/sec)]
Estimated time to end of superbatch: [36m6.6[0ms     [Fsuperbatch [36m306[0m [[35m83.9[0m% ([36m640[0m/[36m763[0m batches, [36m5031884[0m pos/sec)]
Estimated time to end of superbatch: [36m3.2[0ms     [Fsuperbatch [36m306[0m | time [36m19.9[0ms | running loss [36m0.015940[0m | [36m5034919[0m pos/sec | total time [36m6381.8[0ms
Estimated time remaining in training: [36m0[0mh [36m43[0mm [36m6[0ms
LR dropped to [36m0.00014373721[0m
superbatch [36m307[0m [[35m0.0[0m% ([36m0[0m/[36m763[0m batches, [36m4948936[0m pos/sec)]
Estimated time to end of superbatch: [36minf[0ms     [Fsuperbatch [36m307[0m [[35m16.8[0m% ([36m128[0m/[36m763[0m batches, [36m4608284[0m pos/sec)]
Estimated time to end of superbatch: [36m18.2[0ms     [Fsuperbatch [36m307[0m [[35m33.6[0m% ([36m256[0m/[36m763[0m batches, [36m4744286[0m pos/sec)]
Estimated time to end of superbatch: [36m14.1[0ms     [Fsuperbatch [36m307[0m [[35m50.3[0m% ([36m384[0m/[36m763[0m batches, [36m4840744[0m pos/sec)]
Estimated time to end of superbatch: [36m10.3[0ms     [Fsuperbatch [36m307[0m [[35m67.1[0m% ([36m512[0m/[36m763[0m batches, [36m4881036[0m pos/sec)]
Estimated time to end of superbatch: [36m6.8[0ms     [Fsuperbatch [36m307[0m [[35m83.9[0m% ([36m640[0m/[36m763[0m batches, [36m4770409[0m pos/sec)]
Estimated time to end of superbatch: [36m3.4[0ms     [Fsuperbatch [36m307[0m | time [36m20.8[0ms | running loss [36m0.016145[0m | [36m4804828[0m pos/sec | total time [36m6402.6[0ms
Estimated time remaining in training: [36m0[0mh [36m42[0mm [36m45[0ms
LR dropped to [36m0.00014257676[0m
superbatch [36m308[0m [[35m0.0[0m% ([36m0[0m/[36m763[0m batches, [36m5600883[0m pos/sec)]
Estimated time to end of superbatch: [36minf[0ms     [Fsuperbatch [36m308[0m [[35m16.8[0m% ([36m128[0m/[36m763[0m batches, [36m5059062[0m pos/sec)]
Estimated time to end of superbatch: [36m16.6[0ms     [Fsuperbatch [36m308[0m [[35m33.6[0m% ([36m256[0m/[36m763[0m batches, [36m4995888[0m pos/sec)]
Estimated time to end of superbatch: [36m13.4[0ms     [Fsuperbatch [36m308[0m [[35m50.3[0m% ([36m384[0m/[36m763[0m batches, [36m4980768[0m pos/sec)]
Estimated time to end of superbatch: [36m10.0[0ms     [Fsuperbatch [36m308[0m [[35m67.1[0m% ([36m512[0m/[36m763[0m batches, [36m4986457[0m pos/sec)]
Estimated time to end of superbatch: [36m6.6[0ms     [Fsuperbatch [36m308[0m [[35m83.9[0m% ([36m640[0m/[36m763[0m batches, [36m4996954[0m pos/sec)]
Estimated time to end of superbatch: [36m3.2[0ms     [Fsuperbatch [36m308[0m | time [36m20.0[0ms | running loss [36m0.015960[0m | [36m4998994[0m pos/sec | total time [36m6422.6[0ms
Estimated time remaining in training: [36m0[0mh [36m42[0mm [36m24[0ms
LR dropped to [36m0.0001414163[0m
superbatch [36m309[0m [[35m0.0[0m% ([36m0[0m/[36m763[0m batches, [36m5656265[0m pos/sec)]
Estimated time to end of superbatch: [36minf[0ms     [Fsuperbatch [36m309[0m [[35m16.8[0m% ([36m128[0m/[36m763[0m batches, [36m4891447[0m pos/sec)]
Estimated time to end of superbatch: [36m17.1[0ms     [Fsuperbatch [36m309[0m [[35m33.6[0m% ([36m256[0m/[36m763[0m batches, [36m4975428[0m pos/sec)]
Estimated time to end of superbatch: [36m13.4[0ms     [Fsuperbatch [36m309[0m [[35m50.3[0m% ([36m384[0m/[36m763[0m batches, [36m4987554[0m pos/sec)]
Estimated time to end of superbatch: [36m10.0[0ms     [Fsuperbatch [36m309[0m [[35m67.1[0m% ([36m512[0m/[36m763[0m batches, [36m5000352[0m pos/sec)]
Estimated time to end of superbatch: [36m6.6[0ms     [Fsuperbatch [36m309[0m [[35m83.9[0m% ([36m640[0m/[36m763[0m batches, [36m4972350[0m pos/sec)]
Estimated time to end of superbatch: [36m3.2[0ms     [Fsuperbatch [36m309[0m | time [36m20.2[0ms | running loss [36m0.016227[0m | [36m4960932[0m pos/sec | total time [36m6442.8[0ms
Estimated time remaining in training: [36m0[0mh [36m42[0mm [36m2[0ms
LR dropped to [36m0.00014025584[0m
superbatch [36m310[0m [[35m0.0[0m% ([36m0[0m/[36m763[0m batches, [36m4247748[0m pos/sec)]
Estimated time to end of superbatch: [36minf[0ms     [Fsuperbatch [36m310[0m [[35m16.8[0m% ([36m128[0m/[36m763[0m batches, [36m5118335[0m pos/sec)]
Estimated time to end of superbatch: [36m16.4[0ms     [Fsuperbatch [36m310[0m [[35m33.6[0m% ([36m256[0m/[36m763[0m batches, [36m5100862[0m pos/sec)]
Estimated time to end of superbatch: [36m13.1[0ms     [Fsuperbatch [36m310[0m [[35m50.3[0m% ([36m384[0m/[36m763[0m batches, [36m5009892[0m pos/sec)]
Estimated time to end of superbatch: [36m9.9[0ms     [Fsuperbatch [36m310[0m [[35m67.1[0m% ([36m512[0m/[36m763[0m batches, [36m5011342[0m pos/sec)]
Estimated time to end of superbatch: [36m6.6[0ms     [Fsuperbatch [36m310[0m [[35m83.9[0m% ([36m640[0m/[36m763[0m batches, [36m5019392[0m pos/sec)]
Estimated time to end of superbatch: [36m3.2[0ms     [Fsuperbatch [36m310[0m | time [36m19.9[0ms | running loss [36m0.016063[0m | [36m5021678[0m pos/sec | total time [36m6462.7[0ms
Estimated time remaining in training: [36m0[0mh [36m41[0mm [36m41[0ms
Saved [anna-v3c-s1-310]
LR dropped to [36m0.00013909535[0m
superbatch [36m311[0m [[35m0.0[0m% ([36m0[0m/[36m763[0m batches, [36m5475392[0m pos/sec)]
Estimated time to end of superbatch: [36minf[0ms     [Fsuperbatch [36m311[0m [[35m16.8[0m% ([36m128[0m/[36m763[0m batches, [36m5272962[0m pos/sec)]
Estimated time to end of superbatch: [36m15.9[0ms     [Fsuperbatch [36m311[0m [[35m33.6[0m% ([36m256[0m/[36m763[0m batches, [36m5466374[0m pos/sec)]
Estimated time to end of superbatch: [36m12.2[0ms     [Fsuperbatch [36m311[0m [[35m50.3[0m% ([36m384[0m/[36m763[0m batches, [36m5540988[0m pos/sec)]
Estimated time to end of superbatch: [36m9.0[0ms     [Fsuperbatch [36m311[0m [[35m67.1[0m% ([36m512[0m/[36m763[0m batches, [36m5576422[0m pos/sec)]
Estimated time to end of superbatch: [36m5.9[0ms     [Fsuperbatch [36m311[0m [[35m83.9[0m% ([36m640[0m/[36m763[0m batches, [36m5502467[0m pos/sec)]
Estimated time to end of superbatch: [36m2.9[0ms     [Fsuperbatch [36m311[0m | time [36m18.5[0ms | running loss [36m0.016257[0m | [36m5402921[0m pos/sec | total time [36m6483.7[0ms
Estimated time remaining in training: [36m0[0mh [36m41[0mm [36m20[0ms
LR dropped to [36m0.0001379349[0m
superbatch [36m312[0m [[35m0.0[0m% ([36m0[0m/[36m763[0m batches, [36m5660300[0m pos/sec)]
Estimated time to end of superbatch: [36minf[0ms     [Fsuperbatch [36m312[0m [[35m16.8[0m% ([36m128[0m/[36m763[0m batches, [36m5108628[0m pos/sec)]
Estimated time to end of superbatch: [36m16.4[0ms     [Fsuperbatch [36m312[0m [[35m33.6[0m% ([36m256[0m/[36m763[0m batches, [36m5083590[0m pos/sec)]
Estimated time to end of superbatch: [36m13.1[0ms     [Fsuperbatch [36m312[0m [[35m50.3[0m% ([36m384[0m/[36m763[0m batches, [36m4970834[0m pos/sec)]
Estimated time to end of superbatch: [36m10.0[0ms     [Fsuperbatch [36m312[0m [[35m67.1[0m% ([36m512[0m/[36m763[0m batches, [36m4959470[0m pos/sec)]
Estimated time to end of superbatch: [36m6.6[0ms     [Fsuperbatch [36m312[0m [[35m83.9[0m% ([36m640[0m/[36m763[0m batches, [36m4981492[0m pos/sec)]
Estimated time to end of superbatch: [36m3.2[0ms     [Fsuperbatch [36m312[0m | time [36m20.0[0ms | running loss [36m0.016119[0m | [36m4993642[0m pos/sec | total time [36m6503.8[0ms
Estimated time remaining in training: [36m0[0mh [36m40[0mm [36m59[0ms
LR dropped to [36m0.00013677441[0m
superbatch [36m313[0m [[35m0.0[0m% ([36m0[0m/[36m763[0m batches, [36m4679172[0m pos/sec)]
Estimated time to end of superbatch: [36minf[0ms     [Fsuperbatch [36m313[0m [[35m16.8[0m% ([36m128[0m/[36m763[0m batches, [36m4951174[0m pos/sec)]
Estimated time to end of superbatch: [36m16.9[0ms     [Fsuperbatch [36m313[0m [[35m33.6[0m% ([36m256[0m/[36m763[0m batches, [36m4935180[0m pos/sec)]
Estimated time to end of superbatch: [36m13.5[0ms     [Fsuperbatch [36m313[0m [[35m50.3[0m% ([36m384[0m/[36m763[0m batches, [36m4962348[0m pos/sec)]
Estimated time to end of superbatch: [36m10.0[0ms     [Fsuperbatch [36m313[0m [[35m67.1[0m% ([36m512[0m/[36m763[0m batches, [36m4990511[0m pos/sec)]
Estimated time to end of superbatch: [36m6.6[0ms     [Fsuperbatch [36m313[0m [[35m83.9[0m% ([36m640[0m/[36m763[0m batches, [36m4968174[0m pos/sec)]
Estimated time to end of superbatch: [36m3.3[0ms     [Fsuperbatch [36m313[0m | time [36m20.1[0ms | running loss [36m0.016330[0m | [36m4965760[0m pos/sec | total time [36m6523.9[0ms
Estimated time remaining in training: [36m0[0mh [36m40[0mm [36m38[0ms
LR dropped to [36m0.00013561398[0m
superbatch [36m314[0m [[35m0.0[0m% ([36m0[0m/[36m763[0m batches, [36m4194532[0m pos/sec)]
Estimated time to end of superbatch: [36minf[0ms     [Fsuperbatch [36m314[0m [[35m16.8[0m% ([36m128[0m/[36m763[0m batches, [36m5040515[0m pos/sec)]
Estimated time to end of superbatch: [36m16.6[0ms     [Fsuperbatch [36m314[0m [[35m33.6[0m% ([36m256[0m/[36m763[0m batches, [36m5233703[0m pos/sec)]
Estimated time to end of superbatch: [36m12.7[0ms     [Fsuperbatch [36m314[0m [[35m50.3[0m% ([36m384[0m/[36m763[0m batches, [36m5148616[0m pos/sec)]
Estimated time to end of superbatch: [36m9.7[0ms     [Fsuperbatch [36m314[0m [[35m67.1[0m% ([36m512[0m/[36m763[0m batches, [36m5078144[0m pos/sec)]
Estimated time to end of superbatch: [36m6.5[0ms     [Fsuperbatch [36m314[0m [[35m83.9[0m% ([36m640[0m/[36m763[0m batches, [36m5084531[0m pos/sec)]
Estimated time to end of superbatch: [36m3.2[0ms     [Fsuperbatch [36m314[0m | time [36m19.7[0ms | running loss [36m0.016213[0m | [36m5085780[0m pos/sec | total time [36m6543.6[0ms
Estimated time remaining in training: [36m0[0mh [36m40[0mm [36m17[0ms
LR dropped to [36m0.0001344535[0m
superbatch [36m315[0m [[35m0.0[0m% ([36m0[0m/[36m763[0m batches, [36m4765904[0m pos/sec)]
Estimated time to end of superbatch: [36minf[0ms     [Fsuperbatch [36m315[0m [[35m16.8[0m% ([36m128[0m/[36m763[0m batches, [36m4906982[0m pos/sec)]
Estimated time to end of superbatch: [36m17.1[0ms     [Fsuperbatch [36m315[0m [[35m33.6[0m% ([36m256[0m/[36m763[0m batches, [36m4924483[0m pos/sec)]
Estimated time to end of superbatch: [36m13.5[0ms     [Fsuperbatch [36m315[0m [[35m50.3[0m% ([36m384[0m/[36m763[0m batches, [36m4973336[0m pos/sec)]
Estimated time to end of superbatch: [36m10.0[0ms     [Fsuperbatch [36m315[0m [[35m67.1[0m% ([36m512[0m/[36m763[0m batches, [36m5002680[0m pos/sec)]
Estimated time to end of superbatch: [36m6.6[0ms     [Fsuperbatch [36m315[0m [[35m83.9[0m% ([36m640[0m/[36m763[0m batches, [36m4982920[0m pos/sec)]
Estimated time to end of superbatch: [36m3.2[0ms     [Fsuperbatch [36m315[0m | time [36m20.2[0ms | running loss [36m0.016446[0m | [36m4962534[0m pos/sec | total time [36m6563.7[0ms
Estimated time remaining in training: [36m0[0mh [36m39[0mm [36m56[0ms
LR dropped to [36m0.00013329304[0m
superbatch [36m316[0m [[35m0.0[0m% ([36m0[0m/[36m763[0m batches, [36m5575454[0m pos/sec)]
Estimated time to end of superbatch: [36minf[0ms     [Fsuperbatch [36m316[0m [[35m16.8[0m% ([36m128[0m/[36m763[0m batches, [36m5050856[0m pos/sec)]
Estimated time to end of superbatch: [36m16.6[0ms     [Fsuperbatch [36m316[0m [[35m33.6[0m% ([36m256[0m/[36m763[0m batches, [36m5071344[0m pos/sec)]
Estimated time to end of superbatch: [36m13.2[0ms     [Fsuperbatch [36m316[0m [[35m50.3[0m% ([36m384[0m/[36m763[0m batches, [36m4989122[0m pos/sec)]
Estimated time to end of superbatch: [36m10.0[0ms     [Fsuperbatch [36m316[0m [[35m67.1[0m% ([36m512[0m/[36m763[0m batches, [36m4976058[0m pos/sec)]
Estimated time to end of superbatch: [36m6.6[0ms     [Fsuperbatch [36m316[0m [[35m83.9[0m% ([36m640[0m/[36m763[0m batches, [36m4998468[0m pos/sec)]
Estimated time to end of superbatch: [36m3.2[0ms     [Fsuperbatch [36m316[0m | time [36m20.0[0ms | running loss [36m0.016335[0m | [36m5009237[0m pos/sec | total time [36m6583.7[0ms
Estimated time remaining in training: [36m0[0mh [36m39[0mm [36m35[0ms
LR dropped to [36m0.00013213255[0m
superbatch [36m317[0m [[35m0.0[0m% ([36m0[0m/[36m763[0m batches, [36m5678574[0m pos/sec)]
Estimated time to end of superbatch: [36minf[0ms     [Fsuperbatch [36m317[0m [[35m16.8[0m% ([36m128[0m/[36m763[0m batches, [36m4905322[0m pos/sec)]
Estimated time to end of superbatch: [36m17.1[0ms     [Fsuperbatch [36m317[0m [[35m33.6[0m% ([36m256[0m/[36m763[0m batches, [36m4860633[0m pos/sec)]
Estimated time to end of superbatch: [36m13.7[0ms     [Fsuperbatch [36m317[0m [[35m50.3[0m% ([36m384[0m/[36m763[0m batches, [36m4948568[0m pos/sec)]
Estimated time to end of superbatch: [36m10.1[0ms     [Fsuperbatch [36m317[0m [[35m67.1[0m% ([36m512[0m/[36m763[0m batches, [36m4889678[0m pos/sec)]
Estimated time to end of superbatch: [36m6.7[0ms     [Fsuperbatch [36m317[0m [[35m83.9[0m% ([36m640[0m/[36m763[0m batches, [36m4476092[0m pos/sec)]
Estimated time to end of superbatch: [36m3.6[0ms     [Fsuperbatch [36m317[0m | time [36m22.1[0ms | running loss [36m0.016525[0m | [36m4535119[0m pos/sec | total time [36m6605.7[0ms
Estimated time remaining in training: [36m0[0mh [36m39[0mm [36m14[0ms
LR dropped to [36m0.00013097213[0m
superbatch [36m318[0m [[35m0.0[0m% ([36m0[0m/[36m763[0m batches, [36m5452280[0m pos/sec)]
Estimated time to end of superbatch: [36minf[0ms     [Fsuperbatch [36m318[0m [[35m16.8[0m% ([36m128[0m/[36m763[0m batches, [36m5189792[0m pos/sec)]
Estimated time to end of superbatch: [36m16.2[0ms     [Fsuperbatch [36m318[0m [[35m33.6[0m% ([36m256[0m/[36m763[0m batches, [36m5346117[0m pos/sec)]
Estimated time to end of superbatch: [36m12.5[0ms     [Fsuperbatch [36m318[0m [[35m50.3[0m% ([36m384[0m/[36m763[0m batches, [36m5154828[0m pos/sec)]
Estimated time to end of superbatch: [36m9.7[0ms     [Fsuperbatch [36m318[0m [[35m67.1[0m% ([36m512[0m/[36m763[0m batches, [36m5089786[0m pos/sec)]
Estimated time to end of superbatch: [36m6.5[0ms     [Fsuperbatch [36m318[0m [[35m83.9[0m% ([36m640[0m/[36m763[0m batches, [36m5088880[0m pos/sec)]
Estimated time to end of superbatch: [36m3.2[0ms     [Fsuperbatch [36m318[0m | time [36m20.0[0ms | running loss [36m0.016405[0m | [36m4993438[0m pos/sec | total time [36m6625.8[0ms
Estimated time remaining in training: [36m0[0mh [36m38[0mm [36m53[0ms
LR dropped to [36m0.00012981164[0m
superbatch [36m319[0m [[35m0.0[0m% ([36m0[0m/[36m763[0m batches, [36m4600986[0m pos/sec)]
Estimated time to end of superbatch: [36minf[0ms     [Fsuperbatch [36m319[0m [[35m16.8[0m% ([36m128[0m/[36m763[0m batches, [36m4724902[0m pos/sec)]
Estimated time to end of superbatch: [36m17.8[0ms     [Fsuperbatch [36m319[0m [[35m33.6[0m% ([36m256[0m/[36m763[0m batches, [36m4753214[0m pos/sec)]
Estimated time to end of superbatch: [36m14.0[0ms     [Fsuperbatch [36m319[0m [[35m50.3[0m% ([36m384[0m/[36m763[0m batches, [36m4835293[0m pos/sec)]
Estimated time to end of superbatch: [36m10.3[0ms     [Fsuperbatch [36m319[0m [[35m67.1[0m% ([36m512[0m/[36m763[0m batches, [36m4890869[0m pos/sec)]
Estimated time to end of superbatch: [36m6.7[0ms     [Fsuperbatch [36m319[0m [[35m83.9[0m% ([36m640[0m/[36m763[0m batches, [36m4865345[0m pos/sec)]
Estimated time to end of superbatch: [36m3.3[0ms     [Fsuperbatch [36m319[0m | time [36m20.6[0ms | running loss [36m0.016547[0m | [36m4856620[0m pos/sec | total time [36m6646.4[0ms
Estimated time remaining in training: [36m0[0mh [36m38[0mm [36m32[0ms
LR dropped to [36m0.00012865118[0m
superbatch [36m320[0m [[35m0.0[0m% ([36m0[0m/[36m763[0m batches, [36m5656440[0m pos/sec)]
Estimated time to end of superbatch: [36minf[0ms     [Fsuperbatch [36m320[0m [[35m16.8[0m% ([36m128[0m/[36m763[0m batches, [36m5032927[0m pos/sec)]
Estimated time to end of superbatch: [36m16.7[0ms     [Fsuperbatch [36m320[0m [[35m33.6[0m% ([36m256[0m/[36m763[0m batches, [36m5042417[0m pos/sec)]
Estimated time to end of superbatch: [36m13.2[0ms     [Fsuperbatch [36m320[0m [[35m50.3[0m% ([36m384[0m/[36m763[0m batches, [36m4961850[0m pos/sec)]
Estimated time to end of superbatch: [36m10.0[0ms     [Fsuperbatch [36m320[0m [[35m67.1[0m% ([36m512[0m/[36m763[0m batches, [36m4922344[0m pos/sec)]
Estimated time to end of superbatch: [36m6.7[0ms     [Fsuperbatch [36m320[0m [[35m83.9[0m% ([36m640[0m/[36m763[0m batches, [36m4938345[0m pos/sec)]
Estimated time to end of superbatch: [36m3.3[0ms     [Fsuperbatch [36m320[0m | time [36m20.2[0ms | running loss [36m0.016431[0m | [36m4950746[0m pos/sec | total time [36m6666.6[0ms
Estimated time remaining in training: [36m0[0mh [36m38[0mm [36m11[0ms
Saved [anna-v3c-s1-320]
LR dropped to [36m0.0001274907[0m
superbatch [36m321[0m [[35m0.0[0m% ([36m0[0m/[36m763[0m batches, [36m5534709[0m pos/sec)]
Estimated time to end of superbatch: [36minf[0ms     [Fsuperbatch [36m321[0m [[35m16.8[0m% ([36m128[0m/[36m763[0m batches, [36m5350358[0m pos/sec)]
Estimated time to end of superbatch: [36m15.7[0ms     [Fsuperbatch [36m321[0m [[35m33.6[0m% ([36m256[0m/[36m763[0m batches, [36m5246626[0m pos/sec)]
Estimated time to end of superbatch: [36m12.7[0ms     [Fsuperbatch [36m321[0m [[35m50.3[0m% ([36m384[0m/[36m763[0m batches, [36m5224844[0m pos/sec)]
Estimated time to end of superbatch: [36m9.5[0ms     [Fsuperbatch [36m321[0m [[35m67.1[0m% ([36m512[0m/[36m763[0m batches, [36m5182068[0m pos/sec)]
Estimated time to end of superbatch: [36m6.4[0ms     [Fsuperbatch [36m321[0m [[35m83.9[0m% ([36m640[0m/[36m763[0m batches, [36m5106632[0m pos/sec)]
Estimated time to end of superbatch: [36m3.2[0ms     [Fsuperbatch [36m321[0m | time [36m19.9[0ms | running loss [36m0.016589[0m | [36m5036779[0m pos/sec | total time [36m6688.9[0ms
Estimated time remaining in training: [36m0[0mh [36m37[0mm [36m51[0ms
LR dropped to [36m0.00012633024[0m
superbatch [36m322[0m [[35m0.0[0m% ([36m0[0m/[36m763[0m batches, [36m5608604[0m pos/sec)]
Estimated time to end of superbatch: [36minf[0ms     [Fsuperbatch [36m322[0m [[35m16.8[0m% ([36m128[0m/[36m763[0m batches, [36m5012761[0m pos/sec)]
Estimated time to end of superbatch: [36m16.7[0ms     [Fsuperbatch [36m322[0m [[35m33.6[0m% ([36m256[0m/[36m763[0m batches, [36m5012932[0m pos/sec)]
Estimated time to end of superbatch: [36m13.3[0ms     [Fsuperbatch [36m322[0m [[35m50.3[0m% ([36m384[0m/[36m763[0m batches, [36m5047264[0m pos/sec)]
Estimated time to end of superbatch: [36m9.9[0ms     [Fsuperbatch [36m322[0m [[35m67.1[0m% ([36m512[0m/[36m763[0m batches, [36m5004532[0m pos/sec)]
Estimated time to end of superbatch: [36m6.6[0ms     [Fsuperbatch [36m322[0m [[35m83.9[0m% ([36m640[0m/[36m763[0m batches, [36m5011400[0m pos/sec)]
Estimated time to end of superbatch: [36m3.2[0ms     [Fsuperbatch [36m322[0m | time [36m19.9[0ms | running loss [36m0.016496[0m | [36m5015242[0m pos/sec | total time [36m6708.8[0ms
Estimated time remaining in training: [36m0[0mh [36m37[0mm [36m30[0ms
LR dropped to [36m0.00012516978[0m
superbatch [36m323[0m [[35m0.0[0m% ([36m0[0m/[36m763[0m batches, [36m4212686[0m pos/sec)]
Estimated time to end of superbatch: [36minf[0ms     [Fsuperbatch [36m323[0m [[35m16.8[0m% ([36m128[0m/[36m763[0m batches, [36m4898620[0m pos/sec)]
Estimated time to end of superbatch: [36m17.1[0ms     [Fsuperbatch [36m323[0m [[35m33.6[0m% ([36m256[0m/[36m763[0m batches, [36m4884058[0m pos/sec)]
Estimated time to end of superbatch: [36m13.7[0ms     [Fsuperbatch [36m323[0m [[35m50.3[0m% ([36m384[0m/[36m763[0m batches, [36m5049285[0m pos/sec)]
Estimated time to end of superbatch: [36m9.9[0ms     [Fsuperbatch [36m323[0m [[35m67.1[0m% ([36m512[0m/[36m763[0m batches, [36m5191904[0m pos/sec)]
Estimated time to end of superbatch: [36m6.3[0ms     [Fsuperbatch [36m323[0m [[35m83.9[0m% ([36m640[0m/[36m763[0m batches, [36m5208054[0m pos/sec)]
Estimated time to end of superbatch: [36m3.1[0ms     [Fsuperbatch [36m323[0m | time [36m19.4[0ms | running loss [36m0.016623[0m | [36m5153558[0m pos/sec | total time [36m6728.2[0ms
Estimated time remaining in training: [36m0[0mh [36m37[0mm [36m8[0ms
LR dropped to [36m0.00012400933[0m
superbatch [36m324[0m [[35m0.0[0m% ([36m0[0m/[36m763[0m batches, [36m5654066[0m pos/sec)]
Estimated time to end of superbatch: [36minf[0ms     [Fsuperbatch [36m324[0m [[35m16.8[0m% ([36m128[0m/[36m763[0m batches, [36m5042015[0m pos/sec)]
Estimated time to end of superbatch: [36m16.6[0ms     [Fsuperbatch [36m324[0m [[35m33.6[0m% ([36m256[0m/[36m763[0m batches, [36m5052808[0m pos/sec)]
Estimated time to end of superbatch: [36m13.2[0ms     [Fsuperbatch [36m324[0m [[35m50.3[0m% ([36m384[0m/[36m763[0m batches, [36m5008902[0m pos/sec)]
Estimated time to end of superbatch: [36m9.9[0ms     [Fsuperbatch [36m324[0m [[35m67.1[0m% ([36m512[0m/[36m763[0m batches, [36m4960412[0m pos/sec)]
Estimated time to end of superbatch: [36m6.6[0ms     [Fsuperbatch [36m324[0m [[35m83.9[0m% ([36m640[0m/[36m763[0m batches, [36m4986988[0m pos/sec)]
Estimated time to end of superbatch: [36m3.2[0ms     [Fsuperbatch [36m324[0m | time [36m19.9[0ms | running loss [36m0.016545[0m | [36m5028801[0m pos/sec | total time [36m6748.1[0ms
Estimated time remaining in training: [36m0[0mh [36m36[0mm [36m47[0ms
LR dropped to [36m0.00012284884[0m
superbatch [36m325[0m [[35m0.0[0m% ([36m0[0m/[36m763[0m batches, [36m5647680[0m pos/sec)]
Estimated time to end of superbatch: [36minf[0ms     [Fsuperbatch [36m325[0m [[35m16.8[0m% ([36m128[0m/[36m763[0m batches, [36m5367817[0m pos/sec)]
Estimated time to end of superbatch: [36m15.6[0ms     [Fsuperbatch [36m325[0m [[35m33.6[0m% ([36m256[0m/[36m763[0m batches, [36m5079813[0m pos/sec)]
Estimated time to end of superbatch: [36m13.1[0ms     [Fsuperbatch [36m325[0m [[35m50.3[0m% ([36m384[0m/[36m763[0m batches, [36m5165112[0m pos/sec)]
Estimated time to end of superbatch: [36m9.6[0ms     [Fsuperbatch [36m325[0m [[35m67.1[0m% ([36m512[0m/[36m763[0m batches, [36m5274380[0m pos/sec)]
Estimated time to end of superbatch: [36m6.2[0ms     [Fsuperbatch [36m325[0m [[35m83.9[0m% ([36m640[0m/[36m763[0m batches, [36m5282442[0m pos/sec)]
Estimated time to end of superbatch: [36m3.1[0ms     [Fsuperbatch [36m325[0m | time [36m19.2[0ms | running loss [36m0.016681[0m | [36m5199594[0m pos/sec | total time [36m6767.3[0ms
Estimated time remaining in training: [36m0[0mh [36m36[0mm [36m26[0ms
LR dropped to [36m0.00012168838[0m
superbatch [36m326[0m [[35m0.0[0m% ([36m0[0m/[36m763[0m batches, [36m5165584[0m pos/sec)]
Estimated time to end of superbatch: [36minf[0ms     [Fsuperbatch [36m326[0m [[35m16.8[0m% ([36m128[0m/[36m763[0m batches, [36m5080800[0m pos/sec)]
Estimated time to end of superbatch: [36m16.5[0ms     [Fsuperbatch [36m326[0m [[35m33.6[0m% ([36m256[0m/[36m763[0m batches, [36m5072692[0m pos/sec)]
Estimated time to end of superbatch: [36m13.2[0ms     [Fsuperbatch [36m326[0m [[35m50.3[0m% ([36m384[0m/[36m763[0m batches, [36m5042784[0m pos/sec)]
Estimated time to end of superbatch: [36m9.9[0ms     [Fsuperbatch [36m326[0m [[35m67.1[0m% ([36m512[0m/[36m763[0m batches, [36m4987654[0m pos/sec)]
Estimated time to end of superbatch: [36m6.6[0ms     [Fsuperbatch [36m326[0m [[35m83.9[0m% ([36m640[0m/[36m763[0m batches, [36m5024122[0m pos/sec)]
Estimated time to end of superbatch: [36m3.2[0ms     [Fsuperbatch [36m326[0m | time [36m19.5[0ms | running loss [36m0.016665[0m | [36m5119930[0m pos/sec | total time [36m6786.9[0ms
Estimated time remaining in training: [36m0[0mh [36m36[0mm [36m5[0ms
LR dropped to [36m0.0001205279[0m
superbatch [36m327[0m [[35m0.0[0m% ([36m0[0m/[36m763[0m batches, [36m5668476[0m pos/sec)]
Estimated time to end of superbatch: [36minf[0ms     [Fsuperbatch [36m327[0m [[35m16.8[0m% ([36m128[0m/[36m763[0m batches, [36m5412334[0m pos/sec)]
Estimated time to end of superbatch: [36m15.5[0ms     [Fsuperbatch [36m327[0m [[35m33.6[0m% ([36m256[0m/[36m763[0m batches, [36m3979035[0m pos/sec)]
Estimated time to end of superbatch: [36m16.8[0ms     [Fsuperbatch [36m327[0m [[35m50.3[0m% ([36m384[0m/[36m763[0m batches, [36m4268794[0m pos/sec)]
Estimated time to end of superbatch: [36m11.7[0ms     [Fsuperbatch [36m327[0m [[35m67.1[0m% ([36m512[0m/[36m763[0m batches, [36m4448586[0m pos/sec)]
Estimated time to end of superbatch: [36m7.4[0ms     [Fsuperbatch [36m327[0m [[35m83.9[0m% ([36m640[0m/[36m763[0m batches, [36m4536192[0m pos/sec)]
Estimated time to end of superbatch: [36m3.6[0ms     [Fsuperbatch [36m327[0m | time [36m21.9[0ms | running loss [36m0.016741[0m | [36m4575584[0m pos/sec | total time [36m6808.7[0ms
Estimated time remaining in training: [36m0[0mh [36m35[0mm [36m44[0ms
LR dropped to [36m0.00011936747[0m
superbatch [36m328[0m [[35m0.0[0m% ([36m0[0m/[36m763[0m batches, [36m5206654[0m pos/sec)]
Estimated time to end of superbatch: [36minf[0ms     [Fsuperbatch [36m328[0m [[35m16.8[0m% ([36m128[0m/[36m763[0m batches, [36m4995576[0m pos/sec)]
Estimated time to end of superbatch: [36m16.8[0ms     [Fsuperbatch [36m328[0m [[35m33.6[0m% ([36m256[0m/[36m763[0m batches, [36m5025245[0m pos/sec)]
Estimated time to end of superbatch: [36m13.3[0ms     [Fsuperbatch [36m328[0m [[35m50.3[0m% ([36m384[0m/[36m763[0m batches, [36m5007283[0m pos/sec)]
Estimated time to end of superbatch: [36m9.9[0ms     [Fsuperbatch [36m328[0m [[35m67.1[0m% ([36m512[0m/[36m763[0m batches, [36m4944422[0m pos/sec)]
Estimated time to end of superbatch: [36m6.7[0ms     [Fsuperbatch [36m328[0m [[35m83.9[0m% ([36m640[0m/[36m763[0m batches, [36m4912510[0m pos/sec)]
Estimated time to end of superbatch: [36m3.3[0ms     [Fsuperbatch [36m328[0m | time [36m20.2[0ms | running loss [36m0.016686[0m | [36m4942779[0m pos/sec | total time [36m6829.0[0ms
Estimated time remaining in training: [36m0[0mh [36m35[0mm [36m23[0ms
LR dropped to [36m0.00011820698[0m
superbatch [36m329[0m [[35m0.0[0m% ([36m0[0m/[36m763[0m batches, [36m5539096[0m pos/sec)]
Estimated time to end of superbatch: [36minf[0ms     [Fsuperbatch [36m329[0m [[35m16.8[0m% ([36m128[0m/[36m763[0m batches, [36m5000742[0m pos/sec)]
Estimated time to end of superbatch: [36m16.8[0ms     [Fsuperbatch [36m329[0m [[35m33.6[0m% ([36m256[0m/[36m763[0m batches, [36m4905080[0m pos/sec)]
Estimated time to end of superbatch: [36m13.6[0ms     [Fsuperbatch [36m329[0m [[35m50.3[0m% ([36m384[0m/[36m763[0m batches, [36m4717794[0m pos/sec)]
Estimated time to end of superbatch: [36m10.6[0ms     [Fsuperbatch [36m329[0m [[35m67.1[0m% ([36m512[0m/[36m763[0m batches, [36m4798366[0m pos/sec)]
Estimated time to end of superbatch: [36m6.9[0ms     [Fsuperbatch [36m329[0m [[35m83.9[0m% ([36m640[0m/[36m763[0m batches, [36m4835578[0m pos/sec)]
Estimated time to end of superbatch: [36m3.3[0ms     [Fsuperbatch [36m329[0m | time [36m20.8[0ms | running loss [36m0.016770[0m | [36m4819422[0m pos/sec | total time [36m6849.7[0ms
Estimated time remaining in training: [36m0[0mh [36m35[0mm [36m2[0ms
LR dropped to [36m0.000117046526[0m
superbatch [36m330[0m [[35m0.0[0m% ([36m0[0m/[36m763[0m batches, [36m3274282[0m pos/sec)]
Estimated time to end of superbatch: [36minf[0ms     [Fsuperbatch [36m330[0m [[35m16.8[0m% ([36m128[0m/[36m763[0m batches, [36m5002020[0m pos/sec)]
Estimated time to end of superbatch: [36m16.8[0ms     [Fsuperbatch [36m330[0m [[35m33.6[0m% ([36m256[0m/[36m763[0m batches, [36m5210780[0m pos/sec)]
Estimated time to end of superbatch: [36m12.8[0ms     [Fsuperbatch [36m330[0m [[35m50.3[0m% ([36m384[0m/[36m763[0m batches, [36m5297052[0m pos/sec)]
Estimated time to end of superbatch: [36m9.4[0ms     [Fsuperbatch [36m330[0m [[35m67.1[0m% ([36m512[0m/[36m763[0m batches, [36m5190478[0m pos/sec)]
Estimated time to end of superbatch: [36m6.4[0ms     [Fsuperbatch [36m330[0m [[35m83.9[0m% ([36m640[0m/[36m763[0m batches, [36m5153652[0m pos/sec)]
Estimated time to end of superbatch: [36m3.1[0ms     [Fsuperbatch [36m330[0m | time [36m19.5[0ms | running loss [36m0.016769[0m | [36m5131914[0m pos/sec | total time [36m6869.2[0ms
Estimated time remaining in training: [36m0[0mh [36m34[0mm [36m41[0ms
Saved [anna-v3c-s1-330]
LR dropped to [36m0.00011588604[0m
superbatch [36m331[0m [[35m0.0[0m% ([36m0[0m/[36m763[0m batches, [36m4316192[0m pos/sec)]
Estimated time to end of superbatch: [36minf[0ms     [Fsuperbatch [36m331[0m [[35m16.8[0m% ([36m128[0m/[36m763[0m batches, [36m1895455[0m pos/sec)]
Estimated time to end of superbatch: [36m44.3[0ms     [Fsuperbatch [36m331[0m [[35m33.6[0m% ([36m256[0m/[36m763[0m batches, [36m2525613[0m pos/sec)]
Estimated time to end of superbatch: [36m26.4[0ms     [Fsuperbatch [36m331[0m [[35m50.3[0m% ([36m384[0m/[36m763[0m batches, [36m3019126[0m pos/sec)]
Estimated time to end of superbatch: [36m16.5[0ms     [Fsuperbatch [36m331[0m [[35m67.1[0m% ([36m512[0m/[36m763[0m batches, [36m3393299[0m pos/sec)]
Estimated time to end of superbatch: [36m9.7[0ms     [Fsuperbatch [36m331[0m [[35m83.9[0m% ([36m640[0m/[36m763[0m batches, [36m3649160[0m pos/sec)]
Estimated time to end of superbatch: [36m4.4[0ms     [Fsuperbatch [36m331[0m | time [36m26.8[0ms | running loss [36m0.016855[0m | [36m3737354[0m pos/sec | total time [36m6899.7[0ms
Estimated time remaining in training: [36m0[0mh [36m34[0mm [36m23[0ms
LR dropped to [36m0.00011472561[0m
superbatch [36m332[0m [[35m0.0[0m% ([36m0[0m/[36m763[0m batches, [36m4427500[0m pos/sec)]
Estimated time to end of superbatch: [36minf[0ms     [Fsuperbatch [36m332[0m [[35m16.8[0m% ([36m128[0m/[36m763[0m batches, [36m4697001[0m pos/sec)]
Estimated time to end of superbatch: [36m17.9[0ms     [Fsuperbatch [36m332[0m [[35m33.6[0m% ([36m256[0m/[36m763[0m batches, [36m4708480[0m pos/sec)]
Estimated time to end of superbatch: [36m14.2[0ms     [Fsuperbatch [36m332[0m [[35m50.3[0m% ([36m384[0m/[36m763[0m batches, [36m4801273[0m pos/sec)]
Estimated time to end of superbatch: [36m10.4[0ms     [Fsuperbatch [36m332[0m [[35m67.1[0m% ([36m512[0m/[36m763[0m batches, [36m4735465[0m pos/sec)]
Estimated time to end of superbatch: [36m7.0[0ms     [Fsuperbatch [36m332[0m [[35m83.9[0m% ([36m640[0m/[36m763[0m batches, [36m4730410[0m pos/sec)]
Estimated time to end of superbatch: [36m3.4[0ms     [Fsuperbatch [36m332[0m | time [36m20.9[0ms | running loss [36m0.016830[0m | [36m4777020[0m pos/sec | total time [36m6920.6[0ms
Estimated time remaining in training: [36m0[0mh [36m34[0mm [36m2[0ms
LR dropped to [36m0.000113565126[0m
superbatch [36m333[0m [[35m0.0[0m% ([36m0[0m/[36m763[0m batches, [36m4969902[0m pos/sec)]
Estimated time to end of superbatch: [36minf[0ms     [Fsuperbatch [36m333[0m [[35m16.8[0m% ([36m128[0m/[36m763[0m batches, [36m4956654[0m pos/sec)]
Estimated time to end of superbatch: [36m16.9[0ms     [Fsuperbatch [36m333[0m [[35m33.6[0m% ([36m256[0m/[36m763[0m batches, [36m4801884[0m pos/sec)]
Estimated time to end of superbatch: [36m13.9[0ms     [Fsuperbatch [36m333[0m [[35m50.3[0m% ([36m384[0m/[36m763[0m batches, [36m4829296[0m pos/sec)]
Estimated time to end of superbatch: [36m10.3[0ms     [Fsuperbatch [36m333[0m [[35m67.1[0m% ([36m512[0m/[36m763[0m batches, [36m4892924[0m pos/sec)]
Estimated time to end of superbatch: [36m6.7[0ms     [Fsuperbatch [36m333[0m [[35m83.9[0m% ([36m640[0m/[36m763[0m batches, [36m4920274[0m pos/sec)]
Estimated time to end of superbatch: [36m3.3[0ms     [Fsuperbatch [36m333[0m | time [36m20.5[0ms | running loss [36m0.016864[0m | [36m4878148[0m pos/sec | total time [36m6941.1[0ms
Estimated time remaining in training: [36m0[0mh [36m33[0mm [36m41[0ms
LR dropped to [36m0.00011240467[0m
superbatch [36m334[0m [[35m0.0[0m% ([36m0[0m/[36m763[0m batches, [36m4338983[0m pos/sec)]
Estimated time to end of superbatch: [36minf[0ms     [Fsuperbatch [36m334[0m [[35m16.8[0m% ([36m128[0m/[36m763[0m batches, [36m4901661[0m pos/sec)]
Estimated time to end of superbatch: [36m17.1[0ms     [Fsuperbatch [36m334[0m [[35m33.6[0m% ([36m256[0m/[36m763[0m batches, [36m4988612[0m pos/sec)]
Estimated time to end of superbatch: [36m13.4[0ms     [Fsuperbatch [36m334[0m [[35m50.3[0m% ([36m384[0m/[36m763[0m batches, [36m5006688[0m pos/sec)]
Estimated time to end of superbatch: [36m9.9[0ms     [Fsuperbatch [36m334[0m [[35m67.1[0m% ([36m512[0m/[36m763[0m batches, [36m4933024[0m pos/sec)]
Estimated time to end of superbatch: [36m6.7[0ms     [Fsuperbatch [36m334[0m [[35m83.9[0m% ([36m640[0m/[36m763[0m batches, [36m4936901[0m pos/sec)]
Estimated time to end of superbatch: [36m3.3[0ms     [Fsuperbatch [36m334[0m | time [36m20.1[0ms | running loss [36m0.016940[0m | [36m4971592[0m pos/sec | total time [36m6961.2[0ms
Estimated time remaining in training: [36m0[0mh [36m33[0mm [36m20[0ms
LR dropped to [36m0.00011124418[0m
superbatch [36m335[0m [[35m0.0[0m% ([36m0[0m/[36m763[0m batches, [36m5642436[0m pos/sec)]
Estimated time to end of superbatch: [36minf[0ms     [Fsuperbatch [36m335[0m [[35m16.8[0m% ([36m128[0m/[36m763[0m batches, [36m5363016[0m pos/sec)]
Estimated time to end of superbatch: [36m15.6[0ms     [Fsuperbatch [36m335[0m [[35m33.6[0m% ([36m256[0m/[36m763[0m batches, [36m5065302[0m pos/sec)]
Estimated time to end of superbatch: [36m13.2[0ms     [Fsuperbatch [36m335[0m [[35m50.3[0m% ([36m384[0m/[36m763[0m batches, [36m5030199[0m pos/sec)]
Estimated time to end of superbatch: [36m9.9[0ms     [Fsuperbatch [36m335[0m [[35m67.1[0m% ([36m512[0m/[36m763[0m batches, [36m5037052[0m pos/sec)]
Estimated time to end of superbatch: [36m6.5[0ms     [Fsuperbatch [36m335[0m [[35m83.9[0m% ([36m640[0m/[36m763[0m batches, [36m5038372[0m pos/sec)]
Estimated time to end of superbatch: [36m3.2[0ms     [Fsuperbatch [36m335[0m | time [36m20.0[0ms | running loss [36m0.017028[0m | [36m5011292[0m pos/sec | total time [36m6981.2[0ms
Estimated time remaining in training: [36m0[0mh [36m32[0mm [36m59[0ms
LR dropped to [36m0.000110083725[0m
superbatch [36m336[0m [[35m0.0[0m% ([36m0[0m/[36m763[0m batches, [36m5284095[0m pos/sec)]
Estimated time to end of superbatch: [36minf[0ms     [Fsuperbatch [36m336[0m [[35m16.8[0m% ([36m128[0m/[36m763[0m batches, [36m5033439[0m pos/sec)]
Estimated time to end of superbatch: [36m16.7[0ms     [Fsuperbatch [36m336[0m [[35m33.6[0m% ([36m256[0m/[36m763[0m batches, [36m5177200[0m pos/sec)]
Estimated time to end of superbatch: [36m12.9[0ms     [Fsuperbatch [36m336[0m [[35m50.3[0m% ([36m384[0m/[36m763[0m batches, [36m5130265[0m pos/sec)]
Estimated time to end of superbatch: [36m9.7[0ms     [Fsuperbatch [36m336[0m [[35m67.1[0m% ([36m512[0m/[36m763[0m batches, [36m5016446[0m pos/sec)]
Estimated time to end of superbatch: [36m6.6[0ms     [Fsuperbatch [36m336[0m [[35m83.9[0m% ([36m640[0m/[36m763[0m batches, [36m4996032[0m pos/sec)]
Estimated time to end of superbatch: [36m3.2[0ms     [Fsuperbatch [36m336[0m | time [36m20.0[0ms | running loss [36m0.017048[0m | [36m5005572[0m pos/sec | total time [36m7001.2[0ms
Estimated time remaining in training: [36m0[0mh [36m32[0mm [36m38[0ms
LR dropped to [36m0.00010892327[0m
superbatch [36m337[0m [[35m0.0[0m% ([36m0[0m/[36m763[0m batches, [36m5399212[0m pos/sec)]
Estimated time to end of superbatch: [36minf[0ms     [Fsuperbatch [36m337[0m [[35m16.8[0m% ([36m128[0m/[36m763[0m batches, [36m5078708[0m pos/sec)]
Estimated time to end of superbatch: [36m16.5[0ms     [Fsuperbatch [36m337[0m [[35m33.6[0m% ([36m256[0m/[36m763[0m batches, [36m4926936[0m pos/sec)]
Estimated time to end of superbatch: [36m13.5[0ms     [Fsuperbatch [36m337[0m [[35m50.3[0m% ([36m384[0m/[36m763[0m batches, [36m4895431[0m pos/sec)]
Estimated time to end of superbatch: [36m10.2[0ms     [Fsuperbatch [36m337[0m [[35m67.1[0m% ([36m512[0m/[36m763[0m batches, [36m4984438[0m pos/sec)]
Estimated time to end of superbatch: [36m6.6[0ms     [Fsuperbatch [36m337[0m [[35m83.9[0m% ([36m640[0m/[36m763[0m batches, [36m5066666[0m pos/sec)]
Estimated time to end of superbatch: [36m3.2[0ms     [Fsuperbatch [36m337[0m | time [36m19.9[0ms | running loss [36m0.017075[0m | [36m5035901[0m pos/sec | total time [36m7021.0[0ms
Estimated time remaining in training: [36m0[0mh [36m32[0mm [36m17[0ms
LR dropped to [36m0.00010776281[0m
superbatch [36m338[0m [[35m0.0[0m% ([36m0[0m/[36m763[0m batches, [36m5132608[0m pos/sec)]
Estimated time to end of superbatch: [36minf[0ms     [Fsuperbatch [36m338[0m [[35m16.8[0m% ([36m128[0m/[36m763[0m batches, [36m5070225[0m pos/sec)]
Estimated time to end of superbatch: [36m16.5[0ms     [Fsuperbatch [36m338[0m [[35m33.6[0m% ([36m256[0m/[36m763[0m batches, [36m5083709[0m pos/sec)]
Estimated time to end of superbatch: [36m13.1[0ms     [Fsuperbatch [36m338[0m [[35m50.3[0m% ([36m384[0m/[36m763[0m batches, [36m5059808[0m pos/sec)]
Estimated time to end of superbatch: [36m9.8[0ms     [Fsuperbatch [36m338[0m [[35m67.1[0m% ([36m512[0m/[36m763[0m batches, [36m5018018[0m pos/sec)]
Estimated time to end of superbatch: [36m6.6[0ms     [Fsuperbatch [36m338[0m [[35m83.9[0m% ([36m640[0m/[36m763[0m batches, [36m5008171[0m pos/sec)]
Estimated time to end of superbatch: [36m3.2[0ms     [Fsuperbatch [36m338[0m | time [36m20.0[0ms | running loss [36m0.017093[0m | [36m5009746[0m pos/sec | total time [36m7041.0[0ms
Estimated time remaining in training: [36m0[0mh [36m31[0mm [36m56[0ms
LR dropped to [36m0.000106602325[0m
superbatch [36m339[0m [[35m0.0[0m% ([36m0[0m/[36m763[0m batches, [36m5460758[0m pos/sec)]
Estimated time to end of superbatch: [36minf[0ms     [Fsuperbatch [36m339[0m [[35m16.8[0m% ([36m128[0m/[36m763[0m batches, [36m5076979[0m pos/sec)]
Estimated time to end of superbatch: [36m16.5[0ms     [Fsuperbatch [36m339[0m [[35m33.6[0m% ([36m256[0m/[36m763[0m batches, [36m4935242[0m pos/sec)]
Estimated time to end of superbatch: [36m13.5[0ms     [Fsuperbatch [36m339[0m [[35m50.3[0m% ([36m384[0m/[36m763[0m batches, [36m4918248[0m pos/sec)]
Estimated time to end of superbatch: [36m10.1[0ms     [Fsuperbatch [36m339[0m [[35m67.1[0m% ([36m512[0m/[36m763[0m batches, [36m4950778[0m pos/sec)]
Estimated time to end of superbatch: [36m6.7[0ms     [Fsuperbatch [36m339[0m [[35m83.9[0m% ([36m640[0m/[36m763[0m batches, [36m4963917[0m pos/sec)]
Estimated time to end of superbatch: [36m3.3[0ms     [Fsuperbatch [36m339[0m | time [36m20.2[0ms | running loss [36m0.017134[0m | [36m4956317[0m pos/sec | total time [36m7061.2[0ms
Estimated time remaining in training: [36m0[0mh [36m31[0mm [36m35[0ms
LR dropped to [36m0.00010544187[0m
superbatch [36m340[0m [[35m0.0[0m% ([36m0[0m/[36m763[0m batches, [36m4515954[0m pos/sec)]
Estimated time to end of superbatch: [36minf[0ms     [Fsuperbatch [36m340[0m [[35m16.8[0m% ([36m128[0m/[36m763[0m batches, [36m4923629[0m pos/sec)]
Estimated time to end of superbatch: [36m17.0[0ms     [Fsuperbatch [36m340[0m [[35m33.6[0m% ([36m256[0m/[36m763[0m batches, [36m4982954[0m pos/sec)]
Estimated time to end of superbatch: [36m13.4[0ms     [Fsuperbatch [36m340[0m [[35m50.3[0m% ([36m384[0m/[36m763[0m batches, [36m4997308[0m pos/sec)]
Estimated time to end of superbatch: [36m10.0[0ms     [Fsuperbatch [36m340[0m [[35m67.1[0m% ([36m512[0m/[36m763[0m batches, [36m4941452[0m pos/sec)]
Estimated time to end of superbatch: [36m6.7[0ms     [Fsuperbatch [36m340[0m [[35m83.9[0m% ([36m640[0m/[36m763[0m batches, [36m4925584[0m pos/sec)]
Estimated time to end of superbatch: [36m3.3[0ms     [Fsuperbatch [36m340[0m | time [36m20.2[0ms | running loss [36m0.017182[0m | [36m4940290[0m pos/sec | total time [36m7081.4[0ms
Estimated time remaining in training: [36m0[0mh [36m31[0mm [36m14[0ms
Saved [anna-v3c-s1-340]
LR dropped to [36m0.00010428141[0m
superbatch [36m341[0m [[35m0.0[0m% ([36m0[0m/[36m763[0m batches, [36m5586796[0m pos/sec)]
Estimated time to end of superbatch: [36minf[0ms     [Fsuperbatch [36m341[0m [[35m16.8[0m% ([36m128[0m/[36m763[0m batches, [36m5686006[0m pos/sec)]
Estimated time to end of superbatch: [36m14.8[0ms     [Fsuperbatch [36m341[0m [[35m33.6[0m% ([36m256[0m/[36m763[0m batches, [36m5525099[0m pos/sec)]
Estimated time to end of superbatch: [36m12.1[0ms     [Fsuperbatch [36m341[0m [[35m50.3[0m% ([36m384[0m/[36m763[0m batches, [36m5416475[0m pos/sec)]
Estimated time to end of superbatch: [36m9.2[0ms     [Fsuperbatch [36m341[0m [[35m67.1[0m% ([36m512[0m/[36m763[0m batches, [36m5317606[0m pos/sec)]
Estimated time to end of superbatch: [36m6.2[0ms     [Fsuperbatch [36m341[0m [[35m83.9[0m% ([36m640[0m/[36m763[0m batches, [36m5265988[0m pos/sec)]
Estimated time to end of superbatch: [36m3.1[0ms     [Fsuperbatch [36m341[0m | time [36m19.2[0ms | running loss [36m0.017160[0m | [36m5199175[0m pos/sec | total time [36m7103.1[0ms
Estimated time remaining in training: [36m0[0mh [36m30[0mm [36m53[0ms
LR dropped to [36m0.000103120954[0m
superbatch [36m342[0m [[35m0.0[0m% ([36m0[0m/[36m763[0m batches, [36m4025085[0m pos/sec)]
Estimated time to end of superbatch: [36minf[0ms     [Fsuperbatch [36m342[0m [[35m16.8[0m% ([36m128[0m/[36m763[0m batches, [36m4862264[0m pos/sec)]
Estimated time to end of superbatch: [36m17.3[0ms     [Fsuperbatch [36m342[0m [[35m33.6[0m% ([36m256[0m/[36m763[0m batches, [36m4945399[0m pos/sec)]
Estimated time to end of superbatch: [36m13.5[0ms     [Fsuperbatch [36m342[0m [[35m50.3[0m% ([36m384[0m/[36m763[0m batches, [36m4992508[0m pos/sec)]
Estimated time to end of superbatch: [36m10.0[0ms     [Fsuperbatch [36m342[0m [[35m67.1[0m% ([36m512[0m/[36m763[0m batches, [36m5035448[0m pos/sec)]
Estimated time to end of superbatch: [36m6.5[0ms     [Fsuperbatch [36m342[0m [[35m83.9[0m% ([36m640[0m/[36m763[0m batches, [36m4996969[0m pos/sec)]
Estimated time to end of superbatch: [36m3.2[0ms     [Fsuperbatch [36m342[0m | time [36m20.0[0ms | running loss [36m0.017225[0m | [36m5002568[0m pos/sec | total time [36m7123.1[0ms
Estimated time remaining in training: [36m0[0mh [36m30[0mm [36m32[0ms
LR dropped to [36m0.00010196047[0m
superbatch [36m343[0m [[35m0.0[0m% ([36m0[0m/[36m763[0m batches, [36m4703570[0m pos/sec)]
Estimated time to end of superbatch: [36minf[0ms     [Fsuperbatch [36m343[0m [[35m16.8[0m% ([36m128[0m/[36m763[0m batches, [36m5005972[0m pos/sec)]
Estimated time to end of superbatch: [36m16.8[0ms     [Fsuperbatch [36m343[0m [[35m33.6[0m% ([36m256[0m/[36m763[0m batches, [36m4940556[0m pos/sec)]
Estimated time to end of superbatch: [36m13.5[0ms     [Fsuperbatch [36m343[0m [[35m50.3[0m% ([36m384[0m/[36m763[0m batches, [36m4926248[0m pos/sec)]
Estimated time to end of superbatch: [36m10.1[0ms     [Fsuperbatch [36m343[0m [[35m67.1[0m% ([36m512[0m/[36m763[0m batches, [36m4955452[0m pos/sec)]
Estimated time to end of superbatch: [36m6.7[0ms     [Fsuperbatch [36m343[0m [[35m83.9[0m% ([36m640[0m/[36m763[0m batches, [36m4976750[0m pos/sec)]
Estimated time to end of superbatch: [36m3.2[0ms     [Fsuperbatch [36m343[0m | time [36m20.1[0ms | running loss [36m0.017207[0m | [36m4965418[0m pos/sec | total time [36m7143.3[0ms
Estimated time remaining in training: [36m0[0mh [36m30[0mm [36m11[0ms
LR dropped to [36m0.00010080001[0m
superbatch [36m344[0m [[35m0.0[0m% ([36m0[0m/[36m763[0m batches, [36m3677456[0m pos/sec)]
Estimated time to end of superbatch: [36minf[0ms     [Fsuperbatch [36m344[0m [[35m16.8[0m% ([36m128[0m/[36m763[0m batches, [36m4829364[0m pos/sec)]
Estimated time to end of superbatch: [36m17.4[0ms     [Fsuperbatch [36m344[0m [[35m33.6[0m% ([36m256[0m/[36m763[0m batches, [36m4954275[0m pos/sec)]
Estimated time to end of superbatch: [36m13.5[0ms     [Fsuperbatch [36m344[0m [[35m50.3[0m% ([36m384[0m/[36m763[0m batches, [36m4981174[0m pos/sec)]
Estimated time to end of superbatch: [36m10.0[0ms     [Fsuperbatch [36m344[0m [[35m67.1[0m% ([36m512[0m/[36m763[0m batches, [36m4979670[0m pos/sec)]
Estimated time to end of superbatch: [36m6.6[0ms     [Fsuperbatch [36m344[0m [[35m83.9[0m% ([36m640[0m/[36m763[0m batches, [36m4958690[0m pos/sec)]
Estimated time to end of superbatch: [36m3.3[0ms     [Fsuperbatch [36m344[0m | time [36m20.1[0ms | running loss [36m0.017285[0m | [36m4964579[0m pos/sec | total time [36m7163.4[0ms
Estimated time remaining in training: [36m0[0mh [36m29[0mm [36m50[0ms
LR dropped to [36m0.000099639525[0m
superbatch [36m345[0m [[35m0.0[0m% ([36m0[0m/[36m763[0m batches, [36m5585592[0m pos/sec)]
Estimated time to end of superbatch: [36minf[0ms     [Fsuperbatch [36m345[0m [[35m16.8[0m% ([36m128[0m/[36m763[0m batches, [36m5071026[0m pos/sec)]
Estimated time to end of superbatch: [36m16.5[0ms     [Fsuperbatch [36m345[0m [[35m33.6[0m% ([36m256[0m/[36m763[0m batches, [36m5000762[0m pos/sec)]
Estimated time to end of superbatch: [36m13.3[0ms     [Fsuperbatch [36m345[0m [[35m50.3[0m% ([36m384[0m/[36m763[0m batches, [36m4944311[0m pos/sec)]
Estimated time to end of superbatch: [36m10.1[0ms     [Fsuperbatch [36m345[0m [[35m67.1[0m% ([36m512[0m/[36m763[0m batches, [36m4982289[0m pos/sec)]
Estimated time to end of superbatch: [36m6.6[0ms     [Fsuperbatch [36m345[0m [[35m83.9[0m% ([36m640[0m/[36m763[0m batches, [36m4994262[0m pos/sec)]
Estimated time to end of superbatch: [36m3.2[0ms     [Fsuperbatch [36m345[0m | time [36m20.1[0ms | running loss [36m0.017256[0m | [36m4971813[0m pos/sec | total time [36m7183.5[0ms
Estimated time remaining in training: [36m0[0mh [36m29[0mm [36m29[0ms
LR dropped to [36m0.0000984791[0m
superbatch [36m346[0m [[35m0.0[0m% ([36m0[0m/[36m763[0m batches, [36m4880760[0m pos/sec)]
Estimated time to end of superbatch: [36minf[0ms     [Fsuperbatch [36m346[0m [[35m16.8[0m% ([36m128[0m/[36m763[0m batches, [36m4883722[0m pos/sec)]
Estimated time to end of superbatch: [36m17.2[0ms     [Fsuperbatch [36m346[0m [[35m33.6[0m% ([36m256[0m/[36m763[0m batches, [36m5003274[0m pos/sec)]
Estimated time to end of superbatch: [36m13.3[0ms     [Fsuperbatch [36m346[0m [[35m50.3[0m% ([36m384[0m/[36m763[0m batches, [36m5080447[0m pos/sec)]
Estimated time to end of superbatch: [36m9.8[0ms     [Fsuperbatch [36m346[0m [[35m67.1[0m% ([36m512[0m/[36m763[0m batches, [36m5031952[0m pos/sec)]
Estimated time to end of superbatch: [36m6.6[0ms     [Fsuperbatch [36m346[0m [[35m83.9[0m% ([36m640[0m/[36m763[0m batches, [36m4993186[0m pos/sec)]
Estimated time to end of superbatch: [36m3.2[0ms     [Fsuperbatch [36m346[0m | time [36m20.0[0ms | running loss [36m0.017340[0m | [36m5000934[0m pos/sec | total time [36m7203.5[0ms
Estimated time remaining in training: [36m0[0mh [36m29[0mm [36m8[0ms
LR dropped to [36m0.00009731861[0m
superbatch [36m347[0m [[35m0.0[0m% ([36m0[0m/[36m763[0m batches, [36m5585848[0m pos/sec)]
Estimated time to end of superbatch: [36minf[0ms     [Fsuperbatch [36m347[0m [[35m16.8[0m% ([36m128[0m/[36m763[0m batches, [36m5027980[0m pos/sec)]
Estimated time to end of superbatch: [36m16.7[0ms     [Fsuperbatch [36m347[0m [[35m33.6[0m% ([36m256[0m/[36m763[0m batches, [36m5018891[0m pos/sec)]
Estimated time to end of superbatch: [36m13.3[0ms     [Fsuperbatch [36m347[0m [[35m50.3[0m% ([36m384[0m/[36m763[0m batches, [36m4939581[0m pos/sec)]
Estimated time to end of superbatch: [36m10.1[0ms     [Fsuperbatch [36m347[0m [[35m67.1[0m% ([36m512[0m/[36m763[0m batches, [36m4944975[0m pos/sec)]
Estimated time to end of superbatch: [36m6.7[0ms     [Fsuperbatch [36m347[0m [[35m83.9[0m% ([36m640[0m/[36m763[0m batches, [36m4959040[0m pos/sec)]
Estimated time to end of superbatch: [36m3.3[0ms     [Fsuperbatch [36m347[0m | time [36m20.2[0ms | running loss [36m0.017324[0m | [36m4948611[0m pos/sec | total time [36m7223.7[0ms
Estimated time remaining in training: [36m0[0mh [36m28[0mm [36m47[0ms
LR dropped to [36m0.00009615815[0m
superbatch [36m348[0m [[35m0.0[0m% ([36m0[0m/[36m763[0m batches, [36m5116128[0m pos/sec)]
Estimated time to end of superbatch: [36minf[0ms     [Fsuperbatch [36m348[0m [[35m16.8[0m% ([36m128[0m/[36m763[0m batches, [36m4757315[0m pos/sec)]
Estimated time to end of superbatch: [36m17.6[0ms     [Fsuperbatch [36m348[0m [[35m33.6[0m% ([36m256[0m/[36m763[0m batches, [36m4922926[0m pos/sec)]
Estimated time to end of superbatch: [36m13.6[0ms     [Fsuperbatch [36m348[0m [[35m50.3[0m% ([36m384[0m/[36m763[0m batches, [36m5154250[0m pos/sec)]
Estimated time to end of superbatch: [36m9.7[0ms     [Fsuperbatch [36m348[0m [[35m67.1[0m% ([36m512[0m/[36m763[0m batches, [36m5193858[0m pos/sec)]
Estimated time to end of superbatch: [36m6.3[0ms     [Fsuperbatch [36m348[0m [[35m83.9[0m% ([36m640[0m/[36m763[0m batches, [36m5105814[0m pos/sec)]
Estimated time to end of superbatch: [36m3.2[0ms     [Fsuperbatch [36m348[0m | time [36m19.5[0ms | running loss [36m0.017414[0m | [36m5135074[0m pos/sec | total time [36m7243.2[0ms
Estimated time remaining in training: [36m0[0mh [36m28[0mm [36m26[0ms
LR dropped to [36m0.00009499767[0m
superbatch [36m349[0m [[35m0.0[0m% ([36m0[0m/[36m763[0m batches, [36m5683548[0m pos/sec)]
Estimated time to end of superbatch: [36minf[0ms     [Fsuperbatch [36m349[0m [[35m16.8[0m% ([36m128[0m/[36m763[0m batches, [36m5027112[0m pos/sec)]
Estimated time to end of superbatch: [36m16.7[0ms     [Fsuperbatch [36m349[0m [[35m33.6[0m% ([36m256[0m/[36m763[0m batches, [36m5020700[0m pos/sec)]
Estimated time to end of superbatch: [36m13.3[0ms     [Fsuperbatch [36m349[0m [[35m50.3[0m% ([36m384[0m/[36m763[0m batches, [36m4946549[0m pos/sec)]
Estimated time to end of superbatch: [36m10.1[0ms     [Fsuperbatch [36m349[0m [[35m67.1[0m% ([36m512[0m/[36m763[0m batches, [36m4970992[0m pos/sec)]
Estimated time to end of superbatch: [36m6.6[0ms     [Fsuperbatch [36m349[0m [[35m83.9[0m% ([36m640[0m/[36m763[0m batches, [36m4987736[0m pos/sec)]
Estimated time to end of superbatch: [36m3.2[0ms     [Fsuperbatch [36m349[0m | time [36m20.1[0ms | running loss [36m0.017397[0m | [36m4978418[0m pos/sec | total time [36m7263.3[0ms
Estimated time remaining in training: [36m0[0mh [36m28[0mm [36m5[0ms
LR dropped to [36m0.00009383724[0m
superbatch [36m350[0m [[35m0.0[0m% ([36m0[0m/[36m763[0m batches, [36m4956329[0m pos/sec)]
Estimated time to end of superbatch: [36minf[0ms     [Fsuperbatch [36m350[0m [[35m16.8[0m% ([36m128[0m/[36m763[0m batches, [36m3893811[0m pos/sec)]
Estimated time to end of superbatch: [36m21.5[0ms     [Fsuperbatch [36m350[0m [[35m33.6[0m% ([36m256[0m/[36m763[0m batches, [36m2990428[0m pos/sec)]
Estimated time to end of superbatch: [36m22.3[0ms     [Fsuperbatch [36m350[0m [[35m50.3[0m% ([36m384[0m/[36m763[0m batches, [36m3462800[0m pos/sec)]
Estimated time to end of superbatch: [36m14.4[0ms     [Fsuperbatch [36m350[0m [[35m67.1[0m% ([36m512[0m/[36m763[0m batches, [36m3729920[0m pos/sec)]
Estimated time to end of superbatch: [36m8.8[0ms     [Fsuperbatch [36m350[0m [[35m83.9[0m% ([36m640[0m/[36m763[0m batches, [36m3886526[0m pos/sec)]
Estimated time to end of superbatch: [36m4.2[0ms     [Fsuperbatch [36m350[0m | time [36m24.7[0ms | running loss [36m0.017503[0m | [36m4044965[0m pos/sec | total time [36m7288.0[0ms
Estimated time remaining in training: [36m0[0mh [36m27[0mm [36m45[0ms
Saved [anna-v3c-s1-350]
LR dropped to [36m0.00009267675[0m
superbatch [36m351[0m [[35m0.0[0m% ([36m0[0m/[36m763[0m batches, [36m5576536[0m pos/sec)]
Estimated time to end of superbatch: [36minf[0ms     [Fsuperbatch [36m351[0m [[35m16.8[0m% ([36m128[0m/[36m763[0m batches, [36m5389007[0m pos/sec)]
Estimated time to end of superbatch: [36m15.6[0ms     [Fsuperbatch [36m351[0m [[35m33.6[0m% ([36m256[0m/[36m763[0m batches, [36m5446885[0m pos/sec)]
Estimated time to end of superbatch: [36m12.2[0ms     [Fsuperbatch [36m351[0m [[35m50.3[0m% ([36m384[0m/[36m763[0m batches, [36m5203758[0m pos/sec)]
Estimated time to end of superbatch: [36m9.6[0ms     [Fsuperbatch [36m351[0m [[35m67.1[0m% ([36m512[0m/[36m763[0m batches, [36m5157824[0m pos/sec)]
Estimated time to end of superbatch: [36m6.4[0ms     [Fsuperbatch [36m351[0m [[35m83.9[0m% ([36m640[0m/[36m763[0m batches, [36m5130568[0m pos/sec)]
Estimated time to end of superbatch: [36m3.1[0ms     [Fsuperbatch [36m351[0m | time [36m19.7[0ms | running loss [36m0.017417[0m | [36m5070662[0m pos/sec | total time [36m7310.2[0ms
Estimated time remaining in training: [36m0[0mh [36m27[0mm [36m25[0ms
LR dropped to [36m0.0000915163[0m
superbatch [36m352[0m [[35m0.0[0m% ([36m0[0m/[36m763[0m batches, [36m3733846[0m pos/sec)]
Estimated time to end of superbatch: [36minf[0ms     [Fsuperbatch [36m352[0m [[35m16.8[0m% ([36m128[0m/[36m763[0m batches, [36m4712518[0m pos/sec)]
Estimated time to end of superbatch: [36m17.8[0ms     [Fsuperbatch [36m352[0m [[35m33.6[0m% ([36m256[0m/[36m763[0m batches, [36m4886476[0m pos/sec)]
Estimated time to end of superbatch: [36m13.7[0ms     [Fsuperbatch [36m352[0m [[35m50.3[0m% ([36m384[0m/[36m763[0m batches, [36m4926210[0m pos/sec)]
Estimated time to end of superbatch: [36m10.1[0ms     [Fsuperbatch [36m352[0m [[35m67.1[0m% ([36m512[0m/[36m763[0m batches, [36m4911919[0m pos/sec)]
Estimated time to end of superbatch: [36m6.7[0ms     [Fsuperbatch [36m352[0m [[35m83.9[0m% ([36m640[0m/[36m763[0m batches, [36m4882060[0m pos/sec)]
Estimated time to end of superbatch: [36m3.3[0ms     [Fsuperbatch [36m352[0m | time [36m20.4[0ms | running loss [36m0.017652[0m | [36m4908054[0m pos/sec | total time [36m7330.6[0ms
Estimated time remaining in training: [36m0[0mh [36m27[0mm [36m4[0ms
LR dropped to [36m0.00009035581[0m
superbatch [36m353[0m [[35m0.0[0m% ([36m0[0m/[36m763[0m batches, [36m4294470[0m pos/sec)]
Estimated time to end of superbatch: [36minf[0ms     [Fsuperbatch [36m353[0m [[35m16.8[0m% ([36m128[0m/[36m763[0m batches, [36m4934118[0m pos/sec)]
Estimated time to end of superbatch: [36m17.0[0ms     [Fsuperbatch [36m353[0m [[35m33.6[0m% ([36m256[0m/[36m763[0m batches, [36m4967258[0m pos/sec)]
Estimated time to end of superbatch: [36m13.4[0ms     [Fsuperbatch [36m353[0m [[35m50.3[0m% ([36m384[0m/[36m763[0m batches, [36m4844318[0m pos/sec)]
Estimated time to end of superbatch: [36m10.3[0ms     [Fsuperbatch [36m353[0m [[35m67.1[0m% ([36m512[0m/[36m763[0m batches, [36m4890358[0m pos/sec)]
Estimated time to end of superbatch: [36m6.7[0ms     [Fsuperbatch [36m353[0m [[35m83.9[0m% ([36m640[0m/[36m763[0m batches, [36m4927058[0m pos/sec)]
Estimated time to end of superbatch: [36m3.3[0ms     [Fsuperbatch [36m353[0m | time [36m20.4[0ms | running loss [36m0.017616[0m | [36m4910910[0m pos/sec | total time [36m7351.0[0ms
Estimated time remaining in training: [36m0[0mh [36m26[0mm [36m43[0ms
LR dropped to [36m0.00008919535[0m
superbatch [36m354[0m [[35m0.0[0m% ([36m0[0m/[36m763[0m batches, [36m4512654[0m pos/sec)]
Estimated time to end of superbatch: [36minf[0ms     [Fsuperbatch [36m354[0m [[35m16.8[0m% ([36m128[0m/[36m763[0m batches, [36m3884389[0m pos/sec)]
Estimated time to end of superbatch: [36m21.6[0ms     [Fsuperbatch [36m354[0m [[35m33.6[0m% ([36m256[0m/[36m763[0m batches, [36m4358462[0m pos/sec)]
Estimated time to end of superbatch: [36m15.3[0ms     [Fsuperbatch [36m354[0m [[35m50.3[0m% ([36m384[0m/[36m763[0m batches, [36m4569320[0m pos/sec)]
Estimated time to end of superbatch: [36m10.9[0ms     [Fsuperbatch [36m354[0m [[35m67.1[0m% ([36m512[0m/[36m763[0m batches, [36m4659135[0m pos/sec)]
Estimated time to end of superbatch: [36m7.1[0ms     [Fsuperbatch [36m354[0m [[35m83.9[0m% ([36m640[0m/[36m763[0m batches, [36m4607220[0m pos/sec)]
Estimated time to end of superbatch: [36m3.5[0ms     [Fsuperbatch [36m354[0m | time [36m21.4[0ms | running loss [36m0.017771[0m | [36m4671914[0m pos/sec | total time [36m7372.4[0ms
Estimated time remaining in training: [36m0[0mh [36m26[0mm [36m22[0ms
LR dropped to [36m0.000088034896[0m
superbatch [36m355[0m [[35m0.0[0m% ([36m0[0m/[36m763[0m batches, [36m5637146[0m pos/sec)]
Estimated time to end of superbatch: [36minf[0ms     [Fsuperbatch [36m355[0m [[35m16.8[0m% ([36m128[0m/[36m763[0m batches, [36m5117788[0m pos/sec)]
Estimated time to end of superbatch: [36m16.4[0ms     [Fsuperbatch [36m355[0m [[35m33.6[0m% ([36m256[0m/[36m763[0m batches, [36m5009049[0m pos/sec)]
Estimated time to end of superbatch: [36m13.3[0ms     [Fsuperbatch [36m355[0m [[35m50.3[0m% ([36m384[0m/[36m763[0m batches, [36m4847170[0m pos/sec)]
Estimated time to end of superbatch: [36m10.3[0ms     [Fsuperbatch [36m355[0m [[35m67.1[0m% ([36m512[0m/[36m763[0m batches, [36m4877461[0m pos/sec)]
Estimated time to end of superbatch: [36m6.8[0ms     [Fsuperbatch [36m355[0m [[35m83.9[0m% ([36m640[0m/[36m763[0m batches, [36m4909809[0m pos/sec)]
Estimated time to end of superbatch: [36m3.3[0ms     [Fsuperbatch [36m355[0m | time [36m20.3[0ms | running loss [36m0.017672[0m | [36m4932296[0m pos/sec | total time [36m7392.7[0ms
Estimated time remaining in training: [36m0[0mh [36m26[0mm [36m1[0ms
LR dropped to [36m0.00008687444[0m
superbatch [36m356[0m [[35m0.0[0m% ([36m0[0m/[36m763[0m batches, [36m4529604[0m pos/sec)]
Estimated time to end of superbatch: [36minf[0ms     [Fsuperbatch [36m356[0m [[35m16.8[0m% ([36m128[0m/[36m763[0m batches, [36m4503982[0m pos/sec)]
Estimated time to end of superbatch: [36m18.6[0ms     [Fsuperbatch [36m356[0m [[35m33.6[0m% ([36m256[0m/[36m763[0m batches, [36m4667545[0m pos/sec)]
Estimated time to end of superbatch: [36m14.3[0ms     [Fsuperbatch [36m356[0m [[35m50.3[0m% ([36m384[0m/[36m763[0m batches, [36m4782218[0m pos/sec)]
Estimated time to end of superbatch: [36m10.4[0ms     [Fsuperbatch [36m356[0m [[35m67.1[0m% ([36m512[0m/[36m763[0m batches, [36m4820570[0m pos/sec)]
Estimated time to end of superbatch: [36m6.8[0ms     [Fsuperbatch [36m356[0m [[35m83.9[0m% ([36m640[0m/[36m763[0m batches, [36m4788568[0m pos/sec)]
Estimated time to end of superbatch: [36m3.4[0ms     [Fsuperbatch [36m356[0m | time [36m20.8[0ms | running loss [36m0.017776[0m | [36m4808176[0m pos/sec | total time [36m7413.5[0ms
Estimated time remaining in training: [36m0[0mh [36m25[0mm [36m41[0ms
LR dropped to [36m0.00008571395[0m
superbatch [36m357[0m [[35m0.0[0m% ([36m0[0m/[36m763[0m batches, [36m5670900[0m pos/sec)]
Estimated time to end of superbatch: [36minf[0ms     [Fsuperbatch [36m357[0m [[35m16.8[0m% ([36m128[0m/[36m763[0m batches, [36m5073265[0m pos/sec)]
Estimated time to end of superbatch: [36m16.5[0ms     [Fsuperbatch [36m357[0m [[35m33.6[0m% ([36m256[0m/[36m763[0m batches, [36m5066109[0m pos/sec)]
Estimated time to end of superbatch: [36m13.2[0ms     [Fsuperbatch [36m357[0m [[35m50.3[0m% ([36m384[0m/[36m763[0m batches, [36m4928046[0m pos/sec)]
Estimated time to end of superbatch: [36m10.1[0ms     [Fsuperbatch [36m357[0m [[35m67.1[0m% ([36m512[0m/[36m763[0m batches, [36m4944279[0m pos/sec)]
Estimated time to end of superbatch: [36m6.7[0ms     [Fsuperbatch [36m357[0m [[35m83.9[0m% ([36m640[0m/[36m763[0m batches, [36m4971458[0m pos/sec)]
Estimated time to end of superbatch: [36m3.2[0ms     [Fsuperbatch [36m357[0m | time [36m20.1[0ms | running loss [36m0.017692[0m | [36m4986692[0m pos/sec | total time [36m7433.5[0ms
Estimated time remaining in training: [36m0[0mh [36m25[0mm [36m20[0ms
LR dropped to [36m0.000084553496[0m
superbatch [36m358[0m [[35m0.0[0m% ([36m0[0m/[36m763[0m batches, [36m3712674[0m pos/sec)]
Estimated time to end of superbatch: [36minf[0ms     [Fsuperbatch [36m358[0m [[35m16.8[0m% ([36m128[0m/[36m763[0m batches, [36m4582578[0m pos/sec)]
Estimated time to end of superbatch: [36m18.3[0ms     [Fsuperbatch [36m358[0m [[35m33.6[0m% ([36m256[0m/[36m763[0m batches, [36m4756076[0m pos/sec)]
Estimated time to end of superbatch: [36m14.0[0ms     [Fsuperbatch [36m358[0m [[35m50.3[0m% ([36m384[0m/[36m763[0m batches, [36m4857608[0m pos/sec)]
Estimated time to end of superbatch: [36m10.3[0ms     [Fsuperbatch [36m358[0m [[35m67.1[0m% ([36m512[0m/[36m763[0m batches, [36m4892453[0m pos/sec)]
Estimated time to end of superbatch: [36m6.7[0ms     [Fsuperbatch [36m358[0m [[35m83.9[0m% ([36m640[0m/[36m763[0m batches, [36m4800204[0m pos/sec)]
Estimated time to end of superbatch: [36m3.4[0ms     [Fsuperbatch [36m358[0m | time [36m20.8[0ms | running loss [36m0.017844[0m | [36m4815466[0m pos/sec | total time [36m7454.3[0ms
Estimated time remaining in training: [36m0[0mh [36m24[0mm [36m59[0ms
LR dropped to [36m0.00008339301[0m
superbatch [36m359[0m [[35m0.0[0m% ([36m0[0m/[36m763[0m batches, [36m4808363[0m pos/sec)]
Estimated time to end of superbatch: [36minf[0ms     [Fsuperbatch [36m359[0m [[35m16.8[0m% ([36m128[0m/[36m763[0m batches, [36m5055546[0m pos/sec)]
Estimated time to end of superbatch: [36m16.6[0ms     [Fsuperbatch [36m359[0m [[35m33.6[0m% ([36m256[0m/[36m763[0m batches, [36m5084954[0m pos/sec)]
Estimated time to end of superbatch: [36m13.1[0ms     [Fsuperbatch [36m359[0m [[35m50.3[0m% ([36m384[0m/[36m763[0m batches, [36m4882798[0m pos/sec)]
Estimated time to end of superbatch: [36m10.2[0ms     [Fsuperbatch [36m359[0m [[35m67.1[0m% ([36m512[0m/[36m763[0m batches, [36m4877979[0m pos/sec)]
Estimated time to end of superbatch: [36m6.8[0ms     [Fsuperbatch [36m359[0m [[35m83.9[0m% ([36m640[0m/[36m763[0m batches, [36m4900762[0m pos/sec)]
Estimated time to end of superbatch: [36m3.3[0ms     [Fsuperbatch [36m359[0m | time [36m20.3[0ms | running loss [36m0.017728[0m | [36m4923033[0m pos/sec | total time [36m7474.6[0ms
Estimated time remaining in training: [36m0[0mh [36m24[0mm [36m38[0ms
LR dropped to [36m0.00008223258[0m
superbatch [36m360[0m [[35m0.0[0m% ([36m0[0m/[36m763[0m batches, [36m5421092[0m pos/sec)]
Estimated time to end of superbatch: [36minf[0ms     [Fsuperbatch [36m360[0m [[35m16.8[0m% ([36m128[0m/[36m763[0m batches, [36m4522273[0m pos/sec)]
Estimated time to end of superbatch: [36m18.5[0ms     [Fsuperbatch [36m360[0m [[35m33.6[0m% ([36m256[0m/[36m763[0m batches, [36m4655492[0m pos/sec)]
Estimated time to end of superbatch: [36m14.3[0ms     [Fsuperbatch [36m360[0m [[35m50.3[0m% ([36m384[0m/[36m763[0m batches, [36m4783032[0m pos/sec)]
Estimated time to end of superbatch: [36m10.4[0ms     [Fsuperbatch [36m360[0m [[35m67.1[0m% ([36m512[0m/[36m763[0m batches, [36m4845140[0m pos/sec)]
Estimated time to end of superbatch: [36m6.8[0ms     [Fsuperbatch [36m360[0m [[35m83.9[0m% ([36m640[0m/[36m763[0m batches, [36m4781407[0m pos/sec)]
Estimated time to end of superbatch: [36m3.4[0ms     [Fsuperbatch [36m360[0m | time [36m20.9[0ms | running loss [36m0.017928[0m | [36m4793367[0m pos/sec | total time [36m7495.5[0ms
Estimated time remaining in training: [36m0[0mh [36m24[0mm [36m17[0ms
Saved [anna-v3c-s1-360]
LR dropped to [36m0.000081072096[0m
superbatch [36m361[0m [[35m0.0[0m% ([36m0[0m/[36m763[0m batches, [36m5625096[0m pos/sec)]
Estimated time to end of superbatch: [36minf[0ms     [Fsuperbatch [36m361[0m [[35m16.8[0m% ([36m128[0m/[36m763[0m batches, [36m5609229[0m pos/sec)]
Estimated time to end of superbatch: [36m15.0[0ms     [Fsuperbatch [36m361[0m [[35m33.6[0m% ([36m256[0m/[36m763[0m batches, [36m5627259[0m pos/sec)]
Estimated time to end of superbatch: [36m11.9[0ms     [Fsuperbatch [36m361[0m [[35m50.3[0m% ([36m384[0m/[36m763[0m batches, [36m5512261[0m pos/sec)]
Estimated time to end of superbatch: [36m9.0[0ms     [Fsuperbatch [36m361[0m [[35m67.1[0m% ([36m512[0m/[36m763[0m batches, [36m5353710[0m pos/sec)]
Estimated time to end of superbatch: [36m6.2[0ms     [Fsuperbatch [36m361[0m [[35m83.9[0m% ([36m640[0m/[36m763[0m batches, [36m5294292[0m pos/sec)]
Estimated time to end of superbatch: [36m3.0[0ms     [Fsuperbatch [36m361[0m | time [36m19.0[0ms | running loss [36m0.017804[0m | [36m5255806[0m pos/sec | total time [36m7517.0[0ms
Estimated time remaining in training: [36m0[0mh [36m23[0mm [36m56[0ms
LR dropped to [36m0.00007991164[0m
superbatch [36m362[0m [[35m0.0[0m% ([36m0[0m/[36m763[0m batches, [36m4487700[0m pos/sec)]
Estimated time to end of superbatch: [36minf[0ms     [Fsuperbatch [36m362[0m [[35m16.8[0m% ([36m128[0m/[36m763[0m batches, [36m4481486[0m pos/sec)]
Estimated time to end of superbatch: [36m18.7[0ms     [Fsuperbatch [36m362[0m [[35m33.6[0m% ([36m256[0m/[36m763[0m batches, [36m4653767[0m pos/sec)]
Estimated time to end of superbatch: [36m14.3[0ms     [Fsuperbatch [36m362[0m [[35m50.3[0m% ([36m384[0m/[36m763[0m batches, [36m4792833[0m pos/sec)]
Estimated time to end of superbatch: [36m10.4[0ms     [Fsuperbatch [36m362[0m [[35m67.1[0m% ([36m512[0m/[36m763[0m batches, [36m4865836[0m pos/sec)]
Estimated time to end of superbatch: [36m6.8[0ms     [Fsuperbatch [36m362[0m [[35m83.9[0m% ([36m640[0m/[36m763[0m batches, [36m4832117[0m pos/sec)]
Estimated time to end of superbatch: [36m3.3[0ms     [Fsuperbatch [36m362[0m | time [36m20.7[0ms | running loss [36m0.018012[0m | [36m4827859[0m pos/sec | total time [36m7537.7[0ms
Estimated time remaining in training: [36m0[0mh [36m23[0mm [36m35[0ms
LR dropped to [36m0.00007875115[0m
superbatch [36m363[0m [[35m0.0[0m% ([36m0[0m/[36m763[0m batches, [36m5497360[0m pos/sec)]
Estimated time to end of superbatch: [36minf[0ms     [Fsuperbatch [36m363[0m [[35m16.8[0m% ([36m128[0m/[36m763[0m batches, [36m5090526[0m pos/sec)]
Estimated time to end of superbatch: [36m16.5[0ms     [Fsuperbatch [36m363[0m [[35m33.6[0m% ([36m256[0m/[36m763[0m batches, [36m5105611[0m pos/sec)]
Estimated time to end of superbatch: [36m13.1[0ms     [Fsuperbatch [36m363[0m [[35m50.3[0m% ([36m384[0m/[36m763[0m batches, [36m5065755[0m pos/sec)]
Estimated time to end of superbatch: [36m9.8[0ms     [Fsuperbatch [36m363[0m [[35m67.1[0m% ([36m512[0m/[36m763[0m batches, [36m5024786[0m pos/sec)]
Estimated time to end of superbatch: [36m6.6[0ms     [Fsuperbatch [36m363[0m [[35m83.9[0m% ([36m640[0m/[36m763[0m batches, [36m5017114[0m pos/sec)]
Estimated time to end of superbatch: [36m3.2[0ms     [Fsuperbatch [36m363[0m | time [36m20.0[0ms | running loss [36m0.017883[0m | [36m5010848[0m pos/sec | total time [36m7557.7[0ms
Estimated time remaining in training: [36m0[0mh [36m23[0mm [36m14[0ms
LR dropped to [36m0.000077590725[0m
superbatch [36m364[0m [[35m0.0[0m% ([36m0[0m/[36m763[0m batches, [36m4098335[0m pos/sec)]
Estimated time to end of superbatch: [36minf[0ms     [Fsuperbatch [36m364[0m [[35m16.8[0m% ([36m128[0m/[36m763[0m batches, [36m4685944[0m pos/sec)]
Estimated time to end of superbatch: [36m17.9[0ms     [Fsuperbatch [36m364[0m [[35m33.6[0m% ([36m256[0m/[36m763[0m batches, [36m4757392[0m pos/sec)]
Estimated time to end of superbatch: [36m14.0[0ms     [Fsuperbatch [36m364[0m [[35m50.3[0m% ([36m384[0m/[36m763[0m batches, [36m4825568[0m pos/sec)]
Estimated time to end of superbatch: [36m10.3[0ms     [Fsuperbatch [36m364[0m [[35m67.1[0m% ([36m512[0m/[36m763[0m batches, [36m4878548[0m pos/sec)]
Estimated time to end of superbatch: [36m6.8[0ms     [Fsuperbatch [36m364[0m [[35m83.9[0m% ([36m640[0m/[36m763[0m batches, [36m4837155[0m pos/sec)]
Estimated time to end of superbatch: [36m3.3[0ms     [Fsuperbatch [36m364[0m | time [36m20.7[0ms | running loss [36m0.018028[0m | [36m4829347[0m pos/sec | total time [36m7578.4[0ms
Estimated time remaining in training: [36m0[0mh [36m22[0mm [36m54[0ms
LR dropped to [36m0.00007643024[0m
superbatch [36m365[0m [[35m0.0[0m% ([36m0[0m/[36m763[0m batches, [36m5458390[0m pos/sec)]
Estimated time to end of superbatch: [36minf[0ms     [Fsuperbatch [36m365[0m [[35m16.8[0m% ([36m128[0m/[36m763[0m batches, [36m5077222[0m pos/sec)]
Estimated time to end of superbatch: [36m16.5[0ms     [Fsuperbatch [36m365[0m [[35m33.6[0m% ([36m256[0m/[36m763[0m batches, [36m5058306[0m pos/sec)]
Estimated time to end of superbatch: [36m13.2[0ms     [Fsuperbatch [36m365[0m [[35m50.3[0m% ([36m384[0m/[36m763[0m batches, [36m4922724[0m pos/sec)]
Estimated time to end of superbatch: [36m10.1[0ms     [Fsuperbatch [36m365[0m [[35m67.1[0m% ([36m512[0m/[36m763[0m batches, [36m4881552[0m pos/sec)]
Estimated time to end of superbatch: [36m6.8[0ms     [Fsuperbatch [36m365[0m [[35m83.9[0m% ([36m640[0m/[36m763[0m batches, [36m4927950[0m pos/sec)]
Estimated time to end of superbatch: [36m3.3[0ms     [Fsuperbatch [36m365[0m | time [36m20.2[0ms | running loss [36m0.017963[0m | [36m4947483[0m pos/sec | total time [36m7598.6[0ms
Estimated time remaining in training: [36m0[0mh [36m22[0mm [36m33[0ms
LR dropped to [36m0.00007526978[0m
superbatch [36m366[0m [[35m0.0[0m% ([36m0[0m/[36m763[0m batches, [36m4368854[0m pos/sec)]
Estimated time to end of superbatch: [36minf[0ms     [Fsuperbatch [36m366[0m [[35m16.8[0m% ([36m128[0m/[36m763[0m batches, [36m4641783[0m pos/sec)]
Estimated time to end of superbatch: [36m18.1[0ms     [Fsuperbatch [36m366[0m [[35m33.6[0m% ([36m256[0m/[36m763[0m batches, [36m4718551[0m pos/sec)]
Estimated time to end of superbatch: [36m14.1[0ms     [Fsuperbatch [36m366[0m [[35m50.3[0m% ([36m384[0m/[36m763[0m batches, [36m4847322[0m pos/sec)]
Estimated time to end of superbatch: [36m10.3[0ms     [Fsuperbatch [36m366[0m [[35m67.1[0m% ([36m512[0m/[36m763[0m batches, [36m4894592[0m pos/sec)]
Estimated time to end of superbatch: [36m6.7[0ms     [Fsuperbatch [36m366[0m [[35m83.9[0m% ([36m640[0m/[36m763[0m batches, [36m4911782[0m pos/sec)]
Estimated time to end of superbatch: [36m3.3[0ms     [Fsuperbatch [36m366[0m | time [36m20.4[0ms | running loss [36m0.018106[0m | [36m4912847[0m pos/sec | total time [36m7619.0[0ms
Estimated time remaining in training: [36m0[0mh [36m22[0mm [36m12[0ms
LR dropped to [36m0.000074109295[0m
superbatch [36m367[0m [[35m0.0[0m% ([36m0[0m/[36m763[0m batches, [36m5255697[0m pos/sec)]
Estimated time to end of superbatch: [36minf[0ms     [Fsuperbatch [36m367[0m [[35m16.8[0m% ([36m128[0m/[36m763[0m batches, [36m5027220[0m pos/sec)]
Estimated time to end of superbatch: [36m16.7[0ms     [Fsuperbatch [36m367[0m [[35m33.6[0m% ([36m256[0m/[36m763[0m batches, [36m5057780[0m pos/sec)]
Estimated time to end of superbatch: [36m13.2[0ms     [Fsuperbatch [36m367[0m [[35m50.3[0m% ([36m384[0m/[36m763[0m batches, [36m5046691[0m pos/sec)]
Estimated time to end of superbatch: [36m9.9[0ms     [Fsuperbatch [36m367[0m [[35m67.1[0m% ([36m512[0m/[36m763[0m batches, [36m5021496[0m pos/sec)]
Estimated time to end of superbatch: [36m6.6[0ms     [Fsuperbatch [36m367[0m [[35m83.9[0m% ([36m640[0m/[36m763[0m batches, [36m5028746[0m pos/sec)]
Estimated time to end of superbatch: [36m3.2[0ms     [Fsuperbatch [36m367[0m | time [36m19.9[0ms | running loss [36m0.018007[0m | [36m5035664[0m pos/sec | total time [36m7638.8[0ms
Estimated time remaining in training: [36m0[0mh [36m21[0mm [36m51[0ms
LR dropped to [36m0.00007294884[0m
superbatch [36m368[0m [[35m0.0[0m% ([36m0[0m/[36m763[0m batches, [36m4279044[0m pos/sec)]
Estimated time to end of superbatch: [36minf[0ms     [Fsuperbatch [36m368[0m [[35m16.8[0m% ([36m128[0m/[36m763[0m batches, [36m4958380[0m pos/sec)]
Estimated time to end of superbatch: [36m16.9[0ms     [Fsuperbatch [36m368[0m [[35m33.6[0m% ([36m256[0m/[36m763[0m batches, [36m4966012[0m pos/sec)]
Estimated time to end of superbatch: [36m13.4[0ms     [Fsuperbatch [36m368[0m [[35m50.3[0m% ([36m384[0m/[36m763[0m batches, [36m5004949[0m pos/sec)]
Estimated time to end of superbatch: [36m10.0[0ms     [Fsuperbatch [36m368[0m [[35m67.1[0m% ([36m512[0m/[36m763[0m batches, [36m5011719[0m pos/sec)]
Estimated time to end of superbatch: [36m6.6[0ms     [Fsuperbatch [36m368[0m [[35m83.9[0m% ([36m640[0m/[36m763[0m batches, [36m5002615[0m pos/sec)]
Estimated time to end of superbatch: [36m3.2[0ms     [Fsuperbatch [36m368[0m | time [36m20.0[0ms | running loss [36m0.018135[0m | [36m5005826[0m pos/sec | total time [36m7658.8[0ms
Estimated time remaining in training: [36m0[0mh [36m21[0mm [36m30[0ms
LR dropped to [36m0.00007178838[0m
superbatch [36m369[0m [[35m0.0[0m% ([36m0[0m/[36m763[0m batches, [36m5527977[0m pos/sec)]
Estimated time to end of superbatch: [36minf[0ms     [Fsuperbatch [36m369[0m [[35m16.8[0m% ([36m128[0m/[36m763[0m batches, [36m5040406[0m pos/sec)]
Estimated time to end of superbatch: [36m16.6[0ms     [Fsuperbatch [36m369[0m [[35m33.6[0m% ([36m256[0m/[36m763[0m batches, [36m5066858[0m pos/sec)]
Estimated time to end of superbatch: [36m13.2[0ms     [Fsuperbatch [36m369[0m [[35m50.3[0m% ([36m384[0m/[36m763[0m batches, [36m5029355[0m pos/sec)]
Estimated time to end of superbatch: [36m9.9[0ms     [Fsuperbatch [36m369[0m [[35m67.1[0m% ([36m512[0m/[36m763[0m batches, [36m4988652[0m pos/sec)]
Estimated time to end of superbatch: [36m6.6[0ms     [Fsuperbatch [36m369[0m [[35m83.9[0m% ([36m640[0m/[36m763[0m batches, [36m4998152[0m pos/sec)]
Estimated time to end of superbatch: [36m3.2[0ms     [Fsuperbatch [36m369[0m | time [36m20.0[0ms | running loss [36m0.018073[0m | [36m5008218[0m pos/sec | total time [36m7678.8[0ms
Estimated time remaining in training: [36m0[0mh [36m21[0mm [36m9[0ms
LR dropped to [36m0.000070627924[0m
superbatch [36m370[0m [[35m0.0[0m% ([36m0[0m/[36m763[0m batches, [36m4287266[0m pos/sec)]
Estimated time to end of superbatch: [36minf[0ms     [Fsuperbatch [36m370[0m [[35m16.8[0m% ([36m128[0m/[36m763[0m batches, [36m5006406[0m pos/sec)]
Estimated time to end of superbatch: [36m16.8[0ms     [Fsuperbatch [36m370[0m [[35m33.6[0m% ([36m256[0m/[36m763[0m batches, [36m4895606[0m pos/sec)]
Estimated time to end of superbatch: [36m13.6[0ms     [Fsuperbatch [36m370[0m [[35m50.3[0m% ([36m384[0m/[36m763[0m batches, [36m4338256[0m pos/sec)]
Estimated time to end of superbatch: [36m11.5[0ms     [Fsuperbatch [36m370[0m [[35m67.1[0m% ([36m512[0m/[36m763[0m batches, [36m4131903[0m pos/sec)]
Estimated time to end of superbatch: [36m8.0[0ms     [Fsuperbatch [36m370[0m [[35m83.9[0m% ([36m640[0m/[36m763[0m batches, [36m4255268[0m pos/sec)]
Estimated time to end of superbatch: [36m3.8[0ms     [Fsuperbatch [36m370[0m | time [36m23.0[0ms | running loss [36m0.018220[0m | [36m4346364[0m pos/sec | total time [36m7701.8[0ms
Estimated time remaining in training: [36m0[0mh [36m20[0mm [36m48[0ms
Saved [anna-v3c-s1-370]
LR dropped to [36m0.00006946744[0m
superbatch [36m371[0m [[35m0.0[0m% ([36m0[0m/[36m763[0m batches, [36m5617836[0m pos/sec)]
Estimated time to end of superbatch: [36minf[0ms     [Fsuperbatch [36m371[0m [[35m16.8[0m% ([36m128[0m/[36m763[0m batches, [36m5490764[0m pos/sec)]
Estimated time to end of superbatch: [36m15.3[0ms     [Fsuperbatch [36m371[0m [[35m33.6[0m% ([36m256[0m/[36m763[0m batches, [36m5589198[0m pos/sec)]
Estimated time to end of superbatch: [36m11.9[0ms     [Fsuperbatch [36m371[0m [[35m50.3[0m% ([36m384[0m/[36m763[0m batches, [36m5578927[0m pos/sec)]
Estimated time to end of superbatch: [36m8.9[0ms     [Fsuperbatch [36m371[0m [[35m67.1[0m% ([36m512[0m/[36m763[0m batches, [36m5226483[0m pos/sec)]
Estimated time to end of superbatch: [36m6.3[0ms     [Fsuperbatch [36m371[0m [[35m83.9[0m% ([36m640[0m/[36m763[0m batches, [36m5202286[0m pos/sec)]
Estimated time to end of superbatch: [36m3.1[0ms     [Fsuperbatch [36m371[0m | time [36m19.4[0ms | running loss [36m0.018179[0m | [36m5143102[0m pos/sec | total time [36m7723.7[0ms
Estimated time remaining in training: [36m0[0mh [36m20[0mm [36m28[0ms
LR dropped to [36m0.00006830698[0m
superbatch [36m372[0m [[35m0.0[0m% ([36m0[0m/[36m763[0m batches, [36m3730263[0m pos/sec)]
Estimated time to end of superbatch: [36minf[0ms     [Fsuperbatch [36m372[0m [[35m16.8[0m% ([36m128[0m/[36m763[0m batches, [36m3958827[0m pos/sec)]
Estimated time to end of superbatch: [36m21.2[0ms     [Fsuperbatch [36m372[0m [[35m33.6[0m% ([36m256[0m/[36m763[0m batches, [36m3740325[0m pos/sec)]
Estimated time to end of superbatch: [36m17.8[0ms     [Fsuperbatch [36m372[0m [[35m50.3[0m% ([36m384[0m/[36m763[0m batches, [36m3904251[0m pos/sec)]
Estimated time to end of superbatch: [36m12.8[0ms     [Fsuperbatch [36m372[0m [[35m67.1[0m% ([36m512[0m/[36m763[0m batches, [36m3968073[0m pos/sec)]
Estimated time to end of superbatch: [36m8.3[0ms     [Fsuperbatch [36m372[0m [[35m83.9[0m% ([36m640[0m/[36m763[0m batches, [36m3952157[0m pos/sec)]
Estimated time to end of superbatch: [36m4.1[0ms     [Fsuperbatch [36m372[0m | time [36m25.7[0ms | running loss [36m0.018317[0m | [36m3896658[0m pos/sec | total time [36m7749.4[0ms
Estimated time remaining in training: [36m0[0mh [36m20[0mm [36m8[0ms
LR dropped to [36m0.000067146524[0m
superbatch [36m373[0m [[35m0.0[0m% ([36m0[0m/[36m763[0m batches, [36m4346250[0m pos/sec)]
Estimated time to end of superbatch: [36minf[0ms     [Fsuperbatch [36m373[0m [[35m16.8[0m% ([36m128[0m/[36m763[0m batches, [36m3984715[0m pos/sec)]
Estimated time to end of superbatch: [36m21.1[0ms     [Fsuperbatch [36m373[0m [[35m33.6[0m% ([36m256[0m/[36m763[0m batches, [36m3973800[0m pos/sec)]
Estimated time to end of superbatch: [36m16.8[0ms     [Fsuperbatch [36m373[0m [[35m50.3[0m% ([36m384[0m/[36m763[0m batches, [36m3814283[0m pos/sec)]
Estimated time to end of superbatch: [36m13.1[0ms     [Fsuperbatch [36m373[0m [[35m67.1[0m% ([36m512[0m/[36m763[0m batches, [36m3734840[0m pos/sec)]
Estimated time to end of superbatch: [36m8.8[0ms     [Fsuperbatch [36m373[0m [[35m83.9[0m% ([36m640[0m/[36m763[0m batches, [36m3802451[0m pos/sec)]
Estimated time to end of superbatch: [36m4.2[0ms     [Fsuperbatch [36m373[0m | time [36m26.1[0ms | running loss [36m0.018290[0m | [36m3833706[0m pos/sec | total time [36m7775.5[0ms
Estimated time remaining in training: [36m0[0mh [36m19[0mm [36m48[0ms
LR dropped to [36m0.00006598607[0m
superbatch [36m374[0m [[35m0.0[0m% ([36m0[0m/[36m763[0m batches, [36m4581213[0m pos/sec)]
Estimated time to end of superbatch: [36minf[0ms     [Fsuperbatch [36m374[0m [[35m16.8[0m% ([36m128[0m/[36m763[0m batches, [36m3723493[0m pos/sec)]
Estimated time to end of superbatch: [36m22.5[0ms     [Fsuperbatch [36m374[0m [[35m33.6[0m% ([36m256[0m/[36m763[0m batches, [36m3612284[0m pos/sec)]
Estimated time to end of superbatch: [36m18.5[0ms     [Fsuperbatch [36m374[0m [[35m50.3[0m% ([36m384[0m/[36m763[0m batches, [36m3788780[0m pos/sec)]
Estimated time to end of superbatch: [36m13.1[0ms     [Fsuperbatch [36m374[0m [[35m67.1[0m% ([36m512[0m/[36m763[0m batches, [36m3888226[0m pos/sec)]
Estimated time to end of superbatch: [36m8.5[0ms     [Fsuperbatch [36m374[0m [[35m83.9[0m% ([36m640[0m/[36m763[0m batches, [36m3863152[0m pos/sec)]
Estimated time to end of superbatch: [36m4.2[0ms     [Fsuperbatch [36m374[0m | time [36m26.3[0ms | running loss [36m0.018343[0m | [36m3803458[0m pos/sec | total time [36m7801.8[0ms
Estimated time remaining in training: [36m0[0mh [36m19[0mm [36m28[0ms
LR dropped to [36m0.00006482558[0m
superbatch [36m375[0m [[35m0.0[0m% ([36m0[0m/[36m763[0m batches, [36m3143054[0m pos/sec)]
Estimated time to end of superbatch: [36minf[0ms     [Fsuperbatch [36m375[0m [[35m16.8[0m% ([36m128[0m/[36m763[0m batches, [36m4130910[0m pos/sec)]
Estimated time to end of superbatch: [36m20.3[0ms     [Fsuperbatch [36m375[0m [[35m33.6[0m% ([36m256[0m/[36m763[0m batches, [36m4106402[0m pos/sec)]
Estimated time to end of superbatch: [36m16.2[0ms     [Fsuperbatch [36m375[0m [[35m50.3[0m% ([36m384[0m/[36m763[0m batches, [36m4145314[0m pos/sec)]
Estimated time to end of superbatch: [36m12.0[0ms     [Fsuperbatch [36m375[0m [[35m67.1[0m% ([36m512[0m/[36m763[0m batches, [36m4049496[0m pos/sec)]
Estimated time to end of superbatch: [36m8.1[0ms     [Fsuperbatch [36m375[0m [[35m83.9[0m% ([36m640[0m/[36m763[0m batches, [36m4226275[0m pos/sec)]
Estimated time to end of superbatch: [36m3.8[0ms     [Fsuperbatch [36m375[0m | time [36m23.0[0ms | running loss [36m0.018282[0m | [36m4345888[0m pos/sec | total time [36m7824.8[0ms
Estimated time remaining in training: [36m0[0mh [36m19[0mm [36m7[0ms
LR dropped to [36m0.000063665124[0m
superbatch [36m376[0m [[35m0.0[0m% ([36m0[0m/[36m763[0m batches, [36m5460755[0m pos/sec)]
Estimated time to end of superbatch: [36minf[0ms     [Fsuperbatch [36m376[0m [[35m16.8[0m% ([36m128[0m/[36m763[0m batches, [36m4936748[0m pos/sec)]
Estimated time to end of superbatch: [36m17.0[0ms     [Fsuperbatch [36m376[0m [[35m33.6[0m% ([36m256[0m/[36m763[0m batches, [36m4866864[0m pos/sec)]
Estimated time to end of superbatch: [36m13.7[0ms     [Fsuperbatch [36m376[0m [[35m50.3[0m% ([36m384[0m/[36m763[0m batches, [36m4941922[0m pos/sec)]
Estimated time to end of superbatch: [36m10.1[0ms     [Fsuperbatch [36m376[0m [[35m67.1[0m% ([36m512[0m/[36m763[0m batches, [36m4973628[0m pos/sec)]
Estimated time to end of superbatch: [36m6.6[0ms     [Fsuperbatch [36m376[0m [[35m83.9[0m% ([36m640[0m/[36m763[0m batches, [36m4975890[0m pos/sec)]
Estimated time to end of superbatch: [36m3.2[0ms     [Fsuperbatch [36m376[0m | time [36m20.3[0ms | running loss [36m0.018354[0m | [36m4931708[0m pos/sec | total time [36m7845.1[0ms
Estimated time remaining in training: [36m0[0mh [36m18[0mm [36m46[0ms
LR dropped to [36m0.00006250464[0m
superbatch [36m377[0m [[35m0.0[0m% ([36m0[0m/[36m763[0m batches, [36m5621754[0m pos/sec)]
Estimated time to end of superbatch: [36minf[0ms     [Fsuperbatch [36m377[0m [[35m16.8[0m% ([36m128[0m/[36m763[0m batches, [36m5078148[0m pos/sec)]
Estimated time to end of superbatch: [36m16.5[0ms     [Fsuperbatch [36m377[0m [[35m33.6[0m% ([36m256[0m/[36m763[0m batches, [36m5091710[0m pos/sec)]
Estimated time to end of superbatch: [36m13.1[0ms     [Fsuperbatch [36m377[0m [[35m50.3[0m% ([36m384[0m/[36m763[0m batches, [36m5054000[0m pos/sec)]
Estimated time to end of superbatch: [36m9.9[0ms     [Fsuperbatch [36m377[0m [[35m67.1[0m% ([36m512[0m/[36m763[0m batches, [36m4927865[0m pos/sec)]
Estimated time to end of superbatch: [36m6.7[0ms     [Fsuperbatch [36m377[0m [[35m83.9[0m% ([36m640[0m/[36m763[0m batches, [36m4937418[0m pos/sec)]
Estimated time to end of superbatch: [36m3.3[0ms     [Fsuperbatch [36m377[0m | time [36m20.2[0ms | running loss [36m0.018357[0m | [36m4962724[0m pos/sec | total time [36m7865.2[0ms
Estimated time remaining in training: [36m0[0mh [36m18[0mm [36m25[0ms
LR dropped to [36m0.00006134421[0m
superbatch [36m378[0m [[35m0.0[0m% ([36m0[0m/[36m763[0m batches, [36m5635626[0m pos/sec)]
Estimated time to end of superbatch: [36minf[0ms     [Fsuperbatch [36m378[0m [[35m16.8[0m% ([36m128[0m/[36m763[0m batches, [36m5017078[0m pos/sec)]
Estimated time to end of superbatch: [36m16.7[0ms     [Fsuperbatch [36m378[0m [[35m33.6[0m% ([36m256[0m/[36m763[0m batches, [36m4915660[0m pos/sec)]
Estimated time to end of superbatch: [36m13.6[0ms     [Fsuperbatch [36m378[0m [[35m50.3[0m% ([36m384[0m/[36m763[0m batches, [36m4955064[0m pos/sec)]
Estimated time to end of superbatch: [36m10.1[0ms     [Fsuperbatch [36m378[0m [[35m67.1[0m% ([36m512[0m/[36m763[0m batches, [36m4670354[0m pos/sec)]
Estimated time to end of superbatch: [36m7.1[0ms     [Fsuperbatch [36m378[0m [[35m83.9[0m% ([36m640[0m/[36m763[0m batches, [36m4720705[0m pos/sec)]
Estimated time to end of superbatch: [36m3.4[0ms     [Fsuperbatch [36m378[0m | time [36m21.3[0ms | running loss [36m0.018465[0m | [36m4701418[0m pos/sec | total time [36m7886.5[0ms
Estimated time remaining in training: [36m0[0mh [36m18[0mm [36m4[0ms
LR dropped to [36m0.000060183724[0m
superbatch [36m379[0m [[35m0.0[0m% ([36m0[0m/[36m763[0m batches, [36m4392032[0m pos/sec)]
Estimated time to end of superbatch: [36minf[0ms     [Fsuperbatch [36m379[0m [[35m16.8[0m% ([36m128[0m/[36m763[0m batches, [36m5089170[0m pos/sec)]
Estimated time to end of superbatch: [36m16.5[0ms     [Fsuperbatch [36m379[0m [[35m33.6[0m% ([36m256[0m/[36m763[0m batches, [36m5106516[0m pos/sec)]
Estimated time to end of superbatch: [36m13.1[0ms     [Fsuperbatch [36m379[0m [[35m50.3[0m% ([36m384[0m/[36m763[0m batches, [36m5075322[0m pos/sec)]
Estimated time to end of superbatch: [36m9.8[0ms     [Fsuperbatch [36m379[0m [[35m67.1[0m% ([36m512[0m/[36m763[0m batches, [36m5041320[0m pos/sec)]
Estimated time to end of superbatch: [36m6.5[0ms     [Fsuperbatch [36m379[0m [[35m83.9[0m% ([36m640[0m/[36m763[0m batches, [36m5040026[0m pos/sec)]
Estimated time to end of superbatch: [36m3.2[0ms     [Fsuperbatch [36m379[0m | time [36m19.8[0ms | running loss [36m0.018377[0m | [36m5047863[0m pos/sec | total time [36m7906.3[0ms
Estimated time remaining in training: [36m0[0mh [36m17[0mm [36m43[0ms
LR dropped to [36m0.000059023267[0m
superbatch [36m380[0m [[35m0.0[0m% ([36m0[0m/[36m763[0m batches, [36m5461415[0m pos/sec)]
Estimated time to end of superbatch: [36minf[0ms     [Fsuperbatch [36m380[0m [[35m16.8[0m% ([36m128[0m/[36m763[0m batches, [36m4980445[0m pos/sec)]
Estimated time to end of superbatch: [36m16.8[0ms     [Fsuperbatch [36m380[0m [[35m33.6[0m% ([36m256[0m/[36m763[0m batches, [36m4936922[0m pos/sec)]
Estimated time to end of superbatch: [36m13.5[0ms     [Fsuperbatch [36m380[0m [[35m50.3[0m% ([36m384[0m/[36m763[0m batches, [36m4973515[0m pos/sec)]
Estimated time to end of superbatch: [36m10.0[0ms     [Fsuperbatch [36m380[0m [[35m67.1[0m% ([36m512[0m/[36m763[0m batches, [36m4997796[0m pos/sec)]
Estimated time to end of superbatch: [36m6.6[0ms     [Fsuperbatch [36m380[0m [[35m83.9[0m% ([36m640[0m/[36m763[0m batches, [36m5006538[0m pos/sec)]
Estimated time to end of superbatch: [36m3.2[0ms     [Fsuperbatch [36m380[0m | time [36m20.0[0ms | running loss [36m0.018522[0m | [36m4988114[0m pos/sec | total time [36m7926.4[0ms
Estimated time remaining in training: [36m0[0mh [36m17[0mm [36m22[0ms
Saved [anna-v3c-s1-380]
LR dropped to [36m0.00005786278[0m
superbatch [36m381[0m [[35m0.0[0m% ([36m0[0m/[36m763[0m batches, [36m5585983[0m pos/sec)]
Estimated time to end of superbatch: [36minf[0ms     [Fsuperbatch [36m381[0m [[35m16.8[0m% ([36m128[0m/[36m763[0m batches, [36m5691204[0m pos/sec)]
Estimated time to end of superbatch: [36m14.7[0ms     [Fsuperbatch [36m381[0m [[35m33.6[0m% ([36m256[0m/[36m763[0m batches, [36m5688934[0m pos/sec)]
Estimated time to end of superbatch: [36m11.7[0ms     [Fsuperbatch [36m381[0m [[35m50.3[0m% ([36m384[0m/[36m763[0m batches, [36m5665708[0m pos/sec)]
Estimated time to end of superbatch: [36m8.8[0ms     [Fsuperbatch [36m381[0m [[35m67.1[0m% ([36m512[0m/[36m763[0m batches, [36m5655760[0m pos/sec)]
Estimated time to end of superbatch: [36m5.8[0ms     [Fsuperbatch [36m381[0m [[35m83.9[0m% ([36m640[0m/[36m763[0m batches, [36m5659694[0m pos/sec)]
Estimated time to end of superbatch: [36m2.9[0ms     [Fsuperbatch [36m381[0m | time [36m17.7[0ms | running loss [36m0.018507[0m | [36m5663573[0m pos/sec | total time [36m7946.7[0ms
Estimated time remaining in training: [36m0[0mh [36m17[0mm [36m2[0ms
LR dropped to [36m0.000056702353[0m
superbatch [36m382[0m [[35m0.0[0m% ([36m0[0m/[36m763[0m batches, [36m5586619[0m pos/sec)]
Estimated time to end of superbatch: [36minf[0ms     [Fsuperbatch [36m382[0m [[35m16.8[0m% ([36m128[0m/[36m763[0m batches, [36m5599464[0m pos/sec)]
Estimated time to end of superbatch: [36m15.0[0ms     [Fsuperbatch [36m382[0m [[35m33.6[0m% ([36m256[0m/[36m763[0m batches, [36m5262316[0m pos/sec)]
Estimated time to end of superbatch: [36m12.7[0ms     [Fsuperbatch [36m382[0m [[35m50.3[0m% ([36m384[0m/[36m763[0m batches, [36m5179624[0m pos/sec)]
Estimated time to end of superbatch: [36m9.6[0ms     [Fsuperbatch [36m382[0m [[35m67.1[0m% ([36m512[0m/[36m763[0m batches, [36m5152796[0m pos/sec)]
Estimated time to end of superbatch: [36m6.4[0ms     [Fsuperbatch [36m382[0m [[35m83.9[0m% ([36m640[0m/[36m763[0m batches, [36m5132585[0m pos/sec)]
Estimated time to end of superbatch: [36m3.1[0ms     [Fsuperbatch [36m382[0m | time [36m19.6[0ms | running loss [36m0.018581[0m | [36m5097848[0m pos/sec | total time [36m7966.3[0ms
Estimated time remaining in training: [36m0[0mh [36m16[0mm [36m40[0ms
LR dropped to [36m0.000055541866[0m
superbatch [36m383[0m [[35m0.0[0m% ([36m0[0m/[36m763[0m batches, [36m4690803[0m pos/sec)]
Estimated time to end of superbatch: [36minf[0ms     [Fsuperbatch [36m383[0m [[35m16.8[0m% ([36m128[0m/[36m763[0m batches, [36m4998008[0m pos/sec)]
Estimated time to end of superbatch: [36m16.8[0ms     [Fsuperbatch [36m383[0m [[35m33.6[0m% ([36m256[0m/[36m763[0m batches, [36m5039310[0m pos/sec)]
Estimated time to end of superbatch: [36m13.2[0ms     [Fsuperbatch [36m383[0m [[35m50.3[0m% ([36m384[0m/[36m763[0m batches, [36m5048704[0m pos/sec)]
Estimated time to end of superbatch: [36m9.9[0ms     [Fsuperbatch [36m383[0m [[35m67.1[0m% ([36m512[0m/[36m763[0m batches, [36m5006653[0m pos/sec)]
Estimated time to end of superbatch: [36m6.6[0ms     [Fsuperbatch [36m383[0m [[35m83.9[0m% ([36m640[0m/[36m763[0m batches, [36m4999344[0m pos/sec)]
Estimated time to end of superbatch: [36m3.2[0ms     [Fsuperbatch [36m383[0m | time [36m20.0[0ms | running loss [36m0.018570[0m | [36m5011881[0m pos/sec | total time [36m7986.2[0ms
Estimated time remaining in training: [36m0[0mh [36m16[0mm [36m20[0ms
LR dropped to [36m0.00005438141[0m
superbatch [36m384[0m [[35m0.0[0m% ([36m0[0m/[36m763[0m batches, [36m5578589[0m pos/sec)]
Estimated time to end of superbatch: [36minf[0ms     [Fsuperbatch [36m384[0m [[35m16.8[0m% ([36m128[0m/[36m763[0m batches, [36m5005841[0m pos/sec)]
Estimated time to end of superbatch: [36m16.8[0ms     [Fsuperbatch [36m384[0m [[35m33.6[0m% ([36m256[0m/[36m763[0m batches, [36m4980149[0m pos/sec)]
Estimated time to end of superbatch: [36m13.4[0ms     [Fsuperbatch [36m384[0m [[35m50.3[0m% ([36m384[0m/[36m763[0m batches, [36m4980598[0m pos/sec)]
Estimated time to end of superbatch: [36m10.0[0ms     [Fsuperbatch [36m384[0m [[35m67.1[0m% ([36m512[0m/[36m763[0m batches, [36m5013820[0m pos/sec)]
Estimated time to end of superbatch: [36m6.6[0ms     [Fsuperbatch [36m384[0m [[35m83.9[0m% ([36m640[0m/[36m763[0m batches, [36m5038097[0m pos/sec)]
Estimated time to end of superbatch: [36m3.2[0ms     [Fsuperbatch [36m384[0m | time [36m19.9[0ms | running loss [36m0.018604[0m | [36m5026289[0m pos/sec | total time [36m8006.1[0ms
Estimated time remaining in training: [36m0[0mh [36m15[0mm [36m59[0ms
LR dropped to [36m0.000053220923[0m
superbatch [36m385[0m [[35m0.0[0m% ([36m0[0m/[36m763[0m batches, [36m5162967[0m pos/sec)]
Estimated time to end of superbatch: [36minf[0ms     [Fsuperbatch [36m385[0m [[35m16.8[0m% ([36m128[0m/[36m763[0m batches, [36m4942756[0m pos/sec)]
Estimated time to end of superbatch: [36m17.0[0ms     [Fsuperbatch [36m385[0m [[35m33.6[0m% ([36m256[0m/[36m763[0m batches, [36m4998089[0m pos/sec)]
Estimated time to end of superbatch: [36m13.3[0ms     [Fsuperbatch [36m385[0m [[35m50.3[0m% ([36m384[0m/[36m763[0m batches, [36m5015778[0m pos/sec)]
Estimated time to end of superbatch: [36m9.9[0ms     [Fsuperbatch [36m385[0m [[35m67.1[0m% ([36m512[0m/[36m763[0m batches, [36m4968968[0m pos/sec)]
Estimated time to end of superbatch: [36m6.6[0ms     [Fsuperbatch [36m385[0m [[35m83.9[0m% ([36m640[0m/[36m763[0m batches, [36m4974952[0m pos/sec)]
Estimated time to end of superbatch: [36m3.2[0ms     [Fsuperbatch [36m385[0m | time [36m20.0[0ms | running loss [36m0.018727[0m | [36m4991028[0m pos/sec | total time [36m8026.2[0ms
Estimated time remaining in training: [36m0[0mh [36m15[0mm [36m38[0ms
LR dropped to [36m0.000052060466[0m
superbatch [36m386[0m [[35m0.0[0m% ([36m0[0m/[36m763[0m batches, [36m4291229[0m pos/sec)]
Estimated time to end of superbatch: [36minf[0ms     [Fsuperbatch [36m386[0m [[35m16.8[0m% ([36m128[0m/[36m763[0m batches, [36m5052555[0m pos/sec)]
Estimated time to end of superbatch: [36m16.6[0ms     [Fsuperbatch [36m386[0m [[35m33.6[0m% ([36m256[0m/[36m763[0m batches, [36m4960710[0m pos/sec)]
Estimated time to end of superbatch: [36m13.4[0ms     [Fsuperbatch [36m386[0m [[35m50.3[0m% ([36m384[0m/[36m763[0m batches, [36m4970486[0m pos/sec)]
Estimated time to end of superbatch: [36m10.0[0ms     [Fsuperbatch [36m386[0m [[35m67.1[0m% ([36m512[0m/[36m763[0m batches, [36m5004623[0m pos/sec)]
Estimated time to end of superbatch: [36m6.6[0ms     [Fsuperbatch [36m386[0m [[35m83.9[0m% ([36m640[0m/[36m763[0m batches, [36m5026154[0m pos/sec)]
Estimated time to end of superbatch: [36m3.2[0ms     [Fsuperbatch [36m386[0m | time [36m20.0[0ms | running loss [36m0.018747[0m | [36m5001195[0m pos/sec | total time [36m8046.2[0ms
Estimated time remaining in training: [36m0[0mh [36m15[0mm [36m17[0ms
LR dropped to [36m0.00005090001[0m
superbatch [36m387[0m [[35m0.0[0m% ([36m0[0m/[36m763[0m batches, [36m4921604[0m pos/sec)]
Estimated time to end of superbatch: [36minf[0ms     [Fsuperbatch [36m387[0m [[35m16.8[0m% ([36m128[0m/[36m763[0m batches, [36m4884692[0m pos/sec)]
Estimated time to end of superbatch: [36m17.2[0ms     [Fsuperbatch [36m387[0m [[35m33.6[0m% ([36m256[0m/[36m763[0m batches, [36m4978458[0m pos/sec)]
Estimated time to end of superbatch: [36m13.4[0ms     [Fsuperbatch [36m387[0m [[35m50.3[0m% ([36m384[0m/[36m763[0m batches, [36m5014210[0m pos/sec)]
Estimated time to end of superbatch: [36m9.9[0ms     [Fsuperbatch [36m387[0m [[35m67.1[0m% ([36m512[0m/[36m763[0m batches, [36m4989268[0m pos/sec)]
Estimated time to end of superbatch: [36m6.6[0ms     [Fsuperbatch [36m387[0m [[35m83.9[0m% ([36m640[0m/[36m763[0m batches, [36m4993812[0m pos/sec)]
Estimated time to end of superbatch: [36m3.2[0ms     [Fsuperbatch [36m387[0m | time [36m20.0[0ms | running loss [36m0.018780[0m | [36m5005639[0m pos/sec | total time [36m8066.1[0ms
Estimated time remaining in training: [36m0[0mh [36m14[0mm [36m56[0ms
LR dropped to [36m0.000049739552[0m
superbatch [36m388[0m [[35m0.0[0m% ([36m0[0m/[36m763[0m batches, [36m5638515[0m pos/sec)]
Estimated time to end of superbatch: [36minf[0ms     [Fsuperbatch [36m388[0m [[35m16.8[0m% ([36m128[0m/[36m763[0m batches, [36m5117385[0m pos/sec)]
Estimated time to end of superbatch: [36m16.4[0ms     [Fsuperbatch [36m388[0m [[35m33.6[0m% ([36m256[0m/[36m763[0m batches, [36m5002736[0m pos/sec)]
Estimated time to end of superbatch: [36m13.3[0ms     [Fsuperbatch [36m388[0m [[35m50.3[0m% ([36m384[0m/[36m763[0m batches, [36m4994868[0m pos/sec)]
Estimated time to end of superbatch: [36m10.0[0ms     [Fsuperbatch [36m388[0m [[35m67.1[0m% ([36m512[0m/[36m763[0m batches, [36m5021740[0m pos/sec)]
Estimated time to end of superbatch: [36m6.6[0ms     [Fsuperbatch [36m388[0m [[35m83.9[0m% ([36m640[0m/[36m763[0m batches, [36m5034174[0m pos/sec)]
Estimated time to end of superbatch: [36m3.2[0ms     [Fsuperbatch [36m388[0m | time [36m20.0[0ms | running loss [36m0.018810[0m | [36m5011034[0m pos/sec | total time [36m8086.1[0ms
Estimated time remaining in training: [36m0[0mh [36m14[0mm [36m35[0ms
LR dropped to [36m0.000048579066[0m
superbatch [36m389[0m [[35m0.0[0m% ([36m0[0m/[36m763[0m batches, [36m4559950[0m pos/sec)]
Estimated time to end of superbatch: [36minf[0ms     [Fsuperbatch [36m389[0m [[35m16.8[0m% ([36m128[0m/[36m763[0m batches, [36m4901009[0m pos/sec)]
Estimated time to end of superbatch: [36m17.1[0ms     [Fsuperbatch [36m389[0m [[35m33.6[0m% ([36m256[0m/[36m763[0m batches, [36m5012872[0m pos/sec)]
Estimated time to end of superbatch: [36m13.3[0ms     [Fsuperbatch [36m389[0m [[35m50.3[0m% ([36m384[0m/[36m763[0m batches, [36m5027927[0m pos/sec)]
Estimated time to end of superbatch: [36m9.9[0ms     [Fsuperbatch [36m389[0m [[35m67.1[0m% ([36m512[0m/[36m763[0m batches, [36m4996972[0m pos/sec)]
Estimated time to end of superbatch: [36m6.6[0ms     [Fsuperbatch [36m389[0m [[35m83.9[0m% ([36m640[0m/[36m763[0m batches, [36m4996476[0m pos/sec)]
Estimated time to end of superbatch: [36m3.2[0ms     [Fsuperbatch [36m389[0m | time [36m20.0[0ms | running loss [36m0.018857[0m | [36m5001425[0m pos/sec | total time [36m8106.1[0ms
Estimated time remaining in training: [36m0[0mh [36m14[0mm [36m14[0ms
LR dropped to [36m0.00004741861[0m
superbatch [36m390[0m [[35m0.0[0m% ([36m0[0m/[36m763[0m batches, [36m4354998[0m pos/sec)]
Estimated time to end of superbatch: [36minf[0ms     [Fsuperbatch [36m390[0m [[35m16.8[0m% ([36m128[0m/[36m763[0m batches, [36m5115276[0m pos/sec)]
Estimated time to end of superbatch: [36m16.4[0ms     [Fsuperbatch [36m390[0m [[35m33.6[0m% ([36m256[0m/[36m763[0m batches, [36m5026076[0m pos/sec)]
Estimated time to end of superbatch: [36m13.3[0ms     [Fsuperbatch [36m390[0m [[35m50.3[0m% ([36m384[0m/[36m763[0m batches, [36m5016782[0m pos/sec)]
Estimated time to end of superbatch: [36m9.9[0ms     [Fsuperbatch [36m390[0m [[35m67.1[0m% ([36m512[0m/[36m763[0m batches, [36m5049114[0m pos/sec)]
Estimated time to end of superbatch: [36m6.5[0ms     [Fsuperbatch [36m390[0m [[35m83.9[0m% ([36m640[0m/[36m763[0m batches, [36m5058888[0m pos/sec)]
Estimated time to end of superbatch: [36m3.2[0ms     [Fsuperbatch [36m390[0m | time [36m19.8[0ms | running loss [36m0.018843[0m | [36m5041502[0m pos/sec | total time [36m8125.9[0ms
Estimated time remaining in training: [36m0[0mh [36m13[0mm [36m53[0ms
Saved [anna-v3c-s1-390]
LR dropped to [36m0.000046258123[0m
superbatch [36m391[0m [[35m0.0[0m% ([36m0[0m/[36m763[0m batches, [36m5576358[0m pos/sec)]
Estimated time to end of superbatch: [36minf[0ms     [Fsuperbatch [36m391[0m [[35m16.8[0m% ([36m128[0m/[36m763[0m batches, [36m5680262[0m pos/sec)]
Estimated time to end of superbatch: [36m14.8[0ms     [Fsuperbatch [36m391[0m [[35m33.6[0m% ([36m256[0m/[36m763[0m batches, [36m5683716[0m pos/sec)]
Estimated time to end of superbatch: [36m11.7[0ms     [Fsuperbatch [36m391[0m [[35m50.3[0m% ([36m384[0m/[36m763[0m batches, [36m5663910[0m pos/sec)]
Estimated time to end of superbatch: [36m8.8[0ms     [Fsuperbatch [36m391[0m [[35m67.1[0m% ([36m512[0m/[36m763[0m batches, [36m5656704[0m pos/sec)]
Estimated time to end of superbatch: [36m5.8[0ms     [Fsuperbatch [36m391[0m [[35m83.9[0m% ([36m640[0m/[36m763[0m batches, [36m5654498[0m pos/sec)]
Estimated time to end of superbatch: [36m2.9[0ms     [Fsuperbatch [36m391[0m | time [36m17.7[0ms | running loss [36m0.018901[0m | [36m5659618[0m pos/sec | total time [36m8146.3[0ms
Estimated time remaining in training: [36m0[0mh [36m13[0mm [36m32[0ms
LR dropped to [36m0.000045097695[0m
superbatch [36m392[0m [[35m0.0[0m% ([36m0[0m/[36m763[0m batches, [36m5659145[0m pos/sec)]
Estimated time to end of superbatch: [36minf[0ms     [Fsuperbatch [36m392[0m [[35m16.8[0m% ([36m128[0m/[36m763[0m batches, [36m5692152[0m pos/sec)]
Estimated time to end of superbatch: [36m14.7[0ms     [Fsuperbatch [36m392[0m [[35m33.6[0m% ([36m256[0m/[36m763[0m batches, [36m5355920[0m pos/sec)]
Estimated time to end of superbatch: [36m12.5[0ms     [Fsuperbatch [36m392[0m [[35m50.3[0m% ([36m384[0m/[36m763[0m batches, [36m5209480[0m pos/sec)]
Estimated time to end of superbatch: [36m9.6[0ms     [Fsuperbatch [36m392[0m [[35m67.1[0m% ([36m512[0m/[36m763[0m batches, [36m5179632[0m pos/sec)]
Estimated time to end of superbatch: [36m6.4[0ms     [Fsuperbatch [36m392[0m [[35m83.9[0m% ([36m640[0m/[36m763[0m batches, [36m5156103[0m pos/sec)]
Estimated time to end of superbatch: [36m3.1[0ms     [Fsuperbatch [36m392[0m | time [36m19.5[0ms | running loss [36m0.018926[0m | [36m5122079[0m pos/sec | total time [36m8165.8[0ms
Estimated time remaining in training: [36m0[0mh [36m13[0mm [36m11[0ms
LR dropped to [36m0.00004393721[0m
superbatch [36m393[0m [[35m0.0[0m% ([36m0[0m/[36m763[0m batches, [36m5312144[0m pos/sec)]
Estimated time to end of superbatch: [36minf[0ms     [Fsuperbatch [36m393[0m [[35m16.8[0m% ([36m128[0m/[36m763[0m batches, [36m4950327[0m pos/sec)]
Estimated time to end of superbatch: [36m16.9[0ms     [Fsuperbatch [36m393[0m [[35m33.6[0m% ([36m256[0m/[36m763[0m batches, [36m4993247[0m pos/sec)]
Estimated time to end of superbatch: [36m13.4[0ms     [Fsuperbatch [36m393[0m [[35m50.3[0m% ([36m384[0m/[36m763[0m batches, [36m5020013[0m pos/sec)]
Estimated time to end of superbatch: [36m9.9[0ms     [Fsuperbatch [36m393[0m [[35m67.1[0m% ([36m512[0m/[36m763[0m batches, [36m5004208[0m pos/sec)]
Estimated time to end of superbatch: [36m6.6[0ms     [Fsuperbatch [36m393[0m [[35m83.9[0m% ([36m640[0m/[36m763[0m batches, [36m4981328[0m pos/sec)]
Estimated time to end of superbatch: [36m3.2[0ms     [Fsuperbatch [36m393[0m | time [36m20.0[0ms | running loss [36m0.018984[0m | [36m4998974[0m pos/sec | total time [36m8185.8[0ms
Estimated time remaining in training: [36m0[0mh [36m12[0mm [36m50[0ms
LR dropped to [36m0.00004277675[0m
superbatch [36m394[0m [[35m0.0[0m% ([36m0[0m/[36m763[0m batches, [36m5658652[0m pos/sec)]
Estimated time to end of superbatch: [36minf[0ms     [Fsuperbatch [36m394[0m [[35m16.8[0m% ([36m128[0m/[36m763[0m batches, [36m5063527[0m pos/sec)]
Estimated time to end of superbatch: [36m16.6[0ms     [Fsuperbatch [36m394[0m [[35m33.6[0m% ([36m256[0m/[36m763[0m batches, [36m5004647[0m pos/sec)]
Estimated time to end of superbatch: [36m13.3[0ms     [Fsuperbatch [36m394[0m [[35m50.3[0m% ([36m384[0m/[36m763[0m batches, [36m4963326[0m pos/sec)]
Estimated time to end of superbatch: [36m10.0[0ms     [Fsuperbatch [36m394[0m [[35m67.1[0m% ([36m512[0m/[36m763[0m batches, [36m4981782[0m pos/sec)]
Estimated time to end of superbatch: [36m6.6[0ms     [Fsuperbatch [36m394[0m [[35m83.9[0m% ([36m640[0m/[36m763[0m batches, [36m5003577[0m pos/sec)]
Estimated time to end of superbatch: [36m3.2[0ms     [Fsuperbatch [36m394[0m | time [36m20.0[0ms | running loss [36m0.018981[0m | [36m4992470[0m pos/sec | total time [36m8205.9[0ms
Estimated time remaining in training: [36m0[0mh [36m12[0mm [36m29[0ms
LR dropped to [36m0.000041616266[0m
superbatch [36m395[0m [[35m0.0[0m% ([36m0[0m/[36m763[0m batches, [36m5632829[0m pos/sec)]
Estimated time to end of superbatch: [36minf[0ms     [Fsuperbatch [36m395[0m [[35m16.8[0m% ([36m128[0m/[36m763[0m batches, [36m4846204[0m pos/sec)]
Estimated time to end of superbatch: [36m17.3[0ms     [Fsuperbatch [36m395[0m [[35m33.6[0m% ([36m256[0m/[36m763[0m batches, [36m4970238[0m pos/sec)]
Estimated time to end of superbatch: [36m13.4[0ms     [Fsuperbatch [36m395[0m [[35m50.3[0m% ([36m384[0m/[36m763[0m batches, [36m4999939[0m pos/sec)]
Estimated time to end of superbatch: [36m10.0[0ms     [Fsuperbatch [36m395[0m [[35m67.1[0m% ([36m512[0m/[36m763[0m batches, [36m4998291[0m pos/sec)]
Estimated time to end of superbatch: [36m6.6[0ms     [Fsuperbatch [36m395[0m [[35m83.9[0m% ([36m640[0m/[36m763[0m batches, [36m4977817[0m pos/sec)]
Estimated time to end of superbatch: [36m3.2[0ms     [Fsuperbatch [36m395[0m | time [36m20.0[0ms | running loss [36m0.019038[0m | [36m4993768[0m pos/sec | total time [36m8225.9[0ms
Estimated time remaining in training: [36m0[0mh [36m12[0mm [36m8[0ms
LR dropped to [36m0.000040455838[0m
superbatch [36m396[0m [[35m0.0[0m% ([36m0[0m/[36m763[0m batches, [36m4492826[0m pos/sec)]
Estimated time to end of superbatch: [36minf[0ms     [Fsuperbatch [36m396[0m [[35m16.8[0m% ([36m128[0m/[36m763[0m batches, [36m5068626[0m pos/sec)]
Estimated time to end of superbatch: [36m16.5[0ms     [Fsuperbatch [36m396[0m [[35m33.6[0m% ([36m256[0m/[36m763[0m batches, [36m5006128[0m pos/sec)]
Estimated time to end of superbatch: [36m13.3[0ms     [Fsuperbatch [36m396[0m [[35m50.3[0m% ([36m384[0m/[36m763[0m batches, [36m4976202[0m pos/sec)]
Estimated time to end of superbatch: [36m10.0[0ms     [Fsuperbatch [36m396[0m [[35m67.1[0m% ([36m512[0m/[36m763[0m batches, [36m4999602[0m pos/sec)]
Estimated time to end of superbatch: [36m6.6[0ms     [Fsuperbatch [36m396[0m [[35m83.9[0m% ([36m640[0m/[36m763[0m batches, [36m5015204[0m pos/sec)]
Estimated time to end of superbatch: [36m3.2[0ms     [Fsuperbatch [36m396[0m | time [36m19.9[0ms | running loss [36m0.019048[0m | [36m5014288[0m pos/sec | total time [36m8245.8[0ms
Estimated time remaining in training: [36m0[0mh [36m11[0mm [36m47[0ms
LR dropped to [36m0.00003929535[0m
superbatch [36m397[0m [[35m0.0[0m% ([36m0[0m/[36m763[0m batches, [36m5510328[0m pos/sec)]
Estimated time to end of superbatch: [36minf[0ms     [Fsuperbatch [36m397[0m [[35m16.8[0m% ([36m128[0m/[36m763[0m batches, [36m4930710[0m pos/sec)]
Estimated time to end of superbatch: [36m17.0[0ms     [Fsuperbatch [36m397[0m [[35m33.6[0m% ([36m256[0m/[36m763[0m batches, [36m5039898[0m pos/sec)]
Estimated time to end of superbatch: [36m13.2[0ms     [Fsuperbatch [36m397[0m [[35m50.3[0m% ([36m384[0m/[36m763[0m batches, [36m5051228[0m pos/sec)]
Estimated time to end of superbatch: [36m9.9[0ms     [Fsuperbatch [36m397[0m [[35m67.1[0m% ([36m512[0m/[36m763[0m batches, [36m5029856[0m pos/sec)]
Estimated time to end of superbatch: [36m6.6[0ms     [Fsuperbatch [36m397[0m [[35m83.9[0m% ([36m640[0m/[36m763[0m batches, [36m5006857[0m pos/sec)]
Estimated time to end of superbatch: [36m3.2[0ms     [Fsuperbatch [36m397[0m | time [36m19.9[0ms | running loss [36m0.019080[0m | [36m5021742[0m pos/sec | total time [36m8265.8[0ms
Estimated time remaining in training: [36m0[0mh [36m11[0mm [36m27[0ms
LR dropped to [36m0.000038134895[0m
superbatch [36m398[0m [[35m0.0[0m% ([36m0[0m/[36m763[0m batches, [36m5643510[0m pos/sec)]
Estimated time to end of superbatch: [36minf[0ms     [Fsuperbatch [36m398[0m [[35m16.8[0m% ([36m128[0m/[36m763[0m batches, [36m5062320[0m pos/sec)]
Estimated time to end of superbatch: [36m16.6[0ms     [Fsuperbatch [36m398[0m [[35m33.6[0m% ([36m256[0m/[36m763[0m batches, [36m5044624[0m pos/sec)]
Estimated time to end of superbatch: [36m13.2[0ms     [Fsuperbatch [36m398[0m [[35m50.3[0m% ([36m384[0m/[36m763[0m batches, [36m4991631[0m pos/sec)]
Estimated time to end of superbatch: [36m10.0[0ms     [Fsuperbatch [36m398[0m [[35m67.1[0m% ([36m512[0m/[36m763[0m batches, [36m5024028[0m pos/sec)]
Estimated time to end of superbatch: [36m6.6[0ms     [Fsuperbatch [36m398[0m [[35m83.9[0m% ([36m640[0m/[36m763[0m batches, [36m5038236[0m pos/sec)]
Estimated time to end of superbatch: [36m3.2[0ms     [Fsuperbatch [36m398[0m | time [36m19.9[0ms | running loss [36m0.019069[0m | [36m5016072[0m pos/sec | total time [36m8285.7[0ms
Estimated time remaining in training: [36m0[0mh [36m11[0mm [36m6[0ms
LR dropped to [36m0.00003697441[0m
superbatch [36m399[0m [[35m0.0[0m% ([36m0[0m/[36m763[0m batches, [36m5228120[0m pos/sec)]
Estimated time to end of superbatch: [36minf[0ms     [Fsuperbatch [36m399[0m [[35m16.8[0m% ([36m128[0m/[36m763[0m batches, [36m4869780[0m pos/sec)]
Estimated time to end of superbatch: [36m17.2[0ms     [Fsuperbatch [36m399[0m [[35m33.6[0m% ([36m256[0m/[36m763[0m batches, [36m4954850[0m pos/sec)]
Estimated time to end of superbatch: [36m13.5[0ms     [Fsuperbatch [36m399[0m [[35m50.3[0m% ([36m384[0m/[36m763[0m batches, [36m4983632[0m pos/sec)]
Estimated time to end of superbatch: [36m10.0[0ms     [Fsuperbatch [36m399[0m [[35m67.1[0m% ([36m512[0m/[36m763[0m batches, [36m4973756[0m pos/sec)]
Estimated time to end of superbatch: [36m6.6[0ms     [Fsuperbatch [36m399[0m [[35m83.9[0m% ([36m640[0m/[36m763[0m batches, [36m4976382[0m pos/sec)]
Estimated time to end of superbatch: [36m3.2[0ms     [Fsuperbatch [36m399[0m | time [36m20.1[0ms | running loss [36m0.019173[0m | [36m4986322[0m pos/sec | total time [36m8305.8[0ms
Estimated time remaining in training: [36m0[0mh [36m10[0mm [36m45[0ms
LR dropped to [36m0.00003581395[0m
superbatch [36m400[0m [[35m0.0[0m% ([36m0[0m/[36m763[0m batches, [36m5540167[0m pos/sec)]
Estimated time to end of superbatch: [36minf[0ms     [Fsuperbatch [36m400[0m [[35m16.8[0m% ([36m128[0m/[36m763[0m batches, [36m5051358[0m pos/sec)]
Estimated time to end of superbatch: [36m16.6[0ms     [Fsuperbatch [36m400[0m [[35m33.6[0m% ([36m256[0m/[36m763[0m batches, [36m5028584[0m pos/sec)]
Estimated time to end of superbatch: [36m13.3[0ms     [Fsuperbatch [36m400[0m [[35m50.3[0m% ([36m384[0m/[36m763[0m batches, [36m4972590[0m pos/sec)]
Estimated time to end of superbatch: [36m10.0[0ms     [Fsuperbatch [36m400[0m [[35m67.1[0m% ([36m512[0m/[36m763[0m batches, [36m4989737[0m pos/sec)]
Estimated time to end of superbatch: [36m6.6[0ms     [Fsuperbatch [36m400[0m [[35m83.9[0m% ([36m640[0m/[36m763[0m batches, [36m5001540[0m pos/sec)]
Estimated time to end of superbatch: [36m3.2[0ms     [Fsuperbatch [36m400[0m | time [36m20.0[0ms | running loss [36m0.019171[0m | [36m4999282[0m pos/sec | total time [36m8325.8[0ms
Estimated time remaining in training: [36m0[0mh [36m10[0mm [36m24[0ms
Saved [anna-v3c-s1-400]
LR dropped to [36m0.000034653494[0m
superbatch [36m401[0m [[35m0.0[0m% ([36m0[0m/[36m763[0m batches, [36m4573052[0m pos/sec)]
Estimated time to end of superbatch: [36minf[0ms     [Fsuperbatch [36m401[0m [[35m16.8[0m% ([36m128[0m/[36m763[0m batches, [36m5649582[0m pos/sec)]
Estimated time to end of superbatch: [36m14.8[0ms     [Fsuperbatch [36m401[0m [[35m33.6[0m% ([36m256[0m/[36m763[0m batches, [36m5669494[0m pos/sec)]
Estimated time to end of superbatch: [36m11.8[0ms     [Fsuperbatch [36m401[0m [[35m50.3[0m% ([36m384[0m/[36m763[0m batches, [36m5649950[0m pos/sec)]
Estimated time to end of superbatch: [36m8.8[0ms     [Fsuperbatch [36m401[0m [[35m67.1[0m% ([36m512[0m/[36m763[0m batches, [36m5652893[0m pos/sec)]
Estimated time to end of superbatch: [36m5.8[0ms     [Fsuperbatch [36m401[0m [[35m83.9[0m% ([36m640[0m/[36m763[0m batches, [36m5593142[0m pos/sec)]
Estimated time to end of superbatch: [36m2.9[0ms     [Fsuperbatch [36m401[0m | time [36m18.2[0ms | running loss [36m0.019274[0m | [36m5504030[0m pos/sec | total time [36m8346.7[0ms
Estimated time remaining in training: [36m0[0mh [36m10[0mm [36m3[0ms
LR dropped to [36m0.000033493037[0m
superbatch [36m402[0m [[35m0.0[0m% ([36m0[0m/[36m763[0m batches, [36m4713480[0m pos/sec)]
Estimated time to end of superbatch: [36minf[0ms     [Fsuperbatch [36m402[0m [[35m16.8[0m% ([36m128[0m/[36m763[0m batches, [36m5066804[0m pos/sec)]
Estimated time to end of superbatch: [36m16.6[0ms     [Fsuperbatch [36m402[0m [[35m33.6[0m% ([36m256[0m/[36m763[0m batches, [36m5028073[0m pos/sec)]
Estimated time to end of superbatch: [36m13.3[0ms     [Fsuperbatch [36m402[0m [[35m50.3[0m% ([36m384[0m/[36m763[0m batches, [36m4958170[0m pos/sec)]
Estimated time to end of superbatch: [36m10.0[0ms     [Fsuperbatch [36m402[0m [[35m67.1[0m% ([36m512[0m/[36m763[0m batches, [36m4999852[0m pos/sec)]
Estimated time to end of superbatch: [36m6.6[0ms     [Fsuperbatch [36m402[0m [[35m83.9[0m% ([36m640[0m/[36m763[0m batches, [36m5009678[0m pos/sec)]
Estimated time to end of superbatch: [36m3.2[0ms     [Fsuperbatch [36m402[0m | time [36m20.0[0ms | running loss [36m0.019242[0m | [36m5002216[0m pos/sec | total time [36m8366.7[0ms
Estimated time remaining in training: [36m0[0mh [36m9[0mm [36m42[0ms
LR dropped to [36m0.00003233255[0m
superbatch [36m403[0m [[35m0.0[0m% ([36m0[0m/[36m763[0m batches, [36m4364806[0m pos/sec)]
Estimated time to end of superbatch: [36minf[0ms     [Fsuperbatch [36m403[0m [[35m16.8[0m% ([36m128[0m/[36m763[0m batches, [36m4823812[0m pos/sec)]
Estimated time to end of superbatch: [36m17.4[0ms     [Fsuperbatch [36m403[0m [[35m33.6[0m% ([36m256[0m/[36m763[0m batches, [36m4951302[0m pos/sec)]
Estimated time to end of superbatch: [36m13.5[0ms     [Fsuperbatch [36m403[0m [[35m50.3[0m% ([36m384[0m/[36m763[0m batches, [36m4980520[0m pos/sec)]
Estimated time to end of superbatch: [36m10.0[0ms     [Fsuperbatch [36m403[0m [[35m67.1[0m% ([36m512[0m/[36m763[0m batches, [36m4991581[0m pos/sec)]
Estimated time to end of superbatch: [36m6.6[0ms     [Fsuperbatch [36m403[0m [[35m83.9[0m% ([36m640[0m/[36m763[0m batches, [36m4941263[0m pos/sec)]
Estimated time to end of superbatch: [36m3.3[0ms     [Fsuperbatch [36m403[0m | time [36m20.2[0ms | running loss [36m0.019292[0m | [36m4961220[0m pos/sec | total time [36m8386.8[0ms
Estimated time remaining in training: [36m0[0mh [36m9[0mm [36m21[0ms
LR dropped to [36m0.000031172094[0m
superbatch [36m404[0m [[35m0.0[0m% ([36m0[0m/[36m763[0m batches, [36m5672833[0m pos/sec)]
Estimated time to end of superbatch: [36minf[0ms     [Fsuperbatch [36m404[0m [[35m16.8[0m% ([36m128[0m/[36m763[0m batches, [36m5099911[0m pos/sec)]
Estimated time to end of superbatch: [36m16.4[0ms     [Fsuperbatch [36m404[0m [[35m33.6[0m% ([36m256[0m/[36m763[0m batches, [36m5043100[0m pos/sec)]
Estimated time to end of superbatch: [36m13.2[0ms     [Fsuperbatch [36m404[0m [[35m50.3[0m% ([36m384[0m/[36m763[0m batches, [36m4914462[0m pos/sec)]
Estimated time to end of superbatch: [36m10.1[0ms     [Fsuperbatch [36m404[0m [[35m67.1[0m% ([36m512[0m/[36m763[0m batches, [36m4943082[0m pos/sec)]
Estimated time to end of superbatch: [36m6.7[0ms     [Fsuperbatch [36m404[0m [[35m83.9[0m% ([36m640[0m/[36m763[0m batches, [36m4959284[0m pos/sec)]
Estimated time to end of superbatch: [36m3.3[0ms     [Fsuperbatch [36m404[0m | time [36m20.2[0ms | running loss [36m0.019382[0m | [36m4961804[0m pos/sec | total time [36m8407.0[0ms
Estimated time remaining in training: [36m0[0mh [36m9[0mm [36m1[0ms
LR dropped to [36m0.000030011637[0m
superbatch [36m405[0m [[35m0.0[0m% ([36m0[0m/[36m763[0m batches, [36m5475393[0m pos/sec)]
Estimated time to end of superbatch: [36minf[0ms     [Fsuperbatch [36m405[0m [[35m16.8[0m% ([36m128[0m/[36m763[0m batches, [36m4757960[0m pos/sec)]
Estimated time to end of superbatch: [36m17.6[0ms     [Fsuperbatch [36m405[0m [[35m33.6[0m% ([36m256[0m/[36m763[0m batches, [36m4907091[0m pos/sec)]
Estimated time to end of superbatch: [36m13.6[0ms     [Fsuperbatch [36m405[0m [[35m50.3[0m% ([36m384[0m/[36m763[0m batches, [36m4948557[0m pos/sec)]
Estimated time to end of superbatch: [36m10.1[0ms     [Fsuperbatch [36m405[0m [[35m67.1[0m% ([36m512[0m/[36m763[0m batches, [36m4954024[0m pos/sec)]
Estimated time to end of superbatch: [36m6.7[0ms     [Fsuperbatch [36m405[0m [[35m83.9[0m% ([36m640[0m/[36m763[0m batches, [36m4907750[0m pos/sec)]
Estimated time to end of superbatch: [36m3.3[0ms     [Fsuperbatch [36m405[0m | time [36m20.3[0ms | running loss [36m0.019523[0m | [36m4924524[0m pos/sec | total time [36m8427.3[0ms
Estimated time remaining in training: [36m0[0mh [36m8[0mm [36m40[0ms
LR dropped to [36m0.00002885118[0m
superbatch [36m406[0m [[35m0.0[0m% ([36m0[0m/[36m763[0m batches, [36m5457224[0m pos/sec)]
Estimated time to end of superbatch: [36minf[0ms     [Fsuperbatch [36m406[0m [[35m16.8[0m% ([36m128[0m/[36m763[0m batches, [36m5087240[0m pos/sec)]
Estimated time to end of superbatch: [36m16.5[0ms     [Fsuperbatch [36m406[0m [[35m33.6[0m% ([36m256[0m/[36m763[0m batches, [36m5044805[0m pos/sec)]
Estimated time to end of superbatch: [36m13.2[0ms     [Fsuperbatch [36m406[0m [[35m50.3[0m% ([36m384[0m/[36m763[0m batches, [36m4925012[0m pos/sec)]
Estimated time to end of superbatch: [36m10.1[0ms     [Fsuperbatch [36m406[0m [[35m67.1[0m% ([36m512[0m/[36m763[0m batches, [36m4933775[0m pos/sec)]
Estimated time to end of superbatch: [36m6.7[0ms     [Fsuperbatch [36m406[0m [[35m83.9[0m% ([36m640[0m/[36m763[0m batches, [36m4964408[0m pos/sec)]
Estimated time to end of superbatch: [36m3.3[0ms     [Fsuperbatch [36m406[0m | time [36m20.1[0ms | running loss [36m0.019546[0m | [36m4974210[0m pos/sec | total time [36m8447.4[0ms
Estimated time remaining in training: [36m0[0mh [36m8[0mm [36m19[0ms
LR dropped to [36m0.000027690694[0m
superbatch [36m407[0m [[35m0.0[0m% ([36m0[0m/[36m763[0m batches, [36m5391293[0m pos/sec)]
Estimated time to end of superbatch: [36minf[0ms     [Fsuperbatch [36m407[0m [[35m16.8[0m% ([36m128[0m/[36m763[0m batches, [36m4761728[0m pos/sec)]
Estimated time to end of superbatch: [36m17.6[0ms     [Fsuperbatch [36m407[0m [[35m33.6[0m% ([36m256[0m/[36m763[0m batches, [36m4906365[0m pos/sec)]
Estimated time to end of superbatch: [36m13.6[0ms     [Fsuperbatch [36m407[0m [[35m50.3[0m% ([36m384[0m/[36m763[0m batches, [36m4959982[0m pos/sec)]
Estimated time to end of superbatch: [36m10.0[0ms     [Fsuperbatch [36m407[0m [[35m67.1[0m% ([36m512[0m/[36m763[0m batches, [36m4967570[0m pos/sec)]
Estimated time to end of superbatch: [36m6.6[0ms     [Fsuperbatch [36m407[0m [[35m83.9[0m% ([36m640[0m/[36m763[0m batches, [36m4918803[0m pos/sec)]
Estimated time to end of superbatch: [36m3.3[0ms     [Fsuperbatch [36m407[0m | time [36m20.2[0ms | running loss [36m0.019627[0m | [36m4943119[0m pos/sec | total time [36m8467.6[0ms
Estimated time remaining in training: [36m0[0mh [36m7[0mm [36m58[0ms
LR dropped to [36m0.000026530237[0m
superbatch [36m408[0m [[35m0.0[0m% ([36m0[0m/[36m763[0m batches, [36m4663832[0m pos/sec)]
Estimated time to end of superbatch: [36minf[0ms     [Fsuperbatch [36m408[0m [[35m16.8[0m% ([36m128[0m/[36m763[0m batches, [36m5071409[0m pos/sec)]
Estimated time to end of superbatch: [36m16.5[0ms     [Fsuperbatch [36m408[0m [[35m33.6[0m% ([36m256[0m/[36m763[0m batches, [36m5039088[0m pos/sec)]
Estimated time to end of superbatch: [36m13.2[0ms     [Fsuperbatch [36m408[0m [[35m50.3[0m% ([36m384[0m/[36m763[0m batches, [36m4979974[0m pos/sec)]
Estimated time to end of superbatch: [36m10.0[0ms     [Fsuperbatch [36m408[0m [[35m67.1[0m% ([36m512[0m/[36m763[0m batches, [36m4990137[0m pos/sec)]
Estimated time to end of superbatch: [36m6.6[0ms     [Fsuperbatch [36m408[0m [[35m83.9[0m% ([36m640[0m/[36m763[0m batches, [36m5001441[0m pos/sec)]
Estimated time to end of superbatch: [36m3.2[0ms     [Fsuperbatch [36m408[0m | time [36m20.0[0ms | running loss [36m0.019598[0m | [36m5011571[0m pos/sec | total time [36m8487.6[0ms
Estimated time remaining in training: [36m0[0mh [36m7[0mm [36m37[0ms
LR dropped to [36m0.00002536975[0m
superbatch [36m409[0m [[35m0.0[0m% ([36m0[0m/[36m763[0m batches, [36m5381860[0m pos/sec)]
Estimated time to end of superbatch: [36minf[0ms     [Fsuperbatch [36m409[0m [[35m16.8[0m% ([36m128[0m/[36m763[0m batches, [36m4827806[0m pos/sec)]
Estimated time to end of superbatch: [36m17.4[0ms     [Fsuperbatch [36m409[0m [[35m33.6[0m% ([36m256[0m/[36m763[0m batches, [36m4867072[0m pos/sec)]
Estimated time to end of superbatch: [36m13.7[0ms     [Fsuperbatch [36m409[0m [[35m50.3[0m% ([36m384[0m/[36m763[0m batches, [36m4942768[0m pos/sec)]
Estimated time to end of superbatch: [36m10.1[0ms     [Fsuperbatch [36m409[0m [[35m67.1[0m% ([36m512[0m/[36m763[0m batches, [36m4944856[0m pos/sec)]
Estimated time to end of superbatch: [36m6.7[0ms     [Fsuperbatch [36m409[0m [[35m83.9[0m% ([36m640[0m/[36m763[0m batches, [36m4828298[0m pos/sec)]
Estimated time to end of superbatch: [36m3.3[0ms     [Fsuperbatch [36m409[0m | time [36m20.6[0ms | running loss [36m0.019685[0m | [36m4845483[0m pos/sec | total time [36m8508.2[0ms
Estimated time remaining in training: [36m0[0mh [36m7[0mm [36m16[0ms
LR dropped to [36m0.000024209323[0m
superbatch [36m410[0m [[35m0.0[0m% ([36m0[0m/[36m763[0m batches, [36m4749832[0m pos/sec)]
Estimated time to end of superbatch: [36minf[0ms     [Fsuperbatch [36m410[0m [[35m16.8[0m% ([36m128[0m/[36m763[0m batches, [36m5027354[0m pos/sec)]
Estimated time to end of superbatch: [36m16.7[0ms     [Fsuperbatch [36m410[0m [[35m33.6[0m% ([36m256[0m/[36m763[0m batches, [36m5078091[0m pos/sec)]
Estimated time to end of superbatch: [36m13.1[0ms     [Fsuperbatch [36m410[0m [[35m50.3[0m% ([36m384[0m/[36m763[0m batches, [36m4935288[0m pos/sec)]
Estimated time to end of superbatch: [36m10.1[0ms     [Fsuperbatch [36m410[0m [[35m67.1[0m% ([36m512[0m/[36m763[0m batches, [36m4900018[0m pos/sec)]
Estimated time to end of superbatch: [36m6.7[0ms     [Fsuperbatch [36m410[0m [[35m83.9[0m% ([36m640[0m/[36m763[0m batches, [36m4935018[0m pos/sec)]
Estimated time to end of superbatch: [36m3.3[0ms     [Fsuperbatch [36m410[0m | time [36m20.2[0ms | running loss [36m0.019695[0m | [36m4948400[0m pos/sec | total time [36m8528.4[0ms
Estimated time remaining in training: [36m0[0mh [36m6[0mm [36m56[0ms
Saved [anna-v3c-s1-410]
LR dropped to [36m0.000023048837[0m
superbatch [36m411[0m [[35m0.0[0m% ([36m0[0m/[36m763[0m batches, [36m5078114[0m pos/sec)]
Estimated time to end of superbatch: [36minf[0ms     [Fsuperbatch [36m411[0m [[35m16.8[0m% ([36m128[0m/[36m763[0m batches, [36m5443050[0m pos/sec)]
Estimated time to end of superbatch: [36m15.4[0ms     [Fsuperbatch [36m411[0m [[35m33.6[0m% ([36m256[0m/[36m763[0m batches, [36m5568356[0m pos/sec)]
Estimated time to end of superbatch: [36m12.0[0ms     [Fsuperbatch [36m411[0m [[35m50.3[0m% ([36m384[0m/[36m763[0m batches, [36m5608560[0m pos/sec)]
Estimated time to end of superbatch: [36m8.9[0ms     [Fsuperbatch [36m411[0m [[35m67.1[0m% ([36m512[0m/[36m763[0m batches, [36m5628340[0m pos/sec)]
Estimated time to end of superbatch: [36m5.9[0ms     [Fsuperbatch [36m411[0m [[35m83.9[0m% ([36m640[0m/[36m763[0m batches, [36m5537148[0m pos/sec)]
Estimated time to end of superbatch: [36m2.9[0ms     [Fsuperbatch [36m411[0m | time [36m18.4[0ms | running loss [36m0.019774[0m | [36m5428789[0m pos/sec | total time [36m8549.5[0ms
Estimated time remaining in training: [36m0[0mh [36m6[0mm [36m35[0ms
LR dropped to [36m0.00002188838[0m
superbatch [36m412[0m [[35m0.0[0m% ([36m0[0m/[36m763[0m batches, [36m5458956[0m pos/sec)]
Estimated time to end of superbatch: [36minf[0ms     [Fsuperbatch [36m412[0m [[35m16.8[0m% ([36m128[0m/[36m763[0m batches, [36m5131062[0m pos/sec)]
Estimated time to end of superbatch: [36m16.3[0ms     [Fsuperbatch [36m412[0m [[35m33.6[0m% ([36m256[0m/[36m763[0m batches, [36m5108846[0m pos/sec)]
Estimated time to end of superbatch: [36m13.1[0ms     [Fsuperbatch [36m412[0m [[35m50.3[0m% ([36m384[0m/[36m763[0m batches, [36m4985006[0m pos/sec)]
Estimated time to end of superbatch: [36m10.0[0ms     [Fsuperbatch [36m412[0m [[35m67.1[0m% ([36m512[0m/[36m763[0m batches, [36m4964904[0m pos/sec)]
Estimated time to end of superbatch: [36m6.6[0ms     [Fsuperbatch [36m412[0m [[35m83.9[0m% ([36m640[0m/[36m763[0m batches, [36m4977754[0m pos/sec)]
Estimated time to end of superbatch: [36m3.2[0ms     [Fsuperbatch [36m412[0m | time [36m20.0[0ms | running loss [36m0.019703[0m | [36m4996524[0m pos/sec | total time [36m8569.5[0ms
Estimated time remaining in training: [36m0[0mh [36m6[0mm [36m14[0ms
LR dropped to [36m0.000020727894[0m
superbatch [36m413[0m [[35m0.0[0m% ([36m0[0m/[36m763[0m batches, [36m5608860[0m pos/sec)]
Estimated time to end of superbatch: [36minf[0ms     [Fsuperbatch [36m413[0m [[35m16.8[0m% ([36m128[0m/[36m763[0m batches, [36m4704801[0m pos/sec)]
Estimated time to end of superbatch: [36m17.8[0ms     [Fsuperbatch [36m413[0m [[35m33.6[0m% ([36m256[0m/[36m763[0m batches, [36m4810949[0m pos/sec)]
Estimated time to end of superbatch: [36m13.9[0ms     [Fsuperbatch [36m413[0m [[35m50.3[0m% ([36m384[0m/[36m763[0m batches, [36m4907364[0m pos/sec)]
Estimated time to end of superbatch: [36m10.1[0ms     [Fsuperbatch [36m413[0m [[35m67.1[0m% ([36m512[0m/[36m763[0m batches, [36m4949575[0m pos/sec)]
Estimated time to end of superbatch: [36m6.7[0ms     [Fsuperbatch [36m413[0m [[35m83.9[0m% ([36m640[0m/[36m763[0m batches, [36m4904548[0m pos/sec)]
Estimated time to end of superbatch: [36m3.3[0ms     [Fsuperbatch [36m413[0m | time [36m20.4[0ms | running loss [36m0.019803[0m | [36m4895328[0m pos/sec | total time [36m8589.9[0ms
Estimated time remaining in training: [36m0[0mh [36m5[0mm [36m53[0ms
LR dropped to [36m0.000019567466[0m
superbatch [36m414[0m [[35m0.0[0m% ([36m0[0m/[36m763[0m batches, [36m5439812[0m pos/sec)]
Estimated time to end of superbatch: [36minf[0ms     [Fsuperbatch [36m414[0m [[35m16.8[0m% ([36m128[0m/[36m763[0m batches, [36m5034561[0m pos/sec)]
Estimated time to end of superbatch: [36m16.7[0ms     [Fsuperbatch [36m414[0m [[35m33.6[0m% ([36m256[0m/[36m763[0m batches, [36m5063199[0m pos/sec)]
Estimated time to end of superbatch: [36m13.2[0ms     [Fsuperbatch [36m414[0m [[35m50.3[0m% ([36m384[0m/[36m763[0m batches, [36m4973346[0m pos/sec)]
Estimated time to end of superbatch: [36m10.0[0ms     [Fsuperbatch [36m414[0m [[35m67.1[0m% ([36m512[0m/[36m763[0m batches, [36m4944511[0m pos/sec)]
Estimated time to end of superbatch: [36m6.7[0ms     [Fsuperbatch [36m414[0m [[35m83.9[0m% ([36m640[0m/[36m763[0m batches, [36m4970868[0m pos/sec)]
Estimated time to end of superbatch: [36m3.2[0ms     [Fsuperbatch [36m414[0m | time [36m20.1[0ms | running loss [36m0.019767[0m | [36m4986946[0m pos/sec | total time [36m8610.0[0ms
Estimated time remaining in training: [36m0[0mh [36m5[0mm [36m32[0ms
LR dropped to [36m0.00001840698[0m
superbatch [36m415[0m [[35m0.0[0m% ([36m0[0m/[36m763[0m batches, [36m4672610[0m pos/sec)]
Estimated time to end of superbatch: [36minf[0ms     [Fsuperbatch [36m415[0m [[35m16.8[0m% ([36m128[0m/[36m763[0m batches, [36m4748384[0m pos/sec)]
Estimated time to end of superbatch: [36m17.7[0ms     [Fsuperbatch [36m415[0m [[35m33.6[0m% ([36m256[0m/[36m763[0m batches, [36m4835697[0m pos/sec)]
Estimated time to end of superbatch: [36m13.8[0ms     [Fsuperbatch [36m415[0m [[35m50.3[0m% ([36m384[0m/[36m763[0m batches, [36m4904988[0m pos/sec)]
Estimated time to end of superbatch: [36m10.2[0ms     [Fsuperbatch [36m415[0m [[35m67.1[0m% ([36m512[0m/[36m763[0m batches, [36m4945226[0m pos/sec)]
Estimated time to end of superbatch: [36m6.7[0ms     [Fsuperbatch [36m415[0m [[35m83.9[0m% ([36m640[0m/[36m763[0m batches, [36m4922848[0m pos/sec)]
Estimated time to end of superbatch: [36m3.3[0ms     [Fsuperbatch [36m415[0m | time [36m20.3[0ms | running loss [36m0.019839[0m | [36m4926145[0m pos/sec | total time [36m8630.3[0ms
Estimated time remaining in training: [36m0[0mh [36m5[0mm [36m11[0ms
LR dropped to [36m0.000017246522[0m
superbatch [36m416[0m [[35m0.0[0m% ([36m0[0m/[36m763[0m batches, [36m5425104[0m pos/sec)]
Estimated time to end of superbatch: [36minf[0ms     [Fsuperbatch [36m416[0m [[35m16.8[0m% ([36m128[0m/[36m763[0m batches, [36m5056098[0m pos/sec)]
Estimated time to end of superbatch: [36m16.6[0ms     [Fsuperbatch [36m416[0m [[35m33.6[0m% ([36m256[0m/[36m763[0m batches, [36m5054679[0m pos/sec)]
Estimated time to end of superbatch: [36m13.2[0ms     [Fsuperbatch [36m416[0m [[35m50.3[0m% ([36m384[0m/[36m763[0m batches, [36m4948116[0m pos/sec)]
Estimated time to end of superbatch: [36m10.1[0ms     [Fsuperbatch [36m416[0m [[35m67.1[0m% ([36m512[0m/[36m763[0m batches, [36m4911634[0m pos/sec)]
Estimated time to end of superbatch: [36m6.7[0ms     [Fsuperbatch [36m416[0m [[35m83.9[0m% ([36m640[0m/[36m763[0m batches, [36m4946156[0m pos/sec)]
Estimated time to end of superbatch: [36m3.3[0ms     [Fsuperbatch [36m416[0m | time [36m20.1[0ms | running loss [36m0.019833[0m | [36m4964258[0m pos/sec | total time [36m8650.4[0ms
Estimated time remaining in training: [36m0[0mh [36m4[0mm [36m51[0ms
LR dropped to [36m0.000016086036[0m
superbatch [36m417[0m [[35m0.0[0m% ([36m0[0m/[36m763[0m batches, [36m4294800[0m pos/sec)]
Estimated time to end of superbatch: [36minf[0ms     [Fsuperbatch [36m417[0m [[35m16.8[0m% ([36m128[0m/[36m763[0m batches, [36m4828454[0m pos/sec)]
Estimated time to end of superbatch: [36m17.4[0ms     [Fsuperbatch [36m417[0m [[35m33.6[0m% ([36m256[0m/[36m763[0m batches, [36m4830688[0m pos/sec)]
Estimated time to end of superbatch: [36m13.8[0ms     [Fsuperbatch [36m417[0m [[35m50.3[0m% ([36m384[0m/[36m763[0m batches, [36m4910252[0m pos/sec)]
Estimated time to end of superbatch: [36m10.1[0ms     [Fsuperbatch [36m417[0m [[35m67.1[0m% ([36m512[0m/[36m763[0m batches, [36m4940978[0m pos/sec)]
Estimated time to end of superbatch: [36m6.7[0ms     [Fsuperbatch [36m417[0m [[35m83.9[0m% ([36m640[0m/[36m763[0m batches, [36m4911911[0m pos/sec)]
Estimated time to end of superbatch: [36m3.3[0ms     [Fsuperbatch [36m417[0m | time [36m20.4[0ms | running loss [36m0.019921[0m | [36m4900946[0m pos/sec | total time [36m8670.8[0ms
Estimated time remaining in training: [36m0[0mh [36m4[0mm [36m30[0ms
LR dropped to [36m0.000014925579[0m
superbatch [36m418[0m [[35m0.0[0m% ([36m0[0m/[36m763[0m batches, [36m4613740[0m pos/sec)]
Estimated time to end of superbatch: [36minf[0ms     [Fsuperbatch [36m418[0m [[35m16.8[0m% ([36m128[0m/[36m763[0m batches, [36m5042698[0m pos/sec)]
Estimated time to end of superbatch: [36m16.6[0ms     [Fsuperbatch [36m418[0m [[35m33.6[0m% ([36m256[0m/[36m763[0m batches, [36m5054708[0m pos/sec)]
Estimated time to end of superbatch: [36m13.2[0ms     [Fsuperbatch [36m418[0m [[35m50.3[0m% ([36m384[0m/[36m763[0m batches, [36m4978940[0m pos/sec)]
Estimated time to end of superbatch: [36m10.0[0ms     [Fsuperbatch [36m418[0m [[35m67.1[0m% ([36m512[0m/[36m763[0m batches, [36m4939468[0m pos/sec)]
Estimated time to end of superbatch: [36m6.7[0ms     [Fsuperbatch [36m418[0m [[35m83.9[0m% ([36m640[0m/[36m763[0m batches, [36m4969124[0m pos/sec)]
Estimated time to end of superbatch: [36m3.2[0ms     [Fsuperbatch [36m418[0m | time [36m20.0[0ms | running loss [36m0.019917[0m | [36m4988086[0m pos/sec | total time [36m8690.9[0ms
Estimated time remaining in training: [36m0[0mh [36m4[0mm [36m9[0ms
LR dropped to [36m0.000013765122[0m
superbatch [36m419[0m [[35m0.0[0m% ([36m0[0m/[36m763[0m batches, [36m5527784[0m pos/sec)]
Estimated time to end of superbatch: [36minf[0ms     [Fsuperbatch [36m419[0m [[35m16.8[0m% ([36m128[0m/[36m763[0m batches, [36m4829216[0m pos/sec)]
Estimated time to end of superbatch: [36m17.4[0ms     [Fsuperbatch [36m419[0m [[35m33.6[0m% ([36m256[0m/[36m763[0m batches, [36m4892876[0m pos/sec)]
Estimated time to end of superbatch: [36m13.6[0ms     [Fsuperbatch [36m419[0m [[35m50.3[0m% ([36m384[0m/[36m763[0m batches, [36m4950988[0m pos/sec)]
Estimated time to end of superbatch: [36m10.1[0ms     [Fsuperbatch [36m419[0m [[35m67.1[0m% ([36m512[0m/[36m763[0m batches, [36m4969096[0m pos/sec)]
Estimated time to end of superbatch: [36m6.6[0ms     [Fsuperbatch [36m419[0m [[35m83.9[0m% ([36m640[0m/[36m763[0m batches, [36m4961602[0m pos/sec)]
Estimated time to end of superbatch: [36m3.3[0ms     [Fsuperbatch [36m419[0m | time [36m20.2[0ms | running loss [36m0.020009[0m | [36m4946166[0m pos/sec | total time [36m8711.1[0ms
Estimated time remaining in training: [36m0[0mh [36m3[0mm [36m48[0ms
LR dropped to [36m0.000012604665[0m
superbatch [36m420[0m [[35m0.0[0m% ([36m0[0m/[36m763[0m batches, [36m5564498[0m pos/sec)]
Estimated time to end of superbatch: [36minf[0ms     [Fsuperbatch [36m420[0m [[35m16.8[0m% ([36m128[0m/[36m763[0m batches, [36m5119160[0m pos/sec)]
Estimated time to end of superbatch: [36m16.4[0ms     [Fsuperbatch [36m420[0m [[35m33.6[0m% ([36m256[0m/[36m763[0m batches, [36m5111798[0m pos/sec)]
Estimated time to end of superbatch: [36m13.1[0ms     [Fsuperbatch [36m420[0m [[35m50.3[0m% ([36m384[0m/[36m763[0m batches, [36m5028844[0m pos/sec)]
Estimated time to end of superbatch: [36m9.9[0ms     [Fsuperbatch [36m420[0m [[35m67.1[0m% ([36m512[0m/[36m763[0m batches, [36m4970164[0m pos/sec)]
Estimated time to end of superbatch: [36m6.6[0ms     [Fsuperbatch [36m420[0m [[35m83.9[0m% ([36m640[0m/[36m763[0m batches, [36m4988910[0m pos/sec)]
Estimated time to end of superbatch: [36m3.2[0ms     [Fsuperbatch [36m420[0m | time [36m20.0[0ms | running loss [36m0.020000[0m | [36m4992442[0m pos/sec | total time [36m8731.1[0ms
Estimated time remaining in training: [36m0[0mh [36m3[0mm [36m27[0ms
Saved [anna-v3c-s1-420]
LR dropped to [36m0.000011444208[0m
superbatch [36m421[0m [[35m0.0[0m% ([36m0[0m/[36m763[0m batches, [36m5625477[0m pos/sec)]
Estimated time to end of superbatch: [36minf[0ms     [Fsuperbatch [36m421[0m [[35m16.8[0m% ([36m128[0m/[36m763[0m batches, [36m5432426[0m pos/sec)]
Estimated time to end of superbatch: [36m15.4[0ms     [Fsuperbatch [36m421[0m [[35m33.6[0m% ([36m256[0m/[36m763[0m batches, [36m5149942[0m pos/sec)]
Estimated time to end of superbatch: [36m13.0[0ms     [Fsuperbatch [36m421[0m [[35m50.3[0m% ([36m384[0m/[36m763[0m batches, [36m5117644[0m pos/sec)]
Estimated time to end of superbatch: [36m9.7[0ms     [Fsuperbatch [36m421[0m [[35m67.1[0m% ([36m512[0m/[36m763[0m batches, [36m5110525[0m pos/sec)]
Estimated time to end of superbatch: [36m6.5[0ms     [Fsuperbatch [36m421[0m [[35m83.9[0m% ([36m640[0m/[36m763[0m batches, [36m5049546[0m pos/sec)]
Estimated time to end of superbatch: [36m3.2[0ms     [Fsuperbatch [36m421[0m | time [36m19.9[0ms | running loss [36m0.020055[0m | [36m5020003[0m pos/sec | total time [36m8753.6[0ms
Estimated time remaining in training: [36m0[0mh [36m3[0mm [36m7[0ms
LR dropped to [36m0.000010283722[0m
superbatch [36m422[0m [[35m0.0[0m% ([36m0[0m/[36m763[0m batches, [36m5591176[0m pos/sec)]
Estimated time to end of superbatch: [36minf[0ms     [Fsuperbatch [36m422[0m [[35m16.8[0m% ([36m128[0m/[36m763[0m batches, [36m5102541[0m pos/sec)]
Estimated time to end of superbatch: [36m16.4[0ms     [Fsuperbatch [36m422[0m [[35m33.6[0m% ([36m256[0m/[36m763[0m batches, [36m5098121[0m pos/sec)]
Estimated time to end of superbatch: [36m13.1[0ms     [Fsuperbatch [36m422[0m [[35m50.3[0m% ([36m384[0m/[36m763[0m batches, [36m5012808[0m pos/sec)]
Estimated time to end of superbatch: [36m9.9[0ms     [Fsuperbatch [36m422[0m [[35m67.1[0m% ([36m512[0m/[36m763[0m batches, [36m4962406[0m pos/sec)]
Estimated time to end of superbatch: [36m6.6[0ms     [Fsuperbatch [36m422[0m [[35m83.9[0m% ([36m640[0m/[36m763[0m batches, [36m4978404[0m pos/sec)]
Estimated time to end of superbatch: [36m3.2[0ms     [Fsuperbatch [36m422[0m | time [36m20.0[0ms | running loss [36m0.020088[0m | [36m5006674[0m pos/sec | total time [36m8773.5[0ms
Estimated time remaining in training: [36m0[0mh [36m2[0mm [36m46[0ms
LR dropped to [36m0.000009123236[0m
superbatch [36m423[0m [[35m0.0[0m% ([36m0[0m/[36m763[0m batches, [36m4190706[0m pos/sec)]
Estimated time to end of superbatch: [36minf[0ms     [Fsuperbatch [36m423[0m [[35m16.8[0m% ([36m128[0m/[36m763[0m batches, [36m4885198[0m pos/sec)]
Estimated time to end of superbatch: [36m17.2[0ms     [Fsuperbatch [36m423[0m [[35m33.6[0m% ([36m256[0m/[36m763[0m batches, [36m4862078[0m pos/sec)]
Estimated time to end of superbatch: [36m13.7[0ms     [Fsuperbatch [36m423[0m [[35m50.3[0m% ([36m384[0m/[36m763[0m batches, [36m4917794[0m pos/sec)]
Estimated time to end of superbatch: [36m10.1[0ms     [Fsuperbatch [36m423[0m [[35m67.1[0m% ([36m512[0m/[36m763[0m batches, [36m4962445[0m pos/sec)]
Estimated time to end of superbatch: [36m6.6[0ms     [Fsuperbatch [36m423[0m [[35m83.9[0m% ([36m640[0m/[36m763[0m batches, [36m4943987[0m pos/sec)]
Estimated time to end of superbatch: [36m3.3[0ms     [Fsuperbatch [36m423[0m | time [36m20.3[0ms | running loss [36m0.020160[0m | [36m4938368[0m pos/sec | total time [36m8793.8[0ms
Estimated time remaining in training: [36m0[0mh [36m2[0mm [36m25[0ms
LR dropped to [36m0.000007962808[0m
superbatch [36m424[0m [[35m0.0[0m% ([36m0[0m/[36m763[0m batches, [36m5392541[0m pos/sec)]
Estimated time to end of superbatch: [36minf[0ms     [Fsuperbatch [36m424[0m [[35m16.8[0m% ([36m128[0m/[36m763[0m batches, [36m5064785[0m pos/sec)]
Estimated time to end of superbatch: [36m16.6[0ms     [Fsuperbatch [36m424[0m [[35m33.6[0m% ([36m256[0m/[36m763[0m batches, [36m5082669[0m pos/sec)]
Estimated time to end of superbatch: [36m13.1[0ms     [Fsuperbatch [36m424[0m [[35m50.3[0m% ([36m384[0m/[36m763[0m batches, [36m5048487[0m pos/sec)]
Estimated time to end of superbatch: [36m9.9[0ms     [Fsuperbatch [36m424[0m [[35m67.1[0m% ([36m512[0m/[36m763[0m batches, [36m5009277[0m pos/sec)]
Estimated time to end of superbatch: [36m6.6[0ms     [Fsuperbatch [36m424[0m [[35m83.9[0m% ([36m640[0m/[36m763[0m batches, [36m5034315[0m pos/sec)]
Estimated time to end of superbatch: [36m3.2[0ms     [Fsuperbatch [36m424[0m | time [36m19.8[0ms | running loss [36m0.020163[0m | [36m5039299[0m pos/sec | total time [36m8813.6[0ms
Estimated time remaining in training: [36m0[0mh [36m2[0mm [36m4[0ms
LR dropped to [36m0.000006802322[0m
superbatch [36m425[0m [[35m0.0[0m% ([36m0[0m/[36m763[0m batches, [36m4722357[0m pos/sec)]
Estimated time to end of superbatch: [36minf[0ms     [Fsuperbatch [36m425[0m [[35m16.8[0m% ([36m128[0m/[36m763[0m batches, [36m5042056[0m pos/sec)]
Estimated time to end of superbatch: [36m16.6[0ms     [Fsuperbatch [36m425[0m [[35m33.6[0m% ([36m256[0m/[36m763[0m batches, [36m4958732[0m pos/sec)]
Estimated time to end of superbatch: [36m13.5[0ms     [Fsuperbatch [36m425[0m [[35m50.3[0m% ([36m384[0m/[36m763[0m batches, [36m4995694[0m pos/sec)]
Estimated time to end of superbatch: [36m10.0[0ms     [Fsuperbatch [36m425[0m [[35m67.1[0m% ([36m512[0m/[36m763[0m batches, [36m5010749[0m pos/sec)]
Estimated time to end of superbatch: [36m6.6[0ms     [Fsuperbatch [36m425[0m [[35m83.9[0m% ([36m640[0m/[36m763[0m batches, [36m5002896[0m pos/sec)]
Estimated time to end of superbatch: [36m3.2[0ms     [Fsuperbatch [36m425[0m | time [36m20.0[0ms | running loss [36m0.020212[0m | [36m5001536[0m pos/sec | total time [36m8833.6[0ms
Estimated time remaining in training: [36m0[0mh [36m1[0mm [36m43[0ms
LR dropped to [36m0.0000056418357[0m
superbatch [36m426[0m [[35m0.0[0m% ([36m0[0m/[36m763[0m batches, [36m4116592[0m pos/sec)]
Estimated time to end of superbatch: [36minf[0ms     [Fsuperbatch [36m426[0m [[35m16.8[0m% ([36m128[0m/[36m763[0m batches, [36m5066988[0m pos/sec)]
Estimated time to end of superbatch: [36m16.6[0ms     [Fsuperbatch [36m426[0m [[35m33.6[0m% ([36m256[0m/[36m763[0m batches, [36m5076011[0m pos/sec)]
Estimated time to end of superbatch: [36m13.1[0ms     [Fsuperbatch [36m426[0m [[35m50.3[0m% ([36m384[0m/[36m763[0m batches, [36m5039716[0m pos/sec)]
Estimated time to end of superbatch: [36m9.9[0ms     [Fsuperbatch [36m426[0m [[35m67.1[0m% ([36m512[0m/[36m763[0m batches, [36m5008034[0m pos/sec)]
Estimated time to end of superbatch: [36m6.6[0ms     [Fsuperbatch [36m426[0m [[35m83.9[0m% ([36m640[0m/[36m763[0m batches, [36m5015228[0m pos/sec)]
Estimated time to end of superbatch: [36m3.2[0ms     [Fsuperbatch [36m426[0m | time [36m19.9[0ms | running loss [36m0.020269[0m | [36m5031717[0m pos/sec | total time [36m8853.5[0ms
Estimated time remaining in training: [36m0[0mh [36m1[0mm [36m23[0ms
LR dropped to [36m0.000004481408[0m
superbatch [36m427[0m [[35m0.0[0m% ([36m0[0m/[36m763[0m batches, [36m5546780[0m pos/sec)]
Estimated time to end of superbatch: [36minf[0ms     [Fsuperbatch [36m427[0m [[35m16.8[0m% ([36m128[0m/[36m763[0m batches, [36m5000762[0m pos/sec)]
Estimated time to end of superbatch: [36m16.8[0ms     [Fsuperbatch [36m427[0m [[35m33.6[0m% ([36m256[0m/[36m763[0m batches, [36m4948594[0m pos/sec)]
Estimated time to end of superbatch: [36m13.5[0ms     [Fsuperbatch [36m427[0m [[35m50.3[0m% ([36m384[0m/[36m763[0m batches, [36m4985627[0m pos/sec)]
Estimated time to end of superbatch: [36m10.0[0ms     [Fsuperbatch [36m427[0m [[35m67.1[0m% ([36m512[0m/[36m763[0m batches, [36m5019378[0m pos/sec)]
Estimated time to end of superbatch: [36m6.6[0ms     [Fsuperbatch [36m427[0m [[35m83.9[0m% ([36m640[0m/[36m763[0m batches, [36m5020064[0m pos/sec)]
Estimated time to end of superbatch: [36m3.2[0ms     [Fsuperbatch [36m427[0m | time [36m20.0[0ms | running loss [36m0.020306[0m | [36m5009310[0m pos/sec | total time [36m8873.5[0ms
Estimated time remaining in training: [36m0[0mh [36m1[0mm [36m2[0ms
LR dropped to [36m0.0000033209799[0m
superbatch [36m428[0m [[35m0.0[0m% ([36m0[0m/[36m763[0m batches, [36m3970611[0m pos/sec)]
Estimated time to end of superbatch: [36minf[0ms     [Fsuperbatch [36m428[0m [[35m16.8[0m% ([36m128[0m/[36m763[0m batches, [36m5060764[0m pos/sec)]
Estimated time to end of superbatch: [36m16.6[0ms     [Fsuperbatch [36m428[0m [[35m33.6[0m% ([36m256[0m/[36m763[0m batches, [36m5086372[0m pos/sec)]
Estimated time to end of superbatch: [36m13.1[0ms     [Fsuperbatch [36m428[0m [[35m50.3[0m% ([36m384[0m/[36m763[0m batches, [36m5062824[0m pos/sec)]
Estimated time to end of superbatch: [36m9.8[0ms     [Fsuperbatch [36m428[0m [[35m67.1[0m% ([36m512[0m/[36m763[0m batches, [36m5022871[0m pos/sec)]
Estimated time to end of superbatch: [36m6.6[0ms     [Fsuperbatch [36m428[0m [[35m83.9[0m% ([36m640[0m/[36m763[0m batches, [36m5017878[0m pos/sec)]
Estimated time to end of superbatch: [36m3.2[0ms     [Fsuperbatch [36m428[0m | time [36m19.9[0ms | running loss [36m0.020346[0m | [36m5025882[0m pos/sec | total time [36m8893.4[0ms
Estimated time remaining in training: [36m0[0mh [36m0[0mm [36m41[0ms
LR dropped to [36m0.0000021604938[0m
superbatch [36m429[0m [[35m0.0[0m% ([36m0[0m/[36m763[0m batches, [36m4187799[0m pos/sec)]
Estimated time to end of superbatch: [36minf[0ms     [Fsuperbatch [36m429[0m [[35m16.8[0m% ([36m128[0m/[36m763[0m batches, [36m4973583[0m pos/sec)]
Estimated time to end of superbatch: [36m16.9[0ms     [Fsuperbatch [36m429[0m [[35m33.6[0m% ([36m256[0m/[36m763[0m batches, [36m4960686[0m pos/sec)]
Estimated time to end of superbatch: [36m13.4[0ms     [Fsuperbatch [36m429[0m [[35m50.3[0m% ([36m384[0m/[36m763[0m batches, [36m4991142[0m pos/sec)]
Estimated time to end of superbatch: [36m10.0[0ms     [Fsuperbatch [36m429[0m [[35m67.1[0m% ([36m512[0m/[36m763[0m batches, [36m5012638[0m pos/sec)]
Estimated time to end of superbatch: [36m6.6[0ms     [Fsuperbatch [36m429[0m [[35m83.9[0m% ([36m640[0m/[36m763[0m batches, [36m5014438[0m pos/sec)]
Estimated time to end of superbatch: [36m3.2[0ms     [Fsuperbatch [36m429[0m | time [36m20.0[0ms | running loss [36m0.020378[0m | [36m4989458[0m pos/sec | total time [36m8913.4[0ms
Estimated time remaining in training: [36m0[0mh [36m0[0mm [36m20[0ms
LR dropped to [36m0.000001[0m
superbatch [36m430[0m [[35m0.0[0m% ([36m0[0m/[36m763[0m batches, [36m5145358[0m pos/sec)]
Estimated time to end of superbatch: [36minf[0ms     [Fsuperbatch [36m430[0m [[35m16.8[0m% ([36m128[0m/[36m763[0m batches, [36m5069911[0m pos/sec)]
Estimated time to end of superbatch: [36m16.5[0ms     [Fsuperbatch [36m430[0m [[35m33.6[0m% ([36m256[0m/[36m763[0m batches, [36m5055226[0m pos/sec)]
Estimated time to end of superbatch: [36m13.2[0ms     [Fsuperbatch [36m430[0m [[35m50.3[0m% ([36m384[0m/[36m763[0m batches, [36m5043486[0m pos/sec)]
Estimated time to end of superbatch: [36m9.9[0ms     [Fsuperbatch [36m430[0m [[35m67.1[0m% ([36m512[0m/[36m763[0m batches, [36m5016302[0m pos/sec)]
Estimated time to end of superbatch: [36m6.6[0ms     [Fsuperbatch [36m430[0m [[35m83.9[0m% ([36m640[0m/[36m763[0m batches, [36m5017904[0m pos/sec)]
Estimated time to end of superbatch: [36m3.2[0ms     [Fsuperbatch [36m430[0m | time [36m19.9[0ms | running loss [36m0.020464[0m | [36m5019898[0m pos/sec | total time [36m8933.3[0ms
Estimated time remaining in training: [36m0[0mh [36m0[0mm [36m0[0ms
Saved [anna-v3c-s1-430]
Total Training Time: [36m2[0mh [36m28[0mm [36m57[0ms
[34;1mTraining on NVIDIA L40S (sm_89)[0m
superbatch [36m1[0m [[35m0.0[0m% ([36m0[0m/[36m763[0m batches, [36m5649568[0m pos/sec)]
Estimated time to end of superbatch: [36minf[0ms     [Fsuperbatch [36m1[0m [[35m16.8[0m% ([36m128[0m/[36m763[0m batches, [36m4895537[0m pos/sec)]
Estimated time to end of superbatch: [36m17.1[0ms     [Fsuperbatch [36m1[0m [[35m33.6[0m% ([36m256[0m/[36m763[0m batches, [36m5194760[0m pos/sec)]
Estimated time to end of superbatch: [36m12.8[0ms     [Fsuperbatch [36m1[0m [[35m50.3[0m% ([36m384[0m/[36m763[0m batches, [36m5327205[0m pos/sec)]
Estimated time to end of superbatch: [36m9.3[0ms     [Fsuperbatch [36m1[0m [[35m67.1[0m% ([36m512[0m/[36m763[0m batches, [36m5383798[0m pos/sec)]
Estimated time to end of superbatch: [36m6.1[0ms     [Fsuperbatch [36m1[0m [[35m83.9[0m% ([36m640[0m/[36m763[0m batches, [36m5260322[0m pos/sec)]
Estimated time to end of superbatch: [36m3.1[0ms     [Fsuperbatch [36m1[0m | time [36m19.0[0ms | running loss [36m0.060592[0m | [36m5272229[0m pos/sec | total time [36m26.0[0ms
Estimated time remaining in training: [36m0[0mh [36m12[0mm [36m32[0ms
LR dropped to [36m0.000009339999[0m
superbatch [36m2[0m [[35m0.0[0m% ([36m0[0m/[36m763[0m batches, [36m5539320[0m pos/sec)]
Estimated time to end of superbatch: [36minf[0ms     [Fsuperbatch [36m2[0m [[35m16.8[0m% ([36m128[0m/[36m763[0m batches, [36m5634944[0m pos/sec)]
Estimated time to end of superbatch: [36m14.9[0ms     [Fsuperbatch [36m2[0m [[35m33.6[0m% ([36m256[0m/[36m763[0m batches, [36m5612858[0m pos/sec)]
Estimated time to end of superbatch: [36m11.9[0ms     [Fsuperbatch [36m2[0m [[35m50.3[0m% ([36m384[0m/[36m763[0m batches, [36m5354332[0m pos/sec)]
Estimated time to end of superbatch: [36m9.3[0ms     [Fsuperbatch [36m2[0m [[35m67.1[0m% ([36m512[0m/[36m763[0m batches, [36m5348994[0m pos/sec)]
Estimated time to end of superbatch: [36m6.2[0ms     [Fsuperbatch [36m2[0m [[35m83.9[0m% ([36m640[0m/[36m763[0m batches, [36m5401946[0m pos/sec)]
Estimated time to end of superbatch: [36m3.0[0ms     [Fsuperbatch [36m2[0m | time [36m18.4[0ms | running loss [36m0.060579[0m | [36m5433625[0m pos/sec | total time [36m44.4[0ms
Estimated time remaining in training: [36m0[0mh [36m10[0mm [36m21[0ms
LR dropped to [36m0.00000901[0m
superbatch [36m3[0m [[35m0.0[0m% ([36m0[0m/[36m763[0m batches, [36m5672246[0m pos/sec)]
Estimated time to end of superbatch: [36minf[0ms     [Fsuperbatch [36m3[0m [[35m16.8[0m% ([36m128[0m/[36m763[0m batches, [36m4841238[0m pos/sec)]
Estimated time to end of superbatch: [36m17.3[0ms     [Fsuperbatch [36m3[0m [[35m33.6[0m% ([36m256[0m/[36m763[0m batches, [36m5067648[0m pos/sec)]
Estimated time to end of superbatch: [36m13.2[0ms     [Fsuperbatch [36m3[0m [[35m50.3[0m% ([36m384[0m/[36m763[0m batches, [36m5242787[0m pos/sec)]
Estimated time to end of superbatch: [36m9.5[0ms     [Fsuperbatch [36m3[0m [[35m67.1[0m% ([36m512[0m/[36m763[0m batches, [36m5325912[0m pos/sec)]
Estimated time to end of superbatch: [36m6.2[0ms     [Fsuperbatch [36m3[0m [[35m83.9[0m% ([36m640[0m/[36m763[0m batches, [36m5229718[0m pos/sec)]
Estimated time to end of superbatch: [36m3.1[0ms     [Fsuperbatch [36m3[0m | time [36m19.1[0ms | running loss [36m0.060652[0m | [36m5236785[0m pos/sec | total time [36m63.5[0ms
Estimated time remaining in training: [36m0[0mh [36m9[0mm [36m31[0ms
LR dropped to [36m0.00000868[0m
superbatch [36m4[0m [[35m0.0[0m% ([36m0[0m/[36m763[0m batches, [36m5605720[0m pos/sec)]
Estimated time to end of superbatch: [36minf[0ms     [Fsuperbatch [36m4[0m [[35m16.8[0m% ([36m128[0m/[36m763[0m batches, [36m5599066[0m pos/sec)]
Estimated time to end of superbatch: [36m15.0[0ms     [Fsuperbatch [36m4[0m [[35m33.6[0m% ([36m256[0m/[36m763[0m batches, [36m5615817[0m pos/sec)]
Estimated time to end of superbatch: [36m11.9[0ms     [Fsuperbatch [36m4[0m [[35m50.3[0m% ([36m384[0m/[36m763[0m batches, [36m5299312[0m pos/sec)]
Estimated time to end of superbatch: [36m9.4[0ms     [Fsuperbatch [36m4[0m [[35m67.1[0m% ([36m512[0m/[36m763[0m batches, [36m5178447[0m pos/sec)]
Estimated time to end of superbatch: [36m6.4[0ms     [Fsuperbatch [36m4[0m [[35m83.9[0m% ([36m640[0m/[36m763[0m batches, [36m5156840[0m pos/sec)]
Estimated time to end of superbatch: [36m3.1[0ms     [Fsuperbatch [36m4[0m | time [36m19.5[0ms | running loss [36m0.060500[0m | [36m5140846[0m pos/sec | total time [36m82.9[0ms
Estimated time remaining in training: [36m0[0mh [36m8[0mm [36m58[0ms
LR dropped to [36m0.00000835[0m
superbatch [36m5[0m [[35m0.0[0m% ([36m0[0m/[36m763[0m batches, [36m5643242[0m pos/sec)]
Estimated time to end of superbatch: [36minf[0ms     [Fsuperbatch [36m5[0m [[35m16.8[0m% ([36m128[0m/[36m763[0m batches, [36m4797306[0m pos/sec)]
Estimated time to end of superbatch: [36m17.5[0ms     [Fsuperbatch [36m5[0m [[35m33.6[0m% ([36m256[0m/[36m763[0m batches, [36m4873520[0m pos/sec)]
Estimated time to end of superbatch: [36m13.7[0ms     [Fsuperbatch [36m5[0m [[35m50.3[0m% ([36m384[0m/[36m763[0m batches, [36m4927224[0m pos/sec)]
Estimated time to end of superbatch: [36m10.1[0ms     [Fsuperbatch [36m5[0m [[35m67.1[0m% ([36m512[0m/[36m763[0m batches, [36m4971510[0m pos/sec)]
Estimated time to end of superbatch: [36m6.6[0ms     [Fsuperbatch [36m5[0m [[35m83.9[0m% ([36m640[0m/[36m763[0m batches, [36m4912460[0m pos/sec)]
Estimated time to end of superbatch: [36m3.3[0ms     [Fsuperbatch [36m5[0m | time [36m20.4[0ms | running loss [36m0.060428[0m | [36m4912022[0m pos/sec | total time [36m103.3[0ms
Estimated time remaining in training: [36m0[0mh [36m8[0mm [36m36[0ms
LR dropped to [36m0.00000802[0m
superbatch [36m6[0m [[35m0.0[0m% ([36m0[0m/[36m763[0m batches, [36m4294418[0m pos/sec)]
Estimated time to end of superbatch: [36minf[0ms     [Fsuperbatch [36m6[0m [[35m16.8[0m% ([36m128[0m/[36m763[0m batches, [36m5033396[0m pos/sec)]
Estimated time to end of superbatch: [36m16.7[0ms     [Fsuperbatch [36m6[0m [[35m33.6[0m% ([36m256[0m/[36m763[0m batches, [36m5049380[0m pos/sec)]
Estimated time to end of superbatch: [36m13.2[0ms     [Fsuperbatch [36m6[0m [[35m50.3[0m% ([36m384[0m/[36m763[0m batches, [36m4947360[0m pos/sec)]
Estimated time to end of superbatch: [36m10.1[0ms     [Fsuperbatch [36m6[0m [[35m67.1[0m% ([36m512[0m/[36m763[0m batches, [36m4954758[0m pos/sec)]
Estimated time to end of superbatch: [36m6.7[0ms     [Fsuperbatch [36m6[0m [[35m83.9[0m% ([36m640[0m/[36m763[0m batches, [36m4978078[0m pos/sec)]
Estimated time to end of superbatch: [36m3.2[0ms     [Fsuperbatch [36m6[0m | time [36m20.1[0ms | running loss [36m0.060439[0m | [36m4984280[0m pos/sec | total time [36m123.3[0ms
Estimated time remaining in training: [36m0[0mh [36m8[0mm [36m13[0ms
LR dropped to [36m0.00000769[0m
superbatch [36m7[0m [[35m0.0[0m% ([36m0[0m/[36m763[0m batches, [36m5546576[0m pos/sec)]
Estimated time to end of superbatch: [36minf[0ms     [Fsuperbatch [36m7[0m [[35m16.8[0m% ([36m128[0m/[36m763[0m batches, [36m4785452[0m pos/sec)]
Estimated time to end of superbatch: [36m17.5[0ms     [Fsuperbatch [36m7[0m [[35m33.6[0m% ([36m256[0m/[36m763[0m batches, [36m4867996[0m pos/sec)]
Estimated time to end of superbatch: [36m13.7[0ms     [Fsuperbatch [36m7[0m [[35m50.3[0m% ([36m384[0m/[36m763[0m batches, [36m4932273[0m pos/sec)]
Estimated time to end of superbatch: [36m10.1[0ms     [Fsuperbatch [36m7[0m [[35m67.1[0m% ([36m512[0m/[36m763[0m batches, [36m4970320[0m pos/sec)]
Estimated time to end of superbatch: [36m6.6[0ms     [Fsuperbatch [36m7[0m [[35m83.9[0m% ([36m640[0m/[36m763[0m batches, [36m4964506[0m pos/sec)]
Estimated time to end of superbatch: [36m3.3[0ms     [Fsuperbatch [36m7[0m | time [36m20.2[0ms | running loss [36m0.060313[0m | [36m4952656[0m pos/sec | total time [36m143.5[0ms
Estimated time remaining in training: [36m0[0mh [36m7[0mm [36m51[0ms
LR dropped to [36m0.0000073599995[0m
superbatch [36m8[0m [[35m0.0[0m% ([36m0[0m/[36m763[0m batches, [36m4063006[0m pos/sec)]
Estimated time to end of superbatch: [36minf[0ms     [Fsuperbatch [36m8[0m [[35m16.8[0m% ([36m128[0m/[36m763[0m batches, [36m5107328[0m pos/sec)]
Estimated time to end of superbatch: [36m16.4[0ms     [Fsuperbatch [36m8[0m [[35m33.6[0m% ([36m256[0m/[36m763[0m batches, [36m5108366[0m pos/sec)]
Estimated time to end of superbatch: [36m13.1[0ms     [Fsuperbatch [36m8[0m [[35m50.3[0m% ([36m384[0m/[36m763[0m batches, [36m5049664[0m pos/sec)]
Estimated time to end of superbatch: [36m9.9[0ms     [Fsuperbatch [36m8[0m [[35m67.1[0m% ([36m512[0m/[36m763[0m batches, [36m5024547[0m pos/sec)]
Estimated time to end of superbatch: [36m6.6[0ms     [Fsuperbatch [36m8[0m [[35m83.9[0m% ([36m640[0m/[36m763[0m batches, [36m5028619[0m pos/sec)]
Estimated time to end of superbatch: [36m3.2[0ms     [Fsuperbatch [36m8[0m | time [36m19.8[0ms | running loss [36m0.060316[0m | [36m5044458[0m pos/sec | total time [36m163.4[0ms
Estimated time remaining in training: [36m0[0mh [36m7[0mm [36m29[0ms
LR dropped to [36m0.0000070299993[0m
superbatch [36m9[0m [[35m0.0[0m% ([36m0[0m/[36m763[0m batches, [36m4307094[0m pos/sec)]
Estimated time to end of superbatch: [36minf[0ms     [Fsuperbatch [36m9[0m [[35m16.8[0m% ([36m128[0m/[36m763[0m batches, [36m4890500[0m pos/sec)]
Estimated time to end of superbatch: [36m17.2[0ms     [Fsuperbatch [36m9[0m [[35m33.6[0m% ([36m256[0m/[36m763[0m batches, [36m4903468[0m pos/sec)]
Estimated time to end of superbatch: [36m13.6[0ms     [Fsuperbatch [36m9[0m [[35m50.3[0m% ([36m384[0m/[36m763[0m batches, [36m4948548[0m pos/sec)]
Estimated time to end of superbatch: [36m10.1[0ms     [Fsuperbatch [36m9[0m [[35m67.1[0m% ([36m512[0m/[36m763[0m batches, [36m4984076[0m pos/sec)]
Estimated time to end of superbatch: [36m6.6[0ms     [Fsuperbatch [36m9[0m [[35m83.9[0m% ([36m640[0m/[36m763[0m batches, [36m4918137[0m pos/sec)]
Estimated time to end of superbatch: [36m3.3[0ms     [Fsuperbatch [36m9[0m | time [36m20.6[0ms | running loss [36m0.060418[0m | [36m4859755[0m pos/sec | total time [36m183.9[0ms
Estimated time remaining in training: [36m0[0mh [36m7[0mm [36m9[0ms
LR dropped to [36m0.0000066999996[0m
superbatch [36m10[0m [[35m0.0[0m% ([36m0[0m/[36m763[0m batches, [36m4202022[0m pos/sec)]
Estimated time to end of superbatch: [36minf[0ms     [Fsuperbatch [36m10[0m [[35m16.8[0m% ([36m128[0m/[36m763[0m batches, [36m5056316[0m pos/sec)]
Estimated time to end of superbatch: [36m16.6[0ms     [Fsuperbatch [36m10[0m [[35m33.6[0m% ([36m256[0m/[36m763[0m batches, [36m5061572[0m pos/sec)]
Estimated time to end of superbatch: [36m13.2[0ms     [Fsuperbatch [36m10[0m [[35m50.3[0m% ([36m384[0m/[36m763[0m batches, [36m4990964[0m pos/sec)]
Estimated time to end of superbatch: [36m10.0[0ms     [Fsuperbatch [36m10[0m [[35m67.1[0m% ([36m512[0m/[36m763[0m batches, [36m4903830[0m pos/sec)]
Estimated time to end of superbatch: [36m6.7[0ms     [Fsuperbatch [36m10[0m [[35m83.9[0m% ([36m640[0m/[36m763[0m batches, [36m4939849[0m pos/sec)]
Estimated time to end of superbatch: [36m3.3[0ms     [Fsuperbatch [36m10[0m | time [36m20.3[0ms | running loss [36m0.060365[0m | [36m4936316[0m pos/sec | total time [36m204.2[0ms
Estimated time remaining in training: [36m0[0mh [36m6[0mm [36m48[0ms
Saved [anna-v3c-s2-10]
LR dropped to [36m0.00000637[0m
superbatch [36m11[0m [[35m0.0[0m% ([36m0[0m/[36m763[0m batches, [36m5618634[0m pos/sec)]
Estimated time to end of superbatch: [36minf[0ms     [Fsuperbatch [36m11[0m [[35m16.8[0m% ([36m128[0m/[36m763[0m batches, [36m5342237[0m pos/sec)]
Estimated time to end of superbatch: [36m15.7[0ms     [Fsuperbatch [36m11[0m [[35m33.6[0m% ([36m256[0m/[36m763[0m batches, [36m5010682[0m pos/sec)]
Estimated time to end of superbatch: [36m13.3[0ms     [Fsuperbatch [36m11[0m [[35m50.3[0m% ([36m384[0m/[36m763[0m batches, [36m5020264[0m pos/sec)]
Estimated time to end of superbatch: [36m9.9[0ms     [Fsuperbatch [36m11[0m [[35m67.1[0m% ([36m512[0m/[36m763[0m batches, [36m5037712[0m pos/sec)]
Estimated time to end of superbatch: [36m6.5[0ms     [Fsuperbatch [36m11[0m [[35m83.9[0m% ([36m640[0m/[36m763[0m batches, [36m5018960[0m pos/sec)]
Estimated time to end of superbatch: [36m3.2[0ms     [Fsuperbatch [36m11[0m | time [36m20.1[0ms | running loss [36m0.060425[0m | [36m4975371[0m pos/sec | total time [36m227.2[0ms
Estimated time remaining in training: [36m0[0mh [36m6[0mm [36m32[0ms
LR dropped to [36m0.00000604[0m
superbatch [36m12[0m [[35m0.0[0m% ([36m0[0m/[36m763[0m batches, [36m5649527[0m pos/sec)]
Estimated time to end of superbatch: [36minf[0ms     [Fsuperbatch [36m12[0m [[35m16.8[0m% ([36m128[0m/[36m763[0m batches, [36m5116455[0m pos/sec)]
Estimated time to end of superbatch: [36m16.4[0ms     [Fsuperbatch [36m12[0m [[35m33.6[0m% ([36m256[0m/[36m763[0m batches, [36m5042104[0m pos/sec)]
Estimated time to end of superbatch: [36m13.2[0ms     [Fsuperbatch [36m12[0m [[35m50.3[0m% ([36m384[0m/[36m763[0m batches, [36m5019325[0m pos/sec)]
Estimated time to end of superbatch: [36m9.9[0ms     [Fsuperbatch [36m12[0m [[35m67.1[0m% ([36m512[0m/[36m763[0m batches, [36m4961846[0m pos/sec)]
Estimated time to end of superbatch: [36m6.6[0ms     [Fsuperbatch [36m12[0m [[35m83.9[0m% ([36m640[0m/[36m763[0m batches, [36m4984654[0m pos/sec)]
Estimated time to end of superbatch: [36m3.2[0ms     [Fsuperbatch [36m12[0m | time [36m20.0[0ms | running loss [36m0.060329[0m | [36m4998143[0m pos/sec | total time [36m247.3[0ms
Estimated time remaining in training: [36m0[0mh [36m6[0mm [36m10[0ms
LR dropped to [36m0.0000057099996[0m
superbatch [36m13[0m [[35m0.0[0m% ([36m0[0m/[36m763[0m batches, [36m5551166[0m pos/sec)]
Estimated time to end of superbatch: [36minf[0ms     [Fsuperbatch [36m13[0m [[35m16.8[0m% ([36m128[0m/[36m763[0m batches, [36m4930206[0m pos/sec)]
Estimated time to end of superbatch: [36m17.0[0ms     [Fsuperbatch [36m13[0m [[35m33.6[0m% ([36m256[0m/[36m763[0m batches, [36m4798209[0m pos/sec)]
Estimated time to end of superbatch: [36m13.9[0ms     [Fsuperbatch [36m13[0m [[35m50.3[0m% ([36m384[0m/[36m763[0m batches, [36m4882746[0m pos/sec)]
Estimated time to end of superbatch: [36m10.2[0ms     [Fsuperbatch [36m13[0m [[35m67.1[0m% ([36m512[0m/[36m763[0m batches, [36m4923543[0m pos/sec)]
Estimated time to end of superbatch: [36m6.7[0ms     [Fsuperbatch [36m13[0m [[35m83.9[0m% ([36m640[0m/[36m763[0m batches, [36m4920453[0m pos/sec)]
Estimated time to end of superbatch: [36m3.3[0ms     [Fsuperbatch [36m13[0m | time [36m20.4[0ms | running loss [36m0.060376[0m | [36m4899882[0m pos/sec | total time [36m267.7[0ms
Estimated time remaining in training: [36m0[0mh [36m5[0mm [36m50[0ms
LR dropped to [36m0.00000538[0m
superbatch [36m14[0m [[35m0.0[0m% ([36m0[0m/[36m763[0m batches, [36m5559366[0m pos/sec)]
Estimated time to end of superbatch: [36minf[0ms     [Fsuperbatch [36m14[0m [[35m16.8[0m% ([36m128[0m/[36m763[0m batches, [36m5026489[0m pos/sec)]
Estimated time to end of superbatch: [36m16.7[0ms     [Fsuperbatch [36m14[0m [[35m33.6[0m% ([36m256[0m/[36m763[0m batches, [36m5034684[0m pos/sec)]
Estimated time to end of superbatch: [36m13.3[0ms     [Fsuperbatch [36m14[0m [[35m50.3[0m% ([36m384[0m/[36m763[0m batches, [36m4983530[0m pos/sec)]
Estimated time to end of superbatch: [36m10.0[0ms     [Fsuperbatch [36m14[0m [[35m67.1[0m% ([36m512[0m/[36m763[0m batches, [36m4924560[0m pos/sec)]
Estimated time to end of superbatch: [36m6.7[0ms     [Fsuperbatch [36m14[0m [[35m83.9[0m% ([36m640[0m/[36m763[0m batches, [36m4955060[0m pos/sec)]
Estimated time to end of superbatch: [36m3.3[0ms     [Fsuperbatch [36m14[0m | time [36m20.1[0ms | running loss [36m0.060364[0m | [36m4970824[0m pos/sec | total time [36m287.8[0ms
Estimated time remaining in training: [36m0[0mh [36m5[0mm [36m28[0ms
LR dropped to [36m0.00000505[0m
superbatch [36m15[0m [[35m0.0[0m% ([36m0[0m/[36m763[0m batches, [36m5657131[0m pos/sec)]
Estimated time to end of superbatch: [36minf[0ms     [Fsuperbatch [36m15[0m [[35m16.8[0m% ([36m128[0m/[36m763[0m batches, [36m4833965[0m pos/sec)]
Estimated time to end of superbatch: [36m17.4[0ms     [Fsuperbatch [36m15[0m [[35m33.6[0m% ([36m256[0m/[36m763[0m batches, [36m4816366[0m pos/sec)]
Estimated time to end of superbatch: [36m13.9[0ms     [Fsuperbatch [36m15[0m [[35m50.3[0m% ([36m384[0m/[36m763[0m batches, [36m4882444[0m pos/sec)]
Estimated time to end of superbatch: [36m10.2[0ms     [Fsuperbatch [36m15[0m [[35m67.1[0m% ([36m512[0m/[36m763[0m batches, [36m4928274[0m pos/sec)]
Estimated time to end of superbatch: [36m6.7[0ms     [Fsuperbatch [36m15[0m [[35m83.9[0m% ([36m640[0m/[36m763[0m batches, [36m4928509[0m pos/sec)]
Estimated time to end of superbatch: [36m3.3[0ms     [Fsuperbatch [36m15[0m | time [36m20.3[0ms | running loss [36m0.060343[0m | [36m4915662[0m pos/sec | total time [36m308.1[0ms
Estimated time remaining in training: [36m0[0mh [36m5[0mm [36m8[0ms
LR dropped to [36m0.0000047199997[0m
superbatch [36m16[0m [[35m0.0[0m% ([36m0[0m/[36m763[0m batches, [36m5505789[0m pos/sec)]
Estimated time to end of superbatch: [36minf[0ms     [Fsuperbatch [36m16[0m [[35m16.8[0m% ([36m128[0m/[36m763[0m batches, [36m5094847[0m pos/sec)]
Estimated time to end of superbatch: [36m16.5[0ms     [Fsuperbatch [36m16[0m [[35m33.6[0m% ([36m256[0m/[36m763[0m batches, [36m5117579[0m pos/sec)]
Estimated time to end of superbatch: [36m13.0[0ms     [Fsuperbatch [36m16[0m [[35m50.3[0m% ([36m384[0m/[36m763[0m batches, [36m5055147[0m pos/sec)]
Estimated time to end of superbatch: [36m9.9[0ms     [Fsuperbatch [36m16[0m [[35m67.1[0m% ([36m512[0m/[36m763[0m batches, [36m4982866[0m pos/sec)]
Estimated time to end of superbatch: [36m6.6[0ms     [Fsuperbatch [36m16[0m [[35m83.9[0m% ([36m640[0m/[36m763[0m batches, [36m5004011[0m pos/sec)]
Estimated time to end of superbatch: [36m3.2[0ms     [Fsuperbatch [36m16[0m | time [36m19.9[0ms | running loss [36m0.060216[0m | [36m5017706[0m pos/sec | total time [36m328.1[0ms
Estimated time remaining in training: [36m0[0mh [36m4[0mm [36m47[0ms
LR dropped to [36m0.00000439[0m
superbatch [36m17[0m [[35m0.0[0m% ([36m0[0m/[36m763[0m batches, [36m4708359[0m pos/sec)]
Estimated time to end of superbatch: [36minf[0ms     [Fsuperbatch [36m17[0m [[35m16.8[0m% ([36m128[0m/[36m763[0m batches, [36m4940722[0m pos/sec)]
Estimated time to end of superbatch: [36m17.0[0ms     [Fsuperbatch [36m17[0m [[35m33.6[0m% ([36m256[0m/[36m763[0m batches, [36m4901084[0m pos/sec)]
Estimated time to end of superbatch: [36m13.6[0ms     [Fsuperbatch [36m17[0m [[35m50.3[0m% ([36m384[0m/[36m763[0m batches, [36m4952556[0m pos/sec)]
Estimated time to end of superbatch: [36m10.1[0ms     [Fsuperbatch [36m17[0m [[35m67.1[0m% ([36m512[0m/[36m763[0m batches, [36m4983526[0m pos/sec)]
Estimated time to end of superbatch: [36m6.6[0ms     [Fsuperbatch [36m17[0m [[35m83.9[0m% ([36m640[0m/[36m763[0m batches, [36m4968070[0m pos/sec)]
Estimated time to end of superbatch: [36m3.3[0ms     [Fsuperbatch [36m17[0m | time [36m20.2[0ms | running loss [36m0.060174[0m | [36m4953955[0m pos/sec | total time [36m348.2[0ms
Estimated time remaining in training: [36m0[0mh [36m4[0mm [36m26[0ms
LR dropped to [36m0.0000040599994[0m
superbatch [36m18[0m [[35m0.0[0m% ([36m0[0m/[36m763[0m batches, [36m5646929[0m pos/sec)]
Estimated time to end of superbatch: [36minf[0ms     [Fsuperbatch [36m18[0m [[35m16.8[0m% ([36m128[0m/[36m763[0m batches, [36m5032064[0m pos/sec)]
Estimated time to end of superbatch: [36m16.7[0ms     [Fsuperbatch [36m18[0m [[35m33.6[0m% ([36m256[0m/[36m763[0m batches, [36m5067711[0m pos/sec)]
Estimated time to end of superbatch: [36m13.2[0ms     [Fsuperbatch [36m18[0m [[35m50.3[0m% ([36m384[0m/[36m763[0m batches, [36m5033674[0m pos/sec)]
Estimated time to end of superbatch: [36m9.9[0ms     [Fsuperbatch [36m18[0m [[35m67.1[0m% ([36m512[0m/[36m763[0m batches, [36m4991308[0m pos/sec)]
Estimated time to end of superbatch: [36m6.6[0ms     [Fsuperbatch [36m18[0m [[35m83.9[0m% ([36m640[0m/[36m763[0m batches, [36m5017293[0m pos/sec)]
Estimated time to end of superbatch: [36m3.2[0ms     [Fsuperbatch [36m18[0m | time [36m19.9[0ms | running loss [36m0.060027[0m | [36m5025080[0m pos/sec | total time [36m368.1[0ms
Estimated time remaining in training: [36m0[0mh [36m4[0mm [36m5[0ms
LR dropped to [36m0.0000037300001[0m
superbatch [36m19[0m [[35m0.0[0m% ([36m0[0m/[36m763[0m batches, [36m5662722[0m pos/sec)]
Estimated time to end of superbatch: [36minf[0ms     [Fsuperbatch [36m19[0m [[35m16.8[0m% ([36m128[0m/[36m763[0m batches, [36m5012158[0m pos/sec)]
Estimated time to end of superbatch: [36m16.7[0ms     [Fsuperbatch [36m19[0m [[35m33.6[0m% ([36m256[0m/[36m763[0m batches, [36m4960760[0m pos/sec)]
Estimated time to end of superbatch: [36m13.4[0ms     [Fsuperbatch [36m19[0m [[35m50.3[0m% ([36m384[0m/[36m763[0m batches, [36m4993774[0m pos/sec)]
Estimated time to end of superbatch: [36m10.0[0ms     [Fsuperbatch [36m19[0m [[35m67.1[0m% ([36m512[0m/[36m763[0m batches, [36m5022500[0m pos/sec)]
Estimated time to end of superbatch: [36m6.6[0ms     [Fsuperbatch [36m19[0m [[35m83.9[0m% ([36m640[0m/[36m763[0m batches, [36m5016260[0m pos/sec)]
Estimated time to end of superbatch: [36m3.2[0ms     [Fsuperbatch [36m19[0m | time [36m20.0[0ms | running loss [36m0.060066[0m | [36m5002983[0m pos/sec | total time [36m388.1[0ms
Estimated time remaining in training: [36m0[0mh [36m3[0mm [36m44[0ms
LR dropped to [36m0.0000033999995[0m
superbatch [36m20[0m [[35m0.0[0m% ([36m0[0m/[36m763[0m batches, [36m4924792[0m pos/sec)]
Estimated time to end of superbatch: [36minf[0ms     [Fsuperbatch [36m20[0m [[35m16.8[0m% ([36m128[0m/[36m763[0m batches, [36m5058779[0m pos/sec)]
Estimated time to end of superbatch: [36m16.6[0ms     [Fsuperbatch [36m20[0m [[35m33.6[0m% ([36m256[0m/[36m763[0m batches, [36m5051919[0m pos/sec)]
Estimated time to end of superbatch: [36m13.2[0ms     [Fsuperbatch [36m20[0m [[35m50.3[0m% ([36m384[0m/[36m763[0m batches, [36m5030523[0m pos/sec)]
Estimated time to end of superbatch: [36m9.9[0ms     [Fsuperbatch [36m20[0m [[35m67.1[0m% ([36m512[0m/[36m763[0m batches, [36m4958895[0m pos/sec)]
Estimated time to end of superbatch: [36m6.6[0ms     [Fsuperbatch [36m20[0m [[35m83.9[0m% ([36m640[0m/[36m763[0m batches, [36m4980774[0m pos/sec)]
Estimated time to end of superbatch: [36m3.2[0ms     [Fsuperbatch [36m20[0m | time [36m20.0[0ms | running loss [36m0.060070[0m | [36m4996292[0m pos/sec | total time [36m408.2[0ms
Estimated time remaining in training: [36m0[0mh [36m3[0mm [36m24[0ms
Saved [anna-v3c-s2-20]
LR dropped to [36m0.0000030699998[0m
superbatch [36m21[0m [[35m0.0[0m% ([36m0[0m/[36m763[0m batches, [36m5630388[0m pos/sec)]
Estimated time to end of superbatch: [36minf[0ms     [Fsuperbatch [36m21[0m [[35m16.8[0m% ([36m128[0m/[36m763[0m batches, [36m5639440[0m pos/sec)]
Estimated time to end of superbatch: [36m14.9[0ms     [Fsuperbatch [36m21[0m [[35m33.6[0m% ([36m256[0m/[36m763[0m batches, [36m5214872[0m pos/sec)]
Estimated time to end of superbatch: [36m12.8[0ms     [Fsuperbatch [36m21[0m [[35m50.3[0m% ([36m384[0m/[36m763[0m batches, [36m5162169[0m pos/sec)]
Estimated time to end of superbatch: [36m9.6[0ms     [Fsuperbatch [36m21[0m [[35m67.1[0m% ([36m512[0m/[36m763[0m batches, [36m5154272[0m pos/sec)]
Estimated time to end of superbatch: [36m6.4[0ms     [Fsuperbatch [36m21[0m [[35m83.9[0m% ([36m640[0m/[36m763[0m batches, [36m5127392[0m pos/sec)]
Estimated time to end of superbatch: [36m3.1[0ms     [Fsuperbatch [36m21[0m | time [36m19.7[0ms | running loss [36m0.060169[0m | [36m5074746[0m pos/sec | total time [36m430.7[0ms
Estimated time remaining in training: [36m0[0mh [36m3[0mm [36m4[0ms
LR dropped to [36m0.0000027399997[0m
superbatch [36m22[0m [[35m0.0[0m% ([36m0[0m/[36m763[0m batches, [36m4705950[0m pos/sec)]
Estimated time to end of superbatch: [36minf[0ms     [Fsuperbatch [36m22[0m [[35m16.8[0m% ([36m128[0m/[36m763[0m batches, [36m5073152[0m pos/sec)]
Estimated time to end of superbatch: [36m16.5[0ms     [Fsuperbatch [36m22[0m [[35m33.6[0m% ([36m256[0m/[36m763[0m batches, [36m5053921[0m pos/sec)]
Estimated time to end of superbatch: [36m13.2[0ms     [Fsuperbatch [36m22[0m [[35m50.3[0m% ([36m384[0m/[36m763[0m batches, [36m5041902[0m pos/sec)]
Estimated time to end of superbatch: [36m9.9[0ms     [Fsuperbatch [36m22[0m [[35m67.1[0m% ([36m512[0m/[36m763[0m batches, [36m4957582[0m pos/sec)]
Estimated time to end of superbatch: [36m6.6[0ms     [Fsuperbatch [36m22[0m [[35m83.9[0m% ([36m640[0m/[36m763[0m batches, [36m4971646[0m pos/sec)]
Estimated time to end of superbatch: [36m3.2[0ms     [Fsuperbatch [36m22[0m | time [36m20.1[0ms | running loss [36m0.060140[0m | [36m4987615[0m pos/sec | total time [36m450.8[0ms
Estimated time remaining in training: [36m0[0mh [36m2[0mm [36m43[0ms
LR dropped to [36m0.00000241[0m
superbatch [36m23[0m [[35m0.0[0m% ([36m0[0m/[36m763[0m batches, [36m4636525[0m pos/sec)]
Estimated time to end of superbatch: [36minf[0ms     [Fsuperbatch [36m23[0m [[35m16.8[0m% ([36m128[0m/[36m763[0m batches, [36m4996056[0m pos/sec)]
Estimated time to end of superbatch: [36m16.8[0ms     [Fsuperbatch [36m23[0m [[35m33.6[0m% ([36m256[0m/[36m763[0m batches, [36m4864872[0m pos/sec)]
Estimated time to end of superbatch: [36m13.7[0ms     [Fsuperbatch [36m23[0m [[35m50.3[0m% ([36m384[0m/[36m763[0m batches, [36m4904793[0m pos/sec)]
Estimated time to end of superbatch: [36m10.2[0ms     [Fsuperbatch [36m23[0m [[35m67.1[0m% ([36m512[0m/[36m763[0m batches, [36m4946024[0m pos/sec)]
Estimated time to end of superbatch: [36m6.7[0ms     [Fsuperbatch [36m23[0m [[35m83.9[0m% ([36m640[0m/[36m763[0m batches, [36m4962250[0m pos/sec)]
Estimated time to end of superbatch: [36m3.3[0ms     [Fsuperbatch [36m23[0m | time [36m20.3[0ms | running loss [36m0.059962[0m | [36m4930559[0m pos/sec | total time [36m471.0[0ms
Estimated time remaining in training: [36m0[0mh [36m2[0mm [36m23[0ms
LR dropped to [36m0.0000020799998[0m
superbatch [36m24[0m [[35m0.0[0m% ([36m0[0m/[36m763[0m batches, [36m5131024[0m pos/sec)]
Estimated time to end of superbatch: [36minf[0ms     [Fsuperbatch [36m24[0m [[35m16.8[0m% ([36m128[0m/[36m763[0m batches, [36m5014966[0m pos/sec)]
Estimated time to end of superbatch: [36m16.7[0ms     [Fsuperbatch [36m24[0m [[35m33.6[0m% ([36m256[0m/[36m763[0m batches, [36m5046106[0m pos/sec)]
Estimated time to end of superbatch: [36m13.2[0ms     [Fsuperbatch [36m24[0m [[35m50.3[0m% ([36m384[0m/[36m763[0m batches, [36m5041506[0m pos/sec)]
Estimated time to end of superbatch: [36m9.9[0ms     [Fsuperbatch [36m24[0m [[35m67.1[0m% ([36m512[0m/[36m763[0m batches, [36m4957330[0m pos/sec)]
Estimated time to end of superbatch: [36m6.6[0ms     [Fsuperbatch [36m24[0m [[35m83.9[0m% ([36m640[0m/[36m763[0m batches, [36m4965314[0m pos/sec)]
Estimated time to end of superbatch: [36m3.3[0ms     [Fsuperbatch [36m24[0m | time [36m20.1[0ms | running loss [36m0.059901[0m | [36m4987296[0m pos/sec | total time [36m491.1[0ms
Estimated time remaining in training: [36m0[0mh [36m2[0mm [36m2[0ms
LR dropped to [36m0.0000017499997[0m
superbatch [36m25[0m [[35m0.0[0m% ([36m0[0m/[36m763[0m batches, [36m5598844[0m pos/sec)]
Estimated time to end of superbatch: [36minf[0ms     [Fsuperbatch [36m25[0m [[35m16.8[0m% ([36m128[0m/[36m763[0m batches, [36m5026316[0m pos/sec)]
Estimated time to end of superbatch: [36m16.7[0ms     [Fsuperbatch [36m25[0m [[35m33.6[0m% ([36m256[0m/[36m763[0m batches, [36m4880094[0m pos/sec)]
Estimated time to end of superbatch: [36m13.7[0ms     [Fsuperbatch [36m25[0m [[35m50.3[0m% ([36m384[0m/[36m763[0m batches, [36m4906068[0m pos/sec)]
Estimated time to end of superbatch: [36m10.2[0ms     [Fsuperbatch [36m25[0m [[35m67.1[0m% ([36m512[0m/[36m763[0m batches, [36m4957915[0m pos/sec)]
Estimated time to end of superbatch: [36m6.6[0ms     [Fsuperbatch [36m25[0m [[35m83.9[0m% ([36m640[0m/[36m763[0m batches, [36m4973988[0m pos/sec)]
Estimated time to end of superbatch: [36m3.2[0ms     [Fsuperbatch [36m25[0m | time [36m20.2[0ms | running loss [36m0.059851[0m | [36m4938837[0m pos/sec | total time [36m511.3[0ms
Estimated time remaining in training: [36m0[0mh [36m1[0mm [36m42[0ms
LR dropped to [36m0.0000014199995[0m
superbatch [36m26[0m [[35m0.0[0m% ([36m0[0m/[36m763[0m batches, [36m4897212[0m pos/sec)]
Estimated time to end of superbatch: [36minf[0ms     [Fsuperbatch [36m26[0m [[35m16.8[0m% ([36m128[0m/[36m763[0m batches, [36m4915222[0m pos/sec)]
Estimated time to end of superbatch: [36m17.1[0ms     [Fsuperbatch [36m26[0m [[35m33.6[0m% ([36m256[0m/[36m763[0m batches, [36m5008747[0m pos/sec)]
Estimated time to end of superbatch: [36m13.3[0ms     [Fsuperbatch [36m26[0m [[35m50.3[0m% ([36m384[0m/[36m763[0m batches, [36m5035614[0m pos/sec)]
Estimated time to end of superbatch: [36m9.9[0ms     [Fsuperbatch [36m26[0m [[35m67.1[0m% ([36m512[0m/[36m763[0m batches, [36m4939330[0m pos/sec)]
Estimated time to end of superbatch: [36m6.7[0ms     [Fsuperbatch [36m26[0m [[35m83.9[0m% ([36m640[0m/[36m763[0m batches, [36m4952096[0m pos/sec)]
Estimated time to end of superbatch: [36m3.3[0ms     [Fsuperbatch [36m26[0m | time [36m20.1[0ms | running loss [36m0.059969[0m | [36m4969136[0m pos/sec | total time [36m531.5[0ms
Estimated time remaining in training: [36m0[0mh [36m1[0mm [36m21[0ms
LR dropped to [36m0.0000010900003[0m
superbatch [36m27[0m [[35m0.0[0m% ([36m0[0m/[36m763[0m batches, [36m5557624[0m pos/sec)]
Estimated time to end of superbatch: [36minf[0ms     [Fsuperbatch [36m27[0m [[35m16.8[0m% ([36m128[0m/[36m763[0m batches, [36m5126132[0m pos/sec)]
Estimated time to end of superbatch: [36m16.4[0ms     [Fsuperbatch [36m27[0m [[35m33.6[0m% ([36m256[0m/[36m763[0m batches, [36m5008146[0m pos/sec)]
Estimated time to end of superbatch: [36m13.3[0ms     [Fsuperbatch [36m27[0m [[35m50.3[0m% ([36m384[0m/[36m763[0m batches, [36m5000716[0m pos/sec)]
Estimated time to end of superbatch: [36m10.0[0ms     [Fsuperbatch [36m27[0m [[35m67.1[0m% ([36m512[0m/[36m763[0m batches, [36m5028534[0m pos/sec)]
Estimated time to end of superbatch: [36m6.6[0ms     [Fsuperbatch [36m27[0m [[35m83.9[0m% ([36m640[0m/[36m763[0m batches, [36m5033257[0m pos/sec)]
Estimated time to end of superbatch: [36m3.2[0ms     [Fsuperbatch [36m27[0m | time [36m19.9[0ms | running loss [36m0.059957[0m | [36m5015366[0m pos/sec | total time [36m551.4[0ms
Estimated time remaining in training: [36m0[0mh [36m1[0mm [36m1[0ms
LR dropped to [36m0.00000076000015[0m
superbatch [36m28[0m [[35m0.0[0m% ([36m0[0m/[36m763[0m batches, [36m5636279[0m pos/sec)]
Estimated time to end of superbatch: [36minf[0ms     [Fsuperbatch [36m28[0m [[35m16.8[0m% ([36m128[0m/[36m763[0m batches, [36m4923010[0m pos/sec)]
Estimated time to end of superbatch: [36m17.0[0ms     [Fsuperbatch [36m28[0m [[35m33.6[0m% ([36m256[0m/[36m763[0m batches, [36m5027164[0m pos/sec)]
Estimated time to end of superbatch: [36m13.3[0ms     [Fsuperbatch [36m28[0m [[35m50.3[0m% ([36m384[0m/[36m763[0m batches, [36m5059770[0m pos/sec)]
Estimated time to end of superbatch: [36m9.8[0ms     [Fsuperbatch [36m28[0m [[35m67.1[0m% ([36m512[0m/[36m763[0m batches, [36m5020800[0m pos/sec)]
Estimated time to end of superbatch: [36m6.6[0ms     [Fsuperbatch [36m28[0m [[35m83.9[0m% ([36m640[0m/[36m763[0m batches, [36m5008568[0m pos/sec)]
Estimated time to end of superbatch: [36m3.2[0ms     [Fsuperbatch [36m28[0m | time [36m19.9[0ms | running loss [36m0.059711[0m | [36m5015991[0m pos/sec | total time [36m571.3[0ms
Estimated time remaining in training: [36m0[0mh [36m0[0mm [36m40[0ms
LR dropped to [36m0.00000043[0m
superbatch [36m29[0m [[35m0.0[0m% ([36m0[0m/[36m763[0m batches, [36m4285552[0m pos/sec)]
Estimated time to end of superbatch: [36minf[0ms     [Fsuperbatch [36m29[0m [[35m16.8[0m% ([36m128[0m/[36m763[0m batches, [36m5093570[0m pos/sec)]
Estimated time to end of superbatch: [36m16.5[0ms     [Fsuperbatch [36m29[0m [[35m33.6[0m% ([36m256[0m/[36m763[0m batches, [36m4931850[0m pos/sec)]
Estimated time to end of superbatch: [36m13.5[0ms     [Fsuperbatch [36m29[0m [[35m50.3[0m% ([36m384[0m/[36m763[0m batches, [36m4936432[0m pos/sec)]
Estimated time to end of superbatch: [36m10.1[0ms     [Fsuperbatch [36m29[0m [[35m67.1[0m% ([36m512[0m/[36m763[0m batches, [36m4978444[0m pos/sec)]
Estimated time to end of superbatch: [36m6.6[0ms     [Fsuperbatch [36m29[0m [[35m83.9[0m% ([36m640[0m/[36m763[0m batches, [36m4990809[0m pos/sec)]
Estimated time to end of superbatch: [36m3.2[0ms     [Fsuperbatch [36m29[0m | time [36m20.1[0ms | running loss [36m0.059979[0m | [36m4976477[0m pos/sec | total time [36m591.4[0ms
Estimated time remaining in training: [36m0[0mh [36m0[0mm [36m20[0ms
LR dropped to [36m0.0000001[0m
superbatch [36m30[0m [[35m0.0[0m% ([36m0[0m/[36m763[0m batches, [36m4234564[0m pos/sec)]
Estimated time to end of superbatch: [36minf[0ms     [Fsuperbatch [36m30[0m [[35m16.8[0m% ([36m128[0m/[36m763[0m batches, [36m4955958[0m pos/sec)]
Estimated time to end of superbatch: [36m16.9[0ms     [Fsuperbatch [36m30[0m [[35m33.6[0m% ([36m256[0m/[36m763[0m batches, [36m5011996[0m pos/sec)]
Estimated time to end of superbatch: [36m13.3[0ms     [Fsuperbatch [36m30[0m [[35m50.3[0m% ([36m384[0m/[36m763[0m batches, [36m5038672[0m pos/sec)]
Estimated time to end of superbatch: [36m9.9[0ms     [Fsuperbatch [36m30[0m [[35m67.1[0m% ([36m512[0m/[36m763[0m batches, [36m5013562[0m pos/sec)]
Estimated time to end of superbatch: [36m6.6[0ms     [Fsuperbatch [36m30[0m [[35m83.9[0m% ([36m640[0m/[36m763[0m batches, [36m5003507[0m pos/sec)]
Estimated time to end of superbatch: [36m3.2[0ms     [Fsuperbatch [36m30[0m | time [36m19.9[0ms | running loss [36m0.059915[0m | [36m5014518[0m pos/sec | total time [36m611.4[0ms
Estimated time remaining in training: [36m0[0mh [36m0[0mm [36m0[0ms
Saved [anna-v3c-s2-30]
Total Training Time: [36m0[0mh [36m10[0mm [36m15[0ms
TRAINER EVAL rnbqkbnr/pppppppp/8/8/8/8/PPPPPPPP/RNBQKBNR w KQkq - 0 1 : 29.8
TRAINER EVAL rnbqkbnr/pppppppp/8/8/8/8/PPPPPPPP/RNBQKBN1 w Qkq - 0 1 : -1694.5
TRAINER EVAL rnbqkbn1/pppppppp/8/8/8/8/PPPPPPPP/RNBQKBNR w KQq - 0 1 : 1754.3
TRAINER EVAL r3k2r/p1ppqpb1/bn2pnp1/3PN3/1p2P3/2N2Q1p/PPPBBPPP/R3K2R w KQkq - 0 1 : -448.8
TRAINER EVAL r1bqkb1r/pp2bppp/2n2n2/2pp4/3P4/2PBPN2/PP1N1PPP/R2QK2R w KQ - 0 9 : -1447.4
TRAINER EVAL 8/2p5/3p4/KP5r/1R3p1k/8/4P1P1/8 w - - 0 1 : -12.7
done
=== train end exit=0
