=== train start 2026-09-14T14:25:21Z net=anna-v3q data=/data/binpacks/test80-2024-01-jan-2tb7p.min-v2.v6.binpack,/data/binpacks/test80-2024-02-feb-2tb7p.min-v2.v6.binpack,/data/binpacks/test80-2024-03-mar-2tb7p.min-v2.v6.binpack,/data/binpacks/test80-2024-04-apr-2tb7p.min-v2.v6.binpack,/data/binpacks/test80-2024-05-may-2tb7p.min-v2.v6.binpack,/data/binpacks/test80-2024-06-jun-2tb7p.min-v2.v6.binpack resume= SB=30/310/30 LR1=1e-3 L1=256 cap=3.0h
name, memory.total [MiB]
NVIDIA L40S, 46068 MiB
anna-v3 trainer | net anna-v3q | data ["/data/binpacks/test80-2024-01-jan-2tb7p.min-v2.v6.binpack", "/data/binpacks/test80-2024-02-feb-2tb7p.min-v2.v6.binpack", "/data/binpacks/test80-2024-03-mar-2tb7p.min-v2.v6.binpack", "/data/binpacks/test80-2024-04-apr-2tb7p.min-v2.v6.binpack", "/data/binpacks/test80-2024-05-may-2tb7p.min-v2.v6.binpack", "/data/binpacks/test80-2024-06-jun-2tb7p.min-v2.v6.binpack"] | stages 30/310/30 SB | batch 131072 x 763 | width 256 L2 16 L3 32
[34;1mTraining on NVIDIA L40S (sm_89)[0m
superbatch [36m1[0m [[35m0.0[0m% ([36m0[0m/[36m763[0m batches, [36m1355034[0m pos/sec)]
Estimated time to end of superbatch: [36minf[0ms     [Fsuperbatch [36m1[0m [[35m16.8[0m% ([36m128[0m/[36m763[0m batches, [36m3877598[0m pos/sec)]
Estimated time to end of superbatch: [36m21.6[0ms     [Fsuperbatch [36m1[0m [[35m33.6[0m% ([36m256[0m/[36m763[0m batches, [36m3985110[0m pos/sec)]
Estimated time to end of superbatch: [36m16.7[0ms     [Fsuperbatch [36m1[0m [[35m50.3[0m% ([36m384[0m/[36m763[0m batches, [36m4289793[0m pos/sec)]
Estimated time to end of superbatch: [36m11.6[0ms     [Fsuperbatch [36m1[0m [[35m67.1[0m% ([36m512[0m/[36m763[0m batches, [36m4467508[0m pos/sec)]
Estimated time to end of superbatch: [36m7.4[0ms     [Fsuperbatch [36m1[0m [[35m83.9[0m% ([36m640[0m/[36m763[0m batches, [36m4568874[0m pos/sec)]
Estimated time to end of superbatch: [36m3.5[0ms     [Fsuperbatch [36m1[0m | time [36m21.6[0ms | running loss [36m0.025776[0m | [36m4633676[0m pos/sec | total time [36m36.4[0ms
Estimated time remaining in training: [36m0[0mh [36m17[0mm [36m35[0ms
LR increased to [36m0.0007533334[0m
superbatch [36m2[0m [[35m0.0[0m% ([36m0[0m/[36m763[0m batches, [36m5690223[0m pos/sec)]
Estimated time to end of superbatch: [36minf[0ms     [Fsuperbatch [36m2[0m [[35m16.8[0m% ([36m128[0m/[36m763[0m batches, [36m5068248[0m pos/sec)]
Estimated time to end of superbatch: [36m16.6[0ms     [Fsuperbatch [36m2[0m [[35m33.6[0m% ([36m256[0m/[36m763[0m batches, [36m5065749[0m pos/sec)]
Estimated time to end of superbatch: [36m13.2[0ms     [Fsuperbatch [36m2[0m [[35m50.3[0m% ([36m384[0m/[36m763[0m batches, [36m5012765[0m pos/sec)]
Estimated time to end of superbatch: [36m9.9[0ms     [Fsuperbatch [36m2[0m [[35m67.1[0m% ([36m512[0m/[36m763[0m batches, [36m5004169[0m pos/sec)]
Estimated time to end of superbatch: [36m6.6[0ms     [Fsuperbatch [36m2[0m [[35m83.9[0m% ([36m640[0m/[36m763[0m batches, [36m5014394[0m pos/sec)]
Estimated time to end of superbatch: [36m3.2[0ms     [Fsuperbatch [36m2[0m | time [36m19.9[0ms | running loss [36m0.017488[0m | [36m5026082[0m pos/sec | total time [36m56.3[0ms
Estimated time remaining in training: [36m0[0mh [36m13[0mm [36m8[0ms
LR increased to [36m0.00108[0m
superbatch [36m3[0m [[35m0.0[0m% ([36m0[0m/[36m763[0m batches, [36m5705942[0m pos/sec)]
Estimated time to end of superbatch: [36minf[0ms     [Fsuperbatch [36m3[0m [[35m16.8[0m% ([36m128[0m/[36m763[0m batches, [36m4933616[0m pos/sec)]
Estimated time to end of superbatch: [36m17.0[0ms     [Fsuperbatch [36m3[0m [[35m33.6[0m% ([36m256[0m/[36m763[0m batches, [36m4974688[0m pos/sec)]
Estimated time to end of superbatch: [36m13.4[0ms     [Fsuperbatch [36m3[0m [[35m50.3[0m% ([36m384[0m/[36m763[0m batches, [36m4987524[0m pos/sec)]
Estimated time to end of superbatch: [36m10.0[0ms     [Fsuperbatch [36m3[0m [[35m67.1[0m% ([36m512[0m/[36m763[0m batches, [36m5000480[0m pos/sec)]
Estimated time to end of superbatch: [36m6.6[0ms     [Fsuperbatch [36m3[0m [[35m83.9[0m% ([36m640[0m/[36m763[0m batches, [36m4990840[0m pos/sec)]
Estimated time to end of superbatch: [36m3.2[0ms     [Fsuperbatch [36m3[0m | time [36m20.0[0ms | running loss [36m0.015086[0m | [36m4989478[0m pos/sec | total time [36m76.3[0ms
Estimated time remaining in training: [36m0[0mh [36m11[0mm [36m27[0ms
LR increased to [36m0.0014066667[0m
superbatch [36m4[0m [[35m0.0[0m% ([36m0[0m/[36m763[0m batches, [36m4193223[0m pos/sec)]
Estimated time to end of superbatch: [36minf[0ms     [Fsuperbatch [36m4[0m [[35m16.8[0m% ([36m128[0m/[36m763[0m batches, [36m5077796[0m pos/sec)]
Estimated time to end of superbatch: [36m16.5[0ms     [Fsuperbatch [36m4[0m [[35m33.6[0m% ([36m256[0m/[36m763[0m batches, [36m5079794[0m pos/sec)]
Estimated time to end of superbatch: [36m13.1[0ms     [Fsuperbatch [36m4[0m [[35m50.3[0m% ([36m384[0m/[36m763[0m batches, [36m5032690[0m pos/sec)]
Estimated time to end of superbatch: [36m9.9[0ms     [Fsuperbatch [36m4[0m [[35m67.1[0m% ([36m512[0m/[36m763[0m batches, [36m4998749[0m pos/sec)]
Estimated time to end of superbatch: [36m6.6[0ms     [Fsuperbatch [36m4[0m [[35m83.9[0m% ([36m640[0m/[36m763[0m batches, [36m5004076[0m pos/sec)]
Estimated time to end of superbatch: [36m3.2[0ms     [Fsuperbatch [36m4[0m | time [36m20.0[0ms | running loss [36m0.013743[0m | [36m5011986[0m pos/sec | total time [36m96.3[0ms
Estimated time remaining in training: [36m0[0mh [36m10[0mm [36m25[0ms
LR increased to [36m0.0017333333[0m
superbatch [36m5[0m [[35m0.0[0m% ([36m0[0m/[36m763[0m batches, [36m4248236[0m pos/sec)]
Estimated time to end of superbatch: [36minf[0ms     [Fsuperbatch [36m5[0m [[35m16.8[0m% ([36m128[0m/[36m763[0m batches, [36m4903250[0m pos/sec)]
Estimated time to end of superbatch: [36m17.1[0ms     [Fsuperbatch [36m5[0m [[35m33.6[0m% ([36m256[0m/[36m763[0m batches, [36m4967230[0m pos/sec)]
Estimated time to end of superbatch: [36m13.4[0ms     [Fsuperbatch [36m5[0m [[35m50.3[0m% ([36m384[0m/[36m763[0m batches, [36m4981212[0m pos/sec)]
Estimated time to end of superbatch: [36m10.0[0ms     [Fsuperbatch [36m5[0m [[35m67.1[0m% ([36m512[0m/[36m763[0m batches, [36m4997879[0m pos/sec)]
Estimated time to end of superbatch: [36m6.6[0ms     [Fsuperbatch [36m5[0m [[35m83.9[0m% ([36m640[0m/[36m763[0m batches, [36m4923409[0m pos/sec)]
Estimated time to end of superbatch: [36m3.3[0ms     [Fsuperbatch [36m5[0m | time [36m20.4[0ms | running loss [36m0.013167[0m | [36m4911253[0m pos/sec | total time [36m116.7[0ms
Estimated time remaining in training: [36m0[0mh [36m9[0mm [36m43[0ms
LR increased to [36m0.00206[0m
superbatch [36m6[0m [[35m0.0[0m% ([36m0[0m/[36m763[0m batches, [36m5683711[0m pos/sec)]
Estimated time to end of superbatch: [36minf[0ms     [Fsuperbatch [36m6[0m [[35m16.8[0m% ([36m128[0m/[36m763[0m batches, [36m5045082[0m pos/sec)]
Estimated time to end of superbatch: [36m16.6[0ms     [Fsuperbatch [36m6[0m [[35m33.6[0m% ([36m256[0m/[36m763[0m batches, [36m5155720[0m pos/sec)]
Estimated time to end of superbatch: [36m12.9[0ms     [Fsuperbatch [36m6[0m [[35m50.3[0m% ([36m384[0m/[36m763[0m batches, [36m5047839[0m pos/sec)]
Estimated time to end of superbatch: [36m9.9[0ms     [Fsuperbatch [36m6[0m [[35m67.1[0m% ([36m512[0m/[36m763[0m batches, [36m5072178[0m pos/sec)]
Estimated time to end of superbatch: [36m6.5[0ms     [Fsuperbatch [36m6[0m [[35m83.9[0m% ([36m640[0m/[36m763[0m batches, [36m5158906[0m pos/sec)]
Estimated time to end of superbatch: [36m3.1[0ms     [Fsuperbatch [36m6[0m | time [36m19.3[0ms | running loss [36m0.012519[0m | [36m5182104[0m pos/sec | total time [36m136.0[0ms
Estimated time remaining in training: [36m0[0mh [36m9[0mm [36m3[0ms
LR increased to [36m0.0023866668[0m
superbatch [36m7[0m [[35m0.0[0m% ([36m0[0m/[36m763[0m batches, [36m5640096[0m pos/sec)]
Estimated time to end of superbatch: [36minf[0ms     [Fsuperbatch [36m7[0m [[35m16.8[0m% ([36m128[0m/[36m763[0m batches, [36m4685941[0m pos/sec)]
Estimated time to end of superbatch: [36m17.9[0ms     [Fsuperbatch [36m7[0m [[35m33.6[0m% ([36m256[0m/[36m763[0m batches, [36m4800782[0m pos/sec)]
Estimated time to end of superbatch: [36m13.9[0ms     [Fsuperbatch [36m7[0m [[35m50.3[0m% ([36m384[0m/[36m763[0m batches, [36m4877826[0m pos/sec)]
Estimated time to end of superbatch: [36m10.2[0ms     [Fsuperbatch [36m7[0m [[35m67.1[0m% ([36m512[0m/[36m763[0m batches, [36m4900953[0m pos/sec)]
Estimated time to end of superbatch: [36m6.7[0ms     [Fsuperbatch [36m7[0m [[35m83.9[0m% ([36m640[0m/[36m763[0m batches, [36m4885198[0m pos/sec)]
Estimated time to end of superbatch: [36m3.3[0ms     [Fsuperbatch [36m7[0m | time [36m20.5[0ms | running loss [36m0.012404[0m | [36m4887618[0m pos/sec | total time [36m156.4[0ms
Estimated time remaining in training: [36m0[0mh [36m8[0mm [36m33[0ms
LR increased to [36m0.0027133336[0m
superbatch [36m8[0m [[35m0.0[0m% ([36m0[0m/[36m763[0m batches, [36m5611987[0m pos/sec)]
Estimated time to end of superbatch: [36minf[0ms     [Fsuperbatch [36m8[0m [[35m16.8[0m% ([36m128[0m/[36m763[0m batches, [36m5028549[0m pos/sec)]
Estimated time to end of superbatch: [36m16.7[0ms     [Fsuperbatch [36m8[0m [[35m33.6[0m% ([36m256[0m/[36m763[0m batches, [36m5034511[0m pos/sec)]
Estimated time to end of superbatch: [36m13.3[0ms     [Fsuperbatch [36m8[0m [[35m50.3[0m% ([36m384[0m/[36m763[0m batches, [36m4992300[0m pos/sec)]
Estimated time to end of superbatch: [36m10.0[0ms     [Fsuperbatch [36m8[0m [[35m67.1[0m% ([36m512[0m/[36m763[0m batches, [36m4970834[0m pos/sec)]
Estimated time to end of superbatch: [36m6.6[0ms     [Fsuperbatch [36m8[0m [[35m83.9[0m% ([36m640[0m/[36m763[0m batches, [36m4988652[0m pos/sec)]
Estimated time to end of superbatch: [36m3.2[0ms     [Fsuperbatch [36m8[0m | time [36m20.0[0ms | running loss [36m0.012016[0m | [36m5004620[0m pos/sec | total time [36m176.4[0ms
Estimated time remaining in training: [36m0[0mh [36m8[0mm [36m5[0ms
LR increased to [36m0.0030400003[0m
superbatch [36m9[0m [[35m0.0[0m% ([36m0[0m/[36m763[0m batches, [36m5429270[0m pos/sec)]
Estimated time to end of superbatch: [36minf[0ms     [Fsuperbatch [36m9[0m [[35m16.8[0m% ([36m128[0m/[36m763[0m batches, [36m4987744[0m pos/sec)]
Estimated time to end of superbatch: [36m16.8[0ms     [Fsuperbatch [36m9[0m [[35m33.6[0m% ([36m256[0m/[36m763[0m batches, [36m4971124[0m pos/sec)]
Estimated time to end of superbatch: [36m13.4[0ms     [Fsuperbatch [36m9[0m [[35m50.3[0m% ([36m384[0m/[36m763[0m batches, [36m5008900[0m pos/sec)]
Estimated time to end of superbatch: [36m9.9[0ms     [Fsuperbatch [36m9[0m [[35m67.1[0m% ([36m512[0m/[36m763[0m batches, [36m5025450[0m pos/sec)]
Estimated time to end of superbatch: [36m6.6[0ms     [Fsuperbatch [36m9[0m [[35m83.9[0m% ([36m640[0m/[36m763[0m batches, [36m5014806[0m pos/sec)]
Estimated time to end of superbatch: [36m3.2[0ms     [Fsuperbatch [36m9[0m | time [36m20.1[0ms | running loss [36m0.012132[0m | [36m4986753[0m pos/sec | total time [36m196.5[0ms
Estimated time remaining in training: [36m0[0mh [36m7[0mm [36m38[0ms
LR increased to [36m0.0033666668[0m
superbatch [36m10[0m [[35m0.0[0m% ([36m0[0m/[36m763[0m batches, [36m4199825[0m pos/sec)]
Estimated time to end of superbatch: [36minf[0ms     [Fsuperbatch [36m10[0m [[35m16.8[0m% ([36m128[0m/[36m763[0m batches, [36m4967582[0m pos/sec)]
Estimated time to end of superbatch: [36m16.9[0ms     [Fsuperbatch [36m10[0m [[35m33.6[0m% ([36m256[0m/[36m763[0m batches, [36m5017706[0m pos/sec)]
Estimated time to end of superbatch: [36m13.3[0ms     [Fsuperbatch [36m10[0m [[35m50.3[0m% ([36m384[0m/[36m763[0m batches, [36m5014343[0m pos/sec)]
Estimated time to end of superbatch: [36m9.9[0ms     [Fsuperbatch [36m10[0m [[35m67.1[0m% ([36m512[0m/[36m763[0m batches, [36m5018216[0m pos/sec)]
Estimated time to end of superbatch: [36m6.6[0ms     [Fsuperbatch [36m10[0m [[35m83.9[0m% ([36m640[0m/[36m763[0m batches, [36m5023654[0m pos/sec)]
Estimated time to end of superbatch: [36m3.2[0ms     [Fsuperbatch [36m10[0m | time [36m19.9[0ms | running loss [36m0.011876[0m | [36m5020024[0m pos/sec | total time [36m216.4[0ms
Estimated time remaining in training: [36m0[0mh [36m7[0mm [36m12[0ms
Saved [anna-v3q-s0-10]
LR increased to [36m0.0036933336[0m
superbatch [36m11[0m [[35m0.0[0m% ([36m0[0m/[36m763[0m batches, [36m5629836[0m pos/sec)]
Estimated time to end of superbatch: [36minf[0ms     [Fsuperbatch [36m11[0m [[35m16.8[0m% ([36m128[0m/[36m763[0m batches, [36m5087084[0m pos/sec)]
Estimated time to end of superbatch: [36m16.5[0ms     [Fsuperbatch [36m11[0m [[35m33.6[0m% ([36m256[0m/[36m763[0m batches, [36m4942094[0m pos/sec)]
Estimated time to end of superbatch: [36m13.5[0ms     [Fsuperbatch [36m11[0m [[35m50.3[0m% ([36m384[0m/[36m763[0m batches, [36m4966712[0m pos/sec)]
Estimated time to end of superbatch: [36m10.0[0ms     [Fsuperbatch [36m11[0m [[35m67.1[0m% ([36m512[0m/[36m763[0m batches, [36m4989732[0m pos/sec)]
Estimated time to end of superbatch: [36m6.6[0ms     [Fsuperbatch [36m11[0m [[35m83.9[0m% ([36m640[0m/[36m763[0m batches, [36m4987640[0m pos/sec)]
Estimated time to end of superbatch: [36m3.2[0ms     [Fsuperbatch [36m11[0m | time [36m20.0[0ms | running loss [36m0.012049[0m | [36m4992976[0m pos/sec | total time [36m237.7[0ms
Estimated time remaining in training: [36m0[0mh [36m6[0mm [36m50[0ms
LR increased to [36m0.00402[0m
superbatch [36m12[0m [[35m0.0[0m% ([36m0[0m/[36m763[0m batches, [36m5642030[0m pos/sec)]
Estimated time to end of superbatch: [36minf[0ms     [Fsuperbatch [36m12[0m [[35m16.8[0m% ([36m128[0m/[36m763[0m batches, [36m5073852[0m pos/sec)]
Estimated time to end of superbatch: [36m16.5[0ms     [Fsuperbatch [36m12[0m [[35m33.6[0m% ([36m256[0m/[36m763[0m batches, [36m5072106[0m pos/sec)]
Estimated time to end of superbatch: [36m13.2[0ms     [Fsuperbatch [36m12[0m [[35m50.3[0m% ([36m384[0m/[36m763[0m batches, [36m5050370[0m pos/sec)]
Estimated time to end of superbatch: [36m9.9[0ms     [Fsuperbatch [36m12[0m [[35m67.1[0m% ([36m512[0m/[36m763[0m batches, [36m5033782[0m pos/sec)]
Estimated time to end of superbatch: [36m6.5[0ms     [Fsuperbatch [36m12[0m [[35m83.9[0m% ([36m640[0m/[36m763[0m batches, [36m5033471[0m pos/sec)]
Estimated time to end of superbatch: [36m3.2[0ms     [Fsuperbatch [36m12[0m | time [36m19.8[0ms | running loss [36m0.011832[0m | [36m5043879[0m pos/sec | total time [36m257.6[0ms
Estimated time remaining in training: [36m0[0mh [36m6[0mm [36m26[0ms
LR increased to [36m0.0043466664[0m
superbatch [36m13[0m [[35m0.0[0m% ([36m0[0m/[36m763[0m batches, [36m5457554[0m pos/sec)]
Estimated time to end of superbatch: [36minf[0ms     [Fsuperbatch [36m13[0m [[35m16.8[0m% ([36m128[0m/[36m763[0m batches, [36m5020712[0m pos/sec)]
Estimated time to end of superbatch: [36m16.7[0ms     [Fsuperbatch [36m13[0m [[35m33.6[0m% ([36m256[0m/[36m763[0m batches, [36m4995461[0m pos/sec)]
Estimated time to end of superbatch: [36m13.4[0ms     [Fsuperbatch [36m13[0m [[35m50.3[0m% ([36m384[0m/[36m763[0m batches, [36m5017542[0m pos/sec)]
Estimated time to end of superbatch: [36m9.9[0ms     [Fsuperbatch [36m13[0m [[35m67.1[0m% ([36m512[0m/[36m763[0m batches, [36m5022627[0m pos/sec)]
Estimated time to end of superbatch: [36m6.6[0ms     [Fsuperbatch [36m13[0m [[35m83.9[0m% ([36m640[0m/[36m763[0m batches, [36m5025410[0m pos/sec)]
Estimated time to end of superbatch: [36m3.2[0ms     [Fsuperbatch [36m13[0m | time [36m19.9[0ms | running loss [36m0.012044[0m | [36m5018590[0m pos/sec | total time [36m277.5[0ms
Estimated time remaining in training: [36m0[0mh [36m6[0mm [36m2[0ms
LR increased to [36m0.0046733334[0m
superbatch [36m14[0m [[35m0.0[0m% ([36m0[0m/[36m763[0m batches, [36m4077428[0m pos/sec)]
Estimated time to end of superbatch: [36minf[0ms     [Fsuperbatch [36m14[0m [[35m16.8[0m% ([36m128[0m/[36m763[0m batches, [36m5074440[0m pos/sec)]
Estimated time to end of superbatch: [36m16.5[0ms     [Fsuperbatch [36m14[0m [[35m33.6[0m% ([36m256[0m/[36m763[0m batches, [36m5089278[0m pos/sec)]
Estimated time to end of superbatch: [36m13.1[0ms     [Fsuperbatch [36m14[0m [[35m50.3[0m% ([36m384[0m/[36m763[0m batches, [36m5067892[0m pos/sec)]
Estimated time to end of superbatch: [36m9.8[0ms     [Fsuperbatch [36m14[0m [[35m67.1[0m% ([36m512[0m/[36m763[0m batches, [36m5048954[0m pos/sec)]
Estimated time to end of superbatch: [36m6.5[0ms     [Fsuperbatch [36m14[0m [[35m83.9[0m% ([36m640[0m/[36m763[0m batches, [36m5048534[0m pos/sec)]
Estimated time to end of superbatch: [36m3.2[0ms     [Fsuperbatch [36m14[0m | time [36m19.8[0ms | running loss [36m0.011898[0m | [36m5050784[0m pos/sec | total time [36m297.3[0ms
Estimated time remaining in training: [36m0[0mh [36m5[0mm [36m39[0ms
LR increased to [36m0.005[0m
superbatch [36m15[0m [[35m0.0[0m% ([36m0[0m/[36m763[0m batches, [36m5622981[0m pos/sec)]
Estimated time to end of superbatch: [36minf[0ms     [Fsuperbatch [36m15[0m [[35m16.8[0m% ([36m128[0m/[36m763[0m batches, [36m5055107[0m pos/sec)]
Estimated time to end of superbatch: [36m16.6[0ms     [Fsuperbatch [36m15[0m [[35m33.6[0m% ([36m256[0m/[36m763[0m batches, [36m5046756[0m pos/sec)]
Estimated time to end of superbatch: [36m13.2[0ms     [Fsuperbatch [36m15[0m [[35m50.3[0m% ([36m384[0m/[36m763[0m batches, [36m5043521[0m pos/sec)]
Estimated time to end of superbatch: [36m9.9[0ms     [Fsuperbatch [36m15[0m [[35m67.1[0m% ([36m512[0m/[36m763[0m batches, [36m5035288[0m pos/sec)]
Estimated time to end of superbatch: [36m6.5[0ms     [Fsuperbatch [36m15[0m [[35m83.9[0m% ([36m640[0m/[36m763[0m batches, [36m5027524[0m pos/sec)]
Estimated time to end of superbatch: [36m3.2[0ms     [Fsuperbatch [36m15[0m | time [36m19.9[0ms | running loss [36m0.012122[0m | [36m5025898[0m pos/sec | total time [36m317.2[0ms
Estimated time remaining in training: [36m0[0mh [36m5[0mm [36m17[0ms
LR dropped to [36m0.0046733334[0m
superbatch [36m16[0m [[35m0.0[0m% ([36m0[0m/[36m763[0m batches, [36m5304157[0m pos/sec)]
Estimated time to end of superbatch: [36minf[0ms     [Fsuperbatch [36m16[0m [[35m16.8[0m% ([36m128[0m/[36m763[0m batches, [36m5099950[0m pos/sec)]
Estimated time to end of superbatch: [36m16.4[0ms     [Fsuperbatch [36m16[0m [[35m33.6[0m% ([36m256[0m/[36m763[0m batches, [36m5073165[0m pos/sec)]
Estimated time to end of superbatch: [36m13.2[0ms     [Fsuperbatch [36m16[0m [[35m50.3[0m% ([36m384[0m/[36m763[0m batches, [36m5077644[0m pos/sec)]
Estimated time to end of superbatch: [36m9.8[0ms     [Fsuperbatch [36m16[0m [[35m67.1[0m% ([36m512[0m/[36m763[0m batches, [36m5069948[0m pos/sec)]
Estimated time to end of superbatch: [36m6.5[0ms     [Fsuperbatch [36m16[0m [[35m83.9[0m% ([36m640[0m/[36m763[0m batches, [36m5080530[0m pos/sec)]
Estimated time to end of superbatch: [36m3.2[0ms     [Fsuperbatch [36m16[0m | time [36m19.7[0ms | running loss [36m0.011910[0m | [36m5081153[0m pos/sec | total time [36m336.9[0ms
Estimated time remaining in training: [36m0[0mh [36m4[0mm [36m54[0ms
LR dropped to [36m0.0043466664[0m
superbatch [36m17[0m [[35m0.0[0m% ([36m0[0m/[36m763[0m batches, [36m5703151[0m pos/sec)]
Estimated time to end of superbatch: [36minf[0ms     [Fsuperbatch [36m17[0m [[35m16.8[0m% ([36m128[0m/[36m763[0m batches, [36m5055786[0m pos/sec)]
Estimated time to end of superbatch: [36m16.6[0ms     [Fsuperbatch [36m17[0m [[35m33.6[0m% ([36m256[0m/[36m763[0m batches, [36m4904214[0m pos/sec)]
Estimated time to end of superbatch: [36m13.6[0ms     [Fsuperbatch [36m17[0m [[35m50.3[0m% ([36m384[0m/[36m763[0m batches, [36m4936444[0m pos/sec)]
Estimated time to end of superbatch: [36m10.1[0ms     [Fsuperbatch [36m17[0m [[35m67.1[0m% ([36m512[0m/[36m763[0m batches, [36m4972888[0m pos/sec)]
Estimated time to end of superbatch: [36m6.6[0ms     [Fsuperbatch [36m17[0m [[35m83.9[0m% ([36m640[0m/[36m763[0m batches, [36m4958161[0m pos/sec)]
Estimated time to end of superbatch: [36m3.3[0ms     [Fsuperbatch [36m17[0m | time [36m20.2[0ms | running loss [36m0.012015[0m | [36m4954588[0m pos/sec | total time [36m357.1[0ms
Estimated time remaining in training: [36m0[0mh [36m4[0mm [36m33[0ms
LR dropped to [36m0.00402[0m
superbatch [36m18[0m [[35m0.0[0m% ([36m0[0m/[36m763[0m batches, [36m5595580[0m pos/sec)]
Estimated time to end of superbatch: [36minf[0ms     [Fsuperbatch [36m18[0m [[35m16.8[0m% ([36m128[0m/[36m763[0m batches, [36m5047340[0m pos/sec)]
Estimated time to end of superbatch: [36m16.6[0ms     [Fsuperbatch [36m18[0m [[35m33.6[0m% ([36m256[0m/[36m763[0m batches, [36m5060623[0m pos/sec)]
Estimated time to end of superbatch: [36m13.2[0ms     [Fsuperbatch [36m18[0m [[35m50.3[0m% ([36m384[0m/[36m763[0m batches, [36m5048488[0m pos/sec)]
Estimated time to end of superbatch: [36m9.9[0ms     [Fsuperbatch [36m18[0m [[35m67.1[0m% ([36m512[0m/[36m763[0m batches, [36m4970233[0m pos/sec)]
Estimated time to end of superbatch: [36m6.6[0ms     [Fsuperbatch [36m18[0m [[35m83.9[0m% ([36m640[0m/[36m763[0m batches, [36m4986298[0m pos/sec)]
Estimated time to end of superbatch: [36m3.2[0ms     [Fsuperbatch [36m18[0m | time [36m20.0[0ms | running loss [36m0.011842[0m | [36m4999412[0m pos/sec | total time [36m377.1[0ms
Estimated time remaining in training: [36m0[0mh [36m4[0mm [36m11[0ms
LR dropped to [36m0.0036933331[0m
superbatch [36m19[0m [[35m0.0[0m% ([36m0[0m/[36m763[0m batches, [36m4091018[0m pos/sec)]
Estimated time to end of superbatch: [36minf[0ms     [Fsuperbatch [36m19[0m [[35m16.8[0m% ([36m128[0m/[36m763[0m batches, [36m4957966[0m pos/sec)]
Estimated time to end of superbatch: [36m16.9[0ms     [Fsuperbatch [36m19[0m [[35m33.6[0m% ([36m256[0m/[36m763[0m batches, [36m4880092[0m pos/sec)]
Estimated time to end of superbatch: [36m13.7[0ms     [Fsuperbatch [36m19[0m [[35m50.3[0m% ([36m384[0m/[36m763[0m batches, [36m4948287[0m pos/sec)]
Estimated time to end of superbatch: [36m10.1[0ms     [Fsuperbatch [36m19[0m [[35m67.1[0m% ([36m512[0m/[36m763[0m batches, [36m4962958[0m pos/sec)]
Estimated time to end of superbatch: [36m6.6[0ms     [Fsuperbatch [36m19[0m [[35m83.9[0m% ([36m640[0m/[36m763[0m batches, [36m4986874[0m pos/sec)]
Estimated time to end of superbatch: [36m3.2[0ms     [Fsuperbatch [36m19[0m | time [36m20.1[0ms | running loss [36m0.011934[0m | [36m4977798[0m pos/sec | total time [36m397.1[0ms
Estimated time remaining in training: [36m0[0mh [36m3[0mm [36m49[0ms
LR dropped to [36m0.0033666664[0m
superbatch [36m20[0m [[35m0.0[0m% ([36m0[0m/[36m763[0m batches, [36m4840335[0m pos/sec)]
Estimated time to end of superbatch: [36minf[0ms     [Fsuperbatch [36m20[0m [[35m16.8[0m% ([36m128[0m/[36m763[0m batches, [36m5049191[0m pos/sec)]
Estimated time to end of superbatch: [36m16.6[0ms     [Fsuperbatch [36m20[0m [[35m33.6[0m% ([36m256[0m/[36m763[0m batches, [36m5052879[0m pos/sec)]
Estimated time to end of superbatch: [36m13.2[0ms     [Fsuperbatch [36m20[0m [[35m50.3[0m% ([36m384[0m/[36m763[0m batches, [36m5019018[0m pos/sec)]
Estimated time to end of superbatch: [36m9.9[0ms     [Fsuperbatch [36m20[0m [[35m67.1[0m% ([36m512[0m/[36m763[0m batches, [36m4927034[0m pos/sec)]
Estimated time to end of superbatch: [36m6.7[0ms     [Fsuperbatch [36m20[0m [[35m83.9[0m% ([36m640[0m/[36m763[0m batches, [36m4950478[0m pos/sec)]
Estimated time to end of superbatch: [36m3.3[0ms     [Fsuperbatch [36m20[0m | time [36m20.1[0ms | running loss [36m0.011745[0m | [36m4966896[0m pos/sec | total time [36m417.3[0ms
Estimated time remaining in training: [36m0[0mh [36m3[0mm [36m28[0ms
Saved [anna-v3q-s0-20]
LR dropped to [36m0.0030399999[0m
superbatch [36m21[0m [[35m0.0[0m% ([36m0[0m/[36m763[0m batches, [36m5649172[0m pos/sec)]
Estimated time to end of superbatch: [36minf[0ms     [Fsuperbatch [36m21[0m [[35m16.8[0m% ([36m128[0m/[36m763[0m batches, [36m5621469[0m pos/sec)]
Estimated time to end of superbatch: [36m14.9[0ms     [Fsuperbatch [36m21[0m [[35m33.6[0m% ([36m256[0m/[36m763[0m batches, [36m5138152[0m pos/sec)]
Estimated time to end of superbatch: [36m13.0[0ms     [Fsuperbatch [36m21[0m [[35m50.3[0m% ([36m384[0m/[36m763[0m batches, [36m5110758[0m pos/sec)]
Estimated time to end of superbatch: [36m9.7[0ms     [Fsuperbatch [36m21[0m [[35m67.1[0m% ([36m512[0m/[36m763[0m batches, [36m5102306[0m pos/sec)]
Estimated time to end of superbatch: [36m6.5[0ms     [Fsuperbatch [36m21[0m [[35m83.9[0m% ([36m640[0m/[36m763[0m batches, [36m5089050[0m pos/sec)]
Estimated time to end of superbatch: [36m3.2[0ms     [Fsuperbatch [36m21[0m | time [36m19.8[0ms | running loss [36m0.011816[0m | [36m5061823[0m pos/sec | total time [36m438.4[0ms
Estimated time remaining in training: [36m0[0mh [36m3[0mm [36m7[0ms
LR dropped to [36m0.0027133331[0m
superbatch [36m22[0m [[35m0.0[0m% ([36m0[0m/[36m763[0m batches, [36m5131076[0m pos/sec)]
Estimated time to end of superbatch: [36minf[0ms     [Fsuperbatch [36m22[0m [[35m16.8[0m% ([36m128[0m/[36m763[0m batches, [36m5048144[0m pos/sec)]
Estimated time to end of superbatch: [36m16.6[0ms     [Fsuperbatch [36m22[0m [[35m33.6[0m% ([36m256[0m/[36m763[0m batches, [36m5055360[0m pos/sec)]
Estimated time to end of superbatch: [36m13.2[0ms     [Fsuperbatch [36m22[0m [[35m50.3[0m% ([36m384[0m/[36m763[0m batches, [36m5045430[0m pos/sec)]
Estimated time to end of superbatch: [36m9.9[0ms     [Fsuperbatch [36m22[0m [[35m67.1[0m% ([36m512[0m/[36m763[0m batches, [36m5023956[0m pos/sec)]
Estimated time to end of superbatch: [36m6.6[0ms     [Fsuperbatch [36m22[0m [[35m83.9[0m% ([36m640[0m/[36m763[0m batches, [36m5018622[0m pos/sec)]
Estimated time to end of superbatch: [36m3.2[0ms     [Fsuperbatch [36m22[0m | time [36m19.9[0ms | running loss [36m0.011648[0m | [36m5019094[0m pos/sec | total time [36m458.3[0ms
Estimated time remaining in training: [36m0[0mh [36m2[0mm [36m46[0ms
LR dropped to [36m0.0023866664[0m
superbatch [36m23[0m [[35m0.0[0m% ([36m0[0m/[36m763[0m batches, [36m5645224[0m pos/sec)]
Estimated time to end of superbatch: [36minf[0ms     [Fsuperbatch [36m23[0m [[35m16.8[0m% ([36m128[0m/[36m763[0m batches, [36m5011678[0m pos/sec)]
Estimated time to end of superbatch: [36m16.7[0ms     [Fsuperbatch [36m23[0m [[35m33.6[0m% ([36m256[0m/[36m763[0m batches, [36m5007844[0m pos/sec)]
Estimated time to end of superbatch: [36m13.3[0ms     [Fsuperbatch [36m23[0m [[35m50.3[0m% ([36m384[0m/[36m763[0m batches, [36m5025936[0m pos/sec)]
Estimated time to end of superbatch: [36m9.9[0ms     [Fsuperbatch [36m23[0m [[35m67.1[0m% ([36m512[0m/[36m763[0m batches, [36m5054151[0m pos/sec)]
Estimated time to end of superbatch: [36m6.5[0ms     [Fsuperbatch [36m23[0m [[35m83.9[0m% ([36m640[0m/[36m763[0m batches, [36m5037972[0m pos/sec)]
Estimated time to end of superbatch: [36m3.2[0ms     [Fsuperbatch [36m23[0m | time [36m19.9[0ms | running loss [36m0.011627[0m | [36m5028210[0m pos/sec | total time [36m478.2[0ms
Estimated time remaining in training: [36m0[0mh [36m2[0mm [36m25[0ms
LR dropped to [36m0.0020599996[0m
superbatch [36m24[0m [[35m0.0[0m% ([36m0[0m/[36m763[0m batches, [36m5578382[0m pos/sec)]
Estimated time to end of superbatch: [36minf[0ms     [Fsuperbatch [36m24[0m [[35m16.8[0m% ([36m128[0m/[36m763[0m batches, [36m5069326[0m pos/sec)]
Estimated time to end of superbatch: [36m16.5[0ms     [Fsuperbatch [36m24[0m [[35m33.6[0m% ([36m256[0m/[36m763[0m batches, [36m5039288[0m pos/sec)]
Estimated time to end of superbatch: [36m13.2[0ms     [Fsuperbatch [36m24[0m [[35m50.3[0m% ([36m384[0m/[36m763[0m batches, [36m5027461[0m pos/sec)]
Estimated time to end of superbatch: [36m9.9[0ms     [Fsuperbatch [36m24[0m [[35m67.1[0m% ([36m512[0m/[36m763[0m batches, [36m5001480[0m pos/sec)]
Estimated time to end of superbatch: [36m6.6[0ms     [Fsuperbatch [36m24[0m [[35m83.9[0m% ([36m640[0m/[36m763[0m batches, [36m5005464[0m pos/sec)]
Estimated time to end of superbatch: [36m3.2[0ms     [Fsuperbatch [36m24[0m | time [36m20.0[0ms | running loss [36m0.011484[0m | [36m5011704[0m pos/sec | total time [36m498.1[0ms
Estimated time remaining in training: [36m0[0mh [36m2[0mm [36m4[0ms
LR dropped to [36m0.0017333331[0m
superbatch [36m25[0m [[35m0.0[0m% ([36m0[0m/[36m763[0m batches, [36m5687878[0m pos/sec)]
Estimated time to end of superbatch: [36minf[0ms     [Fsuperbatch [36m25[0m [[35m16.8[0m% ([36m128[0m/[36m763[0m batches, [36m5012174[0m pos/sec)]
Estimated time to end of superbatch: [36m16.7[0ms     [Fsuperbatch [36m25[0m [[35m33.6[0m% ([36m256[0m/[36m763[0m batches, [36m4999920[0m pos/sec)]
Estimated time to end of superbatch: [36m13.3[0ms     [Fsuperbatch [36m25[0m [[35m50.3[0m% ([36m384[0m/[36m763[0m batches, [36m5007308[0m pos/sec)]
Estimated time to end of superbatch: [36m9.9[0ms     [Fsuperbatch [36m25[0m [[35m67.1[0m% ([36m512[0m/[36m763[0m batches, [36m5018772[0m pos/sec)]
Estimated time to end of superbatch: [36m6.6[0ms     [Fsuperbatch [36m25[0m [[35m83.9[0m% ([36m640[0m/[36m763[0m batches, [36m5026723[0m pos/sec)]
Estimated time to end of superbatch: [36m3.2[0ms     [Fsuperbatch [36m25[0m | time [36m19.9[0ms | running loss [36m0.011469[0m | [36m5031509[0m pos/sec | total time [36m518.0[0ms
Estimated time remaining in training: [36m0[0mh [36m1[0mm [36m43[0ms
LR dropped to [36m0.0014066664[0m
superbatch [36m26[0m [[35m0.0[0m% ([36m0[0m/[36m763[0m batches, [36m5229056[0m pos/sec)]
Estimated time to end of superbatch: [36minf[0ms     [Fsuperbatch [36m26[0m [[35m16.8[0m% ([36m128[0m/[36m763[0m batches, [36m5066804[0m pos/sec)]
Estimated time to end of superbatch: [36m16.6[0ms     [Fsuperbatch [36m26[0m [[35m33.6[0m% ([36m256[0m/[36m763[0m batches, [36m5062315[0m pos/sec)]
Estimated time to end of superbatch: [36m13.2[0ms     [Fsuperbatch [36m26[0m [[35m50.3[0m% ([36m384[0m/[36m763[0m batches, [36m5051572[0m pos/sec)]
Estimated time to end of superbatch: [36m9.9[0ms     [Fsuperbatch [36m26[0m [[35m67.1[0m% ([36m512[0m/[36m763[0m batches, [36m5047127[0m pos/sec)]
Estimated time to end of superbatch: [36m6.5[0ms     [Fsuperbatch [36m26[0m [[35m83.9[0m% ([36m640[0m/[36m763[0m batches, [36m5036278[0m pos/sec)]
Estimated time to end of superbatch: [36m3.2[0ms     [Fsuperbatch [36m26[0m | time [36m19.9[0ms | running loss [36m0.011394[0m | [36m5037600[0m pos/sec | total time [36m537.9[0ms
Estimated time remaining in training: [36m0[0mh [36m1[0mm [36m22[0ms
LR dropped to [36m0.0010799998[0m
superbatch [36m27[0m [[35m0.0[0m% ([36m0[0m/[36m763[0m batches, [36m5517050[0m pos/sec)]
Estimated time to end of superbatch: [36minf[0ms     [Fsuperbatch [36m27[0m [[35m16.8[0m% ([36m128[0m/[36m763[0m batches, [36m5019472[0m pos/sec)]
Estimated time to end of superbatch: [36m16.7[0ms     [Fsuperbatch [36m27[0m [[35m33.6[0m% ([36m256[0m/[36m763[0m batches, [36m5019272[0m pos/sec)]
Estimated time to end of superbatch: [36m13.3[0ms     [Fsuperbatch [36m27[0m [[35m50.3[0m% ([36m384[0m/[36m763[0m batches, [36m5032868[0m pos/sec)]
Estimated time to end of superbatch: [36m9.9[0ms     [Fsuperbatch [36m27[0m [[35m67.1[0m% ([36m512[0m/[36m763[0m batches, [36m5036576[0m pos/sec)]
Estimated time to end of superbatch: [36m6.5[0ms     [Fsuperbatch [36m27[0m [[35m83.9[0m% ([36m640[0m/[36m763[0m batches, [36m5049193[0m pos/sec)]
Estimated time to end of superbatch: [36m3.2[0ms     [Fsuperbatch [36m27[0m | time [36m19.9[0ms | running loss [36m0.011392[0m | [36m5038164[0m pos/sec | total time [36m557.7[0ms
Estimated time remaining in training: [36m0[0mh [36m1[0mm [36m1[0ms
LR dropped to [36m0.0007533333[0m
superbatch [36m28[0m [[35m0.0[0m% ([36m0[0m/[36m763[0m batches, [36m5281564[0m pos/sec)]
Estimated time to end of superbatch: [36minf[0ms     [Fsuperbatch [36m28[0m [[35m16.8[0m% ([36m128[0m/[36m763[0m batches, [36m5024960[0m pos/sec)]
Estimated time to end of superbatch: [36m16.7[0ms     [Fsuperbatch [36m28[0m [[35m33.6[0m% ([36m256[0m/[36m763[0m batches, [36m5029166[0m pos/sec)]
Estimated time to end of superbatch: [36m13.3[0ms     [Fsuperbatch [36m28[0m [[35m50.3[0m% ([36m384[0m/[36m763[0m batches, [36m5038434[0m pos/sec)]
Estimated time to end of superbatch: [36m9.9[0ms     [Fsuperbatch [36m28[0m [[35m67.1[0m% ([36m512[0m/[36m763[0m batches, [36m5031362[0m pos/sec)]
Estimated time to end of superbatch: [36m6.6[0ms     [Fsuperbatch [36m28[0m [[35m83.9[0m% ([36m640[0m/[36m763[0m batches, [36m5042540[0m pos/sec)]
Estimated time to end of superbatch: [36m3.2[0ms     [Fsuperbatch [36m28[0m | time [36m19.8[0ms | running loss [36m0.011335[0m | [36m5051194[0m pos/sec | total time [36m577.5[0ms
Estimated time remaining in training: [36m0[0mh [36m0[0mm [36m41[0ms
LR dropped to [36m0.00042666635[0m
superbatch [36m29[0m [[35m0.0[0m% ([36m0[0m/[36m763[0m batches, [36m5594147[0m pos/sec)]
Estimated time to end of superbatch: [36minf[0ms     [Fsuperbatch [36m29[0m [[35m16.8[0m% ([36m128[0m/[36m763[0m batches, [36m5060318[0m pos/sec)]
Estimated time to end of superbatch: [36m16.6[0ms     [Fsuperbatch [36m29[0m [[35m33.6[0m% ([36m256[0m/[36m763[0m batches, [36m4991718[0m pos/sec)]
Estimated time to end of superbatch: [36m13.4[0ms     [Fsuperbatch [36m29[0m [[35m50.3[0m% ([36m384[0m/[36m763[0m batches, [36m4989491[0m pos/sec)]
Estimated time to end of superbatch: [36m10.0[0ms     [Fsuperbatch [36m29[0m [[35m67.1[0m% ([36m512[0m/[36m763[0m batches, [36m5006765[0m pos/sec)]
Estimated time to end of superbatch: [36m6.6[0ms     [Fsuperbatch [36m29[0m [[35m83.9[0m% ([36m640[0m/[36m763[0m batches, [36m5027648[0m pos/sec)]
Estimated time to end of superbatch: [36m3.2[0ms     [Fsuperbatch [36m29[0m | time [36m20.0[0ms | running loss [36m0.011420[0m | [36m5008800[0m pos/sec | total time [36m597.5[0ms
Estimated time remaining in training: [36m0[0mh [36m0[0mm [36m20[0ms
LR dropped to [36m0.0001[0m
superbatch [36m30[0m [[35m0.0[0m% ([36m0[0m/[36m763[0m batches, [36m5468928[0m pos/sec)]
Estimated time to end of superbatch: [36minf[0ms     [Fsuperbatch [36m30[0m [[35m16.8[0m% ([36m128[0m/[36m763[0m batches, [36m4924156[0m pos/sec)]
Estimated time to end of superbatch: [36m17.0[0ms     [Fsuperbatch [36m30[0m [[35m33.6[0m% ([36m256[0m/[36m763[0m batches, [36m4983904[0m pos/sec)]
Estimated time to end of superbatch: [36m13.4[0ms     [Fsuperbatch [36m30[0m [[35m50.3[0m% ([36m384[0m/[36m763[0m batches, [36m5018742[0m pos/sec)]
Estimated time to end of superbatch: [36m9.9[0ms     [Fsuperbatch [36m30[0m [[35m67.1[0m% ([36m512[0m/[36m763[0m batches, [36m4975794[0m pos/sec)]
Estimated time to end of superbatch: [36m6.6[0ms     [Fsuperbatch [36m30[0m [[35m83.9[0m% ([36m640[0m/[36m763[0m batches, [36m4976620[0m pos/sec)]
Estimated time to end of superbatch: [36m3.2[0ms     [Fsuperbatch [36m30[0m | time [36m20.1[0ms | running loss [36m0.011522[0m | [36m4986144[0m pos/sec | total time [36m617.5[0ms
Estimated time remaining in training: [36m0[0mh [36m0[0mm [36m0[0ms
Saved [anna-v3q-s0-30]
Total Training Time: [36m0[0mh [36m10[0mm [36m18[0ms
[34;1mTraining on NVIDIA L40S (sm_89)[0m
superbatch [36m1[0m [[35m0.0[0m% ([36m0[0m/[36m763[0m batches, [36m5648790[0m pos/sec)]
Estimated time to end of superbatch: [36minf[0ms     [Fsuperbatch [36m1[0m [[35m16.8[0m% ([36m128[0m/[36m763[0m batches, [36m4929796[0m pos/sec)]
Estimated time to end of superbatch: [36m17.0[0ms     [Fsuperbatch [36m1[0m [[35m33.6[0m% ([36m256[0m/[36m763[0m batches, [36m5140844[0m pos/sec)]
Estimated time to end of superbatch: [36m13.0[0ms     [Fsuperbatch [36m1[0m [[35m50.3[0m% ([36m384[0m/[36m763[0m batches, [36m5286648[0m pos/sec)]
Estimated time to end of superbatch: [36m9.4[0ms     [Fsuperbatch [36m1[0m [[35m67.1[0m% ([36m512[0m/[36m763[0m batches, [36m5333462[0m pos/sec)]
Estimated time to end of superbatch: [36m6.2[0ms     [Fsuperbatch [36m1[0m [[35m83.9[0m% ([36m640[0m/[36m763[0m batches, [36m5273461[0m pos/sec)]
Estimated time to end of superbatch: [36m3.1[0ms     [Fsuperbatch [36m1[0m | time [36m18.9[0ms | running loss [36m0.011281[0m | [36m5281070[0m pos/sec | total time [36m25.3[0ms
Estimated time remaining in training: [36m2[0mh [36m10[0mm [36m13[0ms
LR dropped to [36m0.0009935548[0m
superbatch [36m2[0m [[35m0.0[0m% ([36m0[0m/[36m763[0m batches, [36m5628888[0m pos/sec)]
Estimated time to end of superbatch: [36minf[0ms     [Fsuperbatch [36m2[0m [[35m16.8[0m% ([36m128[0m/[36m763[0m batches, [36m5565094[0m pos/sec)]
Estimated time to end of superbatch: [36m15.1[0ms     [Fsuperbatch [36m2[0m [[35m33.6[0m% ([36m256[0m/[36m763[0m batches, [36m5565844[0m pos/sec)]
Estimated time to end of superbatch: [36m12.0[0ms     [Fsuperbatch [36m2[0m [[35m50.3[0m% ([36m384[0m/[36m763[0m batches, [36m5352076[0m pos/sec)]
Estimated time to end of superbatch: [36m9.3[0ms     [Fsuperbatch [36m2[0m [[35m67.1[0m% ([36m512[0m/[36m763[0m batches, [36m5367122[0m pos/sec)]
Estimated time to end of superbatch: [36m6.1[0ms     [Fsuperbatch [36m2[0m [[35m83.9[0m% ([36m640[0m/[36m763[0m batches, [36m5398974[0m pos/sec)]
Estimated time to end of superbatch: [36m3.0[0ms     [Fsuperbatch [36m2[0m | time [36m18.4[0ms | running loss [36m0.011150[0m | [36m5422414[0m pos/sec | total time [36m43.7[0ms
Estimated time remaining in training: [36m1[0mh [36m52[0mm [36m14[0ms
LR dropped to [36m0.0009903323[0m
superbatch [36m3[0m [[35m0.0[0m% ([36m0[0m/[36m763[0m batches, [36m5535332[0m pos/sec)]
Estimated time to end of superbatch: [36minf[0ms     [Fsuperbatch [36m3[0m [[35m16.8[0m% ([36m128[0m/[36m763[0m batches, [36m5115334[0m pos/sec)]
Estimated time to end of superbatch: [36m16.4[0ms     [Fsuperbatch [36m3[0m [[35m33.6[0m% ([36m256[0m/[36m763[0m batches, [36m5230788[0m pos/sec)]
Estimated time to end of superbatch: [36m12.8[0ms     [Fsuperbatch [36m3[0m [[35m50.3[0m% ([36m384[0m/[36m763[0m batches, [36m5341208[0m pos/sec)]
Estimated time to end of superbatch: [36m9.3[0ms     [Fsuperbatch [36m3[0m [[35m67.1[0m% ([36m512[0m/[36m763[0m batches, [36m5307013[0m pos/sec)]
Estimated time to end of superbatch: [36m6.2[0ms     [Fsuperbatch [36m3[0m [[35m83.9[0m% ([36m640[0m/[36m763[0m batches, [36m5248214[0m pos/sec)]
Estimated time to end of superbatch: [36m3.1[0ms     [Fsuperbatch [36m3[0m | time [36m19.2[0ms | running loss [36m0.011299[0m | [36m5208419[0m pos/sec | total time [36m62.9[0ms
Estimated time remaining in training: [36m1[0mh [36m47[0mm [36m20[0ms
LR dropped to [36m0.0009871097[0m
superbatch [36m4[0m [[35m0.0[0m% ([36m0[0m/[36m763[0m batches, [36m4841450[0m pos/sec)]
Estimated time to end of superbatch: [36minf[0ms     [Fsuperbatch [36m4[0m [[35m16.8[0m% ([36m128[0m/[36m763[0m batches, [36m5053852[0m pos/sec)]
Estimated time to end of superbatch: [36m16.6[0ms     [Fsuperbatch [36m4[0m [[35m33.6[0m% ([36m256[0m/[36m763[0m batches, [36m5062197[0m pos/sec)]
Estimated time to end of superbatch: [36m13.2[0ms     [Fsuperbatch [36m4[0m [[35m50.3[0m% ([36m384[0m/[36m763[0m batches, [36m5057407[0m pos/sec)]
Estimated time to end of superbatch: [36m9.8[0ms     [Fsuperbatch [36m4[0m [[35m67.1[0m% ([36m512[0m/[36m763[0m batches, [36m5058418[0m pos/sec)]
Estimated time to end of superbatch: [36m6.5[0ms     [Fsuperbatch [36m4[0m [[35m83.9[0m% ([36m640[0m/[36m763[0m batches, [36m5067177[0m pos/sec)]
Estimated time to end of superbatch: [36m3.2[0ms     [Fsuperbatch [36m4[0m | time [36m19.7[0ms | running loss [36m0.011112[0m | [36m5067270[0m pos/sec | total time [36m82.7[0ms
Estimated time remaining in training: [36m1[0mh [36m45[0mm [36m24[0ms
LR dropped to [36m0.0009838871[0m
superbatch [36m5[0m [[35m0.0[0m% ([36m0[0m/[36m763[0m batches, [36m5611282[0m pos/sec)]
Estimated time to end of superbatch: [36minf[0ms     [Fsuperbatch [36m5[0m [[35m16.8[0m% ([36m128[0m/[36m763[0m batches, [36m4970423[0m pos/sec)]
Estimated time to end of superbatch: [36m16.9[0ms     [Fsuperbatch [36m5[0m [[35m33.6[0m% ([36m256[0m/[36m763[0m batches, [36m4977340[0m pos/sec)]
Estimated time to end of superbatch: [36m13.4[0ms     [Fsuperbatch [36m5[0m [[35m50.3[0m% ([36m384[0m/[36m763[0m batches, [36m5013244[0m pos/sec)]
Estimated time to end of superbatch: [36m9.9[0ms     [Fsuperbatch [36m5[0m [[35m67.1[0m% ([36m512[0m/[36m763[0m batches, [36m5037014[0m pos/sec)]
Estimated time to end of superbatch: [36m6.5[0ms     [Fsuperbatch [36m5[0m [[35m83.9[0m% ([36m640[0m/[36m763[0m batches, [36m5053308[0m pos/sec)]
Estimated time to end of superbatch: [36m3.2[0ms     [Fsuperbatch [36m5[0m | time [36m19.8[0ms | running loss [36m0.011239[0m | [36m5045066[0m pos/sec | total time [36m102.5[0ms
Estimated time remaining in training: [36m1[0mh [36m44[0mm [36m11[0ms
LR dropped to [36m0.0009806645[0m
superbatch [36m6[0m [[35m0.0[0m% ([36m0[0m/[36m763[0m batches, [36m5613887[0m pos/sec)]
Estimated time to end of superbatch: [36minf[0ms     [Fsuperbatch [36m6[0m [[35m16.8[0m% ([36m128[0m/[36m763[0m batches, [36m5075498[0m pos/sec)]
Estimated time to end of superbatch: [36m16.5[0ms     [Fsuperbatch [36m6[0m [[35m33.6[0m% ([36m256[0m/[36m763[0m batches, [36m5059804[0m pos/sec)]
Estimated time to end of superbatch: [36m13.2[0ms     [Fsuperbatch [36m6[0m [[35m50.3[0m% ([36m384[0m/[36m763[0m batches, [36m5052097[0m pos/sec)]
Estimated time to end of superbatch: [36m9.9[0ms     [Fsuperbatch [36m6[0m [[35m67.1[0m% ([36m512[0m/[36m763[0m batches, [36m5015156[0m pos/sec)]
Estimated time to end of superbatch: [36m6.6[0ms     [Fsuperbatch [36m6[0m [[35m83.9[0m% ([36m640[0m/[36m763[0m batches, [36m5029950[0m pos/sec)]
Estimated time to end of superbatch: [36m3.2[0ms     [Fsuperbatch [36m6[0m | time [36m19.9[0ms | running loss [36m0.011088[0m | [36m5033182[0m pos/sec | total time [36m122.4[0ms
Estimated time remaining in training: [36m1[0mh [36m43[0mm [36m19[0ms
LR dropped to [36m0.000977442[0m
superbatch [36m7[0m [[35m0.0[0m% ([36m0[0m/[36m763[0m batches, [36m4123533[0m pos/sec)]
Estimated time to end of superbatch: [36minf[0ms     [Fsuperbatch [36m7[0m [[35m16.8[0m% ([36m128[0m/[36m763[0m batches, [36m4898246[0m pos/sec)]
Estimated time to end of superbatch: [36m17.1[0ms     [Fsuperbatch [36m7[0m [[35m33.6[0m% ([36m256[0m/[36m763[0m batches, [36m4921547[0m pos/sec)]
Estimated time to end of superbatch: [36m13.6[0ms     [Fsuperbatch [36m7[0m [[35m50.3[0m% ([36m384[0m/[36m763[0m batches, [36m4981594[0m pos/sec)]
Estimated time to end of superbatch: [36m10.0[0ms     [Fsuperbatch [36m7[0m [[35m67.1[0m% ([36m512[0m/[36m763[0m batches, [36m4990304[0m pos/sec)]
Estimated time to end of superbatch: [36m6.6[0ms     [Fsuperbatch [36m7[0m [[35m83.9[0m% ([36m640[0m/[36m763[0m batches, [36m4997658[0m pos/sec)]
Estimated time to end of superbatch: [36m3.2[0ms     [Fsuperbatch [36m7[0m | time [36m20.0[0ms | running loss [36m0.011198[0m | [36m5004016[0m pos/sec | total time [36m142.3[0ms
Estimated time remaining in training: [36m1[0mh [36m42[0mm [36m41[0ms
LR dropped to [36m0.0009742194[0m
superbatch [36m8[0m [[35m0.0[0m% ([36m0[0m/[36m763[0m batches, [36m5381765[0m pos/sec)]
Estimated time to end of superbatch: [36minf[0ms     [Fsuperbatch [36m8[0m [[35m16.8[0m% ([36m128[0m/[36m763[0m batches, [36m5103984[0m pos/sec)]
Estimated time to end of superbatch: [36m16.4[0ms     [Fsuperbatch [36m8[0m [[35m33.6[0m% ([36m256[0m/[36m763[0m batches, [36m5109405[0m pos/sec)]
Estimated time to end of superbatch: [36m13.1[0ms     [Fsuperbatch [36m8[0m [[35m50.3[0m% ([36m384[0m/[36m763[0m batches, [36m5098716[0m pos/sec)]
Estimated time to end of superbatch: [36m9.8[0ms     [Fsuperbatch [36m8[0m [[35m67.1[0m% ([36m512[0m/[36m763[0m batches, [36m5078444[0m pos/sec)]
Estimated time to end of superbatch: [36m6.5[0ms     [Fsuperbatch [36m8[0m [[35m83.9[0m% ([36m640[0m/[36m763[0m batches, [36m5073396[0m pos/sec)]
Estimated time to end of superbatch: [36m3.2[0ms     [Fsuperbatch [36m8[0m | time [36m19.7[0ms | running loss [36m0.011049[0m | [36m5072748[0m pos/sec | total time [36m162.1[0ms
Estimated time remaining in training: [36m1[0mh [36m41[0mm [36m57[0ms
LR dropped to [36m0.0009709968[0m
superbatch [36m9[0m [[35m0.0[0m% ([36m0[0m/[36m763[0m batches, [36m5401213[0m pos/sec)]
Estimated time to end of superbatch: [36minf[0ms     [Fsuperbatch [36m9[0m [[35m16.8[0m% ([36m128[0m/[36m763[0m batches, [36m5041804[0m pos/sec)]
Estimated time to end of superbatch: [36m16.6[0ms     [Fsuperbatch [36m9[0m [[35m33.6[0m% ([36m256[0m/[36m763[0m batches, [36m5061307[0m pos/sec)]
Estimated time to end of superbatch: [36m13.2[0ms     [Fsuperbatch [36m9[0m [[35m50.3[0m% ([36m384[0m/[36m763[0m batches, [36m5065092[0m pos/sec)]
Estimated time to end of superbatch: [36m9.8[0ms     [Fsuperbatch [36m9[0m [[35m67.1[0m% ([36m512[0m/[36m763[0m batches, [36m5064610[0m pos/sec)]
Estimated time to end of superbatch: [36m6.5[0ms     [Fsuperbatch [36m9[0m [[35m83.9[0m% ([36m640[0m/[36m763[0m batches, [36m5059409[0m pos/sec)]
Estimated time to end of superbatch: [36m3.2[0ms     [Fsuperbatch [36m9[0m | time [36m19.8[0ms | running loss [36m0.011194[0m | [36m5042021[0m pos/sec | total time [36m181.9[0ms
Estimated time remaining in training: [36m1[0mh [36m41[0mm [36m23[0ms
LR dropped to [36m0.00096777425[0m
superbatch [36m10[0m [[35m0.0[0m% ([36m0[0m/[36m763[0m batches, [36m5459636[0m pos/sec)]
Estimated time to end of superbatch: [36minf[0ms     [Fsuperbatch [36m10[0m [[35m16.8[0m% ([36m128[0m/[36m763[0m batches, [36m5075190[0m pos/sec)]
Estimated time to end of superbatch: [36m16.5[0ms     [Fsuperbatch [36m10[0m [[35m33.6[0m% ([36m256[0m/[36m763[0m batches, [36m5063480[0m pos/sec)]
Estimated time to end of superbatch: [36m13.2[0ms     [Fsuperbatch [36m10[0m [[35m50.3[0m% ([36m384[0m/[36m763[0m batches, [36m5085784[0m pos/sec)]
Estimated time to end of superbatch: [36m9.8[0ms     [Fsuperbatch [36m10[0m [[35m67.1[0m% ([36m512[0m/[36m763[0m batches, [36m5092181[0m pos/sec)]
Estimated time to end of superbatch: [36m6.5[0ms     [Fsuperbatch [36m10[0m [[35m83.9[0m% ([36m640[0m/[36m763[0m batches, [36m5085002[0m pos/sec)]
Estimated time to end of superbatch: [36m3.2[0ms     [Fsuperbatch [36m10[0m | time [36m19.7[0ms | running loss [36m0.011054[0m | [36m5071939[0m pos/sec | total time [36m201.6[0ms
Estimated time remaining in training: [36m1[0mh [36m40[0mm [36m48[0ms
Saved [anna-v3q-s1-10]
LR dropped to [36m0.00096455164[0m
superbatch [36m11[0m [[35m0.0[0m% ([36m0[0m/[36m763[0m batches, [36m5650172[0m pos/sec)]
Estimated time to end of superbatch: [36minf[0ms     [Fsuperbatch [36m11[0m [[35m16.8[0m% ([36m128[0m/[36m763[0m batches, [36m5288784[0m pos/sec)]
Estimated time to end of superbatch: [36m15.9[0ms     [Fsuperbatch [36m11[0m [[35m33.6[0m% ([36m256[0m/[36m763[0m batches, [36m5065772[0m pos/sec)]
Estimated time to end of superbatch: [36m13.2[0ms     [Fsuperbatch [36m11[0m [[35m50.3[0m% ([36m384[0m/[36m763[0m batches, [36m5044175[0m pos/sec)]
Estimated time to end of superbatch: [36m9.9[0ms     [Fsuperbatch [36m11[0m [[35m67.1[0m% ([36m512[0m/[36m763[0m batches, [36m5047044[0m pos/sec)]
Estimated time to end of superbatch: [36m6.5[0ms     [Fsuperbatch [36m11[0m [[35m83.9[0m% ([36m640[0m/[36m763[0m batches, [36m5049244[0m pos/sec)]
Estimated time to end of superbatch: [36m3.2[0ms     [Fsuperbatch [36m11[0m | time [36m19.8[0ms | running loss [36m0.011167[0m | [36m5049750[0m pos/sec | total time [36m222.7[0ms
Estimated time remaining in training: [36m1[0mh [36m40[0mm [36m53[0ms
LR dropped to [36m0.0009613291[0m
superbatch [36m12[0m [[35m0.0[0m% ([36m0[0m/[36m763[0m batches, [36m5412088[0m pos/sec)]
Estimated time to end of superbatch: [36minf[0ms     [Fsuperbatch [36m12[0m [[35m16.8[0m% ([36m128[0m/[36m763[0m batches, [36m5017248[0m pos/sec)]
Estimated time to end of superbatch: [36m16.7[0ms     [Fsuperbatch [36m12[0m [[35m33.6[0m% ([36m256[0m/[36m763[0m batches, [36m5013898[0m pos/sec)]
Estimated time to end of superbatch: [36m13.3[0ms     [Fsuperbatch [36m12[0m [[35m50.3[0m% ([36m384[0m/[36m763[0m batches, [36m5023786[0m pos/sec)]
Estimated time to end of superbatch: [36m9.9[0ms     [Fsuperbatch [36m12[0m [[35m67.1[0m% ([36m512[0m/[36m763[0m batches, [36m5029351[0m pos/sec)]
Estimated time to end of superbatch: [36m6.6[0ms     [Fsuperbatch [36m12[0m [[35m83.9[0m% ([36m640[0m/[36m763[0m batches, [36m5021543[0m pos/sec)]
Estimated time to end of superbatch: [36m3.2[0ms     [Fsuperbatch [36m12[0m | time [36m19.9[0ms | running loss [36m0.011021[0m | [36m5032681[0m pos/sec | total time [36m242.6[0ms
Estimated time remaining in training: [36m1[0mh [36m40[0mm [36m24[0ms
LR dropped to [36m0.0009581065[0m
superbatch [36m13[0m [[35m0.0[0m% ([36m0[0m/[36m763[0m batches, [36m5295542[0m pos/sec)]
Estimated time to end of superbatch: [36minf[0ms     [Fsuperbatch [36m13[0m [[35m16.8[0m% ([36m128[0m/[36m763[0m batches, [36m4986428[0m pos/sec)]
Estimated time to end of superbatch: [36m16.8[0ms     [Fsuperbatch [36m13[0m [[35m33.6[0m% ([36m256[0m/[36m763[0m batches, [36m5030232[0m pos/sec)]
Estimated time to end of superbatch: [36m13.3[0ms     [Fsuperbatch [36m13[0m [[35m50.3[0m% ([36m384[0m/[36m763[0m batches, [36m5041739[0m pos/sec)]
Estimated time to end of superbatch: [36m9.9[0ms     [Fsuperbatch [36m13[0m [[35m67.1[0m% ([36m512[0m/[36m763[0m batches, [36m5045868[0m pos/sec)]
Estimated time to end of superbatch: [36m6.5[0ms     [Fsuperbatch [36m13[0m [[35m83.9[0m% ([36m640[0m/[36m763[0m batches, [36m4994522[0m pos/sec)]
Estimated time to end of superbatch: [36m3.2[0ms     [Fsuperbatch [36m13[0m | time [36m20.1[0ms | running loss [36m0.011127[0m | [36m4976723[0m pos/sec | total time [36m262.7[0ms
Estimated time remaining in training: [36m1[0mh [36m40[0mm [36m1[0ms
LR dropped to [36m0.00095488393[0m
superbatch [36m14[0m [[35m0.0[0m% ([36m0[0m/[36m763[0m batches, [36m4444604[0m pos/sec)]
Estimated time to end of superbatch: [36minf[0ms     [Fsuperbatch [36m14[0m [[35m16.8[0m% ([36m128[0m/[36m763[0m batches, [36m5078276[0m pos/sec)]
Estimated time to end of superbatch: [36m16.5[0ms     [Fsuperbatch [36m14[0m [[35m33.6[0m% ([36m256[0m/[36m763[0m batches, [36m5079520[0m pos/sec)]
Estimated time to end of superbatch: [36m13.1[0ms     [Fsuperbatch [36m14[0m [[35m50.3[0m% ([36m384[0m/[36m763[0m batches, [36m5055022[0m pos/sec)]
Estimated time to end of superbatch: [36m9.9[0ms     [Fsuperbatch [36m14[0m [[35m67.1[0m% ([36m512[0m/[36m763[0m batches, [36m5014243[0m pos/sec)]
Estimated time to end of superbatch: [36m6.6[0ms     [Fsuperbatch [36m14[0m [[35m83.9[0m% ([36m640[0m/[36m763[0m batches, [36m5025794[0m pos/sec)]
Estimated time to end of superbatch: [36m3.2[0ms     [Fsuperbatch [36m14[0m | time [36m19.9[0ms | running loss [36m0.011010[0m | [36m5034876[0m pos/sec | total time [36m282.5[0ms
Estimated time remaining in training: [36m1[0mh [36m39[0mm [36m33[0ms
LR dropped to [36m0.0009516613[0m
superbatch [36m15[0m [[35m0.0[0m% ([36m0[0m/[36m763[0m batches, [36m4116674[0m pos/sec)]
Estimated time to end of superbatch: [36minf[0ms     [Fsuperbatch [36m15[0m [[35m16.8[0m% ([36m128[0m/[36m763[0m batches, [36m5020300[0m pos/sec)]
Estimated time to end of superbatch: [36m16.7[0ms     [Fsuperbatch [36m15[0m [[35m33.6[0m% ([36m256[0m/[36m763[0m batches, [36m5058944[0m pos/sec)]
Estimated time to end of superbatch: [36m13.2[0ms     [Fsuperbatch [36m15[0m [[35m50.3[0m% ([36m384[0m/[36m763[0m batches, [36m5049902[0m pos/sec)]
Estimated time to end of superbatch: [36m9.9[0ms     [Fsuperbatch [36m15[0m [[35m67.1[0m% ([36m512[0m/[36m763[0m batches, [36m5049938[0m pos/sec)]
Estimated time to end of superbatch: [36m6.5[0ms     [Fsuperbatch [36m15[0m [[35m83.9[0m% ([36m640[0m/[36m763[0m batches, [36m5057640[0m pos/sec)]
Estimated time to end of superbatch: [36m3.2[0ms     [Fsuperbatch [36m15[0m | time [36m19.8[0ms | running loss [36m0.011101[0m | [36m5048332[0m pos/sec | total time [36m302.4[0ms
Estimated time remaining in training: [36m1[0mh [36m39[0mm [36m6[0ms
LR dropped to [36m0.00094843877[0m
superbatch [36m16[0m [[35m0.0[0m% ([36m0[0m/[36m763[0m batches, [36m4971448[0m pos/sec)]
Estimated time to end of superbatch: [36minf[0ms     [Fsuperbatch [36m16[0m [[35m16.8[0m% ([36m128[0m/[36m763[0m batches, [36m5051870[0m pos/sec)]
Estimated time to end of superbatch: [36m16.6[0ms     [Fsuperbatch [36m16[0m [[35m33.6[0m% ([36m256[0m/[36m763[0m batches, [36m5020811[0m pos/sec)]
Estimated time to end of superbatch: [36m13.3[0ms     [Fsuperbatch [36m16[0m [[35m50.3[0m% ([36m384[0m/[36m763[0m batches, [36m5040968[0m pos/sec)]
Estimated time to end of superbatch: [36m9.9[0ms     [Fsuperbatch [36m16[0m [[35m67.1[0m% ([36m512[0m/[36m763[0m batches, [36m5028154[0m pos/sec)]
Estimated time to end of superbatch: [36m6.6[0ms     [Fsuperbatch [36m16[0m [[35m83.9[0m% ([36m640[0m/[36m763[0m batches, [36m5040826[0m pos/sec)]
Estimated time to end of superbatch: [36m3.2[0ms     [Fsuperbatch [36m16[0m | time [36m19.9[0ms | running loss [36m0.010985[0m | [36m5031148[0m pos/sec | total time [36m322.2[0ms
Estimated time remaining in training: [36m1[0mh [36m38[0mm [36m41[0ms
LR dropped to [36m0.00094521616[0m
superbatch [36m17[0m [[35m0.0[0m% ([36m0[0m/[36m763[0m batches, [36m5644014[0m pos/sec)]
Estimated time to end of superbatch: [36minf[0ms     [Fsuperbatch [36m17[0m [[35m16.8[0m% ([36m128[0m/[36m763[0m batches, [36m5108715[0m pos/sec)]
Estimated time to end of superbatch: [36m16.4[0ms     [Fsuperbatch [36m17[0m [[35m33.6[0m% ([36m256[0m/[36m763[0m batches, [36m5000918[0m pos/sec)]
Estimated time to end of superbatch: [36m13.3[0ms     [Fsuperbatch [36m17[0m [[35m50.3[0m% ([36m384[0m/[36m763[0m batches, [36m5024164[0m pos/sec)]
Estimated time to end of superbatch: [36m9.9[0ms     [Fsuperbatch [36m17[0m [[35m67.1[0m% ([36m512[0m/[36m763[0m batches, [36m5044366[0m pos/sec)]
Estimated time to end of superbatch: [36m6.5[0ms     [Fsuperbatch [36m17[0m [[35m83.9[0m% ([36m640[0m/[36m763[0m batches, [36m5036430[0m pos/sec)]
Estimated time to end of superbatch: [36m3.2[0ms     [Fsuperbatch [36m17[0m | time [36m19.9[0ms | running loss [36m0.011071[0m | [36m5023165[0m pos/sec | total time [36m342.1[0ms
Estimated time remaining in training: [36m1[0mh [36m38[0mm [36m16[0ms
LR dropped to [36m0.0009419936[0m
superbatch [36m18[0m [[35m0.0[0m% ([36m0[0m/[36m763[0m batches, [36m5696150[0m pos/sec)]
Estimated time to end of superbatch: [36minf[0ms     [Fsuperbatch [36m18[0m [[35m16.8[0m% ([36m128[0m/[36m763[0m batches, [36m5063330[0m pos/sec)]
Estimated time to end of superbatch: [36m16.6[0ms     [Fsuperbatch [36m18[0m [[35m33.6[0m% ([36m256[0m/[36m763[0m batches, [36m5080866[0m pos/sec)]
Estimated time to end of superbatch: [36m13.1[0ms     [Fsuperbatch [36m18[0m [[35m50.3[0m% ([36m384[0m/[36m763[0m batches, [36m5049958[0m pos/sec)]
Estimated time to end of superbatch: [36m9.9[0ms     [Fsuperbatch [36m18[0m [[35m67.1[0m% ([36m512[0m/[36m763[0m batches, [36m5037363[0m pos/sec)]
Estimated time to end of superbatch: [36m6.5[0ms     [Fsuperbatch [36m18[0m [[35m83.9[0m% ([36m640[0m/[36m763[0m batches, [36m5035828[0m pos/sec)]
Estimated time to end of superbatch: [36m3.2[0ms     [Fsuperbatch [36m18[0m | time [36m19.8[0ms | running loss [36m0.011012[0m | [36m5049445[0m pos/sec | total time [36m362.0[0ms
Estimated time remaining in training: [36m1[0mh [36m37[0mm [36m51[0ms
LR dropped to [36m0.000938771[0m
superbatch [36m19[0m [[35m0.0[0m% ([36m0[0m/[36m763[0m batches, [36m4536215[0m pos/sec)]
Estimated time to end of superbatch: [36minf[0ms     [Fsuperbatch [36m19[0m [[35m16.8[0m% ([36m128[0m/[36m763[0m batches, [36m5106250[0m pos/sec)]
Estimated time to end of superbatch: [36m16.4[0ms     [Fsuperbatch [36m19[0m [[35m33.6[0m% ([36m256[0m/[36m763[0m batches, [36m5083288[0m pos/sec)]
Estimated time to end of superbatch: [36m13.1[0ms     [Fsuperbatch [36m19[0m [[35m50.3[0m% ([36m384[0m/[36m763[0m batches, [36m5095614[0m pos/sec)]
Estimated time to end of superbatch: [36m9.8[0ms     [Fsuperbatch [36m19[0m [[35m67.1[0m% ([36m512[0m/[36m763[0m batches, [36m5086688[0m pos/sec)]
Estimated time to end of superbatch: [36m6.5[0ms     [Fsuperbatch [36m19[0m [[35m83.9[0m% ([36m640[0m/[36m763[0m batches, [36m5089039[0m pos/sec)]
Estimated time to end of superbatch: [36m3.2[0ms     [Fsuperbatch [36m19[0m | time [36m19.7[0ms | running loss [36m0.011117[0m | [36m5085714[0m pos/sec | total time [36m381.6[0ms
Estimated time remaining in training: [36m1[0mh [36m37[0mm [36m24[0ms
LR dropped to [36m0.00093554845[0m
superbatch [36m20[0m [[35m0.0[0m% ([36m0[0m/[36m763[0m batches, [36m3980542[0m pos/sec)]
Estimated time to end of superbatch: [36minf[0ms     [Fsuperbatch [36m20[0m [[35m16.8[0m% ([36m128[0m/[36m763[0m batches, [36m5053002[0m pos/sec)]
Estimated time to end of superbatch: [36m16.6[0ms     [Fsuperbatch [36m20[0m [[35m33.6[0m% ([36m256[0m/[36m763[0m batches, [36m5060360[0m pos/sec)]
Estimated time to end of superbatch: [36m13.2[0ms     [Fsuperbatch [36m20[0m [[35m50.3[0m% ([36m384[0m/[36m763[0m batches, [36m5051575[0m pos/sec)]
Estimated time to end of superbatch: [36m9.9[0ms     [Fsuperbatch [36m20[0m [[35m67.1[0m% ([36m512[0m/[36m763[0m batches, [36m5037562[0m pos/sec)]
Estimated time to end of superbatch: [36m6.5[0ms     [Fsuperbatch [36m20[0m [[35m83.9[0m% ([36m640[0m/[36m763[0m batches, [36m5040727[0m pos/sec)]
Estimated time to end of superbatch: [36m3.2[0ms     [Fsuperbatch [36m20[0m | time [36m19.8[0ms | running loss [36m0.011045[0m | [36m5042168[0m pos/sec | total time [36m401.5[0ms
Estimated time remaining in training: [36m1[0mh [36m37[0mm [36m1[0ms
Saved [anna-v3q-s1-20]
LR dropped to [36m0.00093232584[0m
superbatch [36m21[0m [[35m0.0[0m% ([36m0[0m/[36m763[0m batches, [36m5674892[0m pos/sec)]
Estimated time to end of superbatch: [36minf[0ms     [Fsuperbatch [36m21[0m [[35m16.8[0m% ([36m128[0m/[36m763[0m batches, [36m5680004[0m pos/sec)]
Estimated time to end of superbatch: [36m14.8[0ms     [Fsuperbatch [36m21[0m [[35m33.6[0m% ([36m256[0m/[36m763[0m batches, [36m5292149[0m pos/sec)]
Estimated time to end of superbatch: [36m12.6[0ms     [Fsuperbatch [36m21[0m [[35m50.3[0m% ([36m384[0m/[36m763[0m batches, [36m5212269[0m pos/sec)]
Estimated time to end of superbatch: [36m9.6[0ms     [Fsuperbatch [36m21[0m [[35m67.1[0m% ([36m512[0m/[36m763[0m batches, [36m5166520[0m pos/sec)]
Estimated time to end of superbatch: [36m6.4[0ms     [Fsuperbatch [36m21[0m [[35m83.9[0m% ([36m640[0m/[36m763[0m batches, [36m5146512[0m pos/sec)]
Estimated time to end of superbatch: [36m3.1[0ms     [Fsuperbatch [36m21[0m | time [36m19.5[0ms | running loss [36m0.011148[0m | [36m5126993[0m pos/sec | total time [36m422.3[0ms
Estimated time remaining in training: [36m1[0mh [36m36[0mm [36m51[0ms
LR dropped to [36m0.0009291033[0m
superbatch [36m22[0m [[35m0.0[0m% ([36m0[0m/[36m763[0m batches, [36m3862626[0m pos/sec)]
Estimated time to end of superbatch: [36minf[0ms     [Fsuperbatch [36m22[0m [[35m16.8[0m% ([36m128[0m/[36m763[0m batches, [36m4976042[0m pos/sec)]
Estimated time to end of superbatch: [36m16.9[0ms     [Fsuperbatch [36m22[0m [[35m33.6[0m% ([36m256[0m/[36m763[0m batches, [36m4995503[0m pos/sec)]
Estimated time to end of superbatch: [36m13.4[0ms     [Fsuperbatch [36m22[0m [[35m50.3[0m% ([36m384[0m/[36m763[0m batches, [36m4992536[0m pos/sec)]
Estimated time to end of superbatch: [36m10.0[0ms     [Fsuperbatch [36m22[0m [[35m67.1[0m% ([36m512[0m/[36m763[0m batches, [36m4960942[0m pos/sec)]
Estimated time to end of superbatch: [36m6.6[0ms     [Fsuperbatch [36m22[0m [[35m83.9[0m% ([36m640[0m/[36m763[0m batches, [36m4973720[0m pos/sec)]
Estimated time to end of superbatch: [36m3.2[0ms     [Fsuperbatch [36m22[0m | time [36m20.1[0ms | running loss [36m0.011091[0m | [36m4973666[0m pos/sec | total time [36m442.4[0ms
Estimated time remaining in training: [36m1[0mh [36m36[0mm [36m31[0ms
LR dropped to [36m0.0009258807[0m
superbatch [36m23[0m [[35m0.0[0m% ([36m0[0m/[36m763[0m batches, [36m5401382[0m pos/sec)]
Estimated time to end of superbatch: [36minf[0ms     [Fsuperbatch [36m23[0m [[35m16.8[0m% ([36m128[0m/[36m763[0m batches, [36m5096399[0m pos/sec)]
Estimated time to end of superbatch: [36m16.5[0ms     [Fsuperbatch [36m23[0m [[35m33.6[0m% ([36m256[0m/[36m763[0m batches, [36m5124810[0m pos/sec)]
Estimated time to end of superbatch: [36m13.0[0ms     [Fsuperbatch [36m23[0m [[35m50.3[0m% ([36m384[0m/[36m763[0m batches, [36m5114750[0m pos/sec)]
Estimated time to end of superbatch: [36m9.7[0ms     [Fsuperbatch [36m23[0m [[35m67.1[0m% ([36m512[0m/[36m763[0m batches, [36m5103698[0m pos/sec)]
Estimated time to end of superbatch: [36m6.5[0ms     [Fsuperbatch [36m23[0m [[35m83.9[0m% ([36m640[0m/[36m763[0m batches, [36m5097508[0m pos/sec)]
Estimated time to end of superbatch: [36m3.2[0ms     [Fsuperbatch [36m23[0m | time [36m19.7[0ms | running loss [36m0.011135[0m | [36m5082403[0m pos/sec | total time [36m462.1[0ms
Estimated time remaining in training: [36m1[0mh [36m36[0mm [36m5[0ms
LR dropped to [36m0.00092265813[0m
superbatch [36m24[0m [[35m0.0[0m% ([36m0[0m/[36m763[0m batches, [36m5420112[0m pos/sec)]
Estimated time to end of superbatch: [36minf[0ms     [Fsuperbatch [36m24[0m [[35m16.8[0m% ([36m128[0m/[36m763[0m batches, [36m5019451[0m pos/sec)]
Estimated time to end of superbatch: [36m16.7[0ms     [Fsuperbatch [36m24[0m [[35m33.6[0m% ([36m256[0m/[36m763[0m batches, [36m5042051[0m pos/sec)]
Estimated time to end of superbatch: [36m13.2[0ms     [Fsuperbatch [36m24[0m [[35m50.3[0m% ([36m384[0m/[36m763[0m batches, [36m5076821[0m pos/sec)]
Estimated time to end of superbatch: [36m9.8[0ms     [Fsuperbatch [36m24[0m [[35m67.1[0m% ([36m512[0m/[36m763[0m batches, [36m5088952[0m pos/sec)]
Estimated time to end of superbatch: [36m6.5[0ms     [Fsuperbatch [36m24[0m [[35m83.9[0m% ([36m640[0m/[36m763[0m batches, [36m5089364[0m pos/sec)]
Estimated time to end of superbatch: [36m3.2[0ms     [Fsuperbatch [36m24[0m | time [36m19.7[0ms | running loss [36m0.011092[0m | [36m5084820[0m pos/sec | total time [36m481.7[0ms
Estimated time remaining in training: [36m1[0mh [36m35[0mm [36m40[0ms
LR dropped to [36m0.0009194355[0m
superbatch [36m25[0m [[35m0.0[0m% ([36m0[0m/[36m763[0m batches, [36m5657050[0m pos/sec)]
Estimated time to end of superbatch: [36minf[0ms     [Fsuperbatch [36m25[0m [[35m16.8[0m% ([36m128[0m/[36m763[0m batches, [36m5105853[0m pos/sec)]
Estimated time to end of superbatch: [36m16.4[0ms     [Fsuperbatch [36m25[0m [[35m33.6[0m% ([36m256[0m/[36m763[0m batches, [36m5102825[0m pos/sec)]
Estimated time to end of superbatch: [36m13.1[0ms     [Fsuperbatch [36m25[0m [[35m50.3[0m% ([36m384[0m/[36m763[0m batches, [36m5103938[0m pos/sec)]
Estimated time to end of superbatch: [36m9.8[0ms     [Fsuperbatch [36m25[0m [[35m67.1[0m% ([36m512[0m/[36m763[0m batches, [36m5105698[0m pos/sec)]
Estimated time to end of superbatch: [36m6.5[0ms     [Fsuperbatch [36m25[0m [[35m83.9[0m% ([36m640[0m/[36m763[0m batches, [36m5093357[0m pos/sec)]
Estimated time to end of superbatch: [36m3.2[0ms     [Fsuperbatch [36m25[0m | time [36m19.7[0ms | running loss [36m0.011144[0m | [36m5085112[0m pos/sec | total time [36m501.4[0ms
Estimated time remaining in training: [36m1[0mh [36m35[0mm [36m15[0ms
LR dropped to [36m0.0009162129[0m
superbatch [36m26[0m [[35m0.0[0m% ([36m0[0m/[36m763[0m batches, [36m5405105[0m pos/sec)]
Estimated time to end of superbatch: [36minf[0ms     [Fsuperbatch [36m26[0m [[35m16.8[0m% ([36m128[0m/[36m763[0m batches, [36m5125490[0m pos/sec)]
Estimated time to end of superbatch: [36m16.4[0ms     [Fsuperbatch [36m26[0m [[35m33.6[0m% ([36m256[0m/[36m763[0m batches, [36m5095109[0m pos/sec)]
Estimated time to end of superbatch: [36m13.1[0ms     [Fsuperbatch [36m26[0m [[35m50.3[0m% ([36m384[0m/[36m763[0m batches, [36m5096166[0m pos/sec)]
Estimated time to end of superbatch: [36m9.8[0ms     [Fsuperbatch [36m26[0m [[35m67.1[0m% ([36m512[0m/[36m763[0m batches, [36m5061786[0m pos/sec)]
Estimated time to end of superbatch: [36m6.5[0ms     [Fsuperbatch [36m26[0m [[35m83.9[0m% ([36m640[0m/[36m763[0m batches, [36m5054318[0m pos/sec)]
Estimated time to end of superbatch: [36m3.2[0ms     [Fsuperbatch [36m26[0m | time [36m19.8[0ms | running loss [36m0.011150[0m | [36m5056428[0m pos/sec | total time [36m521.2[0ms
Estimated time remaining in training: [36m1[0mh [36m34[0mm [36m52[0ms
LR dropped to [36m0.00091299036[0m
superbatch [36m27[0m [[35m0.0[0m% ([36m0[0m/[36m763[0m batches, [36m5325928[0m pos/sec)]
Estimated time to end of superbatch: [36minf[0ms     [Fsuperbatch [36m27[0m [[35m16.8[0m% ([36m128[0m/[36m763[0m batches, [36m5062572[0m pos/sec)]
Estimated time to end of superbatch: [36m16.6[0ms     [Fsuperbatch [36m27[0m [[35m33.6[0m% ([36m256[0m/[36m763[0m batches, [36m5087266[0m pos/sec)]
Estimated time to end of superbatch: [36m13.1[0ms     [Fsuperbatch [36m27[0m [[35m50.3[0m% ([36m384[0m/[36m763[0m batches, [36m5070074[0m pos/sec)]
Estimated time to end of superbatch: [36m9.8[0ms     [Fsuperbatch [36m27[0m [[35m67.1[0m% ([36m512[0m/[36m763[0m batches, [36m5055600[0m pos/sec)]
Estimated time to end of superbatch: [36m6.5[0ms     [Fsuperbatch [36m27[0m [[35m83.9[0m% ([36m640[0m/[36m763[0m batches, [36m5047100[0m pos/sec)]
Estimated time to end of superbatch: [36m3.2[0ms     [Fsuperbatch [36m27[0m | time [36m19.9[0ms | running loss [36m0.011214[0m | [36m5032074[0m pos/sec | total time [36m541.0[0ms
Estimated time remaining in training: [36m1[0mh [36m34[0mm [36m30[0ms
LR dropped to [36m0.0009097678[0m
superbatch [36m28[0m [[35m0.0[0m% ([36m0[0m/[36m763[0m batches, [36m4486732[0m pos/sec)]
Estimated time to end of superbatch: [36minf[0ms     [Fsuperbatch [36m28[0m [[35m16.8[0m% ([36m128[0m/[36m763[0m batches, [36m5026914[0m pos/sec)]
Estimated time to end of superbatch: [36m16.7[0ms     [Fsuperbatch [36m28[0m [[35m33.6[0m% ([36m256[0m/[36m763[0m batches, [36m5039874[0m pos/sec)]
Estimated time to end of superbatch: [36m13.2[0ms     [Fsuperbatch [36m28[0m [[35m50.3[0m% ([36m384[0m/[36m763[0m batches, [36m5060354[0m pos/sec)]
Estimated time to end of superbatch: [36m9.8[0ms     [Fsuperbatch [36m28[0m [[35m67.1[0m% ([36m512[0m/[36m763[0m batches, [36m5073204[0m pos/sec)]
Estimated time to end of superbatch: [36m6.5[0ms     [Fsuperbatch [36m28[0m [[35m83.9[0m% ([36m640[0m/[36m763[0m batches, [36m5062383[0m pos/sec)]
Estimated time to end of superbatch: [36m3.2[0ms     [Fsuperbatch [36m28[0m | time [36m19.8[0ms | running loss [36m0.011189[0m | [36m5063454[0m pos/sec | total time [36m560.8[0ms
Estimated time remaining in training: [36m1[0mh [36m34[0mm [36m7[0ms
LR dropped to [36m0.0009065452[0m
superbatch [36m29[0m [[35m0.0[0m% ([36m0[0m/[36m763[0m batches, [36m4158804[0m pos/sec)]
Estimated time to end of superbatch: [36minf[0ms     [Fsuperbatch [36m29[0m [[35m16.8[0m% ([36m128[0m/[36m763[0m batches, [36m5487801[0m pos/sec)]
Estimated time to end of superbatch: [36m15.3[0ms     [Fsuperbatch [36m29[0m [[35m33.6[0m% ([36m256[0m/[36m763[0m batches, [36m5307052[0m pos/sec)]
Estimated time to end of superbatch: [36m12.6[0ms     [Fsuperbatch [36m29[0m [[35m50.3[0m% ([36m384[0m/[36m763[0m batches, [36m5228450[0m pos/sec)]
Estimated time to end of superbatch: [36m9.5[0ms     [Fsuperbatch [36m29[0m [[35m67.1[0m% ([36m512[0m/[36m763[0m batches, [36m5179198[0m pos/sec)]
Estimated time to end of superbatch: [36m6.4[0ms     [Fsuperbatch [36m29[0m [[35m83.9[0m% ([36m640[0m/[36m763[0m batches, [36m5167576[0m pos/sec)]
Estimated time to end of superbatch: [36m3.1[0ms     [Fsuperbatch [36m29[0m | time [36m19.4[0ms | running loss [36m0.011285[0m | [36m5154100[0m pos/sec | total time [36m580.2[0ms
Estimated time remaining in training: [36m1[0mh [36m33[0mm [36m41[0ms
LR dropped to [36m0.00090332265[0m
superbatch [36m30[0m [[35m0.0[0m% ([36m0[0m/[36m763[0m batches, [36m4862654[0m pos/sec)]
Estimated time to end of superbatch: [36minf[0ms     [Fsuperbatch [36m30[0m [[35m16.8[0m% ([36m128[0m/[36m763[0m batches, [36m5114400[0m pos/sec)]
Estimated time to end of superbatch: [36m16.4[0ms     [Fsuperbatch [36m30[0m [[35m33.6[0m% ([36m256[0m/[36m763[0m batches, [36m5084055[0m pos/sec)]
Estimated time to end of superbatch: [36m13.1[0ms     [Fsuperbatch [36m30[0m [[35m50.3[0m% ([36m384[0m/[36m763[0m batches, [36m5075786[0m pos/sec)]
Estimated time to end of superbatch: [36m9.8[0ms     [Fsuperbatch [36m30[0m [[35m67.1[0m% ([36m512[0m/[36m763[0m batches, [36m5052630[0m pos/sec)]
Estimated time to end of superbatch: [36m6.5[0ms     [Fsuperbatch [36m30[0m [[35m83.9[0m% ([36m640[0m/[36m763[0m batches, [36m5017462[0m pos/sec)]
Estimated time to end of superbatch: [36m3.2[0ms     [Fsuperbatch [36m30[0m | time [36m19.9[0ms | running loss [36m0.011299[0m | [36m5015360[0m pos/sec | total time [36m600.1[0ms
Estimated time remaining in training: [36m1[0mh [36m33[0mm [36m21[0ms
Saved [anna-v3q-s1-30]
LR dropped to [36m0.00090010004[0m
superbatch [36m31[0m [[35m0.0[0m% ([36m0[0m/[36m763[0m batches, [36m5667584[0m pos/sec)]
Estimated time to end of superbatch: [36minf[0ms     [Fsuperbatch [36m31[0m [[35m16.8[0m% ([36m128[0m/[36m763[0m batches, [36m5692588[0m pos/sec)]
Estimated time to end of superbatch: [36m14.7[0ms     [Fsuperbatch [36m31[0m [[35m33.6[0m% ([36m256[0m/[36m763[0m batches, [36m5367269[0m pos/sec)]
Estimated time to end of superbatch: [36m12.4[0ms     [Fsuperbatch [36m31[0m [[35m50.3[0m% ([36m384[0m/[36m763[0m batches, [36m5233736[0m pos/sec)]
Estimated time to end of superbatch: [36m9.5[0ms     [Fsuperbatch [36m31[0m [[35m67.1[0m% ([36m512[0m/[36m763[0m batches, [36m5187483[0m pos/sec)]
Estimated time to end of superbatch: [36m6.4[0ms     [Fsuperbatch [36m31[0m [[35m83.9[0m% ([36m640[0m/[36m763[0m batches, [36m5178682[0m pos/sec)]
Estimated time to end of superbatch: [36m3.1[0ms     [Fsuperbatch [36m31[0m | time [36m19.5[0ms | running loss [36m0.011326[0m | [36m5137706[0m pos/sec | total time [36m620.9[0ms
Estimated time remaining in training: [36m1[0mh [36m33[0mm [36m8[0ms
LR dropped to [36m0.0008968775[0m
superbatch [36m32[0m [[35m0.0[0m% ([36m0[0m/[36m763[0m batches, [36m5289136[0m pos/sec)]
Estimated time to end of superbatch: [36minf[0ms     [Fsuperbatch [36m32[0m [[35m16.8[0m% ([36m128[0m/[36m763[0m batches, [36m5038327[0m pos/sec)]
Estimated time to end of superbatch: [36m16.6[0ms     [Fsuperbatch [36m32[0m [[35m33.6[0m% ([36m256[0m/[36m763[0m batches, [36m5067219[0m pos/sec)]
Estimated time to end of superbatch: [36m13.2[0ms     [Fsuperbatch [36m32[0m [[35m50.3[0m% ([36m384[0m/[36m763[0m batches, [36m5070000[0m pos/sec)]
Estimated time to end of superbatch: [36m9.8[0ms     [Fsuperbatch [36m32[0m [[35m67.1[0m% ([36m512[0m/[36m763[0m batches, [36m5046446[0m pos/sec)]
Estimated time to end of superbatch: [36m6.5[0ms     [Fsuperbatch [36m32[0m [[35m83.9[0m% ([36m640[0m/[36m763[0m batches, [36m5030575[0m pos/sec)]
Estimated time to end of superbatch: [36m3.2[0ms     [Fsuperbatch [36m32[0m | time [36m19.9[0ms | running loss [36m0.011320[0m | [36m5027790[0m pos/sec | total time [36m640.8[0ms
Estimated time remaining in training: [36m1[0mh [36m32[0mm [36m46[0ms
LR dropped to [36m0.0008936549[0m
superbatch [36m33[0m [[35m0.0[0m% ([36m0[0m/[36m763[0m batches, [36m4888739[0m pos/sec)]
Estimated time to end of superbatch: [36minf[0ms     [Fsuperbatch [36m33[0m [[35m16.8[0m% ([36m128[0m/[36m763[0m batches, [36m5091382[0m pos/sec)]
Estimated time to end of superbatch: [36m16.5[0ms     [Fsuperbatch [36m33[0m [[35m33.6[0m% ([36m256[0m/[36m763[0m batches, [36m5020218[0m pos/sec)]
Estimated time to end of superbatch: [36m13.3[0ms     [Fsuperbatch [36m33[0m [[35m50.3[0m% ([36m384[0m/[36m763[0m batches, [36m4967100[0m pos/sec)]
Estimated time to end of superbatch: [36m10.0[0ms     [Fsuperbatch [36m33[0m [[35m67.1[0m% ([36m512[0m/[36m763[0m batches, [36m5001487[0m pos/sec)]
Estimated time to end of superbatch: [36m6.6[0ms     [Fsuperbatch [36m33[0m [[35m83.9[0m% ([36m640[0m/[36m763[0m batches, [36m5026360[0m pos/sec)]
Estimated time to end of superbatch: [36m3.2[0ms     [Fsuperbatch [36m33[0m | time [36m19.9[0ms | running loss [36m0.011318[0m | [36m5031128[0m pos/sec | total time [36m660.7[0ms
Estimated time remaining in training: [36m1[0mh [36m32[0mm [36m25[0ms
LR dropped to [36m0.0008904323[0m
superbatch [36m34[0m [[35m0.0[0m% ([36m0[0m/[36m763[0m batches, [36m5490618[0m pos/sec)]
Estimated time to end of superbatch: [36minf[0ms     [Fsuperbatch [36m34[0m [[35m16.8[0m% ([36m128[0m/[36m763[0m batches, [36m4943340[0m pos/sec)]
Estimated time to end of superbatch: [36m17.0[0ms     [Fsuperbatch [36m34[0m [[35m33.6[0m% ([36m256[0m/[36m763[0m batches, [36m5001629[0m pos/sec)]
Estimated time to end of superbatch: [36m13.3[0ms     [Fsuperbatch [36m34[0m [[35m50.3[0m% ([36m384[0m/[36m763[0m batches, [36m5027716[0m pos/sec)]
Estimated time to end of superbatch: [36m9.9[0ms     [Fsuperbatch [36m34[0m [[35m67.1[0m% ([36m512[0m/[36m763[0m batches, [36m4992824[0m pos/sec)]
Estimated time to end of superbatch: [36m6.6[0ms     [Fsuperbatch [36m34[0m [[35m83.9[0m% ([36m640[0m/[36m763[0m batches, [36m4995220[0m pos/sec)]
Estimated time to end of superbatch: [36m3.2[0ms     [Fsuperbatch [36m34[0m | time [36m19.9[0ms | running loss [36m0.011416[0m | [36m5015665[0m pos/sec | total time [36m680.6[0ms
Estimated time remaining in training: [36m1[0mh [36m32[0mm [36m4[0ms
LR dropped to [36m0.0008872097[0m
superbatch [36m35[0m [[35m0.0[0m% ([36m0[0m/[36m763[0m batches, [36m5545842[0m pos/sec)]
Estimated time to end of superbatch: [36minf[0ms     [Fsuperbatch [36m35[0m [[35m16.8[0m% ([36m128[0m/[36m763[0m batches, [36m5059394[0m pos/sec)]
Estimated time to end of superbatch: [36m16.6[0ms     [Fsuperbatch [36m35[0m [[35m33.6[0m% ([36m256[0m/[36m763[0m batches, [36m4989446[0m pos/sec)]
Estimated time to end of superbatch: [36m13.4[0ms     [Fsuperbatch [36m35[0m [[35m50.3[0m% ([36m384[0m/[36m763[0m batches, [36m4968176[0m pos/sec)]
Estimated time to end of superbatch: [36m10.0[0ms     [Fsuperbatch [36m35[0m [[35m67.1[0m% ([36m512[0m/[36m763[0m batches, [36m4965383[0m pos/sec)]
Estimated time to end of superbatch: [36m6.6[0ms     [Fsuperbatch [36m35[0m [[35m83.9[0m% ([36m640[0m/[36m763[0m batches, [36m4974312[0m pos/sec)]
Estimated time to end of superbatch: [36m3.2[0ms     [Fsuperbatch [36m35[0m | time [36m20.0[0ms | running loss [36m0.011391[0m | [36m4993389[0m pos/sec | total time [36m700.6[0ms
Estimated time remaining in training: [36m1[0mh [36m31[0mm [36m45[0ms
LR dropped to [36m0.0008839871[0m
superbatch [36m36[0m [[35m0.0[0m% ([36m0[0m/[36m763[0m batches, [36m5161797[0m pos/sec)]
Estimated time to end of superbatch: [36minf[0ms     [Fsuperbatch [36m36[0m [[35m16.8[0m% ([36m128[0m/[36m763[0m batches, [36m5012674[0m pos/sec)]
Estimated time to end of superbatch: [36m16.7[0ms     [Fsuperbatch [36m36[0m [[35m33.6[0m% ([36m256[0m/[36m763[0m batches, [36m5048098[0m pos/sec)]
Estimated time to end of superbatch: [36m13.2[0ms     [Fsuperbatch [36m36[0m [[35m50.3[0m% ([36m384[0m/[36m763[0m batches, [36m5052671[0m pos/sec)]
Estimated time to end of superbatch: [36m9.9[0ms     [Fsuperbatch [36m36[0m [[35m67.1[0m% ([36m512[0m/[36m763[0m batches, [36m5049952[0m pos/sec)]
Estimated time to end of superbatch: [36m6.5[0ms     [Fsuperbatch [36m36[0m [[35m83.9[0m% ([36m640[0m/[36m763[0m batches, [36m5027936[0m pos/sec)]
Estimated time to end of superbatch: [36m3.2[0ms     [Fsuperbatch [36m36[0m | time [36m19.9[0ms | running loss [36m0.011449[0m | [36m5028604[0m pos/sec | total time [36m720.5[0ms
Estimated time remaining in training: [36m1[0mh [36m31[0mm [36m24[0ms
LR dropped to [36m0.00088076456[0m
superbatch [36m37[0m [[35m0.0[0m% ([36m0[0m/[36m763[0m batches, [36m5441733[0m pos/sec)]
Estimated time to end of superbatch: [36minf[0ms     [Fsuperbatch [36m37[0m [[35m16.8[0m% ([36m128[0m/[36m763[0m batches, [36m5135143[0m pos/sec)]
Estimated time to end of superbatch: [36m16.3[0ms     [Fsuperbatch [36m37[0m [[35m33.6[0m% ([36m256[0m/[36m763[0m batches, [36m5001574[0m pos/sec)]
Estimated time to end of superbatch: [36m13.3[0ms     [Fsuperbatch [36m37[0m [[35m50.3[0m% ([36m384[0m/[36m763[0m batches, [36m4962954[0m pos/sec)]
Estimated time to end of superbatch: [36m10.0[0ms     [Fsuperbatch [36m37[0m [[35m67.1[0m% ([36m512[0m/[36m763[0m batches, [36m4987834[0m pos/sec)]
Estimated time to end of superbatch: [36m6.6[0ms     [Fsuperbatch [36m37[0m [[35m83.9[0m% ([36m640[0m/[36m763[0m batches, [36m5012072[0m pos/sec)]
Estimated time to end of superbatch: [36m3.2[0ms     [Fsuperbatch [36m37[0m | time [36m20.0[0ms | running loss [36m0.011409[0m | [36m4989508[0m pos/sec | total time [36m740.6[0ms
Estimated time remaining in training: [36m1[0mh [36m31[0mm [36m4[0ms
LR dropped to [36m0.00087754196[0m
superbatch [36m38[0m [[35m0.0[0m% ([36m0[0m/[36m763[0m batches, [36m5230502[0m pos/sec)]
Estimated time to end of superbatch: [36minf[0ms     [Fsuperbatch [36m38[0m [[35m16.8[0m% ([36m128[0m/[36m763[0m batches, [36m4831276[0m pos/sec)]
Estimated time to end of superbatch: [36m17.4[0ms     [Fsuperbatch [36m38[0m [[35m33.6[0m% ([36m256[0m/[36m763[0m batches, [36m4950818[0m pos/sec)]
Estimated time to end of superbatch: [36m13.5[0ms     [Fsuperbatch [36m38[0m [[35m50.3[0m% ([36m384[0m/[36m763[0m batches, [36m4974832[0m pos/sec)]
Estimated time to end of superbatch: [36m10.0[0ms     [Fsuperbatch [36m38[0m [[35m67.1[0m% ([36m512[0m/[36m763[0m batches, [36m4981018[0m pos/sec)]
Estimated time to end of superbatch: [36m6.6[0ms     [Fsuperbatch [36m38[0m [[35m83.9[0m% ([36m640[0m/[36m763[0m batches, [36m4982770[0m pos/sec)]
Estimated time to end of superbatch: [36m3.2[0ms     [Fsuperbatch [36m38[0m | time [36m20.0[0ms | running loss [36m0.011470[0m | [36m4992307[0m pos/sec | total time [36m760.6[0ms
Estimated time remaining in training: [36m1[0mh [36m30[0mm [36m44[0ms
LR dropped to [36m0.0008743194[0m
superbatch [36m39[0m [[35m0.0[0m% ([36m0[0m/[36m763[0m batches, [36m4306410[0m pos/sec)]
Estimated time to end of superbatch: [36minf[0ms     [Fsuperbatch [36m39[0m [[35m16.8[0m% ([36m128[0m/[36m763[0m batches, [36m5052022[0m pos/sec)]
Estimated time to end of superbatch: [36m16.6[0ms     [Fsuperbatch [36m39[0m [[35m33.6[0m% ([36m256[0m/[36m763[0m batches, [36m4971506[0m pos/sec)]
Estimated time to end of superbatch: [36m13.4[0ms     [Fsuperbatch [36m39[0m [[35m50.3[0m% ([36m384[0m/[36m763[0m batches, [36m4961940[0m pos/sec)]
Estimated time to end of superbatch: [36m10.0[0ms     [Fsuperbatch [36m39[0m [[35m67.1[0m% ([36m512[0m/[36m763[0m batches, [36m4990825[0m pos/sec)]
Estimated time to end of superbatch: [36m6.6[0ms     [Fsuperbatch [36m39[0m [[35m83.9[0m% ([36m640[0m/[36m763[0m batches, [36m5008838[0m pos/sec)]
Estimated time to end of superbatch: [36m3.2[0ms     [Fsuperbatch [36m39[0m | time [36m20.0[0ms | running loss [36m0.011393[0m | [36m5002378[0m pos/sec | total time [36m780.6[0ms
Estimated time remaining in training: [36m1[0mh [36m30[0mm [36m24[0ms
LR dropped to [36m0.00087109685[0m
superbatch [36m40[0m [[35m0.0[0m% ([36m0[0m/[36m763[0m batches, [36m5182182[0m pos/sec)]
Estimated time to end of superbatch: [36minf[0ms     [Fsuperbatch [36m40[0m [[35m16.8[0m% ([36m128[0m/[36m763[0m batches, [36m4942751[0m pos/sec)]
Estimated time to end of superbatch: [36m17.0[0ms     [Fsuperbatch [36m40[0m [[35m33.6[0m% ([36m256[0m/[36m763[0m batches, [36m4984738[0m pos/sec)]
Estimated time to end of superbatch: [36m13.4[0ms     [Fsuperbatch [36m40[0m [[35m50.3[0m% ([36m384[0m/[36m763[0m batches, [36m5005583[0m pos/sec)]
Estimated time to end of superbatch: [36m10.0[0ms     [Fsuperbatch [36m40[0m [[35m67.1[0m% ([36m512[0m/[36m763[0m batches, [36m5019937[0m pos/sec)]
Estimated time to end of superbatch: [36m6.6[0ms     [Fsuperbatch [36m40[0m [[35m83.9[0m% ([36m640[0m/[36m763[0m batches, [36m5000630[0m pos/sec)]
Estimated time to end of superbatch: [36m3.2[0ms     [Fsuperbatch [36m40[0m | time [36m19.9[0ms | running loss [36m0.011496[0m | [36m5016996[0m pos/sec | total time [36m800.5[0ms
Estimated time remaining in training: [36m1[0mh [36m30[0mm [36m3[0ms
Saved [anna-v3q-s1-40]
LR dropped to [36m0.00086787425[0m
superbatch [36m41[0m [[35m0.0[0m% ([36m0[0m/[36m763[0m batches, [36m5643434[0m pos/sec)]
Estimated time to end of superbatch: [36minf[0ms     [Fsuperbatch [36m41[0m [[35m16.8[0m% ([36m128[0m/[36m763[0m batches, [36m5690655[0m pos/sec)]
Estimated time to end of superbatch: [36m14.7[0ms     [Fsuperbatch [36m41[0m [[35m33.6[0m% ([36m256[0m/[36m763[0m batches, [36m5623930[0m pos/sec)]
Estimated time to end of superbatch: [36m11.9[0ms     [Fsuperbatch [36m41[0m [[35m50.3[0m% ([36m384[0m/[36m763[0m batches, [36m5539484[0m pos/sec)]
Estimated time to end of superbatch: [36m9.0[0ms     [Fsuperbatch [36m41[0m [[35m67.1[0m% ([36m512[0m/[36m763[0m batches, [36m5405712[0m pos/sec)]
Estimated time to end of superbatch: [36m6.1[0ms     [Fsuperbatch [36m41[0m [[35m83.9[0m% ([36m640[0m/[36m763[0m batches, [36m5323258[0m pos/sec)]
Estimated time to end of superbatch: [36m3.0[0ms     [Fsuperbatch [36m41[0m | time [36m19.0[0ms | running loss [36m0.011418[0m | [36m5263228[0m pos/sec | total time [36m820.8[0ms
Estimated time remaining in training: [36m1[0mh [36m29[0mm [36m45[0ms
LR dropped to [36m0.00086465164[0m
superbatch [36m42[0m [[35m0.0[0m% ([36m0[0m/[36m763[0m batches, [36m5538745[0m pos/sec)]
Estimated time to end of superbatch: [36minf[0ms     [Fsuperbatch [36m42[0m [[35m16.8[0m% ([36m128[0m/[36m763[0m batches, [36m4977884[0m pos/sec)]
Estimated time to end of superbatch: [36m16.9[0ms     [Fsuperbatch [36m42[0m [[35m33.6[0m% ([36m256[0m/[36m763[0m batches, [36m5022192[0m pos/sec)]
Estimated time to end of superbatch: [36m13.3[0ms     [Fsuperbatch [36m42[0m [[35m50.3[0m% ([36m384[0m/[36m763[0m batches, [36m5039422[0m pos/sec)]
Estimated time to end of superbatch: [36m9.9[0ms     [Fsuperbatch [36m42[0m [[35m67.1[0m% ([36m512[0m/[36m763[0m batches, [36m5014212[0m pos/sec)]
Estimated time to end of superbatch: [36m6.6[0ms     [Fsuperbatch [36m42[0m [[35m83.9[0m% ([36m640[0m/[36m763[0m batches, [36m5007414[0m pos/sec)]
Estimated time to end of superbatch: [36m3.2[0ms     [Fsuperbatch [36m42[0m | time [36m19.9[0ms | running loss [36m0.011529[0m | [36m5016084[0m pos/sec | total time [36m840.7[0ms
Estimated time remaining in training: [36m1[0mh [36m29[0mm [36m24[0ms
LR dropped to [36m0.0008614291[0m
superbatch [36m43[0m [[35m0.0[0m% ([36m0[0m/[36m763[0m batches, [36m5521904[0m pos/sec)]
Estimated time to end of superbatch: [36minf[0ms     [Fsuperbatch [36m43[0m [[35m16.8[0m% ([36m128[0m/[36m763[0m batches, [36m5053821[0m pos/sec)]
Estimated time to end of superbatch: [36m16.6[0ms     [Fsuperbatch [36m43[0m [[35m33.6[0m% ([36m256[0m/[36m763[0m batches, [36m5038442[0m pos/sec)]
Estimated time to end of superbatch: [36m13.2[0ms     [Fsuperbatch [36m43[0m [[35m50.3[0m% ([36m384[0m/[36m763[0m batches, [36m4992630[0m pos/sec)]
Estimated time to end of superbatch: [36m10.0[0ms     [Fsuperbatch [36m43[0m [[35m67.1[0m% ([36m512[0m/[36m763[0m batches, [36m5013658[0m pos/sec)]
Estimated time to end of superbatch: [36m6.6[0ms     [Fsuperbatch [36m43[0m [[35m83.9[0m% ([36m640[0m/[36m763[0m batches, [36m5034491[0m pos/sec)]
Estimated time to end of superbatch: [36m3.2[0ms     [Fsuperbatch [36m43[0m | time [36m20.0[0ms | running loss [36m0.011439[0m | [36m5007762[0m pos/sec | total time [36m860.7[0ms
Estimated time remaining in training: [36m1[0mh [36m29[0mm [36m4[0ms
LR dropped to [36m0.0008582065[0m
superbatch [36m44[0m [[35m0.0[0m% ([36m0[0m/[36m763[0m batches, [36m4630368[0m pos/sec)]
Estimated time to end of superbatch: [36minf[0ms     [Fsuperbatch [36m44[0m [[35m16.8[0m% ([36m128[0m/[36m763[0m batches, [36m4718016[0m pos/sec)]
Estimated time to end of superbatch: [36m17.8[0ms     [Fsuperbatch [36m44[0m [[35m33.6[0m% ([36m256[0m/[36m763[0m batches, [36m4890019[0m pos/sec)]
Estimated time to end of superbatch: [36m13.6[0ms     [Fsuperbatch [36m44[0m [[35m50.3[0m% ([36m384[0m/[36m763[0m batches, [36m4925240[0m pos/sec)]
Estimated time to end of superbatch: [36m10.1[0ms     [Fsuperbatch [36m44[0m [[35m67.1[0m% ([36m512[0m/[36m763[0m batches, [36m4947381[0m pos/sec)]
Estimated time to end of superbatch: [36m6.7[0ms     [Fsuperbatch [36m44[0m [[35m83.9[0m% ([36m640[0m/[36m763[0m batches, [36m4908304[0m pos/sec)]
Estimated time to end of superbatch: [36m3.3[0ms     [Fsuperbatch [36m44[0m | time [36m20.3[0ms | running loss [36m0.011563[0m | [36m4927512[0m pos/sec | total time [36m881.0[0ms
Estimated time remaining in training: [36m1[0mh [36m28[0mm [36m46[0ms
LR dropped to [36m0.0008549839[0m
superbatch [36m45[0m [[35m0.0[0m% ([36m0[0m/[36m763[0m batches, [36m4635862[0m pos/sec)]
Estimated time to end of superbatch: [36minf[0ms     [Fsuperbatch [36m45[0m [[35m16.8[0m% ([36m128[0m/[36m763[0m batches, [36m5084818[0m pos/sec)]
Estimated time to end of superbatch: [36m16.5[0ms     [Fsuperbatch [36m45[0m [[35m33.6[0m% ([36m256[0m/[36m763[0m batches, [36m5078322[0m pos/sec)]
Estimated time to end of superbatch: [36m13.1[0ms     [Fsuperbatch [36m45[0m [[35m50.3[0m% ([36m384[0m/[36m763[0m batches, [36m5036342[0m pos/sec)]
Estimated time to end of superbatch: [36m9.9[0ms     [Fsuperbatch [36m45[0m [[35m67.1[0m% ([36m512[0m/[36m763[0m batches, [36m5054153[0m pos/sec)]
Estimated time to end of superbatch: [36m6.5[0ms     [Fsuperbatch [36m45[0m [[35m83.9[0m% ([36m640[0m/[36m763[0m batches, [36m5053590[0m pos/sec)]
Estimated time to end of superbatch: [36m3.2[0ms     [Fsuperbatch [36m45[0m | time [36m19.8[0ms | running loss [36m0.011445[0m | [36m5044922[0m pos/sec | total time [36m900.8[0ms
Estimated time remaining in training: [36m1[0mh [36m28[0mm [36m24[0ms
LR dropped to [36m0.0008517613[0m
superbatch [36m46[0m [[35m0.0[0m% ([36m0[0m/[36m763[0m batches, [36m4619858[0m pos/sec)]
Estimated time to end of superbatch: [36minf[0ms     [Fsuperbatch [36m46[0m [[35m16.8[0m% ([36m128[0m/[36m763[0m batches, [36m4771176[0m pos/sec)]
Estimated time to end of superbatch: [36m17.6[0ms     [Fsuperbatch [36m46[0m [[35m33.6[0m% ([36m256[0m/[36m763[0m batches, [36m4933081[0m pos/sec)]
Estimated time to end of superbatch: [36m13.5[0ms     [Fsuperbatch [36m46[0m [[35m50.3[0m% ([36m384[0m/[36m763[0m batches, [36m4963219[0m pos/sec)]
Estimated time to end of superbatch: [36m10.0[0ms     [Fsuperbatch [36m46[0m [[35m67.1[0m% ([36m512[0m/[36m763[0m batches, [36m4982842[0m pos/sec)]
Estimated time to end of superbatch: [36m6.6[0ms     [Fsuperbatch [36m46[0m [[35m83.9[0m% ([36m640[0m/[36m763[0m batches, [36m4988426[0m pos/sec)]
Estimated time to end of superbatch: [36m3.2[0ms     [Fsuperbatch [36m46[0m | time [36m20.0[0ms | running loss [36m0.011586[0m | [36m4998632[0m pos/sec | total time [36m920.8[0ms
Estimated time remaining in training: [36m1[0mh [36m28[0mm [36m4[0ms
LR dropped to [36m0.00084853877[0m
superbatch [36m47[0m [[35m0.0[0m% ([36m0[0m/[36m763[0m batches, [36m5626816[0m pos/sec)]
Estimated time to end of superbatch: [36minf[0ms     [Fsuperbatch [36m47[0m [[35m16.8[0m% ([36m128[0m/[36m763[0m batches, [36m5013560[0m pos/sec)]
Estimated time to end of superbatch: [36m16.7[0ms     [Fsuperbatch [36m47[0m [[35m33.6[0m% ([36m256[0m/[36m763[0m batches, [36m5012424[0m pos/sec)]
Estimated time to end of superbatch: [36m13.3[0ms     [Fsuperbatch [36m47[0m [[35m50.3[0m% ([36m384[0m/[36m763[0m batches, [36m4992598[0m pos/sec)]
Estimated time to end of superbatch: [36m10.0[0ms     [Fsuperbatch [36m47[0m [[35m67.1[0m% ([36m512[0m/[36m763[0m batches, [36m5005546[0m pos/sec)]
Estimated time to end of superbatch: [36m6.6[0ms     [Fsuperbatch [36m47[0m [[35m83.9[0m% ([36m640[0m/[36m763[0m batches, [36m5017640[0m pos/sec)]
Estimated time to end of superbatch: [36m3.2[0ms     [Fsuperbatch [36m47[0m | time [36m19.9[0ms | running loss [36m0.011454[0m | [36m5018862[0m pos/sec | total time [36m940.8[0ms
Estimated time remaining in training: [36m1[0mh [36m27[0mm [36m44[0ms
LR dropped to [36m0.00084531616[0m
superbatch [36m48[0m [[35m0.0[0m% ([36m0[0m/[36m763[0m batches, [36m5148892[0m pos/sec)]
Estimated time to end of superbatch: [36minf[0ms     [Fsuperbatch [36m48[0m [[35m16.8[0m% ([36m128[0m/[36m763[0m batches, [36m4988936[0m pos/sec)]
Estimated time to end of superbatch: [36m16.8[0ms     [Fsuperbatch [36m48[0m [[35m33.6[0m% ([36m256[0m/[36m763[0m batches, [36m5020920[0m pos/sec)]
Estimated time to end of superbatch: [36m13.3[0ms     [Fsuperbatch [36m48[0m [[35m50.3[0m% ([36m384[0m/[36m763[0m batches, [36m5046655[0m pos/sec)]
Estimated time to end of superbatch: [36m9.9[0ms     [Fsuperbatch [36m48[0m [[35m67.1[0m% ([36m512[0m/[36m763[0m batches, [36m5055574[0m pos/sec)]
Estimated time to end of superbatch: [36m6.5[0ms     [Fsuperbatch [36m48[0m [[35m83.9[0m% ([36m640[0m/[36m763[0m batches, [36m5038660[0m pos/sec)]
Estimated time to end of superbatch: [36m3.2[0ms     [Fsuperbatch [36m48[0m | time [36m19.8[0ms | running loss [36m0.011649[0m | [36m5044418[0m pos/sec | total time [36m960.6[0ms
Estimated time remaining in training: [36m1[0mh [36m27[0mm [36m23[0ms
LR dropped to [36m0.0008420936[0m
superbatch [36m49[0m [[35m0.0[0m% ([36m0[0m/[36m763[0m batches, [36m4861330[0m pos/sec)]
Estimated time to end of superbatch: [36minf[0ms     [Fsuperbatch [36m49[0m [[35m16.8[0m% ([36m128[0m/[36m763[0m batches, [36m5031792[0m pos/sec)]
Estimated time to end of superbatch: [36m16.7[0ms     [Fsuperbatch [36m49[0m [[35m33.6[0m% ([36m256[0m/[36m763[0m batches, [36m5042762[0m pos/sec)]
Estimated time to end of superbatch: [36m13.2[0ms     [Fsuperbatch [36m49[0m [[35m50.3[0m% ([36m384[0m/[36m763[0m batches, [36m5013524[0m pos/sec)]
Estimated time to end of superbatch: [36m9.9[0ms     [Fsuperbatch [36m49[0m [[35m67.1[0m% ([36m512[0m/[36m763[0m batches, [36m5007204[0m pos/sec)]
Estimated time to end of superbatch: [36m6.6[0ms     [Fsuperbatch [36m49[0m [[35m83.9[0m% ([36m640[0m/[36m763[0m batches, [36m5016444[0m pos/sec)]
Estimated time to end of superbatch: [36m3.2[0ms     [Fsuperbatch [36m49[0m | time [36m19.9[0ms | running loss [36m0.011483[0m | [36m5014994[0m pos/sec | total time [36m980.5[0ms
Estimated time remaining in training: [36m1[0mh [36m27[0mm [36m2[0ms
LR dropped to [36m0.000838871[0m
superbatch [36m50[0m [[35m0.0[0m% ([36m0[0m/[36m763[0m batches, [36m3383622[0m pos/sec)]
Estimated time to end of superbatch: [36minf[0ms     [Fsuperbatch [36m50[0m [[35m16.8[0m% ([36m128[0m/[36m763[0m batches, [36m4782220[0m pos/sec)]
Estimated time to end of superbatch: [36m17.5[0ms     [Fsuperbatch [36m50[0m [[35m33.6[0m% ([36m256[0m/[36m763[0m batches, [36m4852496[0m pos/sec)]
Estimated time to end of superbatch: [36m13.7[0ms     [Fsuperbatch [36m50[0m [[35m50.3[0m% ([36m384[0m/[36m763[0m batches, [36m4927896[0m pos/sec)]
Estimated time to end of superbatch: [36m10.1[0ms     [Fsuperbatch [36m50[0m [[35m67.1[0m% ([36m512[0m/[36m763[0m batches, [36m4950150[0m pos/sec)]
Estimated time to end of superbatch: [36m6.7[0ms     [Fsuperbatch [36m50[0m [[35m83.9[0m% ([36m640[0m/[36m763[0m batches, [36m4901521[0m pos/sec)]
Estimated time to end of superbatch: [36m3.3[0ms     [Fsuperbatch [36m50[0m | time [36m20.3[0ms | running loss [36m0.011709[0m | [36m4924947[0m pos/sec | total time [36m1000.8[0ms
Estimated time remaining in training: [36m1[0mh [36m26[0mm [36m44[0ms
Saved [anna-v3q-s1-50]
LR dropped to [36m0.0008356484[0m
superbatch [36m51[0m [[35m0.0[0m% ([36m0[0m/[36m763[0m batches, [36m5370081[0m pos/sec)]
Estimated time to end of superbatch: [36minf[0ms     [Fsuperbatch [36m51[0m [[35m16.8[0m% ([36m128[0m/[36m763[0m batches, [36m5684828[0m pos/sec)]
Estimated time to end of superbatch: [36m14.8[0ms     [Fsuperbatch [36m51[0m [[35m33.6[0m% ([36m256[0m/[36m763[0m batches, [36m5636200[0m pos/sec)]
Estimated time to end of superbatch: [36m11.8[0ms     [Fsuperbatch [36m51[0m [[35m50.3[0m% ([36m384[0m/[36m763[0m batches, [36m5632094[0m pos/sec)]
Estimated time to end of superbatch: [36m8.8[0ms     [Fsuperbatch [36m51[0m [[35m67.1[0m% ([36m512[0m/[36m763[0m batches, [36m5482655[0m pos/sec)]
Estimated time to end of superbatch: [36m6.0[0ms     [Fsuperbatch [36m51[0m [[35m83.9[0m% ([36m640[0m/[36m763[0m batches, [36m5396370[0m pos/sec)]
Estimated time to end of superbatch: [36m3.0[0ms     [Fsuperbatch [36m51[0m | time [36m18.7[0ms | running loss [36m0.011500[0m | [36m5337984[0m pos/sec | total time [36m1020.9[0ms
Estimated time remaining in training: [36m1[0mh [36m26[0mm [36m24[0ms
LR dropped to [36m0.00083242584[0m
superbatch [36m52[0m [[35m0.0[0m% ([36m0[0m/[36m763[0m batches, [36m5470638[0m pos/sec)]
Estimated time to end of superbatch: [36minf[0ms     [Fsuperbatch [36m52[0m [[35m16.8[0m% ([36m128[0m/[36m763[0m batches, [36m4905181[0m pos/sec)]
Estimated time to end of superbatch: [36m17.1[0ms     [Fsuperbatch [36m52[0m [[35m33.6[0m% ([36m256[0m/[36m763[0m batches, [36m4950806[0m pos/sec)]
Estimated time to end of superbatch: [36m13.5[0ms     [Fsuperbatch [36m52[0m [[35m50.3[0m% ([36m384[0m/[36m763[0m batches, [36m4976352[0m pos/sec)]
Estimated time to end of superbatch: [36m10.0[0ms     [Fsuperbatch [36m52[0m [[35m67.1[0m% ([36m512[0m/[36m763[0m batches, [36m4981491[0m pos/sec)]
Estimated time to end of superbatch: [36m6.6[0ms     [Fsuperbatch [36m52[0m [[35m83.9[0m% ([36m640[0m/[36m763[0m batches, [36m4961515[0m pos/sec)]
Estimated time to end of superbatch: [36m3.3[0ms     [Fsuperbatch [36m52[0m | time [36m20.1[0ms | running loss [36m0.011736[0m | [36m4979342[0m pos/sec | total time [36m1041.0[0ms
Estimated time remaining in training: [36m1[0mh [36m26[0mm [36m4[0ms
LR dropped to [36m0.0008292033[0m
superbatch [36m53[0m [[35m0.0[0m% ([36m0[0m/[36m763[0m batches, [36m5666068[0m pos/sec)]
Estimated time to end of superbatch: [36minf[0ms     [Fsuperbatch [36m53[0m [[35m16.8[0m% ([36m128[0m/[36m763[0m batches, [36m5071142[0m pos/sec)]
Estimated time to end of superbatch: [36m16.5[0ms     [Fsuperbatch [36m53[0m [[35m33.6[0m% ([36m256[0m/[36m763[0m batches, [36m5067788[0m pos/sec)]
Estimated time to end of superbatch: [36m13.2[0ms     [Fsuperbatch [36m53[0m [[35m50.3[0m% ([36m384[0m/[36m763[0m batches, [36m4976125[0m pos/sec)]
Estimated time to end of superbatch: [36m10.0[0ms     [Fsuperbatch [36m53[0m [[35m67.1[0m% ([36m512[0m/[36m763[0m batches, [36m4985688[0m pos/sec)]
Estimated time to end of superbatch: [36m6.6[0ms     [Fsuperbatch [36m53[0m [[35m83.9[0m% ([36m640[0m/[36m763[0m batches, [36m5013784[0m pos/sec)]
Estimated time to end of superbatch: [36m3.2[0ms     [Fsuperbatch [36m53[0m | time [36m20.0[0ms | running loss [36m0.011570[0m | [36m5011160[0m pos/sec | total time [36m1060.9[0ms
Estimated time remaining in training: [36m1[0mh [36m25[0mm [36m44[0ms
LR dropped to [36m0.0008259807[0m
superbatch [36m54[0m [[35m0.0[0m% ([36m0[0m/[36m763[0m batches, [36m5477034[0m pos/sec)]
Estimated time to end of superbatch: [36minf[0ms     [Fsuperbatch [36m54[0m [[35m16.8[0m% ([36m128[0m/[36m763[0m batches, [36m4700648[0m pos/sec)]
Estimated time to end of superbatch: [36m17.8[0ms     [Fsuperbatch [36m54[0m [[35m33.6[0m% ([36m256[0m/[36m763[0m batches, [36m4830720[0m pos/sec)]
Estimated time to end of superbatch: [36m13.8[0ms     [Fsuperbatch [36m54[0m [[35m50.3[0m% ([36m384[0m/[36m763[0m batches, [36m4922508[0m pos/sec)]
Estimated time to end of superbatch: [36m10.1[0ms     [Fsuperbatch [36m54[0m [[35m67.1[0m% ([36m512[0m/[36m763[0m batches, [36m4950980[0m pos/sec)]
Estimated time to end of superbatch: [36m6.7[0ms     [Fsuperbatch [36m54[0m [[35m83.9[0m% ([36m640[0m/[36m763[0m batches, [36m4950368[0m pos/sec)]
Estimated time to end of superbatch: [36m3.3[0ms     [Fsuperbatch [36m54[0m | time [36m20.1[0ms | running loss [36m0.011837[0m | [36m4963184[0m pos/sec | total time [36m1081.1[0ms
Estimated time remaining in training: [36m1[0mh [36m25[0mm [36m25[0ms
LR dropped to [36m0.0008227581[0m
superbatch [36m55[0m [[35m0.0[0m% ([36m0[0m/[36m763[0m batches, [36m5630027[0m pos/sec)]
Estimated time to end of superbatch: [36minf[0ms     [Fsuperbatch [36m55[0m [[35m16.8[0m% ([36m128[0m/[36m763[0m batches, [36m5113468[0m pos/sec)]
Estimated time to end of superbatch: [36m16.4[0ms     [Fsuperbatch [36m55[0m [[35m33.6[0m% ([36m256[0m/[36m763[0m batches, [36m5063799[0m pos/sec)]
Estimated time to end of superbatch: [36m13.2[0ms     [Fsuperbatch [36m55[0m [[35m50.3[0m% ([36m384[0m/[36m763[0m batches, [36m5031163[0m pos/sec)]
Estimated time to end of superbatch: [36m9.9[0ms     [Fsuperbatch [36m55[0m [[35m67.1[0m% ([36m512[0m/[36m763[0m batches, [36m5038744[0m pos/sec)]
Estimated time to end of superbatch: [36m6.5[0ms     [Fsuperbatch [36m55[0m [[35m83.9[0m% ([36m640[0m/[36m763[0m batches, [36m5033862[0m pos/sec)]
Estimated time to end of superbatch: [36m3.2[0ms     [Fsuperbatch [36m55[0m | time [36m19.8[0ms | running loss [36m0.011671[0m | [36m5041134[0m pos/sec | total time [36m1100.9[0ms
Estimated time remaining in training: [36m1[0mh [36m25[0mm [36m4[0ms
LR dropped to [36m0.0008195355[0m
superbatch [36m56[0m [[35m0.0[0m% ([36m0[0m/[36m763[0m batches, [36m5672250[0m pos/sec)]
Estimated time to end of superbatch: [36minf[0ms     [Fsuperbatch [36m56[0m [[35m16.8[0m% ([36m128[0m/[36m763[0m batches, [36m4993298[0m pos/sec)]
Estimated time to end of superbatch: [36m16.8[0ms     [Fsuperbatch [36m56[0m [[35m33.6[0m% ([36m256[0m/[36m763[0m batches, [36m4938638[0m pos/sec)]
Estimated time to end of superbatch: [36m13.5[0ms     [Fsuperbatch [36m56[0m [[35m50.3[0m% ([36m384[0m/[36m763[0m batches, [36m4991494[0m pos/sec)]
Estimated time to end of superbatch: [36m10.0[0ms     [Fsuperbatch [36m56[0m [[35m67.1[0m% ([36m512[0m/[36m763[0m batches, [36m5019817[0m pos/sec)]
Estimated time to end of superbatch: [36m6.6[0ms     [Fsuperbatch [36m56[0m [[35m83.9[0m% ([36m640[0m/[36m763[0m batches, [36m4978350[0m pos/sec)]
Estimated time to end of superbatch: [36m3.2[0ms     [Fsuperbatch [36m56[0m | time [36m20.1[0ms | running loss [36m0.011880[0m | [36m4969732[0m pos/sec | total time [36m1121.0[0ms
Estimated time remaining in training: [36m1[0mh [36m24[0mm [36m44[0ms
LR dropped to [36m0.00081631297[0m
superbatch [36m57[0m [[35m0.0[0m% ([36m0[0m/[36m763[0m batches, [36m4188522[0m pos/sec)]
Estimated time to end of superbatch: [36minf[0ms     [Fsuperbatch [36m57[0m [[35m16.8[0m% ([36m128[0m/[36m763[0m batches, [36m5074003[0m pos/sec)]
Estimated time to end of superbatch: [36m16.5[0ms     [Fsuperbatch [36m57[0m [[35m33.6[0m% ([36m256[0m/[36m763[0m batches, [36m5035462[0m pos/sec)]
Estimated time to end of superbatch: [36m13.2[0ms     [Fsuperbatch [36m57[0m [[35m50.3[0m% ([36m384[0m/[36m763[0m batches, [36m4937364[0m pos/sec)]
Estimated time to end of superbatch: [36m10.1[0ms     [Fsuperbatch [36m57[0m [[35m67.1[0m% ([36m512[0m/[36m763[0m batches, [36m4928674[0m pos/sec)]
Estimated time to end of superbatch: [36m6.7[0ms     [Fsuperbatch [36m57[0m [[35m83.9[0m% ([36m640[0m/[36m763[0m batches, [36m4953310[0m pos/sec)]
Estimated time to end of superbatch: [36m3.3[0ms     [Fsuperbatch [36m57[0m | time [36m20.1[0ms | running loss [36m0.011696[0m | [36m4971728[0m pos/sec | total time [36m1141.1[0ms
Estimated time remaining in training: [36m1[0mh [36m24[0mm [36m25[0ms
LR dropped to [36m0.00081309036[0m
superbatch [36m58[0m [[35m0.0[0m% ([36m0[0m/[36m763[0m batches, [36m4241899[0m pos/sec)]
Estimated time to end of superbatch: [36minf[0ms     [Fsuperbatch [36m58[0m [[35m16.8[0m% ([36m128[0m/[36m763[0m batches, [36m4977384[0m pos/sec)]
Estimated time to end of superbatch: [36m16.9[0ms     [Fsuperbatch [36m58[0m [[35m33.6[0m% ([36m256[0m/[36m763[0m batches, [36m4904706[0m pos/sec)]
Estimated time to end of superbatch: [36m13.6[0ms     [Fsuperbatch [36m58[0m [[35m50.3[0m% ([36m384[0m/[36m763[0m batches, [36m4956399[0m pos/sec)]
Estimated time to end of superbatch: [36m10.0[0ms     [Fsuperbatch [36m58[0m [[35m67.1[0m% ([36m512[0m/[36m763[0m batches, [36m4986772[0m pos/sec)]
Estimated time to end of superbatch: [36m6.6[0ms     [Fsuperbatch [36m58[0m [[35m83.9[0m% ([36m640[0m/[36m763[0m batches, [36m4970834[0m pos/sec)]
Estimated time to end of superbatch: [36m3.2[0ms     [Fsuperbatch [36m58[0m | time [36m20.2[0ms | running loss [36m0.011914[0m | [36m4955330[0m pos/sec | total time [36m1161.3[0ms
Estimated time remaining in training: [36m1[0mh [36m24[0mm [36m5[0ms
LR dropped to [36m0.00080986775[0m
superbatch [36m59[0m [[35m0.0[0m% ([36m0[0m/[36m763[0m batches, [36m5682280[0m pos/sec)]
Estimated time to end of superbatch: [36minf[0ms     [Fsuperbatch [36m59[0m [[35m16.8[0m% ([36m128[0m/[36m763[0m batches, [36m5080184[0m pos/sec)]
Estimated time to end of superbatch: [36m16.5[0ms     [Fsuperbatch [36m59[0m [[35m33.6[0m% ([36m256[0m/[36m763[0m batches, [36m5068560[0m pos/sec)]
Estimated time to end of superbatch: [36m13.2[0ms     [Fsuperbatch [36m59[0m [[35m50.3[0m% ([36m384[0m/[36m763[0m batches, [36m5024749[0m pos/sec)]
Estimated time to end of superbatch: [36m9.9[0ms     [Fsuperbatch [36m59[0m [[35m67.1[0m% ([36m512[0m/[36m763[0m batches, [36m4999882[0m pos/sec)]
Estimated time to end of superbatch: [36m6.6[0ms     [Fsuperbatch [36m59[0m [[35m83.9[0m% ([36m640[0m/[36m763[0m batches, [36m5016326[0m pos/sec)]
Estimated time to end of superbatch: [36m3.2[0ms     [Fsuperbatch [36m59[0m | time [36m19.9[0ms | running loss [36m0.011757[0m | [36m5022660[0m pos/sec | total time [36m1181.2[0ms
Estimated time remaining in training: [36m1[0mh [36m23[0mm [36m45[0ms
LR dropped to [36m0.0008066452[0m
superbatch [36m60[0m [[35m0.0[0m% ([36m0[0m/[36m763[0m batches, [36m5251242[0m pos/sec)]
Estimated time to end of superbatch: [36minf[0ms     [Fsuperbatch [36m60[0m [[35m16.8[0m% ([36m128[0m/[36m763[0m batches, [36m5017328[0m pos/sec)]
Estimated time to end of superbatch: [36m16.7[0ms     [Fsuperbatch [36m60[0m [[35m33.6[0m% ([36m256[0m/[36m763[0m batches, [36m5022808[0m pos/sec)]
Estimated time to end of superbatch: [36m13.3[0ms     [Fsuperbatch [36m60[0m [[35m50.3[0m% ([36m384[0m/[36m763[0m batches, [36m5049453[0m pos/sec)]
Estimated time to end of superbatch: [36m9.9[0ms     [Fsuperbatch [36m60[0m [[35m67.1[0m% ([36m512[0m/[36m763[0m batches, [36m5049003[0m pos/sec)]
Estimated time to end of superbatch: [36m6.5[0ms     [Fsuperbatch [36m60[0m [[35m83.9[0m% ([36m640[0m/[36m763[0m batches, [36m5044728[0m pos/sec)]
Estimated time to end of superbatch: [36m3.2[0ms     [Fsuperbatch [36m60[0m | time [36m19.9[0ms | running loss [36m0.011935[0m | [36m5032088[0m pos/sec | total time [36m1201.1[0ms
Estimated time remaining in training: [36m1[0mh [36m23[0mm [36m24[0ms
Saved [anna-v3q-s1-60]
LR dropped to [36m0.00080342265[0m
superbatch [36m61[0m [[35m0.0[0m% ([36m0[0m/[36m763[0m batches, [36m5605600[0m pos/sec)]
Estimated time to end of superbatch: [36minf[0ms     [Fsuperbatch [36m61[0m [[35m16.8[0m% ([36m128[0m/[36m763[0m batches, [36m5683208[0m pos/sec)]
Estimated time to end of superbatch: [36m14.8[0ms     [Fsuperbatch [36m61[0m [[35m33.6[0m% ([36m256[0m/[36m763[0m batches, [36m5632764[0m pos/sec)]
Estimated time to end of superbatch: [36m11.8[0ms     [Fsuperbatch [36m61[0m [[35m50.3[0m% ([36m384[0m/[36m763[0m batches, [36m5638860[0m pos/sec)]
Estimated time to end of superbatch: [36m8.8[0ms     [Fsuperbatch [36m61[0m [[35m67.1[0m% ([36m512[0m/[36m763[0m batches, [36m5487082[0m pos/sec)]
Estimated time to end of superbatch: [36m6.0[0ms     [Fsuperbatch [36m61[0m [[35m83.9[0m% ([36m640[0m/[36m763[0m batches, [36m5401739[0m pos/sec)]
Estimated time to end of superbatch: [36m3.0[0ms     [Fsuperbatch [36m61[0m | time [36m18.7[0ms | running loss [36m0.011760[0m | [36m5353856[0m pos/sec | total time [36m1221.1[0ms
Estimated time remaining in training: [36m1[0mh [36m23[0mm [36m4[0ms
LR dropped to [36m0.00080020004[0m
superbatch [36m62[0m [[35m0.0[0m% ([36m0[0m/[36m763[0m batches, [36m5543874[0m pos/sec)]
Estimated time to end of superbatch: [36minf[0ms     [Fsuperbatch [36m62[0m [[35m16.8[0m% ([36m128[0m/[36m763[0m batches, [36m5011174[0m pos/sec)]
Estimated time to end of superbatch: [36m16.7[0ms     [Fsuperbatch [36m62[0m [[35m33.6[0m% ([36m256[0m/[36m763[0m batches, [36m4927012[0m pos/sec)]
Estimated time to end of superbatch: [36m13.5[0ms     [Fsuperbatch [36m62[0m [[35m50.3[0m% ([36m384[0m/[36m763[0m batches, [36m4960764[0m pos/sec)]
Estimated time to end of superbatch: [36m10.0[0ms     [Fsuperbatch [36m62[0m [[35m67.1[0m% ([36m512[0m/[36m763[0m batches, [36m5002642[0m pos/sec)]
Estimated time to end of superbatch: [36m6.6[0ms     [Fsuperbatch [36m62[0m [[35m83.9[0m% ([36m640[0m/[36m763[0m batches, [36m4970533[0m pos/sec)]
Estimated time to end of superbatch: [36m3.2[0ms     [Fsuperbatch [36m62[0m | time [36m20.1[0ms | running loss [36m0.011941[0m | [36m4967592[0m pos/sec | total time [36m1241.2[0ms
Estimated time remaining in training: [36m1[0mh [36m22[0mm [36m44[0ms
LR dropped to [36m0.00079697743[0m
superbatch [36m63[0m [[35m0.0[0m% ([36m0[0m/[36m763[0m batches, [36m5591218[0m pos/sec)]
Estimated time to end of superbatch: [36minf[0ms     [Fsuperbatch [36m63[0m [[35m16.8[0m% ([36m128[0m/[36m763[0m batches, [36m5074080[0m pos/sec)]
Estimated time to end of superbatch: [36m16.5[0ms     [Fsuperbatch [36m63[0m [[35m33.6[0m% ([36m256[0m/[36m763[0m batches, [36m5074072[0m pos/sec)]
Estimated time to end of superbatch: [36m13.1[0ms     [Fsuperbatch [36m63[0m [[35m50.3[0m% ([36m384[0m/[36m763[0m batches, [36m5007665[0m pos/sec)]
Estimated time to end of superbatch: [36m9.9[0ms     [Fsuperbatch [36m63[0m [[35m67.1[0m% ([36m512[0m/[36m763[0m batches, [36m4983137[0m pos/sec)]
Estimated time to end of superbatch: [36m6.6[0ms     [Fsuperbatch [36m63[0m [[35m83.9[0m% ([36m640[0m/[36m763[0m batches, [36m4997600[0m pos/sec)]
Estimated time to end of superbatch: [36m3.2[0ms     [Fsuperbatch [36m63[0m | time [36m20.0[0ms | running loss [36m0.011796[0m | [36m5009524[0m pos/sec | total time [36m1261.2[0ms
Estimated time remaining in training: [36m1[0mh [36m22[0mm [36m24[0ms
LR dropped to [36m0.0007937549[0m
superbatch [36m64[0m [[35m0.0[0m% ([36m0[0m/[36m763[0m batches, [36m5450734[0m pos/sec)]
Estimated time to end of superbatch: [36minf[0ms     [Fsuperbatch [36m64[0m [[35m16.8[0m% ([36m128[0m/[36m763[0m batches, [36m4984880[0m pos/sec)]
Estimated time to end of superbatch: [36m16.8[0ms     [Fsuperbatch [36m64[0m [[35m33.6[0m% ([36m256[0m/[36m763[0m batches, [36m4848498[0m pos/sec)]
Estimated time to end of superbatch: [36m13.8[0ms     [Fsuperbatch [36m64[0m [[35m50.3[0m% ([36m384[0m/[36m763[0m batches, [36m4918226[0m pos/sec)]
Estimated time to end of superbatch: [36m10.1[0ms     [Fsuperbatch [36m64[0m [[35m67.1[0m% ([36m512[0m/[36m763[0m batches, [36m4939574[0m pos/sec)]
Estimated time to end of superbatch: [36m6.7[0ms     [Fsuperbatch [36m64[0m [[35m83.9[0m% ([36m640[0m/[36m763[0m batches, [36m4937024[0m pos/sec)]
Estimated time to end of superbatch: [36m3.3[0ms     [Fsuperbatch [36m64[0m | time [36m20.2[0ms | running loss [36m0.011959[0m | [36m4947662[0m pos/sec | total time [36m1281.4[0ms
Estimated time remaining in training: [36m1[0mh [36m22[0mm [36m5[0ms
LR dropped to [36m0.00079053233[0m
superbatch [36m65[0m [[35m0.0[0m% ([36m0[0m/[36m763[0m batches, [36m4900948[0m pos/sec)]
Estimated time to end of superbatch: [36minf[0ms     [Fsuperbatch [36m65[0m [[35m16.8[0m% ([36m128[0m/[36m763[0m batches, [36m5013432[0m pos/sec)]
Estimated time to end of superbatch: [36m16.7[0ms     [Fsuperbatch [36m65[0m [[35m33.6[0m% ([36m256[0m/[36m763[0m batches, [36m5003464[0m pos/sec)]
Estimated time to end of superbatch: [36m13.3[0ms     [Fsuperbatch [36m65[0m [[35m50.3[0m% ([36m384[0m/[36m763[0m batches, [36m5009788[0m pos/sec)]
Estimated time to end of superbatch: [36m9.9[0ms     [Fsuperbatch [36m65[0m [[35m67.1[0m% ([36m512[0m/[36m763[0m batches, [36m4999552[0m pos/sec)]
Estimated time to end of superbatch: [36m6.6[0ms     [Fsuperbatch [36m65[0m [[35m83.9[0m% ([36m640[0m/[36m763[0m batches, [36m5020962[0m pos/sec)]
Estimated time to end of superbatch: [36m3.2[0ms     [Fsuperbatch [36m65[0m | time [36m19.9[0ms | running loss [36m0.011841[0m | [36m5030968[0m pos/sec | total time [36m1301.3[0ms
Estimated time remaining in training: [36m1[0mh [36m21[0mm [36m44[0ms
LR dropped to [36m0.0007873097[0m
superbatch [36m66[0m [[35m0.0[0m% ([36m0[0m/[36m763[0m batches, [36m5569525[0m pos/sec)]
Estimated time to end of superbatch: [36minf[0ms     [Fsuperbatch [36m66[0m [[35m16.8[0m% ([36m128[0m/[36m763[0m batches, [36m4953485[0m pos/sec)]
Estimated time to end of superbatch: [36m16.9[0ms     [Fsuperbatch [36m66[0m [[35m33.6[0m% ([36m256[0m/[36m763[0m batches, [36m4875935[0m pos/sec)]
Estimated time to end of superbatch: [36m13.7[0ms     [Fsuperbatch [36m66[0m [[35m50.3[0m% ([36m384[0m/[36m763[0m batches, [36m4940468[0m pos/sec)]
Estimated time to end of superbatch: [36m10.1[0ms     [Fsuperbatch [36m66[0m [[35m67.1[0m% ([36m512[0m/[36m763[0m batches, [36m4982867[0m pos/sec)]
Estimated time to end of superbatch: [36m6.6[0ms     [Fsuperbatch [36m66[0m [[35m83.9[0m% ([36m640[0m/[36m763[0m batches, [36m4980162[0m pos/sec)]
Estimated time to end of superbatch: [36m3.2[0ms     [Fsuperbatch [36m66[0m | time [36m20.1[0ms | running loss [36m0.012002[0m | [36m4968068[0m pos/sec | total time [36m1321.4[0ms
Estimated time remaining in training: [36m1[0mh [36m21[0mm [36m25[0ms
LR dropped to [36m0.0007840871[0m
superbatch [36m67[0m [[35m0.0[0m% ([36m0[0m/[36m763[0m batches, [36m3843544[0m pos/sec)]
Estimated time to end of superbatch: [36minf[0ms     [Fsuperbatch [36m67[0m [[35m16.8[0m% ([36m128[0m/[36m763[0m batches, [36m5064694[0m pos/sec)]
Estimated time to end of superbatch: [36m16.6[0ms     [Fsuperbatch [36m67[0m [[35m33.6[0m% ([36m256[0m/[36m763[0m batches, [36m5040407[0m pos/sec)]
Estimated time to end of superbatch: [36m13.2[0ms     [Fsuperbatch [36m67[0m [[35m50.3[0m% ([36m384[0m/[36m763[0m batches, [36m5001460[0m pos/sec)]
Estimated time to end of superbatch: [36m10.0[0ms     [Fsuperbatch [36m67[0m [[35m67.1[0m% ([36m512[0m/[36m763[0m batches, [36m4979202[0m pos/sec)]
Estimated time to end of superbatch: [36m6.6[0ms     [Fsuperbatch [36m67[0m [[35m83.9[0m% ([36m640[0m/[36m763[0m batches, [36m5000357[0m pos/sec)]
Estimated time to end of superbatch: [36m3.2[0ms     [Fsuperbatch [36m67[0m | time [36m19.9[0ms | running loss [36m0.011897[0m | [36m5019837[0m pos/sec | total time [36m1341.4[0ms
Estimated time remaining in training: [36m1[0mh [36m21[0mm [36m4[0ms
LR dropped to [36m0.00078086456[0m
superbatch [36m68[0m [[35m0.0[0m% ([36m0[0m/[36m763[0m batches, [36m5509053[0m pos/sec)]
Estimated time to end of superbatch: [36minf[0ms     [Fsuperbatch [36m68[0m [[35m16.8[0m% ([36m128[0m/[36m763[0m batches, [36m5004450[0m pos/sec)]
Estimated time to end of superbatch: [36m16.8[0ms     [Fsuperbatch [36m68[0m [[35m33.6[0m% ([36m256[0m/[36m763[0m batches, [36m4937394[0m pos/sec)]
Estimated time to end of superbatch: [36m13.5[0ms     [Fsuperbatch [36m68[0m [[35m50.3[0m% ([36m384[0m/[36m763[0m batches, [36m4983152[0m pos/sec)]
Estimated time to end of superbatch: [36m10.0[0ms     [Fsuperbatch [36m68[0m [[35m67.1[0m% ([36m512[0m/[36m763[0m batches, [36m5009432[0m pos/sec)]
Estimated time to end of superbatch: [36m6.6[0ms     [Fsuperbatch [36m68[0m [[35m83.9[0m% ([36m640[0m/[36m763[0m batches, [36m4993089[0m pos/sec)]
Estimated time to end of superbatch: [36m3.2[0ms     [Fsuperbatch [36m68[0m | time [36m20.1[0ms | running loss [36m0.012033[0m | [36m4968824[0m pos/sec | total time [36m1361.5[0ms
Estimated time remaining in training: [36m1[0mh [36m20[0mm [36m45[0ms
LR dropped to [36m0.000777642[0m
superbatch [36m69[0m [[35m0.0[0m% ([36m0[0m/[36m763[0m batches, [36m5648812[0m pos/sec)]
Estimated time to end of superbatch: [36minf[0ms     [Fsuperbatch [36m69[0m [[35m16.8[0m% ([36m128[0m/[36m763[0m batches, [36m5115620[0m pos/sec)]
Estimated time to end of superbatch: [36m16.4[0ms     [Fsuperbatch [36m69[0m [[35m33.6[0m% ([36m256[0m/[36m763[0m batches, [36m5054992[0m pos/sec)]
Estimated time to end of superbatch: [36m13.2[0ms     [Fsuperbatch [36m69[0m [[35m50.3[0m% ([36m384[0m/[36m763[0m batches, [36m5015586[0m pos/sec)]
Estimated time to end of superbatch: [36m9.9[0ms     [Fsuperbatch [36m69[0m [[35m67.1[0m% ([36m512[0m/[36m763[0m batches, [36m4941858[0m pos/sec)]
Estimated time to end of superbatch: [36m6.7[0ms     [Fsuperbatch [36m69[0m [[35m83.9[0m% ([36m640[0m/[36m763[0m batches, [36m4972792[0m pos/sec)]
Estimated time to end of superbatch: [36m3.2[0ms     [Fsuperbatch [36m69[0m | time [36m20.1[0ms | running loss [36m0.011935[0m | [36m4978970[0m pos/sec | total time [36m1381.6[0ms
Estimated time remaining in training: [36m1[0mh [36m20[0mm [36m25[0ms
LR dropped to [36m0.0007744194[0m
superbatch [36m70[0m [[35m0.0[0m% ([36m0[0m/[36m763[0m batches, [36m5276810[0m pos/sec)]
Estimated time to end of superbatch: [36minf[0ms     [Fsuperbatch [36m70[0m [[35m16.8[0m% ([36m128[0m/[36m763[0m batches, [36m4984981[0m pos/sec)]
Estimated time to end of superbatch: [36m16.8[0ms     [Fsuperbatch [36m70[0m [[35m33.6[0m% ([36m256[0m/[36m763[0m batches, [36m4920742[0m pos/sec)]
Estimated time to end of superbatch: [36m13.6[0ms     [Fsuperbatch [36m70[0m [[35m50.3[0m% ([36m384[0m/[36m763[0m batches, [36m4949783[0m pos/sec)]
Estimated time to end of superbatch: [36m10.1[0ms     [Fsuperbatch [36m70[0m [[35m67.1[0m% ([36m512[0m/[36m763[0m batches, [36m4981046[0m pos/sec)]
Estimated time to end of superbatch: [36m6.6[0ms     [Fsuperbatch [36m70[0m [[35m83.9[0m% ([36m640[0m/[36m763[0m batches, [36m4969975[0m pos/sec)]
Estimated time to end of superbatch: [36m3.2[0ms     [Fsuperbatch [36m70[0m | time [36m20.2[0ms | running loss [36m0.012067[0m | [36m4962378[0m pos/sec | total time [36m1401.7[0ms
Estimated time remaining in training: [36m1[0mh [36m20[0mm [36m5[0ms
Saved [anna-v3q-s1-70]
LR dropped to [36m0.0007711968[0m
superbatch [36m71[0m [[35m0.0[0m% ([36m0[0m/[36m763[0m batches, [36m5639014[0m pos/sec)]
Estimated time to end of superbatch: [36minf[0ms     [Fsuperbatch [36m71[0m [[35m16.8[0m% ([36m128[0m/[36m763[0m batches, [36m5594040[0m pos/sec)]
Estimated time to end of superbatch: [36m15.0[0ms     [Fsuperbatch [36m71[0m [[35m33.6[0m% ([36m256[0m/[36m763[0m batches, [36m5629627[0m pos/sec)]
Estimated time to end of superbatch: [36m11.9[0ms     [Fsuperbatch [36m71[0m [[35m50.3[0m% ([36m384[0m/[36m763[0m batches, [36m5640580[0m pos/sec)]
Estimated time to end of superbatch: [36m8.8[0ms     [Fsuperbatch [36m71[0m [[35m67.1[0m% ([36m512[0m/[36m763[0m batches, [36m5533340[0m pos/sec)]
Estimated time to end of superbatch: [36m6.0[0ms     [Fsuperbatch [36m71[0m [[35m83.9[0m% ([36m640[0m/[36m763[0m batches, [36m5438197[0m pos/sec)]
Estimated time to end of superbatch: [36m3.0[0ms     [Fsuperbatch [36m71[0m | time [36m18.6[0ms | running loss [36m0.011995[0m | [36m5363832[0m pos/sec | total time [36m1421.7[0ms
Estimated time remaining in training: [36m1[0mh [36m19[0mm [36m45[0ms
LR dropped to [36m0.00076797424[0m
superbatch [36m72[0m [[35m0.0[0m% ([36m0[0m/[36m763[0m batches, [36m5497481[0m pos/sec)]
Estimated time to end of superbatch: [36minf[0ms     [Fsuperbatch [36m72[0m [[35m16.8[0m% ([36m128[0m/[36m763[0m batches, [36m4995580[0m pos/sec)]
Estimated time to end of superbatch: [36m16.8[0ms     [Fsuperbatch [36m72[0m [[35m33.6[0m% ([36m256[0m/[36m763[0m batches, [36m4881529[0m pos/sec)]
Estimated time to end of superbatch: [36m13.7[0ms     [Fsuperbatch [36m72[0m [[35m50.3[0m% ([36m384[0m/[36m763[0m batches, [36m4955528[0m pos/sec)]
Estimated time to end of superbatch: [36m10.1[0ms     [Fsuperbatch [36m72[0m [[35m67.1[0m% ([36m512[0m/[36m763[0m batches, [36m4994920[0m pos/sec)]
Estimated time to end of superbatch: [36m6.6[0ms     [Fsuperbatch [36m72[0m [[35m83.9[0m% ([36m640[0m/[36m763[0m batches, [36m4993721[0m pos/sec)]
Estimated time to end of superbatch: [36m3.2[0ms     [Fsuperbatch [36m72[0m | time [36m20.1[0ms | running loss [36m0.012116[0m | [36m4975788[0m pos/sec | total time [36m1441.8[0ms
Estimated time remaining in training: [36m1[0mh [36m19[0mm [36m25[0ms
LR dropped to [36m0.00076475163[0m
superbatch [36m73[0m [[35m0.0[0m% ([36m0[0m/[36m763[0m batches, [36m5272566[0m pos/sec)]
Estimated time to end of superbatch: [36minf[0ms     [Fsuperbatch [36m73[0m [[35m16.8[0m% ([36m128[0m/[36m763[0m batches, [36m5040607[0m pos/sec)]
Estimated time to end of superbatch: [36m16.6[0ms     [Fsuperbatch [36m73[0m [[35m33.6[0m% ([36m256[0m/[36m763[0m batches, [36m5049856[0m pos/sec)]
Estimated time to end of superbatch: [36m13.2[0ms     [Fsuperbatch [36m73[0m [[35m50.3[0m% ([36m384[0m/[36m763[0m batches, [36m5034168[0m pos/sec)]
Estimated time to end of superbatch: [36m9.9[0ms     [Fsuperbatch [36m73[0m [[35m67.1[0m% ([36m512[0m/[36m763[0m batches, [36m5004768[0m pos/sec)]
Estimated time to end of superbatch: [36m6.6[0ms     [Fsuperbatch [36m73[0m [[35m83.9[0m% ([36m640[0m/[36m763[0m batches, [36m5015429[0m pos/sec)]
Estimated time to end of superbatch: [36m3.2[0ms     [Fsuperbatch [36m73[0m | time [36m19.9[0ms | running loss [36m0.012038[0m | [36m5025712[0m pos/sec | total time [36m1461.7[0ms
Estimated time remaining in training: [36m1[0mh [36m19[0mm [36m5[0ms
LR dropped to [36m0.0007615291[0m
superbatch [36m74[0m [[35m0.0[0m% ([36m0[0m/[36m763[0m batches, [36m5407238[0m pos/sec)]
Estimated time to end of superbatch: [36minf[0ms     [Fsuperbatch [36m74[0m [[35m16.8[0m% ([36m128[0m/[36m763[0m batches, [36m5002926[0m pos/sec)]
Estimated time to end of superbatch: [36m16.8[0ms     [Fsuperbatch [36m74[0m [[35m33.6[0m% ([36m256[0m/[36m763[0m batches, [36m4921782[0m pos/sec)]
Estimated time to end of superbatch: [36m13.6[0ms     [Fsuperbatch [36m74[0m [[35m50.3[0m% ([36m384[0m/[36m763[0m batches, [36m4962320[0m pos/sec)]
Estimated time to end of superbatch: [36m10.0[0ms     [Fsuperbatch [36m74[0m [[35m67.1[0m% ([36m512[0m/[36m763[0m batches, [36m4967480[0m pos/sec)]
Estimated time to end of superbatch: [36m6.6[0ms     [Fsuperbatch [36m74[0m [[35m83.9[0m% ([36m640[0m/[36m763[0m batches, [36m4991610[0m pos/sec)]
Estimated time to end of superbatch: [36m3.2[0ms     [Fsuperbatch [36m74[0m | time [36m20.1[0ms | running loss [36m0.012134[0m | [36m4975007[0m pos/sec | total time [36m1481.8[0ms
Estimated time remaining in training: [36m1[0mh [36m18[0mm [36m45[0ms
LR dropped to [36m0.0007583065[0m
superbatch [36m75[0m [[35m0.0[0m% ([36m0[0m/[36m763[0m batches, [36m5468291[0m pos/sec)]
Estimated time to end of superbatch: [36minf[0ms     [Fsuperbatch [36m75[0m [[35m16.8[0m% ([36m128[0m/[36m763[0m batches, [36m5039504[0m pos/sec)]
Estimated time to end of superbatch: [36m16.6[0ms     [Fsuperbatch [36m75[0m [[35m33.6[0m% ([36m256[0m/[36m763[0m batches, [36m5048658[0m pos/sec)]
Estimated time to end of superbatch: [36m13.2[0ms     [Fsuperbatch [36m75[0m [[35m50.3[0m% ([36m384[0m/[36m763[0m batches, [36m5048030[0m pos/sec)]
Estimated time to end of superbatch: [36m9.9[0ms     [Fsuperbatch [36m75[0m [[35m67.1[0m% ([36m512[0m/[36m763[0m batches, [36m5001558[0m pos/sec)]
Estimated time to end of superbatch: [36m6.6[0ms     [Fsuperbatch [36m75[0m [[35m83.9[0m% ([36m640[0m/[36m763[0m batches, [36m5005678[0m pos/sec)]
Estimated time to end of superbatch: [36m3.2[0ms     [Fsuperbatch [36m75[0m | time [36m19.9[0ms | running loss [36m0.012109[0m | [36m5014161[0m pos/sec | total time [36m1501.7[0ms
Estimated time remaining in training: [36m1[0mh [36m18[0mm [36m25[0ms
LR dropped to [36m0.00075508386[0m
superbatch [36m76[0m [[35m0.0[0m% ([36m0[0m/[36m763[0m batches, [36m4357348[0m pos/sec)]
Estimated time to end of superbatch: [36minf[0ms     [Fsuperbatch [36m76[0m [[35m16.8[0m% ([36m128[0m/[36m763[0m batches, [36m5023662[0m pos/sec)]
Estimated time to end of superbatch: [36m16.7[0ms     [Fsuperbatch [36m76[0m [[35m33.6[0m% ([36m256[0m/[36m763[0m batches, [36m4978290[0m pos/sec)]
Estimated time to end of superbatch: [36m13.4[0ms     [Fsuperbatch [36m76[0m [[35m50.3[0m% ([36m384[0m/[36m763[0m batches, [36m4987187[0m pos/sec)]
Estimated time to end of superbatch: [36m10.0[0ms     [Fsuperbatch [36m76[0m [[35m67.1[0m% ([36m512[0m/[36m763[0m batches, [36m4993678[0m pos/sec)]
Estimated time to end of superbatch: [36m6.6[0ms     [Fsuperbatch [36m76[0m [[35m83.9[0m% ([36m640[0m/[36m763[0m batches, [36m5007312[0m pos/sec)]
Estimated time to end of superbatch: [36m3.2[0ms     [Fsuperbatch [36m76[0m | time [36m20.1[0ms | running loss [36m0.012186[0m | [36m4987702[0m pos/sec | total time [36m1521.7[0ms
Estimated time remaining in training: [36m1[0mh [36m18[0mm [36m5[0ms
LR dropped to [36m0.0007518613[0m
superbatch [36m77[0m [[35m0.0[0m% ([36m0[0m/[36m763[0m batches, [36m4994498[0m pos/sec)]
Estimated time to end of superbatch: [36minf[0ms     [Fsuperbatch [36m77[0m [[35m16.8[0m% ([36m128[0m/[36m763[0m batches, [36m5061188[0m pos/sec)]
Estimated time to end of superbatch: [36m16.6[0ms     [Fsuperbatch [36m77[0m [[35m33.6[0m% ([36m256[0m/[36m763[0m batches, [36m5051585[0m pos/sec)]
Estimated time to end of superbatch: [36m13.2[0ms     [Fsuperbatch [36m77[0m [[35m50.3[0m% ([36m384[0m/[36m763[0m batches, [36m5053393[0m pos/sec)]
Estimated time to end of superbatch: [36m9.9[0ms     [Fsuperbatch [36m77[0m [[35m67.1[0m% ([36m512[0m/[36m763[0m batches, [36m5036138[0m pos/sec)]
Estimated time to end of superbatch: [36m6.5[0ms     [Fsuperbatch [36m77[0m [[35m83.9[0m% ([36m640[0m/[36m763[0m batches, [36m5031576[0m pos/sec)]
Estimated time to end of superbatch: [36m3.2[0ms     [Fsuperbatch [36m77[0m | time [36m19.9[0ms | running loss [36m0.012152[0m | [36m5036262[0m pos/sec | total time [36m1541.6[0ms
Estimated time remaining in training: [36m1[0mh [36m17[0mm [36m44[0ms
LR dropped to [36m0.00074863876[0m
superbatch [36m78[0m [[35m0.0[0m% ([36m0[0m/[36m763[0m batches, [36m4275336[0m pos/sec)]
Estimated time to end of superbatch: [36minf[0ms     [Fsuperbatch [36m78[0m [[35m16.8[0m% ([36m128[0m/[36m763[0m batches, [36m5077944[0m pos/sec)]
Estimated time to end of superbatch: [36m16.5[0ms     [Fsuperbatch [36m78[0m [[35m33.6[0m% ([36m256[0m/[36m763[0m batches, [36m4906764[0m pos/sec)]
Estimated time to end of superbatch: [36m13.6[0ms     [Fsuperbatch [36m78[0m [[35m50.3[0m% ([36m384[0m/[36m763[0m batches, [36m4906752[0m pos/sec)]
Estimated time to end of superbatch: [36m10.2[0ms     [Fsuperbatch [36m78[0m [[35m67.1[0m% ([36m512[0m/[36m763[0m batches, [36m4949850[0m pos/sec)]
Estimated time to end of superbatch: [36m6.7[0ms     [Fsuperbatch [36m78[0m [[35m83.9[0m% ([36m640[0m/[36m763[0m batches, [36m4981214[0m pos/sec)]
Estimated time to end of superbatch: [36m3.2[0ms     [Fsuperbatch [36m78[0m | time [36m20.1[0ms | running loss [36m0.012215[0m | [36m4967370[0m pos/sec | total time [36m1561.7[0ms
Estimated time remaining in training: [36m1[0mh [36m17[0mm [36m25[0ms
LR dropped to [36m0.00074541615[0m
superbatch [36m79[0m [[35m0.0[0m% ([36m0[0m/[36m763[0m batches, [36m4858409[0m pos/sec)]
Estimated time to end of superbatch: [36minf[0ms     [Fsuperbatch [36m79[0m [[35m16.8[0m% ([36m128[0m/[36m763[0m batches, [36m5027459[0m pos/sec)]
Estimated time to end of superbatch: [36m16.7[0ms     [Fsuperbatch [36m79[0m [[35m33.6[0m% ([36m256[0m/[36m763[0m batches, [36m5046136[0m pos/sec)]
Estimated time to end of superbatch: [36m13.2[0ms     [Fsuperbatch [36m79[0m [[35m50.3[0m% ([36m384[0m/[36m763[0m batches, [36m5046926[0m pos/sec)]
Estimated time to end of superbatch: [36m9.9[0ms     [Fsuperbatch [36m79[0m [[35m67.1[0m% ([36m512[0m/[36m763[0m batches, [36m5021946[0m pos/sec)]
Estimated time to end of superbatch: [36m6.6[0ms     [Fsuperbatch [36m79[0m [[35m83.9[0m% ([36m640[0m/[36m763[0m batches, [36m5011835[0m pos/sec)]
Estimated time to end of superbatch: [36m3.2[0ms     [Fsuperbatch [36m79[0m | time [36m19.9[0ms | running loss [36m0.012225[0m | [36m5026842[0m pos/sec | total time [36m1581.6[0ms
Estimated time remaining in training: [36m1[0mh [36m17[0mm [36m4[0ms
LR dropped to [36m0.0007421936[0m
superbatch [36m80[0m [[35m0.0[0m% ([36m0[0m/[36m763[0m batches, [36m5486409[0m pos/sec)]
Estimated time to end of superbatch: [36minf[0ms     [Fsuperbatch [36m80[0m [[35m16.8[0m% ([36m128[0m/[36m763[0m batches, [36m5041246[0m pos/sec)]
Estimated time to end of superbatch: [36m16.6[0ms     [Fsuperbatch [36m80[0m [[35m33.6[0m% ([36m256[0m/[36m763[0m batches, [36m4849250[0m pos/sec)]
Estimated time to end of superbatch: [36m13.8[0ms     [Fsuperbatch [36m80[0m [[35m50.3[0m% ([36m384[0m/[36m763[0m batches, [36m4894008[0m pos/sec)]
Estimated time to end of superbatch: [36m10.2[0ms     [Fsuperbatch [36m80[0m [[35m67.1[0m% ([36m512[0m/[36m763[0m batches, [36m4943180[0m pos/sec)]
Estimated time to end of superbatch: [36m6.7[0ms     [Fsuperbatch [36m80[0m [[35m83.9[0m% ([36m640[0m/[36m763[0m batches, [36m4987408[0m pos/sec)]
Estimated time to end of superbatch: [36m3.2[0ms     [Fsuperbatch [36m80[0m | time [36m20.2[0ms | running loss [36m0.012263[0m | [36m4940489[0m pos/sec | total time [36m1601.9[0ms
Estimated time remaining in training: [36m1[0mh [36m16[0mm [36m45[0ms
Saved [anna-v3q-s1-80]
LR dropped to [36m0.00073897105[0m
superbatch [36m81[0m [[35m0.0[0m% ([36m0[0m/[36m763[0m batches, [36m5352672[0m pos/sec)]
Estimated time to end of superbatch: [36minf[0ms     [Fsuperbatch [36m81[0m [[35m16.8[0m% ([36m128[0m/[36m763[0m batches, [36m5574146[0m pos/sec)]
Estimated time to end of superbatch: [36m15.0[0ms     [Fsuperbatch [36m81[0m [[35m33.6[0m% ([36m256[0m/[36m763[0m batches, [36m5645875[0m pos/sec)]
Estimated time to end of superbatch: [36m11.8[0ms     [Fsuperbatch [36m81[0m [[35m50.3[0m% ([36m384[0m/[36m763[0m batches, [36m5647788[0m pos/sec)]
Estimated time to end of superbatch: [36m8.8[0ms     [Fsuperbatch [36m81[0m [[35m67.1[0m% ([36m512[0m/[36m763[0m batches, [36m5523303[0m pos/sec)]
Estimated time to end of superbatch: [36m6.0[0ms     [Fsuperbatch [36m81[0m [[35m83.9[0m% ([36m640[0m/[36m763[0m batches, [36m5406290[0m pos/sec)]
Estimated time to end of superbatch: [36m3.0[0ms     [Fsuperbatch [36m81[0m | time [36m18.7[0ms | running loss [36m0.012323[0m | [36m5348457[0m pos/sec | total time [36m1622.0[0ms
Estimated time remaining in training: [36m1[0mh [36m16[0mm [36m25[0ms
LR dropped to [36m0.00073574844[0m
superbatch [36m82[0m [[35m0.0[0m% ([36m0[0m/[36m763[0m batches, [36m5632652[0m pos/sec)]
Estimated time to end of superbatch: [36minf[0ms     [Fsuperbatch [36m82[0m [[35m16.8[0m% ([36m128[0m/[36m763[0m batches, [36m5141126[0m pos/sec)]
Estimated time to end of superbatch: [36m16.3[0ms     [Fsuperbatch [36m82[0m [[35m33.6[0m% ([36m256[0m/[36m763[0m batches, [36m5039028[0m pos/sec)]
Estimated time to end of superbatch: [36m13.2[0ms     [Fsuperbatch [36m82[0m [[35m50.3[0m% ([36m384[0m/[36m763[0m batches, [36m5024368[0m pos/sec)]
Estimated time to end of superbatch: [36m9.9[0ms     [Fsuperbatch [36m82[0m [[35m67.1[0m% ([36m512[0m/[36m763[0m batches, [36m5028180[0m pos/sec)]
Estimated time to end of superbatch: [36m6.6[0ms     [Fsuperbatch [36m82[0m [[35m83.9[0m% ([36m640[0m/[36m763[0m batches, [36m5019622[0m pos/sec)]
Estimated time to end of superbatch: [36m3.2[0ms     [Fsuperbatch [36m82[0m | time [36m20.0[0ms | running loss [36m0.012368[0m | [36m4992110[0m pos/sec | total time [36m1642.1[0ms
Estimated time remaining in training: [36m1[0mh [36m16[0mm [36m5[0ms
LR dropped to [36m0.00073252583[0m
superbatch [36m83[0m [[35m0.0[0m% ([36m0[0m/[36m763[0m batches, [36m5344862[0m pos/sec)]
Estimated time to end of superbatch: [36minf[0ms     [Fsuperbatch [36m83[0m [[35m16.8[0m% ([36m128[0m/[36m763[0m batches, [36m4760418[0m pos/sec)]
Estimated time to end of superbatch: [36m17.6[0ms     [Fsuperbatch [36m83[0m [[35m33.6[0m% ([36m256[0m/[36m763[0m batches, [36m4905894[0m pos/sec)]
Estimated time to end of superbatch: [36m13.6[0ms     [Fsuperbatch [36m83[0m [[35m50.3[0m% ([36m384[0m/[36m763[0m batches, [36m4980807[0m pos/sec)]
Estimated time to end of superbatch: [36m10.0[0ms     [Fsuperbatch [36m83[0m [[35m67.1[0m% ([36m512[0m/[36m763[0m batches, [36m4904150[0m pos/sec)]
Estimated time to end of superbatch: [36m6.7[0ms     [Fsuperbatch [36m83[0m [[35m83.9[0m% ([36m640[0m/[36m763[0m batches, [36m4870690[0m pos/sec)]
Estimated time to end of superbatch: [36m3.3[0ms     [Fsuperbatch [36m83[0m | time [36m20.4[0ms | running loss [36m0.012409[0m | [36m4898874[0m pos/sec | total time [36m1662.5[0ms
Estimated time remaining in training: [36m1[0mh [36m15[0mm [36m46[0ms
LR dropped to [36m0.0007293032[0m
superbatch [36m84[0m [[35m0.0[0m% ([36m0[0m/[36m763[0m batches, [36m5461144[0m pos/sec)]
Estimated time to end of superbatch: [36minf[0ms     [Fsuperbatch [36m84[0m [[35m16.8[0m% ([36m128[0m/[36m763[0m batches, [36m5074074[0m pos/sec)]
Estimated time to end of superbatch: [36m16.5[0ms     [Fsuperbatch [36m84[0m [[35m33.6[0m% ([36m256[0m/[36m763[0m batches, [36m4940640[0m pos/sec)]
Estimated time to end of superbatch: [36m13.5[0ms     [Fsuperbatch [36m84[0m [[35m50.3[0m% ([36m384[0m/[36m763[0m batches, [36m4930354[0m pos/sec)]
Estimated time to end of superbatch: [36m10.1[0ms     [Fsuperbatch [36m84[0m [[35m67.1[0m% ([36m512[0m/[36m763[0m batches, [36m4953666[0m pos/sec)]
Estimated time to end of superbatch: [36m6.7[0ms     [Fsuperbatch [36m84[0m [[35m83.9[0m% ([36m640[0m/[36m763[0m batches, [36m4963955[0m pos/sec)]
Estimated time to end of superbatch: [36m3.3[0ms     [Fsuperbatch [36m84[0m | time [36m20.2[0ms | running loss [36m0.012397[0m | [36m4954806[0m pos/sec | total time [36m1682.7[0ms
Estimated time remaining in training: [36m1[0mh [36m15[0mm [36m27[0ms
LR dropped to [36m0.0007260807[0m
superbatch [36m85[0m [[35m0.0[0m% ([36m0[0m/[36m763[0m batches, [36m4924664[0m pos/sec)]
Estimated time to end of superbatch: [36minf[0ms     [Fsuperbatch [36m85[0m [[35m16.8[0m% ([36m128[0m/[36m763[0m batches, [36m4833834[0m pos/sec)]
Estimated time to end of superbatch: [36m17.4[0ms     [Fsuperbatch [36m85[0m [[35m33.6[0m% ([36m256[0m/[36m763[0m batches, [36m4971048[0m pos/sec)]
Estimated time to end of superbatch: [36m13.4[0ms     [Fsuperbatch [36m85[0m [[35m50.3[0m% ([36m384[0m/[36m763[0m batches, [36m4998595[0m pos/sec)]
Estimated time to end of superbatch: [36m10.0[0ms     [Fsuperbatch [36m85[0m [[35m67.1[0m% ([36m512[0m/[36m763[0m batches, [36m4961538[0m pos/sec)]
Estimated time to end of superbatch: [36m6.6[0ms     [Fsuperbatch [36m85[0m [[35m83.9[0m% ([36m640[0m/[36m763[0m batches, [36m4944938[0m pos/sec)]
Estimated time to end of superbatch: [36m3.3[0ms     [Fsuperbatch [36m85[0m | time [36m20.2[0ms | running loss [36m0.012439[0m | [36m4957720[0m pos/sec | total time [36m1702.9[0ms
Estimated time remaining in training: [36m1[0mh [36m15[0mm [36m7[0ms
LR dropped to [36m0.0007228581[0m
superbatch [36m86[0m [[35m0.0[0m% ([36m0[0m/[36m763[0m batches, [36m5587435[0m pos/sec)]
Estimated time to end of superbatch: [36minf[0ms     [Fsuperbatch [36m86[0m [[35m16.8[0m% ([36m128[0m/[36m763[0m batches, [36m5005870[0m pos/sec)]
Estimated time to end of superbatch: [36m16.8[0ms     [Fsuperbatch [36m86[0m [[35m33.6[0m% ([36m256[0m/[36m763[0m batches, [36m4936355[0m pos/sec)]
Estimated time to end of superbatch: [36m13.5[0ms     [Fsuperbatch [36m86[0m [[35m50.3[0m% ([36m384[0m/[36m763[0m batches, [36m4901642[0m pos/sec)]
Estimated time to end of superbatch: [36m10.2[0ms     [Fsuperbatch [36m86[0m [[35m67.1[0m% ([36m512[0m/[36m763[0m batches, [36m4939702[0m pos/sec)]
Estimated time to end of superbatch: [36m6.7[0ms     [Fsuperbatch [36m86[0m [[35m83.9[0m% ([36m640[0m/[36m763[0m batches, [36m4960655[0m pos/sec)]
Estimated time to end of superbatch: [36m3.3[0ms     [Fsuperbatch [36m86[0m | time [36m20.2[0ms | running loss [36m0.012420[0m | [36m4958736[0m pos/sec | total time [36m1723.0[0ms
Estimated time remaining in training: [36m1[0mh [36m14[0mm [36m47[0ms
LR dropped to [36m0.0007196355[0m
superbatch [36m87[0m [[35m0.0[0m% ([36m0[0m/[36m763[0m batches, [36m5564619[0m pos/sec)]
Estimated time to end of superbatch: [36minf[0ms     [Fsuperbatch [36m87[0m [[35m16.8[0m% ([36m128[0m/[36m763[0m batches, [36m4871983[0m pos/sec)]
Estimated time to end of superbatch: [36m17.2[0ms     [Fsuperbatch [36m87[0m [[35m33.6[0m% ([36m256[0m/[36m763[0m batches, [36m4973512[0m pos/sec)]
Estimated time to end of superbatch: [36m13.4[0ms     [Fsuperbatch [36m87[0m [[35m50.3[0m% ([36m384[0m/[36m763[0m batches, [36m5025436[0m pos/sec)]
Estimated time to end of superbatch: [36m9.9[0ms     [Fsuperbatch [36m87[0m [[35m67.1[0m% ([36m512[0m/[36m763[0m batches, [36m5032495[0m pos/sec)]
Estimated time to end of superbatch: [36m6.6[0ms     [Fsuperbatch [36m87[0m [[35m83.9[0m% ([36m640[0m/[36m763[0m batches, [36m5021174[0m pos/sec)]
Estimated time to end of superbatch: [36m3.2[0ms     [Fsuperbatch [36m87[0m | time [36m19.9[0ms | running loss [36m0.012491[0m | [36m5027190[0m pos/sec | total time [36m1742.9[0ms
Estimated time remaining in training: [36m1[0mh [36m14[0mm [36m27[0ms
LR dropped to [36m0.0007164129[0m
superbatch [36m88[0m [[35m0.0[0m% ([36m0[0m/[36m763[0m batches, [36m4307432[0m pos/sec)]
Estimated time to end of superbatch: [36minf[0ms     [Fsuperbatch [36m88[0m [[35m16.8[0m% ([36m128[0m/[36m763[0m batches, [36m5080610[0m pos/sec)]
Estimated time to end of superbatch: [36m16.5[0ms     [Fsuperbatch [36m88[0m [[35m33.6[0m% ([36m256[0m/[36m763[0m batches, [36m5012044[0m pos/sec)]
Estimated time to end of superbatch: [36m13.3[0ms     [Fsuperbatch [36m88[0m [[35m50.3[0m% ([36m384[0m/[36m763[0m batches, [36m4922488[0m pos/sec)]
Estimated time to end of superbatch: [36m10.1[0ms     [Fsuperbatch [36m88[0m [[35m67.1[0m% ([36m512[0m/[36m763[0m batches, [36m4955442[0m pos/sec)]
Estimated time to end of superbatch: [36m6.7[0ms     [Fsuperbatch [36m88[0m [[35m83.9[0m% ([36m640[0m/[36m763[0m batches, [36m4973766[0m pos/sec)]
Estimated time to end of superbatch: [36m3.2[0ms     [Fsuperbatch [36m88[0m | time [36m20.1[0ms | running loss [36m0.012433[0m | [36m4972880[0m pos/sec | total time [36m1763.0[0ms
Estimated time remaining in training: [36m1[0mh [36m14[0mm [36m7[0ms
LR dropped to [36m0.00071319035[0m
superbatch [36m89[0m [[35m0.0[0m% ([36m0[0m/[36m763[0m batches, [36m5299370[0m pos/sec)]
Estimated time to end of superbatch: [36minf[0ms     [Fsuperbatch [36m89[0m [[35m16.8[0m% ([36m128[0m/[36m763[0m batches, [36m4902246[0m pos/sec)]
Estimated time to end of superbatch: [36m17.1[0ms     [Fsuperbatch [36m89[0m [[35m33.6[0m% ([36m256[0m/[36m763[0m batches, [36m4974768[0m pos/sec)]
Estimated time to end of superbatch: [36m13.4[0ms     [Fsuperbatch [36m89[0m [[35m50.3[0m% ([36m384[0m/[36m763[0m batches, [36m4966991[0m pos/sec)]
Estimated time to end of superbatch: [36m10.0[0ms     [Fsuperbatch [36m89[0m [[35m67.1[0m% ([36m512[0m/[36m763[0m batches, [36m4935484[0m pos/sec)]
Estimated time to end of superbatch: [36m6.7[0ms     [Fsuperbatch [36m89[0m [[35m83.9[0m% ([36m640[0m/[36m763[0m batches, [36m4925984[0m pos/sec)]
Estimated time to end of superbatch: [36m3.3[0ms     [Fsuperbatch [36m89[0m | time [36m20.2[0ms | running loss [36m0.012537[0m | [36m4951988[0m pos/sec | total time [36m1783.2[0ms
Estimated time remaining in training: [36m1[0mh [36m13[0mm [36m47[0ms
LR dropped to [36m0.0007099678[0m
superbatch [36m90[0m [[35m0.0[0m% ([36m0[0m/[36m763[0m batches, [36m5500185[0m pos/sec)]
Estimated time to end of superbatch: [36minf[0ms     [Fsuperbatch [36m90[0m [[35m16.8[0m% ([36m128[0m/[36m763[0m batches, [36m5041516[0m pos/sec)]
Estimated time to end of superbatch: [36m16.6[0ms     [Fsuperbatch [36m90[0m [[35m33.6[0m% ([36m256[0m/[36m763[0m batches, [36m5000650[0m pos/sec)]
Estimated time to end of superbatch: [36m13.3[0ms     [Fsuperbatch [36m90[0m [[35m50.3[0m% ([36m384[0m/[36m763[0m batches, [36m4980728[0m pos/sec)]
Estimated time to end of superbatch: [36m10.0[0ms     [Fsuperbatch [36m90[0m [[35m67.1[0m% ([36m512[0m/[36m763[0m batches, [36m5008276[0m pos/sec)]
Estimated time to end of superbatch: [36m6.6[0ms     [Fsuperbatch [36m90[0m [[35m83.9[0m% ([36m640[0m/[36m763[0m batches, [36m5026896[0m pos/sec)]
Estimated time to end of superbatch: [36m3.2[0ms     [Fsuperbatch [36m90[0m | time [36m19.9[0ms | running loss [36m0.012470[0m | [36m5016854[0m pos/sec | total time [36m1803.2[0ms
Estimated time remaining in training: [36m1[0mh [36m13[0mm [36m27[0ms
Saved [anna-v3q-s1-90]
LR dropped to [36m0.0007067452[0m
superbatch [36m91[0m [[35m0.0[0m% ([36m0[0m/[36m763[0m batches, [36m5593998[0m pos/sec)]
Estimated time to end of superbatch: [36minf[0ms     [Fsuperbatch [36m91[0m [[35m16.8[0m% ([36m128[0m/[36m763[0m batches, [36m5608746[0m pos/sec)]
Estimated time to end of superbatch: [36m15.0[0ms     [Fsuperbatch [36m91[0m [[35m33.6[0m% ([36m256[0m/[36m763[0m batches, [36m5615274[0m pos/sec)]
Estimated time to end of superbatch: [36m11.9[0ms     [Fsuperbatch [36m91[0m [[35m50.3[0m% ([36m384[0m/[36m763[0m batches, [36m5651890[0m pos/sec)]
Estimated time to end of superbatch: [36m8.8[0ms     [Fsuperbatch [36m91[0m [[35m67.1[0m% ([36m512[0m/[36m763[0m batches, [36m5661706[0m pos/sec)]
Estimated time to end of superbatch: [36m5.8[0ms     [Fsuperbatch [36m91[0m [[35m83.9[0m% ([36m640[0m/[36m763[0m batches, [36m5524876[0m pos/sec)]
Estimated time to end of superbatch: [36m2.9[0ms     [Fsuperbatch [36m91[0m | time [36m18.3[0ms | running loss [36m0.012598[0m | [36m5456060[0m pos/sec | total time [36m1822.9[0ms
Estimated time remaining in training: [36m1[0mh [36m13[0mm [36m6[0ms
LR dropped to [36m0.00070352264[0m
superbatch [36m92[0m [[35m0.0[0m% ([36m0[0m/[36m763[0m batches, [36m5550438[0m pos/sec)]
Estimated time to end of superbatch: [36minf[0ms     [Fsuperbatch [36m92[0m [[35m16.8[0m% ([36m128[0m/[36m763[0m batches, [36m5055392[0m pos/sec)]
Estimated time to end of superbatch: [36m16.6[0ms     [Fsuperbatch [36m92[0m [[35m33.6[0m% ([36m256[0m/[36m763[0m batches, [36m5009798[0m pos/sec)]
Estimated time to end of superbatch: [36m13.3[0ms     [Fsuperbatch [36m92[0m [[35m50.3[0m% ([36m384[0m/[36m763[0m batches, [36m5003782[0m pos/sec)]
Estimated time to end of superbatch: [36m10.0[0ms     [Fsuperbatch [36m92[0m [[35m67.1[0m% ([36m512[0m/[36m763[0m batches, [36m5035694[0m pos/sec)]
Estimated time to end of superbatch: [36m6.5[0ms     [Fsuperbatch [36m92[0m [[35m83.9[0m% ([36m640[0m/[36m763[0m batches, [36m5043970[0m pos/sec)]
Estimated time to end of superbatch: [36m3.2[0ms     [Fsuperbatch [36m92[0m | time [36m19.9[0ms | running loss [36m0.012539[0m | [36m5035969[0m pos/sec | total time [36m1842.7[0ms
Estimated time remaining in training: [36m1[0mh [36m12[0mm [36m46[0ms
LR dropped to [36m0.00070030004[0m
superbatch [36m93[0m [[35m0.0[0m% ([36m0[0m/[36m763[0m batches, [36m5301424[0m pos/sec)]
Estimated time to end of superbatch: [36minf[0ms     [Fsuperbatch [36m93[0m [[35m16.8[0m% ([36m128[0m/[36m763[0m batches, [36m4991380[0m pos/sec)]
Estimated time to end of superbatch: [36m16.8[0ms     [Fsuperbatch [36m93[0m [[35m33.6[0m% ([36m256[0m/[36m763[0m batches, [36m5031780[0m pos/sec)]
Estimated time to end of superbatch: [36m13.3[0ms     [Fsuperbatch [36m93[0m [[35m50.3[0m% ([36m384[0m/[36m763[0m batches, [36m5035570[0m pos/sec)]
Estimated time to end of superbatch: [36m9.9[0ms     [Fsuperbatch [36m93[0m [[35m67.1[0m% ([36m512[0m/[36m763[0m batches, [36m5007436[0m pos/sec)]
Estimated time to end of superbatch: [36m6.6[0ms     [Fsuperbatch [36m93[0m [[35m83.9[0m% ([36m640[0m/[36m763[0m batches, [36m4985432[0m pos/sec)]
Estimated time to end of superbatch: [36m3.2[0ms     [Fsuperbatch [36m93[0m | time [36m20.0[0ms | running loss [36m0.012664[0m | [36m5000422[0m pos/sec | total time [36m1862.7[0ms
Estimated time remaining in training: [36m1[0mh [36m12[0mm [36m26[0ms
LR dropped to [36m0.0006970775[0m
superbatch [36m94[0m [[35m0.0[0m% ([36m0[0m/[36m763[0m batches, [36m5649655[0m pos/sec)]
Estimated time to end of superbatch: [36minf[0ms     [Fsuperbatch [36m94[0m [[35m16.8[0m% ([36m128[0m/[36m763[0m batches, [36m5089756[0m pos/sec)]
Estimated time to end of superbatch: [36m16.5[0ms     [Fsuperbatch [36m94[0m [[35m33.6[0m% ([36m256[0m/[36m763[0m batches, [36m5056204[0m pos/sec)]
Estimated time to end of superbatch: [36m13.2[0ms     [Fsuperbatch [36m94[0m [[35m50.3[0m% ([36m384[0m/[36m763[0m batches, [36m4990619[0m pos/sec)]
Estimated time to end of superbatch: [36m10.0[0ms     [Fsuperbatch [36m94[0m [[35m67.1[0m% ([36m512[0m/[36m763[0m batches, [36m4988510[0m pos/sec)]
Estimated time to end of superbatch: [36m6.6[0ms     [Fsuperbatch [36m94[0m [[35m83.9[0m% ([36m640[0m/[36m763[0m batches, [36m5011476[0m pos/sec)]
Estimated time to end of superbatch: [36m3.2[0ms     [Fsuperbatch [36m94[0m | time [36m19.9[0ms | running loss [36m0.012549[0m | [36m5014738[0m pos/sec | total time [36m1882.7[0ms
Estimated time remaining in training: [36m1[0mh [36m12[0mm [36m6[0ms
LR dropped to [36m0.0006938549[0m
superbatch [36m95[0m [[35m0.0[0m% ([36m0[0m/[36m763[0m batches, [36m3974321[0m pos/sec)]
Estimated time to end of superbatch: [36minf[0ms     [Fsuperbatch [36m95[0m [[35m16.8[0m% ([36m128[0m/[36m763[0m batches, [36m5008989[0m pos/sec)]
Estimated time to end of superbatch: [36m16.7[0ms     [Fsuperbatch [36m95[0m [[35m33.6[0m% ([36m256[0m/[36m763[0m batches, [36m5085466[0m pos/sec)]
Estimated time to end of superbatch: [36m13.1[0ms     [Fsuperbatch [36m95[0m [[35m50.3[0m% ([36m384[0m/[36m763[0m batches, [36m5067812[0m pos/sec)]
Estimated time to end of superbatch: [36m9.8[0ms     [Fsuperbatch [36m95[0m [[35m67.1[0m% ([36m512[0m/[36m763[0m batches, [36m5059268[0m pos/sec)]
Estimated time to end of superbatch: [36m6.5[0ms     [Fsuperbatch [36m95[0m [[35m83.9[0m% ([36m640[0m/[36m763[0m batches, [36m5011582[0m pos/sec)]
Estimated time to end of superbatch: [36m3.2[0ms     [Fsuperbatch [36m95[0m | time [36m19.9[0ms | running loss [36m0.012713[0m | [36m5028100[0m pos/sec | total time [36m1902.6[0ms
Estimated time remaining in training: [36m1[0mh [36m11[0mm [36m45[0ms
LR dropped to [36m0.00069063227[0m
superbatch [36m96[0m [[35m0.0[0m% ([36m0[0m/[36m763[0m batches, [36m5414429[0m pos/sec)]
Estimated time to end of superbatch: [36minf[0ms     [Fsuperbatch [36m96[0m [[35m16.8[0m% ([36m128[0m/[36m763[0m batches, [36m5105888[0m pos/sec)]
Estimated time to end of superbatch: [36m16.4[0ms     [Fsuperbatch [36m96[0m [[35m33.6[0m% ([36m256[0m/[36m763[0m batches, [36m5064668[0m pos/sec)]
Estimated time to end of superbatch: [36m13.2[0ms     [Fsuperbatch [36m96[0m [[35m50.3[0m% ([36m384[0m/[36m763[0m batches, [36m4998331[0m pos/sec)]
Estimated time to end of superbatch: [36m10.0[0ms     [Fsuperbatch [36m96[0m [[35m67.1[0m% ([36m512[0m/[36m763[0m batches, [36m5021801[0m pos/sec)]
Estimated time to end of superbatch: [36m6.6[0ms     [Fsuperbatch [36m96[0m [[35m83.9[0m% ([36m640[0m/[36m763[0m batches, [36m5034593[0m pos/sec)]
Estimated time to end of superbatch: [36m3.2[0ms     [Fsuperbatch [36m96[0m | time [36m19.9[0ms | running loss [36m0.012594[0m | [36m5023604[0m pos/sec | total time [36m1922.5[0ms
Estimated time remaining in training: [36m1[0mh [36m11[0mm [36m25[0ms
LR dropped to [36m0.0006874097[0m
superbatch [36m97[0m [[35m0.0[0m% ([36m0[0m/[36m763[0m batches, [36m5380896[0m pos/sec)]
Estimated time to end of superbatch: [36minf[0ms     [Fsuperbatch [36m97[0m [[35m16.8[0m% ([36m128[0m/[36m763[0m batches, [36m4929612[0m pos/sec)]
Estimated time to end of superbatch: [36m17.0[0ms     [Fsuperbatch [36m97[0m [[35m33.6[0m% ([36m256[0m/[36m763[0m batches, [36m4974160[0m pos/sec)]
Estimated time to end of superbatch: [36m13.4[0ms     [Fsuperbatch [36m97[0m [[35m50.3[0m% ([36m384[0m/[36m763[0m batches, [36m5007402[0m pos/sec)]
Estimated time to end of superbatch: [36m9.9[0ms     [Fsuperbatch [36m97[0m [[35m67.1[0m% ([36m512[0m/[36m763[0m batches, [36m5001808[0m pos/sec)]
Estimated time to end of superbatch: [36m6.6[0ms     [Fsuperbatch [36m97[0m [[35m83.9[0m% ([36m640[0m/[36m763[0m batches, [36m4987206[0m pos/sec)]
Estimated time to end of superbatch: [36m3.2[0ms     [Fsuperbatch [36m97[0m | time [36m20.0[0ms | running loss [36m0.012799[0m | [36m4992828[0m pos/sec | total time [36m1942.5[0ms
Estimated time remaining in training: [36m1[0mh [36m11[0mm [36m5[0ms
LR dropped to [36m0.00068418717[0m
superbatch [36m98[0m [[35m0.0[0m% ([36m0[0m/[36m763[0m batches, [36m5473880[0m pos/sec)]
Estimated time to end of superbatch: [36minf[0ms     [Fsuperbatch [36m98[0m [[35m16.8[0m% ([36m128[0m/[36m763[0m batches, [36m5066646[0m pos/sec)]
Estimated time to end of superbatch: [36m16.6[0ms     [Fsuperbatch [36m98[0m [[35m33.6[0m% ([36m256[0m/[36m763[0m batches, [36m5051458[0m pos/sec)]
Estimated time to end of superbatch: [36m13.2[0ms     [Fsuperbatch [36m98[0m [[35m50.3[0m% ([36m384[0m/[36m763[0m batches, [36m5010450[0m pos/sec)]
Estimated time to end of superbatch: [36m9.9[0ms     [Fsuperbatch [36m98[0m [[35m67.1[0m% ([36m512[0m/[36m763[0m batches, [36m5010484[0m pos/sec)]
Estimated time to end of superbatch: [36m6.6[0ms     [Fsuperbatch [36m98[0m [[35m83.9[0m% ([36m640[0m/[36m763[0m batches, [36m5012410[0m pos/sec)]
Estimated time to end of superbatch: [36m3.2[0ms     [Fsuperbatch [36m98[0m | time [36m19.9[0ms | running loss [36m0.012631[0m | [36m5015696[0m pos/sec | total time [36m1962.4[0ms
Estimated time remaining in training: [36m1[0mh [36m10[0mm [36m45[0ms
LR dropped to [36m0.00068096456[0m
superbatch [36m99[0m [[35m0.0[0m% ([36m0[0m/[36m763[0m batches, [36m5019520[0m pos/sec)]
Estimated time to end of superbatch: [36minf[0ms     [Fsuperbatch [36m99[0m [[35m16.8[0m% ([36m128[0m/[36m763[0m batches, [36m4928305[0m pos/sec)]
Estimated time to end of superbatch: [36m17.0[0ms     [Fsuperbatch [36m99[0m [[35m33.6[0m% ([36m256[0m/[36m763[0m batches, [36m4982386[0m pos/sec)]
Estimated time to end of superbatch: [36m13.4[0ms     [Fsuperbatch [36m99[0m [[35m50.3[0m% ([36m384[0m/[36m763[0m batches, [36m4995507[0m pos/sec)]
Estimated time to end of superbatch: [36m10.0[0ms     [Fsuperbatch [36m99[0m [[35m67.1[0m% ([36m512[0m/[36m763[0m batches, [36m4999662[0m pos/sec)]
Estimated time to end of superbatch: [36m6.6[0ms     [Fsuperbatch [36m99[0m [[35m83.9[0m% ([36m640[0m/[36m763[0m batches, [36m4980583[0m pos/sec)]
Estimated time to end of superbatch: [36m3.2[0ms     [Fsuperbatch [36m99[0m | time [36m20.0[0ms | running loss [36m0.012832[0m | [36m4990680[0m pos/sec | total time [36m1982.5[0ms
Estimated time remaining in training: [36m1[0mh [36m10[0mm [36m25[0ms
LR dropped to [36m0.00067774195[0m
superbatch [36m100[0m [[35m0.0[0m% ([36m0[0m/[36m763[0m batches, [36m5136024[0m pos/sec)]
Estimated time to end of superbatch: [36minf[0ms     [Fsuperbatch [36m100[0m [[35m16.8[0m% ([36m128[0m/[36m763[0m batches, [36m5083697[0m pos/sec)]
Estimated time to end of superbatch: [36m16.5[0ms     [Fsuperbatch [36m100[0m [[35m33.6[0m% ([36m256[0m/[36m763[0m batches, [36m5062802[0m pos/sec)]
Estimated time to end of superbatch: [36m13.2[0ms     [Fsuperbatch [36m100[0m [[35m50.3[0m% ([36m384[0m/[36m763[0m batches, [36m5005728[0m pos/sec)]
Estimated time to end of superbatch: [36m9.9[0ms     [Fsuperbatch [36m100[0m [[35m67.1[0m% ([36m512[0m/[36m763[0m batches, [36m5022774[0m pos/sec)]
Estimated time to end of superbatch: [36m6.6[0ms     [Fsuperbatch [36m100[0m [[35m83.9[0m% ([36m640[0m/[36m763[0m batches, [36m5032398[0m pos/sec)]
Estimated time to end of superbatch: [36m3.2[0ms     [Fsuperbatch [36m100[0m | time [36m19.9[0ms | running loss [36m0.012692[0m | [36m5030713[0m pos/sec | total time [36m2002.4[0ms
Estimated time remaining in training: [36m1[0mh [36m10[0mm [36m4[0ms
Saved [anna-v3q-s1-100]
LR dropped to [36m0.0006745194[0m
superbatch [36m101[0m [[35m0.0[0m% ([36m0[0m/[36m763[0m batches, [36m5366614[0m pos/sec)]
Estimated time to end of superbatch: [36minf[0ms     [Fsuperbatch [36m101[0m [[35m16.8[0m% ([36m128[0m/[36m763[0m batches, [36m5579006[0m pos/sec)]
Estimated time to end of superbatch: [36m15.0[0ms     [Fsuperbatch [36m101[0m [[35m33.6[0m% ([36m256[0m/[36m763[0m batches, [36m5603854[0m pos/sec)]
Estimated time to end of superbatch: [36m11.9[0ms     [Fsuperbatch [36m101[0m [[35m50.3[0m% ([36m384[0m/[36m763[0m batches, [36m5642722[0m pos/sec)]
Estimated time to end of superbatch: [36m8.8[0ms     [Fsuperbatch [36m101[0m [[35m67.1[0m% ([36m512[0m/[36m763[0m batches, [36m5658067[0m pos/sec)]
Estimated time to end of superbatch: [36m5.8[0ms     [Fsuperbatch [36m101[0m [[35m83.9[0m% ([36m640[0m/[36m763[0m batches, [36m5571560[0m pos/sec)]
Estimated time to end of superbatch: [36m2.9[0ms     [Fsuperbatch [36m101[0m | time [36m18.3[0ms | running loss [36m0.012978[0m | [36m5475355[0m pos/sec | total time [36m2022.0[0ms
Estimated time remaining in training: [36m1[0mh [36m9[0mm [36m44[0ms
LR dropped to [36m0.0006712968[0m
superbatch [36m102[0m [[35m0.0[0m% ([36m0[0m/[36m763[0m batches, [36m5451860[0m pos/sec)]
Estimated time to end of superbatch: [36minf[0ms     [Fsuperbatch [36m102[0m [[35m16.8[0m% ([36m128[0m/[36m763[0m batches, [36m5141203[0m pos/sec)]
Estimated time to end of superbatch: [36m16.3[0ms     [Fsuperbatch [36m102[0m [[35m33.6[0m% ([36m256[0m/[36m763[0m batches, [36m5092765[0m pos/sec)]
Estimated time to end of superbatch: [36m13.1[0ms     [Fsuperbatch [36m102[0m [[35m50.3[0m% ([36m384[0m/[36m763[0m batches, [36m5008044[0m pos/sec)]
Estimated time to end of superbatch: [36m9.9[0ms     [Fsuperbatch [36m102[0m [[35m67.1[0m% ([36m512[0m/[36m763[0m batches, [36m5005410[0m pos/sec)]
Estimated time to end of superbatch: [36m6.6[0ms     [Fsuperbatch [36m102[0m [[35m83.9[0m% ([36m640[0m/[36m763[0m batches, [36m5017720[0m pos/sec)]
Estimated time to end of superbatch: [36m3.2[0ms     [Fsuperbatch [36m102[0m | time [36m19.9[0ms | running loss [36m0.012764[0m | [36m5025209[0m pos/sec | total time [36m2041.9[0ms
Estimated time remaining in training: [36m1[0mh [36m9[0mm [36m23[0ms
LR dropped to [36m0.00066807424[0m
superbatch [36m103[0m [[35m0.0[0m% ([36m0[0m/[36m763[0m batches, [36m4981820[0m pos/sec)]
Estimated time to end of superbatch: [36minf[0ms     [Fsuperbatch [36m103[0m [[35m16.8[0m% ([36m128[0m/[36m763[0m batches, [36m4927178[0m pos/sec)]
Estimated time to end of superbatch: [36m17.0[0ms     [Fsuperbatch [36m103[0m [[35m33.6[0m% ([36m256[0m/[36m763[0m batches, [36m4991726[0m pos/sec)]
Estimated time to end of superbatch: [36m13.4[0ms     [Fsuperbatch [36m103[0m [[35m50.3[0m% ([36m384[0m/[36m763[0m batches, [36m5009858[0m pos/sec)]
Estimated time to end of superbatch: [36m9.9[0ms     [Fsuperbatch [36m103[0m [[35m67.1[0m% ([36m512[0m/[36m763[0m batches, [36m5028406[0m pos/sec)]
Estimated time to end of superbatch: [36m6.6[0ms     [Fsuperbatch [36m103[0m [[35m83.9[0m% ([36m640[0m/[36m763[0m batches, [36m5005691[0m pos/sec)]
Estimated time to end of superbatch: [36m3.2[0ms     [Fsuperbatch [36m103[0m | time [36m20.0[0ms | running loss [36m0.013030[0m | [36m5005971[0m pos/sec | total time [36m2061.9[0ms
Estimated time remaining in training: [36m1[0mh [36m9[0mm [36m3[0ms
LR dropped to [36m0.0006648516[0m
superbatch [36m104[0m [[35m0.0[0m% ([36m0[0m/[36m763[0m batches, [36m4063662[0m pos/sec)]
Estimated time to end of superbatch: [36minf[0ms     [Fsuperbatch [36m104[0m [[35m16.8[0m% ([36m128[0m/[36m763[0m batches, [36m5047908[0m pos/sec)]
Estimated time to end of superbatch: [36m16.6[0ms     [Fsuperbatch [36m104[0m [[35m33.6[0m% ([36m256[0m/[36m763[0m batches, [36m5073490[0m pos/sec)]
Estimated time to end of superbatch: [36m13.1[0ms     [Fsuperbatch [36m104[0m [[35m50.3[0m% ([36m384[0m/[36m763[0m batches, [36m4988392[0m pos/sec)]
Estimated time to end of superbatch: [36m10.0[0ms     [Fsuperbatch [36m104[0m [[35m67.1[0m% ([36m512[0m/[36m763[0m batches, [36m4967860[0m pos/sec)]
Estimated time to end of superbatch: [36m6.6[0ms     [Fsuperbatch [36m104[0m [[35m83.9[0m% ([36m640[0m/[36m763[0m batches, [36m4987414[0m pos/sec)]
Estimated time to end of superbatch: [36m3.2[0ms     [Fsuperbatch [36m104[0m | time [36m20.0[0ms | running loss [36m0.012810[0m | [36m4994233[0m pos/sec | total time [36m2081.9[0ms
Estimated time remaining in training: [36m1[0mh [36m8[0mm [36m43[0ms
LR dropped to [36m0.000661629[0m
superbatch [36m105[0m [[35m0.0[0m% ([36m0[0m/[36m763[0m batches, [36m5343997[0m pos/sec)]
Estimated time to end of superbatch: [36minf[0ms     [Fsuperbatch [36m105[0m [[35m16.8[0m% ([36m128[0m/[36m763[0m batches, [36m4918890[0m pos/sec)]
Estimated time to end of superbatch: [36m17.1[0ms     [Fsuperbatch [36m105[0m [[35m33.6[0m% ([36m256[0m/[36m763[0m batches, [36m4992328[0m pos/sec)]
Estimated time to end of superbatch: [36m13.4[0ms     [Fsuperbatch [36m105[0m [[35m50.3[0m% ([36m384[0m/[36m763[0m batches, [36m5002676[0m pos/sec)]
Estimated time to end of superbatch: [36m10.0[0ms     [Fsuperbatch [36m105[0m [[35m67.1[0m% ([36m512[0m/[36m763[0m batches, [36m5005273[0m pos/sec)]
Estimated time to end of superbatch: [36m6.6[0ms     [Fsuperbatch [36m105[0m [[35m83.9[0m% ([36m640[0m/[36m763[0m batches, [36m4961819[0m pos/sec)]
Estimated time to end of superbatch: [36m3.3[0ms     [Fsuperbatch [36m105[0m | time [36m20.1[0ms | running loss [36m0.013085[0m | [36m4973908[0m pos/sec | total time [36m2102.0[0ms
Estimated time remaining in training: [36m1[0mh [36m8[0mm [36m23[0ms
LR dropped to [36m0.0006584065[0m
superbatch [36m106[0m [[35m0.0[0m% ([36m0[0m/[36m763[0m batches, [36m5513320[0m pos/sec)]
Estimated time to end of superbatch: [36minf[0ms     [Fsuperbatch [36m106[0m [[35m16.8[0m% ([36m128[0m/[36m763[0m batches, [36m5032470[0m pos/sec)]
Estimated time to end of superbatch: [36m16.7[0ms     [Fsuperbatch [36m106[0m [[35m33.6[0m% ([36m256[0m/[36m763[0m batches, [36m5024574[0m pos/sec)]
Estimated time to end of superbatch: [36m13.3[0ms     [Fsuperbatch [36m106[0m [[35m50.3[0m% ([36m384[0m/[36m763[0m batches, [36m4977872[0m pos/sec)]
Estimated time to end of superbatch: [36m10.0[0ms     [Fsuperbatch [36m106[0m [[35m67.1[0m% ([36m512[0m/[36m763[0m batches, [36m4973246[0m pos/sec)]
Estimated time to end of superbatch: [36m6.6[0ms     [Fsuperbatch [36m106[0m [[35m83.9[0m% ([36m640[0m/[36m763[0m batches, [36m4975484[0m pos/sec)]
Estimated time to end of superbatch: [36m3.2[0ms     [Fsuperbatch [36m106[0m | time [36m20.1[0ms | running loss [36m0.012881[0m | [36m4983550[0m pos/sec | total time [36m2122.1[0ms
Estimated time remaining in training: [36m1[0mh [36m8[0mm [36m3[0ms
LR dropped to [36m0.0006551839[0m
superbatch [36m107[0m [[35m0.0[0m% ([36m0[0m/[36m763[0m batches, [36m5326478[0m pos/sec)]
Estimated time to end of superbatch: [36minf[0ms     [Fsuperbatch [36m107[0m [[35m16.8[0m% ([36m128[0m/[36m763[0m batches, [36m4954812[0m pos/sec)]
Estimated time to end of superbatch: [36m16.9[0ms     [Fsuperbatch [36m107[0m [[35m33.6[0m% ([36m256[0m/[36m763[0m batches, [36m4993799[0m pos/sec)]
Estimated time to end of superbatch: [36m13.4[0ms     [Fsuperbatch [36m107[0m [[35m50.3[0m% ([36m384[0m/[36m763[0m batches, [36m5040046[0m pos/sec)]
Estimated time to end of superbatch: [36m9.9[0ms     [Fsuperbatch [36m107[0m [[35m67.1[0m% ([36m512[0m/[36m763[0m batches, [36m5046335[0m pos/sec)]
Estimated time to end of superbatch: [36m6.5[0ms     [Fsuperbatch [36m107[0m [[35m83.9[0m% ([36m640[0m/[36m763[0m batches, [36m4975140[0m pos/sec)]
Estimated time to end of superbatch: [36m3.2[0ms     [Fsuperbatch [36m107[0m | time [36m20.1[0ms | running loss [36m0.013112[0m | [36m4967159[0m pos/sec | total time [36m2142.2[0ms
Estimated time remaining in training: [36m1[0mh [36m7[0mm [36m44[0ms
LR dropped to [36m0.0006519613[0m
superbatch [36m108[0m [[35m0.0[0m% ([36m0[0m/[36m763[0m batches, [36m5645023[0m pos/sec)]
Estimated time to end of superbatch: [36minf[0ms     [Fsuperbatch [36m108[0m [[35m16.8[0m% ([36m128[0m/[36m763[0m batches, [36m5011118[0m pos/sec)]
Estimated time to end of superbatch: [36m16.7[0ms     [Fsuperbatch [36m108[0m [[35m33.6[0m% ([36m256[0m/[36m763[0m batches, [36m5026668[0m pos/sec)]
Estimated time to end of superbatch: [36m13.3[0ms     [Fsuperbatch [36m108[0m [[35m50.3[0m% ([36m384[0m/[36m763[0m batches, [36m4942038[0m pos/sec)]
Estimated time to end of superbatch: [36m10.1[0ms     [Fsuperbatch [36m108[0m [[35m67.1[0m% ([36m512[0m/[36m763[0m batches, [36m4921056[0m pos/sec)]
Estimated time to end of superbatch: [36m6.7[0ms     [Fsuperbatch [36m108[0m [[35m83.9[0m% ([36m640[0m/[36m763[0m batches, [36m4957714[0m pos/sec)]
Estimated time to end of superbatch: [36m3.3[0ms     [Fsuperbatch [36m108[0m | time [36m20.1[0ms | running loss [36m0.012924[0m | [36m4984739[0m pos/sec | total time [36m2162.3[0ms
Estimated time remaining in training: [36m1[0mh [36m7[0mm [36m24[0ms
LR dropped to [36m0.00064873876[0m
superbatch [36m109[0m [[35m0.0[0m% ([36m0[0m/[36m763[0m batches, [36m5599962[0m pos/sec)]
Estimated time to end of superbatch: [36minf[0ms     [Fsuperbatch [36m109[0m [[35m16.8[0m% ([36m128[0m/[36m763[0m batches, [36m4946480[0m pos/sec)]
Estimated time to end of superbatch: [36m17.0[0ms     [Fsuperbatch [36m109[0m [[35m33.6[0m% ([36m256[0m/[36m763[0m batches, [36m4942348[0m pos/sec)]
Estimated time to end of superbatch: [36m13.5[0ms     [Fsuperbatch [36m109[0m [[35m50.3[0m% ([36m384[0m/[36m763[0m batches, [36m4956044[0m pos/sec)]
Estimated time to end of superbatch: [36m10.0[0ms     [Fsuperbatch [36m109[0m [[35m67.1[0m% ([36m512[0m/[36m763[0m batches, [36m4979164[0m pos/sec)]
Estimated time to end of superbatch: [36m6.6[0ms     [Fsuperbatch [36m109[0m [[35m83.9[0m% ([36m640[0m/[36m763[0m batches, [36m4947584[0m pos/sec)]
Estimated time to end of superbatch: [36m3.3[0ms     [Fsuperbatch [36m109[0m | time [36m20.3[0ms | running loss [36m0.013141[0m | [36m4926416[0m pos/sec | total time [36m2182.6[0ms
Estimated time remaining in training: [36m1[0mh [36m7[0mm [36m4[0ms
LR dropped to [36m0.0006455162[0m
superbatch [36m110[0m [[35m0.0[0m% ([36m0[0m/[36m763[0m batches, [36m5505400[0m pos/sec)]
Estimated time to end of superbatch: [36minf[0ms     [Fsuperbatch [36m110[0m [[35m16.8[0m% ([36m128[0m/[36m763[0m batches, [36m5154315[0m pos/sec)]
Estimated time to end of superbatch: [36m16.3[0ms     [Fsuperbatch [36m110[0m [[35m33.6[0m% ([36m256[0m/[36m763[0m batches, [36m5052105[0m pos/sec)]
Estimated time to end of superbatch: [36m13.2[0ms     [Fsuperbatch [36m110[0m [[35m50.3[0m% ([36m384[0m/[36m763[0m batches, [36m4977412[0m pos/sec)]
Estimated time to end of superbatch: [36m10.0[0ms     [Fsuperbatch [36m110[0m [[35m67.1[0m% ([36m512[0m/[36m763[0m batches, [36m4954030[0m pos/sec)]
Estimated time to end of superbatch: [36m6.7[0ms     [Fsuperbatch [36m110[0m [[35m83.9[0m% ([36m640[0m/[36m763[0m batches, [36m4976996[0m pos/sec)]
Estimated time to end of superbatch: [36m3.2[0ms     [Fsuperbatch [36m110[0m | time [36m20.0[0ms | running loss [36m0.012970[0m | [36m4991924[0m pos/sec | total time [36m2202.6[0ms
Estimated time remaining in training: [36m1[0mh [36m6[0mm [36m44[0ms
Saved [anna-v3q-s1-110]
LR dropped to [36m0.0006422936[0m
superbatch [36m111[0m [[35m0.0[0m% ([36m0[0m/[36m763[0m batches, [36m5670985[0m pos/sec)]
Estimated time to end of superbatch: [36minf[0ms     [Fsuperbatch [36m111[0m [[35m16.8[0m% ([36m128[0m/[36m763[0m batches, [36m5655113[0m pos/sec)]
Estimated time to end of superbatch: [36m14.8[0ms     [Fsuperbatch [36m111[0m [[35m33.6[0m% ([36m256[0m/[36m763[0m batches, [36m5553344[0m pos/sec)]
Estimated time to end of superbatch: [36m12.0[0ms     [Fsuperbatch [36m111[0m [[35m50.3[0m% ([36m384[0m/[36m763[0m batches, [36m5405192[0m pos/sec)]
Estimated time to end of superbatch: [36m9.2[0ms     [Fsuperbatch [36m111[0m [[35m67.1[0m% ([36m512[0m/[36m763[0m batches, [36m5332042[0m pos/sec)]
Estimated time to end of superbatch: [36m6.2[0ms     [Fsuperbatch [36m111[0m [[35m83.9[0m% ([36m640[0m/[36m763[0m batches, [36m5255045[0m pos/sec)]
Estimated time to end of superbatch: [36m3.1[0ms     [Fsuperbatch [36m111[0m | time [36m19.2[0ms | running loss [36m0.013202[0m | [36m5212236[0m pos/sec | total time [36m2223.1[0ms
Estimated time remaining in training: [36m1[0mh [36m6[0mm [36m25[0ms
LR dropped to [36m0.000639071[0m
superbatch [36m112[0m [[35m0.0[0m% ([36m0[0m/[36m763[0m batches, [36m4167390[0m pos/sec)]
Estimated time to end of superbatch: [36minf[0ms     [Fsuperbatch [36m112[0m [[35m16.8[0m% ([36m128[0m/[36m763[0m batches, [36m5080988[0m pos/sec)]
Estimated time to end of superbatch: [36m16.5[0ms     [Fsuperbatch [36m112[0m [[35m33.6[0m% ([36m256[0m/[36m763[0m batches, [36m5058536[0m pos/sec)]
Estimated time to end of superbatch: [36m13.2[0ms     [Fsuperbatch [36m112[0m [[35m50.3[0m% ([36m384[0m/[36m763[0m batches, [36m5036217[0m pos/sec)]
Estimated time to end of superbatch: [36m9.9[0ms     [Fsuperbatch [36m112[0m [[35m67.1[0m% ([36m512[0m/[36m763[0m batches, [36m5020070[0m pos/sec)]
Estimated time to end of superbatch: [36m6.6[0ms     [Fsuperbatch [36m112[0m [[35m83.9[0m% ([36m640[0m/[36m763[0m batches, [36m5023652[0m pos/sec)]
Estimated time to end of superbatch: [36m3.2[0ms     [Fsuperbatch [36m112[0m | time [36m19.9[0ms | running loss [36m0.013027[0m | [36m5017486[0m pos/sec | total time [36m2243.0[0ms
Estimated time remaining in training: [36m1[0mh [36m6[0mm [36m5[0ms
LR dropped to [36m0.0006358484[0m
superbatch [36m113[0m [[35m0.0[0m% ([36m0[0m/[36m763[0m batches, [36m5531618[0m pos/sec)]
Estimated time to end of superbatch: [36minf[0ms     [Fsuperbatch [36m113[0m [[35m16.8[0m% ([36m128[0m/[36m763[0m batches, [36m4914439[0m pos/sec)]
Estimated time to end of superbatch: [36m17.1[0ms     [Fsuperbatch [36m113[0m [[35m33.6[0m% ([36m256[0m/[36m763[0m batches, [36m4906732[0m pos/sec)]
Estimated time to end of superbatch: [36m13.6[0ms     [Fsuperbatch [36m113[0m [[35m50.3[0m% ([36m384[0m/[36m763[0m batches, [36m4943268[0m pos/sec)]
Estimated time to end of superbatch: [36m10.1[0ms     [Fsuperbatch [36m113[0m [[35m67.1[0m% ([36m512[0m/[36m763[0m batches, [36m4983968[0m pos/sec)]
Estimated time to end of superbatch: [36m6.6[0ms     [Fsuperbatch [36m113[0m [[35m83.9[0m% ([36m640[0m/[36m763[0m batches, [36m4972753[0m pos/sec)]
Estimated time to end of superbatch: [36m3.2[0ms     [Fsuperbatch [36m113[0m | time [36m20.1[0ms | running loss [36m0.013250[0m | [36m4966548[0m pos/sec | total time [36m2263.1[0ms
Estimated time remaining in training: [36m1[0mh [36m5[0mm [36m45[0ms
LR dropped to [36m0.00063262583[0m
superbatch [36m114[0m [[35m0.0[0m% ([36m0[0m/[36m763[0m batches, [36m5637428[0m pos/sec)]
Estimated time to end of superbatch: [36minf[0ms     [Fsuperbatch [36m114[0m [[35m16.8[0m% ([36m128[0m/[36m763[0m batches, [36m5055800[0m pos/sec)]
Estimated time to end of superbatch: [36m16.6[0ms     [Fsuperbatch [36m114[0m [[35m33.6[0m% ([36m256[0m/[36m763[0m batches, [36m5072765[0m pos/sec)]
Estimated time to end of superbatch: [36m13.2[0ms     [Fsuperbatch [36m114[0m [[35m50.3[0m% ([36m384[0m/[36m763[0m batches, [36m4978338[0m pos/sec)]
Estimated time to end of superbatch: [36m10.0[0ms     [Fsuperbatch [36m114[0m [[35m67.1[0m% ([36m512[0m/[36m763[0m batches, [36m4981968[0m pos/sec)]
Estimated time to end of superbatch: [36m6.6[0ms     [Fsuperbatch [36m114[0m [[35m83.9[0m% ([36m640[0m/[36m763[0m batches, [36m5001151[0m pos/sec)]
Estimated time to end of superbatch: [36m3.2[0ms     [Fsuperbatch [36m114[0m | time [36m19.9[0ms | running loss [36m0.013101[0m | [36m5014394[0m pos/sec | total time [36m2283.1[0ms
Estimated time remaining in training: [36m1[0mh [36m5[0mm [36m25[0ms
LR dropped to [36m0.0006294033[0m
superbatch [36m115[0m [[35m0.0[0m% ([36m0[0m/[36m763[0m batches, [36m5371776[0m pos/sec)]
Estimated time to end of superbatch: [36minf[0ms     [Fsuperbatch [36m115[0m [[35m16.8[0m% ([36m128[0m/[36m763[0m batches, [36m4875170[0m pos/sec)]
Estimated time to end of superbatch: [36m17.2[0ms     [Fsuperbatch [36m115[0m [[35m33.6[0m% ([36m256[0m/[36m763[0m batches, [36m4876318[0m pos/sec)]
Estimated time to end of superbatch: [36m13.7[0ms     [Fsuperbatch [36m115[0m [[35m50.3[0m% ([36m384[0m/[36m763[0m batches, [36m4936206[0m pos/sec)]
Estimated time to end of superbatch: [36m10.1[0ms     [Fsuperbatch [36m115[0m [[35m67.1[0m% ([36m512[0m/[36m763[0m batches, [36m4977718[0m pos/sec)]
Estimated time to end of superbatch: [36m6.6[0ms     [Fsuperbatch [36m115[0m [[35m83.9[0m% ([36m640[0m/[36m763[0m batches, [36m4977001[0m pos/sec)]
Estimated time to end of superbatch: [36m3.2[0ms     [Fsuperbatch [36m115[0m | time [36m20.1[0ms | running loss [36m0.013303[0m | [36m4966912[0m pos/sec | total time [36m2303.2[0ms
Estimated time remaining in training: [36m1[0mh [36m5[0mm [36m5[0ms
LR dropped to [36m0.00062618067[0m
superbatch [36m116[0m [[35m0.0[0m% ([36m0[0m/[36m763[0m batches, [36m5384648[0m pos/sec)]
Estimated time to end of superbatch: [36minf[0ms     [Fsuperbatch [36m116[0m [[35m16.8[0m% ([36m128[0m/[36m763[0m batches, [36m5004216[0m pos/sec)]
Estimated time to end of superbatch: [36m16.8[0ms     [Fsuperbatch [36m116[0m [[35m33.6[0m% ([36m256[0m/[36m763[0m batches, [36m5053525[0m pos/sec)]
Estimated time to end of superbatch: [36m13.2[0ms     [Fsuperbatch [36m116[0m [[35m50.3[0m% ([36m384[0m/[36m763[0m batches, [36m4981114[0m pos/sec)]
Estimated time to end of superbatch: [36m10.0[0ms     [Fsuperbatch [36m116[0m [[35m67.1[0m% ([36m512[0m/[36m763[0m batches, [36m4935370[0m pos/sec)]
Estimated time to end of superbatch: [36m6.7[0ms     [Fsuperbatch [36m116[0m [[35m83.9[0m% ([36m640[0m/[36m763[0m batches, [36m4966698[0m pos/sec)]
Estimated time to end of superbatch: [36m3.3[0ms     [Fsuperbatch [36m116[0m | time [36m20.1[0ms | running loss [36m0.013177[0m | [36m4977590[0m pos/sec | total time [36m2323.3[0ms
Estimated time remaining in training: [36m1[0mh [36m4[0mm [36m45[0ms
LR dropped to [36m0.00062295806[0m
superbatch [36m117[0m [[35m0.0[0m% ([36m0[0m/[36m763[0m batches, [36m5641266[0m pos/sec)]
Estimated time to end of superbatch: [36minf[0ms     [Fsuperbatch [36m117[0m [[35m16.8[0m% ([36m128[0m/[36m763[0m batches, [36m4898717[0m pos/sec)]
Estimated time to end of superbatch: [36m17.1[0ms     [Fsuperbatch [36m117[0m [[35m33.6[0m% ([36m256[0m/[36m763[0m batches, [36m4928316[0m pos/sec)]
Estimated time to end of superbatch: [36m13.5[0ms     [Fsuperbatch [36m117[0m [[35m50.3[0m% ([36m384[0m/[36m763[0m batches, [36m4970648[0m pos/sec)]
Estimated time to end of superbatch: [36m10.0[0ms     [Fsuperbatch [36m117[0m [[35m67.1[0m% ([36m512[0m/[36m763[0m batches, [36m5004552[0m pos/sec)]
Estimated time to end of superbatch: [36m6.6[0ms     [Fsuperbatch [36m117[0m [[35m83.9[0m% ([36m640[0m/[36m763[0m batches, [36m4985611[0m pos/sec)]
Estimated time to end of superbatch: [36m3.2[0ms     [Fsuperbatch [36m117[0m | time [36m20.1[0ms | running loss [36m0.013332[0m | [36m4974593[0m pos/sec | total time [36m2343.4[0ms
Estimated time remaining in training: [36m1[0mh [36m4[0mm [36m25[0ms
LR dropped to [36m0.0006197355[0m
superbatch [36m118[0m [[35m0.0[0m% ([36m0[0m/[36m763[0m batches, [36m5427912[0m pos/sec)]
Estimated time to end of superbatch: [36minf[0ms     [Fsuperbatch [36m118[0m [[35m16.8[0m% ([36m128[0m/[36m763[0m batches, [36m5015876[0m pos/sec)]
Estimated time to end of superbatch: [36m16.7[0ms     [Fsuperbatch [36m118[0m [[35m33.6[0m% ([36m256[0m/[36m763[0m batches, [36m5079454[0m pos/sec)]
Estimated time to end of superbatch: [36m13.1[0ms     [Fsuperbatch [36m118[0m [[35m50.3[0m% ([36m384[0m/[36m763[0m batches, [36m5054512[0m pos/sec)]
Estimated time to end of superbatch: [36m9.9[0ms     [Fsuperbatch [36m118[0m [[35m67.1[0m% ([36m512[0m/[36m763[0m batches, [36m5005076[0m pos/sec)]
Estimated time to end of superbatch: [36m6.6[0ms     [Fsuperbatch [36m118[0m [[35m83.9[0m% ([36m640[0m/[36m763[0m batches, [36m5035942[0m pos/sec)]
Estimated time to end of superbatch: [36m3.2[0ms     [Fsuperbatch [36m118[0m | time [36m19.8[0ms | running loss [36m0.013282[0m | [36m5042859[0m pos/sec | total time [36m2363.3[0ms
Estimated time remaining in training: [36m1[0mh [36m4[0mm [36m5[0ms
LR dropped to [36m0.00061651296[0m
superbatch [36m119[0m [[35m0.0[0m% ([36m0[0m/[36m763[0m batches, [36m5522818[0m pos/sec)]
Estimated time to end of superbatch: [36minf[0ms     [Fsuperbatch [36m119[0m [[35m16.8[0m% ([36m128[0m/[36m763[0m batches, [36m4983706[0m pos/sec)]
Estimated time to end of superbatch: [36m16.8[0ms     [Fsuperbatch [36m119[0m [[35m33.6[0m% ([36m256[0m/[36m763[0m batches, [36m4938994[0m pos/sec)]
Estimated time to end of superbatch: [36m13.5[0ms     [Fsuperbatch [36m119[0m [[35m50.3[0m% ([36m384[0m/[36m763[0m batches, [36m4962642[0m pos/sec)]
Estimated time to end of superbatch: [36m10.0[0ms     [Fsuperbatch [36m119[0m [[35m67.1[0m% ([36m512[0m/[36m763[0m batches, [36m4993952[0m pos/sec)]
Estimated time to end of superbatch: [36m6.6[0ms     [Fsuperbatch [36m119[0m [[35m83.9[0m% ([36m640[0m/[36m763[0m batches, [36m4993788[0m pos/sec)]
Estimated time to end of superbatch: [36m3.2[0ms     [Fsuperbatch [36m119[0m | time [36m20.1[0ms | running loss [36m0.013470[0m | [36m4984098[0m pos/sec | total time [36m2383.3[0ms
Estimated time remaining in training: [36m1[0mh [36m3[0mm [36m45[0ms
LR dropped to [36m0.00061329035[0m
superbatch [36m120[0m [[35m0.0[0m% ([36m0[0m/[36m763[0m batches, [36m5545400[0m pos/sec)]
Estimated time to end of superbatch: [36minf[0ms     [Fsuperbatch [36m120[0m [[35m16.8[0m% ([36m128[0m/[36m763[0m batches, [36m5031496[0m pos/sec)]
Estimated time to end of superbatch: [36m16.7[0ms     [Fsuperbatch [36m120[0m [[35m33.6[0m% ([36m256[0m/[36m763[0m batches, [36m5058358[0m pos/sec)]
Estimated time to end of superbatch: [36m13.2[0ms     [Fsuperbatch [36m120[0m [[35m50.3[0m% ([36m384[0m/[36m763[0m batches, [36m5058554[0m pos/sec)]
Estimated time to end of superbatch: [36m9.8[0ms     [Fsuperbatch [36m120[0m [[35m67.1[0m% ([36m512[0m/[36m763[0m batches, [36m5005334[0m pos/sec)]
Estimated time to end of superbatch: [36m6.6[0ms     [Fsuperbatch [36m120[0m [[35m83.9[0m% ([36m640[0m/[36m763[0m batches, [36m5028243[0m pos/sec)]
Estimated time to end of superbatch: [36m3.2[0ms     [Fsuperbatch [36m120[0m | time [36m19.9[0ms | running loss [36m0.013360[0m | [36m5028948[0m pos/sec | total time [36m2403.2[0ms
Estimated time remaining in training: [36m1[0mh [36m3[0mm [36m25[0ms
Saved [anna-v3q-s1-120]
LR dropped to [36m0.0006100678[0m
superbatch [36m121[0m [[35m0.0[0m% ([36m0[0m/[36m763[0m batches, [36m5644318[0m pos/sec)]
Estimated time to end of superbatch: [36minf[0ms     [Fsuperbatch [36m121[0m [[35m16.8[0m% ([36m128[0m/[36m763[0m batches, [36m5651768[0m pos/sec)]
Estimated time to end of superbatch: [36m14.8[0ms     [Fsuperbatch [36m121[0m [[35m33.6[0m% ([36m256[0m/[36m763[0m batches, [36m5619644[0m pos/sec)]
Estimated time to end of superbatch: [36m11.9[0ms     [Fsuperbatch [36m121[0m [[35m50.3[0m% ([36m384[0m/[36m763[0m batches, [36m5495352[0m pos/sec)]
Estimated time to end of superbatch: [36m9.1[0ms     [Fsuperbatch [36m121[0m [[35m67.1[0m% ([36m512[0m/[36m763[0m batches, [36m5386212[0m pos/sec)]
Estimated time to end of superbatch: [36m6.1[0ms     [Fsuperbatch [36m121[0m [[35m83.9[0m% ([36m640[0m/[36m763[0m batches, [36m5305612[0m pos/sec)]
Estimated time to end of superbatch: [36m3.0[0ms     [Fsuperbatch [36m121[0m | time [36m19.2[0ms | running loss [36m0.013505[0m | [36m5210945[0m pos/sec | total time [36m2423.7[0ms
Estimated time remaining in training: [36m1[0mh [36m3[0mm [36m5[0ms
LR dropped to [36m0.0006068452[0m
superbatch [36m122[0m [[35m0.0[0m% ([36m0[0m/[36m763[0m batches, [36m5213458[0m pos/sec)]
Estimated time to end of superbatch: [36minf[0ms     [Fsuperbatch [36m122[0m [[35m16.8[0m% ([36m128[0m/[36m763[0m batches, [36m5120676[0m pos/sec)]
Estimated time to end of superbatch: [36m16.4[0ms     [Fsuperbatch [36m122[0m [[35m33.6[0m% ([36m256[0m/[36m763[0m batches, [36m5097378[0m pos/sec)]
Estimated time to end of superbatch: [36m13.1[0ms     [Fsuperbatch [36m122[0m [[35m50.3[0m% ([36m384[0m/[36m763[0m batches, [36m5049170[0m pos/sec)]
Estimated time to end of superbatch: [36m9.9[0ms     [Fsuperbatch [36m122[0m [[35m67.1[0m% ([36m512[0m/[36m763[0m batches, [36m4983729[0m pos/sec)]
Estimated time to end of superbatch: [36m6.6[0ms     [Fsuperbatch [36m122[0m [[35m83.9[0m% ([36m640[0m/[36m763[0m batches, [36m5002640[0m pos/sec)]
Estimated time to end of superbatch: [36m3.2[0ms     [Fsuperbatch [36m122[0m | time [36m19.9[0ms | running loss [36m0.013391[0m | [36m5020031[0m pos/sec | total time [36m2443.6[0ms
Estimated time remaining in training: [36m1[0mh [36m2[0mm [36m45[0ms
LR dropped to [36m0.00060362264[0m
superbatch [36m123[0m [[35m0.0[0m% ([36m0[0m/[36m763[0m batches, [36m4239460[0m pos/sec)]
Estimated time to end of superbatch: [36minf[0ms     [Fsuperbatch [36m123[0m [[35m16.8[0m% ([36m128[0m/[36m763[0m batches, [36m4982405[0m pos/sec)]
Estimated time to end of superbatch: [36m16.8[0ms     [Fsuperbatch [36m123[0m [[35m33.6[0m% ([36m256[0m/[36m763[0m batches, [36m4857201[0m pos/sec)]
Estimated time to end of superbatch: [36m13.7[0ms     [Fsuperbatch [36m123[0m [[35m50.3[0m% ([36m384[0m/[36m763[0m batches, [36m4936544[0m pos/sec)]
Estimated time to end of superbatch: [36m10.1[0ms     [Fsuperbatch [36m123[0m [[35m67.1[0m% ([36m512[0m/[36m763[0m batches, [36m4968044[0m pos/sec)]
Estimated time to end of superbatch: [36m6.6[0ms     [Fsuperbatch [36m123[0m [[35m83.9[0m% ([36m640[0m/[36m763[0m batches, [36m4959042[0m pos/sec)]
Estimated time to end of superbatch: [36m3.3[0ms     [Fsuperbatch [36m123[0m | time [36m20.4[0ms | running loss [36m0.013532[0m | [36m4908772[0m pos/sec | total time [36m2464.0[0ms
Estimated time remaining in training: [36m1[0mh [36m2[0mm [36m26[0ms
LR dropped to [36m0.00060040003[0m
superbatch [36m124[0m [[35m0.0[0m% ([36m0[0m/[36m763[0m batches, [36m5492091[0m pos/sec)]
Estimated time to end of superbatch: [36minf[0ms     [Fsuperbatch [36m124[0m [[35m16.8[0m% ([36m128[0m/[36m763[0m batches, [36m5088044[0m pos/sec)]
Estimated time to end of superbatch: [36m16.5[0ms     [Fsuperbatch [36m124[0m [[35m33.6[0m% ([36m256[0m/[36m763[0m batches, [36m5065786[0m pos/sec)]
Estimated time to end of superbatch: [36m13.2[0ms     [Fsuperbatch [36m124[0m [[35m50.3[0m% ([36m384[0m/[36m763[0m batches, [36m5017454[0m pos/sec)]
Estimated time to end of superbatch: [36m9.9[0ms     [Fsuperbatch [36m124[0m [[35m67.1[0m% ([36m512[0m/[36m763[0m batches, [36m5003170[0m pos/sec)]
Estimated time to end of superbatch: [36m6.6[0ms     [Fsuperbatch [36m124[0m [[35m83.9[0m% ([36m640[0m/[36m763[0m batches, [36m4999394[0m pos/sec)]
Estimated time to end of superbatch: [36m3.2[0ms     [Fsuperbatch [36m124[0m | time [36m19.9[0ms | running loss [36m0.013457[0m | [36m5014908[0m pos/sec | total time [36m2483.9[0ms
Estimated time remaining in training: [36m1[0mh [36m2[0mm [36m5[0ms
LR dropped to [36m0.0005971774[0m
superbatch [36m125[0m [[35m0.0[0m% ([36m0[0m/[36m763[0m batches, [36m5407455[0m pos/sec)]
Estimated time to end of superbatch: [36minf[0ms     [Fsuperbatch [36m125[0m [[35m16.8[0m% ([36m128[0m/[36m763[0m batches, [36m5005041[0m pos/sec)]
Estimated time to end of superbatch: [36m16.8[0ms     [Fsuperbatch [36m125[0m [[35m33.6[0m% ([36m256[0m/[36m763[0m batches, [36m4946416[0m pos/sec)]
Estimated time to end of superbatch: [36m13.5[0ms     [Fsuperbatch [36m125[0m [[35m50.3[0m% ([36m384[0m/[36m763[0m batches, [36m4958942[0m pos/sec)]
Estimated time to end of superbatch: [36m10.0[0ms     [Fsuperbatch [36m125[0m [[35m67.1[0m% ([36m512[0m/[36m763[0m batches, [36m4981414[0m pos/sec)]
Estimated time to end of superbatch: [36m6.6[0ms     [Fsuperbatch [36m125[0m [[35m83.9[0m% ([36m640[0m/[36m763[0m batches, [36m5002590[0m pos/sec)]
Estimated time to end of superbatch: [36m3.2[0ms     [Fsuperbatch [36m125[0m | time [36m20.1[0ms | running loss [36m0.013565[0m | [36m4978696[0m pos/sec | total time [36m2504.0[0ms
Estimated time remaining in training: [36m1[0mh [36m1[0mm [36m45[0ms
LR dropped to [36m0.0005939549[0m
superbatch [36m126[0m [[35m0.0[0m% ([36m0[0m/[36m763[0m batches, [36m5656725[0m pos/sec)]
Estimated time to end of superbatch: [36minf[0ms     [Fsuperbatch [36m126[0m [[35m16.8[0m% ([36m128[0m/[36m763[0m batches, [36m5089684[0m pos/sec)]
Estimated time to end of superbatch: [36m16.5[0ms     [Fsuperbatch [36m126[0m [[35m33.6[0m% ([36m256[0m/[36m763[0m batches, [36m5047041[0m pos/sec)]
Estimated time to end of superbatch: [36m13.2[0ms     [Fsuperbatch [36m126[0m [[35m50.3[0m% ([36m384[0m/[36m763[0m batches, [36m5051084[0m pos/sec)]
Estimated time to end of superbatch: [36m9.9[0ms     [Fsuperbatch [36m126[0m [[35m67.1[0m% ([36m512[0m/[36m763[0m batches, [36m5010958[0m pos/sec)]
Estimated time to end of superbatch: [36m6.6[0ms     [Fsuperbatch [36m126[0m [[35m83.9[0m% ([36m640[0m/[36m763[0m batches, [36m4998422[0m pos/sec)]
Estimated time to end of superbatch: [36m3.2[0ms     [Fsuperbatch [36m126[0m | time [36m20.0[0ms | running loss [36m0.013532[0m | [36m5008766[0m pos/sec | total time [36m2524.0[0ms
Estimated time remaining in training: [36m1[0mh [36m1[0mm [36m25[0ms
LR dropped to [36m0.0005907323[0m
superbatch [36m127[0m [[35m0.0[0m% ([36m0[0m/[36m763[0m batches, [36m5490938[0m pos/sec)]
Estimated time to end of superbatch: [36minf[0ms     [Fsuperbatch [36m127[0m [[35m16.8[0m% ([36m128[0m/[36m763[0m batches, [36m5098041[0m pos/sec)]
Estimated time to end of superbatch: [36m16.5[0ms     [Fsuperbatch [36m127[0m [[35m33.6[0m% ([36m256[0m/[36m763[0m batches, [36m5011740[0m pos/sec)]
Estimated time to end of superbatch: [36m13.3[0ms     [Fsuperbatch [36m127[0m [[35m50.3[0m% ([36m384[0m/[36m763[0m batches, [36m5023163[0m pos/sec)]
Estimated time to end of superbatch: [36m9.9[0ms     [Fsuperbatch [36m127[0m [[35m67.1[0m% ([36m512[0m/[36m763[0m batches, [36m5016885[0m pos/sec)]
Estimated time to end of superbatch: [36m6.6[0ms     [Fsuperbatch [36m127[0m [[35m83.9[0m% ([36m640[0m/[36m763[0m batches, [36m5031000[0m pos/sec)]
Estimated time to end of superbatch: [36m3.2[0ms     [Fsuperbatch [36m127[0m | time [36m19.9[0ms | running loss [36m0.013627[0m | [36m5023638[0m pos/sec | total time [36m2543.9[0ms
Estimated time remaining in training: [36m1[0mh [36m1[0mm [36m5[0ms
LR dropped to [36m0.0005875097[0m
superbatch [36m128[0m [[35m0.0[0m% ([36m0[0m/[36m763[0m batches, [36m5421437[0m pos/sec)]
Estimated time to end of superbatch: [36minf[0ms     [Fsuperbatch [36m128[0m [[35m16.8[0m% ([36m128[0m/[36m763[0m batches, [36m4988550[0m pos/sec)]
Estimated time to end of superbatch: [36m16.8[0ms     [Fsuperbatch [36m128[0m [[35m33.6[0m% ([36m256[0m/[36m763[0m batches, [36m5065082[0m pos/sec)]
Estimated time to end of superbatch: [36m13.2[0ms     [Fsuperbatch [36m128[0m [[35m50.3[0m% ([36m384[0m/[36m763[0m batches, [36m5057277[0m pos/sec)]
Estimated time to end of superbatch: [36m9.8[0ms     [Fsuperbatch [36m128[0m [[35m67.1[0m% ([36m512[0m/[36m763[0m batches, [36m5023306[0m pos/sec)]
Estimated time to end of superbatch: [36m6.6[0ms     [Fsuperbatch [36m128[0m [[35m83.9[0m% ([36m640[0m/[36m763[0m batches, [36m5031800[0m pos/sec)]
Estimated time to end of superbatch: [36m3.2[0ms     [Fsuperbatch [36m128[0m | time [36m19.8[0ms | running loss [36m0.013610[0m | [36m5045202[0m pos/sec | total time [36m2563.7[0ms
Estimated time remaining in training: [36m1[0mh [36m0[0mm [36m45[0ms
LR dropped to [36m0.0005842871[0m
superbatch [36m129[0m [[35m0.0[0m% ([36m0[0m/[36m763[0m batches, [36m4511683[0m pos/sec)]
Estimated time to end of superbatch: [36minf[0ms     [Fsuperbatch [36m129[0m [[35m16.8[0m% ([36m128[0m/[36m763[0m batches, [36m5023594[0m pos/sec)]
Estimated time to end of superbatch: [36m16.7[0ms     [Fsuperbatch [36m129[0m [[35m33.6[0m% ([36m256[0m/[36m763[0m batches, [36m4851206[0m pos/sec)]
Estimated time to end of superbatch: [36m13.8[0ms     [Fsuperbatch [36m129[0m [[35m50.3[0m% ([36m384[0m/[36m763[0m batches, [36m4857480[0m pos/sec)]
Estimated time to end of superbatch: [36m10.3[0ms     [Fsuperbatch [36m129[0m [[35m67.1[0m% ([36m512[0m/[36m763[0m batches, [36m4911074[0m pos/sec)]
Estimated time to end of superbatch: [36m6.7[0ms     [Fsuperbatch [36m129[0m [[35m83.9[0m% ([36m640[0m/[36m763[0m batches, [36m4934558[0m pos/sec)]
Estimated time to end of superbatch: [36m3.3[0ms     [Fsuperbatch [36m129[0m | time [36m20.3[0ms | running loss [36m0.013669[0m | [36m4915235[0m pos/sec | total time [36m2584.0[0ms
Estimated time remaining in training: [36m1[0mh [36m0[0mm [36m25[0ms
LR dropped to [36m0.00058106455[0m
superbatch [36m130[0m [[35m0.0[0m% ([36m0[0m/[36m763[0m batches, [36m4825619[0m pos/sec)]
Estimated time to end of superbatch: [36minf[0ms     [Fsuperbatch [36m130[0m [[35m16.8[0m% ([36m128[0m/[36m763[0m batches, [36m4987428[0m pos/sec)]
Estimated time to end of superbatch: [36m16.8[0ms     [Fsuperbatch [36m130[0m [[35m33.6[0m% ([36m256[0m/[36m763[0m batches, [36m5021328[0m pos/sec)]
Estimated time to end of superbatch: [36m13.3[0ms     [Fsuperbatch [36m130[0m [[35m50.3[0m% ([36m384[0m/[36m763[0m batches, [36m5035288[0m pos/sec)]
Estimated time to end of superbatch: [36m9.9[0ms     [Fsuperbatch [36m130[0m [[35m67.1[0m% ([36m512[0m/[36m763[0m batches, [36m4969636[0m pos/sec)]
Estimated time to end of superbatch: [36m6.6[0ms     [Fsuperbatch [36m130[0m [[35m83.9[0m% ([36m640[0m/[36m763[0m batches, [36m4966086[0m pos/sec)]
Estimated time to end of superbatch: [36m3.3[0ms     [Fsuperbatch [36m130[0m | time [36m20.0[0ms | running loss [36m0.013659[0m | [36m4995142[0m pos/sec | total time [36m2604.1[0ms
Estimated time remaining in training: [36m1[0mh [36m0[0mm [36m5[0ms
Saved [anna-v3q-s1-130]
LR dropped to [36m0.00057784194[0m
superbatch [36m131[0m [[35m0.0[0m% ([36m0[0m/[36m763[0m batches, [36m5631408[0m pos/sec)]
Estimated time to end of superbatch: [36minf[0ms     [Fsuperbatch [36m131[0m [[35m16.8[0m% ([36m128[0m/[36m763[0m batches, [36m5609084[0m pos/sec)]
Estimated time to end of superbatch: [36m15.0[0ms     [Fsuperbatch [36m131[0m [[35m33.6[0m% ([36m256[0m/[36m763[0m batches, [36m5619409[0m pos/sec)]
Estimated time to end of superbatch: [36m11.9[0ms     [Fsuperbatch [36m131[0m [[35m50.3[0m% ([36m384[0m/[36m763[0m batches, [36m5390658[0m pos/sec)]
Estimated time to end of superbatch: [36m9.2[0ms     [Fsuperbatch [36m131[0m [[35m67.1[0m% ([36m512[0m/[36m763[0m batches, [36m5295768[0m pos/sec)]
Estimated time to end of superbatch: [36m6.2[0ms     [Fsuperbatch [36m131[0m [[35m83.9[0m% ([36m640[0m/[36m763[0m batches, [36m5248352[0m pos/sec)]
Estimated time to end of superbatch: [36m3.1[0ms     [Fsuperbatch [36m131[0m | time [36m19.4[0ms | running loss [36m0.013723[0m | [36m5161820[0m pos/sec | total time [36m2624.7[0ms
Estimated time remaining in training: [36m0[0mh [36m59[0mm [36m46[0ms
LR dropped to [36m0.0005746194[0m
superbatch [36m132[0m [[35m0.0[0m% ([36m0[0m/[36m763[0m batches, [36m4698937[0m pos/sec)]
Estimated time to end of superbatch: [36minf[0ms     [Fsuperbatch [36m132[0m [[35m16.8[0m% ([36m128[0m/[36m763[0m batches, [36m4988300[0m pos/sec)]
Estimated time to end of superbatch: [36m16.8[0ms     [Fsuperbatch [36m132[0m [[35m33.6[0m% ([36m256[0m/[36m763[0m batches, [36m5034942[0m pos/sec)]
Estimated time to end of superbatch: [36m13.3[0ms     [Fsuperbatch [36m132[0m [[35m50.3[0m% ([36m384[0m/[36m763[0m batches, [36m5042193[0m pos/sec)]
Estimated time to end of superbatch: [36m9.9[0ms     [Fsuperbatch [36m132[0m [[35m67.1[0m% ([36m512[0m/[36m763[0m batches, [36m4989924[0m pos/sec)]
Estimated time to end of superbatch: [36m6.6[0ms     [Fsuperbatch [36m132[0m [[35m83.9[0m% ([36m640[0m/[36m763[0m batches, [36m4983372[0m pos/sec)]
Estimated time to end of superbatch: [36m3.2[0ms     [Fsuperbatch [36m132[0m | time [36m20.0[0ms | running loss [36m0.013743[0m | [36m5002840[0m pos/sec | total time [36m2644.7[0ms
Estimated time remaining in training: [36m0[0mh [36m59[0mm [36m26[0ms
LR dropped to [36m0.0005713968[0m
superbatch [36m133[0m [[35m0.0[0m% ([36m0[0m/[36m763[0m batches, [36m4754520[0m pos/sec)]
Estimated time to end of superbatch: [36minf[0ms     [Fsuperbatch [36m133[0m [[35m16.8[0m% ([36m128[0m/[36m763[0m batches, [36m5058750[0m pos/sec)]
Estimated time to end of superbatch: [36m16.6[0ms     [Fsuperbatch [36m133[0m [[35m33.6[0m% ([36m256[0m/[36m763[0m batches, [36m4928970[0m pos/sec)]
Estimated time to end of superbatch: [36m13.5[0ms     [Fsuperbatch [36m133[0m [[35m50.3[0m% ([36m384[0m/[36m763[0m batches, [36m4931307[0m pos/sec)]
Estimated time to end of superbatch: [36m10.1[0ms     [Fsuperbatch [36m133[0m [[35m67.1[0m% ([36m512[0m/[36m763[0m batches, [36m4974513[0m pos/sec)]
Estimated time to end of superbatch: [36m6.6[0ms     [Fsuperbatch [36m133[0m [[35m83.9[0m% ([36m640[0m/[36m763[0m batches, [36m4983208[0m pos/sec)]
Estimated time to end of superbatch: [36m3.2[0ms     [Fsuperbatch [36m133[0m | time [36m20.3[0ms | running loss [36m0.013760[0m | [36m4936048[0m pos/sec | total time [36m2665.0[0ms
Estimated time remaining in training: [36m0[0mh [36m59[0mm [36m6[0ms
LR dropped to [36m0.00056817423[0m
superbatch [36m134[0m [[35m0.0[0m% ([36m0[0m/[36m763[0m batches, [36m4526026[0m pos/sec)]
Estimated time to end of superbatch: [36minf[0ms     [Fsuperbatch [36m134[0m [[35m16.8[0m% ([36m128[0m/[36m763[0m batches, [36m4914708[0m pos/sec)]
Estimated time to end of superbatch: [36m17.1[0ms     [Fsuperbatch [36m134[0m [[35m33.6[0m% ([36m256[0m/[36m763[0m batches, [36m4972962[0m pos/sec)]
Estimated time to end of superbatch: [36m13.4[0ms     [Fsuperbatch [36m134[0m [[35m50.3[0m% ([36m384[0m/[36m763[0m batches, [36m4957832[0m pos/sec)]
Estimated time to end of superbatch: [36m10.0[0ms     [Fsuperbatch [36m134[0m [[35m67.1[0m% ([36m512[0m/[36m763[0m batches, [36m4928094[0m pos/sec)]
Estimated time to end of superbatch: [36m6.7[0ms     [Fsuperbatch [36m134[0m [[35m83.9[0m% ([36m640[0m/[36m763[0m batches, [36m4917557[0m pos/sec)]
Estimated time to end of superbatch: [36m3.3[0ms     [Fsuperbatch [36m134[0m | time [36m20.3[0ms | running loss [36m0.013785[0m | [36m4936240[0m pos/sec | total time [36m2685.2[0ms
Estimated time remaining in training: [36m0[0mh [36m58[0mm [36m46[0ms
LR dropped to [36m0.0005649517[0m
superbatch [36m135[0m [[35m0.0[0m% ([36m0[0m/[36m763[0m batches, [36m5668668[0m pos/sec)]
Estimated time to end of superbatch: [36minf[0ms     [Fsuperbatch [36m135[0m [[35m16.8[0m% ([36m128[0m/[36m763[0m batches, [36m5106324[0m pos/sec)]
Estimated time to end of superbatch: [36m16.4[0ms     [Fsuperbatch [36m135[0m [[35m33.6[0m% ([36m256[0m/[36m763[0m batches, [36m4991532[0m pos/sec)]
Estimated time to end of superbatch: [36m13.4[0ms     [Fsuperbatch [36m135[0m [[35m50.3[0m% ([36m384[0m/[36m763[0m batches, [36m4976752[0m pos/sec)]
Estimated time to end of superbatch: [36m10.0[0ms     [Fsuperbatch [36m135[0m [[35m67.1[0m% ([36m512[0m/[36m763[0m batches, [36m5001372[0m pos/sec)]
Estimated time to end of superbatch: [36m6.6[0ms     [Fsuperbatch [36m135[0m [[35m83.9[0m% ([36m640[0m/[36m763[0m batches, [36m5015132[0m pos/sec)]
Estimated time to end of superbatch: [36m3.2[0ms     [Fsuperbatch [36m135[0m | time [36m20.1[0ms | running loss [36m0.013835[0m | [36m4982778[0m pos/sec | total time [36m2705.3[0ms
Estimated time remaining in training: [36m0[0mh [36m58[0mm [36m26[0ms
LR dropped to [36m0.0005617291[0m
superbatch [36m136[0m [[35m0.0[0m% ([36m0[0m/[36m763[0m batches, [36m4281404[0m pos/sec)]
Estimated time to end of superbatch: [36minf[0ms     [Fsuperbatch [36m136[0m [[35m16.8[0m% ([36m128[0m/[36m763[0m batches, [36m4922106[0m pos/sec)]
Estimated time to end of superbatch: [36m17.0[0ms     [Fsuperbatch [36m136[0m [[35m33.6[0m% ([36m256[0m/[36m763[0m batches, [36m4986616[0m pos/sec)]
Estimated time to end of superbatch: [36m13.4[0ms     [Fsuperbatch [36m136[0m [[35m50.3[0m% ([36m384[0m/[36m763[0m batches, [36m5034068[0m pos/sec)]
Estimated time to end of superbatch: [36m9.9[0ms     [Fsuperbatch [36m136[0m [[35m67.1[0m% ([36m512[0m/[36m763[0m batches, [36m4990888[0m pos/sec)]
Estimated time to end of superbatch: [36m6.6[0ms     [Fsuperbatch [36m136[0m [[35m83.9[0m% ([36m640[0m/[36m763[0m batches, [36m4963506[0m pos/sec)]
Estimated time to end of superbatch: [36m3.3[0ms     [Fsuperbatch [36m136[0m | time [36m20.1[0ms | running loss [36m0.013911[0m | [36m4975442[0m pos/sec | total time [36m2725.4[0ms
Estimated time remaining in training: [36m0[0mh [36m58[0mm [36m6[0ms
LR dropped to [36m0.00055850646[0m
superbatch [36m137[0m [[35m0.0[0m% ([36m0[0m/[36m763[0m batches, [36m5090420[0m pos/sec)]
Estimated time to end of superbatch: [36minf[0ms     [Fsuperbatch [36m137[0m [[35m16.8[0m% ([36m128[0m/[36m763[0m batches, [36m4962123[0m pos/sec)]
Estimated time to end of superbatch: [36m16.9[0ms     [Fsuperbatch [36m137[0m [[35m33.6[0m% ([36m256[0m/[36m763[0m batches, [36m4876962[0m pos/sec)]
Estimated time to end of superbatch: [36m13.7[0ms     [Fsuperbatch [36m137[0m [[35m50.3[0m% ([36m384[0m/[36m763[0m batches, [36m4894762[0m pos/sec)]
Estimated time to end of superbatch: [36m10.2[0ms     [Fsuperbatch [36m137[0m [[35m67.1[0m% ([36m512[0m/[36m763[0m batches, [36m4938500[0m pos/sec)]
Estimated time to end of superbatch: [36m6.7[0ms     [Fsuperbatch [36m137[0m [[35m83.9[0m% ([36m640[0m/[36m763[0m batches, [36m4972505[0m pos/sec)]
Estimated time to end of superbatch: [36m3.2[0ms     [Fsuperbatch [36m137[0m | time [36m20.1[0ms | running loss [36m0.013909[0m | [36m4976572[0m pos/sec | total time [36m2745.5[0ms
Estimated time remaining in training: [36m0[0mh [36m57[0mm [36m46[0ms
LR dropped to [36m0.0005552839[0m
superbatch [36m138[0m [[35m0.0[0m% ([36m0[0m/[36m763[0m batches, [36m5465792[0m pos/sec)]
Estimated time to end of superbatch: [36minf[0ms     [Fsuperbatch [36m138[0m [[35m16.8[0m% ([36m128[0m/[36m763[0m batches, [36m4969018[0m pos/sec)]
Estimated time to end of superbatch: [36m16.9[0ms     [Fsuperbatch [36m138[0m [[35m33.6[0m% ([36m256[0m/[36m763[0m batches, [36m5008324[0m pos/sec)]
Estimated time to end of superbatch: [36m13.3[0ms     [Fsuperbatch [36m138[0m [[35m50.3[0m% ([36m384[0m/[36m763[0m batches, [36m5032546[0m pos/sec)]
Estimated time to end of superbatch: [36m9.9[0ms     [Fsuperbatch [36m138[0m [[35m67.1[0m% ([36m512[0m/[36m763[0m batches, [36m5014544[0m pos/sec)]
Estimated time to end of superbatch: [36m6.6[0ms     [Fsuperbatch [36m138[0m [[35m83.9[0m% ([36m640[0m/[36m763[0m batches, [36m5001605[0m pos/sec)]
Estimated time to end of superbatch: [36m3.2[0ms     [Fsuperbatch [36m138[0m | time [36m19.9[0ms | running loss [36m0.014004[0m | [36m5014672[0m pos/sec | total time [36m2765.4[0ms
Estimated time remaining in training: [36m0[0mh [36m57[0mm [36m26[0ms
LR dropped to [36m0.00055206136[0m
superbatch [36m139[0m [[35m0.0[0m% ([36m0[0m/[36m763[0m batches, [36m4833072[0m pos/sec)]
Estimated time to end of superbatch: [36minf[0ms     [Fsuperbatch [36m139[0m [[35m16.8[0m% ([36m128[0m/[36m763[0m batches, [36m5113049[0m pos/sec)]
Estimated time to end of superbatch: [36m16.4[0ms     [Fsuperbatch [36m139[0m [[35m33.6[0m% ([36m256[0m/[36m763[0m batches, [36m5033677[0m pos/sec)]
Estimated time to end of superbatch: [36m13.3[0ms     [Fsuperbatch [36m139[0m [[35m50.3[0m% ([36m384[0m/[36m763[0m batches, [36m4986656[0m pos/sec)]
Estimated time to end of superbatch: [36m10.0[0ms     [Fsuperbatch [36m139[0m [[35m67.1[0m% ([36m512[0m/[36m763[0m batches, [36m5010615[0m pos/sec)]
Estimated time to end of superbatch: [36m6.6[0ms     [Fsuperbatch [36m139[0m [[35m83.9[0m% ([36m640[0m/[36m763[0m batches, [36m5028558[0m pos/sec)]
Estimated time to end of superbatch: [36m3.2[0ms     [Fsuperbatch [36m139[0m | time [36m19.9[0ms | running loss [36m0.013994[0m | [36m5015512[0m pos/sec | total time [36m2785.4[0ms
Estimated time remaining in training: [36m0[0mh [36m57[0mm [36m6[0ms
LR dropped to [36m0.00054883875[0m
superbatch [36m140[0m [[35m0.0[0m% ([36m0[0m/[36m763[0m batches, [36m5109306[0m pos/sec)]
Estimated time to end of superbatch: [36minf[0ms     [Fsuperbatch [36m140[0m [[35m16.8[0m% ([36m128[0m/[36m763[0m batches, [36m4945167[0m pos/sec)]
Estimated time to end of superbatch: [36m17.0[0ms     [Fsuperbatch [36m140[0m [[35m33.6[0m% ([36m256[0m/[36m763[0m batches, [36m5010358[0m pos/sec)]
Estimated time to end of superbatch: [36m13.3[0ms     [Fsuperbatch [36m140[0m [[35m50.3[0m% ([36m384[0m/[36m763[0m batches, [36m5040666[0m pos/sec)]
Estimated time to end of superbatch: [36m9.9[0ms     [Fsuperbatch [36m140[0m [[35m67.1[0m% ([36m512[0m/[36m763[0m batches, [36m4995772[0m pos/sec)]
Estimated time to end of superbatch: [36m6.6[0ms     [Fsuperbatch [36m140[0m [[35m83.9[0m% ([36m640[0m/[36m763[0m batches, [36m4964874[0m pos/sec)]
Estimated time to end of superbatch: [36m3.3[0ms     [Fsuperbatch [36m140[0m | time [36m20.1[0ms | running loss [36m0.014052[0m | [36m4976386[0m pos/sec | total time [36m2805.5[0ms
Estimated time remaining in training: [36m0[0mh [36m56[0mm [36m46[0ms
Saved [anna-v3q-s1-140]
LR dropped to [36m0.00054561615[0m
superbatch [36m141[0m [[35m0.0[0m% ([36m0[0m/[36m763[0m batches, [36m5663173[0m pos/sec)]
Estimated time to end of superbatch: [36minf[0ms     [Fsuperbatch [36m141[0m [[35m16.8[0m% ([36m128[0m/[36m763[0m batches, [36m5647705[0m pos/sec)]
Estimated time to end of superbatch: [36m14.9[0ms     [Fsuperbatch [36m141[0m [[35m33.6[0m% ([36m256[0m/[36m763[0m batches, [36m5600151[0m pos/sec)]
Estimated time to end of superbatch: [36m11.9[0ms     [Fsuperbatch [36m141[0m [[35m50.3[0m% ([36m384[0m/[36m763[0m batches, [36m5436862[0m pos/sec)]
Estimated time to end of superbatch: [36m9.2[0ms     [Fsuperbatch [36m141[0m [[35m67.1[0m% ([36m512[0m/[36m763[0m batches, [36m5353280[0m pos/sec)]
Estimated time to end of superbatch: [36m6.2[0ms     [Fsuperbatch [36m141[0m [[35m83.9[0m% ([36m640[0m/[36m763[0m batches, [36m5292636[0m pos/sec)]
Estimated time to end of superbatch: [36m3.1[0ms     [Fsuperbatch [36m141[0m | time [36m19.1[0ms | running loss [36m0.013993[0m | [36m5240236[0m pos/sec | total time [36m2825.9[0ms
Estimated time remaining in training: [36m0[0mh [36m56[0mm [36m27[0ms
LR dropped to [36m0.00054239354[0m
superbatch [36m142[0m [[35m0.0[0m% ([36m0[0m/[36m763[0m batches, [36m4500550[0m pos/sec)]
Estimated time to end of superbatch: [36minf[0ms     [Fsuperbatch [36m142[0m [[35m16.8[0m% ([36m128[0m/[36m763[0m batches, [36m4628990[0m pos/sec)]
Estimated time to end of superbatch: [36m18.1[0ms     [Fsuperbatch [36m142[0m [[35m33.6[0m% ([36m256[0m/[36m763[0m batches, [36m4840290[0m pos/sec)]
Estimated time to end of superbatch: [36m13.8[0ms     [Fsuperbatch [36m142[0m [[35m50.3[0m% ([36m384[0m/[36m763[0m batches, [36m4929552[0m pos/sec)]
Estimated time to end of superbatch: [36m10.1[0ms     [Fsuperbatch [36m142[0m [[35m67.1[0m% ([36m512[0m/[36m763[0m batches, [36m4793644[0m pos/sec)]
Estimated time to end of superbatch: [36m6.9[0ms     [Fsuperbatch [36m142[0m [[35m83.9[0m% ([36m640[0m/[36m763[0m batches, [36m4540555[0m pos/sec)]
Estimated time to end of superbatch: [36m3.6[0ms     [Fsuperbatch [36m142[0m | time [36m21.7[0ms | running loss [36m0.014093[0m | [36m4611636[0m pos/sec | total time [36m2847.5[0ms
Estimated time remaining in training: [36m0[0mh [36m56[0mm [36m8[0ms
LR dropped to [36m0.000539171[0m
superbatch [36m143[0m [[35m0.0[0m% ([36m0[0m/[36m763[0m batches, [36m5650370[0m pos/sec)]
Estimated time to end of superbatch: [36minf[0ms     [Fsuperbatch [36m143[0m [[35m16.8[0m% ([36m128[0m/[36m763[0m batches, [36m5030044[0m pos/sec)]
Estimated time to end of superbatch: [36m16.7[0ms     [Fsuperbatch [36m143[0m [[35m33.6[0m% ([36m256[0m/[36m763[0m batches, [36m5006625[0m pos/sec)]
Estimated time to end of superbatch: [36m13.3[0ms     [Fsuperbatch [36m143[0m [[35m50.3[0m% ([36m384[0m/[36m763[0m batches, [36m4950368[0m pos/sec)]
Estimated time to end of superbatch: [36m10.1[0ms     [Fsuperbatch [36m143[0m [[35m67.1[0m% ([36m512[0m/[36m763[0m batches, [36m4977413[0m pos/sec)]
Estimated time to end of superbatch: [36m6.6[0ms     [Fsuperbatch [36m143[0m [[35m83.9[0m% ([36m640[0m/[36m763[0m batches, [36m4987275[0m pos/sec)]
Estimated time to end of superbatch: [36m3.2[0ms     [Fsuperbatch [36m143[0m | time [36m20.0[0ms | running loss [36m0.014041[0m | [36m4988312[0m pos/sec | total time [36m2867.6[0ms
Estimated time remaining in training: [36m0[0mh [36m55[0mm [36m48[0ms
LR dropped to [36m0.00053594843[0m
superbatch [36m144[0m [[35m0.0[0m% ([36m0[0m/[36m763[0m batches, [36m5039053[0m pos/sec)]
Estimated time to end of superbatch: [36minf[0ms     [Fsuperbatch [36m144[0m [[35m16.8[0m% ([36m128[0m/[36m763[0m batches, [36m4883840[0m pos/sec)]
Estimated time to end of superbatch: [36m17.2[0ms     [Fsuperbatch [36m144[0m [[35m33.6[0m% ([36m256[0m/[36m763[0m batches, [36m4983706[0m pos/sec)]
Estimated time to end of superbatch: [36m13.4[0ms     [Fsuperbatch [36m144[0m [[35m50.3[0m% ([36m384[0m/[36m763[0m batches, [36m5022738[0m pos/sec)]
Estimated time to end of superbatch: [36m9.9[0ms     [Fsuperbatch [36m144[0m [[35m67.1[0m% ([36m512[0m/[36m763[0m batches, [36m4995810[0m pos/sec)]
Estimated time to end of superbatch: [36m6.6[0ms     [Fsuperbatch [36m144[0m [[35m83.9[0m% ([36m640[0m/[36m763[0m batches, [36m4991002[0m pos/sec)]
Estimated time to end of superbatch: [36m3.2[0ms     [Fsuperbatch [36m144[0m | time [36m19.9[0ms | running loss [36m0.014201[0m | [36m5026695[0m pos/sec | total time [36m2887.5[0ms
Estimated time remaining in training: [36m0[0mh [36m55[0mm [36m28[0ms
LR dropped to [36m0.0005327258[0m
superbatch [36m145[0m [[35m0.0[0m% ([36m0[0m/[36m763[0m batches, [36m5366336[0m pos/sec)]
Estimated time to end of superbatch: [36minf[0ms     [Fsuperbatch [36m145[0m [[35m16.8[0m% ([36m128[0m/[36m763[0m batches, [36m5174035[0m pos/sec)]
Estimated time to end of superbatch: [36m16.2[0ms     [Fsuperbatch [36m145[0m [[35m33.6[0m% ([36m256[0m/[36m763[0m batches, [36m5072423[0m pos/sec)]
Estimated time to end of superbatch: [36m13.2[0ms     [Fsuperbatch [36m145[0m [[35m50.3[0m% ([36m384[0m/[36m763[0m batches, [36m5004688[0m pos/sec)]
Estimated time to end of superbatch: [36m10.0[0ms     [Fsuperbatch [36m145[0m [[35m67.1[0m% ([36m512[0m/[36m763[0m batches, [36m5023294[0m pos/sec)]
Estimated time to end of superbatch: [36m6.6[0ms     [Fsuperbatch [36m145[0m [[35m83.9[0m% ([36m640[0m/[36m763[0m batches, [36m5034146[0m pos/sec)]
Estimated time to end of superbatch: [36m3.2[0ms     [Fsuperbatch [36m145[0m | time [36m19.9[0ms | running loss [36m0.014061[0m | [36m5027002[0m pos/sec | total time [36m2907.4[0ms
Estimated time remaining in training: [36m0[0mh [36m55[0mm [36m8[0ms
LR dropped to [36m0.0005295032[0m
superbatch [36m146[0m [[35m0.0[0m% ([36m0[0m/[36m763[0m batches, [36m5027968[0m pos/sec)]
Estimated time to end of superbatch: [36minf[0ms     [Fsuperbatch [36m146[0m [[35m16.8[0m% ([36m128[0m/[36m763[0m batches, [36m4955486[0m pos/sec)]
Estimated time to end of superbatch: [36m16.9[0ms     [Fsuperbatch [36m146[0m [[35m33.6[0m% ([36m256[0m/[36m763[0m batches, [36m5007152[0m pos/sec)]
Estimated time to end of superbatch: [36m13.3[0ms     [Fsuperbatch [36m146[0m [[35m50.3[0m% ([36m384[0m/[36m763[0m batches, [36m5012516[0m pos/sec)]
Estimated time to end of superbatch: [36m9.9[0ms     [Fsuperbatch [36m146[0m [[35m67.1[0m% ([36m512[0m/[36m763[0m batches, [36m5020178[0m pos/sec)]
Estimated time to end of superbatch: [36m6.6[0ms     [Fsuperbatch [36m146[0m [[35m83.9[0m% ([36m640[0m/[36m763[0m batches, [36m5003642[0m pos/sec)]
Estimated time to end of superbatch: [36m3.2[0ms     [Fsuperbatch [36m146[0m | time [36m20.0[0ms | running loss [36m0.014273[0m | [36m5012698[0m pos/sec | total time [36m2927.3[0ms
Estimated time remaining in training: [36m0[0mh [36m54[0mm [36m48[0ms
LR dropped to [36m0.00052628067[0m
superbatch [36m147[0m [[35m0.0[0m% ([36m0[0m/[36m763[0m batches, [36m5445467[0m pos/sec)]
Estimated time to end of superbatch: [36minf[0ms     [Fsuperbatch [36m147[0m [[35m16.8[0m% ([36m128[0m/[36m763[0m batches, [36m5066075[0m pos/sec)]
Estimated time to end of superbatch: [36m16.6[0ms     [Fsuperbatch [36m147[0m [[35m33.6[0m% ([36m256[0m/[36m763[0m batches, [36m5038688[0m pos/sec)]
Estimated time to end of superbatch: [36m13.2[0ms     [Fsuperbatch [36m147[0m [[35m50.3[0m% ([36m384[0m/[36m763[0m batches, [36m5003650[0m pos/sec)]
Estimated time to end of superbatch: [36m10.0[0ms     [Fsuperbatch [36m147[0m [[35m67.1[0m% ([36m512[0m/[36m763[0m batches, [36m5025012[0m pos/sec)]
Estimated time to end of superbatch: [36m6.6[0ms     [Fsuperbatch [36m147[0m [[35m83.9[0m% ([36m640[0m/[36m763[0m batches, [36m5030330[0m pos/sec)]
Estimated time to end of superbatch: [36m3.2[0ms     [Fsuperbatch [36m147[0m | time [36m19.9[0ms | running loss [36m0.014159[0m | [36m5020905[0m pos/sec | total time [36m2947.3[0ms
Estimated time remaining in training: [36m0[0mh [36m54[0mm [36m28[0ms
LR dropped to [36m0.0005230581[0m
superbatch [36m148[0m [[35m0.0[0m% ([36m0[0m/[36m763[0m batches, [36m5334716[0m pos/sec)]
Estimated time to end of superbatch: [36minf[0ms     [Fsuperbatch [36m148[0m [[35m16.8[0m% ([36m128[0m/[36m763[0m batches, [36m4947632[0m pos/sec)]
Estimated time to end of superbatch: [36m17.0[0ms     [Fsuperbatch [36m148[0m [[35m33.6[0m% ([36m256[0m/[36m763[0m batches, [36m5005338[0m pos/sec)]
Estimated time to end of superbatch: [36m13.3[0ms     [Fsuperbatch [36m148[0m [[35m50.3[0m% ([36m384[0m/[36m763[0m batches, [36m5017850[0m pos/sec)]
Estimated time to end of superbatch: [36m9.9[0ms     [Fsuperbatch [36m148[0m [[35m67.1[0m% ([36m512[0m/[36m763[0m batches, [36m5019033[0m pos/sec)]
Estimated time to end of superbatch: [36m6.6[0ms     [Fsuperbatch [36m148[0m [[35m83.9[0m% ([36m640[0m/[36m763[0m batches, [36m4999726[0m pos/sec)]
Estimated time to end of superbatch: [36m3.2[0ms     [Fsuperbatch [36m148[0m | time [36m20.0[0ms | running loss [36m0.014351[0m | [36m5011785[0m pos/sec | total time [36m2967.2[0ms
Estimated time remaining in training: [36m0[0mh [36m54[0mm [36m7[0ms
LR dropped to [36m0.0005198355[0m
superbatch [36m149[0m [[35m0.0[0m% ([36m0[0m/[36m763[0m batches, [36m5388690[0m pos/sec)]
Estimated time to end of superbatch: [36minf[0ms     [Fsuperbatch [36m149[0m [[35m16.8[0m% ([36m128[0m/[36m763[0m batches, [36m5090808[0m pos/sec)]
Estimated time to end of superbatch: [36m16.5[0ms     [Fsuperbatch [36m149[0m [[35m33.6[0m% ([36m256[0m/[36m763[0m batches, [36m5025028[0m pos/sec)]
Estimated time to end of superbatch: [36m13.3[0ms     [Fsuperbatch [36m149[0m [[35m50.3[0m% ([36m384[0m/[36m763[0m batches, [36m4959124[0m pos/sec)]
Estimated time to end of superbatch: [36m10.0[0ms     [Fsuperbatch [36m149[0m [[35m67.1[0m% ([36m512[0m/[36m763[0m batches, [36m4979684[0m pos/sec)]
Estimated time to end of superbatch: [36m6.6[0ms     [Fsuperbatch [36m149[0m [[35m83.9[0m% ([36m640[0m/[36m763[0m batches, [36m4984407[0m pos/sec)]
Estimated time to end of superbatch: [36m3.2[0ms     [Fsuperbatch [36m149[0m | time [36m20.1[0ms | running loss [36m0.014195[0m | [36m4984692[0m pos/sec | total time [36m2987.3[0ms
Estimated time remaining in training: [36m0[0mh [36m53[0mm [36m47[0ms
LR dropped to [36m0.00051661296[0m
superbatch [36m150[0m [[35m0.0[0m% ([36m0[0m/[36m763[0m batches, [36m4657555[0m pos/sec)]
Estimated time to end of superbatch: [36minf[0ms     [Fsuperbatch [36m150[0m [[35m16.8[0m% ([36m128[0m/[36m763[0m batches, [36m4899412[0m pos/sec)]
Estimated time to end of superbatch: [36m17.1[0ms     [Fsuperbatch [36m150[0m [[35m33.6[0m% ([36m256[0m/[36m763[0m batches, [36m4982620[0m pos/sec)]
Estimated time to end of superbatch: [36m13.4[0ms     [Fsuperbatch [36m150[0m [[35m50.3[0m% ([36m384[0m/[36m763[0m batches, [36m5008458[0m pos/sec)]
Estimated time to end of superbatch: [36m9.9[0ms     [Fsuperbatch [36m150[0m [[35m67.1[0m% ([36m512[0m/[36m763[0m batches, [36m5013038[0m pos/sec)]
Estimated time to end of superbatch: [36m6.6[0ms     [Fsuperbatch [36m150[0m [[35m83.9[0m% ([36m640[0m/[36m763[0m batches, [36m4985094[0m pos/sec)]
Estimated time to end of superbatch: [36m3.2[0ms     [Fsuperbatch [36m150[0m | time [36m20.0[0ms | running loss [36m0.014412[0m | [36m4991461[0m pos/sec | total time [36m3007.3[0ms
Estimated time remaining in training: [36m0[0mh [36m53[0mm [36m27[0ms
Saved [anna-v3q-s1-150]
LR dropped to [36m0.00051339035[0m
superbatch [36m151[0m [[35m0.0[0m% ([36m0[0m/[36m763[0m batches, [36m5647788[0m pos/sec)]
Estimated time to end of superbatch: [36minf[0ms     [Fsuperbatch [36m151[0m [[35m16.8[0m% ([36m128[0m/[36m763[0m batches, [36m5701954[0m pos/sec)]
Estimated time to end of superbatch: [36m14.7[0ms     [Fsuperbatch [36m151[0m [[35m33.6[0m% ([36m256[0m/[36m763[0m batches, [36m5644400[0m pos/sec)]
Estimated time to end of superbatch: [36m11.8[0ms     [Fsuperbatch [36m151[0m [[35m50.3[0m% ([36m384[0m/[36m763[0m batches, [36m5616776[0m pos/sec)]
Estimated time to end of superbatch: [36m8.9[0ms     [Fsuperbatch [36m151[0m [[35m67.1[0m% ([36m512[0m/[36m763[0m batches, [36m5466342[0m pos/sec)]
Estimated time to end of superbatch: [36m6.0[0ms     [Fsuperbatch [36m151[0m [[35m83.9[0m% ([36m640[0m/[36m763[0m batches, [36m5373367[0m pos/sec)]
Estimated time to end of superbatch: [36m3.0[0ms     [Fsuperbatch [36m151[0m | time [36m18.8[0ms | running loss [36m0.014302[0m | [36m5320013[0m pos/sec | total time [36m3027.4[0ms
Estimated time remaining in training: [36m0[0mh [36m53[0mm [36m7[0ms
LR dropped to [36m0.00051016774[0m
superbatch [36m152[0m [[35m0.0[0m% ([36m0[0m/[36m763[0m batches, [36m3731317[0m pos/sec)]
Estimated time to end of superbatch: [36minf[0ms     [Fsuperbatch [36m152[0m [[35m16.8[0m% ([36m128[0m/[36m763[0m batches, [36m4831608[0m pos/sec)]
Estimated time to end of superbatch: [36m17.4[0ms     [Fsuperbatch [36m152[0m [[35m33.6[0m% ([36m256[0m/[36m763[0m batches, [36m4921830[0m pos/sec)]
Estimated time to end of superbatch: [36m13.6[0ms     [Fsuperbatch [36m152[0m [[35m50.3[0m% ([36m384[0m/[36m763[0m batches, [36m4977428[0m pos/sec)]
Estimated time to end of superbatch: [36m10.0[0ms     [Fsuperbatch [36m152[0m [[35m67.1[0m% ([36m512[0m/[36m763[0m batches, [36m4975904[0m pos/sec)]
Estimated time to end of superbatch: [36m6.6[0ms     [Fsuperbatch [36m152[0m [[35m83.9[0m% ([36m640[0m/[36m763[0m batches, [36m4938981[0m pos/sec)]
Estimated time to end of superbatch: [36m3.3[0ms     [Fsuperbatch [36m152[0m | time [36m20.2[0ms | running loss [36m0.014553[0m | [36m4945811[0m pos/sec | total time [36m3047.6[0ms
Estimated time remaining in training: [36m0[0mh [36m52[0mm [36m47[0ms
LR dropped to [36m0.0005069452[0m
superbatch [36m153[0m [[35m0.0[0m% ([36m0[0m/[36m763[0m batches, [36m4488408[0m pos/sec)]
Estimated time to end of superbatch: [36minf[0ms     [Fsuperbatch [36m153[0m [[35m16.8[0m% ([36m128[0m/[36m763[0m batches, [36m5034562[0m pos/sec)]
Estimated time to end of superbatch: [36m16.7[0ms     [Fsuperbatch [36m153[0m [[35m33.6[0m% ([36m256[0m/[36m763[0m batches, [36m4999872[0m pos/sec)]
Estimated time to end of superbatch: [36m13.3[0ms     [Fsuperbatch [36m153[0m [[35m50.3[0m% ([36m384[0m/[36m763[0m batches, [36m4919776[0m pos/sec)]
Estimated time to end of superbatch: [36m10.1[0ms     [Fsuperbatch [36m153[0m [[35m67.1[0m% ([36m512[0m/[36m763[0m batches, [36m4945100[0m pos/sec)]
Estimated time to end of superbatch: [36m6.7[0ms     [Fsuperbatch [36m153[0m [[35m83.9[0m% ([36m640[0m/[36m763[0m batches, [36m4974264[0m pos/sec)]
Estimated time to end of superbatch: [36m3.2[0ms     [Fsuperbatch [36m153[0m | time [36m20.0[0ms | running loss [36m0.014367[0m | [36m4988926[0m pos/sec | total time [36m3067.7[0ms
Estimated time remaining in training: [36m0[0mh [36m52[0mm [36m27[0ms
LR dropped to [36m0.0005037226[0m
superbatch [36m154[0m [[35m0.0[0m% ([36m0[0m/[36m763[0m batches, [36m5153314[0m pos/sec)]
Estimated time to end of superbatch: [36minf[0ms     [Fsuperbatch [36m154[0m [[35m16.8[0m% ([36m128[0m/[36m763[0m batches, [36m4726762[0m pos/sec)]
Estimated time to end of superbatch: [36m17.7[0ms     [Fsuperbatch [36m154[0m [[35m33.6[0m% ([36m256[0m/[36m763[0m batches, [36m4836204[0m pos/sec)]
Estimated time to end of superbatch: [36m13.8[0ms     [Fsuperbatch [36m154[0m [[35m50.3[0m% ([36m384[0m/[36m763[0m batches, [36m4927912[0m pos/sec)]
Estimated time to end of superbatch: [36m10.1[0ms     [Fsuperbatch [36m154[0m [[35m67.1[0m% ([36m512[0m/[36m763[0m batches, [36m4960748[0m pos/sec)]
Estimated time to end of superbatch: [36m6.6[0ms     [Fsuperbatch [36m154[0m [[35m83.9[0m% ([36m640[0m/[36m763[0m batches, [36m4913153[0m pos/sec)]
Estimated time to end of superbatch: [36m3.3[0ms     [Fsuperbatch [36m154[0m | time [36m20.3[0ms | running loss [36m0.014632[0m | [36m4923512[0m pos/sec | total time [36m3088.0[0ms
Estimated time remaining in training: [36m0[0mh [36m52[0mm [36m8[0ms
LR dropped to [36m0.0005005[0m
superbatch [36m155[0m [[35m0.0[0m% ([36m0[0m/[36m763[0m batches, [36m5592792[0m pos/sec)]
Estimated time to end of superbatch: [36minf[0ms     [Fsuperbatch [36m155[0m [[35m16.8[0m% ([36m128[0m/[36m763[0m batches, [36m5061704[0m pos/sec)]
Estimated time to end of superbatch: [36m16.6[0ms     [Fsuperbatch [36m155[0m [[35m33.6[0m% ([36m256[0m/[36m763[0m batches, [36m5065208[0m pos/sec)]
Estimated time to end of superbatch: [36m13.2[0ms     [Fsuperbatch [36m155[0m [[35m50.3[0m% ([36m384[0m/[36m763[0m batches, [36m4934908[0m pos/sec)]
Estimated time to end of superbatch: [36m10.1[0ms     [Fsuperbatch [36m155[0m [[35m67.1[0m% ([36m512[0m/[36m763[0m batches, [36m4944938[0m pos/sec)]
Estimated time to end of superbatch: [36m6.7[0ms     [Fsuperbatch [36m155[0m [[35m83.9[0m% ([36m640[0m/[36m763[0m batches, [36m4971972[0m pos/sec)]
Estimated time to end of superbatch: [36m3.2[0ms     [Fsuperbatch [36m155[0m | time [36m20.1[0ms | running loss [36m0.014419[0m | [36m4966698[0m pos/sec | total time [36m3108.1[0ms
Estimated time remaining in training: [36m0[0mh [36m51[0mm [36m48[0ms
LR dropped to [36m0.0004972775[0m
superbatch [36m156[0m [[35m0.0[0m% ([36m0[0m/[36m763[0m batches, [36m5558675[0m pos/sec)]
Estimated time to end of superbatch: [36minf[0ms     [Fsuperbatch [36m156[0m [[35m16.8[0m% ([36m128[0m/[36m763[0m batches, [36m4717106[0m pos/sec)]
Estimated time to end of superbatch: [36m17.8[0ms     [Fsuperbatch [36m156[0m [[35m33.6[0m% ([36m256[0m/[36m763[0m batches, [36m4808994[0m pos/sec)]
Estimated time to end of superbatch: [36m13.9[0ms     [Fsuperbatch [36m156[0m [[35m50.3[0m% ([36m384[0m/[36m763[0m batches, [36m4902305[0m pos/sec)]
Estimated time to end of superbatch: [36m10.2[0ms     [Fsuperbatch [36m156[0m [[35m67.1[0m% ([36m512[0m/[36m763[0m batches, [36m4947868[0m pos/sec)]
Estimated time to end of superbatch: [36m6.7[0ms     [Fsuperbatch [36m156[0m [[35m83.9[0m% ([36m640[0m/[36m763[0m batches, [36m4914744[0m pos/sec)]
Estimated time to end of superbatch: [36m3.3[0ms     [Fsuperbatch [36m156[0m | time [36m20.2[0ms | running loss [36m0.014674[0m | [36m4939148[0m pos/sec | total time [36m3128.4[0ms
Estimated time remaining in training: [36m0[0mh [36m51[0mm [36m28[0ms
LR dropped to [36m0.00049405487[0m
superbatch [36m157[0m [[35m0.0[0m% ([36m0[0m/[36m763[0m batches, [36m5641568[0m pos/sec)]
Estimated time to end of superbatch: [36minf[0ms     [Fsuperbatch [36m157[0m [[35m16.8[0m% ([36m128[0m/[36m763[0m batches, [36m5088972[0m pos/sec)]
Estimated time to end of superbatch: [36m16.5[0ms     [Fsuperbatch [36m157[0m [[35m33.6[0m% ([36m256[0m/[36m763[0m batches, [36m5057414[0m pos/sec)]
Estimated time to end of superbatch: [36m13.2[0ms     [Fsuperbatch [36m157[0m [[35m50.3[0m% ([36m384[0m/[36m763[0m batches, [36m4957331[0m pos/sec)]
Estimated time to end of superbatch: [36m10.0[0ms     [Fsuperbatch [36m157[0m [[35m67.1[0m% ([36m512[0m/[36m763[0m batches, [36m4942218[0m pos/sec)]
Estimated time to end of superbatch: [36m6.7[0ms     [Fsuperbatch [36m157[0m [[35m83.9[0m% ([36m640[0m/[36m763[0m batches, [36m4961047[0m pos/sec)]
Estimated time to end of superbatch: [36m3.3[0ms     [Fsuperbatch [36m157[0m | time [36m20.1[0ms | running loss [36m0.014467[0m | [36m4972367[0m pos/sec | total time [36m3148.5[0ms
Estimated time remaining in training: [36m0[0mh [36m51[0mm [36m8[0ms
LR dropped to [36m0.0004908323[0m
superbatch [36m158[0m [[35m0.0[0m% ([36m0[0m/[36m763[0m batches, [36m5092470[0m pos/sec)]
Estimated time to end of superbatch: [36minf[0ms     [Fsuperbatch [36m158[0m [[35m16.8[0m% ([36m128[0m/[36m763[0m batches, [36m4795836[0m pos/sec)]
Estimated time to end of superbatch: [36m17.5[0ms     [Fsuperbatch [36m158[0m [[35m33.6[0m% ([36m256[0m/[36m763[0m batches, [36m4830686[0m pos/sec)]
Estimated time to end of superbatch: [36m13.8[0ms     [Fsuperbatch [36m158[0m [[35m50.3[0m% ([36m384[0m/[36m763[0m batches, [36m4904393[0m pos/sec)]
Estimated time to end of superbatch: [36m10.2[0ms     [Fsuperbatch [36m158[0m [[35m67.1[0m% ([36m512[0m/[36m763[0m batches, [36m4949462[0m pos/sec)]
Estimated time to end of superbatch: [36m6.7[0ms     [Fsuperbatch [36m158[0m [[35m83.9[0m% ([36m640[0m/[36m763[0m batches, [36m4921084[0m pos/sec)]
Estimated time to end of superbatch: [36m3.3[0ms     [Fsuperbatch [36m158[0m | time [36m20.4[0ms | running loss [36m0.014744[0m | [36m4911555[0m pos/sec | total time [36m3168.8[0ms
Estimated time remaining in training: [36m0[0mh [36m50[0mm [36m48[0ms
LR dropped to [36m0.0004876097[0m
superbatch [36m159[0m [[35m0.0[0m% ([36m0[0m/[36m763[0m batches, [36m5487506[0m pos/sec)]
Estimated time to end of superbatch: [36minf[0ms     [Fsuperbatch [36m159[0m [[35m16.8[0m% ([36m128[0m/[36m763[0m batches, [36m5019356[0m pos/sec)]
Estimated time to end of superbatch: [36m16.7[0ms     [Fsuperbatch [36m159[0m [[35m33.6[0m% ([36m256[0m/[36m763[0m batches, [36m5081816[0m pos/sec)]
Estimated time to end of superbatch: [36m13.1[0ms     [Fsuperbatch [36m159[0m [[35m50.3[0m% ([36m384[0m/[36m763[0m batches, [36m4994352[0m pos/sec)]
Estimated time to end of superbatch: [36m10.0[0ms     [Fsuperbatch [36m159[0m [[35m67.1[0m% ([36m512[0m/[36m763[0m batches, [36m4976570[0m pos/sec)]
Estimated time to end of superbatch: [36m6.6[0ms     [Fsuperbatch [36m159[0m [[35m83.9[0m% ([36m640[0m/[36m763[0m batches, [36m4993850[0m pos/sec)]
Estimated time to end of superbatch: [36m3.2[0ms     [Fsuperbatch [36m159[0m | time [36m20.0[0ms | running loss [36m0.014559[0m | [36m5005766[0m pos/sec | total time [36m3188.8[0ms
Estimated time remaining in training: [36m0[0mh [36m50[0mm [36m28[0ms
LR dropped to [36m0.00048438716[0m
superbatch [36m160[0m [[35m0.0[0m% ([36m0[0m/[36m763[0m batches, [36m4833484[0m pos/sec)]
Estimated time to end of superbatch: [36minf[0ms     [Fsuperbatch [36m160[0m [[35m16.8[0m% ([36m128[0m/[36m763[0m batches, [36m4807038[0m pos/sec)]
Estimated time to end of superbatch: [36m17.4[0ms     [Fsuperbatch [36m160[0m [[35m33.6[0m% ([36m256[0m/[36m763[0m batches, [36m4869860[0m pos/sec)]
Estimated time to end of superbatch: [36m13.7[0ms     [Fsuperbatch [36m160[0m [[35m50.3[0m% ([36m384[0m/[36m763[0m batches, [36m4928853[0m pos/sec)]
Estimated time to end of superbatch: [36m10.1[0ms     [Fsuperbatch [36m160[0m [[35m67.1[0m% ([36m512[0m/[36m763[0m batches, [36m4954058[0m pos/sec)]
Estimated time to end of superbatch: [36m6.7[0ms     [Fsuperbatch [36m160[0m [[35m83.9[0m% ([36m640[0m/[36m763[0m batches, [36m4917080[0m pos/sec)]
Estimated time to end of superbatch: [36m3.3[0ms     [Fsuperbatch [36m160[0m | time [36m20.3[0ms | running loss [36m0.014799[0m | [36m4925128[0m pos/sec | total time [36m3209.1[0ms
Estimated time remaining in training: [36m0[0mh [36m50[0mm [36m8[0ms
Saved [anna-v3q-s1-160]
LR dropped to [36m0.00048116455[0m
superbatch [36m161[0m [[35m0.0[0m% ([36m0[0m/[36m763[0m batches, [36m5668814[0m pos/sec)]
Estimated time to end of superbatch: [36minf[0ms     [Fsuperbatch [36m161[0m [[35m16.8[0m% ([36m128[0m/[36m763[0m batches, [36m5656540[0m pos/sec)]
Estimated time to end of superbatch: [36m14.8[0ms     [Fsuperbatch [36m161[0m [[35m33.6[0m% ([36m256[0m/[36m763[0m batches, [36m5677224[0m pos/sec)]
Estimated time to end of superbatch: [36m11.8[0ms     [Fsuperbatch [36m161[0m [[35m50.3[0m% ([36m384[0m/[36m763[0m batches, [36m5656944[0m pos/sec)]
Estimated time to end of superbatch: [36m8.8[0ms     [Fsuperbatch [36m161[0m [[35m67.1[0m% ([36m512[0m/[36m763[0m batches, [36m5453397[0m pos/sec)]
Estimated time to end of superbatch: [36m6.0[0ms     [Fsuperbatch [36m161[0m [[35m83.9[0m% ([36m640[0m/[36m763[0m batches, [36m5380582[0m pos/sec)]
Estimated time to end of superbatch: [36m3.0[0ms     [Fsuperbatch [36m161[0m | time [36m18.8[0ms | running loss [36m0.014616[0m | [36m5328230[0m pos/sec | total time [36m3229.2[0ms
Estimated time remaining in training: [36m0[0mh [36m49[0mm [36m48[0ms
LR dropped to [36m0.000477942[0m
superbatch [36m162[0m [[35m0.0[0m% ([36m0[0m/[36m763[0m batches, [36m5395188[0m pos/sec)]
Estimated time to end of superbatch: [36minf[0ms     [Fsuperbatch [36m162[0m [[35m16.8[0m% ([36m128[0m/[36m763[0m batches, [36m4777278[0m pos/sec)]
Estimated time to end of superbatch: [36m17.6[0ms     [Fsuperbatch [36m162[0m [[35m33.6[0m% ([36m256[0m/[36m763[0m batches, [36m4836399[0m pos/sec)]
Estimated time to end of superbatch: [36m13.8[0ms     [Fsuperbatch [36m162[0m [[35m50.3[0m% ([36m384[0m/[36m763[0m batches, [36m4911930[0m pos/sec)]
Estimated time to end of superbatch: [36m10.1[0ms     [Fsuperbatch [36m162[0m [[35m67.1[0m% ([36m512[0m/[36m763[0m batches, [36m4948634[0m pos/sec)]
Estimated time to end of superbatch: [36m6.7[0ms     [Fsuperbatch [36m162[0m [[35m83.9[0m% ([36m640[0m/[36m763[0m batches, [36m4924312[0m pos/sec)]
Estimated time to end of superbatch: [36m3.3[0ms     [Fsuperbatch [36m162[0m | time [36m20.4[0ms | running loss [36m0.014841[0m | [36m4910893[0m pos/sec | total time [36m3249.6[0ms
Estimated time remaining in training: [36m0[0mh [36m49[0mm [36m28[0ms
LR dropped to [36m0.0004747194[0m
superbatch [36m163[0m [[35m0.0[0m% ([36m0[0m/[36m763[0m batches, [36m4952738[0m pos/sec)]
Estimated time to end of superbatch: [36minf[0ms     [Fsuperbatch [36m163[0m [[35m16.8[0m% ([36m128[0m/[36m763[0m batches, [36m5046536[0m pos/sec)]
Estimated time to end of superbatch: [36m16.6[0ms     [Fsuperbatch [36m163[0m [[35m33.6[0m% ([36m256[0m/[36m763[0m batches, [36m5089756[0m pos/sec)]
Estimated time to end of superbatch: [36m13.1[0ms     [Fsuperbatch [36m163[0m [[35m50.3[0m% ([36m384[0m/[36m763[0m batches, [36m4956420[0m pos/sec)]
Estimated time to end of superbatch: [36m10.0[0ms     [Fsuperbatch [36m163[0m [[35m67.1[0m% ([36m512[0m/[36m763[0m batches, [36m4955918[0m pos/sec)]
Estimated time to end of superbatch: [36m6.7[0ms     [Fsuperbatch [36m163[0m [[35m83.9[0m% ([36m640[0m/[36m763[0m batches, [36m4966626[0m pos/sec)]
Estimated time to end of superbatch: [36m3.3[0ms     [Fsuperbatch [36m163[0m | time [36m20.1[0ms | running loss [36m0.014668[0m | [36m4977606[0m pos/sec | total time [36m3269.7[0ms
Estimated time remaining in training: [36m0[0mh [36m49[0mm [36m8[0ms
LR dropped to [36m0.00047149684[0m
superbatch [36m164[0m [[35m0.0[0m% ([36m0[0m/[36m763[0m batches, [36m4332380[0m pos/sec)]
Estimated time to end of superbatch: [36minf[0ms     [Fsuperbatch [36m164[0m [[35m16.8[0m% ([36m128[0m/[36m763[0m batches, [36m4765814[0m pos/sec)]
Estimated time to end of superbatch: [36m17.6[0ms     [Fsuperbatch [36m164[0m [[35m33.6[0m% ([36m256[0m/[36m763[0m batches, [36m4811970[0m pos/sec)]
Estimated time to end of superbatch: [36m13.9[0ms     [Fsuperbatch [36m164[0m [[35m50.3[0m% ([36m384[0m/[36m763[0m batches, [36m4898532[0m pos/sec)]
Estimated time to end of superbatch: [36m10.2[0ms     [Fsuperbatch [36m164[0m [[35m67.1[0m% ([36m512[0m/[36m763[0m batches, [36m4958425[0m pos/sec)]
Estimated time to end of superbatch: [36m6.6[0ms     [Fsuperbatch [36m164[0m [[35m83.9[0m% ([36m640[0m/[36m763[0m batches, [36m4949740[0m pos/sec)]
Estimated time to end of superbatch: [36m3.3[0ms     [Fsuperbatch [36m164[0m | time [36m20.2[0ms | running loss [36m0.014887[0m | [36m4954086[0m pos/sec | total time [36m3289.9[0ms
Estimated time remaining in training: [36m0[0mh [36m48[0mm [36m48[0ms
LR dropped to [36m0.00046827417[0m
superbatch [36m165[0m [[35m0.0[0m% ([36m0[0m/[36m763[0m batches, [36m5286401[0m pos/sec)]
Estimated time to end of superbatch: [36minf[0ms     [Fsuperbatch [36m165[0m [[35m16.8[0m% ([36m128[0m/[36m763[0m batches, [36m5061280[0m pos/sec)]
Estimated time to end of superbatch: [36m16.6[0ms     [Fsuperbatch [36m165[0m [[35m33.6[0m% ([36m256[0m/[36m763[0m batches, [36m5114500[0m pos/sec)]
Estimated time to end of superbatch: [36m13.0[0ms     [Fsuperbatch [36m165[0m [[35m50.3[0m% ([36m384[0m/[36m763[0m batches, [36m4987780[0m pos/sec)]
Estimated time to end of superbatch: [36m10.0[0ms     [Fsuperbatch [36m165[0m [[35m67.1[0m% ([36m512[0m/[36m763[0m batches, [36m4954826[0m pos/sec)]
Estimated time to end of superbatch: [36m6.7[0ms     [Fsuperbatch [36m165[0m [[35m83.9[0m% ([36m640[0m/[36m763[0m batches, [36m4976078[0m pos/sec)]
Estimated time to end of superbatch: [36m3.2[0ms     [Fsuperbatch [36m165[0m | time [36m20.0[0ms | running loss [36m0.014758[0m | [36m4988382[0m pos/sec | total time [36m3309.9[0ms
Estimated time remaining in training: [36m0[0mh [36m48[0mm [36m28[0ms
LR dropped to [36m0.00046505162[0m
superbatch [36m166[0m [[35m0.0[0m% ([36m0[0m/[36m763[0m batches, [36m5444826[0m pos/sec)]
Estimated time to end of superbatch: [36minf[0ms     [Fsuperbatch [36m166[0m [[35m16.8[0m% ([36m128[0m/[36m763[0m batches, [36m5024076[0m pos/sec)]
Estimated time to end of superbatch: [36m16.7[0ms     [Fsuperbatch [36m166[0m [[35m33.6[0m% ([36m256[0m/[36m763[0m batches, [36m4977690[0m pos/sec)]
Estimated time to end of superbatch: [36m13.4[0ms     [Fsuperbatch [36m166[0m [[35m50.3[0m% ([36m384[0m/[36m763[0m batches, [36m5009976[0m pos/sec)]
Estimated time to end of superbatch: [36m9.9[0ms     [Fsuperbatch [36m166[0m [[35m67.1[0m% ([36m512[0m/[36m763[0m batches, [36m5032642[0m pos/sec)]
Estimated time to end of superbatch: [36m6.5[0ms     [Fsuperbatch [36m166[0m [[35m83.9[0m% ([36m640[0m/[36m763[0m batches, [36m5013941[0m pos/sec)]
Estimated time to end of superbatch: [36m3.2[0ms     [Fsuperbatch [36m166[0m | time [36m20.0[0ms | running loss [36m0.014979[0m | [36m4998315[0m pos/sec | total time [36m3329.9[0ms
Estimated time remaining in training: [36m0[0mh [36m48[0mm [36m8[0ms
LR dropped to [36m0.000461829[0m
superbatch [36m167[0m [[35m0.0[0m% ([36m0[0m/[36m763[0m batches, [36m3910762[0m pos/sec)]
Estimated time to end of superbatch: [36minf[0ms     [Fsuperbatch [36m167[0m [[35m16.8[0m% ([36m128[0m/[36m763[0m batches, [36m5059295[0m pos/sec)]
Estimated time to end of superbatch: [36m16.6[0ms     [Fsuperbatch [36m167[0m [[35m33.6[0m% ([36m256[0m/[36m763[0m batches, [36m5115854[0m pos/sec)]
Estimated time to end of superbatch: [36m13.0[0ms     [Fsuperbatch [36m167[0m [[35m50.3[0m% ([36m384[0m/[36m763[0m batches, [36m5022122[0m pos/sec)]
Estimated time to end of superbatch: [36m9.9[0ms     [Fsuperbatch [36m167[0m [[35m67.1[0m% ([36m512[0m/[36m763[0m batches, [36m4948482[0m pos/sec)]
Estimated time to end of superbatch: [36m6.7[0ms     [Fsuperbatch [36m167[0m [[35m83.9[0m% ([36m640[0m/[36m763[0m batches, [36m4971825[0m pos/sec)]
Estimated time to end of superbatch: [36m3.2[0ms     [Fsuperbatch [36m167[0m | time [36m20.0[0ms | running loss [36m0.014850[0m | [36m4992990[0m pos/sec | total time [36m3349.9[0ms
Estimated time remaining in training: [36m0[0mh [36m47[0mm [36m48[0ms
LR dropped to [36m0.00045860646[0m
superbatch [36m168[0m [[35m0.0[0m% ([36m0[0m/[36m763[0m batches, [36m4650417[0m pos/sec)]
Estimated time to end of superbatch: [36minf[0ms     [Fsuperbatch [36m168[0m [[35m16.8[0m% ([36m128[0m/[36m763[0m batches, [36m5006828[0m pos/sec)]
Estimated time to end of superbatch: [36m16.8[0ms     [Fsuperbatch [36m168[0m [[35m33.6[0m% ([36m256[0m/[36m763[0m batches, [36m4988821[0m pos/sec)]
Estimated time to end of superbatch: [36m13.4[0ms     [Fsuperbatch [36m168[0m [[35m50.3[0m% ([36m384[0m/[36m763[0m batches, [36m5021294[0m pos/sec)]
Estimated time to end of superbatch: [36m9.9[0ms     [Fsuperbatch [36m168[0m [[35m67.1[0m% ([36m512[0m/[36m763[0m batches, [36m5034256[0m pos/sec)]
Estimated time to end of superbatch: [36m6.5[0ms     [Fsuperbatch [36m168[0m [[35m83.9[0m% ([36m640[0m/[36m763[0m batches, [36m5025006[0m pos/sec)]
Estimated time to end of superbatch: [36m3.2[0ms     [Fsuperbatch [36m168[0m | time [36m19.9[0ms | running loss [36m0.015030[0m | [36m5017185[0m pos/sec | total time [36m3369.9[0ms
Estimated time remaining in training: [36m0[0mh [36m47[0mm [36m28[0ms
LR dropped to [36m0.00045538385[0m
superbatch [36m169[0m [[35m0.0[0m% ([36m0[0m/[36m763[0m batches, [36m5554705[0m pos/sec)]
Estimated time to end of superbatch: [36minf[0ms     [Fsuperbatch [36m169[0m [[35m16.8[0m% ([36m128[0m/[36m763[0m batches, [36m5096160[0m pos/sec)]
Estimated time to end of superbatch: [36m16.5[0ms     [Fsuperbatch [36m169[0m [[35m33.6[0m% ([36m256[0m/[36m763[0m batches, [36m5114868[0m pos/sec)]
Estimated time to end of superbatch: [36m13.0[0ms     [Fsuperbatch [36m169[0m [[35m50.3[0m% ([36m384[0m/[36m763[0m batches, [36m5054173[0m pos/sec)]
Estimated time to end of superbatch: [36m9.9[0ms     [Fsuperbatch [36m169[0m [[35m67.1[0m% ([36m512[0m/[36m763[0m batches, [36m5012136[0m pos/sec)]
Estimated time to end of superbatch: [36m6.6[0ms     [Fsuperbatch [36m169[0m [[35m83.9[0m% ([36m640[0m/[36m763[0m batches, [36m5024078[0m pos/sec)]
Estimated time to end of superbatch: [36m3.2[0ms     [Fsuperbatch [36m169[0m | time [36m19.9[0ms | running loss [36m0.014889[0m | [36m5035529[0m pos/sec | total time [36m3389.7[0ms
Estimated time remaining in training: [36m0[0mh [36m47[0mm [36m8[0ms
LR dropped to [36m0.0004521613[0m
superbatch [36m170[0m [[35m0.0[0m% ([36m0[0m/[36m763[0m batches, [36m5506725[0m pos/sec)]
Estimated time to end of superbatch: [36minf[0ms     [Fsuperbatch [36m170[0m [[35m16.8[0m% ([36m128[0m/[36m763[0m batches, [36m4947951[0m pos/sec)]
Estimated time to end of superbatch: [36m17.0[0ms     [Fsuperbatch [36m170[0m [[35m33.6[0m% ([36m256[0m/[36m763[0m batches, [36m4889489[0m pos/sec)]
Estimated time to end of superbatch: [36m13.6[0ms     [Fsuperbatch [36m170[0m [[35m50.3[0m% ([36m384[0m/[36m763[0m batches, [36m4983428[0m pos/sec)]
Estimated time to end of superbatch: [36m10.0[0ms     [Fsuperbatch [36m170[0m [[35m67.1[0m% ([36m512[0m/[36m763[0m batches, [36m5005883[0m pos/sec)]
Estimated time to end of superbatch: [36m6.6[0ms     [Fsuperbatch [36m170[0m [[35m83.9[0m% ([36m640[0m/[36m763[0m batches, [36m5001535[0m pos/sec)]
Estimated time to end of superbatch: [36m3.2[0ms     [Fsuperbatch [36m170[0m | time [36m20.1[0ms | running loss [36m0.015130[0m | [36m4971948[0m pos/sec | total time [36m3409.8[0ms
Estimated time remaining in training: [36m0[0mh [36m46[0mm [36m48[0ms
Saved [anna-v3q-s1-170]
LR dropped to [36m0.00044893875[0m
superbatch [36m171[0m [[35m0.0[0m% ([36m0[0m/[36m763[0m batches, [36m5663528[0m pos/sec)]
Estimated time to end of superbatch: [36minf[0ms     [Fsuperbatch [36m171[0m [[35m16.8[0m% ([36m128[0m/[36m763[0m batches, [36m5662720[0m pos/sec)]
Estimated time to end of superbatch: [36m14.8[0ms     [Fsuperbatch [36m171[0m [[35m33.6[0m% ([36m256[0m/[36m763[0m batches, [36m5692728[0m pos/sec)]
Estimated time to end of superbatch: [36m11.7[0ms     [Fsuperbatch [36m171[0m [[35m50.3[0m% ([36m384[0m/[36m763[0m batches, [36m5680338[0m pos/sec)]
Estimated time to end of superbatch: [36m8.8[0ms     [Fsuperbatch [36m171[0m [[35m67.1[0m% ([36m512[0m/[36m763[0m batches, [36m5578600[0m pos/sec)]
Estimated time to end of superbatch: [36m5.9[0ms     [Fsuperbatch [36m171[0m [[35m83.9[0m% ([36m640[0m/[36m763[0m batches, [36m5463440[0m pos/sec)]
Estimated time to end of superbatch: [36m3.0[0ms     [Fsuperbatch [36m171[0m | time [36m18.5[0ms | running loss [36m0.015085[0m | [36m5396520[0m pos/sec | total time [36m3429.7[0ms
Estimated time remaining in training: [36m0[0mh [36m46[0mm [36m27[0ms
LR dropped to [36m0.00044571614[0m
superbatch [36m172[0m [[35m0.0[0m% ([36m0[0m/[36m763[0m batches, [36m5496958[0m pos/sec)]
Estimated time to end of superbatch: [36minf[0ms     [Fsuperbatch [36m172[0m [[35m16.8[0m% ([36m128[0m/[36m763[0m batches, [36m5035956[0m pos/sec)]
Estimated time to end of superbatch: [36m16.7[0ms     [Fsuperbatch [36m172[0m [[35m33.6[0m% ([36m256[0m/[36m763[0m batches, [36m4894564[0m pos/sec)]
Estimated time to end of superbatch: [36m13.6[0ms     [Fsuperbatch [36m172[0m [[35m50.3[0m% ([36m384[0m/[36m763[0m batches, [36m4959283[0m pos/sec)]
Estimated time to end of superbatch: [36m10.0[0ms     [Fsuperbatch [36m172[0m [[35m67.1[0m% ([36m512[0m/[36m763[0m batches, [36m4992590[0m pos/sec)]
Estimated time to end of superbatch: [36m6.6[0ms     [Fsuperbatch [36m172[0m [[35m83.9[0m% ([36m640[0m/[36m763[0m batches, [36m4984360[0m pos/sec)]
Estimated time to end of superbatch: [36m3.2[0ms     [Fsuperbatch [36m172[0m | time [36m20.2[0ms | running loss [36m0.015252[0m | [36m4953980[0m pos/sec | total time [36m3449.9[0ms
Estimated time remaining in training: [36m0[0mh [36m46[0mm [36m7[0ms
LR dropped to [36m0.0004424936[0m
superbatch [36m173[0m [[35m0.0[0m% ([36m0[0m/[36m763[0m batches, [36m5413170[0m pos/sec)]
Estimated time to end of superbatch: [36minf[0ms     [Fsuperbatch [36m173[0m [[35m16.8[0m% ([36m128[0m/[36m763[0m batches, [36m5093880[0m pos/sec)]
Estimated time to end of superbatch: [36m16.5[0ms     [Fsuperbatch [36m173[0m [[35m33.6[0m% ([36m256[0m/[36m763[0m batches, [36m5078931[0m pos/sec)]
Estimated time to end of superbatch: [36m13.1[0ms     [Fsuperbatch [36m173[0m [[35m50.3[0m% ([36m384[0m/[36m763[0m batches, [36m5016442[0m pos/sec)]
Estimated time to end of superbatch: [36m9.9[0ms     [Fsuperbatch [36m173[0m [[35m67.1[0m% ([36m512[0m/[36m763[0m batches, [36m4955795[0m pos/sec)]
Estimated time to end of superbatch: [36m6.7[0ms     [Fsuperbatch [36m173[0m [[35m83.9[0m% ([36m640[0m/[36m763[0m batches, [36m4986171[0m pos/sec)]
Estimated time to end of superbatch: [36m3.2[0ms     [Fsuperbatch [36m173[0m | time [36m20.1[0ms | running loss [36m0.015182[0m | [36m4983914[0m pos/sec | total time [36m3469.9[0ms
Estimated time remaining in training: [36m0[0mh [36m45[0mm [36m47[0ms
LR dropped to [36m0.00043927098[0m
superbatch [36m174[0m [[35m0.0[0m% ([36m0[0m/[36m763[0m batches, [36m4652766[0m pos/sec)]
Estimated time to end of superbatch: [36minf[0ms     [Fsuperbatch [36m174[0m [[35m16.8[0m% ([36m128[0m/[36m763[0m batches, [36m4972181[0m pos/sec)]
Estimated time to end of superbatch: [36m16.9[0ms     [Fsuperbatch [36m174[0m [[35m33.6[0m% ([36m256[0m/[36m763[0m batches, [36m4872615[0m pos/sec)]
Estimated time to end of superbatch: [36m13.7[0ms     [Fsuperbatch [36m174[0m [[35m50.3[0m% ([36m384[0m/[36m763[0m batches, [36m4930206[0m pos/sec)]
Estimated time to end of superbatch: [36m10.1[0ms     [Fsuperbatch [36m174[0m [[35m67.1[0m% ([36m512[0m/[36m763[0m batches, [36m4957862[0m pos/sec)]
Estimated time to end of superbatch: [36m6.6[0ms     [Fsuperbatch [36m174[0m [[35m83.9[0m% ([36m640[0m/[36m763[0m batches, [36m4963365[0m pos/sec)]
Estimated time to end of superbatch: [36m3.3[0ms     [Fsuperbatch [36m174[0m | time [36m20.3[0ms | running loss [36m0.015298[0m | [36m4930669[0m pos/sec | total time [36m3490.2[0ms
Estimated time remaining in training: [36m0[0mh [36m45[0mm [36m27[0ms
LR dropped to [36m0.00043604843[0m
superbatch [36m175[0m [[35m0.0[0m% ([36m0[0m/[36m763[0m batches, [36m4834553[0m pos/sec)]
Estimated time to end of superbatch: [36minf[0ms     [Fsuperbatch [36m175[0m [[35m16.8[0m% ([36m128[0m/[36m763[0m batches, [36m5078864[0m pos/sec)]
Estimated time to end of superbatch: [36m16.5[0ms     [Fsuperbatch [36m175[0m [[35m33.6[0m% ([36m256[0m/[36m763[0m batches, [36m5072228[0m pos/sec)]
Estimated time to end of superbatch: [36m13.2[0ms     [Fsuperbatch [36m175[0m [[35m50.3[0m% ([36m384[0m/[36m763[0m batches, [36m5079356[0m pos/sec)]
Estimated time to end of superbatch: [36m9.8[0ms     [Fsuperbatch [36m175[0m [[35m67.1[0m% ([36m512[0m/[36m763[0m batches, [36m5020556[0m pos/sec)]
Estimated time to end of superbatch: [36m6.6[0ms     [Fsuperbatch [36m175[0m [[35m83.9[0m% ([36m640[0m/[36m763[0m batches, [36m5038412[0m pos/sec)]
Estimated time to end of superbatch: [36m3.2[0ms     [Fsuperbatch [36m175[0m | time [36m19.8[0ms | running loss [36m0.015247[0m | [36m5045210[0m pos/sec | total time [36m3510.0[0ms
Estimated time remaining in training: [36m0[0mh [36m45[0mm [36m7[0ms
LR dropped to [36m0.00043282582[0m
superbatch [36m176[0m [[35m0.0[0m% ([36m0[0m/[36m763[0m batches, [36m4590802[0m pos/sec)]
Estimated time to end of superbatch: [36minf[0ms     [Fsuperbatch [36m176[0m [[35m16.8[0m% ([36m128[0m/[36m763[0m batches, [36m5080956[0m pos/sec)]
Estimated time to end of superbatch: [36m16.5[0ms     [Fsuperbatch [36m176[0m [[35m33.6[0m% ([36m256[0m/[36m763[0m batches, [36m4991502[0m pos/sec)]
Estimated time to end of superbatch: [36m13.4[0ms     [Fsuperbatch [36m176[0m [[35m50.3[0m% ([36m384[0m/[36m763[0m batches, [36m5005229[0m pos/sec)]
Estimated time to end of superbatch: [36m10.0[0ms     [Fsuperbatch [36m176[0m [[35m67.1[0m% ([36m512[0m/[36m763[0m batches, [36m5035658[0m pos/sec)]
Estimated time to end of superbatch: [36m6.5[0ms     [Fsuperbatch [36m176[0m [[35m83.9[0m% ([36m640[0m/[36m763[0m batches, [36m5030792[0m pos/sec)]
Estimated time to end of superbatch: [36m3.2[0ms     [Fsuperbatch [36m176[0m | time [36m19.9[0ms | running loss [36m0.015385[0m | [36m5024434[0m pos/sec | total time [36m3529.9[0ms
Estimated time remaining in training: [36m0[0mh [36m44[0mm [36m47[0ms
LR dropped to [36m0.00042960327[0m
superbatch [36m177[0m [[35m0.0[0m% ([36m0[0m/[36m763[0m batches, [36m5136848[0m pos/sec)]
Estimated time to end of superbatch: [36minf[0ms     [Fsuperbatch [36m177[0m [[35m16.8[0m% ([36m128[0m/[36m763[0m batches, [36m4985359[0m pos/sec)]
Estimated time to end of superbatch: [36m16.8[0ms     [Fsuperbatch [36m177[0m [[35m33.6[0m% ([36m256[0m/[36m763[0m batches, [36m5040823[0m pos/sec)]
Estimated time to end of superbatch: [36m13.2[0ms     [Fsuperbatch [36m177[0m [[35m50.3[0m% ([36m384[0m/[36m763[0m batches, [36m5006718[0m pos/sec)]
Estimated time to end of superbatch: [36m9.9[0ms     [Fsuperbatch [36m177[0m [[35m67.1[0m% ([36m512[0m/[36m763[0m batches, [36m4918932[0m pos/sec)]
Estimated time to end of superbatch: [36m6.7[0ms     [Fsuperbatch [36m177[0m [[35m83.9[0m% ([36m640[0m/[36m763[0m batches, [36m4939532[0m pos/sec)]
Estimated time to end of superbatch: [36m3.3[0ms     [Fsuperbatch [36m177[0m | time [36m20.2[0ms | running loss [36m0.015321[0m | [36m4957775[0m pos/sec | total time [36m3550.1[0ms
Estimated time remaining in training: [36m0[0mh [36m44[0mm [36m27[0ms
LR dropped to [36m0.00042638066[0m
superbatch [36m178[0m [[35m0.0[0m% ([36m0[0m/[36m763[0m batches, [36m4255919[0m pos/sec)]
Estimated time to end of superbatch: [36minf[0ms     [Fsuperbatch [36m178[0m [[35m16.8[0m% ([36m128[0m/[36m763[0m batches, [36m5043742[0m pos/sec)]
Estimated time to end of superbatch: [36m16.6[0ms     [Fsuperbatch [36m178[0m [[35m33.6[0m% ([36m256[0m/[36m763[0m batches, [36m4980965[0m pos/sec)]
Estimated time to end of superbatch: [36m13.4[0ms     [Fsuperbatch [36m178[0m [[35m50.3[0m% ([36m384[0m/[36m763[0m batches, [36m5004476[0m pos/sec)]
Estimated time to end of superbatch: [36m10.0[0ms     [Fsuperbatch [36m178[0m [[35m67.1[0m% ([36m512[0m/[36m763[0m batches, [36m5035577[0m pos/sec)]
Estimated time to end of superbatch: [36m6.5[0ms     [Fsuperbatch [36m178[0m [[35m83.9[0m% ([36m640[0m/[36m763[0m batches, [36m5036172[0m pos/sec)]
Estimated time to end of superbatch: [36m3.2[0ms     [Fsuperbatch [36m178[0m | time [36m20.0[0ms | running loss [36m0.015390[0m | [36m5010436[0m pos/sec | total time [36m3570.1[0ms
Estimated time remaining in training: [36m0[0mh [36m44[0mm [36m7[0ms
LR dropped to [36m0.0004231581[0m
superbatch [36m179[0m [[35m0.0[0m% ([36m0[0m/[36m763[0m batches, [36m5420898[0m pos/sec)]
Estimated time to end of superbatch: [36minf[0ms     [Fsuperbatch [36m179[0m [[35m16.8[0m% ([36m128[0m/[36m763[0m batches, [36m4995338[0m pos/sec)]
Estimated time to end of superbatch: [36m16.8[0ms     [Fsuperbatch [36m179[0m [[35m33.6[0m% ([36m256[0m/[36m763[0m batches, [36m5034054[0m pos/sec)]
Estimated time to end of superbatch: [36m13.3[0ms     [Fsuperbatch [36m179[0m [[35m50.3[0m% ([36m384[0m/[36m763[0m batches, [36m5044860[0m pos/sec)]
Estimated time to end of superbatch: [36m9.9[0ms     [Fsuperbatch [36m179[0m [[35m67.1[0m% ([36m512[0m/[36m763[0m batches, [36m5000395[0m pos/sec)]
Estimated time to end of superbatch: [36m6.6[0ms     [Fsuperbatch [36m179[0m [[35m83.9[0m% ([36m640[0m/[36m763[0m batches, [36m5000022[0m pos/sec)]
Estimated time to end of superbatch: [36m3.2[0ms     [Fsuperbatch [36m179[0m | time [36m19.9[0ms | running loss [36m0.015369[0m | [36m5016718[0m pos/sec | total time [36m3590.0[0ms
Estimated time remaining in training: [36m0[0mh [36m43[0mm [36m47[0ms
LR dropped to [36m0.0004199355[0m
superbatch [36m180[0m [[35m0.0[0m% ([36m0[0m/[36m763[0m batches, [36m5592598[0m pos/sec)]
Estimated time to end of superbatch: [36minf[0ms     [Fsuperbatch [36m180[0m [[35m16.8[0m% ([36m128[0m/[36m763[0m batches, [36m5108646[0m pos/sec)]
Estimated time to end of superbatch: [36m16.4[0ms     [Fsuperbatch [36m180[0m [[35m33.6[0m% ([36m256[0m/[36m763[0m batches, [36m5015362[0m pos/sec)]
Estimated time to end of superbatch: [36m13.3[0ms     [Fsuperbatch [36m180[0m [[35m50.3[0m% ([36m384[0m/[36m763[0m batches, [36m5020866[0m pos/sec)]
Estimated time to end of superbatch: [36m9.9[0ms     [Fsuperbatch [36m180[0m [[35m67.1[0m% ([36m512[0m/[36m763[0m batches, [36m5030378[0m pos/sec)]
Estimated time to end of superbatch: [36m6.6[0ms     [Fsuperbatch [36m180[0m [[35m83.9[0m% ([36m640[0m/[36m763[0m batches, [36m5027790[0m pos/sec)]
Estimated time to end of superbatch: [36m3.2[0ms     [Fsuperbatch [36m180[0m | time [36m20.0[0ms | running loss [36m0.015445[0m | [36m5006397[0m pos/sec | total time [36m3610.0[0ms
Estimated time remaining in training: [36m0[0mh [36m43[0mm [36m27[0ms
Saved [anna-v3q-s1-180]
LR dropped to [36m0.00041671295[0m
superbatch [36m181[0m [[35m0.0[0m% ([36m0[0m/[36m763[0m batches, [36m5481596[0m pos/sec)]
Estimated time to end of superbatch: [36minf[0ms     [Fsuperbatch [36m181[0m [[35m16.8[0m% ([36m128[0m/[36m763[0m batches, [36m5707282[0m pos/sec)]
Estimated time to end of superbatch: [36m14.7[0ms     [Fsuperbatch [36m181[0m [[35m33.6[0m% ([36m256[0m/[36m763[0m batches, [36m5690786[0m pos/sec)]
Estimated time to end of superbatch: [36m11.7[0ms     [Fsuperbatch [36m181[0m [[35m50.3[0m% ([36m384[0m/[36m763[0m batches, [36m5697700[0m pos/sec)]
Estimated time to end of superbatch: [36m8.7[0ms     [Fsuperbatch [36m181[0m [[35m67.1[0m% ([36m512[0m/[36m763[0m batches, [36m5684588[0m pos/sec)]
Estimated time to end of superbatch: [36m5.8[0ms     [Fsuperbatch [36m181[0m [[35m83.9[0m% ([36m640[0m/[36m763[0m batches, [36m5681632[0m pos/sec)]
Estimated time to end of superbatch: [36m2.8[0ms     [Fsuperbatch [36m181[0m | time [36m17.6[0ms | running loss [36m0.015437[0m | [36m5680892[0m pos/sec | total time [36m3628.9[0ms
Estimated time remaining in training: [36m0[0mh [36m43[0mm [36m6[0ms
LR dropped to [36m0.00041349034[0m
superbatch [36m182[0m [[35m0.0[0m% ([36m0[0m/[36m763[0m batches, [36m5627975[0m pos/sec)]
Estimated time to end of superbatch: [36minf[0ms     [Fsuperbatch [36m182[0m [[35m16.8[0m% ([36m128[0m/[36m763[0m batches, [36m5670405[0m pos/sec)]
Estimated time to end of superbatch: [36m14.8[0ms     [Fsuperbatch [36m182[0m [[35m33.6[0m% ([36m256[0m/[36m763[0m batches, [36m5306294[0m pos/sec)]
Estimated time to end of superbatch: [36m12.6[0ms     [Fsuperbatch [36m182[0m [[35m50.3[0m% ([36m384[0m/[36m763[0m batches, [36m5203448[0m pos/sec)]
Estimated time to end of superbatch: [36m9.6[0ms     [Fsuperbatch [36m182[0m [[35m67.1[0m% ([36m512[0m/[36m763[0m batches, [36m5180008[0m pos/sec)]
Estimated time to end of superbatch: [36m6.4[0ms     [Fsuperbatch [36m182[0m [[35m83.9[0m% ([36m640[0m/[36m763[0m batches, [36m5149239[0m pos/sec)]
Estimated time to end of superbatch: [36m3.1[0ms     [Fsuperbatch [36m182[0m | time [36m19.6[0ms | running loss [36m0.015497[0m | [36m5104714[0m pos/sec | total time [36m3648.5[0ms
Estimated time remaining in training: [36m0[0mh [36m42[0mm [36m46[0ms
LR dropped to [36m0.0004102678[0m
superbatch [36m183[0m [[35m0.0[0m% ([36m0[0m/[36m763[0m batches, [36m5188256[0m pos/sec)]
Estimated time to end of superbatch: [36minf[0ms     [Fsuperbatch [36m183[0m [[35m16.8[0m% ([36m128[0m/[36m763[0m batches, [36m5016924[0m pos/sec)]
Estimated time to end of superbatch: [36m16.7[0ms     [Fsuperbatch [36m183[0m [[35m33.6[0m% ([36m256[0m/[36m763[0m batches, [36m5027912[0m pos/sec)]
Estimated time to end of superbatch: [36m13.3[0ms     [Fsuperbatch [36m183[0m [[35m50.3[0m% ([36m384[0m/[36m763[0m batches, [36m5031938[0m pos/sec)]
Estimated time to end of superbatch: [36m9.9[0ms     [Fsuperbatch [36m183[0m [[35m67.1[0m% ([36m512[0m/[36m763[0m batches, [36m5002540[0m pos/sec)]
Estimated time to end of superbatch: [36m6.6[0ms     [Fsuperbatch [36m183[0m [[35m83.9[0m% ([36m640[0m/[36m763[0m batches, [36m5001355[0m pos/sec)]
Estimated time to end of superbatch: [36m3.2[0ms     [Fsuperbatch [36m183[0m | time [36m20.0[0ms | running loss [36m0.015520[0m | [36m5000506[0m pos/sec | total time [36m3668.5[0ms
Estimated time remaining in training: [36m0[0mh [36m42[0mm [36m25[0ms
LR dropped to [36m0.00040704524[0m
superbatch [36m184[0m [[35m0.0[0m% ([36m0[0m/[36m763[0m batches, [36m5664392[0m pos/sec)]
Estimated time to end of superbatch: [36minf[0ms     [Fsuperbatch [36m184[0m [[35m16.8[0m% ([36m128[0m/[36m763[0m batches, [36m5062196[0m pos/sec)]
Estimated time to end of superbatch: [36m16.6[0ms     [Fsuperbatch [36m184[0m [[35m33.6[0m% ([36m256[0m/[36m763[0m batches, [36m4994144[0m pos/sec)]
Estimated time to end of superbatch: [36m13.4[0ms     [Fsuperbatch [36m184[0m [[35m50.3[0m% ([36m384[0m/[36m763[0m batches, [36m4968542[0m pos/sec)]
Estimated time to end of superbatch: [36m10.0[0ms     [Fsuperbatch [36m184[0m [[35m67.1[0m% ([36m512[0m/[36m763[0m batches, [36m5006168[0m pos/sec)]
Estimated time to end of superbatch: [36m6.6[0ms     [Fsuperbatch [36m184[0m [[35m83.9[0m% ([36m640[0m/[36m763[0m batches, [36m5018601[0m pos/sec)]
Estimated time to end of superbatch: [36m3.2[0ms     [Fsuperbatch [36m184[0m | time [36m20.0[0ms | running loss [36m0.015570[0m | [36m4997648[0m pos/sec | total time [36m3688.5[0ms
Estimated time remaining in training: [36m0[0mh [36m42[0mm [36m5[0ms
LR dropped to [36m0.00040382257[0m
superbatch [36m185[0m [[35m0.0[0m% ([36m0[0m/[36m763[0m batches, [36m4588076[0m pos/sec)]
Estimated time to end of superbatch: [36minf[0ms     [Fsuperbatch [36m185[0m [[35m16.8[0m% ([36m128[0m/[36m763[0m batches, [36m4976655[0m pos/sec)]
Estimated time to end of superbatch: [36m16.9[0ms     [Fsuperbatch [36m185[0m [[35m33.6[0m% ([36m256[0m/[36m763[0m batches, [36m5046009[0m pos/sec)]
Estimated time to end of superbatch: [36m13.2[0ms     [Fsuperbatch [36m185[0m [[35m50.3[0m% ([36m384[0m/[36m763[0m batches, [36m5068033[0m pos/sec)]
Estimated time to end of superbatch: [36m9.8[0ms     [Fsuperbatch [36m185[0m [[35m67.1[0m% ([36m512[0m/[36m763[0m batches, [36m4779247[0m pos/sec)]
Estimated time to end of superbatch: [36m6.9[0ms     [Fsuperbatch [36m185[0m [[35m83.9[0m% ([36m640[0m/[36m763[0m batches, [36m4199724[0m pos/sec)]
Estimated time to end of superbatch: [36m3.8[0ms     [Fsuperbatch [36m185[0m | time [36m24.3[0ms | running loss [36m0.015613[0m | [36m4109445[0m pos/sec | total time [36m3712.9[0ms
Estimated time remaining in training: [36m0[0mh [36m41[0mm [36m48[0ms
LR dropped to [36m0.00040060002[0m
superbatch [36m186[0m [[35m0.0[0m% ([36m0[0m/[36m763[0m batches, [36m4204918[0m pos/sec)]
Estimated time to end of superbatch: [36minf[0ms     [Fsuperbatch [36m186[0m [[35m16.8[0m% ([36m128[0m/[36m763[0m batches, [36m5021592[0m pos/sec)]
Estimated time to end of superbatch: [36m16.7[0ms     [Fsuperbatch [36m186[0m [[35m33.6[0m% ([36m256[0m/[36m763[0m batches, [36m4796135[0m pos/sec)]
Estimated time to end of superbatch: [36m13.9[0ms     [Fsuperbatch [36m186[0m [[35m50.3[0m% ([36m384[0m/[36m763[0m batches, [36m4758300[0m pos/sec)]
Estimated time to end of superbatch: [36m10.5[0ms     [Fsuperbatch [36m186[0m [[35m67.1[0m% ([36m512[0m/[36m763[0m batches, [36m4822022[0m pos/sec)]
Estimated time to end of superbatch: [36m6.8[0ms     [Fsuperbatch [36m186[0m [[35m83.9[0m% ([36m640[0m/[36m763[0m batches, [36m4861257[0m pos/sec)]
Estimated time to end of superbatch: [36m3.3[0ms     [Fsuperbatch [36m186[0m | time [36m20.6[0ms | running loss [36m0.015611[0m | [36m4844790[0m pos/sec | total time [36m3733.5[0ms
Estimated time remaining in training: [36m0[0mh [36m41[0mm [36m29[0ms
LR dropped to [36m0.00039737741[0m
superbatch [36m187[0m [[35m0.0[0m% ([36m0[0m/[36m763[0m batches, [36m5230740[0m pos/sec)]
Estimated time to end of superbatch: [36minf[0ms     [Fsuperbatch [36m187[0m [[35m16.8[0m% ([36m128[0m/[36m763[0m batches, [36m4776472[0m pos/sec)]
Estimated time to end of superbatch: [36m17.6[0ms     [Fsuperbatch [36m187[0m [[35m33.6[0m% ([36m256[0m/[36m763[0m batches, [36m4881394[0m pos/sec)]
Estimated time to end of superbatch: [36m13.7[0ms     [Fsuperbatch [36m187[0m [[35m50.3[0m% ([36m384[0m/[36m763[0m batches, [36m4908844[0m pos/sec)]
Estimated time to end of superbatch: [36m10.1[0ms     [Fsuperbatch [36m187[0m [[35m67.1[0m% ([36m512[0m/[36m763[0m batches, [36m4883020[0m pos/sec)]
Estimated time to end of superbatch: [36m6.8[0ms     [Fsuperbatch [36m187[0m [[35m83.9[0m% ([36m640[0m/[36m763[0m batches, [36m4857041[0m pos/sec)]
Estimated time to end of superbatch: [36m3.3[0ms     [Fsuperbatch [36m187[0m | time [36m20.5[0ms | running loss [36m0.015682[0m | [36m4884066[0m pos/sec | total time [36m3754.0[0ms
Estimated time remaining in training: [36m0[0mh [36m41[0mm [36m9[0ms
LR dropped to [36m0.00039415486[0m
superbatch [36m188[0m [[35m0.0[0m% ([36m0[0m/[36m763[0m batches, [36m4585838[0m pos/sec)]
Estimated time to end of superbatch: [36minf[0ms     [Fsuperbatch [36m188[0m [[35m16.8[0m% ([36m128[0m/[36m763[0m batches, [36m5048602[0m pos/sec)]
Estimated time to end of superbatch: [36m16.6[0ms     [Fsuperbatch [36m188[0m [[35m33.6[0m% ([36m256[0m/[36m763[0m batches, [36m4937193[0m pos/sec)]
Estimated time to end of superbatch: [36m13.5[0ms     [Fsuperbatch [36m188[0m [[35m50.3[0m% ([36m384[0m/[36m763[0m batches, [36m4937460[0m pos/sec)]
Estimated time to end of superbatch: [36m10.1[0ms     [Fsuperbatch [36m188[0m [[35m67.1[0m% ([36m512[0m/[36m763[0m batches, [36m4966800[0m pos/sec)]
Estimated time to end of superbatch: [36m6.6[0ms     [Fsuperbatch [36m188[0m [[35m83.9[0m% ([36m640[0m/[36m763[0m batches, [36m4990266[0m pos/sec)]
Estimated time to end of superbatch: [36m3.2[0ms     [Fsuperbatch [36m188[0m | time [36m20.1[0ms | running loss [36m0.015701[0m | [36m4964750[0m pos/sec | total time [36m3774.1[0ms
Estimated time remaining in training: [36m0[0mh [36m40[0mm [36m49[0ms
LR dropped to [36m0.00039093225[0m
superbatch [36m189[0m [[35m0.0[0m% ([36m0[0m/[36m763[0m batches, [36m4866730[0m pos/sec)]
Estimated time to end of superbatch: [36minf[0ms     [Fsuperbatch [36m189[0m [[35m16.8[0m% ([36m128[0m/[36m763[0m batches, [36m4994656[0m pos/sec)]
Estimated time to end of superbatch: [36m16.8[0ms     [Fsuperbatch [36m189[0m [[35m33.6[0m% ([36m256[0m/[36m763[0m batches, [36m5035240[0m pos/sec)]
Estimated time to end of superbatch: [36m13.2[0ms     [Fsuperbatch [36m189[0m [[35m50.3[0m% ([36m384[0m/[36m763[0m batches, [36m5069154[0m pos/sec)]
Estimated time to end of superbatch: [36m9.8[0ms     [Fsuperbatch [36m189[0m [[35m67.1[0m% ([36m512[0m/[36m763[0m batches, [36m4995336[0m pos/sec)]
Estimated time to end of superbatch: [36m6.6[0ms     [Fsuperbatch [36m189[0m [[35m83.9[0m% ([36m640[0m/[36m763[0m batches, [36m4981840[0m pos/sec)]
Estimated time to end of superbatch: [36m3.2[0ms     [Fsuperbatch [36m189[0m | time [36m20.0[0ms | running loss [36m0.015784[0m | [36m4996234[0m pos/sec | total time [36m3794.2[0ms
Estimated time remaining in training: [36m0[0mh [36m40[0mm [36m29[0ms
LR dropped to [36m0.0003877097[0m
superbatch [36m190[0m [[35m0.0[0m% ([36m0[0m/[36m763[0m batches, [36m5668824[0m pos/sec)]
Estimated time to end of superbatch: [36minf[0ms     [Fsuperbatch [36m190[0m [[35m16.8[0m% ([36m128[0m/[36m763[0m batches, [36m5056235[0m pos/sec)]
Estimated time to end of superbatch: [36m16.6[0ms     [Fsuperbatch [36m190[0m [[35m33.6[0m% ([36m256[0m/[36m763[0m batches, [36m5020584[0m pos/sec)]
Estimated time to end of superbatch: [36m13.3[0ms     [Fsuperbatch [36m190[0m [[35m50.3[0m% ([36m384[0m/[36m763[0m batches, [36m5000360[0m pos/sec)]
Estimated time to end of superbatch: [36m10.0[0ms     [Fsuperbatch [36m190[0m [[35m67.1[0m% ([36m512[0m/[36m763[0m batches, [36m5003660[0m pos/sec)]
Estimated time to end of superbatch: [36m6.6[0ms     [Fsuperbatch [36m190[0m [[35m83.9[0m% ([36m640[0m/[36m763[0m batches, [36m5017401[0m pos/sec)]
Estimated time to end of superbatch: [36m3.2[0ms     [Fsuperbatch [36m190[0m | time [36m19.9[0ms | running loss [36m0.015750[0m | [36m5031252[0m pos/sec | total time [36m3814.0[0ms
Estimated time remaining in training: [36m0[0mh [36m40[0mm [36m8[0ms
Saved [anna-v3q-s1-190]
LR dropped to [36m0.0003844871[0m
superbatch [36m191[0m [[35m0.0[0m% ([36m0[0m/[36m763[0m batches, [36m5610528[0m pos/sec)]
Estimated time to end of superbatch: [36minf[0ms     [Fsuperbatch [36m191[0m [[35m16.8[0m% ([36m128[0m/[36m763[0m batches, [36m5695201[0m pos/sec)]
Estimated time to end of superbatch: [36m14.7[0ms     [Fsuperbatch [36m191[0m [[35m33.6[0m% ([36m256[0m/[36m763[0m batches, [36m5706333[0m pos/sec)]
Estimated time to end of superbatch: [36m11.7[0ms     [Fsuperbatch [36m191[0m [[35m50.3[0m% ([36m384[0m/[36m763[0m batches, [36m5707262[0m pos/sec)]
Estimated time to end of superbatch: [36m8.7[0ms     [Fsuperbatch [36m191[0m [[35m67.1[0m% ([36m512[0m/[36m763[0m batches, [36m5697053[0m pos/sec)]
Estimated time to end of superbatch: [36m5.8[0ms     [Fsuperbatch [36m191[0m [[35m83.9[0m% ([36m640[0m/[36m763[0m batches, [36m5635920[0m pos/sec)]
Estimated time to end of superbatch: [36m2.9[0ms     [Fsuperbatch [36m191[0m | time [36m18.0[0ms | running loss [36m0.015855[0m | [36m5553462[0m pos/sec | total time [36m3833.4[0ms
Estimated time remaining in training: [36m0[0mh [36m39[0mm [36m48[0ms
LR dropped to [36m0.00038126454[0m
superbatch [36m192[0m [[35m0.0[0m% ([36m0[0m/[36m763[0m batches, [36m4338377[0m pos/sec)]
Estimated time to end of superbatch: [36minf[0ms     [Fsuperbatch [36m192[0m [[35m16.8[0m% ([36m128[0m/[36m763[0m batches, [36m5086426[0m pos/sec)]
Estimated time to end of superbatch: [36m16.5[0ms     [Fsuperbatch [36m192[0m [[35m33.6[0m% ([36m256[0m/[36m763[0m batches, [36m5068743[0m pos/sec)]
Estimated time to end of superbatch: [36m13.2[0ms     [Fsuperbatch [36m192[0m [[35m50.3[0m% ([36m384[0m/[36m763[0m batches, [36m5041006[0m pos/sec)]
Estimated time to end of superbatch: [36m9.9[0ms     [Fsuperbatch [36m192[0m [[35m67.1[0m% ([36m512[0m/[36m763[0m batches, [36m5062494[0m pos/sec)]
Estimated time to end of superbatch: [36m6.5[0ms     [Fsuperbatch [36m192[0m [[35m83.9[0m% ([36m640[0m/[36m763[0m batches, [36m5061522[0m pos/sec)]
Estimated time to end of superbatch: [36m3.2[0ms     [Fsuperbatch [36m192[0m | time [36m19.8[0ms | running loss [36m0.015827[0m | [36m5044396[0m pos/sec | total time [36m3853.3[0ms
Estimated time remaining in training: [36m0[0mh [36m39[0mm [36m28[0ms
LR dropped to [36m0.00037804194[0m
superbatch [36m193[0m [[35m0.0[0m% ([36m0[0m/[36m763[0m batches, [36m5271494[0m pos/sec)]
Estimated time to end of superbatch: [36minf[0ms     [Fsuperbatch [36m193[0m [[35m16.8[0m% ([36m128[0m/[36m763[0m batches, [36m4971034[0m pos/sec)]
Estimated time to end of superbatch: [36m16.9[0ms     [Fsuperbatch [36m193[0m [[35m33.6[0m% ([36m256[0m/[36m763[0m batches, [36m5016879[0m pos/sec)]
Estimated time to end of superbatch: [36m13.3[0ms     [Fsuperbatch [36m193[0m [[35m50.3[0m% ([36m384[0m/[36m763[0m batches, [36m5013204[0m pos/sec)]
Estimated time to end of superbatch: [36m9.9[0ms     [Fsuperbatch [36m193[0m [[35m67.1[0m% ([36m512[0m/[36m763[0m batches, [36m5009358[0m pos/sec)]
Estimated time to end of superbatch: [36m6.6[0ms     [Fsuperbatch [36m193[0m [[35m83.9[0m% ([36m640[0m/[36m763[0m batches, [36m4999766[0m pos/sec)]
Estimated time to end of superbatch: [36m3.2[0ms     [Fsuperbatch [36m193[0m | time [36m19.9[0ms | running loss [36m0.015955[0m | [36m5013463[0m pos/sec | total time [36m3873.2[0ms
Estimated time remaining in training: [36m0[0mh [36m39[0mm [36m8[0ms
LR dropped to [36m0.00037481938[0m
superbatch [36m194[0m [[35m0.0[0m% ([36m0[0m/[36m763[0m batches, [36m5595767[0m pos/sec)]
Estimated time to end of superbatch: [36minf[0ms     [Fsuperbatch [36m194[0m [[35m16.8[0m% ([36m128[0m/[36m763[0m batches, [36m5108069[0m pos/sec)]
Estimated time to end of superbatch: [36m16.4[0ms     [Fsuperbatch [36m194[0m [[35m33.6[0m% ([36m256[0m/[36m763[0m batches, [36m5071730[0m pos/sec)]
Estimated time to end of superbatch: [36m13.2[0ms     [Fsuperbatch [36m194[0m [[35m50.3[0m% ([36m384[0m/[36m763[0m batches, [36m5055698[0m pos/sec)]
Estimated time to end of superbatch: [36m9.9[0ms     [Fsuperbatch [36m194[0m [[35m67.1[0m% ([36m512[0m/[36m763[0m batches, [36m5067282[0m pos/sec)]
Estimated time to end of superbatch: [36m6.5[0ms     [Fsuperbatch [36m194[0m [[35m83.9[0m% ([36m640[0m/[36m763[0m batches, [36m5069786[0m pos/sec)]
Estimated time to end of superbatch: [36m3.2[0ms     [Fsuperbatch [36m194[0m | time [36m19.8[0ms | running loss [36m0.015885[0m | [36m5059626[0m pos/sec | total time [36m3893.0[0ms
Estimated time remaining in training: [36m0[0mh [36m38[0mm [36m47[0ms
LR dropped to [36m0.00037159678[0m
superbatch [36m195[0m [[35m0.0[0m% ([36m0[0m/[36m763[0m batches, [36m3874079[0m pos/sec)]
Estimated time to end of superbatch: [36minf[0ms     [Fsuperbatch [36m195[0m [[35m16.8[0m% ([36m128[0m/[36m763[0m batches, [36m4920744[0m pos/sec)]
Estimated time to end of superbatch: [36m17.0[0ms     [Fsuperbatch [36m195[0m [[35m33.6[0m% ([36m256[0m/[36m763[0m batches, [36m5012256[0m pos/sec)]
Estimated time to end of superbatch: [36m13.3[0ms     [Fsuperbatch [36m195[0m [[35m50.3[0m% ([36m384[0m/[36m763[0m batches, [36m5032830[0m pos/sec)]
Estimated time to end of superbatch: [36m9.9[0ms     [Fsuperbatch [36m195[0m [[35m67.1[0m% ([36m512[0m/[36m763[0m batches, [36m5038553[0m pos/sec)]
Estimated time to end of superbatch: [36m6.5[0ms     [Fsuperbatch [36m195[0m [[35m83.9[0m% ([36m640[0m/[36m763[0m batches, [36m5022748[0m pos/sec)]
Estimated time to end of superbatch: [36m3.2[0ms     [Fsuperbatch [36m195[0m | time [36m19.9[0ms | running loss [36m0.016039[0m | [36m5030035[0m pos/sec | total time [36m3912.9[0ms
Estimated time remaining in training: [36m0[0mh [36m38[0mm [36m27[0ms
LR dropped to [36m0.00036837423[0m
superbatch [36m196[0m [[35m0.0[0m% ([36m0[0m/[36m763[0m batches, [36m5453880[0m pos/sec)]
Estimated time to end of superbatch: [36minf[0ms     [Fsuperbatch [36m196[0m [[35m16.8[0m% ([36m128[0m/[36m763[0m batches, [36m5027731[0m pos/sec)]
Estimated time to end of superbatch: [36m16.7[0ms     [Fsuperbatch [36m196[0m [[35m33.6[0m% ([36m256[0m/[36m763[0m batches, [36m4984697[0m pos/sec)]
Estimated time to end of superbatch: [36m13.4[0ms     [Fsuperbatch [36m196[0m [[35m50.3[0m% ([36m384[0m/[36m763[0m batches, [36m4958900[0m pos/sec)]
Estimated time to end of superbatch: [36m10.0[0ms     [Fsuperbatch [36m196[0m [[35m67.1[0m% ([36m512[0m/[36m763[0m batches, [36m4978958[0m pos/sec)]
Estimated time to end of superbatch: [36m6.6[0ms     [Fsuperbatch [36m196[0m [[35m83.9[0m% ([36m640[0m/[36m763[0m batches, [36m4989700[0m pos/sec)]
Estimated time to end of superbatch: [36m3.2[0ms     [Fsuperbatch [36m196[0m | time [36m21.4[0ms | running loss [36m0.015961[0m | [36m4663235[0m pos/sec | total time [36m3934.3[0ms
Estimated time remaining in training: [36m0[0mh [36m38[0mm [36m8[0ms
LR dropped to [36m0.00036515162[0m
superbatch [36m197[0m [[35m0.0[0m% ([36m0[0m/[36m763[0m batches, [36m1321634[0m pos/sec)]
Estimated time to end of superbatch: [36minf[0ms     [Fsuperbatch [36m197[0m [[35m16.8[0m% ([36m128[0m/[36m763[0m batches, [36m2361147[0m pos/sec)]
Estimated time to end of superbatch: [36m35.5[0ms     [Fsuperbatch [36m197[0m [[35m33.6[0m% ([36m256[0m/[36m763[0m batches, [36m3174572[0m pos/sec)]
Estimated time to end of superbatch: [36m21.0[0ms     [Fsuperbatch [36m197[0m [[35m50.3[0m% ([36m384[0m/[36m763[0m batches, [36m3618269[0m pos/sec)]
Estimated time to end of superbatch: [36m13.8[0ms     [Fsuperbatch [36m197[0m [[35m67.1[0m% ([36m512[0m/[36m763[0m batches, [36m3884940[0m pos/sec)]
Estimated time to end of superbatch: [36m8.5[0ms     [Fsuperbatch [36m197[0m [[35m83.9[0m% ([36m640[0m/[36m763[0m batches, [36m4056361[0m pos/sec)]
Estimated time to end of superbatch: [36m4.0[0ms     [Fsuperbatch [36m197[0m | time [36m23.8[0ms | running loss [36m0.016140[0m | [36m4197576[0m pos/sec | total time [36m3958.1[0ms
Estimated time remaining in training: [36m0[0mh [36m37[0mm [36m50[0ms
LR dropped to [36m0.00036192907[0m
superbatch [36m198[0m [[35m0.0[0m% ([36m0[0m/[36m763[0m batches, [36m4471104[0m pos/sec)]
Estimated time to end of superbatch: [36minf[0ms     [Fsuperbatch [36m198[0m [[35m16.8[0m% ([36m128[0m/[36m763[0m batches, [36m5071768[0m pos/sec)]
Estimated time to end of superbatch: [36m16.5[0ms     [Fsuperbatch [36m198[0m [[35m33.6[0m% ([36m256[0m/[36m763[0m batches, [36m5064258[0m pos/sec)]
Estimated time to end of superbatch: [36m13.2[0ms     [Fsuperbatch [36m198[0m [[35m50.3[0m% ([36m384[0m/[36m763[0m batches, [36m5016089[0m pos/sec)]
Estimated time to end of superbatch: [36m9.9[0ms     [Fsuperbatch [36m198[0m [[35m67.1[0m% ([36m512[0m/[36m763[0m batches, [36m5032642[0m pos/sec)]
Estimated time to end of superbatch: [36m6.5[0ms     [Fsuperbatch [36m198[0m [[35m83.9[0m% ([36m640[0m/[36m763[0m batches, [36m5048915[0m pos/sec)]
Estimated time to end of superbatch: [36m3.2[0ms     [Fsuperbatch [36m198[0m | time [36m19.8[0ms | running loss [36m0.016096[0m | [36m5038244[0m pos/sec | total time [36m3978.0[0ms
Estimated time remaining in training: [36m0[0mh [36m37[0mm [36m30[0ms
LR dropped to [36m0.00035870651[0m
superbatch [36m199[0m [[35m0.0[0m% ([36m0[0m/[36m763[0m batches, [36m5132527[0m pos/sec)]
Estimated time to end of superbatch: [36minf[0ms     [Fsuperbatch [36m199[0m [[35m16.8[0m% ([36m128[0m/[36m763[0m batches, [36m4874916[0m pos/sec)]
Estimated time to end of superbatch: [36m17.2[0ms     [Fsuperbatch [36m199[0m [[35m33.6[0m% ([36m256[0m/[36m763[0m batches, [36m4966370[0m pos/sec)]
Estimated time to end of superbatch: [36m13.4[0ms     [Fsuperbatch [36m199[0m [[35m50.3[0m% ([36m384[0m/[36m763[0m batches, [36m4991500[0m pos/sec)]
Estimated time to end of superbatch: [36m10.0[0ms     [Fsuperbatch [36m199[0m [[35m67.1[0m% ([36m512[0m/[36m763[0m batches, [36m4989001[0m pos/sec)]
Estimated time to end of superbatch: [36m6.6[0ms     [Fsuperbatch [36m199[0m [[35m83.9[0m% ([36m640[0m/[36m763[0m batches, [36m4965178[0m pos/sec)]
Estimated time to end of superbatch: [36m3.3[0ms     [Fsuperbatch [36m199[0m | time [36m20.1[0ms | running loss [36m0.016310[0m | [36m4982338[0m pos/sec | total time [36m3998.1[0ms
Estimated time remaining in training: [36m0[0mh [36m37[0mm [36m10[0ms
LR dropped to [36m0.0003554839[0m
superbatch [36m200[0m [[35m0.0[0m% ([36m0[0m/[36m763[0m batches, [36m5516088[0m pos/sec)]
Estimated time to end of superbatch: [36minf[0ms     [Fsuperbatch [36m200[0m [[35m16.8[0m% ([36m128[0m/[36m763[0m batches, [36m5095898[0m pos/sec)]
Estimated time to end of superbatch: [36m16.5[0ms     [Fsuperbatch [36m200[0m [[35m33.6[0m% ([36m256[0m/[36m763[0m batches, [36m5049670[0m pos/sec)]
Estimated time to end of superbatch: [36m13.2[0ms     [Fsuperbatch [36m200[0m [[35m50.3[0m% ([36m384[0m/[36m763[0m batches, [36m5005313[0m pos/sec)]
Estimated time to end of superbatch: [36m10.0[0ms     [Fsuperbatch [36m200[0m [[35m67.1[0m% ([36m512[0m/[36m763[0m batches, [36m5022529[0m pos/sec)]
Estimated time to end of superbatch: [36m6.6[0ms     [Fsuperbatch [36m200[0m [[35m83.9[0m% ([36m640[0m/[36m763[0m batches, [36m5024598[0m pos/sec)]
Estimated time to end of superbatch: [36m3.2[0ms     [Fsuperbatch [36m200[0m | time [36m19.9[0ms | running loss [36m0.016196[0m | [36m5032238[0m pos/sec | total time [36m4017.9[0ms
Estimated time remaining in training: [36m0[0mh [36m36[0mm [36m49[0ms
Saved [anna-v3q-s1-200]
LR dropped to [36m0.00035226136[0m
superbatch [36m201[0m [[35m0.0[0m% ([36m0[0m/[36m763[0m batches, [36m4992206[0m pos/sec)]
Estimated time to end of superbatch: [36minf[0ms     [Fsuperbatch [36m201[0m [[35m16.8[0m% ([36m128[0m/[36m763[0m batches, [36m5649972[0m pos/sec)]
Estimated time to end of superbatch: [36m14.8[0ms     [Fsuperbatch [36m201[0m [[35m33.6[0m% ([36m256[0m/[36m763[0m batches, [36m5635707[0m pos/sec)]
Estimated time to end of superbatch: [36m11.8[0ms     [Fsuperbatch [36m201[0m [[35m50.3[0m% ([36m384[0m/[36m763[0m batches, [36m5664872[0m pos/sec)]
Estimated time to end of superbatch: [36m8.8[0ms     [Fsuperbatch [36m201[0m [[35m67.1[0m% ([36m512[0m/[36m763[0m batches, [36m5672354[0m pos/sec)]
Estimated time to end of superbatch: [36m5.8[0ms     [Fsuperbatch [36m201[0m [[35m83.9[0m% ([36m640[0m/[36m763[0m batches, [36m5555332[0m pos/sec)]
Estimated time to end of superbatch: [36m2.9[0ms     [Fsuperbatch [36m201[0m | time [36m18.3[0ms | running loss [36m0.016391[0m | [36m5467906[0m pos/sec | total time [36m4037.6[0ms
Estimated time remaining in training: [36m0[0mh [36m36[0mm [36m29[0ms
LR dropped to [36m0.00034903875[0m
superbatch [36m202[0m [[35m0.0[0m% ([36m0[0m/[36m763[0m batches, [36m5416269[0m pos/sec)]
Estimated time to end of superbatch: [36minf[0ms     [Fsuperbatch [36m202[0m [[35m16.8[0m% ([36m128[0m/[36m763[0m batches, [36m5102704[0m pos/sec)]
Estimated time to end of superbatch: [36m16.4[0ms     [Fsuperbatch [36m202[0m [[35m33.6[0m% ([36m256[0m/[36m763[0m batches, [36m5078916[0m pos/sec)]
Estimated time to end of superbatch: [36m13.1[0ms     [Fsuperbatch [36m202[0m [[35m50.3[0m% ([36m384[0m/[36m763[0m batches, [36m5028046[0m pos/sec)]
Estimated time to end of superbatch: [36m9.9[0ms     [Fsuperbatch [36m202[0m [[35m67.1[0m% ([36m512[0m/[36m763[0m batches, [36m5022828[0m pos/sec)]
Estimated time to end of superbatch: [36m6.6[0ms     [Fsuperbatch [36m202[0m [[35m83.9[0m% ([36m640[0m/[36m763[0m batches, [36m5029382[0m pos/sec)]
Estimated time to end of superbatch: [36m3.2[0ms     [Fsuperbatch [36m202[0m | time [36m19.9[0ms | running loss [36m0.016236[0m | [36m5036610[0m pos/sec | total time [36m4057.4[0ms
Estimated time remaining in training: [36m0[0mh [36m36[0mm [36m9[0ms
LR dropped to [36m0.0003458162[0m
superbatch [36m203[0m [[35m0.0[0m% ([36m0[0m/[36m763[0m batches, [36m5183430[0m pos/sec)]
Estimated time to end of superbatch: [36minf[0ms     [Fsuperbatch [36m203[0m [[35m16.8[0m% ([36m128[0m/[36m763[0m batches, [36m4848067[0m pos/sec)]
Estimated time to end of superbatch: [36m17.3[0ms     [Fsuperbatch [36m203[0m [[35m33.6[0m% ([36m256[0m/[36m763[0m batches, [36m4951024[0m pos/sec)]
Estimated time to end of superbatch: [36m13.5[0ms     [Fsuperbatch [36m203[0m [[35m50.3[0m% ([36m384[0m/[36m763[0m batches, [36m5002380[0m pos/sec)]
Estimated time to end of superbatch: [36m10.0[0ms     [Fsuperbatch [36m203[0m [[35m67.1[0m% ([36m512[0m/[36m763[0m batches, [36m5012104[0m pos/sec)]
Estimated time to end of superbatch: [36m6.6[0ms     [Fsuperbatch [36m203[0m [[35m83.9[0m% ([36m640[0m/[36m763[0m batches, [36m5012778[0m pos/sec)]
Estimated time to end of superbatch: [36m3.2[0ms     [Fsuperbatch [36m203[0m | time [36m19.9[0ms | running loss [36m0.016453[0m | [36m5022474[0m pos/sec | total time [36m4077.3[0ms
Estimated time remaining in training: [36m0[0mh [36m35[0mm [36m49[0ms
LR dropped to [36m0.00034259353[0m
superbatch [36m204[0m [[35m0.0[0m% ([36m0[0m/[36m763[0m batches, [36m4377066[0m pos/sec)]
Estimated time to end of superbatch: [36minf[0ms     [Fsuperbatch [36m204[0m [[35m16.8[0m% ([36m128[0m/[36m763[0m batches, [36m5079292[0m pos/sec)]
Estimated time to end of superbatch: [36m16.5[0ms     [Fsuperbatch [36m204[0m [[35m33.6[0m% ([36m256[0m/[36m763[0m batches, [36m5052268[0m pos/sec)]
Estimated time to end of superbatch: [36m13.2[0ms     [Fsuperbatch [36m204[0m [[35m50.3[0m% ([36m384[0m/[36m763[0m batches, [36m4919895[0m pos/sec)]
Estimated time to end of superbatch: [36m10.1[0ms     [Fsuperbatch [36m204[0m [[35m67.1[0m% ([36m512[0m/[36m763[0m batches, [36m4937404[0m pos/sec)]
Estimated time to end of superbatch: [36m6.7[0ms     [Fsuperbatch [36m204[0m [[35m83.9[0m% ([36m640[0m/[36m763[0m batches, [36m4928302[0m pos/sec)]
Estimated time to end of superbatch: [36m3.3[0ms     [Fsuperbatch [36m204[0m | time [36m20.2[0ms | running loss [36m0.016272[0m | [36m4943156[0m pos/sec | total time [36m4097.6[0ms
Estimated time remaining in training: [36m0[0mh [36m35[0mm [36m29[0ms
LR dropped to [36m0.00033937098[0m
superbatch [36m205[0m [[35m0.0[0m% ([36m0[0m/[36m763[0m batches, [36m5560664[0m pos/sec)]
Estimated time to end of superbatch: [36minf[0ms     [Fsuperbatch [36m205[0m [[35m16.8[0m% ([36m128[0m/[36m763[0m batches, [36m4463444[0m pos/sec)]
Estimated time to end of superbatch: [36m18.8[0ms     [Fsuperbatch [36m205[0m [[35m33.6[0m% ([36m256[0m/[36m763[0m batches, [36m4370469[0m pos/sec)]
Estimated time to end of superbatch: [36m15.3[0ms     [Fsuperbatch [36m205[0m [[35m50.3[0m% ([36m384[0m/[36m763[0m batches, [36m4582916[0m pos/sec)]
Estimated time to end of superbatch: [36m10.9[0ms     [Fsuperbatch [36m205[0m [[35m67.1[0m% ([36m512[0m/[36m763[0m batches, [36m4693670[0m pos/sec)]
Estimated time to end of superbatch: [36m7.0[0ms     [Fsuperbatch [36m205[0m [[35m83.9[0m% ([36m640[0m/[36m763[0m batches, [36m4710170[0m pos/sec)]
Estimated time to end of superbatch: [36m3.4[0ms     [Fsuperbatch [36m205[0m | time [36m21.0[0ms | running loss [36m0.016534[0m | [36m4757720[0m pos/sec | total time [36m4118.6[0ms
Estimated time remaining in training: [36m0[0mh [36m35[0mm [36m9[0ms
LR dropped to [36m0.00033614837[0m
superbatch [36m206[0m [[35m0.0[0m% ([36m0[0m/[36m763[0m batches, [36m5345006[0m pos/sec)]
Estimated time to end of superbatch: [36minf[0ms     [Fsuperbatch [36m206[0m [[35m16.8[0m% ([36m128[0m/[36m763[0m batches, [36m5019841[0m pos/sec)]
Estimated time to end of superbatch: [36m16.7[0ms     [Fsuperbatch [36m206[0m [[35m33.6[0m% ([36m256[0m/[36m763[0m batches, [36m5050428[0m pos/sec)]
Estimated time to end of superbatch: [36m13.2[0ms     [Fsuperbatch [36m206[0m [[35m50.3[0m% ([36m384[0m/[36m763[0m batches, [36m4903104[0m pos/sec)]
Estimated time to end of superbatch: [36m10.2[0ms     [Fsuperbatch [36m206[0m [[35m67.1[0m% ([36m512[0m/[36m763[0m batches, [36m4841012[0m pos/sec)]
Estimated time to end of superbatch: [36m6.8[0ms     [Fsuperbatch [36m206[0m [[35m83.9[0m% ([36m640[0m/[36m763[0m batches, [36m4847483[0m pos/sec)]
Estimated time to end of superbatch: [36m3.3[0ms     [Fsuperbatch [36m206[0m | time [36m20.5[0ms | running loss [36m0.016324[0m | [36m4871558[0m pos/sec | total time [36m4139.1[0ms
Estimated time remaining in training: [36m0[0mh [36m34[0mm [36m49[0ms
LR dropped to [36m0.00033292582[0m
superbatch [36m207[0m [[35m0.0[0m% ([36m0[0m/[36m763[0m batches, [36m3277704[0m pos/sec)]
Estimated time to end of superbatch: [36minf[0ms     [Fsuperbatch [36m207[0m [[35m16.8[0m% ([36m128[0m/[36m763[0m batches, [36m4352985[0m pos/sec)]
Estimated time to end of superbatch: [36m19.3[0ms     [Fsuperbatch [36m207[0m [[35m33.6[0m% ([36m256[0m/[36m763[0m batches, [36m4545198[0m pos/sec)]
Estimated time to end of superbatch: [36m14.7[0ms     [Fsuperbatch [36m207[0m [[35m50.3[0m% ([36m384[0m/[36m763[0m batches, [36m4674409[0m pos/sec)]
Estimated time to end of superbatch: [36m10.7[0ms     [Fsuperbatch [36m207[0m [[35m67.1[0m% ([36m512[0m/[36m763[0m batches, [36m4735005[0m pos/sec)]
Estimated time to end of superbatch: [36m7.0[0ms     [Fsuperbatch [36m207[0m [[35m83.9[0m% ([36m640[0m/[36m763[0m batches, [36m4673620[0m pos/sec)]
Estimated time to end of superbatch: [36m3.5[0ms     [Fsuperbatch [36m207[0m | time [36m21.4[0ms | running loss [36m0.016603[0m | [36m4677238[0m pos/sec | total time [36m4160.5[0ms
Estimated time remaining in training: [36m0[0mh [36m34[0mm [36m30[0ms
LR dropped to [36m0.0003297032[0m
superbatch [36m208[0m [[35m0.0[0m% ([36m0[0m/[36m763[0m batches, [36m5606594[0m pos/sec)]
Estimated time to end of superbatch: [36minf[0ms     [Fsuperbatch [36m208[0m [[35m16.8[0m% ([36m128[0m/[36m763[0m batches, [36m4957320[0m pos/sec)]
Estimated time to end of superbatch: [36m16.9[0ms     [Fsuperbatch [36m208[0m [[35m33.6[0m% ([36m256[0m/[36m763[0m batches, [36m4969904[0m pos/sec)]
Estimated time to end of superbatch: [36m13.4[0ms     [Fsuperbatch [36m208[0m [[35m50.3[0m% ([36m384[0m/[36m763[0m batches, [36m4726786[0m pos/sec)]
Estimated time to end of superbatch: [36m10.5[0ms     [Fsuperbatch [36m208[0m [[35m67.1[0m% ([36m512[0m/[36m763[0m batches, [36m4754230[0m pos/sec)]
Estimated time to end of superbatch: [36m6.9[0ms     [Fsuperbatch [36m208[0m [[35m83.9[0m% ([36m640[0m/[36m763[0m batches, [36m4801970[0m pos/sec)]
Estimated time to end of superbatch: [36m3.4[0ms     [Fsuperbatch [36m208[0m | time [36m20.8[0ms | running loss [36m0.016420[0m | [36m4812444[0m pos/sec | total time [36m4181.3[0ms
Estimated time remaining in training: [36m0[0mh [36m34[0mm [36m10[0ms
LR dropped to [36m0.00032648066[0m
superbatch [36m209[0m [[35m0.0[0m% ([36m0[0m/[36m763[0m batches, [36m5584042[0m pos/sec)]
Estimated time to end of superbatch: [36minf[0ms     [Fsuperbatch [36m209[0m [[35m16.8[0m% ([36m128[0m/[36m763[0m batches, [36m4656576[0m pos/sec)]
Estimated time to end of superbatch: [36m18.0[0ms     [Fsuperbatch [36m209[0m [[35m33.6[0m% ([36m256[0m/[36m763[0m batches, [36m4860670[0m pos/sec)]
Estimated time to end of superbatch: [36m13.7[0ms     [Fsuperbatch [36m209[0m [[35m50.3[0m% ([36m384[0m/[36m763[0m batches, [36m4939589[0m pos/sec)]
Estimated time to end of superbatch: [36m10.1[0ms     [Fsuperbatch [36m209[0m [[35m67.1[0m% ([36m512[0m/[36m763[0m batches, [36m4971034[0m pos/sec)]
Estimated time to end of superbatch: [36m6.6[0ms     [Fsuperbatch [36m209[0m [[35m83.9[0m% ([36m640[0m/[36m763[0m batches, [36m4956522[0m pos/sec)]
Estimated time to end of superbatch: [36m3.3[0ms     [Fsuperbatch [36m209[0m | time [36m20.2[0ms | running loss [36m0.016711[0m | [36m4962270[0m pos/sec | total time [36m4201.4[0ms
Estimated time remaining in training: [36m0[0mh [36m33[0mm [36m50[0ms
LR dropped to [36m0.00032325805[0m
superbatch [36m210[0m [[35m0.0[0m% ([36m0[0m/[36m763[0m batches, [36m5492248[0m pos/sec)]
Estimated time to end of superbatch: [36minf[0ms     [Fsuperbatch [36m210[0m [[35m16.8[0m% ([36m128[0m/[36m763[0m batches, [36m5081699[0m pos/sec)]
Estimated time to end of superbatch: [36m16.5[0ms     [Fsuperbatch [36m210[0m [[35m33.6[0m% ([36m256[0m/[36m763[0m batches, [36m5082553[0m pos/sec)]
Estimated time to end of superbatch: [36m13.1[0ms     [Fsuperbatch [36m210[0m [[35m50.3[0m% ([36m384[0m/[36m763[0m batches, [36m5035221[0m pos/sec)]
Estimated time to end of superbatch: [36m9.9[0ms     [Fsuperbatch [36m210[0m [[35m67.1[0m% ([36m512[0m/[36m763[0m batches, [36m5033647[0m pos/sec)]
Estimated time to end of superbatch: [36m6.5[0ms     [Fsuperbatch [36m210[0m [[35m83.9[0m% ([36m640[0m/[36m763[0m batches, [36m5043032[0m pos/sec)]
Estimated time to end of superbatch: [36m3.2[0ms     [Fsuperbatch [36m210[0m | time [36m19.8[0ms | running loss [36m0.016519[0m | [36m5046782[0m pos/sec | total time [36m4221.2[0ms
Estimated time remaining in training: [36m0[0mh [36m33[0mm [36m30[0ms
Saved [anna-v3q-s1-210]
LR dropped to [36m0.0003200355[0m
superbatch [36m211[0m [[35m0.0[0m% ([36m0[0m/[36m763[0m batches, [36m5588428[0m pos/sec)]
Estimated time to end of superbatch: [36minf[0ms     [Fsuperbatch [36m211[0m [[35m16.8[0m% ([36m128[0m/[36m763[0m batches, [36m5670610[0m pos/sec)]
Estimated time to end of superbatch: [36m14.8[0ms     [Fsuperbatch [36m211[0m [[35m33.6[0m% ([36m256[0m/[36m763[0m batches, [36m5640803[0m pos/sec)]
Estimated time to end of superbatch: [36m11.8[0ms     [Fsuperbatch [36m211[0m [[35m50.3[0m% ([36m384[0m/[36m763[0m batches, [36m5668314[0m pos/sec)]
Estimated time to end of superbatch: [36m8.8[0ms     [Fsuperbatch [36m211[0m [[35m67.1[0m% ([36m512[0m/[36m763[0m batches, [36m5682146[0m pos/sec)]
Estimated time to end of superbatch: [36m5.8[0ms     [Fsuperbatch [36m211[0m [[35m83.9[0m% ([36m640[0m/[36m763[0m batches, [36m5586065[0m pos/sec)]
Estimated time to end of superbatch: [36m2.9[0ms     [Fsuperbatch [36m211[0m | time [36m18.3[0ms | running loss [36m0.016743[0m | [36m5470805[0m pos/sec | total time [36m4240.8[0ms
Estimated time remaining in training: [36m0[0mh [36m33[0mm [36m9[0ms
LR dropped to [36m0.00031681295[0m
superbatch [36m212[0m [[35m0.0[0m% ([36m0[0m/[36m763[0m batches, [36m4193249[0m pos/sec)]
Estimated time to end of superbatch: [36minf[0ms     [Fsuperbatch [36m212[0m [[35m16.8[0m% ([36m128[0m/[36m763[0m batches, [36m5109896[0m pos/sec)]
Estimated time to end of superbatch: [36m16.4[0ms     [Fsuperbatch [36m212[0m [[35m33.6[0m% ([36m256[0m/[36m763[0m batches, [36m5072820[0m pos/sec)]
Estimated time to end of superbatch: [36m13.2[0ms     [Fsuperbatch [36m212[0m [[35m50.3[0m% ([36m384[0m/[36m763[0m batches, [36m5042156[0m pos/sec)]
Estimated time to end of superbatch: [36m9.9[0ms     [Fsuperbatch [36m212[0m [[35m67.1[0m% ([36m512[0m/[36m763[0m batches, [36m5043978[0m pos/sec)]
Estimated time to end of superbatch: [36m6.5[0ms     [Fsuperbatch [36m212[0m [[35m83.9[0m% ([36m640[0m/[36m763[0m batches, [36m5059261[0m pos/sec)]
Estimated time to end of superbatch: [36m3.2[0ms     [Fsuperbatch [36m212[0m | time [36m19.8[0ms | running loss [36m0.016576[0m | [36m5056340[0m pos/sec | total time [36m4260.6[0ms
Estimated time remaining in training: [36m0[0mh [36m32[0mm [36m49[0ms
LR dropped to [36m0.00031359034[0m
superbatch [36m213[0m [[35m0.0[0m% ([36m0[0m/[36m763[0m batches, [36m5676912[0m pos/sec)]
Estimated time to end of superbatch: [36minf[0ms     [Fsuperbatch [36m213[0m [[35m16.8[0m% ([36m128[0m/[36m763[0m batches, [36m4953594[0m pos/sec)]
Estimated time to end of superbatch: [36m16.9[0ms     [Fsuperbatch [36m213[0m [[35m33.6[0m% ([36m256[0m/[36m763[0m batches, [36m4898314[0m pos/sec)]
Estimated time to end of superbatch: [36m13.6[0ms     [Fsuperbatch [36m213[0m [[35m50.3[0m% ([36m384[0m/[36m763[0m batches, [36m4829686[0m pos/sec)]
Estimated time to end of superbatch: [36m10.3[0ms     [Fsuperbatch [36m213[0m [[35m67.1[0m% ([36m512[0m/[36m763[0m batches, [36m4876150[0m pos/sec)]
Estimated time to end of superbatch: [36m6.8[0ms     [Fsuperbatch [36m213[0m [[35m83.9[0m% ([36m640[0m/[36m763[0m batches, [36m4832894[0m pos/sec)]
Estimated time to end of superbatch: [36m3.3[0ms     [Fsuperbatch [36m213[0m | time [36m20.7[0ms | running loss [36m0.016831[0m | [36m4826940[0m pos/sec | total time [36m4281.3[0ms
Estimated time remaining in training: [36m0[0mh [36m32[0mm [36m29[0ms
LR dropped to [36m0.0003103678[0m
superbatch [36m214[0m [[35m0.0[0m% ([36m0[0m/[36m763[0m batches, [36m4395006[0m pos/sec)]
Estimated time to end of superbatch: [36minf[0ms     [Fsuperbatch [36m214[0m [[35m16.8[0m% ([36m128[0m/[36m763[0m batches, [36m5066941[0m pos/sec)]
Estimated time to end of superbatch: [36m16.6[0ms     [Fsuperbatch [36m214[0m [[35m33.6[0m% ([36m256[0m/[36m763[0m batches, [36m5003480[0m pos/sec)]
Estimated time to end of superbatch: [36m13.3[0ms     [Fsuperbatch [36m214[0m [[35m50.3[0m% ([36m384[0m/[36m763[0m batches, [36m4910210[0m pos/sec)]
Estimated time to end of superbatch: [36m10.1[0ms     [Fsuperbatch [36m214[0m [[35m67.1[0m% ([36m512[0m/[36m763[0m batches, [36m4933265[0m pos/sec)]
Estimated time to end of superbatch: [36m6.7[0ms     [Fsuperbatch [36m214[0m [[35m83.9[0m% ([36m640[0m/[36m763[0m batches, [36m4829440[0m pos/sec)]
Estimated time to end of superbatch: [36m3.3[0ms     [Fsuperbatch [36m214[0m | time [36m20.6[0ms | running loss [36m0.016697[0m | [36m4855774[0m pos/sec | total time [36m4301.9[0ms
Estimated time remaining in training: [36m0[0mh [36m32[0mm [36m9[0ms
LR dropped to [36m0.00030714518[0m
superbatch [36m215[0m [[35m0.0[0m% ([36m0[0m/[36m763[0m batches, [36m5606950[0m pos/sec)]
Estimated time to end of superbatch: [36minf[0ms     [Fsuperbatch [36m215[0m [[35m16.8[0m% ([36m128[0m/[36m763[0m batches, [36m4947750[0m pos/sec)]
Estimated time to end of superbatch: [36m17.0[0ms     [Fsuperbatch [36m215[0m [[35m33.6[0m% ([36m256[0m/[36m763[0m batches, [36m4949472[0m pos/sec)]
Estimated time to end of superbatch: [36m13.5[0ms     [Fsuperbatch [36m215[0m [[35m50.3[0m% ([36m384[0m/[36m763[0m batches, [36m4995284[0m pos/sec)]
Estimated time to end of superbatch: [36m10.0[0ms     [Fsuperbatch [36m215[0m [[35m67.1[0m% ([36m512[0m/[36m763[0m batches, [36m5003560[0m pos/sec)]
Estimated time to end of superbatch: [36m6.6[0ms     [Fsuperbatch [36m215[0m [[35m83.9[0m% ([36m640[0m/[36m763[0m batches, [36m4846732[0m pos/sec)]
Estimated time to end of superbatch: [36m3.3[0ms     [Fsuperbatch [36m215[0m | time [36m21.8[0ms | running loss [36m0.016890[0m | [36m4592914[0m pos/sec | total time [36m4323.7[0ms
Estimated time remaining in training: [36m0[0mh [36m31[0mm [36m50[0ms
LR dropped to [36m0.00030392263[0m
superbatch [36m216[0m [[35m0.0[0m% ([36m0[0m/[36m763[0m batches, [36m3983029[0m pos/sec)]
Estimated time to end of superbatch: [36minf[0ms     [Fsuperbatch [36m216[0m [[35m16.8[0m% ([36m128[0m/[36m763[0m batches, [36m2150916[0m pos/sec)]
Estimated time to end of superbatch: [36m39.0[0ms     [Fsuperbatch [36m216[0m [[35m33.6[0m% ([36m256[0m/[36m763[0m batches, [36m2701535[0m pos/sec)]
Estimated time to end of superbatch: [36m24.7[0ms     [Fsuperbatch [36m216[0m [[35m50.3[0m% ([36m384[0m/[36m763[0m batches, [36m3167272[0m pos/sec)]
Estimated time to end of superbatch: [36m15.7[0ms     [Fsuperbatch [36m216[0m [[35m67.1[0m% ([36m512[0m/[36m763[0m batches, [36m3462517[0m pos/sec)]
Estimated time to end of superbatch: [36m9.5[0ms     [Fsuperbatch [36m216[0m [[35m83.9[0m% ([36m640[0m/[36m763[0m batches, [36m3681485[0m pos/sec)]
Estimated time to end of superbatch: [36m4.4[0ms     [Fsuperbatch [36m216[0m | time [36m26.2[0ms | running loss [36m0.016748[0m | [36m3818561[0m pos/sec | total time [36m4349.9[0ms
Estimated time remaining in training: [36m0[0mh [36m31[0mm [36m33[0ms
LR dropped to [36m0.00030070002[0m
superbatch [36m217[0m [[35m0.0[0m% ([36m0[0m/[36m763[0m batches, [36m4256648[0m pos/sec)]
Estimated time to end of superbatch: [36minf[0ms     [Fsuperbatch [36m217[0m [[35m16.8[0m% ([36m128[0m/[36m763[0m batches, [36m4648828[0m pos/sec)]
Estimated time to end of superbatch: [36m18.0[0ms     [Fsuperbatch [36m217[0m [[35m33.6[0m% ([36m256[0m/[36m763[0m batches, [36m4560178[0m pos/sec)]
Estimated time to end of superbatch: [36m14.6[0ms     [Fsuperbatch [36m217[0m [[35m50.3[0m% ([36m384[0m/[36m763[0m batches, [36m4617192[0m pos/sec)]
Estimated time to end of superbatch: [36m10.8[0ms     [Fsuperbatch [36m217[0m [[35m67.1[0m% ([36m512[0m/[36m763[0m batches, [36m4706336[0m pos/sec)]
Estimated time to end of superbatch: [36m7.0[0ms     [Fsuperbatch [36m217[0m [[35m83.9[0m% ([36m640[0m/[36m763[0m batches, [36m4755928[0m pos/sec)]
Estimated time to end of superbatch: [36m3.4[0ms     [Fsuperbatch [36m217[0m | time [36m21.0[0ms | running loss [36m0.016984[0m | [36m4773486[0m pos/sec | total time [36m4370.9[0ms
Estimated time remaining in training: [36m0[0mh [36m31[0mm [36m13[0ms
LR dropped to [36m0.00029747747[0m
superbatch [36m218[0m [[35m0.0[0m% ([36m0[0m/[36m763[0m batches, [36m5624065[0m pos/sec)]
Estimated time to end of superbatch: [36minf[0ms     [Fsuperbatch [36m218[0m [[35m16.8[0m% ([36m128[0m/[36m763[0m batches, [36m5074214[0m pos/sec)]
Estimated time to end of superbatch: [36m16.5[0ms     [Fsuperbatch [36m218[0m [[35m33.6[0m% ([36m256[0m/[36m763[0m batches, [36m5098806[0m pos/sec)]
Estimated time to end of superbatch: [36m13.1[0ms     [Fsuperbatch [36m218[0m [[35m50.3[0m% ([36m384[0m/[36m763[0m batches, [36m5043030[0m pos/sec)]
Estimated time to end of superbatch: [36m9.9[0ms     [Fsuperbatch [36m218[0m [[35m67.1[0m% ([36m512[0m/[36m763[0m batches, [36m4993130[0m pos/sec)]
Estimated time to end of superbatch: [36m6.6[0ms     [Fsuperbatch [36m218[0m [[35m83.9[0m% ([36m640[0m/[36m763[0m batches, [36m5015614[0m pos/sec)]
Estimated time to end of superbatch: [36m3.2[0ms     [Fsuperbatch [36m218[0m | time [36m19.9[0ms | running loss [36m0.016926[0m | [36m5023534[0m pos/sec | total time [36m4390.8[0ms
Estimated time remaining in training: [36m0[0mh [36m30[0mm [36m52[0ms
LR dropped to [36m0.00029425486[0m
superbatch [36m219[0m [[35m0.0[0m% ([36m0[0m/[36m763[0m batches, [36m4358271[0m pos/sec)]
Estimated time to end of superbatch: [36minf[0ms     [Fsuperbatch [36m219[0m [[35m16.8[0m% ([36m128[0m/[36m763[0m batches, [36m4872970[0m pos/sec)]
Estimated time to end of superbatch: [36m17.2[0ms     [Fsuperbatch [36m219[0m [[35m33.6[0m% ([36m256[0m/[36m763[0m batches, [36m4882288[0m pos/sec)]
Estimated time to end of superbatch: [36m13.7[0ms     [Fsuperbatch [36m219[0m [[35m50.3[0m% ([36m384[0m/[36m763[0m batches, [36m4899450[0m pos/sec)]
Estimated time to end of superbatch: [36m10.2[0ms     [Fsuperbatch [36m219[0m [[35m67.1[0m% ([36m512[0m/[36m763[0m batches, [36m4805472[0m pos/sec)]
Estimated time to end of superbatch: [36m6.9[0ms     [Fsuperbatch [36m219[0m [[35m83.9[0m% ([36m640[0m/[36m763[0m batches, [36m4812706[0m pos/sec)]
Estimated time to end of superbatch: [36m3.4[0ms     [Fsuperbatch [36m219[0m | time [36m20.7[0ms | running loss [36m0.017115[0m | [36m4828220[0m pos/sec | total time [36m4411.5[0ms
Estimated time remaining in training: [36m0[0mh [36m30[0mm [36m33[0ms
LR dropped to [36m0.0002910323[0m
superbatch [36m220[0m [[35m0.0[0m% ([36m0[0m/[36m763[0m batches, [36m5578610[0m pos/sec)]
Estimated time to end of superbatch: [36minf[0ms     [Fsuperbatch [36m220[0m [[35m16.8[0m% ([36m128[0m/[36m763[0m batches, [36m5031043[0m pos/sec)]
Estimated time to end of superbatch: [36m16.7[0ms     [Fsuperbatch [36m220[0m [[35m33.6[0m% ([36m256[0m/[36m763[0m batches, [36m5051597[0m pos/sec)]
Estimated time to end of superbatch: [36m13.2[0ms     [Fsuperbatch [36m220[0m [[35m50.3[0m% ([36m384[0m/[36m763[0m batches, [36m5020476[0m pos/sec)]
Estimated time to end of superbatch: [36m9.9[0ms     [Fsuperbatch [36m220[0m [[35m67.1[0m% ([36m512[0m/[36m763[0m batches, [36m4995530[0m pos/sec)]
Estimated time to end of superbatch: [36m6.6[0ms     [Fsuperbatch [36m220[0m [[35m83.9[0m% ([36m640[0m/[36m763[0m batches, [36m4999800[0m pos/sec)]
Estimated time to end of superbatch: [36m3.2[0ms     [Fsuperbatch [36m220[0m | time [36m19.9[0ms | running loss [36m0.017004[0m | [36m5012956[0m pos/sec | total time [36m4431.4[0ms
Estimated time remaining in training: [36m0[0mh [36m30[0mm [36m12[0ms
Saved [anna-v3q-s1-220]
LR dropped to [36m0.0002878097[0m
superbatch [36m221[0m [[35m0.0[0m% ([36m0[0m/[36m763[0m batches, [36m5624624[0m pos/sec)]
Estimated time to end of superbatch: [36minf[0ms     [Fsuperbatch [36m221[0m [[35m16.8[0m% ([36m128[0m/[36m763[0m batches, [36m5604640[0m pos/sec)]
Estimated time to end of superbatch: [36m15.0[0ms     [Fsuperbatch [36m221[0m [[35m33.6[0m% ([36m256[0m/[36m763[0m batches, [36m5529890[0m pos/sec)]
Estimated time to end of superbatch: [36m12.1[0ms     [Fsuperbatch [36m221[0m [[35m50.3[0m% ([36m384[0m/[36m763[0m batches, [36m5377876[0m pos/sec)]
Estimated time to end of superbatch: [36m9.3[0ms     [Fsuperbatch [36m221[0m [[35m67.1[0m% ([36m512[0m/[36m763[0m batches, [36m5301681[0m pos/sec)]
Estimated time to end of superbatch: [36m6.2[0ms     [Fsuperbatch [36m221[0m [[35m83.9[0m% ([36m640[0m/[36m763[0m batches, [36m5242416[0m pos/sec)]
Estimated time to end of superbatch: [36m3.1[0ms     [Fsuperbatch [36m221[0m | time [36m19.3[0ms | running loss [36m0.017149[0m | [36m5190382[0m pos/sec | total time [36m4452.0[0ms
Estimated time remaining in training: [36m0[0mh [36m29[0mm [36m52[0ms
LR dropped to [36m0.00028458715[0m
superbatch [36m222[0m [[35m0.0[0m% ([36m0[0m/[36m763[0m batches, [36m4461102[0m pos/sec)]
Estimated time to end of superbatch: [36minf[0ms     [Fsuperbatch [36m222[0m [[35m16.8[0m% ([36m128[0m/[36m763[0m batches, [36m5056422[0m pos/sec)]
Estimated time to end of superbatch: [36m16.6[0ms     [Fsuperbatch [36m222[0m [[35m33.6[0m% ([36m256[0m/[36m763[0m batches, [36m5084752[0m pos/sec)]
Estimated time to end of superbatch: [36m13.1[0ms     [Fsuperbatch [36m222[0m [[35m50.3[0m% ([36m384[0m/[36m763[0m batches, [36m5061310[0m pos/sec)]
Estimated time to end of superbatch: [36m9.8[0ms     [Fsuperbatch [36m222[0m [[35m67.1[0m% ([36m512[0m/[36m763[0m batches, [36m5037815[0m pos/sec)]
Estimated time to end of superbatch: [36m6.5[0ms     [Fsuperbatch [36m222[0m [[35m83.9[0m% ([36m640[0m/[36m763[0m batches, [36m5035726[0m pos/sec)]
Estimated time to end of superbatch: [36m3.2[0ms     [Fsuperbatch [36m222[0m | time [36m20.6[0ms | running loss [36m0.017109[0m | [36m4862288[0m pos/sec | total time [36m4472.5[0ms
Estimated time remaining in training: [36m0[0mh [36m29[0mm [36m32[0ms
LR dropped to [36m0.00028136448[0m
superbatch [36m223[0m [[35m0.0[0m% ([36m0[0m/[36m763[0m batches, [36m2338935[0m pos/sec)]
Estimated time to end of superbatch: [36minf[0ms     [Fsuperbatch [36m223[0m [[35m16.8[0m% ([36m128[0m/[36m763[0m batches, [36m4223071[0m pos/sec)]
Estimated time to end of superbatch: [36m19.9[0ms     [Fsuperbatch [36m223[0m [[35m33.6[0m% ([36m256[0m/[36m763[0m batches, [36m4452765[0m pos/sec)]
Estimated time to end of superbatch: [36m15.0[0ms     [Fsuperbatch [36m223[0m [[35m50.3[0m% ([36m384[0m/[36m763[0m batches, [36m4662232[0m pos/sec)]
Estimated time to end of superbatch: [36m10.7[0ms     [Fsuperbatch [36m223[0m [[35m67.1[0m% ([36m512[0m/[36m763[0m batches, [36m4743638[0m pos/sec)]
Estimated time to end of superbatch: [36m6.9[0ms     [Fsuperbatch [36m223[0m [[35m83.9[0m% ([36m640[0m/[36m763[0m batches, [36m4537809[0m pos/sec)]
Estimated time to end of superbatch: [36m3.6[0ms     [Fsuperbatch [36m223[0m | time [36m23.7[0ms | running loss [36m0.017234[0m | [36m4223388[0m pos/sec | total time [36m4496.2[0ms
Estimated time remaining in training: [36m0[0mh [36m29[0mm [36m14[0ms
LR dropped to [36m0.00027814193[0m
superbatch [36m224[0m [[35m0.0[0m% ([36m0[0m/[36m763[0m batches, [36m3004558[0m pos/sec)]
Estimated time to end of superbatch: [36minf[0ms     [Fsuperbatch [36m224[0m [[35m16.8[0m% ([36m128[0m/[36m763[0m batches, [36m3919394[0m pos/sec)]
Estimated time to end of superbatch: [36m21.4[0ms     [Fsuperbatch [36m224[0m [[35m33.6[0m% ([36m256[0m/[36m763[0m batches, [36m3901680[0m pos/sec)]
Estimated time to end of superbatch: [36m17.1[0ms     [Fsuperbatch [36m224[0m [[35m50.3[0m% ([36m384[0m/[36m763[0m batches, [36m3768117[0m pos/sec)]
Estimated time to end of superbatch: [36m13.2[0ms     [Fsuperbatch [36m224[0m [[35m67.1[0m% ([36m512[0m/[36m763[0m batches, [36m3592159[0m pos/sec)]
Estimated time to end of superbatch: [36m9.2[0ms     [Fsuperbatch [36m224[0m [[35m83.9[0m% ([36m640[0m/[36m763[0m batches, [36m3631130[0m pos/sec)]
Estimated time to end of superbatch: [36m4.4[0ms     [Fsuperbatch [36m224[0m | time [36m27.3[0ms | running loss [36m0.017170[0m | [36m3662554[0m pos/sec | total time [36m4523.5[0ms
Estimated time remaining in training: [36m0[0mh [36m28[0mm [36m56[0ms
LR dropped to [36m0.00027491932[0m
superbatch [36m225[0m [[35m0.0[0m% ([36m0[0m/[36m763[0m batches, [36m3807619[0m pos/sec)]
Estimated time to end of superbatch: [36minf[0ms     [Fsuperbatch [36m225[0m [[35m16.8[0m% ([36m128[0m/[36m763[0m batches, [36m3647896[0m pos/sec)]
Estimated time to end of superbatch: [36m23.0[0ms     [Fsuperbatch [36m225[0m [[35m33.6[0m% ([36m256[0m/[36m763[0m batches, [36m3395733[0m pos/sec)]
Estimated time to end of superbatch: [36m19.6[0ms     [Fsuperbatch [36m225[0m [[35m50.3[0m% ([36m384[0m/[36m763[0m batches, [36m3524654[0m pos/sec)]
Estimated time to end of superbatch: [36m14.1[0ms     [Fsuperbatch [36m225[0m [[35m67.1[0m% ([36m512[0m/[36m763[0m batches, [36m3601793[0m pos/sec)]
Estimated time to end of superbatch: [36m9.2[0ms     [Fsuperbatch [36m225[0m [[35m83.9[0m% ([36m640[0m/[36m763[0m batches, [36m3605182[0m pos/sec)]
Estimated time to end of superbatch: [36m4.5[0ms     [Fsuperbatch [36m225[0m | time [36m27.6[0ms | running loss [36m0.017280[0m | [36m3617813[0m pos/sec | total time [36m4551.2[0ms
Estimated time remaining in training: [36m0[0mh [36m28[0mm [36m39[0ms
LR dropped to [36m0.00027169677[0m
superbatch [36m226[0m [[35m0.0[0m% ([36m0[0m/[36m763[0m batches, [36m2590092[0m pos/sec)]
Estimated time to end of superbatch: [36minf[0ms     [Fsuperbatch [36m226[0m [[35m16.8[0m% ([36m128[0m/[36m763[0m batches, [36m3879634[0m pos/sec)]
Estimated time to end of superbatch: [36m21.6[0ms     [Fsuperbatch [36m226[0m [[35m33.6[0m% ([36m256[0m/[36m763[0m batches, [36m3814481[0m pos/sec)]
Estimated time to end of superbatch: [36m17.5[0ms     [Fsuperbatch [36m226[0m [[35m50.3[0m% ([36m384[0m/[36m763[0m batches, [36m3714648[0m pos/sec)]
Estimated time to end of superbatch: [36m13.4[0ms     [Fsuperbatch [36m226[0m [[35m67.1[0m% ([36m512[0m/[36m763[0m batches, [36m3509085[0m pos/sec)]
Estimated time to end of superbatch: [36m9.4[0ms     [Fsuperbatch [36m226[0m [[35m83.9[0m% ([36m640[0m/[36m763[0m batches, [36m3569981[0m pos/sec)]
Estimated time to end of superbatch: [36m4.5[0ms     [Fsuperbatch [36m226[0m | time [36m27.7[0ms | running loss [36m0.017237[0m | [36m3613756[0m pos/sec | total time [36m4578.8[0ms
Estimated time remaining in training: [36m0[0mh [36m28[0mm [36m21[0ms
LR dropped to [36m0.00026847422[0m
superbatch [36m227[0m [[35m0.0[0m% ([36m0[0m/[36m763[0m batches, [36m3767222[0m pos/sec)]
Estimated time to end of superbatch: [36minf[0ms     [Fsuperbatch [36m227[0m [[35m16.8[0m% ([36m128[0m/[36m763[0m batches, [36m3678972[0m pos/sec)]
Estimated time to end of superbatch: [36m22.8[0ms     [Fsuperbatch [36m227[0m [[35m33.6[0m% ([36m256[0m/[36m763[0m batches, [36m3382273[0m pos/sec)]
Estimated time to end of superbatch: [36m19.7[0ms     [Fsuperbatch [36m227[0m [[35m50.3[0m% ([36m384[0m/[36m763[0m batches, [36m3492221[0m pos/sec)]
Estimated time to end of superbatch: [36m14.3[0ms     [Fsuperbatch [36m227[0m [[35m67.1[0m% ([36m512[0m/[36m763[0m batches, [36m3567153[0m pos/sec)]
Estimated time to end of superbatch: [36m9.2[0ms     [Fsuperbatch [36m227[0m [[35m83.9[0m% ([36m640[0m/[36m763[0m batches, [36m3579038[0m pos/sec)]
Estimated time to end of superbatch: [36m4.5[0ms     [Fsuperbatch [36m227[0m | time [36m28.7[0ms | running loss [36m0.017358[0m | [36m3479227[0m pos/sec | total time [36m4607.6[0ms
Estimated time remaining in training: [36m0[0mh [36m28[0mm [36m4[0ms
LR dropped to [36m0.0002652516[0m
superbatch [36m228[0m [[35m0.0[0m% ([36m0[0m/[36m763[0m batches, [36m3139611[0m pos/sec)]
Estimated time to end of superbatch: [36minf[0ms     [Fsuperbatch [36m228[0m [[35m16.8[0m% ([36m128[0m/[36m763[0m batches, [36m3663061[0m pos/sec)]
Estimated time to end of superbatch: [36m22.9[0ms     [Fsuperbatch [36m228[0m [[35m33.6[0m% ([36m256[0m/[36m763[0m batches, [36m3797669[0m pos/sec)]
Estimated time to end of superbatch: [36m17.6[0ms     [Fsuperbatch [36m228[0m [[35m50.3[0m% ([36m384[0m/[36m763[0m batches, [36m3758178[0m pos/sec)]
Estimated time to end of superbatch: [36m13.3[0ms     [Fsuperbatch [36m228[0m [[35m67.1[0m% ([36m512[0m/[36m763[0m batches, [36m3563338[0m pos/sec)]
Estimated time to end of superbatch: [36m9.3[0ms     [Fsuperbatch [36m228[0m [[35m83.9[0m% ([36m640[0m/[36m763[0m batches, [36m3597258[0m pos/sec)]
Estimated time to end of superbatch: [36m4.5[0ms     [Fsuperbatch [36m228[0m | time [36m27.6[0ms | running loss [36m0.017314[0m | [36m3623120[0m pos/sec | total time [36m4635.2[0ms
Estimated time remaining in training: [36m0[0mh [36m27[0mm [36m47[0ms
LR dropped to [36m0.00026202906[0m
superbatch [36m229[0m [[35m0.0[0m% ([36m0[0m/[36m763[0m batches, [36m4888428[0m pos/sec)]
Estimated time to end of superbatch: [36minf[0ms     [Fsuperbatch [36m229[0m [[35m16.8[0m% ([36m128[0m/[36m763[0m batches, [36m3761376[0m pos/sec)]
Estimated time to end of superbatch: [36m22.3[0ms     [Fsuperbatch [36m229[0m [[35m33.6[0m% ([36m256[0m/[36m763[0m batches, [36m3352935[0m pos/sec)]
Estimated time to end of superbatch: [36m19.9[0ms     [Fsuperbatch [36m229[0m [[35m50.3[0m% ([36m384[0m/[36m763[0m batches, [36m3461795[0m pos/sec)]
Estimated time to end of superbatch: [36m14.4[0ms     [Fsuperbatch [36m229[0m [[35m67.1[0m% ([36m512[0m/[36m763[0m batches, [36m3558826[0m pos/sec)]
Estimated time to end of superbatch: [36m9.3[0ms     [Fsuperbatch [36m229[0m [[35m83.9[0m% ([36m640[0m/[36m763[0m batches, [36m3584710[0m pos/sec)]
Estimated time to end of superbatch: [36m4.5[0ms     [Fsuperbatch [36m229[0m | time [36m28.7[0ms | running loss [36m0.017426[0m | [36m3486700[0m pos/sec | total time [36m4663.9[0ms
Estimated time remaining in training: [36m0[0mh [36m27[0mm [36m29[0ms
LR dropped to [36m0.00025880645[0m
superbatch [36m230[0m [[35m0.0[0m% ([36m0[0m/[36m763[0m batches, [36m3361187[0m pos/sec)]
Estimated time to end of superbatch: [36minf[0ms     [Fsuperbatch [36m230[0m [[35m16.8[0m% ([36m128[0m/[36m763[0m batches, [36m3615044[0m pos/sec)]
Estimated time to end of superbatch: [36m23.2[0ms     [Fsuperbatch [36m230[0m [[35m33.6[0m% ([36m256[0m/[36m763[0m batches, [36m3756269[0m pos/sec)]
Estimated time to end of superbatch: [36m17.8[0ms     [Fsuperbatch [36m230[0m [[35m50.3[0m% ([36m384[0m/[36m763[0m batches, [36m3765106[0m pos/sec)]
Estimated time to end of superbatch: [36m13.2[0ms     [Fsuperbatch [36m230[0m [[35m67.1[0m% ([36m512[0m/[36m763[0m batches, [36m3561047[0m pos/sec)]
Estimated time to end of superbatch: [36m9.3[0ms     [Fsuperbatch [36m230[0m [[35m83.9[0m% ([36m640[0m/[36m763[0m batches, [36m3564512[0m pos/sec)]
Estimated time to end of superbatch: [36m4.5[0ms     [Fsuperbatch [36m230[0m | time [36m27.8[0ms | running loss [36m0.017419[0m | [36m3601694[0m pos/sec | total time [36m4691.6[0ms
Estimated time remaining in training: [36m0[0mh [36m27[0mm [36m11[0ms
Saved [anna-v3q-s1-230]
LR dropped to [36m0.0002555839[0m
superbatch [36m231[0m [[35m0.0[0m% ([36m0[0m/[36m763[0m batches, [36m5628572[0m pos/sec)]
Estimated time to end of superbatch: [36minf[0ms     [Fsuperbatch [36m231[0m [[35m16.8[0m% ([36m128[0m/[36m763[0m batches, [36m4984020[0m pos/sec)]
Estimated time to end of superbatch: [36m16.8[0ms     [Fsuperbatch [36m231[0m [[35m33.6[0m% ([36m256[0m/[36m763[0m batches, [36m3781559[0m pos/sec)]
Estimated time to end of superbatch: [36m17.6[0ms     [Fsuperbatch [36m231[0m [[35m50.3[0m% ([36m384[0m/[36m763[0m batches, [36m3752473[0m pos/sec)]
Estimated time to end of superbatch: [36m13.3[0ms     [Fsuperbatch [36m231[0m [[35m67.1[0m% ([36m512[0m/[36m763[0m batches, [36m3786266[0m pos/sec)]
Estimated time to end of superbatch: [36m8.7[0ms     [Fsuperbatch [36m231[0m [[35m83.9[0m% ([36m640[0m/[36m763[0m batches, [36m3798978[0m pos/sec)]
Estimated time to end of superbatch: [36m4.3[0ms     [Fsuperbatch [36m231[0m | time [36m27.3[0ms | running loss [36m0.017507[0m | [36m3659700[0m pos/sec | total time [36m4720.5[0ms
Estimated time remaining in training: [36m0[0mh [36m26[0mm [36m54[0ms
LR dropped to [36m0.0002523613[0m
superbatch [36m232[0m [[35m0.0[0m% ([36m0[0m/[36m763[0m batches, [36m2444010[0m pos/sec)]
Estimated time to end of superbatch: [36minf[0ms     [Fsuperbatch [36m232[0m [[35m16.8[0m% ([36m128[0m/[36m763[0m batches, [36m3593032[0m pos/sec)]
Estimated time to end of superbatch: [36m23.3[0ms     [Fsuperbatch [36m232[0m [[35m33.6[0m% ([36m256[0m/[36m763[0m batches, [36m3673262[0m pos/sec)]
Estimated time to end of superbatch: [36m18.2[0ms     [Fsuperbatch [36m232[0m [[35m50.3[0m% ([36m384[0m/[36m763[0m batches, [36m3738153[0m pos/sec)]
Estimated time to end of superbatch: [36m13.3[0ms     [Fsuperbatch [36m232[0m [[35m67.1[0m% ([36m512[0m/[36m763[0m batches, [36m3531166[0m pos/sec)]
Estimated time to end of superbatch: [36m9.3[0ms     [Fsuperbatch [36m232[0m [[35m83.9[0m% ([36m640[0m/[36m763[0m batches, [36m3551275[0m pos/sec)]
Estimated time to end of superbatch: [36m4.5[0ms     [Fsuperbatch [36m232[0m | time [36m27.9[0ms | running loss [36m0.017515[0m | [36m3589552[0m pos/sec | total time [36m4748.4[0ms
Estimated time remaining in training: [36m0[0mh [36m26[0mm [36m36[0ms
LR dropped to [36m0.00024913874[0m
superbatch [36m233[0m [[35m0.0[0m% ([36m0[0m/[36m763[0m batches, [36m3076189[0m pos/sec)]
Estimated time to end of superbatch: [36minf[0ms     [Fsuperbatch [36m233[0m [[35m16.8[0m% ([36m128[0m/[36m763[0m batches, [36m3811222[0m pos/sec)]
Estimated time to end of superbatch: [36m22.0[0ms     [Fsuperbatch [36m233[0m [[35m33.6[0m% ([36m256[0m/[36m763[0m batches, [36m3400691[0m pos/sec)]
Estimated time to end of superbatch: [36m19.6[0ms     [Fsuperbatch [36m233[0m [[35m50.3[0m% ([36m384[0m/[36m763[0m batches, [36m3402363[0m pos/sec)]
Estimated time to end of superbatch: [36m14.6[0ms     [Fsuperbatch [36m233[0m [[35m67.1[0m% ([36m512[0m/[36m763[0m batches, [36m3491656[0m pos/sec)]
Estimated time to end of superbatch: [36m9.4[0ms     [Fsuperbatch [36m233[0m [[35m83.9[0m% ([36m640[0m/[36m763[0m batches, [36m3566066[0m pos/sec)]
Estimated time to end of superbatch: [36m4.5[0ms     [Fsuperbatch [36m233[0m | time [36m28.6[0ms | running loss [36m0.017592[0m | [36m3494288[0m pos/sec | total time [36m4777.0[0ms
Estimated time remaining in training: [36m0[0mh [36m26[0mm [36m18[0ms
LR dropped to [36m0.00024591613[0m
superbatch [36m234[0m [[35m0.0[0m% ([36m0[0m/[36m763[0m batches, [36m2810672[0m pos/sec)]
Estimated time to end of superbatch: [36minf[0ms     [Fsuperbatch [36m234[0m [[35m16.8[0m% ([36m128[0m/[36m763[0m batches, [36m3526871[0m pos/sec)]
Estimated time to end of superbatch: [36m23.8[0ms     [Fsuperbatch [36m234[0m [[35m33.6[0m% ([36m256[0m/[36m763[0m batches, [36m3680837[0m pos/sec)]
Estimated time to end of superbatch: [36m18.1[0ms     [Fsuperbatch [36m234[0m [[35m50.3[0m% ([36m384[0m/[36m763[0m batches, [36m3758760[0m pos/sec)]
Estimated time to end of superbatch: [36m13.3[0ms     [Fsuperbatch [36m234[0m [[35m67.1[0m% ([36m512[0m/[36m763[0m batches, [36m3571742[0m pos/sec)]
Estimated time to end of superbatch: [36m9.2[0ms     [Fsuperbatch [36m234[0m [[35m83.9[0m% ([36m640[0m/[36m763[0m batches, [36m3548172[0m pos/sec)]
Estimated time to end of superbatch: [36m4.6[0ms     [Fsuperbatch [36m234[0m | time [36m27.8[0ms | running loss [36m0.017596[0m | [36m3601357[0m pos/sec | total time [36m4804.8[0ms
Estimated time remaining in training: [36m0[0mh [36m26[0mm [36m0[0ms
LR dropped to [36m0.00024269358[0m
superbatch [36m235[0m [[35m0.0[0m% ([36m0[0m/[36m763[0m batches, [36m4926050[0m pos/sec)]
Estimated time to end of superbatch: [36minf[0ms     [Fsuperbatch [36m235[0m [[35m16.8[0m% ([36m128[0m/[36m763[0m batches, [36m3846779[0m pos/sec)]
Estimated time to end of superbatch: [36m21.8[0ms     [Fsuperbatch [36m235[0m [[35m33.6[0m% ([36m256[0m/[36m763[0m batches, [36m3483957[0m pos/sec)]
Estimated time to end of superbatch: [36m19.1[0ms     [Fsuperbatch [36m235[0m [[35m50.3[0m% ([36m384[0m/[36m763[0m batches, [36m3509010[0m pos/sec)]
Estimated time to end of superbatch: [36m14.2[0ms     [Fsuperbatch [36m235[0m [[35m67.1[0m% ([36m512[0m/[36m763[0m batches, [36m3611798[0m pos/sec)]
Estimated time to end of superbatch: [36m9.1[0ms     [Fsuperbatch [36m235[0m [[35m83.9[0m% ([36m640[0m/[36m763[0m batches, [36m3657627[0m pos/sec)]
Estimated time to end of superbatch: [36m4.4[0ms     [Fsuperbatch [36m235[0m | time [36m27.9[0ms | running loss [36m0.017757[0m | [36m3578280[0m pos/sec | total time [36m4832.7[0ms
Estimated time remaining in training: [36m0[0mh [36m25[0mm [36m42[0ms
LR dropped to [36m0.00023947097[0m
superbatch [36m236[0m [[35m0.0[0m% ([36m0[0m/[36m763[0m batches, [36m3295606[0m pos/sec)]
Estimated time to end of superbatch: [36minf[0ms     [Fsuperbatch [36m236[0m [[35m16.8[0m% ([36m128[0m/[36m763[0m batches, [36m3441567[0m pos/sec)]
Estimated time to end of superbatch: [36m24.4[0ms     [Fsuperbatch [36m236[0m [[35m33.6[0m% ([36m256[0m/[36m763[0m batches, [36m3623649[0m pos/sec)]
Estimated time to end of superbatch: [36m18.4[0ms     [Fsuperbatch [36m236[0m [[35m50.3[0m% ([36m384[0m/[36m763[0m batches, [36m3723160[0m pos/sec)]
Estimated time to end of superbatch: [36m13.4[0ms     [Fsuperbatch [36m236[0m [[35m67.1[0m% ([36m512[0m/[36m763[0m batches, [36m3581224[0m pos/sec)]
Estimated time to end of superbatch: [36m9.2[0ms     [Fsuperbatch [36m236[0m [[35m83.9[0m% ([36m640[0m/[36m763[0m batches, [36m3546981[0m pos/sec)]
Estimated time to end of superbatch: [36m4.6[0ms     [Fsuperbatch [36m236[0m | time [36m27.9[0ms | running loss [36m0.017856[0m | [36m3583438[0m pos/sec | total time [36m4860.6[0ms
Estimated time remaining in training: [36m0[0mh [36m25[0mm [36m24[0ms
LR dropped to [36m0.00023624842[0m
superbatch [36m237[0m [[35m0.0[0m% ([36m0[0m/[36m763[0m batches, [36m4061389[0m pos/sec)]
Estimated time to end of superbatch: [36minf[0ms     [Fsuperbatch [36m237[0m [[35m16.8[0m% ([36m128[0m/[36m763[0m batches, [36m3838937[0m pos/sec)]
Estimated time to end of superbatch: [36m21.9[0ms     [Fsuperbatch [36m237[0m [[35m33.6[0m% ([36m256[0m/[36m763[0m batches, [36m3465174[0m pos/sec)]
Estimated time to end of superbatch: [36m19.3[0ms     [Fsuperbatch [36m237[0m [[35m50.3[0m% ([36m384[0m/[36m763[0m batches, [36m3463726[0m pos/sec)]
Estimated time to end of superbatch: [36m14.4[0ms     [Fsuperbatch [36m237[0m [[35m67.1[0m% ([36m512[0m/[36m763[0m batches, [36m3561934[0m pos/sec)]
Estimated time to end of superbatch: [36m9.3[0ms     [Fsuperbatch [36m237[0m [[35m83.9[0m% ([36m640[0m/[36m763[0m batches, [36m3616790[0m pos/sec)]
Estimated time to end of superbatch: [36m4.5[0ms     [Fsuperbatch [36m237[0m | time [36m28.3[0ms | running loss [36m0.017876[0m | [36m3536769[0m pos/sec | total time [36m4888.9[0ms
Estimated time remaining in training: [36m0[0mh [36m25[0mm [36m5[0ms
LR dropped to [36m0.00023302581[0m
superbatch [36m238[0m [[35m0.0[0m% ([36m0[0m/[36m763[0m batches, [36m3224342[0m pos/sec)]
Estimated time to end of superbatch: [36minf[0ms     [Fsuperbatch [36m238[0m [[35m16.8[0m% ([36m128[0m/[36m763[0m batches, [36m3440928[0m pos/sec)]
Estimated time to end of superbatch: [36m24.4[0ms     [Fsuperbatch [36m238[0m [[35m33.6[0m% ([36m256[0m/[36m763[0m batches, [36m3631863[0m pos/sec)]
Estimated time to end of superbatch: [36m18.4[0ms     [Fsuperbatch [36m238[0m [[35m50.3[0m% ([36m384[0m/[36m763[0m batches, [36m3690566[0m pos/sec)]
Estimated time to end of superbatch: [36m13.5[0ms     [Fsuperbatch [36m238[0m [[35m67.1[0m% ([36m512[0m/[36m763[0m batches, [36m3553590[0m pos/sec)]
Estimated time to end of superbatch: [36m9.3[0ms     [Fsuperbatch [36m238[0m [[35m83.9[0m% ([36m640[0m/[36m763[0m batches, [36m3513559[0m pos/sec)]
Estimated time to end of superbatch: [36m4.6[0ms     [Fsuperbatch [36m238[0m | time [36m28.1[0ms | running loss [36m0.017932[0m | [36m3561253[0m pos/sec | total time [36m4917.0[0ms
Estimated time remaining in training: [36m0[0mh [36m24[0mm [36m47[0ms
LR dropped to [36m0.00022980326[0m
superbatch [36m239[0m [[35m0.0[0m% ([36m0[0m/[36m763[0m batches, [36m3374349[0m pos/sec)]
Estimated time to end of superbatch: [36minf[0ms     [Fsuperbatch [36m239[0m [[35m16.8[0m% ([36m128[0m/[36m763[0m batches, [36m3782004[0m pos/sec)]
Estimated time to end of superbatch: [36m22.2[0ms     [Fsuperbatch [36m239[0m [[35m33.6[0m% ([36m256[0m/[36m763[0m batches, [36m3536586[0m pos/sec)]
Estimated time to end of superbatch: [36m18.9[0ms     [Fsuperbatch [36m239[0m [[35m50.3[0m% ([36m384[0m/[36m763[0m batches, [36m3470137[0m pos/sec)]
Estimated time to end of superbatch: [36m14.4[0ms     [Fsuperbatch [36m239[0m [[35m67.1[0m% ([36m512[0m/[36m763[0m batches, [36m3560782[0m pos/sec)]
Estimated time to end of superbatch: [36m9.3[0ms     [Fsuperbatch [36m239[0m [[35m83.9[0m% ([36m640[0m/[36m763[0m batches, [36m3598152[0m pos/sec)]
Estimated time to end of superbatch: [36m4.5[0ms     [Fsuperbatch [36m239[0m | time [36m28.3[0ms | running loss [36m0.017901[0m | [36m3529885[0m pos/sec | total time [36m4945.3[0ms
Estimated time remaining in training: [36m0[0mh [36m24[0mm [36m29[0ms
LR dropped to [36m0.00022658071[0m
superbatch [36m240[0m [[35m0.0[0m% ([36m0[0m/[36m763[0m batches, [36m3878032[0m pos/sec)]
Estimated time to end of superbatch: [36minf[0ms     [Fsuperbatch [36m240[0m [[35m16.8[0m% ([36m128[0m/[36m763[0m batches, [36m3385797[0m pos/sec)]
Estimated time to end of superbatch: [36m24.8[0ms     [Fsuperbatch [36m240[0m [[35m33.6[0m% ([36m256[0m/[36m763[0m batches, [36m3615306[0m pos/sec)]
Estimated time to end of superbatch: [36m18.5[0ms     [Fsuperbatch [36m240[0m [[35m50.3[0m% ([36m384[0m/[36m763[0m batches, [36m3679938[0m pos/sec)]
Estimated time to end of superbatch: [36m13.5[0ms     [Fsuperbatch [36m240[0m [[35m67.1[0m% ([36m512[0m/[36m763[0m batches, [36m3563486[0m pos/sec)]
Estimated time to end of superbatch: [36m9.3[0ms     [Fsuperbatch [36m240[0m [[35m83.9[0m% ([36m640[0m/[36m763[0m batches, [36m3519830[0m pos/sec)]
Estimated time to end of superbatch: [36m4.6[0ms     [Fsuperbatch [36m240[0m | time [36m28.0[0ms | running loss [36m0.017998[0m | [36m3568773[0m pos/sec | total time [36m4973.4[0ms
Estimated time remaining in training: [36m0[0mh [36m24[0mm [36m10[0ms
Saved [anna-v3q-s1-240]
LR dropped to [36m0.0002233581[0m
superbatch [36m241[0m [[35m0.0[0m% ([36m0[0m/[36m763[0m batches, [36m5621124[0m pos/sec)]
Estimated time to end of superbatch: [36minf[0ms     [Fsuperbatch [36m241[0m [[35m16.8[0m% ([36m128[0m/[36m763[0m batches, [36m4811628[0m pos/sec)]
Estimated time to end of superbatch: [36m17.4[0ms     [Fsuperbatch [36m241[0m [[35m33.6[0m% ([36m256[0m/[36m763[0m batches, [36m3972541[0m pos/sec)]
Estimated time to end of superbatch: [36m16.8[0ms     [Fsuperbatch [36m241[0m [[35m50.3[0m% ([36m384[0m/[36m763[0m batches, [36m3722928[0m pos/sec)]
Estimated time to end of superbatch: [36m13.4[0ms     [Fsuperbatch [36m241[0m [[35m67.1[0m% ([36m512[0m/[36m763[0m batches, [36m3740638[0m pos/sec)]
Estimated time to end of superbatch: [36m8.8[0ms     [Fsuperbatch [36m241[0m [[35m83.9[0m% ([36m640[0m/[36m763[0m batches, [36m3763215[0m pos/sec)]
Estimated time to end of superbatch: [36m4.3[0ms     [Fsuperbatch [36m241[0m | time [36m27.2[0ms | running loss [36m0.017973[0m | [36m3678444[0m pos/sec | total time [36m5002.0[0ms
Estimated time remaining in training: [36m0[0mh [36m23[0mm [36m52[0ms
LR dropped to [36m0.00022013555[0m
superbatch [36m242[0m [[35m0.0[0m% ([36m0[0m/[36m763[0m batches, [36m3104225[0m pos/sec)]
Estimated time to end of superbatch: [36minf[0ms     [Fsuperbatch [36m242[0m [[35m16.8[0m% ([36m128[0m/[36m763[0m batches, [36m3241151[0m pos/sec)]
Estimated time to end of superbatch: [36m25.9[0ms     [Fsuperbatch [36m242[0m [[35m33.6[0m% ([36m256[0m/[36m763[0m batches, [36m3510301[0m pos/sec)]
Estimated time to end of superbatch: [36m19.0[0ms     [Fsuperbatch [36m242[0m [[35m50.3[0m% ([36m384[0m/[36m763[0m batches, [36m3623889[0m pos/sec)]
Estimated time to end of superbatch: [36m13.7[0ms     [Fsuperbatch [36m242[0m [[35m67.1[0m% ([36m512[0m/[36m763[0m batches, [36m3570110[0m pos/sec)]
Estimated time to end of superbatch: [36m9.2[0ms     [Fsuperbatch [36m242[0m [[35m83.9[0m% ([36m640[0m/[36m763[0m batches, [36m3511508[0m pos/sec)]
Estimated time to end of superbatch: [36m4.6[0ms     [Fsuperbatch [36m242[0m | time [36m28.1[0ms | running loss [36m0.018069[0m | [36m3562109[0m pos/sec | total time [36m5030.1[0ms
Estimated time remaining in training: [36m0[0mh [36m23[0mm [36m33[0ms
LR dropped to [36m0.00021691289[0m
superbatch [36m243[0m [[35m0.0[0m% ([36m0[0m/[36m763[0m batches, [36m5156748[0m pos/sec)]
Estimated time to end of superbatch: [36minf[0ms     [Fsuperbatch [36m243[0m [[35m16.8[0m% ([36m128[0m/[36m763[0m batches, [36m3784910[0m pos/sec)]
Estimated time to end of superbatch: [36m22.2[0ms     [Fsuperbatch [36m243[0m [[35m33.6[0m% ([36m256[0m/[36m763[0m batches, [36m3529576[0m pos/sec)]
Estimated time to end of superbatch: [36m18.9[0ms     [Fsuperbatch [36m243[0m [[35m50.3[0m% ([36m384[0m/[36m763[0m batches, [36m3454844[0m pos/sec)]
Estimated time to end of superbatch: [36m14.4[0ms     [Fsuperbatch [36m243[0m [[35m67.1[0m% ([36m512[0m/[36m763[0m batches, [36m3561635[0m pos/sec)]
Estimated time to end of superbatch: [36m9.3[0ms     [Fsuperbatch [36m243[0m [[35m83.9[0m% ([36m640[0m/[36m763[0m batches, [36m3626959[0m pos/sec)]
Estimated time to end of superbatch: [36m4.5[0ms     [Fsuperbatch [36m243[0m | time [36m27.9[0ms | running loss [36m0.018057[0m | [36m3586615[0m pos/sec | total time [36m5058.0[0ms
Estimated time remaining in training: [36m0[0mh [36m23[0mm [36m14[0ms
LR dropped to [36m0.00021369033[0m
superbatch [36m244[0m [[35m0.0[0m% ([36m0[0m/[36m763[0m batches, [36m3077177[0m pos/sec)]
Estimated time to end of superbatch: [36minf[0ms     [Fsuperbatch [36m244[0m [[35m16.8[0m% ([36m128[0m/[36m763[0m batches, [36m3119282[0m pos/sec)]
Estimated time to end of superbatch: [36m26.9[0ms     [Fsuperbatch [36m244[0m [[35m33.6[0m% ([36m256[0m/[36m763[0m batches, [36m3625506[0m pos/sec)]
Estimated time to end of superbatch: [36m18.4[0ms     [Fsuperbatch [36m244[0m [[35m50.3[0m% ([36m384[0m/[36m763[0m batches, [36m4002316[0m pos/sec)]
Estimated time to end of superbatch: [36m12.4[0ms     [Fsuperbatch [36m244[0m [[35m67.1[0m% ([36m512[0m/[36m763[0m batches, [36m4004001[0m pos/sec)]
Estimated time to end of superbatch: [36m8.2[0ms     [Fsuperbatch [36m244[0m [[35m83.9[0m% ([36m640[0m/[36m763[0m batches, [36m3729718[0m pos/sec)]
Estimated time to end of superbatch: [36m4.3[0ms     [Fsuperbatch [36m244[0m | time [36m27.0[0ms | running loss [36m0.018184[0m | [36m3701100[0m pos/sec | total time [36m5085.0[0ms
Estimated time remaining in training: [36m0[0mh [36m22[0mm [36m55[0ms
LR dropped to [36m0.00021046773[0m
superbatch [36m245[0m [[35m0.0[0m% ([36m0[0m/[36m763[0m batches, [36m4526499[0m pos/sec)]
Estimated time to end of superbatch: [36minf[0ms     [Fsuperbatch [36m245[0m [[35m16.8[0m% ([36m128[0m/[36m763[0m batches, [36m3755893[0m pos/sec)]
Estimated time to end of superbatch: [36m22.3[0ms     [Fsuperbatch [36m245[0m [[35m33.6[0m% ([36m256[0m/[36m763[0m batches, [36m3535492[0m pos/sec)]
Estimated time to end of superbatch: [36m18.9[0ms     [Fsuperbatch [36m245[0m [[35m50.3[0m% ([36m384[0m/[36m763[0m batches, [36m3413938[0m pos/sec)]
Estimated time to end of superbatch: [36m14.6[0ms     [Fsuperbatch [36m245[0m [[35m67.1[0m% ([36m512[0m/[36m763[0m batches, [36m3519618[0m pos/sec)]
Estimated time to end of superbatch: [36m9.4[0ms     [Fsuperbatch [36m245[0m [[35m83.9[0m% ([36m640[0m/[36m763[0m batches, [36m3591864[0m pos/sec)]
Estimated time to end of superbatch: [36m4.5[0ms     [Fsuperbatch [36m245[0m | time [36m28.1[0ms | running loss [36m0.018152[0m | [36m3559577[0m pos/sec | total time [36m5113.1[0ms
Estimated time remaining in training: [36m0[0mh [36m22[0mm [36m36[0ms
LR dropped to [36m0.00020724518[0m
superbatch [36m246[0m [[35m0.0[0m% ([36m0[0m/[36m763[0m batches, [36m2479478[0m pos/sec)]
Estimated time to end of superbatch: [36minf[0ms     [Fsuperbatch [36m246[0m [[35m16.8[0m% ([36m128[0m/[36m763[0m batches, [36m3124661[0m pos/sec)]
Estimated time to end of superbatch: [36m26.8[0ms     [Fsuperbatch [36m246[0m [[35m33.6[0m% ([36m256[0m/[36m763[0m batches, [36m3493066[0m pos/sec)]
Estimated time to end of superbatch: [36m19.1[0ms     [Fsuperbatch [36m246[0m [[35m50.3[0m% ([36m384[0m/[36m763[0m batches, [36m3620104[0m pos/sec)]
Estimated time to end of superbatch: [36m13.8[0ms     [Fsuperbatch [36m246[0m [[35m67.1[0m% ([36m512[0m/[36m763[0m batches, [36m3594877[0m pos/sec)]
Estimated time to end of superbatch: [36m9.2[0ms     [Fsuperbatch [36m246[0m [[35m83.9[0m% ([36m640[0m/[36m763[0m batches, [36m3523631[0m pos/sec)]
Estimated time to end of superbatch: [36m4.6[0ms     [Fsuperbatch [36m246[0m | time [36m27.9[0ms | running loss [36m0.018264[0m | [36m3580314[0m pos/sec | total time [36m5141.0[0ms
Estimated time remaining in training: [36m0[0mh [36m22[0mm [36m17[0ms
LR dropped to [36m0.00020402257[0m
superbatch [36m247[0m [[35m0.0[0m% ([36m0[0m/[36m763[0m batches, [36m4715522[0m pos/sec)]
Estimated time to end of superbatch: [36minf[0ms     [Fsuperbatch [36m247[0m [[35m16.8[0m% ([36m128[0m/[36m763[0m batches, [36m3847514[0m pos/sec)]
Estimated time to end of superbatch: [36m21.8[0ms     [Fsuperbatch [36m247[0m [[35m33.6[0m% ([36m256[0m/[36m763[0m batches, [36m3669698[0m pos/sec)]
Estimated time to end of superbatch: [36m18.2[0ms     [Fsuperbatch [36m247[0m [[35m50.3[0m% ([36m384[0m/[36m763[0m batches, [36m3479310[0m pos/sec)]
Estimated time to end of superbatch: [36m14.3[0ms     [Fsuperbatch [36m247[0m [[35m67.1[0m% ([36m512[0m/[36m763[0m batches, [36m3562088[0m pos/sec)]
Estimated time to end of superbatch: [36m9.3[0ms     [Fsuperbatch [36m247[0m [[35m83.9[0m% ([36m640[0m/[36m763[0m batches, [36m3619384[0m pos/sec)]
Estimated time to end of superbatch: [36m4.5[0ms     [Fsuperbatch [36m247[0m | time [36m27.8[0ms | running loss [36m0.018216[0m | [36m3600154[0m pos/sec | total time [36m5168.8[0ms
Estimated time remaining in training: [36m0[0mh [36m21[0mm [36m58[0ms
LR dropped to [36m0.00020080002[0m
superbatch [36m248[0m [[35m0.0[0m% ([36m0[0m/[36m763[0m batches, [36m3509156[0m pos/sec)]
Estimated time to end of superbatch: [36minf[0ms     [Fsuperbatch [36m248[0m [[35m16.8[0m% ([36m128[0m/[36m763[0m batches, [36m3175334[0m pos/sec)]
Estimated time to end of superbatch: [36m26.4[0ms     [Fsuperbatch [36m248[0m [[35m33.6[0m% ([36m256[0m/[36m763[0m batches, [36m3465439[0m pos/sec)]
Estimated time to end of superbatch: [36m19.3[0ms     [Fsuperbatch [36m248[0m [[35m50.3[0m% ([36m384[0m/[36m763[0m batches, [36m3587016[0m pos/sec)]
Estimated time to end of superbatch: [36m13.9[0ms     [Fsuperbatch [36m248[0m [[35m67.1[0m% ([36m512[0m/[36m763[0m batches, [36m3571648[0m pos/sec)]
Estimated time to end of superbatch: [36m9.2[0ms     [Fsuperbatch [36m248[0m [[35m83.9[0m% ([36m640[0m/[36m763[0m batches, [36m3481248[0m pos/sec)]
Estimated time to end of superbatch: [36m4.6[0ms     [Fsuperbatch [36m248[0m | time [36m28.2[0ms | running loss [36m0.018371[0m | [36m3542458[0m pos/sec | total time [36m5197.1[0ms
Estimated time remaining in training: [36m0[0mh [36m21[0mm [36m39[0ms
LR dropped to [36m0.0001975774[0m
superbatch [36m249[0m [[35m0.0[0m% ([36m0[0m/[36m763[0m batches, [36m2956300[0m pos/sec)]
Estimated time to end of superbatch: [36minf[0ms     [Fsuperbatch [36m249[0m [[35m16.8[0m% ([36m128[0m/[36m763[0m batches, [36m3876091[0m pos/sec)]
Estimated time to end of superbatch: [36m21.6[0ms     [Fsuperbatch [36m249[0m [[35m33.6[0m% ([36m256[0m/[36m763[0m batches, [36m3689441[0m pos/sec)]
Estimated time to end of superbatch: [36m18.1[0ms     [Fsuperbatch [36m249[0m [[35m50.3[0m% ([36m384[0m/[36m763[0m batches, [36m3520731[0m pos/sec)]
Estimated time to end of superbatch: [36m14.1[0ms     [Fsuperbatch [36m249[0m [[35m67.1[0m% ([36m512[0m/[36m763[0m batches, [36m3607256[0m pos/sec)]
Estimated time to end of superbatch: [36m9.1[0ms     [Fsuperbatch [36m249[0m [[35m83.9[0m% ([36m640[0m/[36m763[0m batches, [36m3659359[0m pos/sec)]
Estimated time to end of superbatch: [36m4.4[0ms     [Fsuperbatch [36m249[0m | time [36m27.3[0ms | running loss [36m0.018305[0m | [36m3660173[0m pos/sec | total time [36m5224.4[0ms
Estimated time remaining in training: [36m0[0mh [36m21[0mm [36m19[0ms
LR dropped to [36m0.00019435486[0m
superbatch [36m250[0m [[35m0.0[0m% ([36m0[0m/[36m763[0m batches, [36m2076319[0m pos/sec)]
Estimated time to end of superbatch: [36minf[0ms     [Fsuperbatch [36m250[0m [[35m16.8[0m% ([36m128[0m/[36m763[0m batches, [36m3087365[0m pos/sec)]
Estimated time to end of superbatch: [36m27.2[0ms     [Fsuperbatch [36m250[0m [[35m33.6[0m% ([36m256[0m/[36m763[0m batches, [36m3386274[0m pos/sec)]
Estimated time to end of superbatch: [36m19.7[0ms     [Fsuperbatch [36m250[0m [[35m50.3[0m% ([36m384[0m/[36m763[0m batches, [36m3539194[0m pos/sec)]
Estimated time to end of superbatch: [36m14.1[0ms     [Fsuperbatch [36m250[0m [[35m67.1[0m% ([36m512[0m/[36m763[0m batches, [36m3553007[0m pos/sec)]
Estimated time to end of superbatch: [36m9.3[0ms     [Fsuperbatch [36m250[0m [[35m83.9[0m% ([36m640[0m/[36m763[0m batches, [36m3464770[0m pos/sec)]
Estimated time to end of superbatch: [36m4.7[0ms     [Fsuperbatch [36m250[0m | time [36m28.3[0ms | running loss [36m0.018445[0m | [36m3528318[0m pos/sec | total time [36m5252.7[0ms
Estimated time remaining in training: [36m0[0mh [36m21[0mm [36m0[0ms
Saved [anna-v3q-s1-250]
LR dropped to [36m0.00019113225[0m
superbatch [36m251[0m [[35m0.0[0m% ([36m0[0m/[36m763[0m batches, [36m3906738[0m pos/sec)]
Estimated time to end of superbatch: [36minf[0ms     [Fsuperbatch [36m251[0m [[35m16.8[0m% ([36m128[0m/[36m763[0m batches, [36m5075953[0m pos/sec)]
Estimated time to end of superbatch: [36m16.5[0ms     [Fsuperbatch [36m251[0m [[35m33.6[0m% ([36m256[0m/[36m763[0m batches, [36m4184912[0m pos/sec)]
Estimated time to end of superbatch: [36m15.9[0ms     [Fsuperbatch [36m251[0m [[35m50.3[0m% ([36m384[0m/[36m763[0m batches, [36m3767218[0m pos/sec)]
Estimated time to end of superbatch: [36m13.2[0ms     [Fsuperbatch [36m251[0m [[35m67.1[0m% ([36m512[0m/[36m763[0m batches, [36m3781465[0m pos/sec)]
Estimated time to end of superbatch: [36m8.7[0ms     [Fsuperbatch [36m251[0m [[35m83.9[0m% ([36m640[0m/[36m763[0m batches, [36m3809559[0m pos/sec)]
Estimated time to end of superbatch: [36m4.2[0ms     [Fsuperbatch [36m251[0m | time [36m26.4[0ms | running loss [36m0.018339[0m | [36m3786678[0m pos/sec | total time [36m5280.7[0ms
Estimated time remaining in training: [36m0[0mh [36m20[0mm [36m41[0ms
LR dropped to [36m0.0001879097[0m
superbatch [36m252[0m [[35m0.0[0m% ([36m0[0m/[36m763[0m batches, [36m3474518[0m pos/sec)]
Estimated time to end of superbatch: [36minf[0ms     [Fsuperbatch [36m252[0m [[35m16.8[0m% ([36m128[0m/[36m763[0m batches, [36m3063269[0m pos/sec)]
Estimated time to end of superbatch: [36m27.4[0ms     [Fsuperbatch [36m252[0m [[35m33.6[0m% ([36m256[0m/[36m763[0m batches, [36m3438512[0m pos/sec)]
Estimated time to end of superbatch: [36m19.4[0ms     [Fsuperbatch [36m252[0m [[35m50.3[0m% ([36m384[0m/[36m763[0m batches, [36m3571177[0m pos/sec)]
Estimated time to end of superbatch: [36m13.9[0ms     [Fsuperbatch [36m252[0m [[35m67.1[0m% ([36m512[0m/[36m763[0m batches, [36m3626158[0m pos/sec)]
Estimated time to end of superbatch: [36m9.1[0ms     [Fsuperbatch [36m252[0m [[35m83.9[0m% ([36m640[0m/[36m763[0m batches, [36m3496498[0m pos/sec)]
Estimated time to end of superbatch: [36m4.6[0ms     [Fsuperbatch [36m252[0m | time [36m28.3[0ms | running loss [36m0.018545[0m | [36m3537358[0m pos/sec | total time [36m5309.0[0ms
Estimated time remaining in training: [36m0[0mh [36m20[0mm [36m21[0ms
LR dropped to [36m0.00018468709[0m
superbatch [36m253[0m [[35m0.0[0m% ([36m0[0m/[36m763[0m batches, [36m5002812[0m pos/sec)]
Estimated time to end of superbatch: [36minf[0ms     [Fsuperbatch [36m253[0m [[35m16.8[0m% ([36m128[0m/[36m763[0m batches, [36m3898784[0m pos/sec)]
Estimated time to end of superbatch: [36m21.5[0ms     [Fsuperbatch [36m253[0m [[35m33.6[0m% ([36m256[0m/[36m763[0m batches, [36m3803961[0m pos/sec)]
Estimated time to end of superbatch: [36m17.5[0ms     [Fsuperbatch [36m253[0m [[35m50.3[0m% ([36m384[0m/[36m763[0m batches, [36m3497059[0m pos/sec)]
Estimated time to end of superbatch: [36m14.2[0ms     [Fsuperbatch [36m253[0m [[35m67.1[0m% ([36m512[0m/[36m763[0m batches, [36m3571705[0m pos/sec)]
Estimated time to end of superbatch: [36m9.2[0ms     [Fsuperbatch [36m253[0m [[35m83.9[0m% ([36m640[0m/[36m763[0m batches, [36m3623560[0m pos/sec)]
Estimated time to end of superbatch: [36m4.5[0ms     [Fsuperbatch [36m253[0m | time [36m27.4[0ms | running loss [36m0.018446[0m | [36m3644256[0m pos/sec | total time [36m5336.4[0ms
Estimated time remaining in training: [36m0[0mh [36m20[0mm [36m2[0ms
LR dropped to [36m0.00018146454[0m
superbatch [36m254[0m [[35m0.0[0m% ([36m0[0m/[36m763[0m batches, [36m3182467[0m pos/sec)]
Estimated time to end of superbatch: [36minf[0ms     [Fsuperbatch [36m254[0m [[35m16.8[0m% ([36m128[0m/[36m763[0m batches, [36m3142795[0m pos/sec)]
Estimated time to end of superbatch: [36m26.7[0ms     [Fsuperbatch [36m254[0m [[35m33.6[0m% ([36m256[0m/[36m763[0m batches, [36m3425312[0m pos/sec)]
Estimated time to end of superbatch: [36m19.5[0ms     [Fsuperbatch [36m254[0m [[35m50.3[0m% ([36m384[0m/[36m763[0m batches, [36m3547279[0m pos/sec)]
Estimated time to end of superbatch: [36m14.0[0ms     [Fsuperbatch [36m254[0m [[35m67.1[0m% ([36m512[0m/[36m763[0m batches, [36m3589313[0m pos/sec)]
Estimated time to end of superbatch: [36m9.2[0ms     [Fsuperbatch [36m254[0m [[35m83.9[0m% ([36m640[0m/[36m763[0m batches, [36m3469068[0m pos/sec)]
Estimated time to end of superbatch: [36m4.7[0ms     [Fsuperbatch [36m254[0m | time [36m28.6[0ms | running loss [36m0.018682[0m | [36m3502686[0m pos/sec | total time [36m5365.0[0ms
Estimated time remaining in training: [36m0[0mh [36m19[0mm [36m42[0ms
LR dropped to [36m0.00017824199[0m
superbatch [36m255[0m [[35m0.0[0m% ([36m0[0m/[36m763[0m batches, [36m4241168[0m pos/sec)]
Estimated time to end of superbatch: [36minf[0ms     [Fsuperbatch [36m255[0m [[35m16.8[0m% ([36m128[0m/[36m763[0m batches, [36m3964762[0m pos/sec)]
Estimated time to end of superbatch: [36m21.2[0ms     [Fsuperbatch [36m255[0m [[35m33.6[0m% ([36m256[0m/[36m763[0m batches, [36m3899150[0m pos/sec)]
Estimated time to end of superbatch: [36m17.1[0ms     [Fsuperbatch [36m255[0m [[35m50.3[0m% ([36m384[0m/[36m763[0m batches, [36m3594981[0m pos/sec)]
Estimated time to end of superbatch: [36m13.9[0ms     [Fsuperbatch [36m255[0m [[35m67.1[0m% ([36m512[0m/[36m763[0m batches, [36m3620002[0m pos/sec)]
Estimated time to end of superbatch: [36m9.1[0ms     [Fsuperbatch [36m255[0m [[35m83.9[0m% ([36m640[0m/[36m763[0m batches, [36m3669881[0m pos/sec)]
Estimated time to end of superbatch: [36m4.4[0ms     [Fsuperbatch [36m255[0m | time [36m27.1[0ms | running loss [36m0.018577[0m | [36m3693894[0m pos/sec | total time [36m5392.1[0ms
Estimated time remaining in training: [36m0[0mh [36m19[0mm [36m22[0ms
LR dropped to [36m0.00017501938[0m
superbatch [36m256[0m [[35m0.0[0m% ([36m0[0m/[36m763[0m batches, [36m3225938[0m pos/sec)]
Estimated time to end of superbatch: [36minf[0ms     [Fsuperbatch [36m256[0m [[35m16.8[0m% ([36m128[0m/[36m763[0m batches, [36m3172150[0m pos/sec)]
Estimated time to end of superbatch: [36m26.4[0ms     [Fsuperbatch [36m256[0m [[35m33.6[0m% ([36m256[0m/[36m763[0m batches, [36m3359611[0m pos/sec)]
Estimated time to end of superbatch: [36m19.9[0ms     [Fsuperbatch [36m256[0m [[35m50.3[0m% ([36m384[0m/[36m763[0m batches, [36m3522849[0m pos/sec)]
Estimated time to end of superbatch: [36m14.1[0ms     [Fsuperbatch [36m256[0m [[35m67.1[0m% ([36m512[0m/[36m763[0m batches, [36m3598074[0m pos/sec)]
Estimated time to end of superbatch: [36m9.2[0ms     [Fsuperbatch [36m256[0m [[35m83.9[0m% ([36m640[0m/[36m763[0m batches, [36m3471844[0m pos/sec)]
Estimated time to end of superbatch: [36m4.7[0ms     [Fsuperbatch [36m256[0m | time [36m28.6[0ms | running loss [36m0.018788[0m | [36m3496408[0m pos/sec | total time [36m5420.7[0ms
Estimated time remaining in training: [36m0[0mh [36m19[0mm [36m3[0ms
LR dropped to [36m0.00017179683[0m
superbatch [36m257[0m [[35m0.0[0m% ([36m0[0m/[36m763[0m batches, [36m2797571[0m pos/sec)]
Estimated time to end of superbatch: [36minf[0ms     [Fsuperbatch [36m257[0m [[35m16.8[0m% ([36m128[0m/[36m763[0m batches, [36m3826417[0m pos/sec)]
Estimated time to end of superbatch: [36m21.9[0ms     [Fsuperbatch [36m257[0m [[35m33.6[0m% ([36m256[0m/[36m763[0m batches, [36m3838438[0m pos/sec)]
Estimated time to end of superbatch: [36m17.4[0ms     [Fsuperbatch [36m257[0m [[35m50.3[0m% ([36m384[0m/[36m763[0m batches, [36m3558084[0m pos/sec)]
Estimated time to end of superbatch: [36m14.0[0ms     [Fsuperbatch [36m257[0m [[35m67.1[0m% ([36m512[0m/[36m763[0m batches, [36m3579594[0m pos/sec)]
Estimated time to end of superbatch: [36m9.2[0ms     [Fsuperbatch [36m257[0m [[35m83.9[0m% ([36m640[0m/[36m763[0m batches, [36m3640949[0m pos/sec)]
Estimated time to end of superbatch: [36m4.4[0ms     [Fsuperbatch [36m257[0m | time [36m27.3[0ms | running loss [36m0.018629[0m | [36m3668560[0m pos/sec | total time [36m5447.9[0ms
Estimated time remaining in training: [36m0[0mh [36m18[0mm [36m43[0ms
LR dropped to [36m0.00016857422[0m
superbatch [36m258[0m [[35m0.0[0m% ([36m0[0m/[36m763[0m batches, [36m3657069[0m pos/sec)]
Estimated time to end of superbatch: [36minf[0ms     [Fsuperbatch [36m258[0m [[35m16.8[0m% ([36m128[0m/[36m763[0m batches, [36m3043784[0m pos/sec)]
Estimated time to end of superbatch: [36m27.6[0ms     [Fsuperbatch [36m258[0m [[35m33.6[0m% ([36m256[0m/[36m763[0m batches, [36m3307460[0m pos/sec)]
Estimated time to end of superbatch: [36m20.2[0ms     [Fsuperbatch [36m258[0m [[35m50.3[0m% ([36m384[0m/[36m763[0m batches, [36m3484852[0m pos/sec)]
Estimated time to end of superbatch: [36m14.3[0ms     [Fsuperbatch [36m258[0m [[35m67.1[0m% ([36m512[0m/[36m763[0m batches, [36m3597598[0m pos/sec)]
Estimated time to end of superbatch: [36m9.2[0ms     [Fsuperbatch [36m258[0m [[35m83.9[0m% ([36m640[0m/[36m763[0m batches, [36m3485508[0m pos/sec)]
Estimated time to end of superbatch: [36m4.6[0ms     [Fsuperbatch [36m258[0m | time [36m28.6[0ms | running loss [36m0.018826[0m | [36m3500393[0m pos/sec | total time [36m5476.5[0ms
Estimated time remaining in training: [36m0[0mh [36m18[0mm [36m23[0ms
LR dropped to [36m0.00016535167[0m
superbatch [36m259[0m [[35m0.0[0m% ([36m0[0m/[36m763[0m batches, [36m5508514[0m pos/sec)]
Estimated time to end of superbatch: [36minf[0ms     [Fsuperbatch [36m259[0m [[35m16.8[0m% ([36m128[0m/[36m763[0m batches, [36m3872293[0m pos/sec)]
Estimated time to end of superbatch: [36m21.7[0ms     [Fsuperbatch [36m259[0m [[35m33.6[0m% ([36m256[0m/[36m763[0m batches, [36m3918598[0m pos/sec)]
Estimated time to end of superbatch: [36m17.0[0ms     [Fsuperbatch [36m259[0m [[35m50.3[0m% ([36m384[0m/[36m763[0m batches, [36m3682133[0m pos/sec)]
Estimated time to end of superbatch: [36m13.5[0ms     [Fsuperbatch [36m259[0m [[35m67.1[0m% ([36m512[0m/[36m763[0m batches, [36m3942839[0m pos/sec)]
Estimated time to end of superbatch: [36m8.4[0ms     [Fsuperbatch [36m259[0m [[35m83.9[0m% ([36m640[0m/[36m763[0m batches, [36m3826657[0m pos/sec)]
Estimated time to end of superbatch: [36m4.2[0ms     [Fsuperbatch [36m259[0m | time [36m29.6[0ms | running loss [36m0.018676[0m | [36m3381478[0m pos/sec | total time [36m5506.1[0ms
Estimated time remaining in training: [36m0[0mh [36m18[0mm [36m4[0ms
LR dropped to [36m0.00016212906[0m
superbatch [36m260[0m [[35m0.0[0m% ([36m0[0m/[36m763[0m batches, [36m3077436[0m pos/sec)]
Estimated time to end of superbatch: [36minf[0ms     [Fsuperbatch [36m260[0m [[35m16.8[0m% ([36m128[0m/[36m763[0m batches, [36m3191365[0m pos/sec)]
Estimated time to end of superbatch: [36m26.3[0ms     [Fsuperbatch [36m260[0m [[35m33.6[0m% ([36m256[0m/[36m763[0m batches, [36m3915558[0m pos/sec)]
Estimated time to end of superbatch: [36m17.0[0ms     [Fsuperbatch [36m260[0m [[35m50.3[0m% ([36m384[0m/[36m763[0m batches, [36m4229544[0m pos/sec)]
Estimated time to end of superbatch: [36m11.8[0ms     [Fsuperbatch [36m260[0m [[35m67.1[0m% ([36m512[0m/[36m763[0m batches, [36m4407943[0m pos/sec)]
Estimated time to end of superbatch: [36m7.5[0ms     [Fsuperbatch [36m260[0m [[35m83.9[0m% ([36m640[0m/[36m763[0m batches, [36m4477327[0m pos/sec)]
Estimated time to end of superbatch: [36m3.6[0ms     [Fsuperbatch [36m260[0m | time [36m22.0[0ms | running loss [36m0.018917[0m | [36m4552154[0m pos/sec | total time [36m5528.0[0ms
Estimated time remaining in training: [36m0[0mh [36m17[0mm [36m43[0ms
Saved [anna-v3q-s1-260]
LR dropped to [36m0.0001589065[0m
superbatch [36m261[0m [[35m0.0[0m% ([36m0[0m/[36m763[0m batches, [36m3733848[0m pos/sec)]
Estimated time to end of superbatch: [36minf[0ms     [Fsuperbatch [36m261[0m [[35m16.8[0m% ([36m128[0m/[36m763[0m batches, [36m5587352[0m pos/sec)]
Estimated time to end of superbatch: [36m15.0[0ms     [Fsuperbatch [36m261[0m [[35m33.6[0m% ([36m256[0m/[36m763[0m batches, [36m5609814[0m pos/sec)]
Estimated time to end of superbatch: [36m11.9[0ms     [Fsuperbatch [36m261[0m [[35m50.3[0m% ([36m384[0m/[36m763[0m batches, [36m5616292[0m pos/sec)]
Estimated time to end of superbatch: [36m8.9[0ms     [Fsuperbatch [36m261[0m [[35m67.1[0m% ([36m512[0m/[36m763[0m batches, [36m5457777[0m pos/sec)]
Estimated time to end of superbatch: [36m6.0[0ms     [Fsuperbatch [36m261[0m [[35m83.9[0m% ([36m640[0m/[36m763[0m batches, [36m5356342[0m pos/sec)]
Estimated time to end of superbatch: [36m3.0[0ms     [Fsuperbatch [36m261[0m | time [36m18.8[0ms | running loss [36m0.018811[0m | [36m5312142[0m pos/sec | total time [36m5548.2[0ms
Estimated time remaining in training: [36m0[0mh [36m17[0mm [36m21[0ms
LR dropped to [36m0.00015568384[0m
superbatch [36m262[0m [[35m0.0[0m% ([36m0[0m/[36m763[0m batches, [36m5531207[0m pos/sec)]
Estimated time to end of superbatch: [36minf[0ms     [Fsuperbatch [36m262[0m [[35m16.8[0m% ([36m128[0m/[36m763[0m batches, [36m4825780[0m pos/sec)]
Estimated time to end of superbatch: [36m17.4[0ms     [Fsuperbatch [36m262[0m [[35m33.6[0m% ([36m256[0m/[36m763[0m batches, [36m4836723[0m pos/sec)]
Estimated time to end of superbatch: [36m13.8[0ms     [Fsuperbatch [36m262[0m [[35m50.3[0m% ([36m384[0m/[36m763[0m batches, [36m4896987[0m pos/sec)]
Estimated time to end of superbatch: [36m10.2[0ms     [Fsuperbatch [36m262[0m [[35m67.1[0m% ([36m512[0m/[36m763[0m batches, [36m4951768[0m pos/sec)]
Estimated time to end of superbatch: [36m6.7[0ms     [Fsuperbatch [36m262[0m [[35m83.9[0m% ([36m640[0m/[36m763[0m batches, [36m4914968[0m pos/sec)]
Estimated time to end of superbatch: [36m3.3[0ms     [Fsuperbatch [36m262[0m | time [36m20.4[0ms | running loss [36m0.018954[0m | [36m4912134[0m pos/sec | total time [36m5568.6[0ms
Estimated time remaining in training: [36m0[0mh [36m17[0mm [36m0[0ms
LR dropped to [36m0.00015246129[0m
superbatch [36m263[0m [[35m0.0[0m% ([36m0[0m/[36m763[0m batches, [36m5407436[0m pos/sec)]
Estimated time to end of superbatch: [36minf[0ms     [Fsuperbatch [36m263[0m [[35m16.8[0m% ([36m128[0m/[36m763[0m batches, [36m5039938[0m pos/sec)]
Estimated time to end of superbatch: [36m16.6[0ms     [Fsuperbatch [36m263[0m [[35m33.6[0m% ([36m256[0m/[36m763[0m batches, [36m5047244[0m pos/sec)]
Estimated time to end of superbatch: [36m13.2[0ms     [Fsuperbatch [36m263[0m [[35m50.3[0m% ([36m384[0m/[36m763[0m batches, [36m4970034[0m pos/sec)]
Estimated time to end of superbatch: [36m10.0[0ms     [Fsuperbatch [36m263[0m [[35m67.1[0m% ([36m512[0m/[36m763[0m batches, [36m4948474[0m pos/sec)]
Estimated time to end of superbatch: [36m6.7[0ms     [Fsuperbatch [36m263[0m [[35m83.9[0m% ([36m640[0m/[36m763[0m batches, [36m4975182[0m pos/sec)]
Estimated time to end of superbatch: [36m3.2[0ms     [Fsuperbatch [36m263[0m | time [36m20.1[0ms | running loss [36m0.018905[0m | [36m4984035[0m pos/sec | total time [36m5588.6[0ms
Estimated time remaining in training: [36m0[0mh [36m16[0mm [36m38[0ms
LR dropped to [36m0.00014923868[0m
superbatch [36m264[0m [[35m0.0[0m% ([36m0[0m/[36m763[0m batches, [36m5526619[0m pos/sec)]
Estimated time to end of superbatch: [36minf[0ms     [Fsuperbatch [36m264[0m [[35m16.8[0m% ([36m128[0m/[36m763[0m batches, [36m4719546[0m pos/sec)]
Estimated time to end of superbatch: [36m17.8[0ms     [Fsuperbatch [36m264[0m [[35m33.6[0m% ([36m256[0m/[36m763[0m batches, [36m4796767[0m pos/sec)]
Estimated time to end of superbatch: [36m13.9[0ms     [Fsuperbatch [36m264[0m [[35m50.3[0m% ([36m384[0m/[36m763[0m batches, [36m4871655[0m pos/sec)]
Estimated time to end of superbatch: [36m10.2[0ms     [Fsuperbatch [36m264[0m [[35m67.1[0m% ([36m512[0m/[36m763[0m batches, [36m4921364[0m pos/sec)]
Estimated time to end of superbatch: [36m6.7[0ms     [Fsuperbatch [36m264[0m [[35m83.9[0m% ([36m640[0m/[36m763[0m batches, [36m4908683[0m pos/sec)]
Estimated time to end of superbatch: [36m3.3[0ms     [Fsuperbatch [36m264[0m | time [36m20.4[0ms | running loss [36m0.019094[0m | [36m4897999[0m pos/sec | total time [36m5609.0[0ms
Estimated time remaining in training: [36m0[0mh [36m16[0mm [36m17[0ms
LR dropped to [36m0.00014601613[0m
superbatch [36m265[0m [[35m0.0[0m% ([36m0[0m/[36m763[0m batches, [36m5619744[0m pos/sec)]
Estimated time to end of superbatch: [36minf[0ms     [Fsuperbatch [36m265[0m [[35m16.8[0m% ([36m128[0m/[36m763[0m batches, [36m5085796[0m pos/sec)]
Estimated time to end of superbatch: [36m16.5[0ms     [Fsuperbatch [36m265[0m [[35m33.6[0m% ([36m256[0m/[36m763[0m batches, [36m5073951[0m pos/sec)]
Estimated time to end of superbatch: [36m13.1[0ms     [Fsuperbatch [36m265[0m [[35m50.3[0m% ([36m384[0m/[36m763[0m batches, [36m4951848[0m pos/sec)]
Estimated time to end of superbatch: [36m10.1[0ms     [Fsuperbatch [36m265[0m [[35m67.1[0m% ([36m512[0m/[36m763[0m batches, [36m4928960[0m pos/sec)]
Estimated time to end of superbatch: [36m6.7[0ms     [Fsuperbatch [36m265[0m [[35m83.9[0m% ([36m640[0m/[36m763[0m batches, [36m4930556[0m pos/sec)]
Estimated time to end of superbatch: [36m3.3[0ms     [Fsuperbatch [36m265[0m | time [36m20.2[0ms | running loss [36m0.019008[0m | [36m4953975[0m pos/sec | total time [36m5629.2[0ms
Estimated time remaining in training: [36m0[0mh [36m15[0mm [36m55[0ms
LR dropped to [36m0.00014279352[0m
superbatch [36m266[0m [[35m0.0[0m% ([36m0[0m/[36m763[0m batches, [36m5538076[0m pos/sec)]
Estimated time to end of superbatch: [36minf[0ms     [Fsuperbatch [36m266[0m [[35m16.8[0m% ([36m128[0m/[36m763[0m batches, [36m4858750[0m pos/sec)]
Estimated time to end of superbatch: [36m17.3[0ms     [Fsuperbatch [36m266[0m [[35m33.6[0m% ([36m256[0m/[36m763[0m batches, [36m4874292[0m pos/sec)]
Estimated time to end of superbatch: [36m13.7[0ms     [Fsuperbatch [36m266[0m [[35m50.3[0m% ([36m384[0m/[36m763[0m batches, [36m4937920[0m pos/sec)]
Estimated time to end of superbatch: [36m10.1[0ms     [Fsuperbatch [36m266[0m [[35m67.1[0m% ([36m512[0m/[36m763[0m batches, [36m4946491[0m pos/sec)]
Estimated time to end of superbatch: [36m6.7[0ms     [Fsuperbatch [36m266[0m [[35m83.9[0m% ([36m640[0m/[36m763[0m batches, [36m4955503[0m pos/sec)]
Estimated time to end of superbatch: [36m3.3[0ms     [Fsuperbatch [36m266[0m | time [36m20.2[0ms | running loss [36m0.019163[0m | [36m4939132[0m pos/sec | total time [36m5649.5[0ms
Estimated time remaining in training: [36m0[0mh [36m15[0mm [36m34[0ms
LR dropped to [36m0.00013957097[0m
superbatch [36m267[0m [[35m0.0[0m% ([36m0[0m/[36m763[0m batches, [36m5583745[0m pos/sec)]
Estimated time to end of superbatch: [36minf[0ms     [Fsuperbatch [36m267[0m [[35m16.8[0m% ([36m128[0m/[36m763[0m batches, [36m5104611[0m pos/sec)]
Estimated time to end of superbatch: [36m16.4[0ms     [Fsuperbatch [36m267[0m [[35m33.6[0m% ([36m256[0m/[36m763[0m batches, [36m5061724[0m pos/sec)]
Estimated time to end of superbatch: [36m13.2[0ms     [Fsuperbatch [36m267[0m [[35m50.3[0m% ([36m384[0m/[36m763[0m batches, [36m4944502[0m pos/sec)]
Estimated time to end of superbatch: [36m10.1[0ms     [Fsuperbatch [36m267[0m [[35m67.1[0m% ([36m512[0m/[36m763[0m batches, [36m4897972[0m pos/sec)]
Estimated time to end of superbatch: [36m6.7[0ms     [Fsuperbatch [36m267[0m [[35m83.9[0m% ([36m640[0m/[36m763[0m batches, [36m4943742[0m pos/sec)]
Estimated time to end of superbatch: [36m3.3[0ms     [Fsuperbatch [36m267[0m | time [36m20.2[0ms | running loss [36m0.019082[0m | [36m4956081[0m pos/sec | total time [36m5669.7[0ms
Estimated time remaining in training: [36m0[0mh [36m15[0mm [36m13[0ms
LR dropped to [36m0.00013634842[0m
superbatch [36m268[0m [[35m0.0[0m% ([36m0[0m/[36m763[0m batches, [36m5591526[0m pos/sec)]
Estimated time to end of superbatch: [36minf[0ms     [Fsuperbatch [36m268[0m [[35m16.8[0m% ([36m128[0m/[36m763[0m batches, [36m4906440[0m pos/sec)]
Estimated time to end of superbatch: [36m17.1[0ms     [Fsuperbatch [36m268[0m [[35m33.6[0m% ([36m256[0m/[36m763[0m batches, [36m4802534[0m pos/sec)]
Estimated time to end of superbatch: [36m13.9[0ms     [Fsuperbatch [36m268[0m [[35m50.3[0m% ([36m384[0m/[36m763[0m batches, [36m4899221[0m pos/sec)]
Estimated time to end of superbatch: [36m10.2[0ms     [Fsuperbatch [36m268[0m [[35m67.1[0m% ([36m512[0m/[36m763[0m batches, [36m4928423[0m pos/sec)]
Estimated time to end of superbatch: [36m6.7[0ms     [Fsuperbatch [36m268[0m [[35m83.9[0m% ([36m640[0m/[36m763[0m batches, [36m4925611[0m pos/sec)]
Estimated time to end of superbatch: [36m3.3[0ms     [Fsuperbatch [36m268[0m | time [36m20.4[0ms | running loss [36m0.019323[0m | [36m4907788[0m pos/sec | total time [36m5690.0[0ms
Estimated time remaining in training: [36m0[0mh [36m14[0mm [36m51[0ms
LR dropped to [36m0.00013312581[0m
superbatch [36m269[0m [[35m0.0[0m% ([36m0[0m/[36m763[0m batches, [36m5624684[0m pos/sec)]
Estimated time to end of superbatch: [36minf[0ms     [Fsuperbatch [36m269[0m [[35m16.8[0m% ([36m128[0m/[36m763[0m batches, [36m5094738[0m pos/sec)]
Estimated time to end of superbatch: [36m16.5[0ms     [Fsuperbatch [36m269[0m [[35m33.6[0m% ([36m256[0m/[36m763[0m batches, [36m5095158[0m pos/sec)]
Estimated time to end of superbatch: [36m13.1[0ms     [Fsuperbatch [36m269[0m [[35m50.3[0m% ([36m384[0m/[36m763[0m batches, [36m5031654[0m pos/sec)]
Estimated time to end of superbatch: [36m9.9[0ms     [Fsuperbatch [36m269[0m [[35m67.1[0m% ([36m512[0m/[36m763[0m batches, [36m4905848[0m pos/sec)]
Estimated time to end of superbatch: [36m6.7[0ms     [Fsuperbatch [36m269[0m [[35m83.9[0m% ([36m640[0m/[36m763[0m batches, [36m4922654[0m pos/sec)]
Estimated time to end of superbatch: [36m3.3[0ms     [Fsuperbatch [36m269[0m | time [36m20.2[0ms | running loss [36m0.019243[0m | [36m4953178[0m pos/sec | total time [36m5710.2[0ms
Estimated time remaining in training: [36m0[0mh [36m14[0mm [36m30[0ms
LR dropped to [36m0.00012990326[0m
superbatch [36m270[0m [[35m0.0[0m% ([36m0[0m/[36m763[0m batches, [36m5601783[0m pos/sec)]
Estimated time to end of superbatch: [36minf[0ms     [Fsuperbatch [36m270[0m [[35m16.8[0m% ([36m128[0m/[36m763[0m batches, [36m4891216[0m pos/sec)]
Estimated time to end of superbatch: [36m17.1[0ms     [Fsuperbatch [36m270[0m [[35m33.6[0m% ([36m256[0m/[36m763[0m batches, [36m4883931[0m pos/sec)]
Estimated time to end of superbatch: [36m13.7[0ms     [Fsuperbatch [36m270[0m [[35m50.3[0m% ([36m384[0m/[36m763[0m batches, [36m4952500[0m pos/sec)]
Estimated time to end of superbatch: [36m10.1[0ms     [Fsuperbatch [36m270[0m [[35m67.1[0m% ([36m512[0m/[36m763[0m batches, [36m4984790[0m pos/sec)]
Estimated time to end of superbatch: [36m6.6[0ms     [Fsuperbatch [36m270[0m [[35m83.9[0m% ([36m640[0m/[36m763[0m batches, [36m4969533[0m pos/sec)]
Estimated time to end of superbatch: [36m3.2[0ms     [Fsuperbatch [36m270[0m | time [36m20.3[0ms | running loss [36m0.019402[0m | [36m4914862[0m pos/sec | total time [36m5730.6[0ms
Estimated time remaining in training: [36m0[0mh [36m14[0mm [36m8[0ms
Saved [anna-v3q-s1-270]
LR dropped to [36m0.00012668065[0m
superbatch [36m271[0m [[35m0.0[0m% ([36m0[0m/[36m763[0m batches, [36m5620945[0m pos/sec)]
Estimated time to end of superbatch: [36minf[0ms     [Fsuperbatch [36m271[0m [[35m16.8[0m% ([36m128[0m/[36m763[0m batches, [36m5639678[0m pos/sec)]
Estimated time to end of superbatch: [36m14.9[0ms     [Fsuperbatch [36m271[0m [[35m33.6[0m% ([36m256[0m/[36m763[0m batches, [36m5671447[0m pos/sec)]
Estimated time to end of superbatch: [36m11.8[0ms     [Fsuperbatch [36m271[0m [[35m50.3[0m% ([36m384[0m/[36m763[0m batches, [36m5639127[0m pos/sec)]
Estimated time to end of superbatch: [36m8.8[0ms     [Fsuperbatch [36m271[0m [[35m67.1[0m% ([36m512[0m/[36m763[0m batches, [36m5535844[0m pos/sec)]
Estimated time to end of superbatch: [36m6.0[0ms     [Fsuperbatch [36m271[0m [[35m83.9[0m% ([36m640[0m/[36m763[0m batches, [36m5443486[0m pos/sec)]
Estimated time to end of superbatch: [36m3.0[0ms     [Fsuperbatch [36m271[0m | time [36m18.6[0ms | running loss [36m0.019373[0m | [36m5376712[0m pos/sec | total time [36m5750.6[0ms
Estimated time remaining in training: [36m0[0mh [36m13[0mm [36m47[0ms
LR dropped to [36m0.0001234581[0m
superbatch [36m272[0m [[35m0.0[0m% ([36m0[0m/[36m763[0m batches, [36m4285118[0m pos/sec)]
Estimated time to end of superbatch: [36minf[0ms     [Fsuperbatch [36m272[0m [[35m16.8[0m% ([36m128[0m/[36m763[0m batches, [36m4947978[0m pos/sec)]
Estimated time to end of superbatch: [36m17.0[0ms     [Fsuperbatch [36m272[0m [[35m33.6[0m% ([36m256[0m/[36m763[0m batches, [36m4892690[0m pos/sec)]
Estimated time to end of superbatch: [36m13.6[0ms     [Fsuperbatch [36m272[0m [[35m50.3[0m% ([36m384[0m/[36m763[0m batches, [36m4953442[0m pos/sec)]
Estimated time to end of superbatch: [36m10.1[0ms     [Fsuperbatch [36m272[0m [[35m67.1[0m% ([36m512[0m/[36m763[0m batches, [36m4956646[0m pos/sec)]
Estimated time to end of superbatch: [36m6.7[0ms     [Fsuperbatch [36m272[0m [[35m83.9[0m% ([36m640[0m/[36m763[0m batches, [36m4964508[0m pos/sec)]
Estimated time to end of superbatch: [36m3.3[0ms     [Fsuperbatch [36m272[0m | time [36m20.2[0ms | running loss [36m0.019466[0m | [36m4944646[0m pos/sec | total time [36m5770.8[0ms
Estimated time remaining in training: [36m0[0mh [36m13[0mm [36m26[0ms
LR dropped to [36m0.00012023549[0m
superbatch [36m273[0m [[35m0.0[0m% ([36m0[0m/[36m763[0m batches, [36m4124995[0m pos/sec)]
Estimated time to end of superbatch: [36minf[0ms     [Fsuperbatch [36m273[0m [[35m16.8[0m% ([36m128[0m/[36m763[0m batches, [36m5115777[0m pos/sec)]
Estimated time to end of superbatch: [36m16.4[0ms     [Fsuperbatch [36m273[0m [[35m33.6[0m% ([36m256[0m/[36m763[0m batches, [36m5091456[0m pos/sec)]
Estimated time to end of superbatch: [36m13.1[0ms     [Fsuperbatch [36m273[0m [[35m50.3[0m% ([36m384[0m/[36m763[0m batches, [36m5020174[0m pos/sec)]
Estimated time to end of superbatch: [36m9.9[0ms     [Fsuperbatch [36m273[0m [[35m67.1[0m% ([36m512[0m/[36m763[0m batches, [36m4984852[0m pos/sec)]
Estimated time to end of superbatch: [36m6.6[0ms     [Fsuperbatch [36m273[0m [[35m83.9[0m% ([36m640[0m/[36m763[0m batches, [36m4960668[0m pos/sec)]
Estimated time to end of superbatch: [36m3.3[0ms     [Fsuperbatch [36m273[0m | time [36m19.9[0ms | running loss [36m0.019433[0m | [36m5022188[0m pos/sec | total time [36m5790.7[0ms
Estimated time remaining in training: [36m0[0mh [36m13[0mm [36m4[0ms
LR dropped to [36m0.00011701294[0m
superbatch [36m274[0m [[35m0.0[0m% ([36m0[0m/[36m763[0m batches, [36m5637642[0m pos/sec)]
Estimated time to end of superbatch: [36minf[0ms     [Fsuperbatch [36m274[0m [[35m16.8[0m% ([36m128[0m/[36m763[0m batches, [36m5290529[0m pos/sec)]
Estimated time to end of superbatch: [36m15.9[0ms     [Fsuperbatch [36m274[0m [[35m33.6[0m% ([36m256[0m/[36m763[0m batches, [36m5030990[0m pos/sec)]
Estimated time to end of superbatch: [36m13.3[0ms     [Fsuperbatch [36m274[0m [[35m50.3[0m% ([36m384[0m/[36m763[0m batches, [36m5036284[0m pos/sec)]
Estimated time to end of superbatch: [36m9.9[0ms     [Fsuperbatch [36m274[0m [[35m67.1[0m% ([36m512[0m/[36m763[0m batches, [36m5043036[0m pos/sec)]
Estimated time to end of superbatch: [36m6.5[0ms     [Fsuperbatch [36m274[0m [[35m83.9[0m% ([36m640[0m/[36m763[0m batches, [36m5026529[0m pos/sec)]
Estimated time to end of superbatch: [36m3.2[0ms     [Fsuperbatch [36m274[0m | time [36m20.1[0ms | running loss [36m0.019548[0m | [36m4987582[0m pos/sec | total time [36m5810.7[0ms
Estimated time remaining in training: [36m0[0mh [36m12[0mm [36m43[0ms
LR dropped to [36m0.00011379033[0m
superbatch [36m275[0m [[35m0.0[0m% ([36m0[0m/[36m763[0m batches, [36m4516452[0m pos/sec)]
Estimated time to end of superbatch: [36minf[0ms     [Fsuperbatch [36m275[0m [[35m16.8[0m% ([36m128[0m/[36m763[0m batches, [36m5034478[0m pos/sec)]
Estimated time to end of superbatch: [36m16.7[0ms     [Fsuperbatch [36m275[0m [[35m33.6[0m% ([36m256[0m/[36m763[0m batches, [36m5073972[0m pos/sec)]
Estimated time to end of superbatch: [36m13.1[0ms     [Fsuperbatch [36m275[0m [[35m50.3[0m% ([36m384[0m/[36m763[0m batches, [36m5046869[0m pos/sec)]
Estimated time to end of superbatch: [36m9.9[0ms     [Fsuperbatch [36m275[0m [[35m67.1[0m% ([36m512[0m/[36m763[0m batches, [36m4989138[0m pos/sec)]
Estimated time to end of superbatch: [36m6.6[0ms     [Fsuperbatch [36m275[0m [[35m83.9[0m% ([36m640[0m/[36m763[0m batches, [36m5016352[0m pos/sec)]
Estimated time to end of superbatch: [36m3.2[0ms     [Fsuperbatch [36m275[0m | time [36m19.9[0ms | running loss [36m0.019553[0m | [36m5023684[0m pos/sec | total time [36m5830.7[0ms
Estimated time remaining in training: [36m0[0mh [36m12[0mm [36m22[0ms
LR dropped to [36m0.00011056778[0m
superbatch [36m276[0m [[35m0.0[0m% ([36m0[0m/[36m763[0m batches, [36m4339193[0m pos/sec)]
Estimated time to end of superbatch: [36minf[0ms     [Fsuperbatch [36m276[0m [[35m16.8[0m% ([36m128[0m/[36m763[0m batches, [36m4994584[0m pos/sec)]
Estimated time to end of superbatch: [36m16.8[0ms     [Fsuperbatch [36m276[0m [[35m33.6[0m% ([36m256[0m/[36m763[0m batches, [36m4939025[0m pos/sec)]
Estimated time to end of superbatch: [36m13.5[0ms     [Fsuperbatch [36m276[0m [[35m50.3[0m% ([36m384[0m/[36m763[0m batches, [36m5006052[0m pos/sec)]
Estimated time to end of superbatch: [36m9.9[0ms     [Fsuperbatch [36m276[0m [[35m67.1[0m% ([36m512[0m/[36m763[0m batches, [36m5020186[0m pos/sec)]
Estimated time to end of superbatch: [36m6.6[0ms     [Fsuperbatch [36m276[0m [[35m83.9[0m% ([36m640[0m/[36m763[0m batches, [36m5008939[0m pos/sec)]
Estimated time to end of superbatch: [36m3.2[0ms     [Fsuperbatch [36m276[0m | time [36m20.1[0ms | running loss [36m0.019643[0m | [36m4982350[0m pos/sec | total time [36m5850.7[0ms
Estimated time remaining in training: [36m0[0mh [36m12[0mm [36m0[0ms
LR dropped to [36m0.00010734517[0m
superbatch [36m277[0m [[35m0.0[0m% ([36m0[0m/[36m763[0m batches, [36m5150826[0m pos/sec)]
Estimated time to end of superbatch: [36minf[0ms     [Fsuperbatch [36m277[0m [[35m16.8[0m% ([36m128[0m/[36m763[0m batches, [36m4995112[0m pos/sec)]
Estimated time to end of superbatch: [36m16.8[0ms     [Fsuperbatch [36m277[0m [[35m33.6[0m% ([36m256[0m/[36m763[0m batches, [36m5031104[0m pos/sec)]
Estimated time to end of superbatch: [36m13.3[0ms     [Fsuperbatch [36m277[0m [[35m50.3[0m% ([36m384[0m/[36m763[0m batches, [36m5032106[0m pos/sec)]
Estimated time to end of superbatch: [36m9.9[0ms     [Fsuperbatch [36m277[0m [[35m67.1[0m% ([36m512[0m/[36m763[0m batches, [36m4973464[0m pos/sec)]
Estimated time to end of superbatch: [36m6.6[0ms     [Fsuperbatch [36m277[0m [[35m83.9[0m% ([36m640[0m/[36m763[0m batches, [36m4975756[0m pos/sec)]
Estimated time to end of superbatch: [36m3.2[0ms     [Fsuperbatch [36m277[0m | time [36m20.1[0ms | running loss [36m0.019653[0m | [36m4978470[0m pos/sec | total time [36m5870.8[0ms
Estimated time remaining in training: [36m0[0mh [36m11[0mm [36m39[0ms
LR dropped to [36m0.00010412262[0m
superbatch [36m278[0m [[35m0.0[0m% ([36m0[0m/[36m763[0m batches, [36m5472553[0m pos/sec)]
Estimated time to end of superbatch: [36minf[0ms     [Fsuperbatch [36m278[0m [[35m16.8[0m% ([36m128[0m/[36m763[0m batches, [36m4866666[0m pos/sec)]
Estimated time to end of superbatch: [36m17.2[0ms     [Fsuperbatch [36m278[0m [[35m33.6[0m% ([36m256[0m/[36m763[0m batches, [36m4863322[0m pos/sec)]
Estimated time to end of superbatch: [36m13.7[0ms     [Fsuperbatch [36m278[0m [[35m50.3[0m% ([36m384[0m/[36m763[0m batches, [36m4934061[0m pos/sec)]
Estimated time to end of superbatch: [36m10.1[0ms     [Fsuperbatch [36m278[0m [[35m67.1[0m% ([36m512[0m/[36m763[0m batches, [36m4969720[0m pos/sec)]
Estimated time to end of superbatch: [36m6.6[0ms     [Fsuperbatch [36m278[0m [[35m83.9[0m% ([36m640[0m/[36m763[0m batches, [36m4958648[0m pos/sec)]
Estimated time to end of superbatch: [36m3.3[0ms     [Fsuperbatch [36m278[0m | time [36m20.2[0ms | running loss [36m0.019713[0m | [36m4942682[0m pos/sec | total time [36m5891.0[0ms
Estimated time remaining in training: [36m0[0mh [36m11[0mm [36m18[0ms
LR dropped to [36m0.00010090001[0m
superbatch [36m279[0m [[35m0.0[0m% ([36m0[0m/[36m763[0m batches, [36m5296803[0m pos/sec)]
Estimated time to end of superbatch: [36minf[0ms     [Fsuperbatch [36m279[0m [[35m16.8[0m% ([36m128[0m/[36m763[0m batches, [36m5055218[0m pos/sec)]
Estimated time to end of superbatch: [36m16.6[0ms     [Fsuperbatch [36m279[0m [[35m33.6[0m% ([36m256[0m/[36m763[0m batches, [36m5033890[0m pos/sec)]
Estimated time to end of superbatch: [36m13.3[0ms     [Fsuperbatch [36m279[0m [[35m50.3[0m% ([36m384[0m/[36m763[0m batches, [36m5033736[0m pos/sec)]
Estimated time to end of superbatch: [36m9.9[0ms     [Fsuperbatch [36m279[0m [[35m67.1[0m% ([36m512[0m/[36m763[0m batches, [36m4965192[0m pos/sec)]
Estimated time to end of superbatch: [36m6.6[0ms     [Fsuperbatch [36m279[0m [[35m83.9[0m% ([36m640[0m/[36m763[0m batches, [36m4965088[0m pos/sec)]
Estimated time to end of superbatch: [36m3.3[0ms     [Fsuperbatch [36m279[0m | time [36m20.1[0ms | running loss [36m0.019731[0m | [36m4980433[0m pos/sec | total time [36m5911.1[0ms
Estimated time remaining in training: [36m0[0mh [36m10[0mm [36m56[0ms
LR dropped to [36m0.00009767746[0m
superbatch [36m280[0m [[35m0.0[0m% ([36m0[0m/[36m763[0m batches, [36m4510986[0m pos/sec)]
Estimated time to end of superbatch: [36minf[0ms     [Fsuperbatch [36m280[0m [[35m16.8[0m% ([36m128[0m/[36m763[0m batches, [36m4973356[0m pos/sec)]
Estimated time to end of superbatch: [36m16.9[0ms     [Fsuperbatch [36m280[0m [[35m33.6[0m% ([36m256[0m/[36m763[0m batches, [36m4921026[0m pos/sec)]
Estimated time to end of superbatch: [36m13.6[0ms     [Fsuperbatch [36m280[0m [[35m50.3[0m% ([36m384[0m/[36m763[0m batches, [36m4933572[0m pos/sec)]
Estimated time to end of superbatch: [36m10.1[0ms     [Fsuperbatch [36m280[0m [[35m67.1[0m% ([36m512[0m/[36m763[0m batches, [36m4974191[0m pos/sec)]
Estimated time to end of superbatch: [36m6.6[0ms     [Fsuperbatch [36m280[0m [[35m83.9[0m% ([36m640[0m/[36m763[0m batches, [36m4979750[0m pos/sec)]
Estimated time to end of superbatch: [36m3.2[0ms     [Fsuperbatch [36m280[0m | time [36m20.2[0ms | running loss [36m0.019788[0m | [36m4960053[0m pos/sec | total time [36m5931.3[0ms
Estimated time remaining in training: [36m0[0mh [36m10[0mm [36m35[0ms
Saved [anna-v3q-s1-280]
LR dropped to [36m0.000094454794[0m
superbatch [36m281[0m [[35m0.0[0m% ([36m0[0m/[36m763[0m batches, [36m5603368[0m pos/sec)]
Estimated time to end of superbatch: [36minf[0ms     [Fsuperbatch [36m281[0m [[35m16.8[0m% ([36m128[0m/[36m763[0m batches, [36m5636920[0m pos/sec)]
Estimated time to end of superbatch: [36m14.9[0ms     [Fsuperbatch [36m281[0m [[35m33.6[0m% ([36m256[0m/[36m763[0m batches, [36m5677032[0m pos/sec)]
Estimated time to end of superbatch: [36m11.8[0ms     [Fsuperbatch [36m281[0m [[35m50.3[0m% ([36m384[0m/[36m763[0m batches, [36m5679352[0m pos/sec)]
Estimated time to end of superbatch: [36m8.8[0ms     [Fsuperbatch [36m281[0m [[35m67.1[0m% ([36m512[0m/[36m763[0m batches, [36m5670370[0m pos/sec)]
Estimated time to end of superbatch: [36m5.8[0ms     [Fsuperbatch [36m281[0m [[35m83.9[0m% ([36m640[0m/[36m763[0m batches, [36m5547102[0m pos/sec)]
Estimated time to end of superbatch: [36m2.9[0ms     [Fsuperbatch [36m281[0m | time [36m18.3[0ms | running loss [36m0.019810[0m | [36m5456537[0m pos/sec | total time [36m5951.0[0ms
Estimated time remaining in training: [36m0[0mh [36m10[0mm [36m14[0ms
LR dropped to [36m0.00009123224[0m
superbatch [36m282[0m [[35m0.0[0m% ([36m0[0m/[36m763[0m batches, [36m5462825[0m pos/sec)]
Estimated time to end of superbatch: [36minf[0ms     [Fsuperbatch [36m282[0m [[35m16.8[0m% ([36m128[0m/[36m763[0m batches, [36m5077546[0m pos/sec)]
Estimated time to end of superbatch: [36m16.5[0ms     [Fsuperbatch [36m282[0m [[35m33.6[0m% ([36m256[0m/[36m763[0m batches, [36m4921536[0m pos/sec)]
Estimated time to end of superbatch: [36m13.6[0ms     [Fsuperbatch [36m282[0m [[35m50.3[0m% ([36m384[0m/[36m763[0m batches, [36m4912638[0m pos/sec)]
Estimated time to end of superbatch: [36m10.1[0ms     [Fsuperbatch [36m282[0m [[35m67.1[0m% ([36m512[0m/[36m763[0m batches, [36m4946596[0m pos/sec)]
Estimated time to end of superbatch: [36m6.7[0ms     [Fsuperbatch [36m282[0m [[35m83.9[0m% ([36m640[0m/[36m763[0m batches, [36m4965591[0m pos/sec)]
Estimated time to end of superbatch: [36m3.3[0ms     [Fsuperbatch [36m282[0m | time [36m20.2[0ms | running loss [36m0.019881[0m | [36m4950151[0m pos/sec | total time [36m5971.2[0ms
Estimated time remaining in training: [36m0[0mh [36m9[0mm [36m52[0ms
LR dropped to [36m0.00008800969[0m
superbatch [36m283[0m [[35m0.0[0m% ([36m0[0m/[36m763[0m batches, [36m5285834[0m pos/sec)]
Estimated time to end of superbatch: [36minf[0ms     [Fsuperbatch [36m283[0m [[35m16.8[0m% ([36m128[0m/[36m763[0m batches, [36m5030727[0m pos/sec)]
Estimated time to end of superbatch: [36m16.7[0ms     [Fsuperbatch [36m283[0m [[35m33.6[0m% ([36m256[0m/[36m763[0m batches, [36m4951242[0m pos/sec)]
Estimated time to end of superbatch: [36m13.5[0ms     [Fsuperbatch [36m283[0m [[35m50.3[0m% ([36m384[0m/[36m763[0m batches, [36m4961176[0m pos/sec)]
Estimated time to end of superbatch: [36m10.0[0ms     [Fsuperbatch [36m283[0m [[35m67.1[0m% ([36m512[0m/[36m763[0m batches, [36m4948512[0m pos/sec)]
Estimated time to end of superbatch: [36m6.7[0ms     [Fsuperbatch [36m283[0m [[35m83.9[0m% ([36m640[0m/[36m763[0m batches, [36m4947048[0m pos/sec)]
Estimated time to end of superbatch: [36m3.3[0ms     [Fsuperbatch [36m283[0m | time [36m20.1[0ms | running loss [36m0.019939[0m | [36m4974544[0m pos/sec | total time [36m5991.3[0ms
Estimated time remaining in training: [36m0[0mh [36m9[0mm [36m31[0ms
LR dropped to [36m0.00008478708[0m
superbatch [36m284[0m [[35m0.0[0m% ([36m0[0m/[36m763[0m batches, [36m5680193[0m pos/sec)]
Estimated time to end of superbatch: [36minf[0ms     [Fsuperbatch [36m284[0m [[35m16.8[0m% ([36m128[0m/[36m763[0m batches, [36m5077538[0m pos/sec)]
Estimated time to end of superbatch: [36m16.5[0ms     [Fsuperbatch [36m284[0m [[35m33.6[0m% ([36m256[0m/[36m763[0m batches, [36m4910316[0m pos/sec)]
Estimated time to end of superbatch: [36m13.6[0ms     [Fsuperbatch [36m284[0m [[35m50.3[0m% ([36m384[0m/[36m763[0m batches, [36m4940678[0m pos/sec)]
Estimated time to end of superbatch: [36m10.1[0ms     [Fsuperbatch [36m284[0m [[35m67.1[0m% ([36m512[0m/[36m763[0m batches, [36m4968966[0m pos/sec)]
Estimated time to end of superbatch: [36m6.6[0ms     [Fsuperbatch [36m284[0m [[35m83.9[0m% ([36m640[0m/[36m763[0m batches, [36m4987373[0m pos/sec)]
Estimated time to end of superbatch: [36m3.2[0ms     [Fsuperbatch [36m284[0m | time [36m20.3[0ms | running loss [36m0.020021[0m | [36m4927604[0m pos/sec | total time [36m6011.6[0ms
Estimated time remaining in training: [36m0[0mh [36m9[0mm [36m10[0ms
LR dropped to [36m0.00008156453[0m
superbatch [36m285[0m [[35m0.0[0m% ([36m0[0m/[36m763[0m batches, [36m5166006[0m pos/sec)]
Estimated time to end of superbatch: [36minf[0ms     [Fsuperbatch [36m285[0m [[35m16.8[0m% ([36m128[0m/[36m763[0m batches, [36m4906257[0m pos/sec)]
Estimated time to end of superbatch: [36m17.1[0ms     [Fsuperbatch [36m285[0m [[35m33.6[0m% ([36m256[0m/[36m763[0m batches, [36m4981488[0m pos/sec)]
Estimated time to end of superbatch: [36m13.4[0ms     [Fsuperbatch [36m285[0m [[35m50.3[0m% ([36m384[0m/[36m763[0m batches, [36m5010688[0m pos/sec)]
Estimated time to end of superbatch: [36m9.9[0ms     [Fsuperbatch [36m285[0m [[35m67.1[0m% ([36m512[0m/[36m763[0m batches, [36m4966318[0m pos/sec)]
Estimated time to end of superbatch: [36m6.6[0ms     [Fsuperbatch [36m285[0m [[35m83.9[0m% ([36m640[0m/[36m763[0m batches, [36m4952188[0m pos/sec)]
Estimated time to end of superbatch: [36m3.3[0ms     [Fsuperbatch [36m285[0m | time [36m20.1[0ms | running loss [36m0.020051[0m | [36m4968996[0m pos/sec | total time [36m6031.8[0ms
Estimated time remaining in training: [36m0[0mh [36m8[0mm [36m49[0ms
LR dropped to [36m0.000078341924[0m
superbatch [36m286[0m [[35m0.0[0m% ([36m0[0m/[36m763[0m batches, [36m5640404[0m pos/sec)]
Estimated time to end of superbatch: [36minf[0ms     [Fsuperbatch [36m286[0m [[35m16.8[0m% ([36m128[0m/[36m763[0m batches, [36m4968304[0m pos/sec)]
Estimated time to end of superbatch: [36m16.9[0ms     [Fsuperbatch [36m286[0m [[35m33.6[0m% ([36m256[0m/[36m763[0m batches, [36m4875722[0m pos/sec)]
Estimated time to end of superbatch: [36m13.7[0ms     [Fsuperbatch [36m286[0m [[35m50.3[0m% ([36m384[0m/[36m763[0m batches, [36m4882044[0m pos/sec)]
Estimated time to end of superbatch: [36m10.2[0ms     [Fsuperbatch [36m286[0m [[35m67.1[0m% ([36m512[0m/[36m763[0m batches, [36m4934932[0m pos/sec)]
Estimated time to end of superbatch: [36m6.7[0ms     [Fsuperbatch [36m286[0m [[35m83.9[0m% ([36m640[0m/[36m763[0m batches, [36m4944214[0m pos/sec)]
Estimated time to end of superbatch: [36m3.3[0ms     [Fsuperbatch [36m286[0m | time [36m20.2[0ms | running loss [36m0.020077[0m | [36m4942606[0m pos/sec | total time [36m6052.0[0ms
Estimated time remaining in training: [36m0[0mh [36m8[0mm [36m27[0ms
LR dropped to [36m0.00007511937[0m
superbatch [36m287[0m [[35m0.0[0m% ([36m0[0m/[36m763[0m batches, [36m3879988[0m pos/sec)]
Estimated time to end of superbatch: [36minf[0ms     [Fsuperbatch [36m287[0m [[35m16.8[0m% ([36m128[0m/[36m763[0m batches, [36m4937825[0m pos/sec)]
Estimated time to end of superbatch: [36m17.0[0ms     [Fsuperbatch [36m287[0m [[35m33.6[0m% ([36m256[0m/[36m763[0m batches, [36m4949304[0m pos/sec)]
Estimated time to end of superbatch: [36m13.5[0ms     [Fsuperbatch [36m287[0m [[35m50.3[0m% ([36m384[0m/[36m763[0m batches, [36m4967012[0m pos/sec)]
Estimated time to end of superbatch: [36m10.0[0ms     [Fsuperbatch [36m287[0m [[35m67.1[0m% ([36m512[0m/[36m763[0m batches, [36m4952722[0m pos/sec)]
Estimated time to end of superbatch: [36m6.7[0ms     [Fsuperbatch [36m287[0m [[35m83.9[0m% ([36m640[0m/[36m763[0m batches, [36m4975220[0m pos/sec)]
Estimated time to end of superbatch: [36m3.2[0ms     [Fsuperbatch [36m287[0m | time [36m20.1[0ms | running loss [36m0.020188[0m | [36m4983970[0m pos/sec | total time [36m6072.1[0ms
Estimated time remaining in training: [36m0[0mh [36m8[0mm [36m6[0ms
LR dropped to [36m0.000071896764[0m
superbatch [36m288[0m [[35m0.0[0m% ([36m0[0m/[36m763[0m batches, [36m5640506[0m pos/sec)]
Estimated time to end of superbatch: [36minf[0ms     [Fsuperbatch [36m288[0m [[35m16.8[0m% ([36m128[0m/[36m763[0m batches, [36m5094462[0m pos/sec)]
Estimated time to end of superbatch: [36m16.5[0ms     [Fsuperbatch [36m288[0m [[35m33.6[0m% ([36m256[0m/[36m763[0m batches, [36m5018016[0m pos/sec)]
Estimated time to end of superbatch: [36m13.3[0ms     [Fsuperbatch [36m288[0m [[35m50.3[0m% ([36m384[0m/[36m763[0m batches, [36m4980042[0m pos/sec)]
Estimated time to end of superbatch: [36m10.0[0ms     [Fsuperbatch [36m288[0m [[35m67.1[0m% ([36m512[0m/[36m763[0m batches, [36m5000958[0m pos/sec)]
Estimated time to end of superbatch: [36m6.6[0ms     [Fsuperbatch [36m288[0m [[35m83.9[0m% ([36m640[0m/[36m763[0m batches, [36m5000312[0m pos/sec)]
Estimated time to end of superbatch: [36m3.2[0ms     [Fsuperbatch [36m288[0m | time [36m20.1[0ms | running loss [36m0.020302[0m | [36m4982022[0m pos/sec | total time [36m6092.1[0ms
Estimated time remaining in training: [36m0[0mh [36m7[0mm [36m45[0ms
LR dropped to [36m0.00006867421[0m
superbatch [36m289[0m [[35m0.0[0m% ([36m0[0m/[36m763[0m batches, [36m5170714[0m pos/sec)]
Estimated time to end of superbatch: [36minf[0ms     [Fsuperbatch [36m289[0m [[35m16.8[0m% ([36m128[0m/[36m763[0m batches, [36m4985876[0m pos/sec)]
Estimated time to end of superbatch: [36m16.8[0ms     [Fsuperbatch [36m289[0m [[35m33.6[0m% ([36m256[0m/[36m763[0m batches, [36m5065089[0m pos/sec)]
Estimated time to end of superbatch: [36m13.2[0ms     [Fsuperbatch [36m289[0m [[35m50.3[0m% ([36m384[0m/[36m763[0m batches, [36m5068220[0m pos/sec)]
Estimated time to end of superbatch: [36m9.8[0ms     [Fsuperbatch [36m289[0m [[35m67.1[0m% ([36m512[0m/[36m763[0m batches, [36m5032070[0m pos/sec)]
Estimated time to end of superbatch: [36m6.6[0ms     [Fsuperbatch [36m289[0m [[35m83.9[0m% ([36m640[0m/[36m763[0m batches, [36m5020360[0m pos/sec)]
Estimated time to end of superbatch: [36m3.2[0ms     [Fsuperbatch [36m289[0m | time [36m19.9[0ms | running loss [36m0.020407[0m | [36m5031384[0m pos/sec | total time [36m6112.0[0ms
Estimated time remaining in training: [36m0[0mh [36m7[0mm [36m24[0ms
LR dropped to [36m0.000065451604[0m
superbatch [36m290[0m [[35m0.0[0m% ([36m0[0m/[36m763[0m batches, [36m5639460[0m pos/sec)]
Estimated time to end of superbatch: [36minf[0ms     [Fsuperbatch [36m290[0m [[35m16.8[0m% ([36m128[0m/[36m763[0m batches, [36m5043467[0m pos/sec)]
Estimated time to end of superbatch: [36m16.6[0ms     [Fsuperbatch [36m290[0m [[35m33.6[0m% ([36m256[0m/[36m763[0m batches, [36m4985710[0m pos/sec)]
Estimated time to end of superbatch: [36m13.4[0ms     [Fsuperbatch [36m290[0m [[35m50.3[0m% ([36m384[0m/[36m763[0m batches, [36m4997784[0m pos/sec)]
Estimated time to end of superbatch: [36m10.0[0ms     [Fsuperbatch [36m290[0m [[35m67.1[0m% ([36m512[0m/[36m763[0m batches, [36m5021048[0m pos/sec)]
Estimated time to end of superbatch: [36m6.6[0ms     [Fsuperbatch [36m290[0m [[35m83.9[0m% ([36m640[0m/[36m763[0m batches, [36m5031793[0m pos/sec)]
Estimated time to end of superbatch: [36m3.2[0ms     [Fsuperbatch [36m290[0m | time [36m19.9[0ms | running loss [36m0.020432[0m | [36m5013768[0m pos/sec | total time [36m6132.0[0ms
Estimated time remaining in training: [36m0[0mh [36m7[0mm [36m2[0ms
Saved [anna-v3q-s1-290]
LR dropped to [36m0.00006222905[0m
superbatch [36m291[0m [[35m0.0[0m% ([36m0[0m/[36m763[0m batches, [36m5642750[0m pos/sec)]
Estimated time to end of superbatch: [36minf[0ms     [Fsuperbatch [36m291[0m [[35m16.8[0m% ([36m128[0m/[36m763[0m batches, [36m5627509[0m pos/sec)]
Estimated time to end of superbatch: [36m14.9[0ms     [Fsuperbatch [36m291[0m [[35m33.6[0m% ([36m256[0m/[36m763[0m batches, [36m5669117[0m pos/sec)]
Estimated time to end of superbatch: [36m11.8[0ms     [Fsuperbatch [36m291[0m [[35m50.3[0m% ([36m384[0m/[36m763[0m batches, [36m5651532[0m pos/sec)]
Estimated time to end of superbatch: [36m8.8[0ms     [Fsuperbatch [36m291[0m [[35m67.1[0m% ([36m512[0m/[36m763[0m batches, [36m5645786[0m pos/sec)]
Estimated time to end of superbatch: [36m5.8[0ms     [Fsuperbatch [36m291[0m [[35m83.9[0m% ([36m640[0m/[36m763[0m batches, [36m5523196[0m pos/sec)]
Estimated time to end of superbatch: [36m2.9[0ms     [Fsuperbatch [36m291[0m | time [36m18.4[0ms | running loss [36m0.020492[0m | [36m5439047[0m pos/sec | total time [36m6151.7[0ms
Estimated time remaining in training: [36m0[0mh [36m6[0mm [36m41[0ms
LR dropped to [36m0.000059006445[0m
superbatch [36m292[0m [[35m0.0[0m% ([36m0[0m/[36m763[0m batches, [36m5606554[0m pos/sec)]
Estimated time to end of superbatch: [36minf[0ms     [Fsuperbatch [36m292[0m [[35m16.8[0m% ([36m128[0m/[36m763[0m batches, [36m5070716[0m pos/sec)]
Estimated time to end of superbatch: [36m16.5[0ms     [Fsuperbatch [36m292[0m [[35m33.6[0m% ([36m256[0m/[36m763[0m batches, [36m4988204[0m pos/sec)]
Estimated time to end of superbatch: [36m13.4[0ms     [Fsuperbatch [36m292[0m [[35m50.3[0m% ([36m384[0m/[36m763[0m batches, [36m4960005[0m pos/sec)]
Estimated time to end of superbatch: [36m10.0[0ms     [Fsuperbatch [36m292[0m [[35m67.1[0m% ([36m512[0m/[36m763[0m batches, [36m4978130[0m pos/sec)]
Estimated time to end of superbatch: [36m6.6[0ms     [Fsuperbatch [36m292[0m [[35m83.9[0m% ([36m640[0m/[36m763[0m batches, [36m4986424[0m pos/sec)]
Estimated time to end of superbatch: [36m3.2[0ms     [Fsuperbatch [36m292[0m | time [36m20.1[0ms | running loss [36m0.020511[0m | [36m4972782[0m pos/sec | total time [36m6171.8[0ms
Estimated time remaining in training: [36m0[0mh [36m6[0mm [36m20[0ms
LR dropped to [36m0.000055783894[0m
superbatch [36m293[0m [[35m0.0[0m% ([36m0[0m/[36m763[0m batches, [36m5043248[0m pos/sec)]
Estimated time to end of superbatch: [36minf[0ms     [Fsuperbatch [36m293[0m [[35m16.8[0m% ([36m128[0m/[36m763[0m batches, [36m4971712[0m pos/sec)]
Estimated time to end of superbatch: [36m16.9[0ms     [Fsuperbatch [36m293[0m [[35m33.6[0m% ([36m256[0m/[36m763[0m batches, [36m4960652[0m pos/sec)]
Estimated time to end of superbatch: [36m13.4[0ms     [Fsuperbatch [36m293[0m [[35m50.3[0m% ([36m384[0m/[36m763[0m batches, [36m4984676[0m pos/sec)]
Estimated time to end of superbatch: [36m10.0[0ms     [Fsuperbatch [36m293[0m [[35m67.1[0m% ([36m512[0m/[36m763[0m batches, [36m4932854[0m pos/sec)]
Estimated time to end of superbatch: [36m6.7[0ms     [Fsuperbatch [36m293[0m [[35m83.9[0m% ([36m640[0m/[36m763[0m batches, [36m4941824[0m pos/sec)]
Estimated time to end of superbatch: [36m3.3[0ms     [Fsuperbatch [36m293[0m | time [36m20.1[0ms | running loss [36m0.020629[0m | [36m4966426[0m pos/sec | total time [36m6192.0[0ms
Estimated time remaining in training: [36m0[0mh [36m5[0mm [36m59[0ms
LR dropped to [36m0.000052561285[0m
superbatch [36m294[0m [[35m0.0[0m% ([36m0[0m/[36m763[0m batches, [36m5656674[0m pos/sec)]
Estimated time to end of superbatch: [36minf[0ms     [Fsuperbatch [36m294[0m [[35m16.8[0m% ([36m128[0m/[36m763[0m batches, [36m5096015[0m pos/sec)]
Estimated time to end of superbatch: [36m16.5[0ms     [Fsuperbatch [36m294[0m [[35m33.6[0m% ([36m256[0m/[36m763[0m batches, [36m5007776[0m pos/sec)]
Estimated time to end of superbatch: [36m13.3[0ms     [Fsuperbatch [36m294[0m [[35m50.3[0m% ([36m384[0m/[36m763[0m batches, [36m4975769[0m pos/sec)]
Estimated time to end of superbatch: [36m10.0[0ms     [Fsuperbatch [36m294[0m [[35m67.1[0m% ([36m512[0m/[36m763[0m batches, [36m5004817[0m pos/sec)]
Estimated time to end of superbatch: [36m6.6[0ms     [Fsuperbatch [36m294[0m [[35m83.9[0m% ([36m640[0m/[36m763[0m batches, [36m5019252[0m pos/sec)]
Estimated time to end of superbatch: [36m3.2[0ms     [Fsuperbatch [36m294[0m | time [36m20.0[0ms | running loss [36m0.020624[0m | [36m5011924[0m pos/sec | total time [36m6211.9[0ms
Estimated time remaining in training: [36m0[0mh [36m5[0mm [36m38[0ms
LR dropped to [36m0.000049338734[0m
superbatch [36m295[0m [[35m0.0[0m% ([36m0[0m/[36m763[0m batches, [36m4806584[0m pos/sec)]
Estimated time to end of superbatch: [36minf[0ms     [Fsuperbatch [36m295[0m [[35m16.8[0m% ([36m128[0m/[36m763[0m batches, [36m4741936[0m pos/sec)]
Estimated time to end of superbatch: [36m17.7[0ms     [Fsuperbatch [36m295[0m [[35m33.6[0m% ([36m256[0m/[36m763[0m batches, [36m4909086[0m pos/sec)]
Estimated time to end of superbatch: [36m13.6[0ms     [Fsuperbatch [36m295[0m [[35m50.3[0m% ([36m384[0m/[36m763[0m batches, [36m4953273[0m pos/sec)]
Estimated time to end of superbatch: [36m10.1[0ms     [Fsuperbatch [36m295[0m [[35m67.1[0m% ([36m512[0m/[36m763[0m batches, [36m4956736[0m pos/sec)]
Estimated time to end of superbatch: [36m6.7[0ms     [Fsuperbatch [36m295[0m [[35m83.9[0m% ([36m640[0m/[36m763[0m batches, [36m4950548[0m pos/sec)]
Estimated time to end of superbatch: [36m3.3[0ms     [Fsuperbatch [36m295[0m | time [36m20.2[0ms | running loss [36m0.020675[0m | [36m4962031[0m pos/sec | total time [36m6232.1[0ms
Estimated time remaining in training: [36m0[0mh [36m5[0mm [36m16[0ms
LR dropped to [36m0.000046116184[0m
superbatch [36m296[0m [[35m0.0[0m% ([36m0[0m/[36m763[0m batches, [36m5625738[0m pos/sec)]
Estimated time to end of superbatch: [36minf[0ms     [Fsuperbatch [36m296[0m [[35m16.8[0m% ([36m128[0m/[36m763[0m batches, [36m5046360[0m pos/sec)]
Estimated time to end of superbatch: [36m16.6[0ms     [Fsuperbatch [36m296[0m [[35m33.6[0m% ([36m256[0m/[36m763[0m batches, [36m4996604[0m pos/sec)]
Estimated time to end of superbatch: [36m13.4[0ms     [Fsuperbatch [36m296[0m [[35m50.3[0m% ([36m384[0m/[36m763[0m batches, [36m4985388[0m pos/sec)]
Estimated time to end of superbatch: [36m10.0[0ms     [Fsuperbatch [36m296[0m [[35m67.1[0m% ([36m512[0m/[36m763[0m batches, [36m4988738[0m pos/sec)]
Estimated time to end of superbatch: [36m6.6[0ms     [Fsuperbatch [36m296[0m [[35m83.9[0m% ([36m640[0m/[36m763[0m batches, [36m5002557[0m pos/sec)]
Estimated time to end of superbatch: [36m3.2[0ms     [Fsuperbatch [36m296[0m | time [36m20.0[0ms | running loss [36m0.020687[0m | [36m4996202[0m pos/sec | total time [36m6252.1[0ms
Estimated time remaining in training: [36m0[0mh [36m4[0mm [36m55[0ms
LR dropped to [36m0.000042893575[0m
superbatch [36m297[0m [[35m0.0[0m% ([36m0[0m/[36m763[0m batches, [36m5679740[0m pos/sec)]
Estimated time to end of superbatch: [36minf[0ms     [Fsuperbatch [36m297[0m [[35m16.8[0m% ([36m128[0m/[36m763[0m batches, [36m4863150[0m pos/sec)]
Estimated time to end of superbatch: [36m17.2[0ms     [Fsuperbatch [36m297[0m [[35m33.6[0m% ([36m256[0m/[36m763[0m batches, [36m4965748[0m pos/sec)]
Estimated time to end of superbatch: [36m13.4[0ms     [Fsuperbatch [36m297[0m [[35m50.3[0m% ([36m384[0m/[36m763[0m batches, [36m5002584[0m pos/sec)]
Estimated time to end of superbatch: [36m10.0[0ms     [Fsuperbatch [36m297[0m [[35m67.1[0m% ([36m512[0m/[36m763[0m batches, [36m4996208[0m pos/sec)]
Estimated time to end of superbatch: [36m6.6[0ms     [Fsuperbatch [36m297[0m [[35m83.9[0m% ([36m640[0m/[36m763[0m batches, [36m4972976[0m pos/sec)]
Estimated time to end of superbatch: [36m3.2[0ms     [Fsuperbatch [36m297[0m | time [36m20.1[0ms | running loss [36m0.020752[0m | [36m4969442[0m pos/sec | total time [36m6272.2[0ms
Estimated time remaining in training: [36m0[0mh [36m4[0mm [36m34[0ms
LR dropped to [36m0.000039671024[0m
superbatch [36m298[0m [[35m0.0[0m% ([36m0[0m/[36m763[0m batches, [36m5664682[0m pos/sec)]
Estimated time to end of superbatch: [36minf[0ms     [Fsuperbatch [36m298[0m [[35m16.8[0m% ([36m128[0m/[36m763[0m batches, [36m5069222[0m pos/sec)]
Estimated time to end of superbatch: [36m16.5[0ms     [Fsuperbatch [36m298[0m [[35m33.6[0m% ([36m256[0m/[36m763[0m batches, [36m4961788[0m pos/sec)]
Estimated time to end of superbatch: [36m13.4[0ms     [Fsuperbatch [36m298[0m [[35m50.3[0m% ([36m384[0m/[36m763[0m batches, [36m4945854[0m pos/sec)]
Estimated time to end of superbatch: [36m10.1[0ms     [Fsuperbatch [36m298[0m [[35m67.1[0m% ([36m512[0m/[36m763[0m batches, [36m4979774[0m pos/sec)]
Estimated time to end of superbatch: [36m6.6[0ms     [Fsuperbatch [36m298[0m [[35m83.9[0m% ([36m640[0m/[36m763[0m batches, [36m4995518[0m pos/sec)]
Estimated time to end of superbatch: [36m3.2[0ms     [Fsuperbatch [36m298[0m | time [36m20.1[0ms | running loss [36m0.020758[0m | [36m4983439[0m pos/sec | total time [36m6292.3[0ms
Estimated time remaining in training: [36m0[0mh [36m4[0mm [36m13[0ms
LR dropped to [36m0.000036448415[0m
superbatch [36m299[0m [[35m0.0[0m% ([36m0[0m/[36m763[0m batches, [36m5535170[0m pos/sec)]
Estimated time to end of superbatch: [36minf[0ms     [Fsuperbatch [36m299[0m [[35m16.8[0m% ([36m128[0m/[36m763[0m batches, [36m4928628[0m pos/sec)]
Estimated time to end of superbatch: [36m17.0[0ms     [Fsuperbatch [36m299[0m [[35m33.6[0m% ([36m256[0m/[36m763[0m batches, [36m4964274[0m pos/sec)]
Estimated time to end of superbatch: [36m13.4[0ms     [Fsuperbatch [36m299[0m [[35m50.3[0m% ([36m384[0m/[36m763[0m batches, [36m5012166[0m pos/sec)]
Estimated time to end of superbatch: [36m9.9[0ms     [Fsuperbatch [36m299[0m [[35m67.1[0m% ([36m512[0m/[36m763[0m batches, [36m5003488[0m pos/sec)]
Estimated time to end of superbatch: [36m6.6[0ms     [Fsuperbatch [36m299[0m [[35m83.9[0m% ([36m640[0m/[36m763[0m batches, [36m4984205[0m pos/sec)]
Estimated time to end of superbatch: [36m3.2[0ms     [Fsuperbatch [36m299[0m | time [36m20.0[0ms | running loss [36m0.020868[0m | [36m4999360[0m pos/sec | total time [36m6312.3[0ms
Estimated time remaining in training: [36m0[0mh [36m3[0mm [36m52[0ms
LR dropped to [36m0.000033225864[0m
superbatch [36m300[0m [[35m0.0[0m% ([36m0[0m/[36m763[0m batches, [36m5590786[0m pos/sec)]
Estimated time to end of superbatch: [36minf[0ms     [Fsuperbatch [36m300[0m [[35m16.8[0m% ([36m128[0m/[36m763[0m batches, [36m5021359[0m pos/sec)]
Estimated time to end of superbatch: [36m16.7[0ms     [Fsuperbatch [36m300[0m [[35m33.6[0m% ([36m256[0m/[36m763[0m batches, [36m5016316[0m pos/sec)]
Estimated time to end of superbatch: [36m13.3[0ms     [Fsuperbatch [36m300[0m [[35m50.3[0m% ([36m384[0m/[36m763[0m batches, [36m4906288[0m pos/sec)]
Estimated time to end of superbatch: [36m10.2[0ms     [Fsuperbatch [36m300[0m [[35m67.1[0m% ([36m512[0m/[36m763[0m batches, [36m4945438[0m pos/sec)]
Estimated time to end of superbatch: [36m6.7[0ms     [Fsuperbatch [36m300[0m [[35m83.9[0m% ([36m640[0m/[36m763[0m batches, [36m4970170[0m pos/sec)]
Estimated time to end of superbatch: [36m3.2[0ms     [Fsuperbatch [36m300[0m | time [36m20.1[0ms | running loss [36m0.020870[0m | [36m4968608[0m pos/sec | total time [36m6332.4[0ms
Estimated time remaining in training: [36m0[0mh [36m3[0mm [36m31[0ms
Saved [anna-v3q-s1-300]
LR dropped to [36m0.000030003197[0m
superbatch [36m301[0m [[35m0.0[0m% ([36m0[0m/[36m763[0m batches, [36m5283453[0m pos/sec)]
Estimated time to end of superbatch: [36minf[0ms     [Fsuperbatch [36m301[0m [[35m16.8[0m% ([36m128[0m/[36m763[0m batches, [36m5594808[0m pos/sec)]
Estimated time to end of superbatch: [36m15.0[0ms     [Fsuperbatch [36m301[0m [[35m33.6[0m% ([36m256[0m/[36m763[0m batches, [36m5653414[0m pos/sec)]
Estimated time to end of superbatch: [36m11.8[0ms     [Fsuperbatch [36m301[0m [[35m50.3[0m% ([36m384[0m/[36m763[0m batches, [36m5673315[0m pos/sec)]
Estimated time to end of superbatch: [36m8.8[0ms     [Fsuperbatch [36m301[0m [[35m67.1[0m% ([36m512[0m/[36m763[0m batches, [36m5652892[0m pos/sec)]
Estimated time to end of superbatch: [36m5.8[0ms     [Fsuperbatch [36m301[0m [[35m83.9[0m% ([36m640[0m/[36m763[0m batches, [36m5501664[0m pos/sec)]
Estimated time to end of superbatch: [36m2.9[0ms     [Fsuperbatch [36m301[0m | time [36m18.4[0ms | running loss [36m0.020999[0m | [36m5430642[0m pos/sec | total time [36m6352.2[0ms
Estimated time remaining in training: [36m0[0mh [36m3[0mm [36m9[0ms
LR dropped to [36m0.000026780646[0m
superbatch [36m302[0m [[35m0.0[0m% ([36m0[0m/[36m763[0m batches, [36m5541418[0m pos/sec)]
Estimated time to end of superbatch: [36minf[0ms     [Fsuperbatch [36m302[0m [[35m16.8[0m% ([36m128[0m/[36m763[0m batches, [36m5074058[0m pos/sec)]
Estimated time to end of superbatch: [36m16.5[0ms     [Fsuperbatch [36m302[0m [[35m33.6[0m% ([36m256[0m/[36m763[0m batches, [36m5005278[0m pos/sec)]
Estimated time to end of superbatch: [36m13.3[0ms     [Fsuperbatch [36m302[0m [[35m50.3[0m% ([36m384[0m/[36m763[0m batches, [36m4965819[0m pos/sec)]
Estimated time to end of superbatch: [36m10.0[0ms     [Fsuperbatch [36m302[0m [[35m67.1[0m% ([36m512[0m/[36m763[0m batches, [36m4997538[0m pos/sec)]
Estimated time to end of superbatch: [36m6.6[0ms     [Fsuperbatch [36m302[0m [[35m83.9[0m% ([36m640[0m/[36m763[0m batches, [36m5011334[0m pos/sec)]
Estimated time to end of superbatch: [36m3.2[0ms     [Fsuperbatch [36m302[0m | time [36m19.9[0ms | running loss [36m0.021004[0m | [36m5014035[0m pos/sec | total time [36m6372.1[0ms
Estimated time remaining in training: [36m0[0mh [36m2[0mm [36m48[0ms
LR dropped to [36m0.000023558037[0m
superbatch [36m303[0m [[35m0.0[0m% ([36m0[0m/[36m763[0m batches, [36m4874467[0m pos/sec)]
Estimated time to end of superbatch: [36minf[0ms     [Fsuperbatch [36m303[0m [[35m16.8[0m% ([36m128[0m/[36m763[0m batches, [36m4843333[0m pos/sec)]
Estimated time to end of superbatch: [36m17.3[0ms     [Fsuperbatch [36m303[0m [[35m33.6[0m% ([36m256[0m/[36m763[0m batches, [36m4929644[0m pos/sec)]
Estimated time to end of superbatch: [36m13.5[0ms     [Fsuperbatch [36m303[0m [[35m50.3[0m% ([36m384[0m/[36m763[0m batches, [36m4970494[0m pos/sec)]
Estimated time to end of superbatch: [36m10.0[0ms     [Fsuperbatch [36m303[0m [[35m67.1[0m% ([36m512[0m/[36m763[0m batches, [36m4984041[0m pos/sec)]
Estimated time to end of superbatch: [36m6.6[0ms     [Fsuperbatch [36m303[0m [[35m83.9[0m% ([36m640[0m/[36m763[0m batches, [36m4957308[0m pos/sec)]
Estimated time to end of superbatch: [36m3.3[0ms     [Fsuperbatch [36m303[0m | time [36m20.1[0ms | running loss [36m0.021088[0m | [36m4974026[0m pos/sec | total time [36m6392.2[0ms
Estimated time remaining in training: [36m0[0mh [36m2[0mm [36m27[0ms
LR dropped to [36m0.000020335428[0m
superbatch [36m304[0m [[35m0.0[0m% ([36m0[0m/[36m763[0m batches, [36m5624814[0m pos/sec)]
Estimated time to end of superbatch: [36minf[0ms     [Fsuperbatch [36m304[0m [[35m16.8[0m% ([36m128[0m/[36m763[0m batches, [36m5065929[0m pos/sec)]
Estimated time to end of superbatch: [36m16.6[0ms     [Fsuperbatch [36m304[0m [[35m33.6[0m% ([36m256[0m/[36m763[0m batches, [36m5067320[0m pos/sec)]
Estimated time to end of superbatch: [36m13.2[0ms     [Fsuperbatch [36m304[0m [[35m50.3[0m% ([36m384[0m/[36m763[0m batches, [36m4973293[0m pos/sec)]
Estimated time to end of superbatch: [36m10.0[0ms     [Fsuperbatch [36m304[0m [[35m67.1[0m% ([36m512[0m/[36m763[0m batches, [36m4978497[0m pos/sec)]
Estimated time to end of superbatch: [36m6.6[0ms     [Fsuperbatch [36m304[0m [[35m83.9[0m% ([36m640[0m/[36m763[0m batches, [36m4994190[0m pos/sec)]
Estimated time to end of superbatch: [36m3.2[0ms     [Fsuperbatch [36m304[0m | time [36m20.0[0ms | running loss [36m0.021112[0m | [36m4991240[0m pos/sec | total time [36m6412.3[0ms
Estimated time remaining in training: [36m0[0mh [36m2[0mm [36m6[0ms
LR dropped to [36m0.000017112936[0m
superbatch [36m305[0m [[35m0.0[0m% ([36m0[0m/[36m763[0m batches, [36m4603324[0m pos/sec)]
Estimated time to end of superbatch: [36minf[0ms     [Fsuperbatch [36m305[0m [[35m16.8[0m% ([36m128[0m/[36m763[0m batches, [36m4887950[0m pos/sec)]
Estimated time to end of superbatch: [36m17.2[0ms     [Fsuperbatch [36m305[0m [[35m33.6[0m% ([36m256[0m/[36m763[0m batches, [36m4989188[0m pos/sec)]
Estimated time to end of superbatch: [36m13.4[0ms     [Fsuperbatch [36m305[0m [[35m50.3[0m% ([36m384[0m/[36m763[0m batches, [36m5003941[0m pos/sec)]
Estimated time to end of superbatch: [36m10.0[0ms     [Fsuperbatch [36m305[0m [[35m67.1[0m% ([36m512[0m/[36m763[0m batches, [36m5021208[0m pos/sec)]
Estimated time to end of superbatch: [36m6.6[0ms     [Fsuperbatch [36m305[0m [[35m83.9[0m% ([36m640[0m/[36m763[0m batches, [36m4989892[0m pos/sec)]
Estimated time to end of superbatch: [36m3.2[0ms     [Fsuperbatch [36m305[0m | time [36m20.0[0ms | running loss [36m0.021216[0m | [36m5003532[0m pos/sec | total time [36m6432.3[0ms
Estimated time remaining in training: [36m0[0mh [36m1[0mm [36m45[0ms
LR dropped to [36m0.000013890327[0m
superbatch [36m306[0m [[35m0.0[0m% ([36m0[0m/[36m763[0m batches, [36m5396044[0m pos/sec)]
Estimated time to end of superbatch: [36minf[0ms     [Fsuperbatch [36m306[0m [[35m16.8[0m% ([36m128[0m/[36m763[0m batches, [36m4914558[0m pos/sec)]
Estimated time to end of superbatch: [36m17.1[0ms     [Fsuperbatch [36m306[0m [[35m33.6[0m% ([36m256[0m/[36m763[0m batches, [36m4948882[0m pos/sec)]
Estimated time to end of superbatch: [36m13.5[0ms     [Fsuperbatch [36m306[0m [[35m50.3[0m% ([36m384[0m/[36m763[0m batches, [36m4947614[0m pos/sec)]
Estimated time to end of superbatch: [36m10.1[0ms     [Fsuperbatch [36m306[0m [[35m67.1[0m% ([36m512[0m/[36m763[0m batches, [36m4966300[0m pos/sec)]
Estimated time to end of superbatch: [36m6.6[0ms     [Fsuperbatch [36m306[0m [[35m83.9[0m% ([36m640[0m/[36m763[0m batches, [36m4990382[0m pos/sec)]
Estimated time to end of superbatch: [36m3.2[0ms     [Fsuperbatch [36m306[0m | time [36m20.7[0ms | running loss [36m0.021259[0m | [36m4819830[0m pos/sec | total time [36m6453.0[0ms
Estimated time remaining in training: [36m0[0mh [36m1[0mm [36m24[0ms
LR dropped to [36m0.000010667718[0m
superbatch [36m307[0m [[35m0.0[0m% ([36m0[0m/[36m763[0m batches, [36m1897373[0m pos/sec)]
Estimated time to end of superbatch: [36minf[0ms     [Fsuperbatch [36m307[0m [[35m16.8[0m% ([36m128[0m/[36m763[0m batches, [36m4624100[0m pos/sec)]
Estimated time to end of superbatch: [36m18.1[0ms     [Fsuperbatch [36m307[0m [[35m33.6[0m% ([36m256[0m/[36m763[0m batches, [36m4804908[0m pos/sec)]
Estimated time to end of superbatch: [36m13.9[0ms     [Fsuperbatch [36m307[0m [[35m50.3[0m% ([36m384[0m/[36m763[0m batches, [36m4781185[0m pos/sec)]
Estimated time to end of superbatch: [36m10.4[0ms     [Fsuperbatch [36m307[0m [[35m67.1[0m% ([36m512[0m/[36m763[0m batches, [36m4739070[0m pos/sec)]
Estimated time to end of superbatch: [36m7.0[0ms     [Fsuperbatch [36m307[0m [[35m83.9[0m% ([36m640[0m/[36m763[0m batches, [36m4711006[0m pos/sec)]
Estimated time to end of superbatch: [36m3.4[0ms     [Fsuperbatch [36m307[0m | time [36m21.1[0ms | running loss [36m0.021332[0m | [36m4737274[0m pos/sec | total time [36m6474.1[0ms
Estimated time remaining in training: [36m0[0mh [36m1[0mm [36m3[0ms
LR dropped to [36m0.000007445109[0m
superbatch [36m308[0m [[35m0.0[0m% ([36m0[0m/[36m763[0m batches, [36m4245277[0m pos/sec)]
Estimated time to end of superbatch: [36minf[0ms     [Fsuperbatch [36m308[0m [[35m16.8[0m% ([36m128[0m/[36m763[0m batches, [36m4508416[0m pos/sec)]
Estimated time to end of superbatch: [36m18.6[0ms     [Fsuperbatch [36m308[0m [[35m33.6[0m% ([36m256[0m/[36m763[0m batches, [36m4316654[0m pos/sec)]
Estimated time to end of superbatch: [36m15.5[0ms     [Fsuperbatch [36m308[0m [[35m50.3[0m% ([36m384[0m/[36m763[0m batches, [36m3972625[0m pos/sec)]
Estimated time to end of superbatch: [36m12.5[0ms     [Fsuperbatch [36m308[0m [[35m67.1[0m% ([36m512[0m/[36m763[0m batches, [36m4001733[0m pos/sec)]
Estimated time to end of superbatch: [36m8.2[0ms     [Fsuperbatch [36m308[0m [[35m83.9[0m% ([36m640[0m/[36m763[0m batches, [36m4131460[0m pos/sec)]
Estimated time to end of superbatch: [36m3.9[0ms     [Fsuperbatch [36m308[0m | time [36m24.0[0ms | running loss [36m0.021334[0m | [36m4163605[0m pos/sec | total time [36m6498.1[0ms
Estimated time remaining in training: [36m0[0mh [36m0[0mm [36m42[0ms
LR dropped to [36m0.0000042226166[0m
superbatch [36m309[0m [[35m0.0[0m% ([36m0[0m/[36m763[0m batches, [36m3378485[0m pos/sec)]
Estimated time to end of superbatch: [36minf[0ms     [Fsuperbatch [36m309[0m [[35m16.8[0m% ([36m128[0m/[36m763[0m batches, [36m3414653[0m pos/sec)]
Estimated time to end of superbatch: [36m24.6[0ms     [Fsuperbatch [36m309[0m [[35m33.6[0m% ([36m256[0m/[36m763[0m batches, [36m3687747[0m pos/sec)]
Estimated time to end of superbatch: [36m18.1[0ms     [Fsuperbatch [36m309[0m [[35m50.3[0m% ([36m384[0m/[36m763[0m batches, [36m3879002[0m pos/sec)]
Estimated time to end of superbatch: [36m12.8[0ms     [Fsuperbatch [36m309[0m [[35m67.1[0m% ([36m512[0m/[36m763[0m batches, [36m4012424[0m pos/sec)]
Estimated time to end of superbatch: [36m8.2[0ms     [Fsuperbatch [36m309[0m [[35m83.9[0m% ([36m640[0m/[36m763[0m batches, [36m4172562[0m pos/sec)]
Estimated time to end of superbatch: [36m3.9[0ms     [Fsuperbatch [36m309[0m | time [36m23.4[0ms | running loss [36m0.021474[0m | [36m4280716[0m pos/sec | total time [36m6521.5[0ms
Estimated time remaining in training: [36m0[0mh [36m0[0mm [36m21[0ms
LR dropped to [36m0.000001[0m
superbatch [36m310[0m [[35m0.0[0m% ([36m0[0m/[36m763[0m batches, [36m5625040[0m pos/sec)]
Estimated time to end of superbatch: [36minf[0ms     [Fsuperbatch [36m310[0m [[35m16.8[0m% ([36m128[0m/[36m763[0m batches, [36m4823470[0m pos/sec)]
Estimated time to end of superbatch: [36m17.4[0ms     [Fsuperbatch [36m310[0m [[35m33.6[0m% ([36m256[0m/[36m763[0m batches, [36m4478351[0m pos/sec)]
Estimated time to end of superbatch: [36m14.9[0ms     [Fsuperbatch [36m310[0m [[35m50.3[0m% ([36m384[0m/[36m763[0m batches, [36m4103944[0m pos/sec)]
Estimated time to end of superbatch: [36m12.1[0ms     [Fsuperbatch [36m310[0m [[35m67.1[0m% ([36m512[0m/[36m763[0m batches, [36m4058982[0m pos/sec)]
Estimated time to end of superbatch: [36m8.1[0ms     [Fsuperbatch [36m310[0m [[35m83.9[0m% ([36m640[0m/[36m763[0m batches, [36m4094168[0m pos/sec)]
Estimated time to end of superbatch: [36m3.9[0ms     [Fsuperbatch [36m310[0m | time [36m24.4[0ms | running loss [36m0.021536[0m | [36m4101230[0m pos/sec | total time [36m6545.9[0ms
Estimated time remaining in training: [36m0[0mh [36m0[0mm [36m0[0ms
Saved [anna-v3q-s1-310]
Total Training Time: [36m1[0mh [36m49[0mm [36m7[0ms
[34;1mTraining on NVIDIA L40S (sm_89)[0m
superbatch [36m1[0m [[35m0.0[0m% ([36m0[0m/[36m763[0m batches, [36m2712526[0m pos/sec)]
Estimated time to end of superbatch: [36minf[0ms     [Fsuperbatch [36m1[0m [[35m16.8[0m% ([36m128[0m/[36m763[0m batches, [36m4766956[0m pos/sec)]
Estimated time to end of superbatch: [36m17.6[0ms     [Fsuperbatch [36m1[0m [[35m33.6[0m% ([36m256[0m/[36m763[0m batches, [36m4863630[0m pos/sec)]
Estimated time to end of superbatch: [36m13.7[0ms     [Fsuperbatch [36m1[0m [[35m50.3[0m% ([36m384[0m/[36m763[0m batches, [36m4922584[0m pos/sec)]
Estimated time to end of superbatch: [36m10.1[0ms     [Fsuperbatch [36m1[0m [[35m67.1[0m% ([36m512[0m/[36m763[0m batches, [36m4954836[0m pos/sec)]
Estimated time to end of superbatch: [36m6.7[0ms     [Fsuperbatch [36m1[0m [[35m83.9[0m% ([36m640[0m/[36m763[0m batches, [36m4950216[0m pos/sec)]
Estimated time to end of superbatch: [36m3.3[0ms     [Fsuperbatch [36m1[0m | time [36m20.1[0ms | running loss [36m0.062107[0m | [36m4965111[0m pos/sec | total time [36m27.1[0ms
Estimated time remaining in training: [36m0[0mh [36m13[0mm [36m5[0ms
LR dropped to [36m0.000009339999[0m
superbatch [36m2[0m [[35m0.0[0m% ([36m0[0m/[36m763[0m batches, [36m4286395[0m pos/sec)]
Estimated time to end of superbatch: [36minf[0ms     [Fsuperbatch [36m2[0m [[35m16.8[0m% ([36m128[0m/[36m763[0m batches, [36m4511464[0m pos/sec)]
Estimated time to end of superbatch: [36m18.6[0ms     [Fsuperbatch [36m2[0m [[35m33.6[0m% ([36m256[0m/[36m763[0m batches, [36m4417834[0m pos/sec)]
Estimated time to end of superbatch: [36m15.1[0ms     [Fsuperbatch [36m2[0m [[35m50.3[0m% ([36m384[0m/[36m763[0m batches, [36m4329594[0m pos/sec)]
Estimated time to end of superbatch: [36m11.5[0ms     [Fsuperbatch [36m2[0m [[35m67.1[0m% ([36m512[0m/[36m763[0m batches, [36m4548048[0m pos/sec)]
Estimated time to end of superbatch: [36m7.2[0ms     [Fsuperbatch [36m2[0m [[35m83.9[0m% ([36m640[0m/[36m763[0m batches, [36m4720922[0m pos/sec)]
Estimated time to end of superbatch: [36m3.4[0ms     [Fsuperbatch [36m2[0m | time [36m21.0[0ms | running loss [36m0.062088[0m | [36m4766941[0m pos/sec | total time [36m48.1[0ms
Estimated time remaining in training: [36m0[0mh [36m11[0mm [36m13[0ms
LR dropped to [36m0.00000901[0m
superbatch [36m3[0m [[35m0.0[0m% ([36m0[0m/[36m763[0m batches, [36m4472677[0m pos/sec)]
Estimated time to end of superbatch: [36minf[0ms     [Fsuperbatch [36m3[0m [[35m16.8[0m% ([36m128[0m/[36m763[0m batches, [36m3455162[0m pos/sec)]
Estimated time to end of superbatch: [36m24.3[0ms     [Fsuperbatch [36m3[0m [[35m33.6[0m% ([36m256[0m/[36m763[0m batches, [36m3711818[0m pos/sec)]
Estimated time to end of superbatch: [36m18.0[0ms     [Fsuperbatch [36m3[0m [[35m50.3[0m% ([36m384[0m/[36m763[0m batches, [36m4062462[0m pos/sec)]
Estimated time to end of superbatch: [36m12.3[0ms     [Fsuperbatch [36m3[0m [[35m67.1[0m% ([36m512[0m/[36m763[0m batches, [36m4124941[0m pos/sec)]
Estimated time to end of superbatch: [36m8.0[0ms     [Fsuperbatch [36m3[0m [[35m83.9[0m% ([36m640[0m/[36m763[0m batches, [36m3951047[0m pos/sec)]
Estimated time to end of superbatch: [36m4.1[0ms     [Fsuperbatch [36m3[0m | time [36m25.3[0ms | running loss [36m0.062122[0m | [36m3952394[0m pos/sec | total time [36m73.4[0ms
Estimated time remaining in training: [36m0[0mh [36m11[0mm [36m0[0ms
LR dropped to [36m0.00000868[0m
superbatch [36m4[0m [[35m0.0[0m% ([36m0[0m/[36m763[0m batches, [36m4751592[0m pos/sec)]
Estimated time to end of superbatch: [36minf[0ms     [Fsuperbatch [36m4[0m [[35m16.8[0m% ([36m128[0m/[36m763[0m batches, [36m4152940[0m pos/sec)]
Estimated time to end of superbatch: [36m20.2[0ms     [Fsuperbatch [36m4[0m [[35m33.6[0m% ([36m256[0m/[36m763[0m batches, [36m4196662[0m pos/sec)]
Estimated time to end of superbatch: [36m15.9[0ms     [Fsuperbatch [36m4[0m [[35m50.3[0m% ([36m384[0m/[36m763[0m batches, [36m3899482[0m pos/sec)]
Estimated time to end of superbatch: [36m12.8[0ms     [Fsuperbatch [36m4[0m [[35m67.1[0m% ([36m512[0m/[36m763[0m batches, [36m3905200[0m pos/sec)]
Estimated time to end of superbatch: [36m8.4[0ms     [Fsuperbatch [36m4[0m [[35m83.9[0m% ([36m640[0m/[36m763[0m batches, [36m3956695[0m pos/sec)]
Estimated time to end of superbatch: [36m4.1[0ms     [Fsuperbatch [36m4[0m | time [36m25.1[0ms | running loss [36m0.062009[0m | [36m3980663[0m pos/sec | total time [36m98.5[0ms
Estimated time remaining in training: [36m0[0mh [36m10[0mm [36m40[0ms
LR dropped to [36m0.00000835[0m
superbatch [36m5[0m [[35m0.0[0m% ([36m0[0m/[36m763[0m batches, [36m4393134[0m pos/sec)]
Estimated time to end of superbatch: [36minf[0ms     [Fsuperbatch [36m5[0m [[35m16.8[0m% ([36m128[0m/[36m763[0m batches, [36m3544004[0m pos/sec)]
Estimated time to end of superbatch: [36m23.7[0ms     [Fsuperbatch [36m5[0m [[35m33.6[0m% ([36m256[0m/[36m763[0m batches, [36m3719970[0m pos/sec)]
Estimated time to end of superbatch: [36m17.9[0ms     [Fsuperbatch [36m5[0m [[35m50.3[0m% ([36m384[0m/[36m763[0m batches, [36m3980608[0m pos/sec)]
Estimated time to end of superbatch: [36m12.5[0ms     [Fsuperbatch [36m5[0m [[35m67.1[0m% ([36m512[0m/[36m763[0m batches, [36m4209066[0m pos/sec)]
Estimated time to end of superbatch: [36m7.8[0ms     [Fsuperbatch [36m5[0m [[35m83.9[0m% ([36m640[0m/[36m763[0m batches, [36m4340448[0m pos/sec)]
Estimated time to end of superbatch: [36m3.7[0ms     [Fsuperbatch [36m5[0m | time [36m22.5[0ms | running loss [36m0.061908[0m | [36m4441220[0m pos/sec | total time [36m121.0[0ms
Estimated time remaining in training: [36m0[0mh [36m10[0mm [36m5[0ms
LR dropped to [36m0.00000802[0m
superbatch [36m6[0m [[35m0.0[0m% ([36m0[0m/[36m763[0m batches, [36m5642352[0m pos/sec)]
Estimated time to end of superbatch: [36minf[0ms     [Fsuperbatch [36m6[0m [[35m16.8[0m% ([36m128[0m/[36m763[0m batches, [36m5009890[0m pos/sec)]
Estimated time to end of superbatch: [36m16.7[0ms     [Fsuperbatch [36m6[0m [[35m33.6[0m% ([36m256[0m/[36m763[0m batches, [36m5042337[0m pos/sec)]
Estimated time to end of superbatch: [36m13.2[0ms     [Fsuperbatch [36m6[0m [[35m50.3[0m% ([36m384[0m/[36m763[0m batches, [36m5002606[0m pos/sec)]
Estimated time to end of superbatch: [36m10.0[0ms     [Fsuperbatch [36m6[0m [[35m67.1[0m% ([36m512[0m/[36m763[0m batches, [36m5007420[0m pos/sec)]
Estimated time to end of superbatch: [36m6.6[0ms     [Fsuperbatch [36m6[0m [[35m83.9[0m% ([36m640[0m/[36m763[0m batches, [36m5024375[0m pos/sec)]
Estimated time to end of superbatch: [36m3.2[0ms     [Fsuperbatch [36m6[0m | time [36m19.9[0ms | running loss [36m0.061932[0m | [36m5037727[0m pos/sec | total time [36m140.9[0ms
Estimated time remaining in training: [36m0[0mh [36m9[0mm [36m23[0ms
LR dropped to [36m0.00000769[0m
superbatch [36m7[0m [[35m0.0[0m% ([36m0[0m/[36m763[0m batches, [36m5500868[0m pos/sec)]
Estimated time to end of superbatch: [36minf[0ms     [Fsuperbatch [36m7[0m [[35m16.8[0m% ([36m128[0m/[36m763[0m batches, [36m4909736[0m pos/sec)]
Estimated time to end of superbatch: [36m17.1[0ms     [Fsuperbatch [36m7[0m [[35m33.6[0m% ([36m256[0m/[36m763[0m batches, [36m4963596[0m pos/sec)]
Estimated time to end of superbatch: [36m13.4[0ms     [Fsuperbatch [36m7[0m [[35m50.3[0m% ([36m384[0m/[36m763[0m batches, [36m4999989[0m pos/sec)]
Estimated time to end of superbatch: [36m10.0[0ms     [Fsuperbatch [36m7[0m [[35m67.1[0m% ([36m512[0m/[36m763[0m batches, [36m5010540[0m pos/sec)]
Estimated time to end of superbatch: [36m6.6[0ms     [Fsuperbatch [36m7[0m [[35m83.9[0m% ([36m640[0m/[36m763[0m batches, [36m4988761[0m pos/sec)]
Estimated time to end of superbatch: [36m3.2[0ms     [Fsuperbatch [36m7[0m | time [36m20.0[0ms | running loss [36m0.061802[0m | [36m4988652[0m pos/sec | total time [36m160.9[0ms
Estimated time remaining in training: [36m0[0mh [36m8[0mm [36m48[0ms
LR dropped to [36m0.0000073599995[0m
superbatch [36m8[0m [[35m0.0[0m% ([36m0[0m/[36m763[0m batches, [36m5643965[0m pos/sec)]
Estimated time to end of superbatch: [36minf[0ms     [Fsuperbatch [36m8[0m [[35m16.8[0m% ([36m128[0m/[36m763[0m batches, [36m5102388[0m pos/sec)]
Estimated time to end of superbatch: [36m16.4[0ms     [Fsuperbatch [36m8[0m [[35m33.6[0m% ([36m256[0m/[36m763[0m batches, [36m5072240[0m pos/sec)]
Estimated time to end of superbatch: [36m13.2[0ms     [Fsuperbatch [36m8[0m [[35m50.3[0m% ([36m384[0m/[36m763[0m batches, [36m4993608[0m pos/sec)]
Estimated time to end of superbatch: [36m10.0[0ms     [Fsuperbatch [36m8[0m [[35m67.1[0m% ([36m512[0m/[36m763[0m batches, [36m4988650[0m pos/sec)]
Estimated time to end of superbatch: [36m6.6[0ms     [Fsuperbatch [36m8[0m [[35m83.9[0m% ([36m640[0m/[36m763[0m batches, [36m5000306[0m pos/sec)]
Estimated time to end of superbatch: [36m3.2[0ms     [Fsuperbatch [36m8[0m | time [36m20.0[0ms | running loss [36m0.061795[0m | [36m4996754[0m pos/sec | total time [36m180.9[0ms
Estimated time remaining in training: [36m0[0mh [36m8[0mm [36m17[0ms
LR dropped to [36m0.0000070299993[0m
superbatch [36m9[0m [[35m0.0[0m% ([36m0[0m/[36m763[0m batches, [36m4265324[0m pos/sec)]
Estimated time to end of superbatch: [36minf[0ms     [Fsuperbatch [36m9[0m [[35m16.8[0m% ([36m128[0m/[36m763[0m batches, [36m3961098[0m pos/sec)]
Estimated time to end of superbatch: [36m21.2[0ms     [Fsuperbatch [36m9[0m [[35m33.6[0m% ([36m256[0m/[36m763[0m batches, [36m4391770[0m pos/sec)]
Estimated time to end of superbatch: [36m15.2[0ms     [Fsuperbatch [36m9[0m [[35m50.3[0m% ([36m384[0m/[36m763[0m batches, [36m4392554[0m pos/sec)]
Estimated time to end of superbatch: [36m11.3[0ms     [Fsuperbatch [36m9[0m [[35m67.1[0m% ([36m512[0m/[36m763[0m batches, [36m4533664[0m pos/sec)]
Estimated time to end of superbatch: [36m7.3[0ms     [Fsuperbatch [36m9[0m [[35m83.9[0m% ([36m640[0m/[36m763[0m batches, [36m4605348[0m pos/sec)]
Estimated time to end of superbatch: [36m3.5[0ms     [Fsuperbatch [36m9[0m | time [36m21.5[0ms | running loss [36m0.061872[0m | [36m4643728[0m pos/sec | total time [36m202.5[0ms
Estimated time remaining in training: [36m0[0mh [36m7[0mm [36m52[0ms
LR dropped to [36m0.0000066999996[0m
superbatch [36m10[0m [[35m0.0[0m% ([36m0[0m/[36m763[0m batches, [36m5480855[0m pos/sec)]
Estimated time to end of superbatch: [36minf[0ms     [Fsuperbatch [36m10[0m [[35m16.8[0m% ([36m128[0m/[36m763[0m batches, [36m5105040[0m pos/sec)]
Estimated time to end of superbatch: [36m16.4[0ms     [Fsuperbatch [36m10[0m [[35m33.6[0m% ([36m256[0m/[36m763[0m batches, [36m5027869[0m pos/sec)]
Estimated time to end of superbatch: [36m13.3[0ms     [Fsuperbatch [36m10[0m [[35m50.3[0m% ([36m384[0m/[36m763[0m batches, [36m4987126[0m pos/sec)]
Estimated time to end of superbatch: [36m10.0[0ms     [Fsuperbatch [36m10[0m [[35m67.1[0m% ([36m512[0m/[36m763[0m batches, [36m4976836[0m pos/sec)]
Estimated time to end of superbatch: [36m6.6[0ms     [Fsuperbatch [36m10[0m [[35m83.9[0m% ([36m640[0m/[36m763[0m batches, [36m4995172[0m pos/sec)]
Estimated time to end of superbatch: [36m3.2[0ms     [Fsuperbatch [36m10[0m | time [36m20.1[0ms | running loss [36m0.061847[0m | [36m4973657[0m pos/sec | total time [36m222.6[0ms
Estimated time remaining in training: [36m0[0mh [36m7[0mm [36m25[0ms
Saved [anna-v3q-s2-10]
LR dropped to [36m0.00000637[0m
superbatch [36m11[0m [[35m0.0[0m% ([36m0[0m/[36m763[0m batches, [36m5443886[0m pos/sec)]
Estimated time to end of superbatch: [36minf[0ms     [Fsuperbatch [36m11[0m [[35m16.8[0m% ([36m128[0m/[36m763[0m batches, [36m4132171[0m pos/sec)]
Estimated time to end of superbatch: [36m20.3[0ms     [Fsuperbatch [36m11[0m [[35m33.6[0m% ([36m256[0m/[36m763[0m batches, [36m4099907[0m pos/sec)]
Estimated time to end of superbatch: [36m16.3[0ms     [Fsuperbatch [36m11[0m [[35m50.3[0m% ([36m384[0m/[36m763[0m batches, [36m4359566[0m pos/sec)]
Estimated time to end of superbatch: [36m11.4[0ms     [Fsuperbatch [36m11[0m [[35m67.1[0m% ([36m512[0m/[36m763[0m batches, [36m4484446[0m pos/sec)]
Estimated time to end of superbatch: [36m7.4[0ms     [Fsuperbatch [36m11[0m [[35m83.9[0m% ([36m640[0m/[36m763[0m batches, [36m4383128[0m pos/sec)]
Estimated time to end of superbatch: [36m3.7[0ms     [Fsuperbatch [36m11[0m | time [36m23.1[0ms | running loss [36m0.061888[0m | [36m4324383[0m pos/sec | total time [36m247.2[0ms
Estimated time remaining in training: [36m0[0mh [36m7[0mm [36m6[0ms
LR dropped to [36m0.00000604[0m
superbatch [36m12[0m [[35m0.0[0m% ([36m0[0m/[36m763[0m batches, [36m3650516[0m pos/sec)]
Estimated time to end of superbatch: [36minf[0ms     [Fsuperbatch [36m12[0m [[35m16.8[0m% ([36m128[0m/[36m763[0m batches, [36m4774217[0m pos/sec)]
Estimated time to end of superbatch: [36m17.6[0ms     [Fsuperbatch [36m12[0m [[35m33.6[0m% ([36m256[0m/[36m763[0m batches, [36m4888286[0m pos/sec)]
Estimated time to end of superbatch: [36m13.6[0ms     [Fsuperbatch [36m12[0m [[35m50.3[0m% ([36m384[0m/[36m763[0m batches, [36m4822817[0m pos/sec)]
Estimated time to end of superbatch: [36m10.3[0ms     [Fsuperbatch [36m12[0m [[35m67.1[0m% ([36m512[0m/[36m763[0m batches, [36m4801329[0m pos/sec)]
Estimated time to end of superbatch: [36m6.9[0ms     [Fsuperbatch [36m12[0m [[35m83.9[0m% ([36m640[0m/[36m763[0m batches, [36m4842872[0m pos/sec)]
Estimated time to end of superbatch: [36m3.3[0ms     [Fsuperbatch [36m12[0m | time [36m20.6[0ms | running loss [36m0.061809[0m | [36m4865802[0m pos/sec | total time [36m267.7[0ms
Estimated time remaining in training: [36m0[0mh [36m6[0mm [36m41[0ms
LR dropped to [36m0.0000057099996[0m
superbatch [36m13[0m [[35m0.0[0m% ([36m0[0m/[36m763[0m batches, [36m5242432[0m pos/sec)]
Estimated time to end of superbatch: [36minf[0ms     [Fsuperbatch [36m13[0m [[35m16.8[0m% ([36m128[0m/[36m763[0m batches, [36m4741144[0m pos/sec)]
Estimated time to end of superbatch: [36m17.7[0ms     [Fsuperbatch [36m13[0m [[35m33.6[0m% ([36m256[0m/[36m763[0m batches, [36m4664498[0m pos/sec)]
Estimated time to end of superbatch: [36m14.3[0ms     [Fsuperbatch [36m13[0m [[35m50.3[0m% ([36m384[0m/[36m763[0m batches, [36m4795698[0m pos/sec)]
Estimated time to end of superbatch: [36m10.4[0ms     [Fsuperbatch [36m13[0m [[35m67.1[0m% ([36m512[0m/[36m763[0m batches, [36m4892500[0m pos/sec)]
Estimated time to end of superbatch: [36m6.7[0ms     [Fsuperbatch [36m13[0m [[35m83.9[0m% ([36m640[0m/[36m763[0m batches, [36m4874726[0m pos/sec)]
Estimated time to end of superbatch: [36m3.3[0ms     [Fsuperbatch [36m13[0m | time [36m20.6[0ms | running loss [36m0.061841[0m | [36m4857216[0m pos/sec | total time [36m288.3[0ms
Estimated time remaining in training: [36m0[0mh [36m6[0mm [36m17[0ms
LR dropped to [36m0.00000538[0m
superbatch [36m14[0m [[35m0.0[0m% ([36m0[0m/[36m763[0m batches, [36m4440896[0m pos/sec)]
Estimated time to end of superbatch: [36minf[0ms     [Fsuperbatch [36m14[0m [[35m16.8[0m% ([36m128[0m/[36m763[0m batches, [36m5064716[0m pos/sec)]
Estimated time to end of superbatch: [36m16.6[0ms     [Fsuperbatch [36m14[0m [[35m33.6[0m% ([36m256[0m/[36m763[0m batches, [36m5058329[0m pos/sec)]
Estimated time to end of superbatch: [36m13.2[0ms     [Fsuperbatch [36m14[0m [[35m50.3[0m% ([36m384[0m/[36m763[0m batches, [36m4734065[0m pos/sec)]
Estimated time to end of superbatch: [36m10.5[0ms     [Fsuperbatch [36m14[0m [[35m67.1[0m% ([36m512[0m/[36m763[0m batches, [36m4503648[0m pos/sec)]
Estimated time to end of superbatch: [36m7.3[0ms     [Fsuperbatch [36m14[0m [[35m83.9[0m% ([36m640[0m/[36m763[0m batches, [36m4567066[0m pos/sec)]
Estimated time to end of superbatch: [36m3.5[0ms     [Fsuperbatch [36m14[0m | time [36m21.7[0ms | running loss [36m0.061821[0m | [36m4602073[0m pos/sec | total time [36m310.1[0ms
Estimated time remaining in training: [36m0[0mh [36m5[0mm [36m54[0ms
LR dropped to [36m0.00000505[0m
superbatch [36m15[0m [[35m0.0[0m% ([36m0[0m/[36m763[0m batches, [36m4042550[0m pos/sec)]
Estimated time to end of superbatch: [36minf[0ms     [Fsuperbatch [36m15[0m [[35m16.8[0m% ([36m128[0m/[36m763[0m batches, [36m3893873[0m pos/sec)]
Estimated time to end of superbatch: [36m21.5[0ms     [Fsuperbatch [36m15[0m [[35m33.6[0m% ([36m256[0m/[36m763[0m batches, [36m3909025[0m pos/sec)]
Estimated time to end of superbatch: [36m17.1[0ms     [Fsuperbatch [36m15[0m [[35m50.3[0m% ([36m384[0m/[36m763[0m batches, [36m4175508[0m pos/sec)]
Estimated time to end of superbatch: [36m11.9[0ms     [Fsuperbatch [36m15[0m [[35m67.1[0m% ([36m512[0m/[36m763[0m batches, [36m4346616[0m pos/sec)]
Estimated time to end of superbatch: [36m7.6[0ms     [Fsuperbatch [36m15[0m [[35m83.9[0m% ([36m640[0m/[36m763[0m batches, [36m3860592[0m pos/sec)]
Estimated time to end of superbatch: [36m4.2[0ms     [Fsuperbatch [36m15[0m | time [36m30.1[0ms | running loss [36m0.061807[0m | [36m3319525[0m pos/sec | total time [36m340.2[0ms
Estimated time remaining in training: [36m0[0mh [36m5[0mm [36m40[0ms
LR dropped to [36m0.0000047199997[0m
superbatch [36m16[0m [[35m0.0[0m% ([36m0[0m/[36m763[0m batches, [36m2596240[0m pos/sec)]
Estimated time to end of superbatch: [36minf[0ms     [Fsuperbatch [36m16[0m [[35m16.8[0m% ([36m128[0m/[36m763[0m batches, [36m2296252[0m pos/sec)]
Estimated time to end of superbatch: [36m36.5[0ms     [Fsuperbatch [36m16[0m [[35m33.6[0m% ([36m256[0m/[36m763[0m batches, [36m3056408[0m pos/sec)]
Estimated time to end of superbatch: [36m21.8[0ms     [Fsuperbatch [36m16[0m [[35m50.3[0m% ([36m384[0m/[36m763[0m batches, [36m3515961[0m pos/sec)]
Estimated time to end of superbatch: [36m14.2[0ms     [Fsuperbatch [36m16[0m [[35m67.1[0m% ([36m512[0m/[36m763[0m batches, [36m3750238[0m pos/sec)]
Estimated time to end of superbatch: [36m8.8[0ms     [Fsuperbatch [36m16[0m [[35m83.9[0m% ([36m640[0m/[36m763[0m batches, [36m3959220[0m pos/sec)]
Estimated time to end of superbatch: [36m4.1[0ms     [Fsuperbatch [36m16[0m | time [36m24.7[0ms | running loss [36m0.061676[0m | [36m4046129[0m pos/sec | total time [36m364.9[0ms
Estimated time remaining in training: [36m0[0mh [36m5[0mm [36m19[0ms
LR dropped to [36m0.00000439[0m
superbatch [36m17[0m [[35m0.0[0m% ([36m0[0m/[36m763[0m batches, [36m5399784[0m pos/sec)]
Estimated time to end of superbatch: [36minf[0ms     [Fsuperbatch [36m17[0m [[35m16.8[0m% ([36m128[0m/[36m763[0m batches, [36m4516972[0m pos/sec)]
Estimated time to end of superbatch: [36m18.6[0ms     [Fsuperbatch [36m17[0m [[35m33.6[0m% ([36m256[0m/[36m763[0m batches, [36m4064802[0m pos/sec)]
Estimated time to end of superbatch: [36m16.4[0ms     [Fsuperbatch [36m17[0m [[35m50.3[0m% ([36m384[0m/[36m763[0m batches, [36m4281482[0m pos/sec)]
Estimated time to end of superbatch: [36m11.6[0ms     [Fsuperbatch [36m17[0m [[35m67.1[0m% ([36m512[0m/[36m763[0m batches, [36m4466463[0m pos/sec)]
Estimated time to end of superbatch: [36m7.4[0ms     [Fsuperbatch [36m17[0m [[35m83.9[0m% ([36m640[0m/[36m763[0m batches, [36m4499870[0m pos/sec)]
Estimated time to end of superbatch: [36m3.6[0ms     [Fsuperbatch [36m17[0m | time [36m22.2[0ms | running loss [36m0.061647[0m | [36m4512582[0m pos/sec | total time [36m387.1[0ms
Estimated time remaining in training: [36m0[0mh [36m4[0mm [36m55[0ms
LR dropped to [36m0.0000040599994[0m
superbatch [36m18[0m [[35m0.0[0m% ([36m0[0m/[36m763[0m batches, [36m5319164[0m pos/sec)]
Estimated time to end of superbatch: [36minf[0ms     [Fsuperbatch [36m18[0m [[35m16.8[0m% ([36m128[0m/[36m763[0m batches, [36m5086790[0m pos/sec)]
Estimated time to end of superbatch: [36m16.5[0ms     [Fsuperbatch [36m18[0m [[35m33.6[0m% ([36m256[0m/[36m763[0m batches, [36m5093776[0m pos/sec)]
Estimated time to end of superbatch: [36m13.1[0ms     [Fsuperbatch [36m18[0m [[35m50.3[0m% ([36m384[0m/[36m763[0m batches, [36m5051772[0m pos/sec)]
Estimated time to end of superbatch: [36m9.9[0ms     [Fsuperbatch [36m18[0m [[35m67.1[0m% ([36m512[0m/[36m763[0m batches, [36m4973210[0m pos/sec)]
Estimated time to end of superbatch: [36m6.6[0ms     [Fsuperbatch [36m18[0m [[35m83.9[0m% ([36m640[0m/[36m763[0m batches, [36m4992124[0m pos/sec)]
Estimated time to end of superbatch: [36m3.2[0ms     [Fsuperbatch [36m18[0m | time [36m20.0[0ms | running loss [36m0.061460[0m | [36m4998068[0m pos/sec | total time [36m407.1[0ms
Estimated time remaining in training: [36m0[0mh [36m4[0mm [36m31[0ms
LR dropped to [36m0.0000037300001[0m
superbatch [36m19[0m [[35m0.0[0m% ([36m0[0m/[36m763[0m batches, [36m5599304[0m pos/sec)]
Estimated time to end of superbatch: [36minf[0ms     [Fsuperbatch [36m19[0m [[35m16.8[0m% ([36m128[0m/[36m763[0m batches, [36m4903106[0m pos/sec)]
Estimated time to end of superbatch: [36m17.1[0ms     [Fsuperbatch [36m19[0m [[35m33.6[0m% ([36m256[0m/[36m763[0m batches, [36m4840763[0m pos/sec)]
Estimated time to end of superbatch: [36m13.8[0ms     [Fsuperbatch [36m19[0m [[35m50.3[0m% ([36m384[0m/[36m763[0m batches, [36m4912730[0m pos/sec)]
Estimated time to end of superbatch: [36m10.1[0ms     [Fsuperbatch [36m19[0m [[35m67.1[0m% ([36m512[0m/[36m763[0m batches, [36m4956443[0m pos/sec)]
Estimated time to end of superbatch: [36m6.7[0ms     [Fsuperbatch [36m19[0m [[35m83.9[0m% ([36m640[0m/[36m763[0m batches, [36m4945916[0m pos/sec)]
Estimated time to end of superbatch: [36m3.3[0ms     [Fsuperbatch [36m19[0m | time [36m20.8[0ms | running loss [36m0.061476[0m | [36m4801264[0m pos/sec | total time [36m427.9[0ms
Estimated time remaining in training: [36m0[0mh [36m4[0mm [36m7[0ms
LR dropped to [36m0.0000033999995[0m
superbatch [36m20[0m [[35m0.0[0m% ([36m0[0m/[36m763[0m batches, [36m4983044[0m pos/sec)]
Estimated time to end of superbatch: [36minf[0ms     [Fsuperbatch [36m20[0m [[35m16.8[0m% ([36m128[0m/[36m763[0m batches, [36m5139792[0m pos/sec)]
Estimated time to end of superbatch: [36m16.3[0ms     [Fsuperbatch [36m20[0m [[35m33.6[0m% ([36m256[0m/[36m763[0m batches, [36m5140552[0m pos/sec)]
Estimated time to end of superbatch: [36m13.0[0ms     [Fsuperbatch [36m20[0m [[35m50.3[0m% ([36m384[0m/[36m763[0m batches, [36m5036438[0m pos/sec)]
Estimated time to end of superbatch: [36m9.9[0ms     [Fsuperbatch [36m20[0m [[35m67.1[0m% ([36m512[0m/[36m763[0m batches, [36m4886124[0m pos/sec)]
Estimated time to end of superbatch: [36m6.7[0ms     [Fsuperbatch [36m20[0m [[35m83.9[0m% ([36m640[0m/[36m763[0m batches, [36m4938310[0m pos/sec)]
Estimated time to end of superbatch: [36m3.3[0ms     [Fsuperbatch [36m20[0m | time [36m20.1[0ms | running loss [36m0.061507[0m | [36m4965358[0m pos/sec | total time [36m448.0[0ms
Estimated time remaining in training: [36m0[0mh [36m3[0mm [36m44[0ms
Saved [anna-v3q-s2-20]
LR dropped to [36m0.0000030699998[0m
superbatch [36m21[0m [[35m0.0[0m% ([36m0[0m/[36m763[0m batches, [36m5629816[0m pos/sec)]
Estimated time to end of superbatch: [36minf[0ms     [Fsuperbatch [36m21[0m [[35m16.8[0m% ([36m128[0m/[36m763[0m batches, [36m5614677[0m pos/sec)]
Estimated time to end of superbatch: [36m14.9[0ms     [Fsuperbatch [36m21[0m [[35m33.6[0m% ([36m256[0m/[36m763[0m batches, [36m4933716[0m pos/sec)]
Estimated time to end of superbatch: [36m13.5[0ms     [Fsuperbatch [36m21[0m [[35m50.3[0m% ([36m384[0m/[36m763[0m batches, [36m5009710[0m pos/sec)]
Estimated time to end of superbatch: [36m9.9[0ms     [Fsuperbatch [36m21[0m [[35m67.1[0m% ([36m512[0m/[36m763[0m batches, [36m5016112[0m pos/sec)]
Estimated time to end of superbatch: [36m6.6[0ms     [Fsuperbatch [36m21[0m [[35m83.9[0m% ([36m640[0m/[36m763[0m batches, [36m4983562[0m pos/sec)]
Estimated time to end of superbatch: [36m3.2[0ms     [Fsuperbatch [36m21[0m | time [36m20.7[0ms | running loss [36m0.061592[0m | [36m4826718[0m pos/sec | total time [36m470.2[0ms
Estimated time remaining in training: [36m0[0mh [36m3[0mm [36m21[0ms
LR dropped to [36m0.0000027399997[0m
superbatch [36m22[0m [[35m0.0[0m% ([36m0[0m/[36m763[0m batches, [36m4550348[0m pos/sec)]
Estimated time to end of superbatch: [36minf[0ms     [Fsuperbatch [36m22[0m [[35m16.8[0m% ([36m128[0m/[36m763[0m batches, [36m5125301[0m pos/sec)]
Estimated time to end of superbatch: [36m16.4[0ms     [Fsuperbatch [36m22[0m [[35m33.6[0m% ([36m256[0m/[36m763[0m batches, [36m5048103[0m pos/sec)]
Estimated time to end of superbatch: [36m13.2[0ms     [Fsuperbatch [36m22[0m [[35m50.3[0m% ([36m384[0m/[36m763[0m batches, [36m4987600[0m pos/sec)]
Estimated time to end of superbatch: [36m10.0[0ms     [Fsuperbatch [36m22[0m [[35m67.1[0m% ([36m512[0m/[36m763[0m batches, [36m4839692[0m pos/sec)]
Estimated time to end of superbatch: [36m6.8[0ms     [Fsuperbatch [36m22[0m [[35m83.9[0m% ([36m640[0m/[36m763[0m batches, [36m4856754[0m pos/sec)]
Estimated time to end of superbatch: [36m3.3[0ms     [Fsuperbatch [36m22[0m | time [36m20.8[0ms | running loss [36m0.061566[0m | [36m4811074[0m pos/sec | total time [36m491.0[0ms
Estimated time remaining in training: [36m0[0mh [36m2[0mm [36m58[0ms
LR dropped to [36m0.00000241[0m
superbatch [36m23[0m [[35m0.0[0m% ([36m0[0m/[36m763[0m batches, [36m5508968[0m pos/sec)]
Estimated time to end of superbatch: [36minf[0ms     [Fsuperbatch [36m23[0m [[35m16.8[0m% ([36m128[0m/[36m763[0m batches, [36m4940446[0m pos/sec)]
Estimated time to end of superbatch: [36m17.0[0ms     [Fsuperbatch [36m23[0m [[35m33.6[0m% ([36m256[0m/[36m763[0m batches, [36m4604036[0m pos/sec)]
Estimated time to end of superbatch: [36m14.5[0ms     [Fsuperbatch [36m23[0m [[35m50.3[0m% ([36m384[0m/[36m763[0m batches, [36m4740862[0m pos/sec)]
Estimated time to end of superbatch: [36m10.5[0ms     [Fsuperbatch [36m23[0m [[35m67.1[0m% ([36m512[0m/[36m763[0m batches, [36m4730930[0m pos/sec)]
Estimated time to end of superbatch: [36m7.0[0ms     [Fsuperbatch [36m23[0m [[35m83.9[0m% ([36m640[0m/[36m763[0m batches, [36m4779316[0m pos/sec)]
Estimated time to end of superbatch: [36m3.4[0ms     [Fsuperbatch [36m23[0m | time [36m20.9[0ms | running loss [36m0.061388[0m | [36m4777962[0m pos/sec | total time [36m511.9[0ms
Estimated time remaining in training: [36m0[0mh [36m2[0mm [36m35[0ms
LR dropped to [36m0.0000020799998[0m
superbatch [36m24[0m [[35m0.0[0m% ([36m0[0m/[36m763[0m batches, [36m5482081[0m pos/sec)]
Estimated time to end of superbatch: [36minf[0ms     [Fsuperbatch [36m24[0m [[35m16.8[0m% ([36m128[0m/[36m763[0m batches, [36m5037984[0m pos/sec)]
Estimated time to end of superbatch: [36m16.6[0ms     [Fsuperbatch [36m24[0m [[35m33.6[0m% ([36m256[0m/[36m763[0m batches, [36m5056054[0m pos/sec)]
Estimated time to end of superbatch: [36m13.2[0ms     [Fsuperbatch [36m24[0m [[35m50.3[0m% ([36m384[0m/[36m763[0m batches, [36m4579736[0m pos/sec)]
Estimated time to end of superbatch: [36m10.9[0ms     [Fsuperbatch [36m24[0m [[35m67.1[0m% ([36m512[0m/[36m763[0m batches, [36m4150487[0m pos/sec)]
Estimated time to end of superbatch: [36m7.9[0ms     [Fsuperbatch [36m24[0m [[35m83.9[0m% ([36m640[0m/[36m763[0m batches, [36m4309888[0m pos/sec)]
Estimated time to end of superbatch: [36m3.7[0ms     [Fsuperbatch [36m24[0m | time [36m22.7[0ms | running loss [36m0.061314[0m | [36m4404041[0m pos/sec | total time [36m534.6[0ms
Estimated time remaining in training: [36m0[0mh [36m2[0mm [36m13[0ms
LR dropped to [36m0.0000017499997[0m
superbatch [36m25[0m [[35m0.0[0m% ([36m0[0m/[36m763[0m batches, [36m4290316[0m pos/sec)]
Estimated time to end of superbatch: [36minf[0ms     [Fsuperbatch [36m25[0m [[35m16.8[0m% ([36m128[0m/[36m763[0m batches, [36m5070846[0m pos/sec)]
Estimated time to end of superbatch: [36m16.5[0ms     [Fsuperbatch [36m25[0m [[35m33.6[0m% ([36m256[0m/[36m763[0m batches, [36m4733041[0m pos/sec)]
Estimated time to end of superbatch: [36m14.1[0ms     [Fsuperbatch [36m25[0m [[35m50.3[0m% ([36m384[0m/[36m763[0m batches, [36m4776692[0m pos/sec)]
Estimated time to end of superbatch: [36m10.4[0ms     [Fsuperbatch [36m25[0m [[35m67.1[0m% ([36m512[0m/[36m763[0m batches, [36m4834100[0m pos/sec)]
Estimated time to end of superbatch: [36m6.8[0ms     [Fsuperbatch [36m25[0m [[35m83.9[0m% ([36m640[0m/[36m763[0m batches, [36m4863751[0m pos/sec)]
Estimated time to end of superbatch: [36m3.3[0ms     [Fsuperbatch [36m25[0m | time [36m20.6[0ms | running loss [36m0.061272[0m | [36m4844478[0m pos/sec | total time [36m555.3[0ms
Estimated time remaining in training: [36m0[0mh [36m1[0mm [36m51[0ms
LR dropped to [36m0.0000014199995[0m
superbatch [36m26[0m [[35m0.0[0m% ([36m0[0m/[36m763[0m batches, [36m4271188[0m pos/sec)]
Estimated time to end of superbatch: [36minf[0ms     [Fsuperbatch [36m26[0m [[35m16.8[0m% ([36m128[0m/[36m763[0m batches, [36m4958972[0m pos/sec)]
Estimated time to end of superbatch: [36m16.9[0ms     [Fsuperbatch [36m26[0m [[35m33.6[0m% ([36m256[0m/[36m763[0m batches, [36m5027476[0m pos/sec)]
Estimated time to end of superbatch: [36m13.3[0ms     [Fsuperbatch [36m26[0m [[35m50.3[0m% ([36m384[0m/[36m763[0m batches, [36m5034414[0m pos/sec)]
Estimated time to end of superbatch: [36m9.9[0ms     [Fsuperbatch [36m26[0m [[35m67.1[0m% ([36m512[0m/[36m763[0m batches, [36m4817280[0m pos/sec)]
Estimated time to end of superbatch: [36m6.8[0ms     [Fsuperbatch [36m26[0m [[35m83.9[0m% ([36m640[0m/[36m763[0m batches, [36m4731638[0m pos/sec)]
Estimated time to end of superbatch: [36m3.4[0ms     [Fsuperbatch [36m26[0m | time [36m20.9[0ms | running loss [36m0.061371[0m | [36m4786158[0m pos/sec | total time [36m576.1[0ms
Estimated time remaining in training: [36m0[0mh [36m1[0mm [36m28[0ms
LR dropped to [36m0.0000010900003[0m
superbatch [36m27[0m [[35m0.0[0m% ([36m0[0m/[36m763[0m batches, [36m4226501[0m pos/sec)]
Estimated time to end of superbatch: [36minf[0ms     [Fsuperbatch [36m27[0m [[35m16.8[0m% ([36m128[0m/[36m763[0m batches, [36m5088078[0m pos/sec)]
Estimated time to end of superbatch: [36m16.5[0ms     [Fsuperbatch [36m27[0m [[35m33.6[0m% ([36m256[0m/[36m763[0m batches, [36m4785278[0m pos/sec)]
Estimated time to end of superbatch: [36m13.9[0ms     [Fsuperbatch [36m27[0m [[35m50.3[0m% ([36m384[0m/[36m763[0m batches, [36m4833634[0m pos/sec)]
Estimated time to end of superbatch: [36m10.3[0ms     [Fsuperbatch [36m27[0m [[35m67.1[0m% ([36m512[0m/[36m763[0m batches, [36m4900784[0m pos/sec)]
Estimated time to end of superbatch: [36m6.7[0ms     [Fsuperbatch [36m27[0m [[35m83.9[0m% ([36m640[0m/[36m763[0m batches, [36m4939603[0m pos/sec)]
Estimated time to end of superbatch: [36m3.3[0ms     [Fsuperbatch [36m27[0m | time [36m20.7[0ms | running loss [36m0.061369[0m | [36m4826184[0m pos/sec | total time [36m596.9[0ms
Estimated time remaining in training: [36m0[0mh [36m1[0mm [36m6[0ms
LR dropped to [36m0.00000076000015[0m
superbatch [36m28[0m [[35m0.0[0m% ([36m0[0m/[36m763[0m batches, [36m4593542[0m pos/sec)]
Estimated time to end of superbatch: [36minf[0ms     [Fsuperbatch [36m28[0m [[35m16.8[0m% ([36m128[0m/[36m763[0m batches, [36m5039344[0m pos/sec)]
Estimated time to end of superbatch: [36m16.6[0ms     [Fsuperbatch [36m28[0m [[35m33.6[0m% ([36m256[0m/[36m763[0m batches, [36m5095089[0m pos/sec)]
Estimated time to end of superbatch: [36m13.1[0ms     [Fsuperbatch [36m28[0m [[35m50.3[0m% ([36m384[0m/[36m763[0m batches, [36m5103876[0m pos/sec)]
Estimated time to end of superbatch: [36m9.8[0ms     [Fsuperbatch [36m28[0m [[35m67.1[0m% ([36m512[0m/[36m763[0m batches, [36m4898682[0m pos/sec)]
Estimated time to end of superbatch: [36m6.7[0ms     [Fsuperbatch [36m28[0m [[35m83.9[0m% ([36m640[0m/[36m763[0m batches, [36m4886822[0m pos/sec)]
Estimated time to end of superbatch: [36m3.3[0ms     [Fsuperbatch [36m28[0m | time [36m20.3[0ms | running loss [36m0.061101[0m | [36m4918679[0m pos/sec | total time [36m617.2[0ms
Estimated time remaining in training: [36m0[0mh [36m0[0mm [36m44[0ms
LR dropped to [36m0.00000043[0m
superbatch [36m29[0m [[35m0.0[0m% ([36m0[0m/[36m763[0m batches, [36m5625822[0m pos/sec)]
Estimated time to end of superbatch: [36minf[0ms     [Fsuperbatch [36m29[0m [[35m16.8[0m% ([36m128[0m/[36m763[0m batches, [36m5041634[0m pos/sec)]
Estimated time to end of superbatch: [36m16.6[0ms     [Fsuperbatch [36m29[0m [[35m33.6[0m% ([36m256[0m/[36m763[0m batches, [36m4814473[0m pos/sec)]
Estimated time to end of superbatch: [36m13.9[0ms     [Fsuperbatch [36m29[0m [[35m50.3[0m% ([36m384[0m/[36m763[0m batches, [36m4843048[0m pos/sec)]
Estimated time to end of superbatch: [36m10.3[0ms     [Fsuperbatch [36m29[0m [[35m67.1[0m% ([36m512[0m/[36m763[0m batches, [36m4906908[0m pos/sec)]
Estimated time to end of superbatch: [36m6.7[0ms     [Fsuperbatch [36m29[0m [[35m83.9[0m% ([36m640[0m/[36m763[0m batches, [36m4923100[0m pos/sec)]
Estimated time to end of superbatch: [36m3.3[0ms     [Fsuperbatch [36m29[0m | time [36m21.3[0ms | running loss [36m0.061374[0m | [36m4696677[0m pos/sec | total time [36m638.5[0ms
Estimated time remaining in training: [36m0[0mh [36m0[0mm [36m22[0ms
LR dropped to [36m0.0000001[0m
superbatch [36m30[0m [[35m0.0[0m% ([36m0[0m/[36m763[0m batches, [36m4988352[0m pos/sec)]
Estimated time to end of superbatch: [36minf[0ms     [Fsuperbatch [36m30[0m [[35m16.8[0m% ([36m128[0m/[36m763[0m batches, [36m4975086[0m pos/sec)]
Estimated time to end of superbatch: [36m16.9[0ms     [Fsuperbatch [36m30[0m [[35m33.6[0m% ([36m256[0m/[36m763[0m batches, [36m5032301[0m pos/sec)]
Estimated time to end of superbatch: [36m13.3[0ms     [Fsuperbatch [36m30[0m [[35m50.3[0m% ([36m384[0m/[36m763[0m batches, [36m5020322[0m pos/sec)]
Estimated time to end of superbatch: [36m9.9[0ms     [Fsuperbatch [36m30[0m [[35m67.1[0m% ([36m512[0m/[36m763[0m batches, [36m4890702[0m pos/sec)]
Estimated time to end of superbatch: [36m6.7[0ms     [Fsuperbatch [36m30[0m [[35m83.9[0m% ([36m640[0m/[36m763[0m batches, [36m4854815[0m pos/sec)]
Estimated time to end of superbatch: [36m3.3[0ms     [Fsuperbatch [36m30[0m | time [36m20.5[0ms | running loss [36m0.061319[0m | [36m4884943[0m pos/sec | total time [36m659.0[0ms
Estimated time remaining in training: [36m0[0mh [36m0[0mm [36m0[0ms
Saved [anna-v3q-s2-30]
Total Training Time: [36m0[0mh [36m11[0mm [36m0[0ms
TRAINER EVAL rnbqkbnr/pppppppp/8/8/8/8/PPPPPPPP/RNBQKBNR w KQkq - 0 1 : 26.4
TRAINER EVAL rnbqkbnr/pppppppp/8/8/8/8/PPPPPPPP/RNBQKBN1 w Qkq - 0 1 : -2058.8
TRAINER EVAL rnbqkbn1/pppppppp/8/8/8/8/PPPPPPPP/RNBQKBNR w KQq - 0 1 : 1752.5
TRAINER EVAL r3k2r/p1ppqpb1/bn2pnp1/3PN3/1p2P3/2N2Q1p/PPPBBPPP/R3K2R w KQkq - 0 1 : -301.8
TRAINER EVAL r1bqkb1r/pp2bppp/2n2n2/2pp4/3P4/2PBPN2/PP1N1PPP/R2QK2R w KQ - 0 9 : -1413.9
TRAINER EVAL 8/2p5/3p4/KP5r/1R3p1k/8/4P1P1/8 w - - 0 1 : 60.0
done
=== train end exit=0
