=== train start 2026-09-13T04:44:39Z run=anna-v3b superbatches=310 data=/workspace/chess/data/test80-2024-01-jan-2tb7p.min-v2.v6.binpack,/workspace/chess/data/test80-2024-02-feb-2tb7p.min-v2.v6.binpack,/workspace/chess/data/test80-2024-03-mar-2tb7p.min-v2.v6.binpack,/workspace/chess/data/test80-2024-05-may-2tb7p.min-v2.v6.binpack
NVIDIA GeForce RTX 4090, 570.195.03, 24564 MiB
anna-v3 trainer | net anna-v3b | data ["/workspace/chess/data/test80-2024-01-jan-2tb7p.min-v2.v6.binpack", "/workspace/chess/data/test80-2024-02-feb-2tb7p.min-v2.v6.binpack", "/workspace/chess/data/test80-2024-03-mar-2tb7p.min-v2.v6.binpack", "/workspace/chess/data/test80-2024-05-may-2tb7p.min-v2.v6.binpack"] | stages 30/310/30 SB | batch 131072 x 763 | width 512 L2 16 L3 32
[34;1mTraining on NVIDIA GeForce RTX 4090 (sm_89)[0m
superbatch [36m1[0m [[35m0.0[0m% ([36m0[0m/[36m763[0m batches, [36m2301042[0m pos/sec)]
Estimated time to end of superbatch: [36minf[0ms     [Fsuperbatch [36m1[0m [[35m16.8[0m% ([36m128[0m/[36m763[0m batches, [36m6088596[0m pos/sec)]
Estimated time to end of superbatch: [36m13.8[0ms     [Fsuperbatch [36m1[0m [[35m33.6[0m% ([36m256[0m/[36m763[0m batches, [36m6649036[0m pos/sec)]
Estimated time to end of superbatch: [36m10.0[0ms     [Fsuperbatch [36m1[0m [[35m50.3[0m% ([36m384[0m/[36m763[0m batches, [36m6804894[0m pos/sec)]
Estimated time to end of superbatch: [36m7.3[0ms     [Fsuperbatch [36m1[0m [[35m67.1[0m% ([36m512[0m/[36m763[0m batches, [36m6854080[0m pos/sec)]
Estimated time to end of superbatch: [36m4.8[0ms     [Fsuperbatch [36m1[0m [[35m83.9[0m% ([36m640[0m/[36m763[0m batches, [36m6820924[0m pos/sec)]
Estimated time to end of superbatch: [36m2.4[0ms     [Fsuperbatch [36m1[0m | time [36m14.7[0ms | running loss [36m0.024220[0m | [36m6798602[0m pos/sec | total time [36m22.4[0ms
Estimated time remaining in training: [36m0[0mh [36m10[0mm [36m49[0ms
LR increased to [36m0.0007533334[0m
superbatch [36m2[0m [[35m0.0[0m% ([36m0[0m/[36m763[0m batches, [36m2953024[0m pos/sec)]
Estimated time to end of superbatch: [36minf[0ms     [Fsuperbatch [36m2[0m [[35m16.8[0m% ([36m128[0m/[36m763[0m batches, [36m6600562[0m pos/sec)]
Estimated time to end of superbatch: [36m12.7[0ms     [Fsuperbatch [36m2[0m [[35m33.6[0m% ([36m256[0m/[36m763[0m batches, [36m6589458[0m pos/sec)]
Estimated time to end of superbatch: [36m10.1[0ms     [Fsuperbatch [36m2[0m [[35m50.3[0m% ([36m384[0m/[36m763[0m batches, [36m6620781[0m pos/sec)]
Estimated time to end of superbatch: [36m7.5[0ms     [Fsuperbatch [36m2[0m [[35m67.1[0m% ([36m512[0m/[36m763[0m batches, [36m6603883[0m pos/sec)]
Estimated time to end of superbatch: [36m5.0[0ms     [Fsuperbatch [36m2[0m [[35m83.9[0m% ([36m640[0m/[36m763[0m batches, [36m6605558[0m pos/sec)]
Estimated time to end of superbatch: [36m2.4[0ms     [Fsuperbatch [36m2[0m | time [36m15.1[0ms | running loss [36m0.016400[0m | [36m6601452[0m pos/sec | total time [36m37.5[0ms
Estimated time remaining in training: [36m0[0mh [36m8[0mm [36m45[0ms
LR increased to [36m0.00108[0m
superbatch [36m3[0m [[35m0.0[0m% ([36m0[0m/[36m763[0m batches, [36m6726402[0m pos/sec)]
Estimated time to end of superbatch: [36minf[0ms     [Fsuperbatch [36m3[0m [[35m16.8[0m% ([36m128[0m/[36m763[0m batches, [36m6723334[0m pos/sec)]
Estimated time to end of superbatch: [36m12.5[0ms     [Fsuperbatch [36m3[0m [[35m33.6[0m% ([36m256[0m/[36m763[0m batches, [36m6730932[0m pos/sec)]
Estimated time to end of superbatch: [36m9.9[0ms     [Fsuperbatch [36m3[0m [[35m50.3[0m% ([36m384[0m/[36m763[0m batches, [36m6732746[0m pos/sec)]
Estimated time to end of superbatch: [36m7.4[0ms     [Fsuperbatch [36m3[0m [[35m67.1[0m% ([36m512[0m/[36m763[0m batches, [36m6734958[0m pos/sec)]
Estimated time to end of superbatch: [36m4.9[0ms     [Fsuperbatch [36m3[0m [[35m83.9[0m% ([36m640[0m/[36m763[0m batches, [36m6732306[0m pos/sec)]
Estimated time to end of superbatch: [36m2.4[0ms     [Fsuperbatch [36m3[0m | time [36m14.9[0ms | running loss [36m0.014467[0m | [36m6732819[0m pos/sec | total time [36m52.4[0ms
Estimated time remaining in training: [36m0[0mh [36m7[0mm [36m51[0ms
LR increased to [36m0.0014066667[0m
superbatch [36m4[0m [[35m0.0[0m% ([36m0[0m/[36m763[0m batches, [36m6723856[0m pos/sec)]
Estimated time to end of superbatch: [36minf[0ms     [Fsuperbatch [36m4[0m [[35m16.8[0m% ([36m128[0m/[36m763[0m batches, [36m6749604[0m pos/sec)]
Estimated time to end of superbatch: [36m12.4[0ms     [Fsuperbatch [36m4[0m [[35m33.6[0m% ([36m256[0m/[36m763[0m batches, [36m6678152[0m pos/sec)]
Estimated time to end of superbatch: [36m10.0[0ms     [Fsuperbatch [36m4[0m [[35m50.3[0m% ([36m384[0m/[36m763[0m batches, [36m6639152[0m pos/sec)]
Estimated time to end of superbatch: [36m7.5[0ms     [Fsuperbatch [36m4[0m [[35m67.1[0m% ([36m512[0m/[36m763[0m batches, [36m6582240[0m pos/sec)]
Estimated time to end of superbatch: [36m5.0[0ms     [Fsuperbatch [36m4[0m [[35m83.9[0m% ([36m640[0m/[36m763[0m batches, [36m6585538[0m pos/sec)]
Estimated time to end of superbatch: [36m2.5[0ms     [Fsuperbatch [36m4[0m | time [36m15.2[0ms | running loss [36m0.013079[0m | [36m6568706[0m pos/sec | total time [36m67.6[0ms
Estimated time remaining in training: [36m0[0mh [36m7[0mm [36m19[0ms
LR increased to [36m0.0017333333[0m
superbatch [36m5[0m [[35m0.0[0m% ([36m0[0m/[36m763[0m batches, [36m6779710[0m pos/sec)]
Estimated time to end of superbatch: [36minf[0ms     [Fsuperbatch [36m5[0m [[35m16.8[0m% ([36m128[0m/[36m763[0m batches, [36m6642192[0m pos/sec)]
Estimated time to end of superbatch: [36m12.6[0ms     [Fsuperbatch [36m5[0m [[35m33.6[0m% ([36m256[0m/[36m763[0m batches, [36m6581605[0m pos/sec)]
Estimated time to end of superbatch: [36m10.1[0ms     [Fsuperbatch [36m5[0m [[35m50.3[0m% ([36m384[0m/[36m763[0m batches, [36m6533893[0m pos/sec)]
Estimated time to end of superbatch: [36m7.6[0ms     [Fsuperbatch [36m5[0m [[35m67.1[0m% ([36m512[0m/[36m763[0m batches, [36m6576627[0m pos/sec)]
Estimated time to end of superbatch: [36m5.0[0ms     [Fsuperbatch [36m5[0m [[35m83.9[0m% ([36m640[0m/[36m763[0m batches, [36m6529268[0m pos/sec)]
Estimated time to end of superbatch: [36m2.5[0ms     [Fsuperbatch [36m5[0m | time [36m15.3[0ms | running loss [36m0.012566[0m | [36m6541580[0m pos/sec | total time [36m82.9[0ms
Estimated time remaining in training: [36m0[0mh [36m6[0mm [36m54[0ms
LR increased to [36m0.00206[0m
superbatch [36m6[0m [[35m0.0[0m% ([36m0[0m/[36m763[0m batches, [36m6807478[0m pos/sec)]
Estimated time to end of superbatch: [36minf[0ms     [Fsuperbatch [36m6[0m [[35m16.8[0m% ([36m128[0m/[36m763[0m batches, [36m6717726[0m pos/sec)]
Estimated time to end of superbatch: [36m12.5[0ms     [Fsuperbatch [36m6[0m [[35m33.6[0m% ([36m256[0m/[36m763[0m batches, [36m6696800[0m pos/sec)]
Estimated time to end of superbatch: [36m10.0[0ms     [Fsuperbatch [36m6[0m [[35m50.3[0m% ([36m384[0m/[36m763[0m batches, [36m6662113[0m pos/sec)]
Estimated time to end of superbatch: [36m7.5[0ms     [Fsuperbatch [36m6[0m [[35m67.1[0m% ([36m512[0m/[36m763[0m batches, [36m6676914[0m pos/sec)]
Estimated time to end of superbatch: [36m4.9[0ms     [Fsuperbatch [36m6[0m [[35m83.9[0m% ([36m640[0m/[36m763[0m batches, [36m6648376[0m pos/sec)]
Estimated time to end of superbatch: [36m2.4[0ms     [Fsuperbatch [36m6[0m | time [36m15.0[0ms | running loss [36m0.011838[0m | [36m6667541[0m pos/sec | total time [36m97.9[0ms
Estimated time remaining in training: [36m0[0mh [36m6[0mm [36m31[0ms
LR increased to [36m0.0023866668[0m
superbatch [36m7[0m [[35m0.0[0m% ([36m0[0m/[36m763[0m batches, [36m6889684[0m pos/sec)]
Estimated time to end of superbatch: [36minf[0ms     [Fsuperbatch [36m7[0m [[35m16.8[0m% ([36m128[0m/[36m763[0m batches, [36m6662240[0m pos/sec)]
Estimated time to end of superbatch: [36m12.6[0ms     [Fsuperbatch [36m7[0m [[35m33.6[0m% ([36m256[0m/[36m763[0m batches, [36m6707940[0m pos/sec)]
Estimated time to end of superbatch: [36m9.9[0ms     [Fsuperbatch [36m7[0m [[35m50.3[0m% ([36m384[0m/[36m763[0m batches, [36m6780680[0m pos/sec)]
Estimated time to end of superbatch: [36m7.3[0ms     [Fsuperbatch [36m7[0m [[35m67.1[0m% ([36m512[0m/[36m763[0m batches, [36m6823463[0m pos/sec)]
Estimated time to end of superbatch: [36m4.8[0ms     [Fsuperbatch [36m7[0m [[35m83.9[0m% ([36m640[0m/[36m763[0m batches, [36m6832864[0m pos/sec)]
Estimated time to end of superbatch: [36m2.4[0ms     [Fsuperbatch [36m7[0m | time [36m14.6[0ms | running loss [36m0.011760[0m | [36m6852362[0m pos/sec | total time [36m112.5[0ms
Estimated time remaining in training: [36m0[0mh [36m6[0mm [36m9[0ms
LR increased to [36m0.0027133336[0m
superbatch [36m8[0m [[35m0.0[0m% ([36m0[0m/[36m763[0m batches, [36m6974330[0m pos/sec)]
Estimated time to end of superbatch: [36minf[0ms     [Fsuperbatch [36m8[0m [[35m16.8[0m% ([36m128[0m/[36m763[0m batches, [36m6975808[0m pos/sec)]
Estimated time to end of superbatch: [36m12.0[0ms     [Fsuperbatch [36m8[0m [[35m33.6[0m% ([36m256[0m/[36m763[0m batches, [36m6758364[0m pos/sec)]
Estimated time to end of superbatch: [36m9.9[0ms     [Fsuperbatch [36m8[0m [[35m50.3[0m% ([36m384[0m/[36m763[0m batches, [36m6803523[0m pos/sec)]
Estimated time to end of superbatch: [36m7.3[0ms     [Fsuperbatch [36m8[0m [[35m67.1[0m% ([36m512[0m/[36m763[0m batches, [36m6814839[0m pos/sec)]
Estimated time to end of superbatch: [36m4.8[0ms     [Fsuperbatch [36m8[0m [[35m83.9[0m% ([36m640[0m/[36m763[0m batches, [36m6798250[0m pos/sec)]
Estimated time to end of superbatch: [36m2.4[0ms     [Fsuperbatch [36m8[0m | time [36m14.6[0ms | running loss [36m0.011292[0m | [36m6831307[0m pos/sec | total time [36m127.1[0ms
Estimated time remaining in training: [36m0[0mh [36m5[0mm [36m49[0ms
LR increased to [36m0.0030400003[0m
superbatch [36m9[0m [[35m0.0[0m% ([36m0[0m/[36m763[0m batches, [36m7083778[0m pos/sec)]
Estimated time to end of superbatch: [36minf[0ms     [Fsuperbatch [36m9[0m [[35m16.8[0m% ([36m128[0m/[36m763[0m batches, [36m6635366[0m pos/sec)]
Estimated time to end of superbatch: [36m12.6[0ms     [Fsuperbatch [36m9[0m [[35m33.6[0m% ([36m256[0m/[36m763[0m batches, [36m6763570[0m pos/sec)]
Estimated time to end of superbatch: [36m9.9[0ms     [Fsuperbatch [36m9[0m [[35m50.3[0m% ([36m384[0m/[36m763[0m batches, [36m6805770[0m pos/sec)]
Estimated time to end of superbatch: [36m7.3[0ms     [Fsuperbatch [36m9[0m [[35m67.1[0m% ([36m512[0m/[36m763[0m batches, [36m6832310[0m pos/sec)]
Estimated time to end of superbatch: [36m4.8[0ms     [Fsuperbatch [36m9[0m [[35m83.9[0m% ([36m640[0m/[36m763[0m batches, [36m6871494[0m pos/sec)]
Estimated time to end of superbatch: [36m2.3[0ms     [Fsuperbatch [36m9[0m | time [36m14.5[0ms | running loss [36m0.011448[0m | [36m6875134[0m pos/sec | total time [36m141.7[0ms
Estimated time remaining in training: [36m0[0mh [36m5[0mm [36m30[0ms
LR increased to [36m0.0033666668[0m
superbatch [36m10[0m [[35m0.0[0m% ([36m0[0m/[36m763[0m batches, [36m7143692[0m pos/sec)]
Estimated time to end of superbatch: [36minf[0ms     [Fsuperbatch [36m10[0m [[35m16.8[0m% ([36m128[0m/[36m763[0m batches, [36m6887730[0m pos/sec)]
Estimated time to end of superbatch: [36m12.2[0ms     [Fsuperbatch [36m10[0m [[35m33.6[0m% ([36m256[0m/[36m763[0m batches, [36m6902549[0m pos/sec)]
Estimated time to end of superbatch: [36m9.7[0ms     [Fsuperbatch [36m10[0m [[35m50.3[0m% ([36m384[0m/[36m763[0m batches, [36m6946684[0m pos/sec)]
Estimated time to end of superbatch: [36m7.2[0ms     [Fsuperbatch [36m10[0m [[35m67.1[0m% ([36m512[0m/[36m763[0m batches, [36m6926986[0m pos/sec)]
Estimated time to end of superbatch: [36m4.8[0ms     [Fsuperbatch [36m10[0m [[35m83.9[0m% ([36m640[0m/[36m763[0m batches, [36m6934168[0m pos/sec)]
Estimated time to end of superbatch: [36m2.3[0ms     [Fsuperbatch [36m10[0m | time [36m14.3[0ms | running loss [36m0.011124[0m | [36m6981650[0m pos/sec | total time [36m156.0[0ms
Estimated time remaining in training: [36m0[0mh [36m5[0mm [36m12[0ms
LR increased to [36m0.0036933336[0m
superbatch [36m11[0m [[35m0.0[0m% ([36m0[0m/[36m763[0m batches, [36m7286290[0m pos/sec)]
Estimated time to end of superbatch: [36minf[0ms     [Fsuperbatch [36m11[0m [[35m16.8[0m% ([36m128[0m/[36m763[0m batches, [36m7222250[0m pos/sec)]
Estimated time to end of superbatch: [36m11.6[0ms     [Fsuperbatch [36m11[0m [[35m33.6[0m% ([36m256[0m/[36m763[0m batches, [36m6902026[0m pos/sec)]
Estimated time to end of superbatch: [36m9.7[0ms     [Fsuperbatch [36m11[0m [[35m50.3[0m% ([36m384[0m/[36m763[0m batches, [36m7017186[0m pos/sec)]
Estimated time to end of superbatch: [36m7.1[0ms     [Fsuperbatch [36m11[0m [[35m67.1[0m% ([36m512[0m/[36m763[0m batches, [36m7027908[0m pos/sec)]
Estimated time to end of superbatch: [36m4.7[0ms     [Fsuperbatch [36m11[0m [[35m83.9[0m% ([36m640[0m/[36m763[0m batches, [36m6955626[0m pos/sec)]
Estimated time to end of superbatch: [36m2.3[0ms     [Fsuperbatch [36m11[0m | time [36m14.5[0ms | running loss [36m0.011339[0m | [36m6919426[0m pos/sec | total time [36m170.5[0ms
Estimated time remaining in training: [36m0[0mh [36m4[0mm [36m54[0ms
LR increased to [36m0.00402[0m
superbatch [36m12[0m [[35m0.0[0m% ([36m0[0m/[36m763[0m batches, [36m7413501[0m pos/sec)]
Estimated time to end of superbatch: [36minf[0ms     [Fsuperbatch [36m12[0m [[35m16.8[0m% ([36m128[0m/[36m763[0m batches, [36m6936732[0m pos/sec)]
Estimated time to end of superbatch: [36m12.1[0ms     [Fsuperbatch [36m12[0m [[35m33.6[0m% ([36m256[0m/[36m763[0m batches, [36m7001720[0m pos/sec)]
Estimated time to end of superbatch: [36m9.5[0ms     [Fsuperbatch [36m12[0m [[35m50.3[0m% ([36m384[0m/[36m763[0m batches, [36m7070339[0m pos/sec)]
Estimated time to end of superbatch: [36m7.0[0ms     [Fsuperbatch [36m12[0m [[35m67.1[0m% ([36m512[0m/[36m763[0m batches, [36m7136582[0m pos/sec)]
Estimated time to end of superbatch: [36m4.6[0ms     [Fsuperbatch [36m12[0m [[35m83.9[0m% ([36m640[0m/[36m763[0m batches, [36m7169386[0m pos/sec)]
Estimated time to end of superbatch: [36m2.3[0ms     [Fsuperbatch [36m12[0m | time [36m14.0[0ms | running loss [36m0.011079[0m | [36m7162496[0m pos/sec | total time [36m184.4[0ms
Estimated time remaining in training: [36m0[0mh [36m4[0mm [36m36[0ms
LR increased to [36m0.0043466664[0m
superbatch [36m13[0m [[35m0.0[0m% ([36m0[0m/[36m763[0m batches, [36m7485390[0m pos/sec)]
Estimated time to end of superbatch: [36minf[0ms     [Fsuperbatch [36m13[0m [[35m16.8[0m% ([36m128[0m/[36m763[0m batches, [36m7490838[0m pos/sec)]
Estimated time to end of superbatch: [36m11.2[0ms     [Fsuperbatch [36m13[0m [[35m33.6[0m% ([36m256[0m/[36m763[0m batches, [36m7491986[0m pos/sec)]
Estimated time to end of superbatch: [36m8.9[0ms     [Fsuperbatch [36m13[0m [[35m50.3[0m% ([36m384[0m/[36m763[0m batches, [36m7386319[0m pos/sec)]
Estimated time to end of superbatch: [36m6.7[0ms     [Fsuperbatch [36m13[0m [[35m67.1[0m% ([36m512[0m/[36m763[0m batches, [36m7329782[0m pos/sec)]
Estimated time to end of superbatch: [36m4.5[0ms     [Fsuperbatch [36m13[0m [[35m83.9[0m% ([36m640[0m/[36m763[0m batches, [36m7348400[0m pos/sec)]
Estimated time to end of superbatch: [36m2.2[0ms     [Fsuperbatch [36m13[0m | time [36m13.7[0ms | running loss [36m0.011328[0m | [36m7321299[0m pos/sec | total time [36m198.1[0ms
Estimated time remaining in training: [36m0[0mh [36m4[0mm [36m19[0ms
LR increased to [36m0.0046733334[0m
superbatch [36m14[0m [[35m0.0[0m% ([36m0[0m/[36m763[0m batches, [36m7563082[0m pos/sec)]
Estimated time to end of superbatch: [36minf[0ms     [Fsuperbatch [36m14[0m [[35m16.8[0m% ([36m128[0m/[36m763[0m batches, [36m7184452[0m pos/sec)]
Estimated time to end of superbatch: [36m11.7[0ms     [Fsuperbatch [36m14[0m [[35m33.6[0m% ([36m256[0m/[36m763[0m batches, [36m7351438[0m pos/sec)]
Estimated time to end of superbatch: [36m9.1[0ms     [Fsuperbatch [36m14[0m [[35m50.3[0m% ([36m384[0m/[36m763[0m batches, [36m7412574[0m pos/sec)]
Estimated time to end of superbatch: [36m6.7[0ms     [Fsuperbatch [36m14[0m [[35m67.1[0m% ([36m512[0m/[36m763[0m batches, [36m7361440[0m pos/sec)]
Estimated time to end of superbatch: [36m4.5[0ms     [Fsuperbatch [36m14[0m [[35m83.9[0m% ([36m640[0m/[36m763[0m batches, [36m7307508[0m pos/sec)]
Estimated time to end of superbatch: [36m2.2[0ms     [Fsuperbatch [36m14[0m | time [36m13.6[0ms | running loss [36m0.011157[0m | [36m7364934[0m pos/sec | total time [36m211.7[0ms
Estimated time remaining in training: [36m0[0mh [36m4[0mm [36m1[0ms
LR increased to [36m0.005[0m
superbatch [36m15[0m [[35m0.0[0m% ([36m0[0m/[36m763[0m batches, [36m7703038[0m pos/sec)]
Estimated time to end of superbatch: [36minf[0ms     [Fsuperbatch [36m15[0m [[35m16.8[0m% ([36m128[0m/[36m763[0m batches, [36m7323653[0m pos/sec)]
Estimated time to end of superbatch: [36m11.5[0ms     [Fsuperbatch [36m15[0m [[35m33.6[0m% ([36m256[0m/[36m763[0m batches, [36m7324928[0m pos/sec)]
Estimated time to end of superbatch: [36m9.1[0ms     [Fsuperbatch [36m15[0m [[35m50.3[0m% ([36m384[0m/[36m763[0m batches, [36m7328318[0m pos/sec)]
Estimated time to end of superbatch: [36m6.8[0ms     [Fsuperbatch [36m15[0m [[35m67.1[0m% ([36m512[0m/[36m763[0m batches, [36m7428368[0m pos/sec)]
Estimated time to end of superbatch: [36m4.4[0ms     [Fsuperbatch [36m15[0m [[35m83.9[0m% ([36m640[0m/[36m763[0m batches, [36m7487103[0m pos/sec)]
Estimated time to end of superbatch: [36m2.2[0ms     [Fsuperbatch [36m15[0m | time [36m13.3[0ms | running loss [36m0.011407[0m | [36m7526585[0m pos/sec | total time [36m225.0[0ms
Estimated time remaining in training: [36m0[0mh [36m3[0mm [36m44[0ms
LR dropped to [36m0.0046733334[0m
superbatch [36m16[0m [[35m0.0[0m% ([36m0[0m/[36m763[0m batches, [36m7796976[0m pos/sec)]
Estimated time to end of superbatch: [36minf[0ms     [Fsuperbatch [36m16[0m [[35m16.8[0m% ([36m128[0m/[36m763[0m batches, [36m7788154[0m pos/sec)]
Estimated time to end of superbatch: [36m10.8[0ms     [Fsuperbatch [36m16[0m [[35m33.6[0m% ([36m256[0m/[36m763[0m batches, [36m7647334[0m pos/sec)]
Estimated time to end of superbatch: [36m8.7[0ms     [Fsuperbatch [36m16[0m [[35m50.3[0m% ([36m384[0m/[36m763[0m batches, [36m7526212[0m pos/sec)]
Estimated time to end of superbatch: [36m6.6[0ms     [Fsuperbatch [36m16[0m [[35m67.1[0m% ([36m512[0m/[36m763[0m batches, [36m7460706[0m pos/sec)]
Estimated time to end of superbatch: [36m4.4[0ms     [Fsuperbatch [36m16[0m [[35m83.9[0m% ([36m640[0m/[36m763[0m batches, [36m7440517[0m pos/sec)]
Estimated time to end of superbatch: [36m2.2[0ms     [Fsuperbatch [36m16[0m | time [36m13.4[0ms | running loss [36m0.011191[0m | [36m7455566[0m pos/sec | total time [36m238.4[0ms
Estimated time remaining in training: [36m0[0mh [36m3[0mm [36m28[0ms
LR dropped to [36m0.0043466664[0m
superbatch [36m17[0m [[35m0.0[0m% ([36m0[0m/[36m763[0m batches, [36m7826942[0m pos/sec)]
Estimated time to end of superbatch: [36minf[0ms     [Fsuperbatch [36m17[0m [[35m16.8[0m% ([36m128[0m/[36m763[0m batches, [36m7651787[0m pos/sec)]
Estimated time to end of superbatch: [36m11.0[0ms     [Fsuperbatch [36m17[0m [[35m33.6[0m% ([36m256[0m/[36m763[0m batches, [36m7595702[0m pos/sec)]
Estimated time to end of superbatch: [36m8.8[0ms     [Fsuperbatch [36m17[0m [[35m50.3[0m% ([36m384[0m/[36m763[0m batches, [36m7438374[0m pos/sec)]
Estimated time to end of superbatch: [36m6.7[0ms     [Fsuperbatch [36m17[0m [[35m67.1[0m% ([36m512[0m/[36m763[0m batches, [36m7436962[0m pos/sec)]
Estimated time to end of superbatch: [36m4.4[0ms     [Fsuperbatch [36m17[0m [[35m83.9[0m% ([36m640[0m/[36m763[0m batches, [36m7481643[0m pos/sec)]
Estimated time to end of superbatch: [36m2.2[0ms     [Fsuperbatch [36m17[0m | time [36m13.4[0ms | running loss [36m0.011332[0m | [36m7472728[0m pos/sec | total time [36m251.7[0ms
Estimated time remaining in training: [36m0[0mh [36m3[0mm [36m12[0ms
LR dropped to [36m0.00402[0m
superbatch [36m18[0m [[35m0.0[0m% ([36m0[0m/[36m763[0m batches, [36m7861022[0m pos/sec)]
Estimated time to end of superbatch: [36minf[0ms     [Fsuperbatch [36m18[0m [[35m16.8[0m% ([36m128[0m/[36m763[0m batches, [36m7196738[0m pos/sec)]
Estimated time to end of superbatch: [36m11.7[0ms     [Fsuperbatch [36m18[0m [[35m33.6[0m% ([36m256[0m/[36m763[0m batches, [36m7371358[0m pos/sec)]
Estimated time to end of superbatch: [36m9.1[0ms     [Fsuperbatch [36m18[0m [[35m50.3[0m% ([36m384[0m/[36m763[0m batches, [36m7410703[0m pos/sec)]
Estimated time to end of superbatch: [36m6.7[0ms     [Fsuperbatch [36m18[0m [[35m67.1[0m% ([36m512[0m/[36m763[0m batches, [36m7439052[0m pos/sec)]
Estimated time to end of superbatch: [36m4.4[0ms     [Fsuperbatch [36m18[0m [[35m83.9[0m% ([36m640[0m/[36m763[0m batches, [36m7400535[0m pos/sec)]
Estimated time to end of superbatch: [36m2.2[0ms     [Fsuperbatch [36m18[0m | time [36m13.4[0ms | running loss [36m0.011145[0m | [36m7468520[0m pos/sec | total time [36m265.1[0ms
Estimated time remaining in training: [36m0[0mh [36m2[0mm [36m56[0ms
LR dropped to [36m0.0036933331[0m
superbatch [36m19[0m [[35m0.0[0m% ([36m0[0m/[36m763[0m batches, [36m7874310[0m pos/sec)]
Estimated time to end of superbatch: [36minf[0ms     [Fsuperbatch [36m19[0m [[35m16.8[0m% ([36m128[0m/[36m763[0m batches, [36m7840530[0m pos/sec)]
Estimated time to end of superbatch: [36m10.7[0ms     [Fsuperbatch [36m19[0m [[35m33.6[0m% ([36m256[0m/[36m763[0m batches, [36m7841122[0m pos/sec)]
Estimated time to end of superbatch: [36m8.5[0ms     [Fsuperbatch [36m19[0m [[35m50.3[0m% ([36m384[0m/[36m763[0m batches, [36m7710012[0m pos/sec)]
Estimated time to end of superbatch: [36m6.5[0ms     [Fsuperbatch [36m19[0m [[35m67.1[0m% ([36m512[0m/[36m763[0m batches, [36m7626033[0m pos/sec)]
Estimated time to end of superbatch: [36m4.3[0ms     [Fsuperbatch [36m19[0m [[35m83.9[0m% ([36m640[0m/[36m763[0m batches, [36m7461670[0m pos/sec)]
Estimated time to end of superbatch: [36m2.2[0ms     [Fsuperbatch [36m19[0m | time [36m13.4[0ms | running loss [36m0.011266[0m | [36m7461508[0m pos/sec | total time [36m278.5[0ms
Estimated time remaining in training: [36m0[0mh [36m2[0mm [36m41[0ms
LR dropped to [36m0.0033666664[0m
superbatch [36m20[0m [[35m0.0[0m% ([36m0[0m/[36m763[0m batches, [36m7867840[0m pos/sec)]
Estimated time to end of superbatch: [36minf[0ms     [Fsuperbatch [36m20[0m [[35m16.8[0m% ([36m128[0m/[36m763[0m batches, [36m7413626[0m pos/sec)]
Estimated time to end of superbatch: [36m11.3[0ms     [Fsuperbatch [36m20[0m [[35m33.6[0m% ([36m256[0m/[36m763[0m batches, [36m7495576[0m pos/sec)]
Estimated time to end of superbatch: [36m8.9[0ms     [Fsuperbatch [36m20[0m [[35m50.3[0m% ([36m384[0m/[36m763[0m batches, [36m7495170[0m pos/sec)]
Estimated time to end of superbatch: [36m6.6[0ms     [Fsuperbatch [36m20[0m [[35m67.1[0m% ([36m512[0m/[36m763[0m batches, [36m7501629[0m pos/sec)]
Estimated time to end of superbatch: [36m4.4[0ms     [Fsuperbatch [36m20[0m [[35m83.9[0m% ([36m640[0m/[36m763[0m batches, [36m7527620[0m pos/sec)]
Estimated time to end of superbatch: [36m2.1[0ms     [Fsuperbatch [36m20[0m | time [36m13.4[0ms | running loss [36m0.011070[0m | [36m7477676[0m pos/sec | total time [36m291.9[0ms
Estimated time remaining in training: [36m0[0mh [36m2[0mm [36m25[0ms
Saved [anna-v3b-s0-20]
LR dropped to [36m0.0030399999[0m
superbatch [36m21[0m [[35m0.0[0m% ([36m0[0m/[36m763[0m batches, [36m7596698[0m pos/sec)]
Estimated time to end of superbatch: [36minf[0ms     [Fsuperbatch [36m21[0m [[35m16.8[0m% ([36m128[0m/[36m763[0m batches, [36m7274461[0m pos/sec)]
Estimated time to end of superbatch: [36m11.5[0ms     [Fsuperbatch [36m21[0m [[35m33.6[0m% ([36m256[0m/[36m763[0m batches, [36m7432309[0m pos/sec)]
Estimated time to end of superbatch: [36m9.0[0ms     [Fsuperbatch [36m21[0m [[35m50.3[0m% ([36m384[0m/[36m763[0m batches, [36m7533173[0m pos/sec)]
Estimated time to end of superbatch: [36m6.6[0ms     [Fsuperbatch [36m21[0m [[35m67.1[0m% ([36m512[0m/[36m763[0m batches, [36m7532366[0m pos/sec)]
Estimated time to end of superbatch: [36m4.4[0ms     [Fsuperbatch [36m21[0m [[35m83.9[0m% ([36m640[0m/[36m763[0m batches, [36m7567262[0m pos/sec)]
Estimated time to end of superbatch: [36m2.1[0ms     [Fsuperbatch [36m21[0m | time [36m13.2[0ms | running loss [36m0.011150[0m | [36m7559665[0m pos/sec | total time [36m308.4[0ms
Estimated time remaining in training: [36m0[0mh [36m2[0mm [36m12[0ms
LR dropped to [36m0.0027133331[0m
superbatch [36m22[0m [[35m0.0[0m% ([36m0[0m/[36m763[0m batches, [36m7817937[0m pos/sec)]
Estimated time to end of superbatch: [36minf[0ms     [Fsuperbatch [36m22[0m [[35m16.8[0m% ([36m128[0m/[36m763[0m batches, [36m7621767[0m pos/sec)]
Estimated time to end of superbatch: [36m11.0[0ms     [Fsuperbatch [36m22[0m [[35m33.6[0m% ([36m256[0m/[36m763[0m batches, [36m7564676[0m pos/sec)]
Estimated time to end of superbatch: [36m8.8[0ms     [Fsuperbatch [36m22[0m [[35m50.3[0m% ([36m384[0m/[36m763[0m batches, [36m7641227[0m pos/sec)]
Estimated time to end of superbatch: [36m6.5[0ms     [Fsuperbatch [36m22[0m [[35m67.1[0m% ([36m512[0m/[36m763[0m batches, [36m7676460[0m pos/sec)]
Estimated time to end of superbatch: [36m4.3[0ms     [Fsuperbatch [36m22[0m [[35m83.9[0m% ([36m640[0m/[36m763[0m batches, [36m7701924[0m pos/sec)]
Estimated time to end of superbatch: [36m2.1[0ms     [Fsuperbatch [36m22[0m | time [36m13.0[0ms | running loss [36m0.010987[0m | [36m7719258[0m pos/sec | total time [36m321.3[0ms
Estimated time remaining in training: [36m0[0mh [36m1[0mm [36m56[0ms
LR dropped to [36m0.0023866664[0m
superbatch [36m23[0m [[35m0.0[0m% ([36m0[0m/[36m763[0m batches, [36m7821646[0m pos/sec)]
Estimated time to end of superbatch: [36minf[0ms     [Fsuperbatch [36m23[0m [[35m16.8[0m% ([36m128[0m/[36m763[0m batches, [36m7392306[0m pos/sec)]
Estimated time to end of superbatch: [36m11.3[0ms     [Fsuperbatch [36m23[0m [[35m33.6[0m% ([36m256[0m/[36m763[0m batches, [36m7573007[0m pos/sec)]
Estimated time to end of superbatch: [36m8.8[0ms     [Fsuperbatch [36m23[0m [[35m50.3[0m% ([36m384[0m/[36m763[0m batches, [36m7548746[0m pos/sec)]
Estimated time to end of superbatch: [36m6.6[0ms     [Fsuperbatch [36m23[0m [[35m67.1[0m% ([36m512[0m/[36m763[0m batches, [36m7490621[0m pos/sec)]
Estimated time to end of superbatch: [36m4.4[0ms     [Fsuperbatch [36m23[0m [[35m83.9[0m% ([36m640[0m/[36m763[0m batches, [36m7544911[0m pos/sec)]
Estimated time to end of superbatch: [36m2.1[0ms     [Fsuperbatch [36m23[0m | time [36m13.3[0ms | running loss [36m0.010982[0m | [36m7535380[0m pos/sec | total time [36m334.6[0ms
Estimated time remaining in training: [36m0[0mh [36m1[0mm [36m41[0ms
LR dropped to [36m0.0020599996[0m
superbatch [36m24[0m [[35m0.0[0m% ([36m0[0m/[36m763[0m batches, [36m7801942[0m pos/sec)]
Estimated time to end of superbatch: [36minf[0ms     [Fsuperbatch [36m24[0m [[35m16.8[0m% ([36m128[0m/[36m763[0m batches, [36m7249242[0m pos/sec)]
Estimated time to end of superbatch: [36m11.6[0ms     [Fsuperbatch [36m24[0m [[35m33.6[0m% ([36m256[0m/[36m763[0m batches, [36m7375222[0m pos/sec)]
Estimated time to end of superbatch: [36m9.0[0ms     [Fsuperbatch [36m24[0m [[35m50.3[0m% ([36m384[0m/[36m763[0m batches, [36m7412586[0m pos/sec)]
Estimated time to end of superbatch: [36m6.7[0ms     [Fsuperbatch [36m24[0m [[35m67.1[0m% ([36m512[0m/[36m763[0m batches, [36m7397358[0m pos/sec)]
Estimated time to end of superbatch: [36m4.5[0ms     [Fsuperbatch [36m24[0m [[35m83.9[0m% ([36m640[0m/[36m763[0m batches, [36m7402550[0m pos/sec)]
Estimated time to end of superbatch: [36m2.2[0ms     [Fsuperbatch [36m24[0m | time [36m13.5[0ms | running loss [36m0.010847[0m | [36m7392904[0m pos/sec | total time [36m348.1[0ms
Estimated time remaining in training: [36m0[0mh [36m1[0mm [36m27[0ms
LR dropped to [36m0.0017333331[0m
superbatch [36m25[0m [[35m0.0[0m% ([36m0[0m/[36m763[0m batches, [36m7809994[0m pos/sec)]
Estimated time to end of superbatch: [36minf[0ms     [Fsuperbatch [36m25[0m [[35m16.8[0m% ([36m128[0m/[36m763[0m batches, [36m7653910[0m pos/sec)]
Estimated time to end of superbatch: [36m11.0[0ms     [Fsuperbatch [36m25[0m [[35m33.6[0m% ([36m256[0m/[36m763[0m batches, [36m7618837[0m pos/sec)]
Estimated time to end of superbatch: [36m8.8[0ms     [Fsuperbatch [36m25[0m [[35m50.3[0m% ([36m384[0m/[36m763[0m batches, [36m7541582[0m pos/sec)]
Estimated time to end of superbatch: [36m6.6[0ms     [Fsuperbatch [36m25[0m [[35m67.1[0m% ([36m512[0m/[36m763[0m batches, [36m7431097[0m pos/sec)]
Estimated time to end of superbatch: [36m4.4[0ms     [Fsuperbatch [36m25[0m [[35m83.9[0m% ([36m640[0m/[36m763[0m batches, [36m7427238[0m pos/sec)]
Estimated time to end of superbatch: [36m2.2[0ms     [Fsuperbatch [36m25[0m | time [36m13.5[0ms | running loss [36m0.010849[0m | [36m7428548[0m pos/sec | total time [36m361.6[0ms
Estimated time remaining in training: [36m0[0mh [36m1[0mm [36m12[0ms
LR dropped to [36m0.0014066664[0m
superbatch [36m26[0m [[35m0.0[0m% ([36m0[0m/[36m763[0m batches, [36m7732622[0m pos/sec)]
Estimated time to end of superbatch: [36minf[0ms     [Fsuperbatch [36m26[0m [[35m16.8[0m% ([36m128[0m/[36m763[0m batches, [36m7692831[0m pos/sec)]
Estimated time to end of superbatch: [36m10.9[0ms     [Fsuperbatch [36m26[0m [[35m33.6[0m% ([36m256[0m/[36m763[0m batches, [36m7720466[0m pos/sec)]
Estimated time to end of superbatch: [36m8.6[0ms     [Fsuperbatch [36m26[0m [[35m50.3[0m% ([36m384[0m/[36m763[0m batches, [36m7692273[0m pos/sec)]
Estimated time to end of superbatch: [36m6.5[0ms     [Fsuperbatch [36m26[0m [[35m67.1[0m% ([36m512[0m/[36m763[0m batches, [36m7698316[0m pos/sec)]
Estimated time to end of superbatch: [36m4.3[0ms     [Fsuperbatch [36m26[0m [[35m83.9[0m% ([36m640[0m/[36m763[0m batches, [36m7460250[0m pos/sec)]
Estimated time to end of superbatch: [36m2.2[0ms     [Fsuperbatch [36m26[0m | time [36m13.6[0ms | running loss [36m0.010793[0m | [36m7350050[0m pos/sec | total time [36m375.2[0ms
Estimated time remaining in training: [36m0[0mh [36m0[0mm [36m57[0ms
LR dropped to [36m0.0010799998[0m
superbatch [36m27[0m [[35m0.0[0m% ([36m0[0m/[36m763[0m batches, [36m7735998[0m pos/sec)]
Estimated time to end of superbatch: [36minf[0ms     [Fsuperbatch [36m27[0m [[35m16.8[0m% ([36m128[0m/[36m763[0m batches, [36m7216525[0m pos/sec)]
Estimated time to end of superbatch: [36m11.6[0ms     [Fsuperbatch [36m27[0m [[35m33.6[0m% ([36m256[0m/[36m763[0m batches, [36m7326742[0m pos/sec)]
Estimated time to end of superbatch: [36m9.1[0ms     [Fsuperbatch [36m27[0m [[35m50.3[0m% ([36m384[0m/[36m763[0m batches, [36m7143112[0m pos/sec)]
Estimated time to end of superbatch: [36m7.0[0ms     [Fsuperbatch [36m27[0m [[35m67.1[0m% ([36m512[0m/[36m763[0m batches, [36m7109115[0m pos/sec)]
Estimated time to end of superbatch: [36m4.6[0ms     [Fsuperbatch [36m27[0m [[35m83.9[0m% ([36m640[0m/[36m763[0m batches, [36m7138561[0m pos/sec)]
Estimated time to end of superbatch: [36m2.3[0ms     [Fsuperbatch [36m27[0m | time [36m13.9[0ms | running loss [36m0.010808[0m | [36m7190742[0m pos/sec | total time [36m389.1[0ms
Estimated time remaining in training: [36m0[0mh [36m0[0mm [36m43[0ms
LR dropped to [36m0.0007533333[0m
superbatch [36m28[0m [[35m0.0[0m% ([36m0[0m/[36m763[0m batches, [36m7690717[0m pos/sec)]
Estimated time to end of superbatch: [36minf[0ms     [Fsuperbatch [36m28[0m [[35m16.8[0m% ([36m128[0m/[36m763[0m batches, [36m7465634[0m pos/sec)]
Estimated time to end of superbatch: [36m11.2[0ms     [Fsuperbatch [36m28[0m [[35m33.6[0m% ([36m256[0m/[36m763[0m batches, [36m7415766[0m pos/sec)]
Estimated time to end of superbatch: [36m9.0[0ms     [Fsuperbatch [36m28[0m [[35m50.3[0m% ([36m384[0m/[36m763[0m batches, [36m7459065[0m pos/sec)]
Estimated time to end of superbatch: [36m6.7[0ms     [Fsuperbatch [36m28[0m [[35m67.1[0m% ([36m512[0m/[36m763[0m batches, [36m7422423[0m pos/sec)]
Estimated time to end of superbatch: [36m4.4[0ms     [Fsuperbatch [36m28[0m [[35m83.9[0m% ([36m640[0m/[36m763[0m batches, [36m7444646[0m pos/sec)]
Estimated time to end of superbatch: [36m2.2[0ms     [Fsuperbatch [36m28[0m | time [36m13.4[0ms | running loss [36m0.010770[0m | [36m7466522[0m pos/sec | total time [36m402.5[0ms
Estimated time remaining in training: [36m0[0mh [36m0[0mm [36m28[0ms
LR dropped to [36m0.00042666635[0m
superbatch [36m29[0m [[35m0.0[0m% ([36m0[0m/[36m763[0m batches, [36m2926907[0m pos/sec)]
Estimated time to end of superbatch: [36minf[0ms     [Fsuperbatch [36m29[0m [[35m16.8[0m% ([36m128[0m/[36m763[0m batches, [36m7576901[0m pos/sec)]
Estimated time to end of superbatch: [36m11.1[0ms     [Fsuperbatch [36m29[0m [[35m33.6[0m% ([36m256[0m/[36m763[0m batches, [36m7616446[0m pos/sec)]
Estimated time to end of superbatch: [36m8.8[0ms     [Fsuperbatch [36m29[0m [[35m50.3[0m% ([36m384[0m/[36m763[0m batches, [36m7597968[0m pos/sec)]
Estimated time to end of superbatch: [36m6.6[0ms     [Fsuperbatch [36m29[0m [[35m67.1[0m% ([36m512[0m/[36m763[0m batches, [36m7608862[0m pos/sec)]
Estimated time to end of superbatch: [36m4.3[0ms     [Fsuperbatch [36m29[0m [[35m83.9[0m% ([36m640[0m/[36m763[0m batches, [36m7608563[0m pos/sec)]
Estimated time to end of superbatch: [36m2.1[0ms     [Fsuperbatch [36m29[0m | time [36m13.2[0ms | running loss [36m0.010863[0m | [36m7569072[0m pos/sec | total time [36m415.7[0ms
Estimated time remaining in training: [36m0[0mh [36m0[0mm [36m14[0ms
LR dropped to [36m0.0001[0m
superbatch [36m30[0m [[35m0.0[0m% ([36m0[0m/[36m763[0m batches, [36m7649540[0m pos/sec)]
Estimated time to end of superbatch: [36minf[0ms     [Fsuperbatch [36m30[0m [[35m16.8[0m% ([36m128[0m/[36m763[0m batches, [36m7300039[0m pos/sec)]
Estimated time to end of superbatch: [36m11.5[0ms     [Fsuperbatch [36m30[0m [[35m33.6[0m% ([36m256[0m/[36m763[0m batches, [36m7339734[0m pos/sec)]
Estimated time to end of superbatch: [36m9.1[0ms     [Fsuperbatch [36m30[0m [[35m50.3[0m% ([36m384[0m/[36m763[0m batches, [36m7341747[0m pos/sec)]
Estimated time to end of superbatch: [36m6.8[0ms     [Fsuperbatch [36m30[0m [[35m67.1[0m% ([36m512[0m/[36m763[0m batches, [36m7378105[0m pos/sec)]
Estimated time to end of superbatch: [36m4.5[0ms     [Fsuperbatch [36m30[0m [[35m83.9[0m% ([36m640[0m/[36m763[0m batches, [36m7397861[0m pos/sec)]
Estimated time to end of superbatch: [36m2.2[0ms     [Fsuperbatch [36m30[0m | time [36m15.0[0ms | running loss [36m0.010989[0m | [36m6667243[0m pos/sec | total time [36m430.7[0ms
Estimated time remaining in training: [36m0[0mh [36m0[0mm [36m0[0ms
Saved [anna-v3b-s0-30]
Total Training Time: [36m0[0mh [36m7[0mm [36m13[0ms
[34;1mTraining on NVIDIA GeForce RTX 4090 (sm_89)[0m
superbatch [36m1[0m [[35m0.0[0m% ([36m0[0m/[36m763[0m batches, [36m1146575[0m pos/sec)]
Estimated time to end of superbatch: [36minf[0ms     [Fsuperbatch [36m1[0m [[35m16.8[0m% ([36m128[0m/[36m763[0m batches, [36m5498954[0m pos/sec)]
Estimated time to end of superbatch: [36m15.3[0ms     [Fsuperbatch [36m1[0m [[35m33.6[0m% ([36m256[0m/[36m763[0m batches, [36m6217531[0m pos/sec)]
Estimated time to end of superbatch: [36m10.7[0ms     [Fsuperbatch [36m1[0m [[35m50.3[0m% ([36m384[0m/[36m763[0m batches, [36m6631688[0m pos/sec)]
Estimated time to end of superbatch: [36m7.5[0ms     [Fsuperbatch [36m1[0m [[35m67.1[0m% ([36m512[0m/[36m763[0m batches, [36m6792624[0m pos/sec)]
Estimated time to end of superbatch: [36m4.9[0ms     [Fsuperbatch [36m1[0m [[35m83.9[0m% ([36m640[0m/[36m763[0m batches, [36m6945925[0m pos/sec)]
Estimated time to end of superbatch: [36m2.3[0ms     [Fsuperbatch [36m1[0m | time [36m14.2[0ms | running loss [36m0.010701[0m | [36m7038230[0m pos/sec | total time [36m23.2[0ms
Estimated time remaining in training: [36m1[0mh [36m59[0mm [36m17[0ms
LR dropped to [36m0.0009935548[0m
superbatch [36m2[0m [[35m0.0[0m% ([36m0[0m/[36m763[0m batches, [36m7637288[0m pos/sec)]
Estimated time to end of superbatch: [36minf[0ms     [Fsuperbatch [36m2[0m [[35m16.8[0m% ([36m128[0m/[36m763[0m batches, [36m7471227[0m pos/sec)]
Estimated time to end of superbatch: [36m11.2[0ms     [Fsuperbatch [36m2[0m [[35m33.6[0m% ([36m256[0m/[36m763[0m batches, [36m7502632[0m pos/sec)]
Estimated time to end of superbatch: [36m8.9[0ms     [Fsuperbatch [36m2[0m [[35m50.3[0m% ([36m384[0m/[36m763[0m batches, [36m7492466[0m pos/sec)]
Estimated time to end of superbatch: [36m6.6[0ms     [Fsuperbatch [36m2[0m [[35m67.1[0m% ([36m512[0m/[36m763[0m batches, [36m7443848[0m pos/sec)]
Estimated time to end of superbatch: [36m4.4[0ms     [Fsuperbatch [36m2[0m [[35m83.9[0m% ([36m640[0m/[36m763[0m batches, [36m7446572[0m pos/sec)]
Estimated time to end of superbatch: [36m2.2[0ms     [Fsuperbatch [36m2[0m | time [36m13.4[0ms | running loss [36m0.010547[0m | [36m7450967[0m pos/sec | total time [36m36.6[0ms
Estimated time remaining in training: [36m1[0mh [36m33[0mm [36m54[0ms
LR dropped to [36m0.0009903323[0m
superbatch [36m3[0m [[35m0.0[0m% ([36m0[0m/[36m763[0m batches, [36m7635148[0m pos/sec)]
Estimated time to end of superbatch: [36minf[0ms     [Fsuperbatch [36m3[0m [[35m16.8[0m% ([36m128[0m/[36m763[0m batches, [36m7384783[0m pos/sec)]
Estimated time to end of superbatch: [36m11.4[0ms     [Fsuperbatch [36m3[0m [[35m33.6[0m% ([36m256[0m/[36m763[0m batches, [36m7305799[0m pos/sec)]
Estimated time to end of superbatch: [36m9.1[0ms     [Fsuperbatch [36m3[0m [[35m50.3[0m% ([36m384[0m/[36m763[0m batches, [36m7345603[0m pos/sec)]
Estimated time to end of superbatch: [36m6.8[0ms     [Fsuperbatch [36m3[0m [[35m67.1[0m% ([36m512[0m/[36m763[0m batches, [36m7354170[0m pos/sec)]
Estimated time to end of superbatch: [36m4.5[0ms     [Fsuperbatch [36m3[0m [[35m83.9[0m% ([36m640[0m/[36m763[0m batches, [36m7341576[0m pos/sec)]
Estimated time to end of superbatch: [36m2.2[0ms     [Fsuperbatch [36m3[0m | time [36m13.6[0ms | running loss [36m0.010704[0m | [36m7378552[0m pos/sec | total time [36m50.1[0ms
Estimated time remaining in training: [36m1[0mh [36m25[0mm [36m30[0ms
LR dropped to [36m0.0009871097[0m
superbatch [36m4[0m [[35m0.0[0m% ([36m0[0m/[36m763[0m batches, [36m7585676[0m pos/sec)]
Estimated time to end of superbatch: [36minf[0ms     [Fsuperbatch [36m4[0m [[35m16.8[0m% ([36m128[0m/[36m763[0m batches, [36m7484514[0m pos/sec)]
Estimated time to end of superbatch: [36m11.2[0ms     [Fsuperbatch [36m4[0m [[35m33.6[0m% ([36m256[0m/[36m763[0m batches, [36m7498154[0m pos/sec)]
Estimated time to end of superbatch: [36m8.9[0ms     [Fsuperbatch [36m4[0m [[35m50.3[0m% ([36m384[0m/[36m763[0m batches, [36m7479708[0m pos/sec)]
Estimated time to end of superbatch: [36m6.7[0ms     [Fsuperbatch [36m4[0m [[35m67.1[0m% ([36m512[0m/[36m763[0m batches, [36m7482918[0m pos/sec)]
Estimated time to end of superbatch: [36m4.4[0ms     [Fsuperbatch [36m4[0m [[35m83.9[0m% ([36m640[0m/[36m763[0m batches, [36m7485142[0m pos/sec)]
Estimated time to end of superbatch: [36m2.2[0ms     [Fsuperbatch [36m4[0m | time [36m13.3[0ms | running loss [36m0.010504[0m | [36m7504844[0m pos/sec | total time [36m63.5[0ms
Estimated time remaining in training: [36m1[0mh [36m20[0mm [36m55[0ms
LR dropped to [36m0.0009838871[0m
superbatch [36m5[0m [[35m0.0[0m% ([36m0[0m/[36m763[0m batches, [36m7604667[0m pos/sec)]
Estimated time to end of superbatch: [36minf[0ms     [Fsuperbatch [36m5[0m [[35m16.8[0m% ([36m128[0m/[36m763[0m batches, [36m7496690[0m pos/sec)]
Estimated time to end of superbatch: [36m11.2[0ms     [Fsuperbatch [36m5[0m [[35m33.6[0m% ([36m256[0m/[36m763[0m batches, [36m7391304[0m pos/sec)]
Estimated time to end of superbatch: [36m9.0[0ms     [Fsuperbatch [36m5[0m [[35m50.3[0m% ([36m384[0m/[36m763[0m batches, [36m7401198[0m pos/sec)]
Estimated time to end of superbatch: [36m6.7[0ms     [Fsuperbatch [36m5[0m [[35m67.1[0m% ([36m512[0m/[36m763[0m batches, [36m7448526[0m pos/sec)]
Estimated time to end of superbatch: [36m4.4[0ms     [Fsuperbatch [36m5[0m [[35m83.9[0m% ([36m640[0m/[36m763[0m batches, [36m7377158[0m pos/sec)]
Estimated time to end of superbatch: [36m2.2[0ms     [Fsuperbatch [36m5[0m | time [36m13.6[0ms | running loss [36m0.010637[0m | [36m7376956[0m pos/sec | total time [36m77.0[0ms
Estimated time remaining in training: [36m1[0mh [36m18[0mm [36m18[0ms
LR dropped to [36m0.0009806645[0m
superbatch [36m6[0m [[35m0.0[0m% ([36m0[0m/[36m763[0m batches, [36m7575628[0m pos/sec)]
Estimated time to end of superbatch: [36minf[0ms     [Fsuperbatch [36m6[0m [[35m16.8[0m% ([36m128[0m/[36m763[0m batches, [36m6516330[0m pos/sec)]
Estimated time to end of superbatch: [36m12.9[0ms     [Fsuperbatch [36m6[0m [[35m33.6[0m% ([36m256[0m/[36m763[0m batches, [36m6601273[0m pos/sec)]
Estimated time to end of superbatch: [36m10.1[0ms     [Fsuperbatch [36m6[0m [[35m50.3[0m% ([36m384[0m/[36m763[0m batches, [36m6850680[0m pos/sec)]
Estimated time to end of superbatch: [36m7.3[0ms     [Fsuperbatch [36m6[0m [[35m67.1[0m% ([36m512[0m/[36m763[0m batches, [36m6971773[0m pos/sec)]
Estimated time to end of superbatch: [36m4.7[0ms     [Fsuperbatch [36m6[0m [[35m83.9[0m% ([36m640[0m/[36m763[0m batches, [36m6975591[0m pos/sec)]
Estimated time to end of superbatch: [36m2.3[0ms     [Fsuperbatch [36m6[0m | time [36m14.2[0ms | running loss [36m0.010473[0m | [36m7024019[0m pos/sec | total time [36m91.3[0ms
Estimated time remaining in training: [36m1[0mh [36m17[0mm [36m3[0ms
LR dropped to [36m0.000977442[0m
superbatch [36m7[0m [[35m0.0[0m% ([36m0[0m/[36m763[0m batches, [36m7566334[0m pos/sec)]
Estimated time to end of superbatch: [36minf[0ms     [Fsuperbatch [36m7[0m [[35m16.8[0m% ([36m128[0m/[36m763[0m batches, [36m7279022[0m pos/sec)]
Estimated time to end of superbatch: [36m11.5[0ms     [Fsuperbatch [36m7[0m [[35m33.6[0m% ([36m256[0m/[36m763[0m batches, [36m7208776[0m pos/sec)]
Estimated time to end of superbatch: [36m9.3[0ms     [Fsuperbatch [36m7[0m [[35m50.3[0m% ([36m384[0m/[36m763[0m batches, [36m7214558[0m pos/sec)]
Estimated time to end of superbatch: [36m6.9[0ms     [Fsuperbatch [36m7[0m [[35m67.1[0m% ([36m512[0m/[36m763[0m batches, [36m7210502[0m pos/sec)]
Estimated time to end of superbatch: [36m4.6[0ms     [Fsuperbatch [36m7[0m [[35m83.9[0m% ([36m640[0m/[36m763[0m batches, [36m7227365[0m pos/sec)]
Estimated time to end of superbatch: [36m2.2[0ms     [Fsuperbatch [36m7[0m | time [36m13.9[0ms | running loss [36m0.010590[0m | [36m7216032[0m pos/sec | total time [36m105.1[0ms
Estimated time remaining in training: [36m1[0mh [36m15[0mm [36m50[0ms
LR dropped to [36m0.0009742194[0m
superbatch [36m8[0m [[35m0.0[0m% ([36m0[0m/[36m763[0m batches, [36m7541976[0m pos/sec)]
Estimated time to end of superbatch: [36minf[0ms     [Fsuperbatch [36m8[0m [[35m16.8[0m% ([36m128[0m/[36m763[0m batches, [36m7295990[0m pos/sec)]
Estimated time to end of superbatch: [36m11.5[0ms     [Fsuperbatch [36m8[0m [[35m33.6[0m% ([36m256[0m/[36m763[0m batches, [36m7271587[0m pos/sec)]
Estimated time to end of superbatch: [36m9.2[0ms     [Fsuperbatch [36m8[0m [[35m50.3[0m% ([36m384[0m/[36m763[0m batches, [36m7185906[0m pos/sec)]
Estimated time to end of superbatch: [36m6.9[0ms     [Fsuperbatch [36m8[0m [[35m67.1[0m% ([36m512[0m/[36m763[0m batches, [36m7215163[0m pos/sec)]
Estimated time to end of superbatch: [36m4.6[0ms     [Fsuperbatch [36m8[0m [[35m83.9[0m% ([36m640[0m/[36m763[0m batches, [36m7278038[0m pos/sec)]
Estimated time to end of superbatch: [36m2.2[0ms     [Fsuperbatch [36m8[0m | time [36m13.7[0ms | running loss [36m0.010431[0m | [36m7318372[0m pos/sec | total time [36m118.8[0ms
Estimated time remaining in training: [36m1[0mh [36m14[0mm [36m44[0ms
LR dropped to [36m0.0009709968[0m
superbatch [36m9[0m [[35m0.0[0m% ([36m0[0m/[36m763[0m batches, [36m3036037[0m pos/sec)]
Estimated time to end of superbatch: [36minf[0ms     [Fsuperbatch [36m9[0m [[35m16.8[0m% ([36m128[0m/[36m763[0m batches, [36m7306942[0m pos/sec)]
Estimated time to end of superbatch: [36m11.5[0ms     [Fsuperbatch [36m9[0m [[35m33.6[0m% ([36m256[0m/[36m763[0m batches, [36m7343086[0m pos/sec)]
Estimated time to end of superbatch: [36m9.1[0ms     [Fsuperbatch [36m9[0m [[35m50.3[0m% ([36m384[0m/[36m763[0m batches, [36m7387192[0m pos/sec)]
Estimated time to end of superbatch: [36m6.7[0ms     [Fsuperbatch [36m9[0m [[35m67.1[0m% ([36m512[0m/[36m763[0m batches, [36m7423416[0m pos/sec)]
Estimated time to end of superbatch: [36m4.4[0ms     [Fsuperbatch [36m9[0m [[35m83.9[0m% ([36m640[0m/[36m763[0m batches, [36m7395484[0m pos/sec)]
Estimated time to end of superbatch: [36m2.2[0ms     [Fsuperbatch [36m9[0m | time [36m13.6[0ms | running loss [36m0.010575[0m | [36m7368530[0m pos/sec | total time [36m132.4[0ms
Estimated time remaining in training: [36m1[0mh [36m13[0mm [36m46[0ms
LR dropped to [36m0.00096777425[0m
superbatch [36m10[0m [[35m0.0[0m% ([36m0[0m/[36m763[0m batches, [36m7498292[0m pos/sec)]
Estimated time to end of superbatch: [36minf[0ms     [Fsuperbatch [36m10[0m [[35m16.8[0m% ([36m128[0m/[36m763[0m batches, [36m7108038[0m pos/sec)]
Estimated time to end of superbatch: [36m11.8[0ms     [Fsuperbatch [36m10[0m [[35m33.6[0m% ([36m256[0m/[36m763[0m batches, [36m7140020[0m pos/sec)]
Estimated time to end of superbatch: [36m9.3[0ms     [Fsuperbatch [36m10[0m [[35m50.3[0m% ([36m384[0m/[36m763[0m batches, [36m7141700[0m pos/sec)]
Estimated time to end of superbatch: [36m7.0[0ms     [Fsuperbatch [36m10[0m [[35m67.1[0m% ([36m512[0m/[36m763[0m batches, [36m7187528[0m pos/sec)]
Estimated time to end of superbatch: [36m4.6[0ms     [Fsuperbatch [36m10[0m [[35m83.9[0m% ([36m640[0m/[36m763[0m batches, [36m7189348[0m pos/sec)]
Estimated time to end of superbatch: [36m2.2[0ms     [Fsuperbatch [36m10[0m | time [36m13.9[0ms | running loss [36m0.010418[0m | [36m7219577[0m pos/sec | total time [36m146.2[0ms
Estimated time remaining in training: [36m1[0mh [36m13[0mm [36m6[0ms
LR dropped to [36m0.00096455164[0m
superbatch [36m11[0m [[35m0.0[0m% ([36m0[0m/[36m763[0m batches, [36m7496156[0m pos/sec)]
Estimated time to end of superbatch: [36minf[0ms     [Fsuperbatch [36m11[0m [[35m16.8[0m% ([36m128[0m/[36m763[0m batches, [36m7183996[0m pos/sec)]
Estimated time to end of superbatch: [36m11.7[0ms     [Fsuperbatch [36m11[0m [[35m33.6[0m% ([36m256[0m/[36m763[0m batches, [36m7201318[0m pos/sec)]
Estimated time to end of superbatch: [36m9.3[0ms     [Fsuperbatch [36m11[0m [[35m50.3[0m% ([36m384[0m/[36m763[0m batches, [36m7184401[0m pos/sec)]
Estimated time to end of superbatch: [36m6.9[0ms     [Fsuperbatch [36m11[0m [[35m67.1[0m% ([36m512[0m/[36m763[0m batches, [36m7196224[0m pos/sec)]
Estimated time to end of superbatch: [36m4.6[0ms     [Fsuperbatch [36m11[0m [[35m83.9[0m% ([36m640[0m/[36m763[0m batches, [36m7206070[0m pos/sec)]
Estimated time to end of superbatch: [36m2.2[0ms     [Fsuperbatch [36m11[0m | time [36m13.9[0ms | running loss [36m0.010534[0m | [36m7193674[0m pos/sec | total time [36m160.1[0ms
Estimated time remaining in training: [36m1[0mh [36m12[0mm [36m32[0ms
LR dropped to [36m0.0009613291[0m
superbatch [36m12[0m [[35m0.0[0m% ([36m0[0m/[36m763[0m batches, [36m7487369[0m pos/sec)]
Estimated time to end of superbatch: [36minf[0ms     [Fsuperbatch [36m12[0m [[35m16.8[0m% ([36m128[0m/[36m763[0m batches, [36m7189266[0m pos/sec)]
Estimated time to end of superbatch: [36m11.7[0ms     [Fsuperbatch [36m12[0m [[35m33.6[0m% ([36m256[0m/[36m763[0m batches, [36m7239967[0m pos/sec)]
Estimated time to end of superbatch: [36m9.2[0ms     [Fsuperbatch [36m12[0m [[35m50.3[0m% ([36m384[0m/[36m763[0m batches, [36m7230229[0m pos/sec)]
Estimated time to end of superbatch: [36m6.9[0ms     [Fsuperbatch [36m12[0m [[35m67.1[0m% ([36m512[0m/[36m763[0m batches, [36m7233608[0m pos/sec)]
Estimated time to end of superbatch: [36m4.6[0ms     [Fsuperbatch [36m12[0m [[35m83.9[0m% ([36m640[0m/[36m763[0m batches, [36m7223436[0m pos/sec)]
Estimated time to end of superbatch: [36m2.2[0ms     [Fsuperbatch [36m12[0m | time [36m13.8[0ms | running loss [36m0.010374[0m | [36m7247399[0m pos/sec | total time [36m173.9[0ms
Estimated time remaining in training: [36m1[0mh [36m11[0mm [36m58[0ms
LR dropped to [36m0.0009581065[0m
superbatch [36m13[0m [[35m0.0[0m% ([36m0[0m/[36m763[0m batches, [36m7499651[0m pos/sec)]
Estimated time to end of superbatch: [36minf[0ms     [Fsuperbatch [36m13[0m [[35m16.8[0m% ([36m128[0m/[36m763[0m batches, [36m7306104[0m pos/sec)]
Estimated time to end of superbatch: [36m11.5[0ms     [Fsuperbatch [36m13[0m [[35m33.6[0m% ([36m256[0m/[36m763[0m batches, [36m7310784[0m pos/sec)]
Estimated time to end of superbatch: [36m9.1[0ms     [Fsuperbatch [36m13[0m [[35m50.3[0m% ([36m384[0m/[36m763[0m batches, [36m7350234[0m pos/sec)]
Estimated time to end of superbatch: [36m6.8[0ms     [Fsuperbatch [36m13[0m [[35m67.1[0m% ([36m512[0m/[36m763[0m batches, [36m7380107[0m pos/sec)]
Estimated time to end of superbatch: [36m4.5[0ms     [Fsuperbatch [36m13[0m [[35m83.9[0m% ([36m640[0m/[36m763[0m batches, [36m7389201[0m pos/sec)]
Estimated time to end of superbatch: [36m2.2[0ms     [Fsuperbatch [36m13[0m | time [36m13.5[0ms | running loss [36m0.010474[0m | [36m7389261[0m pos/sec | total time [36m187.4[0ms
Estimated time remaining in training: [36m1[0mh [36m11[0mm [36m22[0ms
LR dropped to [36m0.00095488393[0m
superbatch [36m14[0m [[35m0.0[0m% ([36m0[0m/[36m763[0m batches, [36m7462457[0m pos/sec)]
Estimated time to end of superbatch: [36minf[0ms     [Fsuperbatch [36m14[0m [[35m16.8[0m% ([36m128[0m/[36m763[0m batches, [36m7059672[0m pos/sec)]
Estimated time to end of superbatch: [36m11.9[0ms     [Fsuperbatch [36m14[0m [[35m33.6[0m% ([36m256[0m/[36m763[0m batches, [36m7105952[0m pos/sec)]
Estimated time to end of superbatch: [36m9.4[0ms     [Fsuperbatch [36m14[0m [[35m50.3[0m% ([36m384[0m/[36m763[0m batches, [36m7154002[0m pos/sec)]
Estimated time to end of superbatch: [36m7.0[0ms     [Fsuperbatch [36m14[0m [[35m67.1[0m% ([36m512[0m/[36m763[0m batches, [36m7167414[0m pos/sec)]
Estimated time to end of superbatch: [36m4.6[0ms     [Fsuperbatch [36m14[0m [[35m83.9[0m% ([36m640[0m/[36m763[0m batches, [36m7178250[0m pos/sec)]
Estimated time to end of superbatch: [36m2.2[0ms     [Fsuperbatch [36m14[0m | time [36m13.9[0ms | running loss [36m0.010341[0m | [36m7186641[0m pos/sec | total time [36m201.4[0ms
Estimated time remaining in training: [36m1[0mh [36m10[0mm [36m57[0ms
LR dropped to [36m0.0009516613[0m
superbatch [36m15[0m [[35m0.0[0m% ([36m0[0m/[36m763[0m batches, [36m7466717[0m pos/sec)]
Estimated time to end of superbatch: [36minf[0ms     [Fsuperbatch [36m15[0m [[35m16.8[0m% ([36m128[0m/[36m763[0m batches, [36m7240706[0m pos/sec)]
Estimated time to end of superbatch: [36m11.6[0ms     [Fsuperbatch [36m15[0m [[35m33.6[0m% ([36m256[0m/[36m763[0m batches, [36m7247156[0m pos/sec)]
Estimated time to end of superbatch: [36m9.2[0ms     [Fsuperbatch [36m15[0m [[35m50.3[0m% ([36m384[0m/[36m763[0m batches, [36m7239057[0m pos/sec)]
Estimated time to end of superbatch: [36m6.9[0ms     [Fsuperbatch [36m15[0m [[35m67.1[0m% ([36m512[0m/[36m763[0m batches, [36m7234049[0m pos/sec)]
Estimated time to end of superbatch: [36m4.6[0ms     [Fsuperbatch [36m15[0m [[35m83.9[0m% ([36m640[0m/[36m763[0m batches, [36m7203635[0m pos/sec)]
Estimated time to end of superbatch: [36m2.2[0ms     [Fsuperbatch [36m15[0m | time [36m13.9[0ms | running loss [36m0.010427[0m | [36m7194454[0m pos/sec | total time [36m215.3[0ms
Estimated time remaining in training: [36m1[0mh [36m10[0mm [36m33[0ms
LR dropped to [36m0.00094843877[0m
superbatch [36m16[0m [[35m0.0[0m% ([36m0[0m/[36m763[0m batches, [36m7422746[0m pos/sec)]
Estimated time to end of superbatch: [36minf[0ms     [Fsuperbatch [36m16[0m [[35m16.8[0m% ([36m128[0m/[36m763[0m batches, [36m7250707[0m pos/sec)]
Estimated time to end of superbatch: [36m11.6[0ms     [Fsuperbatch [36m16[0m [[35m33.6[0m% ([36m256[0m/[36m763[0m batches, [36m7116404[0m pos/sec)]
Estimated time to end of superbatch: [36m9.4[0ms     [Fsuperbatch [36m16[0m [[35m50.3[0m% ([36m384[0m/[36m763[0m batches, [36m7183462[0m pos/sec)]
Estimated time to end of superbatch: [36m6.9[0ms     [Fsuperbatch [36m16[0m [[35m67.1[0m% ([36m512[0m/[36m763[0m batches, [36m7211762[0m pos/sec)]
Estimated time to end of superbatch: [36m4.6[0ms     [Fsuperbatch [36m16[0m [[35m83.9[0m% ([36m640[0m/[36m763[0m batches, [36m7178456[0m pos/sec)]
Estimated time to end of superbatch: [36m2.2[0ms     [Fsuperbatch [36m16[0m | time [36m13.9[0ms | running loss [36m0.010299[0m | [36m7193060[0m pos/sec | total time [36m229.2[0ms
Estimated time remaining in training: [36m1[0mh [36m10[0mm [36m10[0ms
LR dropped to [36m0.00094521616[0m
superbatch [36m17[0m [[35m0.0[0m% ([36m0[0m/[36m763[0m batches, [36m7424162[0m pos/sec)]
Estimated time to end of superbatch: [36minf[0ms     [Fsuperbatch [36m17[0m [[35m16.8[0m% ([36m128[0m/[36m763[0m batches, [36m7235926[0m pos/sec)]
Estimated time to end of superbatch: [36m11.6[0ms     [Fsuperbatch [36m17[0m [[35m33.6[0m% ([36m256[0m/[36m763[0m batches, [36m7312495[0m pos/sec)]
Estimated time to end of superbatch: [36m9.1[0ms     [Fsuperbatch [36m17[0m [[35m50.3[0m% ([36m384[0m/[36m763[0m batches, [36m7345072[0m pos/sec)]
Estimated time to end of superbatch: [36m6.8[0ms     [Fsuperbatch [36m17[0m [[35m67.1[0m% ([36m512[0m/[36m763[0m batches, [36m7362428[0m pos/sec)]
Estimated time to end of superbatch: [36m4.5[0ms     [Fsuperbatch [36m17[0m [[35m83.9[0m% ([36m640[0m/[36m763[0m batches, [36m7333953[0m pos/sec)]
Estimated time to end of superbatch: [36m2.2[0ms     [Fsuperbatch [36m17[0m | time [36m13.6[0ms | running loss [36m0.010383[0m | [36m7342454[0m pos/sec | total time [36m242.8[0ms
Estimated time remaining in training: [36m1[0mh [36m9[0mm [36m44[0ms
LR dropped to [36m0.0009419936[0m
superbatch [36m18[0m [[35m0.0[0m% ([36m0[0m/[36m763[0m batches, [36m7406790[0m pos/sec)]
Estimated time to end of superbatch: [36minf[0ms     [Fsuperbatch [36m18[0m [[35m16.8[0m% ([36m128[0m/[36m763[0m batches, [36m7317391[0m pos/sec)]
Estimated time to end of superbatch: [36m11.5[0ms     [Fsuperbatch [36m18[0m [[35m33.6[0m% ([36m256[0m/[36m763[0m batches, [36m7350166[0m pos/sec)]
Estimated time to end of superbatch: [36m9.1[0ms     [Fsuperbatch [36m18[0m [[35m50.3[0m% ([36m384[0m/[36m763[0m batches, [36m7161380[0m pos/sec)]
Estimated time to end of superbatch: [36m7.0[0ms     [Fsuperbatch [36m18[0m [[35m67.1[0m% ([36m512[0m/[36m763[0m batches, [36m7211173[0m pos/sec)]
Estimated time to end of superbatch: [36m4.6[0ms     [Fsuperbatch [36m18[0m [[35m83.9[0m% ([36m640[0m/[36m763[0m batches, [36m7212025[0m pos/sec)]
Estimated time to end of superbatch: [36m2.2[0ms     [Fsuperbatch [36m18[0m | time [36m13.9[0ms | running loss [36m0.010312[0m | [36m7197160[0m pos/sec | total time [36m256.7[0ms
Estimated time remaining in training: [36m1[0mh [36m9[0mm [36m23[0ms
LR dropped to [36m0.000938771[0m
superbatch [36m19[0m [[35m0.0[0m% ([36m0[0m/[36m763[0m batches, [36m7389590[0m pos/sec)]
Estimated time to end of superbatch: [36minf[0ms     [Fsuperbatch [36m19[0m [[35m16.8[0m% ([36m128[0m/[36m763[0m batches, [36m7093033[0m pos/sec)]
Estimated time to end of superbatch: [36m11.8[0ms     [Fsuperbatch [36m19[0m [[35m33.6[0m% ([36m256[0m/[36m763[0m batches, [36m7022392[0m pos/sec)]
Estimated time to end of superbatch: [36m9.5[0ms     [Fsuperbatch [36m19[0m [[35m50.3[0m% ([36m384[0m/[36m763[0m batches, [36m7082610[0m pos/sec)]
Estimated time to end of superbatch: [36m7.0[0ms     [Fsuperbatch [36m19[0m [[35m67.1[0m% ([36m512[0m/[36m763[0m batches, [36m7087180[0m pos/sec)]
Estimated time to end of superbatch: [36m4.7[0ms     [Fsuperbatch [36m19[0m [[35m83.9[0m% ([36m640[0m/[36m763[0m batches, [36m7080364[0m pos/sec)]
Estimated time to end of superbatch: [36m2.3[0ms     [Fsuperbatch [36m19[0m | time [36m14.1[0ms | running loss [36m0.010416[0m | [36m7080768[0m pos/sec | total time [36m270.8[0ms
Estimated time remaining in training: [36m1[0mh [36m9[0mm [36m7[0ms
LR dropped to [36m0.00093554845[0m
superbatch [36m20[0m [[35m0.0[0m% ([36m0[0m/[36m763[0m batches, [36m7355276[0m pos/sec)]
Estimated time to end of superbatch: [36minf[0ms     [Fsuperbatch [36m20[0m [[35m16.8[0m% ([36m128[0m/[36m763[0m batches, [36m7241309[0m pos/sec)]
Estimated time to end of superbatch: [36m11.6[0ms     [Fsuperbatch [36m20[0m [[35m33.6[0m% ([36m256[0m/[36m763[0m batches, [36m7170838[0m pos/sec)]
Estimated time to end of superbatch: [36m9.3[0ms     [Fsuperbatch [36m20[0m [[35m50.3[0m% ([36m384[0m/[36m763[0m batches, [36m7197268[0m pos/sec)]
Estimated time to end of superbatch: [36m6.9[0ms     [Fsuperbatch [36m20[0m [[35m67.1[0m% ([36m512[0m/[36m763[0m batches, [36m7187234[0m pos/sec)]
Estimated time to end of superbatch: [36m4.6[0ms     [Fsuperbatch [36m20[0m [[35m83.9[0m% ([36m640[0m/[36m763[0m batches, [36m7165207[0m pos/sec)]
Estimated time to end of superbatch: [36m2.3[0ms     [Fsuperbatch [36m20[0m | time [36m14.0[0ms | running loss [36m0.010338[0m | [36m7159853[0m pos/sec | total time [36m284.8[0ms
Estimated time remaining in training: [36m1[0mh [36m8[0mm [36m49[0ms
Saved [anna-v3b-s1-20]
LR dropped to [36m0.00093232584[0m
superbatch [36m21[0m [[35m0.0[0m% ([36m0[0m/[36m763[0m batches, [36m7118814[0m pos/sec)]
Estimated time to end of superbatch: [36minf[0ms     [Fsuperbatch [36m21[0m [[35m16.8[0m% ([36m128[0m/[36m763[0m batches, [36m6836388[0m pos/sec)]
Estimated time to end of superbatch: [36m12.3[0ms     [Fsuperbatch [36m21[0m [[35m33.6[0m% ([36m256[0m/[36m763[0m batches, [36m6958322[0m pos/sec)]
Estimated time to end of superbatch: [36m9.6[0ms     [Fsuperbatch [36m21[0m [[35m50.3[0m% ([36m384[0m/[36m763[0m batches, [36m7067070[0m pos/sec)]
Estimated time to end of superbatch: [36m7.0[0ms     [Fsuperbatch [36m21[0m [[35m67.1[0m% ([36m512[0m/[36m763[0m batches, [36m7060812[0m pos/sec)]
Estimated time to end of superbatch: [36m4.7[0ms     [Fsuperbatch [36m21[0m [[35m83.9[0m% ([36m640[0m/[36m763[0m batches, [36m7076721[0m pos/sec)]
Estimated time to end of superbatch: [36m2.3[0ms     [Fsuperbatch [36m21[0m | time [36m14.1[0ms | running loss [36m0.010440[0m | [36m7115310[0m pos/sec | total time [36m301.4[0ms
Estimated time remaining in training: [36m1[0mh [36m9[0mm [36m7[0ms
LR dropped to [36m0.0009291033[0m
superbatch [36m22[0m [[35m0.0[0m% ([36m0[0m/[36m763[0m batches, [36m7319455[0m pos/sec)]
Estimated time to end of superbatch: [36minf[0ms     [Fsuperbatch [36m22[0m [[35m16.8[0m% ([36m128[0m/[36m763[0m batches, [36m7337042[0m pos/sec)]
Estimated time to end of superbatch: [36m11.4[0ms     [Fsuperbatch [36m22[0m [[35m33.6[0m% ([36m256[0m/[36m763[0m batches, [36m7213148[0m pos/sec)]
Estimated time to end of superbatch: [36m9.2[0ms     [Fsuperbatch [36m22[0m [[35m50.3[0m% ([36m384[0m/[36m763[0m batches, [36m7252712[0m pos/sec)]
Estimated time to end of superbatch: [36m6.9[0ms     [Fsuperbatch [36m22[0m [[35m67.1[0m% ([36m512[0m/[36m763[0m batches, [36m7245869[0m pos/sec)]
Estimated time to end of superbatch: [36m4.5[0ms     [Fsuperbatch [36m22[0m [[35m83.9[0m% ([36m640[0m/[36m763[0m batches, [36m7261066[0m pos/sec)]
Estimated time to end of superbatch: [36m2.2[0ms     [Fsuperbatch [36m22[0m | time [36m13.8[0ms | running loss [36m0.010380[0m | [36m7271777[0m pos/sec | total time [36m315.1[0ms
Estimated time remaining in training: [36m1[0mh [36m8[0mm [36m45[0ms
LR dropped to [36m0.0009258807[0m
superbatch [36m23[0m [[35m0.0[0m% ([36m0[0m/[36m763[0m batches, [36m7326424[0m pos/sec)]
Estimated time to end of superbatch: [36minf[0ms     [Fsuperbatch [36m23[0m [[35m16.8[0m% ([36m128[0m/[36m763[0m batches, [36m7160286[0m pos/sec)]
Estimated time to end of superbatch: [36m11.7[0ms     [Fsuperbatch [36m23[0m [[35m33.6[0m% ([36m256[0m/[36m763[0m batches, [36m7092605[0m pos/sec)]
Estimated time to end of superbatch: [36m9.4[0ms     [Fsuperbatch [36m23[0m [[35m50.3[0m% ([36m384[0m/[36m763[0m batches, [36m7081421[0m pos/sec)]
Estimated time to end of superbatch: [36m7.0[0ms     [Fsuperbatch [36m23[0m [[35m67.1[0m% ([36m512[0m/[36m763[0m batches, [36m7135312[0m pos/sec)]
Estimated time to end of superbatch: [36m4.6[0ms     [Fsuperbatch [36m23[0m [[35m83.9[0m% ([36m640[0m/[36m763[0m batches, [36m7131052[0m pos/sec)]
Estimated time to end of superbatch: [36m2.3[0ms     [Fsuperbatch [36m23[0m | time [36m14.1[0ms | running loss [36m0.010423[0m | [36m7085246[0m pos/sec | total time [36m329.2[0ms
Estimated time remaining in training: [36m1[0mh [36m8[0mm [36m28[0ms
LR dropped to [36m0.00092265813[0m
superbatch [36m24[0m [[35m0.0[0m% ([36m0[0m/[36m763[0m batches, [36m7287352[0m pos/sec)]
Estimated time to end of superbatch: [36minf[0ms     [Fsuperbatch [36m24[0m [[35m16.8[0m% ([36m128[0m/[36m763[0m batches, [36m6911420[0m pos/sec)]
Estimated time to end of superbatch: [36m12.1[0ms     [Fsuperbatch [36m24[0m [[35m33.6[0m% ([36m256[0m/[36m763[0m batches, [36m6988751[0m pos/sec)]
Estimated time to end of superbatch: [36m9.5[0ms     [Fsuperbatch [36m24[0m [[35m50.3[0m% ([36m384[0m/[36m763[0m batches, [36m7042489[0m pos/sec)]
Estimated time to end of superbatch: [36m7.1[0ms     [Fsuperbatch [36m24[0m [[35m67.1[0m% ([36m512[0m/[36m763[0m batches, [36m7075002[0m pos/sec)]
Estimated time to end of superbatch: [36m4.7[0ms     [Fsuperbatch [36m24[0m [[35m83.9[0m% ([36m640[0m/[36m763[0m batches, [36m7042550[0m pos/sec)]
Estimated time to end of superbatch: [36m2.3[0ms     [Fsuperbatch [36m24[0m | time [36m14.1[0ms | running loss [36m0.010386[0m | [36m7069570[0m pos/sec | total time [36m343.4[0ms
Estimated time remaining in training: [36m1[0mh [36m8[0mm [36m11[0ms
LR dropped to [36m0.0009194355[0m
superbatch [36m25[0m [[35m0.0[0m% ([36m0[0m/[36m763[0m batches, [36m7317564[0m pos/sec)]
Estimated time to end of superbatch: [36minf[0ms     [Fsuperbatch [36m25[0m [[35m16.8[0m% ([36m128[0m/[36m763[0m batches, [36m7167188[0m pos/sec)]
Estimated time to end of superbatch: [36m11.7[0ms     [Fsuperbatch [36m25[0m [[35m33.6[0m% ([36m256[0m/[36m763[0m batches, [36m7166596[0m pos/sec)]
Estimated time to end of superbatch: [36m9.3[0ms     [Fsuperbatch [36m25[0m [[35m50.3[0m% ([36m384[0m/[36m763[0m batches, [36m7080796[0m pos/sec)]
Estimated time to end of superbatch: [36m7.0[0ms     [Fsuperbatch [36m25[0m [[35m67.1[0m% ([36m512[0m/[36m763[0m batches, [36m7065945[0m pos/sec)]
Estimated time to end of superbatch: [36m4.7[0ms     [Fsuperbatch [36m25[0m [[35m83.9[0m% ([36m640[0m/[36m763[0m batches, [36m7077430[0m pos/sec)]
Estimated time to end of superbatch: [36m2.3[0ms     [Fsuperbatch [36m25[0m | time [36m14.1[0ms | running loss [36m0.010454[0m | [36m7077212[0m pos/sec | total time [36m357.5[0ms
Estimated time remaining in training: [36m1[0mh [36m7[0mm [36m55[0ms
LR dropped to [36m0.0009162129[0m
superbatch [36m26[0m [[35m0.0[0m% ([36m0[0m/[36m763[0m batches, [36m7268718[0m pos/sec)]
Estimated time to end of superbatch: [36minf[0ms     [Fsuperbatch [36m26[0m [[35m16.8[0m% ([36m128[0m/[36m763[0m batches, [36m7057568[0m pos/sec)]
Estimated time to end of superbatch: [36m11.9[0ms     [Fsuperbatch [36m26[0m [[35m33.6[0m% ([36m256[0m/[36m763[0m batches, [36m7020834[0m pos/sec)]
Estimated time to end of superbatch: [36m9.5[0ms     [Fsuperbatch [36m26[0m [[35m50.3[0m% ([36m384[0m/[36m763[0m batches, [36m7112207[0m pos/sec)]
Estimated time to end of superbatch: [36m7.0[0ms     [Fsuperbatch [36m26[0m [[35m67.1[0m% ([36m512[0m/[36m763[0m batches, [36m7071528[0m pos/sec)]
Estimated time to end of superbatch: [36m4.7[0ms     [Fsuperbatch [36m26[0m [[35m83.9[0m% ([36m640[0m/[36m763[0m batches, [36m7068670[0m pos/sec)]
Estimated time to end of superbatch: [36m2.3[0ms     [Fsuperbatch [36m26[0m | time [36m14.1[0ms | running loss [36m0.010472[0m | [36m7104294[0m pos/sec | total time [36m371.6[0ms
Estimated time remaining in training: [36m1[0mh [36m7[0mm [36m38[0ms
LR dropped to [36m0.00091299036[0m
superbatch [36m27[0m [[35m0.0[0m% ([36m0[0m/[36m763[0m batches, [36m7281328[0m pos/sec)]
Estimated time to end of superbatch: [36minf[0ms     [Fsuperbatch [36m27[0m [[35m16.8[0m% ([36m128[0m/[36m763[0m batches, [36m7304770[0m pos/sec)]
Estimated time to end of superbatch: [36m11.5[0ms     [Fsuperbatch [36m27[0m [[35m33.6[0m% ([36m256[0m/[36m763[0m batches, [36m7219718[0m pos/sec)]
Estimated time to end of superbatch: [36m9.2[0ms     [Fsuperbatch [36m27[0m [[35m50.3[0m% ([36m384[0m/[36m763[0m batches, [36m7117540[0m pos/sec)]
Estimated time to end of superbatch: [36m7.0[0ms     [Fsuperbatch [36m27[0m [[35m67.1[0m% ([36m512[0m/[36m763[0m batches, [36m7089670[0m pos/sec)]
Estimated time to end of superbatch: [36m4.6[0ms     [Fsuperbatch [36m27[0m [[35m83.9[0m% ([36m640[0m/[36m763[0m batches, [36m7059811[0m pos/sec)]
Estimated time to end of superbatch: [36m2.3[0ms     [Fsuperbatch [36m27[0m | time [36m14.1[0ms | running loss [36m0.010546[0m | [36m7071909[0m pos/sec | total time [36m385.7[0ms
Estimated time remaining in training: [36m1[0mh [36m7[0mm [36m23[0ms
LR dropped to [36m0.0009097678[0m
superbatch [36m28[0m [[35m0.0[0m% ([36m0[0m/[36m763[0m batches, [36m7267546[0m pos/sec)]
Estimated time to end of superbatch: [36minf[0ms     [Fsuperbatch [36m28[0m [[35m16.8[0m% ([36m128[0m/[36m763[0m batches, [36m7111494[0m pos/sec)]
Estimated time to end of superbatch: [36m11.8[0ms     [Fsuperbatch [36m28[0m [[35m33.6[0m% ([36m256[0m/[36m763[0m batches, [36m6989299[0m pos/sec)]
Estimated time to end of superbatch: [36m9.5[0ms     [Fsuperbatch [36m28[0m [[35m50.3[0m% ([36m384[0m/[36m763[0m batches, [36m7028552[0m pos/sec)]
Estimated time to end of superbatch: [36m7.1[0ms     [Fsuperbatch [36m28[0m [[35m67.1[0m% ([36m512[0m/[36m763[0m batches, [36m7034138[0m pos/sec)]
Estimated time to end of superbatch: [36m4.7[0ms     [Fsuperbatch [36m28[0m [[35m83.9[0m% ([36m640[0m/[36m763[0m batches, [36m7043672[0m pos/sec)]
Estimated time to end of superbatch: [36m2.3[0ms     [Fsuperbatch [36m28[0m | time [36m14.2[0ms | running loss [36m0.010548[0m | [36m7062375[0m pos/sec | total time [36m399.9[0ms
Estimated time remaining in training: [36m1[0mh [36m7[0mm [36m7[0ms
LR dropped to [36m0.0009065452[0m
superbatch [36m29[0m [[35m0.0[0m% ([36m0[0m/[36m763[0m batches, [36m2895486[0m pos/sec)]
Estimated time to end of superbatch: [36minf[0ms     [Fsuperbatch [36m29[0m [[35m16.8[0m% ([36m128[0m/[36m763[0m batches, [36m6943844[0m pos/sec)]
Estimated time to end of superbatch: [36m12.1[0ms     [Fsuperbatch [36m29[0m [[35m33.6[0m% ([36m256[0m/[36m763[0m batches, [36m7013892[0m pos/sec)]
Estimated time to end of superbatch: [36m9.5[0ms     [Fsuperbatch [36m29[0m [[35m50.3[0m% ([36m384[0m/[36m763[0m batches, [36m7001858[0m pos/sec)]
Estimated time to end of superbatch: [36m7.1[0ms     [Fsuperbatch [36m29[0m [[35m67.1[0m% ([36m512[0m/[36m763[0m batches, [36m7054982[0m pos/sec)]
Estimated time to end of superbatch: [36m4.7[0ms     [Fsuperbatch [36m29[0m [[35m83.9[0m% ([36m640[0m/[36m763[0m batches, [36m7058362[0m pos/sec)]
Estimated time to end of superbatch: [36m2.3[0ms     [Fsuperbatch [36m29[0m | time [36m14.2[0ms | running loss [36m0.010650[0m | [36m7065039[0m pos/sec | total time [36m414.0[0ms
Estimated time remaining in training: [36m1[0mh [36m6[0mm [36m51[0ms
LR dropped to [36m0.00090332265[0m
superbatch [36m30[0m [[35m0.0[0m% ([36m0[0m/[36m763[0m batches, [36m7263071[0m pos/sec)]
Estimated time to end of superbatch: [36minf[0ms     [Fsuperbatch [36m30[0m [[35m16.8[0m% ([36m128[0m/[36m763[0m batches, [36m7092336[0m pos/sec)]
Estimated time to end of superbatch: [36m11.8[0ms     [Fsuperbatch [36m30[0m [[35m33.6[0m% ([36m256[0m/[36m763[0m batches, [36m7068540[0m pos/sec)]
Estimated time to end of superbatch: [36m9.4[0ms     [Fsuperbatch [36m30[0m [[35m50.3[0m% ([36m384[0m/[36m763[0m batches, [36m6990184[0m pos/sec)]
Estimated time to end of superbatch: [36m7.1[0ms     [Fsuperbatch [36m30[0m [[35m67.1[0m% ([36m512[0m/[36m763[0m batches, [36m7025747[0m pos/sec)]
Estimated time to end of superbatch: [36m4.7[0ms     [Fsuperbatch [36m30[0m [[35m83.9[0m% ([36m640[0m/[36m763[0m batches, [36m7047274[0m pos/sec)]
Estimated time to end of superbatch: [36m2.3[0ms     [Fsuperbatch [36m30[0m | time [36m14.1[0ms | running loss [36m0.010689[0m | [36m7078007[0m pos/sec | total time [36m428.2[0ms
Estimated time remaining in training: [36m1[0mh [36m6[0mm [36m36[0ms
LR dropped to [36m0.00090010004[0m
superbatch [36m31[0m [[35m0.0[0m% ([36m0[0m/[36m763[0m batches, [36m7253056[0m pos/sec)]
Estimated time to end of superbatch: [36minf[0ms     [Fsuperbatch [36m31[0m [[35m16.8[0m% ([36m128[0m/[36m763[0m batches, [36m7270856[0m pos/sec)]
Estimated time to end of superbatch: [36m11.5[0ms     [Fsuperbatch [36m31[0m [[35m33.6[0m% ([36m256[0m/[36m763[0m batches, [36m7176032[0m pos/sec)]
Estimated time to end of superbatch: [36m9.3[0ms     [Fsuperbatch [36m31[0m [[35m50.3[0m% ([36m384[0m/[36m763[0m batches, [36m7127954[0m pos/sec)]
Estimated time to end of superbatch: [36m7.0[0ms     [Fsuperbatch [36m31[0m [[35m67.1[0m% ([36m512[0m/[36m763[0m batches, [36m7111244[0m pos/sec)]
Estimated time to end of superbatch: [36m4.6[0ms     [Fsuperbatch [36m31[0m [[35m83.9[0m% ([36m640[0m/[36m763[0m batches, [36m7095466[0m pos/sec)]
Estimated time to end of superbatch: [36m2.3[0ms     [Fsuperbatch [36m31[0m | time [36m14.2[0ms | running loss [36m0.010710[0m | [36m7052126[0m pos/sec | total time [36m442.4[0ms
Estimated time remaining in training: [36m1[0mh [36m6[0mm [36m21[0ms
LR dropped to [36m0.0008968775[0m
superbatch [36m32[0m [[35m0.0[0m% ([36m0[0m/[36m763[0m batches, [36m7220568[0m pos/sec)]
Estimated time to end of superbatch: [36minf[0ms     [Fsuperbatch [36m32[0m [[35m16.8[0m% ([36m128[0m/[36m763[0m batches, [36m7062864[0m pos/sec)]
Estimated time to end of superbatch: [36m11.9[0ms     [Fsuperbatch [36m32[0m [[35m33.6[0m% ([36m256[0m/[36m763[0m batches, [36m7111128[0m pos/sec)]
Estimated time to end of superbatch: [36m9.4[0ms     [Fsuperbatch [36m32[0m [[35m50.3[0m% ([36m384[0m/[36m763[0m batches, [36m7078288[0m pos/sec)]
Estimated time to end of superbatch: [36m7.0[0ms     [Fsuperbatch [36m32[0m [[35m67.1[0m% ([36m512[0m/[36m763[0m batches, [36m7064468[0m pos/sec)]
Estimated time to end of superbatch: [36m4.7[0ms     [Fsuperbatch [36m32[0m [[35m83.9[0m% ([36m640[0m/[36m763[0m batches, [36m7054742[0m pos/sec)]
Estimated time to end of superbatch: [36m2.3[0ms     [Fsuperbatch [36m32[0m | time [36m14.2[0ms | running loss [36m0.010719[0m | [36m7062111[0m pos/sec | total time [36m456.5[0ms
Estimated time remaining in training: [36m1[0mh [36m6[0mm [36m6[0ms
LR dropped to [36m0.0008936549[0m
superbatch [36m33[0m [[35m0.0[0m% ([36m0[0m/[36m763[0m batches, [36m7248600[0m pos/sec)]
Estimated time to end of superbatch: [36minf[0ms     [Fsuperbatch [36m33[0m [[35m16.8[0m% ([36m128[0m/[36m763[0m batches, [36m7030642[0m pos/sec)]
Estimated time to end of superbatch: [36m11.9[0ms     [Fsuperbatch [36m33[0m [[35m33.6[0m% ([36m256[0m/[36m763[0m batches, [36m7060406[0m pos/sec)]
Estimated time to end of superbatch: [36m9.4[0ms     [Fsuperbatch [36m33[0m [[35m50.3[0m% ([36m384[0m/[36m763[0m batches, [36m7089129[0m pos/sec)]
Estimated time to end of superbatch: [36m7.0[0ms     [Fsuperbatch [36m33[0m [[35m67.1[0m% ([36m512[0m/[36m763[0m batches, [36m7068788[0m pos/sec)]
Estimated time to end of superbatch: [36m4.7[0ms     [Fsuperbatch [36m33[0m [[35m83.9[0m% ([36m640[0m/[36m763[0m batches, [36m7046600[0m pos/sec)]
Estimated time to end of superbatch: [36m2.3[0ms     [Fsuperbatch [36m33[0m | time [36m14.2[0ms | running loss [36m0.010707[0m | [36m7038915[0m pos/sec | total time [36m470.7[0ms
Estimated time remaining in training: [36m1[0mh [36m5[0mm [36m51[0ms
LR dropped to [36m0.0008904323[0m
superbatch [36m34[0m [[35m0.0[0m% ([36m0[0m/[36m763[0m batches, [36m7197979[0m pos/sec)]
Estimated time to end of superbatch: [36minf[0ms     [Fsuperbatch [36m34[0m [[35m16.8[0m% ([36m128[0m/[36m763[0m batches, [36m6911939[0m pos/sec)]
Estimated time to end of superbatch: [36m12.1[0ms     [Fsuperbatch [36m34[0m [[35m33.6[0m% ([36m256[0m/[36m763[0m batches, [36m6938232[0m pos/sec)]
Estimated time to end of superbatch: [36m9.6[0ms     [Fsuperbatch [36m34[0m [[35m50.3[0m% ([36m384[0m/[36m763[0m batches, [36m6987694[0m pos/sec)]
Estimated time to end of superbatch: [36m7.1[0ms     [Fsuperbatch [36m34[0m [[35m67.1[0m% ([36m512[0m/[36m763[0m batches, [36m7006352[0m pos/sec)]
Estimated time to end of superbatch: [36m4.7[0ms     [Fsuperbatch [36m34[0m [[35m83.9[0m% ([36m640[0m/[36m763[0m batches, [36m7044467[0m pos/sec)]
Estimated time to end of superbatch: [36m2.3[0ms     [Fsuperbatch [36m34[0m | time [36m14.2[0ms | running loss [36m0.010807[0m | [36m7061134[0m pos/sec | total time [36m484.9[0ms
Estimated time remaining in training: [36m1[0mh [36m5[0mm [36m36[0ms
LR dropped to [36m0.0008872097[0m
superbatch [36m35[0m [[35m0.0[0m% ([36m0[0m/[36m763[0m batches, [36m7222328[0m pos/sec)]
Estimated time to end of superbatch: [36minf[0ms     [Fsuperbatch [36m35[0m [[35m16.8[0m% ([36m128[0m/[36m763[0m batches, [36m7226483[0m pos/sec)]
Estimated time to end of superbatch: [36m11.6[0ms     [Fsuperbatch [36m35[0m [[35m33.6[0m% ([36m256[0m/[36m763[0m batches, [36m7080887[0m pos/sec)]
Estimated time to end of superbatch: [36m9.4[0ms     [Fsuperbatch [36m35[0m [[35m50.3[0m% ([36m384[0m/[36m763[0m batches, [36m7095941[0m pos/sec)]
Estimated time to end of superbatch: [36m7.0[0ms     [Fsuperbatch [36m35[0m [[35m67.1[0m% ([36m512[0m/[36m763[0m batches, [36m7052664[0m pos/sec)]
Estimated time to end of superbatch: [36m4.7[0ms     [Fsuperbatch [36m35[0m [[35m83.9[0m% ([36m640[0m/[36m763[0m batches, [36m7011722[0m pos/sec)]
Estimated time to end of superbatch: [36m2.3[0ms     [Fsuperbatch [36m35[0m | time [36m14.3[0ms | running loss [36m0.010777[0m | [36m7004289[0m pos/sec | total time [36m499.2[0ms
Estimated time remaining in training: [36m1[0mh [36m5[0mm [36m22[0ms
LR dropped to [36m0.0008839871[0m
superbatch [36m36[0m [[35m0.0[0m% ([36m0[0m/[36m763[0m batches, [36m7191108[0m pos/sec)]
Estimated time to end of superbatch: [36minf[0ms     [Fsuperbatch [36m36[0m [[35m16.8[0m% ([36m128[0m/[36m763[0m batches, [36m7069050[0m pos/sec)]
Estimated time to end of superbatch: [36m11.9[0ms     [Fsuperbatch [36m36[0m [[35m33.6[0m% ([36m256[0m/[36m763[0m batches, [36m7067107[0m pos/sec)]
Estimated time to end of superbatch: [36m9.4[0ms     [Fsuperbatch [36m36[0m [[35m50.3[0m% ([36m384[0m/[36m763[0m batches, [36m6917732[0m pos/sec)]
Estimated time to end of superbatch: [36m7.2[0ms     [Fsuperbatch [36m36[0m [[35m67.1[0m% ([36m512[0m/[36m763[0m batches, [36m6924400[0m pos/sec)]
Estimated time to end of superbatch: [36m4.8[0ms     [Fsuperbatch [36m36[0m [[35m83.9[0m% ([36m640[0m/[36m763[0m batches, [36m6937492[0m pos/sec)]
Estimated time to end of superbatch: [36m2.3[0ms     [Fsuperbatch [36m36[0m | time [36m14.5[0ms | running loss [36m0.010839[0m | [36m6917689[0m pos/sec | total time [36m513.6[0ms
Estimated time remaining in training: [36m1[0mh [36m5[0mm [36m9[0ms
LR dropped to [36m0.00088076456[0m
superbatch [36m37[0m [[35m0.0[0m% ([36m0[0m/[36m763[0m batches, [36m7205902[0m pos/sec)]
Estimated time to end of superbatch: [36minf[0ms     [Fsuperbatch [36m37[0m [[35m16.8[0m% ([36m128[0m/[36m763[0m batches, [36m6800984[0m pos/sec)]
Estimated time to end of superbatch: [36m12.3[0ms     [Fsuperbatch [36m37[0m [[35m33.6[0m% ([36m256[0m/[36m763[0m batches, [36m6910249[0m pos/sec)]
Estimated time to end of superbatch: [36m9.7[0ms     [Fsuperbatch [36m37[0m [[35m50.3[0m% ([36m384[0m/[36m763[0m batches, [36m6928570[0m pos/sec)]
Estimated time to end of superbatch: [36m7.2[0ms     [Fsuperbatch [36m37[0m [[35m67.1[0m% ([36m512[0m/[36m763[0m batches, [36m6906416[0m pos/sec)]
Estimated time to end of superbatch: [36m4.8[0ms     [Fsuperbatch [36m37[0m [[35m83.9[0m% ([36m640[0m/[36m763[0m batches, [36m6910866[0m pos/sec)]
Estimated time to end of superbatch: [36m2.3[0ms     [Fsuperbatch [36m37[0m | time [36m14.4[0ms | running loss [36m0.010788[0m | [36m6922444[0m pos/sec | total time [36m528.1[0ms
Estimated time remaining in training: [36m1[0mh [36m4[0mm [36m56[0ms
LR dropped to [36m0.00087754196[0m
superbatch [36m38[0m [[35m0.0[0m% ([36m0[0m/[36m763[0m batches, [36m7186677[0m pos/sec)]
Estimated time to end of superbatch: [36minf[0ms     [Fsuperbatch [36m38[0m [[35m16.8[0m% ([36m128[0m/[36m763[0m batches, [36m7043472[0m pos/sec)]
Estimated time to end of superbatch: [36m11.9[0ms     [Fsuperbatch [36m38[0m [[35m33.6[0m% ([36m256[0m/[36m763[0m batches, [36m7079560[0m pos/sec)]
Estimated time to end of superbatch: [36m9.4[0ms     [Fsuperbatch [36m38[0m [[35m50.3[0m% ([36m384[0m/[36m763[0m batches, [36m7117830[0m pos/sec)]
Estimated time to end of superbatch: [36m7.0[0ms     [Fsuperbatch [36m38[0m [[35m67.1[0m% ([36m512[0m/[36m763[0m batches, [36m7073310[0m pos/sec)]
Estimated time to end of superbatch: [36m4.7[0ms     [Fsuperbatch [36m38[0m [[35m83.9[0m% ([36m640[0m/[36m763[0m batches, [36m7070662[0m pos/sec)]
Estimated time to end of superbatch: [36m2.3[0ms     [Fsuperbatch [36m38[0m | time [36m14.1[0ms | running loss [36m0.010855[0m | [36m7079082[0m pos/sec | total time [36m542.2[0ms
Estimated time remaining in training: [36m1[0mh [36m4[0mm [36m41[0ms
LR dropped to [36m0.0008743194[0m
superbatch [36m39[0m [[35m0.0[0m% ([36m0[0m/[36m763[0m batches, [36m7190628[0m pos/sec)]
Estimated time to end of superbatch: [36minf[0ms     [Fsuperbatch [36m39[0m [[35m16.8[0m% ([36m128[0m/[36m763[0m batches, [36m7195676[0m pos/sec)]
Estimated time to end of superbatch: [36m11.7[0ms     [Fsuperbatch [36m39[0m [[35m33.6[0m% ([36m256[0m/[36m763[0m batches, [36m7191314[0m pos/sec)]
Estimated time to end of superbatch: [36m9.3[0ms     [Fsuperbatch [36m39[0m [[35m50.3[0m% ([36m384[0m/[36m763[0m batches, [36m7138406[0m pos/sec)]
Estimated time to end of superbatch: [36m7.0[0ms     [Fsuperbatch [36m39[0m [[35m67.1[0m% ([36m512[0m/[36m763[0m batches, [36m7111745[0m pos/sec)]
Estimated time to end of superbatch: [36m4.6[0ms     [Fsuperbatch [36m39[0m [[35m83.9[0m% ([36m640[0m/[36m763[0m batches, [36m7030800[0m pos/sec)]
Estimated time to end of superbatch: [36m2.3[0ms     [Fsuperbatch [36m39[0m | time [36m14.2[0ms | running loss [36m0.010770[0m | [36m7043347[0m pos/sec | total time [36m556.4[0ms
Estimated time remaining in training: [36m1[0mh [36m4[0mm [36m26[0ms
LR dropped to [36m0.00087109685[0m
superbatch [36m40[0m [[35m0.0[0m% ([36m0[0m/[36m763[0m batches, [36m5472647[0m pos/sec)]
Estimated time to end of superbatch: [36minf[0ms     [Fsuperbatch [36m40[0m [[35m16.8[0m% ([36m128[0m/[36m763[0m batches, [36m6894544[0m pos/sec)]
Estimated time to end of superbatch: [36m12.2[0ms     [Fsuperbatch [36m40[0m [[35m33.6[0m% ([36m256[0m/[36m763[0m batches, [36m6935810[0m pos/sec)]
Estimated time to end of superbatch: [36m9.6[0ms     [Fsuperbatch [36m40[0m [[35m50.3[0m% ([36m384[0m/[36m763[0m batches, [36m6995331[0m pos/sec)]
Estimated time to end of superbatch: [36m7.1[0ms     [Fsuperbatch [36m40[0m [[35m67.1[0m% ([36m512[0m/[36m763[0m batches, [36m6981526[0m pos/sec)]
Estimated time to end of superbatch: [36m4.7[0ms     [Fsuperbatch [36m40[0m [[35m83.9[0m% ([36m640[0m/[36m763[0m batches, [36m6972200[0m pos/sec)]
Estimated time to end of superbatch: [36m2.3[0ms     [Fsuperbatch [36m40[0m | time [36m14.4[0ms | running loss [36m0.010886[0m | [36m6952984[0m pos/sec | total time [36m570.8[0ms
Estimated time remaining in training: [36m1[0mh [36m4[0mm [36m12[0ms
Saved [anna-v3b-s1-40]
LR dropped to [36m0.00086787425[0m
superbatch [36m41[0m [[35m0.0[0m% ([36m0[0m/[36m763[0m batches, [36m6939039[0m pos/sec)]
Estimated time to end of superbatch: [36minf[0ms     [Fsuperbatch [36m41[0m [[35m16.8[0m% ([36m128[0m/[36m763[0m batches, [36m6571576[0m pos/sec)]
Estimated time to end of superbatch: [36m12.8[0ms     [Fsuperbatch [36m41[0m [[35m33.6[0m% ([36m256[0m/[36m763[0m batches, [36m6701010[0m pos/sec)]
Estimated time to end of superbatch: [36m10.0[0ms     [Fsuperbatch [36m41[0m [[35m50.3[0m% ([36m384[0m/[36m763[0m batches, [36m6747028[0m pos/sec)]
Estimated time to end of superbatch: [36m7.4[0ms     [Fsuperbatch [36m41[0m [[35m67.1[0m% ([36m512[0m/[36m763[0m batches, [36m6808356[0m pos/sec)]
Estimated time to end of superbatch: [36m4.8[0ms     [Fsuperbatch [36m41[0m [[35m83.9[0m% ([36m640[0m/[36m763[0m batches, [36m6789931[0m pos/sec)]
Estimated time to end of superbatch: [36m2.4[0ms     [Fsuperbatch [36m41[0m | time [36m14.6[0ms | running loss [36m0.010799[0m | [36m6834530[0m pos/sec | total time [36m588.7[0ms
Estimated time remaining in training: [36m1[0mh [36m4[0mm [36m22[0ms
LR dropped to [36m0.00086465164[0m
superbatch [36m42[0m [[35m0.0[0m% ([36m0[0m/[36m763[0m batches, [36m7155750[0m pos/sec)]
Estimated time to end of superbatch: [36minf[0ms     [Fsuperbatch [36m42[0m [[35m16.8[0m% ([36m128[0m/[36m763[0m batches, [36m7087013[0m pos/sec)]
Estimated time to end of superbatch: [36m11.8[0ms     [Fsuperbatch [36m42[0m [[35m33.6[0m% ([36m256[0m/[36m763[0m batches, [36m7120018[0m pos/sec)]
Estimated time to end of superbatch: [36m9.4[0ms     [Fsuperbatch [36m42[0m [[35m50.3[0m% ([36m384[0m/[36m763[0m batches, [36m7138548[0m pos/sec)]
Estimated time to end of superbatch: [36m7.0[0ms     [Fsuperbatch [36m42[0m [[35m67.1[0m% ([36m512[0m/[36m763[0m batches, [36m7114372[0m pos/sec)]
Estimated time to end of superbatch: [36m4.6[0ms     [Fsuperbatch [36m42[0m [[35m83.9[0m% ([36m640[0m/[36m763[0m batches, [36m7112825[0m pos/sec)]
Estimated time to end of superbatch: [36m2.3[0ms     [Fsuperbatch [36m42[0m | time [36m14.0[0ms | running loss [36m0.010919[0m | [36m7122407[0m pos/sec | total time [36m602.8[0ms
Estimated time remaining in training: [36m1[0mh [36m4[0mm [36m6[0ms
LR dropped to [36m0.0008614291[0m
superbatch [36m43[0m [[35m0.0[0m% ([36m0[0m/[36m763[0m batches, [36m7162323[0m pos/sec)]
Estimated time to end of superbatch: [36minf[0ms     [Fsuperbatch [36m43[0m [[35m16.8[0m% ([36m128[0m/[36m763[0m batches, [36m7169004[0m pos/sec)]
Estimated time to end of superbatch: [36m11.7[0ms     [Fsuperbatch [36m43[0m [[35m33.6[0m% ([36m256[0m/[36m763[0m batches, [36m7169894[0m pos/sec)]
Estimated time to end of superbatch: [36m9.3[0ms     [Fsuperbatch [36m43[0m [[35m50.3[0m% ([36m384[0m/[36m763[0m batches, [36m7115556[0m pos/sec)]
Estimated time to end of superbatch: [36m7.0[0ms     [Fsuperbatch [36m43[0m [[35m67.1[0m% ([36m512[0m/[36m763[0m batches, [36m7100556[0m pos/sec)]
Estimated time to end of superbatch: [36m4.6[0ms     [Fsuperbatch [36m43[0m [[35m83.9[0m% ([36m640[0m/[36m763[0m batches, [36m7070524[0m pos/sec)]
Estimated time to end of superbatch: [36m2.3[0ms     [Fsuperbatch [36m43[0m | time [36m14.1[0ms | running loss [36m0.010813[0m | [36m7071458[0m pos/sec | total time [36m616.9[0ms
Estimated time remaining in training: [36m1[0mh [36m3[0mm [36m50[0ms
LR dropped to [36m0.0008582065[0m
superbatch [36m44[0m [[35m0.0[0m% ([36m0[0m/[36m763[0m batches, [36m7137129[0m pos/sec)]
Estimated time to end of superbatch: [36minf[0ms     [Fsuperbatch [36m44[0m [[35m16.8[0m% ([36m128[0m/[36m763[0m batches, [36m6714394[0m pos/sec)]
Estimated time to end of superbatch: [36m12.5[0ms     [Fsuperbatch [36m44[0m [[35m33.6[0m% ([36m256[0m/[36m763[0m batches, [36m6824422[0m pos/sec)]
Estimated time to end of superbatch: [36m9.8[0ms     [Fsuperbatch [36m44[0m [[35m50.3[0m% ([36m384[0m/[36m763[0m batches, [36m6912270[0m pos/sec)]
Estimated time to end of superbatch: [36m7.2[0ms     [Fsuperbatch [36m44[0m [[35m67.1[0m% ([36m512[0m/[36m763[0m batches, [36m6953872[0m pos/sec)]
Estimated time to end of superbatch: [36m4.7[0ms     [Fsuperbatch [36m44[0m [[35m83.9[0m% ([36m640[0m/[36m763[0m batches, [36m6991100[0m pos/sec)]
Estimated time to end of superbatch: [36m2.3[0ms     [Fsuperbatch [36m44[0m | time [36m14.3[0ms | running loss [36m0.010948[0m | [36m7004719[0m pos/sec | total time [36m631.2[0ms
Estimated time remaining in training: [36m1[0mh [36m3[0mm [36m35[0ms
LR dropped to [36m0.0008549839[0m
superbatch [36m45[0m [[35m0.0[0m% ([36m0[0m/[36m763[0m batches, [36m7166466[0m pos/sec)]
Estimated time to end of superbatch: [36minf[0ms     [Fsuperbatch [36m45[0m [[35m16.8[0m% ([36m128[0m/[36m763[0m batches, [36m7117224[0m pos/sec)]
Estimated time to end of superbatch: [36m11.8[0ms     [Fsuperbatch [36m45[0m [[35m33.6[0m% ([36m256[0m/[36m763[0m batches, [36m7018220[0m pos/sec)]
Estimated time to end of superbatch: [36m9.5[0ms     [Fsuperbatch [36m45[0m [[35m50.3[0m% ([36m384[0m/[36m763[0m batches, [36m6958377[0m pos/sec)]
Estimated time to end of superbatch: [36m7.2[0ms     [Fsuperbatch [36m45[0m [[35m67.1[0m% ([36m512[0m/[36m763[0m batches, [36m6927967[0m pos/sec)]
Estimated time to end of superbatch: [36m4.8[0ms     [Fsuperbatch [36m45[0m [[35m83.9[0m% ([36m640[0m/[36m763[0m batches, [36m6936850[0m pos/sec)]
Estimated time to end of superbatch: [36m2.3[0ms     [Fsuperbatch [36m45[0m | time [36m14.5[0ms | running loss [36m0.010812[0m | [36m6917929[0m pos/sec | total time [36m645.6[0ms
Estimated time remaining in training: [36m1[0mh [36m3[0mm [36m22[0ms
LR dropped to [36m0.0008517613[0m
superbatch [36m46[0m [[35m0.0[0m% ([36m0[0m/[36m763[0m batches, [36m7128702[0m pos/sec)]
Estimated time to end of superbatch: [36minf[0ms     [Fsuperbatch [36m46[0m [[35m16.8[0m% ([36m128[0m/[36m763[0m batches, [36m6868692[0m pos/sec)]
Estimated time to end of superbatch: [36m12.2[0ms     [Fsuperbatch [36m46[0m [[35m33.6[0m% ([36m256[0m/[36m763[0m batches, [36m6909320[0m pos/sec)]
Estimated time to end of superbatch: [36m9.7[0ms     [Fsuperbatch [36m46[0m [[35m50.3[0m% ([36m384[0m/[36m763[0m batches, [36m6884084[0m pos/sec)]
Estimated time to end of superbatch: [36m7.2[0ms     [Fsuperbatch [36m46[0m [[35m67.1[0m% ([36m512[0m/[36m763[0m batches, [36m6930826[0m pos/sec)]
Estimated time to end of superbatch: [36m4.8[0ms     [Fsuperbatch [36m46[0m [[35m83.9[0m% ([36m640[0m/[36m763[0m batches, [36m6957582[0m pos/sec)]
Estimated time to end of superbatch: [36m2.3[0ms     [Fsuperbatch [36m46[0m | time [36m14.3[0ms | running loss [36m0.010975[0m | [36m6988342[0m pos/sec | total time [36m659.9[0ms
Estimated time remaining in training: [36m1[0mh [36m3[0mm [36m7[0ms
LR dropped to [36m0.00084853877[0m
superbatch [36m47[0m [[35m0.0[0m% ([36m0[0m/[36m763[0m batches, [36m7151292[0m pos/sec)]
Estimated time to end of superbatch: [36minf[0ms     [Fsuperbatch [36m47[0m [[35m16.8[0m% ([36m128[0m/[36m763[0m batches, [36m7130235[0m pos/sec)]
Estimated time to end of superbatch: [36m11.8[0ms     [Fsuperbatch [36m47[0m [[35m33.6[0m% ([36m256[0m/[36m763[0m batches, [36m7010911[0m pos/sec)]
Estimated time to end of superbatch: [36m9.5[0ms     [Fsuperbatch [36m47[0m [[35m50.3[0m% ([36m384[0m/[36m763[0m batches, [36m7006944[0m pos/sec)]
Estimated time to end of superbatch: [36m7.1[0ms     [Fsuperbatch [36m47[0m [[35m67.1[0m% ([36m512[0m/[36m763[0m batches, [36m7041764[0m pos/sec)]
Estimated time to end of superbatch: [36m4.7[0ms     [Fsuperbatch [36m47[0m [[35m83.9[0m% ([36m640[0m/[36m763[0m batches, [36m7062736[0m pos/sec)]
Estimated time to end of superbatch: [36m2.3[0ms     [Fsuperbatch [36m47[0m | time [36m14.1[0ms | running loss [36m0.010824[0m | [36m7077068[0m pos/sec | total time [36m674.1[0ms
Estimated time remaining in training: [36m1[0mh [36m2[0mm [36m51[0ms
LR dropped to [36m0.00084531616[0m
superbatch [36m48[0m [[35m0.0[0m% ([36m0[0m/[36m763[0m batches, [36m7109562[0m pos/sec)]
Estimated time to end of superbatch: [36minf[0ms     [Fsuperbatch [36m48[0m [[35m16.8[0m% ([36m128[0m/[36m763[0m batches, [36m6961528[0m pos/sec)]
Estimated time to end of superbatch: [36m12.0[0ms     [Fsuperbatch [36m48[0m [[35m33.6[0m% ([36m256[0m/[36m763[0m batches, [36m6888020[0m pos/sec)]
Estimated time to end of superbatch: [36m9.7[0ms     [Fsuperbatch [36m48[0m [[35m50.3[0m% ([36m384[0m/[36m763[0m batches, [36m6848255[0m pos/sec)]
Estimated time to end of superbatch: [36m7.3[0ms     [Fsuperbatch [36m48[0m [[35m67.1[0m% ([36m512[0m/[36m763[0m batches, [36m6882761[0m pos/sec)]
Estimated time to end of superbatch: [36m4.8[0ms     [Fsuperbatch [36m48[0m [[35m83.9[0m% ([36m640[0m/[36m763[0m batches, [36m6874532[0m pos/sec)]
Estimated time to end of superbatch: [36m2.3[0ms     [Fsuperbatch [36m48[0m | time [36m14.5[0ms | running loss [36m0.011036[0m | [36m6875992[0m pos/sec | total time [36m688.6[0ms
Estimated time remaining in training: [36m1[0mh [36m2[0mm [36m38[0ms
LR dropped to [36m0.0008420936[0m
superbatch [36m49[0m [[35m0.0[0m% ([36m0[0m/[36m763[0m batches, [36m7130654[0m pos/sec)]
Estimated time to end of superbatch: [36minf[0ms     [Fsuperbatch [36m49[0m [[35m16.8[0m% ([36m128[0m/[36m763[0m batches, [36m6861257[0m pos/sec)]
Estimated time to end of superbatch: [36m12.2[0ms     [Fsuperbatch [36m49[0m [[35m33.6[0m% ([36m256[0m/[36m763[0m batches, [36m6852724[0m pos/sec)]
Estimated time to end of superbatch: [36m9.7[0ms     [Fsuperbatch [36m49[0m [[35m50.3[0m% ([36m384[0m/[36m763[0m batches, [36m6816909[0m pos/sec)]
Estimated time to end of superbatch: [36m7.3[0ms     [Fsuperbatch [36m49[0m [[35m67.1[0m% ([36m512[0m/[36m763[0m batches, [36m6840718[0m pos/sec)]
Estimated time to end of superbatch: [36m4.8[0ms     [Fsuperbatch [36m49[0m [[35m83.9[0m% ([36m640[0m/[36m763[0m batches, [36m6858483[0m pos/sec)]
Estimated time to end of superbatch: [36m2.4[0ms     [Fsuperbatch [36m49[0m | time [36m14.5[0ms | running loss [36m0.010849[0m | [36m6889602[0m pos/sec | total time [36m703.1[0ms
Estimated time remaining in training: [36m1[0mh [36m2[0mm [36m25[0ms
LR dropped to [36m0.000838871[0m
superbatch [36m50[0m [[35m0.0[0m% ([36m0[0m/[36m763[0m batches, [36m7120724[0m pos/sec)]
Estimated time to end of superbatch: [36minf[0ms     [Fsuperbatch [36m50[0m [[35m16.8[0m% ([36m128[0m/[36m763[0m batches, [36m6812304[0m pos/sec)]
Estimated time to end of superbatch: [36m12.3[0ms     [Fsuperbatch [36m50[0m [[35m33.6[0m% ([36m256[0m/[36m763[0m batches, [36m6932797[0m pos/sec)]
Estimated time to end of superbatch: [36m9.6[0ms     [Fsuperbatch [36m50[0m [[35m50.3[0m% ([36m384[0m/[36m763[0m batches, [36m6897870[0m pos/sec)]
Estimated time to end of superbatch: [36m7.2[0ms     [Fsuperbatch [36m50[0m [[35m67.1[0m% ([36m512[0m/[36m763[0m batches, [36m6921221[0m pos/sec)]
Estimated time to end of superbatch: [36m4.8[0ms     [Fsuperbatch [36m50[0m [[35m83.9[0m% ([36m640[0m/[36m763[0m batches, [36m6928485[0m pos/sec)]
Estimated time to end of superbatch: [36m2.3[0ms     [Fsuperbatch [36m50[0m | time [36m14.5[0ms | running loss [36m0.011088[0m | [36m6919448[0m pos/sec | total time [36m717.6[0ms
Estimated time remaining in training: [36m1[0mh [36m2[0mm [36m11[0ms
LR dropped to [36m0.0008356484[0m
superbatch [36m51[0m [[35m0.0[0m% ([36m0[0m/[36m763[0m batches, [36m7125188[0m pos/sec)]
Estimated time to end of superbatch: [36minf[0ms     [Fsuperbatch [36m51[0m [[35m16.8[0m% ([36m128[0m/[36m763[0m batches, [36m6969768[0m pos/sec)]
Estimated time to end of superbatch: [36m12.0[0ms     [Fsuperbatch [36m51[0m [[35m33.6[0m% ([36m256[0m/[36m763[0m batches, [36m6935524[0m pos/sec)]
Estimated time to end of superbatch: [36m9.6[0ms     [Fsuperbatch [36m51[0m [[35m50.3[0m% ([36m384[0m/[36m763[0m batches, [36m6967894[0m pos/sec)]
Estimated time to end of superbatch: [36m7.1[0ms     [Fsuperbatch [36m51[0m [[35m67.1[0m% ([36m512[0m/[36m763[0m batches, [36m7005504[0m pos/sec)]
Estimated time to end of superbatch: [36m4.7[0ms     [Fsuperbatch [36m51[0m [[35m83.9[0m% ([36m640[0m/[36m763[0m batches, [36m7030740[0m pos/sec)]
Estimated time to end of superbatch: [36m2.3[0ms     [Fsuperbatch [36m51[0m | time [36m14.3[0ms | running loss [36m0.010856[0m | [36m6982118[0m pos/sec | total time [36m731.9[0ms
Estimated time remaining in training: [36m1[0mh [36m1[0mm [36m56[0ms
LR dropped to [36m0.00083242584[0m
superbatch [36m52[0m [[35m0.0[0m% ([36m0[0m/[36m763[0m batches, [36m7129662[0m pos/sec)]
Estimated time to end of superbatch: [36minf[0ms     [Fsuperbatch [36m52[0m [[35m16.8[0m% ([36m128[0m/[36m763[0m batches, [36m7102654[0m pos/sec)]
Estimated time to end of superbatch: [36m11.8[0ms     [Fsuperbatch [36m52[0m [[35m33.6[0m% ([36m256[0m/[36m763[0m batches, [36m7108282[0m pos/sec)]
Estimated time to end of superbatch: [36m9.4[0ms     [Fsuperbatch [36m52[0m [[35m50.3[0m% ([36m384[0m/[36m763[0m batches, [36m7094946[0m pos/sec)]
Estimated time to end of superbatch: [36m7.0[0ms     [Fsuperbatch [36m52[0m [[35m67.1[0m% ([36m512[0m/[36m763[0m batches, [36m6921514[0m pos/sec)]
Estimated time to end of superbatch: [36m4.8[0ms     [Fsuperbatch [36m52[0m [[35m83.9[0m% ([36m640[0m/[36m763[0m batches, [36m6865381[0m pos/sec)]
Estimated time to end of superbatch: [36m2.4[0ms     [Fsuperbatch [36m52[0m | time [36m14.6[0ms | running loss [36m0.011120[0m | [36m6862882[0m pos/sec | total time [36m746.5[0ms
Estimated time remaining in training: [36m1[0mh [36m1[0mm [36m43[0ms
LR dropped to [36m0.0008292033[0m
superbatch [36m53[0m [[35m0.0[0m% ([36m0[0m/[36m763[0m batches, [36m7118262[0m pos/sec)]
Estimated time to end of superbatch: [36minf[0ms     [Fsuperbatch [36m53[0m [[35m16.8[0m% ([36m128[0m/[36m763[0m batches, [36m6604114[0m pos/sec)]
Estimated time to end of superbatch: [36m12.7[0ms     [Fsuperbatch [36m53[0m [[35m33.6[0m% ([36m256[0m/[36m763[0m batches, [36m6815307[0m pos/sec)]
Estimated time to end of superbatch: [36m9.8[0ms     [Fsuperbatch [36m53[0m [[35m50.3[0m% ([36m384[0m/[36m763[0m batches, [36m6802741[0m pos/sec)]
Estimated time to end of superbatch: [36m7.3[0ms     [Fsuperbatch [36m53[0m [[35m67.1[0m% ([36m512[0m/[36m763[0m batches, [36m6793302[0m pos/sec)]
Estimated time to end of superbatch: [36m4.9[0ms     [Fsuperbatch [36m53[0m [[35m83.9[0m% ([36m640[0m/[36m763[0m batches, [36m6819666[0m pos/sec)]
Estimated time to end of superbatch: [36m2.4[0ms     [Fsuperbatch [36m53[0m | time [36m14.7[0ms | running loss [36m0.010931[0m | [36m6807101[0m pos/sec | total time [36m761.2[0ms
Estimated time remaining in training: [36m1[0mh [36m1[0mm [36m30[0ms
LR dropped to [36m0.0008259807[0m
superbatch [36m54[0m [[35m0.0[0m% ([36m0[0m/[36m763[0m batches, [36m7108292[0m pos/sec)]
Estimated time to end of superbatch: [36minf[0ms     [Fsuperbatch [36m54[0m [[35m16.8[0m% ([36m128[0m/[36m763[0m batches, [36m6838643[0m pos/sec)]
Estimated time to end of superbatch: [36m12.3[0ms     [Fsuperbatch [36m54[0m [[35m33.6[0m% ([36m256[0m/[36m763[0m batches, [36m6582258[0m pos/sec)]
Estimated time to end of superbatch: [36m10.1[0ms     [Fsuperbatch [36m54[0m [[35m50.3[0m% ([36m384[0m/[36m763[0m batches, [36m6653900[0m pos/sec)]
Estimated time to end of superbatch: [36m7.5[0ms     [Fsuperbatch [36m54[0m [[35m67.1[0m% ([36m512[0m/[36m763[0m batches, [36m6718521[0m pos/sec)]
Estimated time to end of superbatch: [36m4.9[0ms     [Fsuperbatch [36m54[0m [[35m83.9[0m% ([36m640[0m/[36m763[0m batches, [36m6705456[0m pos/sec)]
Estimated time to end of superbatch: [36m2.4[0ms     [Fsuperbatch [36m54[0m | time [36m15.0[0ms | running loss [36m0.011219[0m | [36m6686226[0m pos/sec | total time [36m776.1[0ms
Estimated time remaining in training: [36m1[0mh [36m1[0mm [36m19[0ms
LR dropped to [36m0.0008227581[0m
superbatch [36m55[0m [[35m0.0[0m% ([36m0[0m/[36m763[0m batches, [36m7086475[0m pos/sec)]
Estimated time to end of superbatch: [36minf[0ms     [Fsuperbatch [36m55[0m [[35m16.8[0m% ([36m128[0m/[36m763[0m batches, [36m7012858[0m pos/sec)]
Estimated time to end of superbatch: [36m12.0[0ms     [Fsuperbatch [36m55[0m [[35m33.6[0m% ([36m256[0m/[36m763[0m batches, [36m6752966[0m pos/sec)]
Estimated time to end of superbatch: [36m9.9[0ms     [Fsuperbatch [36m55[0m [[35m50.3[0m% ([36m384[0m/[36m763[0m batches, [36m6708889[0m pos/sec)]
Estimated time to end of superbatch: [36m7.4[0ms     [Fsuperbatch [36m55[0m [[35m67.1[0m% ([36m512[0m/[36m763[0m batches, [36m6758370[0m pos/sec)]
Estimated time to end of superbatch: [36m4.9[0ms     [Fsuperbatch [36m55[0m [[35m83.9[0m% ([36m640[0m/[36m763[0m batches, [36m6761646[0m pos/sec)]
Estimated time to end of superbatch: [36m2.4[0ms     [Fsuperbatch [36m55[0m | time [36m14.9[0ms | running loss [36m0.011011[0m | [36m6734148[0m pos/sec | total time [36m791.0[0ms
Estimated time remaining in training: [36m1[0mh [36m1[0mm [36m7[0ms
LR dropped to [36m0.0008195355[0m
superbatch [36m56[0m [[35m0.0[0m% ([36m0[0m/[36m763[0m batches, [36m7106469[0m pos/sec)]
Estimated time to end of superbatch: [36minf[0ms     [Fsuperbatch [36m56[0m [[35m16.8[0m% ([36m128[0m/[36m763[0m batches, [36m6698736[0m pos/sec)]
Estimated time to end of superbatch: [36m12.5[0ms     [Fsuperbatch [36m56[0m [[35m33.6[0m% ([36m256[0m/[36m763[0m batches, [36m6827808[0m pos/sec)]
Estimated time to end of superbatch: [36m9.8[0ms     [Fsuperbatch [36m56[0m [[35m50.3[0m% ([36m384[0m/[36m763[0m batches, [36m6853286[0m pos/sec)]
Estimated time to end of superbatch: [36m7.3[0ms     [Fsuperbatch [36m56[0m [[35m67.1[0m% ([36m512[0m/[36m763[0m batches, [36m6905679[0m pos/sec)]
Estimated time to end of superbatch: [36m4.8[0ms     [Fsuperbatch [36m56[0m [[35m83.9[0m% ([36m640[0m/[36m763[0m batches, [36m6876206[0m pos/sec)]
Estimated time to end of superbatch: [36m2.3[0ms     [Fsuperbatch [36m56[0m | time [36m14.6[0ms | running loss [36m0.011262[0m | [36m6855082[0m pos/sec | total time [36m805.6[0ms
Estimated time remaining in training: [36m1[0mh [36m0[0mm [36m53[0ms
LR dropped to [36m0.00081631297[0m
superbatch [36m57[0m [[35m0.0[0m% ([36m0[0m/[36m763[0m batches, [36m7048042[0m pos/sec)]
Estimated time to end of superbatch: [36minf[0ms     [Fsuperbatch [36m57[0m [[35m16.8[0m% ([36m128[0m/[36m763[0m batches, [36m6850987[0m pos/sec)]
Estimated time to end of superbatch: [36m12.2[0ms     [Fsuperbatch [36m57[0m [[35m33.6[0m% ([36m256[0m/[36m763[0m batches, [36m6771016[0m pos/sec)]
Estimated time to end of superbatch: [36m9.9[0ms     [Fsuperbatch [36m57[0m [[35m50.3[0m% ([36m384[0m/[36m763[0m batches, [36m6845750[0m pos/sec)]
Estimated time to end of superbatch: [36m7.3[0ms     [Fsuperbatch [36m57[0m [[35m67.1[0m% ([36m512[0m/[36m763[0m batches, [36m6858235[0m pos/sec)]
Estimated time to end of superbatch: [36m4.8[0ms     [Fsuperbatch [36m57[0m [[35m83.9[0m% ([36m640[0m/[36m763[0m batches, [36m6866269[0m pos/sec)]
Estimated time to end of superbatch: [36m2.4[0ms     [Fsuperbatch [36m57[0m | time [36m14.6[0ms | running loss [36m0.011047[0m | [36m6861648[0m pos/sec | total time [36m820.1[0ms
Estimated time remaining in training: [36m1[0mh [36m0[0mm [36m40[0ms
LR dropped to [36m0.00081309036[0m
superbatch [36m58[0m [[35m0.0[0m% ([36m0[0m/[36m763[0m batches, [36m7086495[0m pos/sec)]
Estimated time to end of superbatch: [36minf[0ms     [Fsuperbatch [36m58[0m [[35m16.8[0m% ([36m128[0m/[36m763[0m batches, [36m6791608[0m pos/sec)]
Estimated time to end of superbatch: [36m12.4[0ms     [Fsuperbatch [36m58[0m [[35m33.6[0m% ([36m256[0m/[36m763[0m batches, [36m6743862[0m pos/sec)]
Estimated time to end of superbatch: [36m9.9[0ms     [Fsuperbatch [36m58[0m [[35m50.3[0m% ([36m384[0m/[36m763[0m batches, [36m6774662[0m pos/sec)]
Estimated time to end of superbatch: [36m7.4[0ms     [Fsuperbatch [36m58[0m [[35m67.1[0m% ([36m512[0m/[36m763[0m batches, [36m6803518[0m pos/sec)]
Estimated time to end of superbatch: [36m4.8[0ms     [Fsuperbatch [36m58[0m [[35m83.9[0m% ([36m640[0m/[36m763[0m batches, [36m6764431[0m pos/sec)]
Estimated time to end of superbatch: [36m2.4[0ms     [Fsuperbatch [36m58[0m | time [36m14.7[0ms | running loss [36m0.011258[0m | [36m6798726[0m pos/sec | total time [36m834.9[0ms
Estimated time remaining in training: [36m1[0mh [36m0[0mm [36m27[0ms
LR dropped to [36m0.00080986775[0m
superbatch [36m59[0m [[35m0.0[0m% ([36m0[0m/[36m763[0m batches, [36m7066726[0m pos/sec)]
Estimated time to end of superbatch: [36minf[0ms     [Fsuperbatch [36m59[0m [[35m16.8[0m% ([36m128[0m/[36m763[0m batches, [36m7073570[0m pos/sec)]
Estimated time to end of superbatch: [36m11.9[0ms     [Fsuperbatch [36m59[0m [[35m33.6[0m% ([36m256[0m/[36m763[0m batches, [36m6919890[0m pos/sec)]
Estimated time to end of superbatch: [36m9.6[0ms     [Fsuperbatch [36m59[0m [[35m50.3[0m% ([36m384[0m/[36m763[0m batches, [36m6935951[0m pos/sec)]
Estimated time to end of superbatch: [36m7.2[0ms     [Fsuperbatch [36m59[0m [[35m67.1[0m% ([36m512[0m/[36m763[0m batches, [36m6967260[0m pos/sec)]
Estimated time to end of superbatch: [36m4.7[0ms     [Fsuperbatch [36m59[0m [[35m83.9[0m% ([36m640[0m/[36m763[0m batches, [36m6883037[0m pos/sec)]
Estimated time to end of superbatch: [36m2.3[0ms     [Fsuperbatch [36m59[0m | time [36m14.5[0ms | running loss [36m0.011076[0m | [36m6890861[0m pos/sec | total time [36m849.4[0ms
Estimated time remaining in training: [36m1[0mh [36m0[0mm [36m13[0ms
LR dropped to [36m0.0008066452[0m
superbatch [36m60[0m [[35m0.0[0m% ([36m0[0m/[36m763[0m batches, [36m7067275[0m pos/sec)]
Estimated time to end of superbatch: [36minf[0ms     [Fsuperbatch [36m60[0m [[35m16.8[0m% ([36m128[0m/[36m763[0m batches, [36m6904232[0m pos/sec)]
Estimated time to end of superbatch: [36m12.1[0ms     [Fsuperbatch [36m60[0m [[35m33.6[0m% ([36m256[0m/[36m763[0m batches, [36m6833340[0m pos/sec)]
Estimated time to end of superbatch: [36m9.8[0ms     [Fsuperbatch [36m60[0m [[35m50.3[0m% ([36m384[0m/[36m763[0m batches, [36m6829384[0m pos/sec)]
Estimated time to end of superbatch: [36m7.3[0ms     [Fsuperbatch [36m60[0m [[35m67.1[0m% ([36m512[0m/[36m763[0m batches, [36m6835218[0m pos/sec)]
Estimated time to end of superbatch: [36m4.8[0ms     [Fsuperbatch [36m60[0m [[35m83.9[0m% ([36m640[0m/[36m763[0m batches, [36m6829568[0m pos/sec)]
Estimated time to end of superbatch: [36m2.4[0ms     [Fsuperbatch [36m60[0m | time [36m14.6[0ms | running loss [36m0.011287[0m | [36m6835951[0m pos/sec | total time [36m864.0[0ms
Estimated time remaining in training: [36m1[0mh [36m0[0mm [36m0[0ms
Saved [anna-v3b-s1-60]
LR dropped to [36m0.00080342265[0m
superbatch [36m61[0m [[35m0.0[0m% ([36m0[0m/[36m763[0m batches, [36m6833768[0m pos/sec)]
Estimated time to end of superbatch: [36minf[0ms     [Fsuperbatch [36m61[0m [[35m16.8[0m% ([36m128[0m/[36m763[0m batches, [36m6844350[0m pos/sec)]
Estimated time to end of superbatch: [36m12.3[0ms     [Fsuperbatch [36m61[0m [[35m33.6[0m% ([36m256[0m/[36m763[0m batches, [36m6892134[0m pos/sec)]
Estimated time to end of superbatch: [36m9.7[0ms     [Fsuperbatch [36m61[0m [[35m50.3[0m% ([36m384[0m/[36m763[0m batches, [36m6878296[0m pos/sec)]
Estimated time to end of superbatch: [36m7.2[0ms     [Fsuperbatch [36m61[0m [[35m67.1[0m% ([36m512[0m/[36m763[0m batches, [36m6845367[0m pos/sec)]
Estimated time to end of superbatch: [36m4.8[0ms     [Fsuperbatch [36m61[0m [[35m83.9[0m% ([36m640[0m/[36m763[0m batches, [36m6739132[0m pos/sec)]
Estimated time to end of superbatch: [36m2.4[0ms     [Fsuperbatch [36m61[0m | time [36m14.8[0ms | running loss [36m0.011107[0m | [36m6741112[0m pos/sec | total time [36m882.0[0ms
Estimated time remaining in training: [36m1[0mh [36m0[0mm [36m0[0ms
LR dropped to [36m0.00080020004[0m
superbatch [36m62[0m [[35m0.0[0m% ([36m0[0m/[36m763[0m batches, [36m7095928[0m pos/sec)]
Estimated time to end of superbatch: [36minf[0ms     [Fsuperbatch [36m62[0m [[35m16.8[0m% ([36m128[0m/[36m763[0m batches, [36m6898989[0m pos/sec)]
Estimated time to end of superbatch: [36m12.2[0ms     [Fsuperbatch [36m62[0m [[35m33.6[0m% ([36m256[0m/[36m763[0m batches, [36m6865065[0m pos/sec)]
Estimated time to end of superbatch: [36m9.7[0ms     [Fsuperbatch [36m62[0m [[35m50.3[0m% ([36m384[0m/[36m763[0m batches, [36m6926568[0m pos/sec)]
Estimated time to end of superbatch: [36m7.2[0ms     [Fsuperbatch [36m62[0m [[35m67.1[0m% ([36m512[0m/[36m763[0m batches, [36m6959345[0m pos/sec)]
Estimated time to end of superbatch: [36m4.7[0ms     [Fsuperbatch [36m62[0m [[35m83.9[0m% ([36m640[0m/[36m763[0m batches, [36m6937646[0m pos/sec)]
Estimated time to end of superbatch: [36m2.3[0ms     [Fsuperbatch [36m62[0m | time [36m14.4[0ms | running loss [36m0.011302[0m | [36m6930670[0m pos/sec | total time [36m896.5[0ms
Estimated time remaining in training: [36m0[0mh [36m59[0mm [36m45[0ms
LR dropped to [36m0.00079697743[0m
superbatch [36m63[0m [[35m0.0[0m% ([36m0[0m/[36m763[0m batches, [36m7048303[0m pos/sec)]
Estimated time to end of superbatch: [36minf[0ms     [Fsuperbatch [36m63[0m [[35m16.8[0m% ([36m128[0m/[36m763[0m batches, [36m7052490[0m pos/sec)]
Estimated time to end of superbatch: [36m11.9[0ms     [Fsuperbatch [36m63[0m [[35m33.6[0m% ([36m256[0m/[36m763[0m batches, [36m7059296[0m pos/sec)]
Estimated time to end of superbatch: [36m9.5[0ms     [Fsuperbatch [36m63[0m [[35m50.3[0m% ([36m384[0m/[36m763[0m batches, [36m7045332[0m pos/sec)]
Estimated time to end of superbatch: [36m7.1[0ms     [Fsuperbatch [36m63[0m [[35m67.1[0m% ([36m512[0m/[36m763[0m batches, [36m6942636[0m pos/sec)]
Estimated time to end of superbatch: [36m4.7[0ms     [Fsuperbatch [36m63[0m [[35m83.9[0m% ([36m640[0m/[36m763[0m batches, [36m6911508[0m pos/sec)]
Estimated time to end of superbatch: [36m2.3[0ms     [Fsuperbatch [36m63[0m | time [36m14.5[0ms | running loss [36m0.011142[0m | [36m6898648[0m pos/sec | total time [36m911.0[0ms
Estimated time remaining in training: [36m0[0mh [36m59[0mm [36m31[0ms
LR dropped to [36m0.0007937549[0m
superbatch [36m64[0m [[35m0.0[0m% ([36m0[0m/[36m763[0m batches, [36m7048042[0m pos/sec)]
Estimated time to end of superbatch: [36minf[0ms     [Fsuperbatch [36m64[0m [[35m16.8[0m% ([36m128[0m/[36m763[0m batches, [36m6726196[0m pos/sec)]
Estimated time to end of superbatch: [36m12.5[0ms     [Fsuperbatch [36m64[0m [[35m33.6[0m% ([36m256[0m/[36m763[0m batches, [36m6731712[0m pos/sec)]
Estimated time to end of superbatch: [36m9.9[0ms     [Fsuperbatch [36m64[0m [[35m50.3[0m% ([36m384[0m/[36m763[0m batches, [36m6755186[0m pos/sec)]
Estimated time to end of superbatch: [36m7.4[0ms     [Fsuperbatch [36m64[0m [[35m67.1[0m% ([36m512[0m/[36m763[0m batches, [36m6751680[0m pos/sec)]
Estimated time to end of superbatch: [36m4.9[0ms     [Fsuperbatch [36m64[0m [[35m83.9[0m% ([36m640[0m/[36m763[0m batches, [36m6774694[0m pos/sec)]
Estimated time to end of superbatch: [36m2.4[0ms     [Fsuperbatch [36m64[0m | time [36m14.8[0ms | running loss [36m0.011355[0m | [36m6757901[0m pos/sec | total time [36m925.8[0ms
Estimated time remaining in training: [36m0[0mh [36m59[0mm [36m18[0ms
LR dropped to [36m0.00079053233[0m
superbatch [36m65[0m [[35m0.0[0m% ([36m0[0m/[36m763[0m batches, [36m1973141[0m pos/sec)]
Estimated time to end of superbatch: [36minf[0ms     [Fsuperbatch [36m65[0m [[35m16.8[0m% ([36m128[0m/[36m763[0m batches, [36m6184942[0m pos/sec)]
Estimated time to end of superbatch: [36m13.6[0ms     [Fsuperbatch [36m65[0m [[35m33.6[0m% ([36m256[0m/[36m763[0m batches, [36m6517392[0m pos/sec)]
Estimated time to end of superbatch: [36m10.2[0ms     [Fsuperbatch [36m65[0m [[35m50.3[0m% ([36m384[0m/[36m763[0m batches, [36m6611606[0m pos/sec)]
Estimated time to end of superbatch: [36m7.5[0ms     [Fsuperbatch [36m65[0m [[35m67.1[0m% ([36m512[0m/[36m763[0m batches, [36m6609604[0m pos/sec)]
Estimated time to end of superbatch: [36m5.0[0ms     [Fsuperbatch [36m65[0m [[35m83.9[0m% ([36m640[0m/[36m763[0m batches, [36m6651778[0m pos/sec)]
Estimated time to end of superbatch: [36m2.4[0ms     [Fsuperbatch [36m65[0m | time [36m15.0[0ms | running loss [36m0.011220[0m | [36m6670356[0m pos/sec | total time [36m940.8[0ms
Estimated time remaining in training: [36m0[0mh [36m59[0mm [36m5[0ms
LR dropped to [36m0.0007873097[0m
superbatch [36m66[0m [[35m0.0[0m% ([36m0[0m/[36m763[0m batches, [36m7046550[0m pos/sec)]
Estimated time to end of superbatch: [36minf[0ms     [Fsuperbatch [36m66[0m [[35m16.8[0m% ([36m128[0m/[36m763[0m batches, [36m6950628[0m pos/sec)]
Estimated time to end of superbatch: [36m12.1[0ms     [Fsuperbatch [36m66[0m [[35m33.6[0m% ([36m256[0m/[36m763[0m batches, [36m6988469[0m pos/sec)]
Estimated time to end of superbatch: [36m9.5[0ms     [Fsuperbatch [36m66[0m [[35m50.3[0m% ([36m384[0m/[36m763[0m batches, [36m6946182[0m pos/sec)]
Estimated time to end of superbatch: [36m7.2[0ms     [Fsuperbatch [36m66[0m [[35m67.1[0m% ([36m512[0m/[36m763[0m batches, [36m6969986[0m pos/sec)]
Estimated time to end of superbatch: [36m4.7[0ms     [Fsuperbatch [36m66[0m [[35m83.9[0m% ([36m640[0m/[36m763[0m batches, [36m6982579[0m pos/sec)]
Estimated time to end of superbatch: [36m2.3[0ms     [Fsuperbatch [36m66[0m | time [36m14.4[0ms | running loss [36m0.011368[0m | [36m6927910[0m pos/sec | total time [36m955.2[0ms
Estimated time remaining in training: [36m0[0mh [36m58[0mm [36m51[0ms
LR dropped to [36m0.0007840871[0m
superbatch [36m67[0m [[35m0.0[0m% ([36m0[0m/[36m763[0m batches, [36m7024556[0m pos/sec)]
Estimated time to end of superbatch: [36minf[0ms     [Fsuperbatch [36m67[0m [[35m16.8[0m% ([36m128[0m/[36m763[0m batches, [36m7028014[0m pos/sec)]
Estimated time to end of superbatch: [36m11.9[0ms     [Fsuperbatch [36m67[0m [[35m33.6[0m% ([36m256[0m/[36m763[0m batches, [36m6937648[0m pos/sec)]
Estimated time to end of superbatch: [36m9.6[0ms     [Fsuperbatch [36m67[0m [[35m50.3[0m% ([36m384[0m/[36m763[0m batches, [36m6940178[0m pos/sec)]
Estimated time to end of superbatch: [36m7.2[0ms     [Fsuperbatch [36m67[0m [[35m67.1[0m% ([36m512[0m/[36m763[0m batches, [36m6902174[0m pos/sec)]
Estimated time to end of superbatch: [36m4.8[0ms     [Fsuperbatch [36m67[0m [[35m83.9[0m% ([36m640[0m/[36m763[0m batches, [36m6860710[0m pos/sec)]
Estimated time to end of superbatch: [36m2.4[0ms     [Fsuperbatch [36m67[0m | time [36m14.6[0ms | running loss [36m0.011240[0m | [36m6852275[0m pos/sec | total time [36m969.8[0ms
Estimated time remaining in training: [36m0[0mh [36m58[0mm [36m37[0ms
LR dropped to [36m0.00078086456[0m
superbatch [36m68[0m [[35m0.0[0m% ([36m0[0m/[36m763[0m batches, [36m7048442[0m pos/sec)]
Estimated time to end of superbatch: [36minf[0ms     [Fsuperbatch [36m68[0m [[35m16.8[0m% ([36m128[0m/[36m763[0m batches, [36m6704284[0m pos/sec)]
Estimated time to end of superbatch: [36m12.5[0ms     [Fsuperbatch [36m68[0m [[35m33.6[0m% ([36m256[0m/[36m763[0m batches, [36m6687816[0m pos/sec)]
Estimated time to end of superbatch: [36m10.0[0ms     [Fsuperbatch [36m68[0m [[35m50.3[0m% ([36m384[0m/[36m763[0m batches, [36m6714684[0m pos/sec)]
Estimated time to end of superbatch: [36m7.4[0ms     [Fsuperbatch [36m68[0m [[35m67.1[0m% ([36m512[0m/[36m763[0m batches, [36m6759940[0m pos/sec)]
Estimated time to end of superbatch: [36m4.9[0ms     [Fsuperbatch [36m68[0m [[35m83.9[0m% ([36m640[0m/[36m763[0m batches, [36m6741968[0m pos/sec)]
Estimated time to end of superbatch: [36m2.4[0ms     [Fsuperbatch [36m68[0m | time [36m14.8[0ms | running loss [36m0.011399[0m | [36m6747520[0m pos/sec | total time [36m984.6[0ms
Estimated time remaining in training: [36m0[0mh [36m58[0mm [36m24[0ms
LR dropped to [36m0.000777642[0m
superbatch [36m69[0m [[35m0.0[0m% ([36m0[0m/[36m763[0m batches, [36m7034747[0m pos/sec)]
Estimated time to end of superbatch: [36minf[0ms     [Fsuperbatch [36m69[0m [[35m16.8[0m% ([36m128[0m/[36m763[0m batches, [36m6722213[0m pos/sec)]
Estimated time to end of superbatch: [36m12.5[0ms     [Fsuperbatch [36m69[0m [[35m33.6[0m% ([36m256[0m/[36m763[0m batches, [36m6753056[0m pos/sec)]
Estimated time to end of superbatch: [36m9.9[0ms     [Fsuperbatch [36m69[0m [[35m50.3[0m% ([36m384[0m/[36m763[0m batches, [36m6792176[0m pos/sec)]
Estimated time to end of superbatch: [36m7.3[0ms     [Fsuperbatch [36m69[0m [[35m67.1[0m% ([36m512[0m/[36m763[0m batches, [36m6841316[0m pos/sec)]
Estimated time to end of superbatch: [36m4.8[0ms     [Fsuperbatch [36m69[0m [[35m83.9[0m% ([36m640[0m/[36m763[0m batches, [36m6876768[0m pos/sec)]
Estimated time to end of superbatch: [36m2.3[0ms     [Fsuperbatch [36m69[0m | time [36m14.5[0ms | running loss [36m0.011306[0m | [36m6901862[0m pos/sec | total time [36m999.1[0ms
Estimated time remaining in training: [36m0[0mh [36m58[0mm [36m9[0ms
LR dropped to [36m0.0007744194[0m
superbatch [36m70[0m [[35m0.0[0m% ([36m0[0m/[36m763[0m batches, [36m7040415[0m pos/sec)]
Estimated time to end of superbatch: [36minf[0ms     [Fsuperbatch [36m70[0m [[35m16.8[0m% ([36m128[0m/[36m763[0m batches, [36m6966766[0m pos/sec)]
Estimated time to end of superbatch: [36m12.0[0ms     [Fsuperbatch [36m70[0m [[35m33.6[0m% ([36m256[0m/[36m763[0m batches, [36m6940693[0m pos/sec)]
Estimated time to end of superbatch: [36m9.6[0ms     [Fsuperbatch [36m70[0m [[35m50.3[0m% ([36m384[0m/[36m763[0m batches, [36m6884007[0m pos/sec)]
Estimated time to end of superbatch: [36m7.2[0ms     [Fsuperbatch [36m70[0m [[35m67.1[0m% ([36m512[0m/[36m763[0m batches, [36m6921108[0m pos/sec)]
Estimated time to end of superbatch: [36m4.8[0ms     [Fsuperbatch [36m70[0m [[35m83.9[0m% ([36m640[0m/[36m763[0m batches, [36m6943125[0m pos/sec)]
Estimated time to end of superbatch: [36m2.3[0ms     [Fsuperbatch [36m70[0m | time [36m14.4[0ms | running loss [36m0.011435[0m | [36m6952880[0m pos/sec | total time [36m1013.5[0ms
Estimated time remaining in training: [36m0[0mh [36m57[0mm [36m54[0ms
LR dropped to [36m0.0007711968[0m
superbatch [36m71[0m [[35m0.0[0m% ([36m0[0m/[36m763[0m batches, [36m7018464[0m pos/sec)]
Estimated time to end of superbatch: [36minf[0ms     [Fsuperbatch [36m71[0m [[35m16.8[0m% ([36m128[0m/[36m763[0m batches, [36m6843408[0m pos/sec)]
Estimated time to end of superbatch: [36m12.3[0ms     [Fsuperbatch [36m71[0m [[35m33.6[0m% ([36m256[0m/[36m763[0m batches, [36m6744988[0m pos/sec)]
Estimated time to end of superbatch: [36m9.9[0ms     [Fsuperbatch [36m71[0m [[35m50.3[0m% ([36m384[0m/[36m763[0m batches, [36m6807190[0m pos/sec)]
Estimated time to end of superbatch: [36m7.3[0ms     [Fsuperbatch [36m71[0m [[35m67.1[0m% ([36m512[0m/[36m763[0m batches, [36m6838269[0m pos/sec)]
Estimated time to end of superbatch: [36m4.8[0ms     [Fsuperbatch [36m71[0m [[35m83.9[0m% ([36m640[0m/[36m763[0m batches, [36m6825788[0m pos/sec)]
Estimated time to end of superbatch: [36m2.4[0ms     [Fsuperbatch [36m71[0m | time [36m14.6[0ms | running loss [36m0.011336[0m | [36m6827090[0m pos/sec | total time [36m1028.1[0ms
Estimated time remaining in training: [36m0[0mh [36m57[0mm [36m40[0ms
LR dropped to [36m0.00076797424[0m
superbatch [36m72[0m [[35m0.0[0m% ([36m0[0m/[36m763[0m batches, [36m7026210[0m pos/sec)]
Estimated time to end of superbatch: [36minf[0ms     [Fsuperbatch [36m72[0m [[35m16.8[0m% ([36m128[0m/[36m763[0m batches, [36m6797061[0m pos/sec)]
Estimated time to end of superbatch: [36m12.3[0ms     [Fsuperbatch [36m72[0m [[35m33.6[0m% ([36m256[0m/[36m763[0m batches, [36m6799313[0m pos/sec)]
Estimated time to end of superbatch: [36m9.8[0ms     [Fsuperbatch [36m72[0m [[35m50.3[0m% ([36m384[0m/[36m763[0m batches, [36m6870654[0m pos/sec)]
Estimated time to end of superbatch: [36m7.2[0ms     [Fsuperbatch [36m72[0m [[35m67.1[0m% ([36m512[0m/[36m763[0m batches, [36m6859220[0m pos/sec)]
Estimated time to end of superbatch: [36m4.8[0ms     [Fsuperbatch [36m72[0m [[35m83.9[0m% ([36m640[0m/[36m763[0m batches, [36m6855437[0m pos/sec)]
Estimated time to end of superbatch: [36m2.4[0ms     [Fsuperbatch [36m72[0m | time [36m14.6[0ms | running loss [36m0.011455[0m | [36m6848316[0m pos/sec | total time [36m1042.7[0ms
Estimated time remaining in training: [36m0[0mh [36m57[0mm [36m26[0ms
LR dropped to [36m0.00076475163[0m
superbatch [36m73[0m [[35m0.0[0m% ([36m0[0m/[36m763[0m batches, [36m7006648[0m pos/sec)]
Estimated time to end of superbatch: [36minf[0ms     [Fsuperbatch [36m73[0m [[35m16.8[0m% ([36m128[0m/[36m763[0m batches, [36m6798206[0m pos/sec)]
Estimated time to end of superbatch: [36m12.3[0ms     [Fsuperbatch [36m73[0m [[35m33.6[0m% ([36m256[0m/[36m763[0m batches, [36m6839654[0m pos/sec)]
Estimated time to end of superbatch: [36m9.8[0ms     [Fsuperbatch [36m73[0m [[35m50.3[0m% ([36m384[0m/[36m763[0m batches, [36m6745879[0m pos/sec)]
Estimated time to end of superbatch: [36m7.4[0ms     [Fsuperbatch [36m73[0m [[35m67.1[0m% ([36m512[0m/[36m763[0m batches, [36m6648600[0m pos/sec)]
Estimated time to end of superbatch: [36m5.0[0ms     [Fsuperbatch [36m73[0m [[35m83.9[0m% ([36m640[0m/[36m763[0m batches, [36m6696172[0m pos/sec)]
Estimated time to end of superbatch: [36m2.4[0ms     [Fsuperbatch [36m73[0m | time [36m14.8[0ms | running loss [36m0.011411[0m | [36m6743330[0m pos/sec | total time [36m1057.6[0ms
Estimated time remaining in training: [36m0[0mh [36m57[0mm [36m13[0ms
LR dropped to [36m0.0007615291[0m
superbatch [36m74[0m [[35m0.0[0m% ([36m0[0m/[36m763[0m batches, [36m6988590[0m pos/sec)]
Estimated time to end of superbatch: [36minf[0ms     [Fsuperbatch [36m74[0m [[35m16.8[0m% ([36m128[0m/[36m763[0m batches, [36m6941312[0m pos/sec)]
Estimated time to end of superbatch: [36m12.1[0ms     [Fsuperbatch [36m74[0m [[35m33.6[0m% ([36m256[0m/[36m763[0m batches, [36m6914946[0m pos/sec)]
Estimated time to end of superbatch: [36m9.6[0ms     [Fsuperbatch [36m74[0m [[35m50.3[0m% ([36m384[0m/[36m763[0m batches, [36m6897070[0m pos/sec)]
Estimated time to end of superbatch: [36m7.2[0ms     [Fsuperbatch [36m74[0m [[35m67.1[0m% ([36m512[0m/[36m763[0m batches, [36m6915775[0m pos/sec)]
Estimated time to end of superbatch: [36m4.8[0ms     [Fsuperbatch [36m74[0m [[35m83.9[0m% ([36m640[0m/[36m763[0m batches, [36m6932098[0m pos/sec)]
Estimated time to end of superbatch: [36m2.3[0ms     [Fsuperbatch [36m74[0m | time [36m14.6[0ms | running loss [36m0.011510[0m | [36m6839980[0m pos/sec | total time [36m1072.2[0ms
Estimated time remaining in training: [36m0[0mh [36m56[0mm [36m59[0ms
LR dropped to [36m0.0007583065[0m
superbatch [36m75[0m [[35m0.0[0m% ([36m0[0m/[36m763[0m batches, [36m6968301[0m pos/sec)]
Estimated time to end of superbatch: [36minf[0ms     [Fsuperbatch [36m75[0m [[35m16.8[0m% ([36m128[0m/[36m763[0m batches, [36m6730246[0m pos/sec)]
Estimated time to end of superbatch: [36m12.5[0ms     [Fsuperbatch [36m75[0m [[35m33.6[0m% ([36m256[0m/[36m763[0m batches, [36m6816375[0m pos/sec)]
Estimated time to end of superbatch: [36m9.8[0ms     [Fsuperbatch [36m75[0m [[35m50.3[0m% ([36m384[0m/[36m763[0m batches, [36m6807246[0m pos/sec)]
Estimated time to end of superbatch: [36m7.3[0ms     [Fsuperbatch [36m75[0m [[35m67.1[0m% ([36m512[0m/[36m763[0m batches, [36m6775378[0m pos/sec)]
Estimated time to end of superbatch: [36m4.9[0ms     [Fsuperbatch [36m75[0m [[35m83.9[0m% ([36m640[0m/[36m763[0m batches, [36m6496390[0m pos/sec)]
Estimated time to end of superbatch: [36m2.5[0ms     [Fsuperbatch [36m75[0m | time [36m15.4[0ms | running loss [36m0.011474[0m | [36m6492936[0m pos/sec | total time [36m1087.6[0ms
Estimated time remaining in training: [36m0[0mh [36m56[0mm [36m47[0ms
LR dropped to [36m0.00075508386[0m
superbatch [36m76[0m [[35m0.0[0m% ([36m0[0m/[36m763[0m batches, [36m6985715[0m pos/sec)]
Estimated time to end of superbatch: [36minf[0ms     [Fsuperbatch [36m76[0m [[35m16.8[0m% ([36m128[0m/[36m763[0m batches, [36m6836218[0m pos/sec)]
Estimated time to end of superbatch: [36m12.3[0ms     [Fsuperbatch [36m76[0m [[35m33.6[0m% ([36m256[0m/[36m763[0m batches, [36m6780595[0m pos/sec)]
Estimated time to end of superbatch: [36m9.8[0ms     [Fsuperbatch [36m76[0m [[35m50.3[0m% ([36m384[0m/[36m763[0m batches, [36m6787076[0m pos/sec)]
Estimated time to end of superbatch: [36m7.3[0ms     [Fsuperbatch [36m76[0m [[35m67.1[0m% ([36m512[0m/[36m763[0m batches, [36m6765504[0m pos/sec)]
Estimated time to end of superbatch: [36m4.9[0ms     [Fsuperbatch [36m76[0m [[35m83.9[0m% ([36m640[0m/[36m763[0m batches, [36m6718267[0m pos/sec)]
Estimated time to end of superbatch: [36m2.4[0ms     [Fsuperbatch [36m76[0m | time [36m14.8[0ms | running loss [36m0.011523[0m | [36m6755273[0m pos/sec | total time [36m1102.4[0ms
Estimated time remaining in training: [36m0[0mh [36m56[0mm [36m34[0ms
LR dropped to [36m0.0007518613[0m
superbatch [36m77[0m [[35m0.0[0m% ([36m0[0m/[36m763[0m batches, [36m6967726[0m pos/sec)]
Estimated time to end of superbatch: [36minf[0ms     [Fsuperbatch [36m77[0m [[35m16.8[0m% ([36m128[0m/[36m763[0m batches, [36m6967186[0m pos/sec)]
Estimated time to end of superbatch: [36m12.0[0ms     [Fsuperbatch [36m77[0m [[35m33.6[0m% ([36m256[0m/[36m763[0m batches, [36m6891314[0m pos/sec)]
Estimated time to end of superbatch: [36m9.7[0ms     [Fsuperbatch [36m77[0m [[35m50.3[0m% ([36m384[0m/[36m763[0m batches, [36m6885442[0m pos/sec)]
Estimated time to end of superbatch: [36m7.2[0ms     [Fsuperbatch [36m77[0m [[35m67.1[0m% ([36m512[0m/[36m763[0m batches, [36m6901591[0m pos/sec)]
Estimated time to end of superbatch: [36m4.8[0ms     [Fsuperbatch [36m77[0m [[35m83.9[0m% ([36m640[0m/[36m763[0m batches, [36m6914754[0m pos/sec)]
Estimated time to end of superbatch: [36m2.3[0ms     [Fsuperbatch [36m77[0m | time [36m14.4[0ms | running loss [36m0.011489[0m | [36m6925765[0m pos/sec | total time [36m1116.8[0ms
Estimated time remaining in training: [36m0[0mh [36m56[0mm [36m19[0ms
LR dropped to [36m0.00074863876[0m
superbatch [36m78[0m [[35m0.0[0m% ([36m0[0m/[36m763[0m batches, [36m6984676[0m pos/sec)]
Estimated time to end of superbatch: [36minf[0ms     [Fsuperbatch [36m78[0m [[35m16.8[0m% ([36m128[0m/[36m763[0m batches, [36m6838366[0m pos/sec)]
Estimated time to end of superbatch: [36m12.3[0ms     [Fsuperbatch [36m78[0m [[35m33.6[0m% ([36m256[0m/[36m763[0m batches, [36m6817946[0m pos/sec)]
Estimated time to end of superbatch: [36m9.8[0ms     [Fsuperbatch [36m78[0m [[35m50.3[0m% ([36m384[0m/[36m763[0m batches, [36m6844014[0m pos/sec)]
Estimated time to end of superbatch: [36m7.3[0ms     [Fsuperbatch [36m78[0m [[35m67.1[0m% ([36m512[0m/[36m763[0m batches, [36m6825244[0m pos/sec)]
Estimated time to end of superbatch: [36m4.8[0ms     [Fsuperbatch [36m78[0m [[35m83.9[0m% ([36m640[0m/[36m763[0m batches, [36m6827968[0m pos/sec)]
Estimated time to end of superbatch: [36m2.4[0ms     [Fsuperbatch [36m78[0m | time [36m14.6[0ms | running loss [36m0.011554[0m | [36m6835449[0m pos/sec | total time [36m1131.5[0ms
Estimated time remaining in training: [36m0[0mh [36m56[0mm [36m5[0ms
LR dropped to [36m0.00074541615[0m
superbatch [36m79[0m [[35m0.0[0m% ([36m0[0m/[36m763[0m batches, [36m6946534[0m pos/sec)]
Estimated time to end of superbatch: [36minf[0ms     [Fsuperbatch [36m79[0m [[35m16.8[0m% ([36m128[0m/[36m763[0m batches, [36m6630496[0m pos/sec)]
Estimated time to end of superbatch: [36m12.7[0ms     [Fsuperbatch [36m79[0m [[35m33.6[0m% ([36m256[0m/[36m763[0m batches, [36m6703476[0m pos/sec)]
Estimated time to end of superbatch: [36m10.0[0ms     [Fsuperbatch [36m79[0m [[35m50.3[0m% ([36m384[0m/[36m763[0m batches, [36m6712132[0m pos/sec)]
Estimated time to end of superbatch: [36m7.4[0ms     [Fsuperbatch [36m79[0m [[35m67.1[0m% ([36m512[0m/[36m763[0m batches, [36m6695175[0m pos/sec)]
Estimated time to end of superbatch: [36m4.9[0ms     [Fsuperbatch [36m79[0m [[35m83.9[0m% ([36m640[0m/[36m763[0m batches, [36m6613527[0m pos/sec)]
Estimated time to end of superbatch: [36m2.4[0ms     [Fsuperbatch [36m79[0m | time [36m15.1[0ms | running loss [36m0.011531[0m | [36m6622603[0m pos/sec | total time [36m1146.6[0ms
Estimated time remaining in training: [36m0[0mh [36m55[0mm [36m52[0ms
LR dropped to [36m0.0007421936[0m
superbatch [36m80[0m [[35m0.0[0m% ([36m0[0m/[36m763[0m batches, [36m6969717[0m pos/sec)]
Estimated time to end of superbatch: [36minf[0ms     [Fsuperbatch [36m80[0m [[35m16.8[0m% ([36m128[0m/[36m763[0m batches, [36m6644276[0m pos/sec)]
Estimated time to end of superbatch: [36m12.6[0ms     [Fsuperbatch [36m80[0m [[35m33.6[0m% ([36m256[0m/[36m763[0m batches, [36m6696320[0m pos/sec)]
Estimated time to end of superbatch: [36m10.0[0ms     [Fsuperbatch [36m80[0m [[35m50.3[0m% ([36m384[0m/[36m763[0m batches, [36m6655287[0m pos/sec)]
Estimated time to end of superbatch: [36m7.5[0ms     [Fsuperbatch [36m80[0m [[35m67.1[0m% ([36m512[0m/[36m763[0m batches, [36m6675948[0m pos/sec)]
Estimated time to end of superbatch: [36m4.9[0ms     [Fsuperbatch [36m80[0m [[35m83.9[0m% ([36m640[0m/[36m763[0m batches, [36m6735370[0m pos/sec)]
Estimated time to end of superbatch: [36m2.4[0ms     [Fsuperbatch [36m80[0m | time [36m14.8[0ms | running loss [36m0.011561[0m | [36m6741925[0m pos/sec | total time [36m1161.4[0ms
Estimated time remaining in training: [36m0[0mh [36m55[0mm [36m39[0ms
Saved [anna-v3b-s1-80]
LR dropped to [36m0.00073897105[0m
superbatch [36m81[0m [[35m0.0[0m% ([36m0[0m/[36m763[0m batches, [36m6489918[0m pos/sec)]
Estimated time to end of superbatch: [36minf[0ms     [Fsuperbatch [36m81[0m [[35m16.8[0m% ([36m128[0m/[36m763[0m batches, [36m6874784[0m pos/sec)]
Estimated time to end of superbatch: [36m12.2[0ms     [Fsuperbatch [36m81[0m [[35m33.6[0m% ([36m256[0m/[36m763[0m batches, [36m6834812[0m pos/sec)]
Estimated time to end of superbatch: [36m9.8[0ms     [Fsuperbatch [36m81[0m [[35m50.3[0m% ([36m384[0m/[36m763[0m batches, [36m6825640[0m pos/sec)]
Estimated time to end of superbatch: [36m7.3[0ms     [Fsuperbatch [36m81[0m [[35m67.1[0m% ([36m512[0m/[36m763[0m batches, [36m6788711[0m pos/sec)]
Estimated time to end of superbatch: [36m4.9[0ms     [Fsuperbatch [36m81[0m [[35m83.9[0m% ([36m640[0m/[36m763[0m batches, [36m6698556[0m pos/sec)]
Estimated time to end of superbatch: [36m2.4[0ms     [Fsuperbatch [36m81[0m | time [36m15.0[0ms | running loss [36m0.011595[0m | [36m6681028[0m pos/sec | total time [36m1179.7[0ms
Estimated time remaining in training: [36m0[0mh [36m55[0mm [36m35[0ms
LR dropped to [36m0.00073574844[0m
superbatch [36m82[0m [[35m0.0[0m% ([36m0[0m/[36m763[0m batches, [36m6869614[0m pos/sec)]
Estimated time to end of superbatch: [36minf[0ms     [Fsuperbatch [36m82[0m [[35m16.8[0m% ([36m128[0m/[36m763[0m batches, [36m6590342[0m pos/sec)]
Estimated time to end of superbatch: [36m12.7[0ms     [Fsuperbatch [36m82[0m [[35m33.6[0m% ([36m256[0m/[36m763[0m batches, [36m6663405[0m pos/sec)]
Estimated time to end of superbatch: [36m10.0[0ms     [Fsuperbatch [36m82[0m [[35m50.3[0m% ([36m384[0m/[36m763[0m batches, [36m6626960[0m pos/sec)]
Estimated time to end of superbatch: [36m7.5[0ms     [Fsuperbatch [36m82[0m [[35m67.1[0m% ([36m512[0m/[36m763[0m batches, [36m6638960[0m pos/sec)]
Estimated time to end of superbatch: [36m5.0[0ms     [Fsuperbatch [36m82[0m [[35m83.9[0m% ([36m640[0m/[36m763[0m batches, [36m6662032[0m pos/sec)]
Estimated time to end of superbatch: [36m2.4[0ms     [Fsuperbatch [36m82[0m | time [36m14.9[0ms | running loss [36m0.011607[0m | [36m6693130[0m pos/sec | total time [36m1194.6[0ms
Estimated time remaining in training: [36m0[0mh [36m55[0mm [36m21[0ms
LR dropped to [36m0.00073252583[0m
superbatch [36m83[0m [[35m0.0[0m% ([36m0[0m/[36m763[0m batches, [36m6929443[0m pos/sec)]
Estimated time to end of superbatch: [36minf[0ms     [Fsuperbatch [36m83[0m [[35m16.8[0m% ([36m128[0m/[36m763[0m batches, [36m6679232[0m pos/sec)]
Estimated time to end of superbatch: [36m12.6[0ms     [Fsuperbatch [36m83[0m [[35m33.6[0m% ([36m256[0m/[36m763[0m batches, [36m6661867[0m pos/sec)]
Estimated time to end of superbatch: [36m10.0[0ms     [Fsuperbatch [36m83[0m [[35m50.3[0m% ([36m384[0m/[36m763[0m batches, [36m6687661[0m pos/sec)]
Estimated time to end of superbatch: [36m7.4[0ms     [Fsuperbatch [36m83[0m [[35m67.1[0m% ([36m512[0m/[36m763[0m batches, [36m6683238[0m pos/sec)]
Estimated time to end of superbatch: [36m4.9[0ms     [Fsuperbatch [36m83[0m [[35m83.9[0m% ([36m640[0m/[36m763[0m batches, [36m6713441[0m pos/sec)]
Estimated time to end of superbatch: [36m2.4[0ms     [Fsuperbatch [36m83[0m | time [36m14.9[0ms | running loss [36m0.011651[0m | [36m6694594[0m pos/sec | total time [36m1209.5[0ms
Estimated time remaining in training: [36m0[0mh [36m55[0mm [36m8[0ms
LR dropped to [36m0.0007293032[0m
superbatch [36m84[0m [[35m0.0[0m% ([36m0[0m/[36m763[0m batches, [36m6954696[0m pos/sec)]
Estimated time to end of superbatch: [36minf[0ms     [Fsuperbatch [36m84[0m [[35m16.8[0m% ([36m128[0m/[36m763[0m batches, [36m6959866[0m pos/sec)]
Estimated time to end of superbatch: [36m12.1[0ms     [Fsuperbatch [36m84[0m [[35m33.6[0m% ([36m256[0m/[36m763[0m batches, [36m6948684[0m pos/sec)]
Estimated time to end of superbatch: [36m9.6[0ms     [Fsuperbatch [36m84[0m [[35m50.3[0m% ([36m384[0m/[36m763[0m batches, [36m6852178[0m pos/sec)]
Estimated time to end of superbatch: [36m7.3[0ms     [Fsuperbatch [36m84[0m [[35m67.1[0m% ([36m512[0m/[36m763[0m batches, [36m6747974[0m pos/sec)]
Estimated time to end of superbatch: [36m4.9[0ms     [Fsuperbatch [36m84[0m [[35m83.9[0m% ([36m640[0m/[36m763[0m batches, [36m6754716[0m pos/sec)]
Estimated time to end of superbatch: [36m2.4[0ms     [Fsuperbatch [36m84[0m | time [36m14.8[0ms | running loss [36m0.011632[0m | [36m6747524[0m pos/sec | total time [36m1224.4[0ms
Estimated time remaining in training: [36m0[0mh [36m54[0mm [36m54[0ms
LR dropped to [36m0.0007260807[0m
superbatch [36m85[0m [[35m0.0[0m% ([36m0[0m/[36m763[0m batches, [36m6936962[0m pos/sec)]
Estimated time to end of superbatch: [36minf[0ms     [Fsuperbatch [36m85[0m [[35m16.8[0m% ([36m128[0m/[36m763[0m batches, [36m6788364[0m pos/sec)]
Estimated time to end of superbatch: [36m12.4[0ms     [Fsuperbatch [36m85[0m [[35m33.6[0m% ([36m256[0m/[36m763[0m batches, [36m6725344[0m pos/sec)]
Estimated time to end of superbatch: [36m9.9[0ms     [Fsuperbatch [36m85[0m [[35m50.3[0m% ([36m384[0m/[36m763[0m batches, [36m6727223[0m pos/sec)]
Estimated time to end of superbatch: [36m7.4[0ms     [Fsuperbatch [36m85[0m [[35m67.1[0m% ([36m512[0m/[36m763[0m batches, [36m6743191[0m pos/sec)]
Estimated time to end of superbatch: [36m4.9[0ms     [Fsuperbatch [36m85[0m [[35m83.9[0m% ([36m640[0m/[36m763[0m batches, [36m6731810[0m pos/sec)]
Estimated time to end of superbatch: [36m2.4[0ms     [Fsuperbatch [36m85[0m | time [36m15.1[0ms | running loss [36m0.011679[0m | [36m6624929[0m pos/sec | total time [36m1239.5[0ms
Estimated time remaining in training: [36m0[0mh [36m54[0mm [36m40[0ms
LR dropped to [36m0.0007228581[0m
superbatch [36m86[0m [[35m0.0[0m% ([36m0[0m/[36m763[0m batches, [36m6946046[0m pos/sec)]
Estimated time to end of superbatch: [36minf[0ms     [Fsuperbatch [36m86[0m [[35m16.8[0m% ([36m128[0m/[36m763[0m batches, [36m6822324[0m pos/sec)]
Estimated time to end of superbatch: [36m12.3[0ms     [Fsuperbatch [36m86[0m [[35m33.6[0m% ([36m256[0m/[36m763[0m batches, [36m6800918[0m pos/sec)]
Estimated time to end of superbatch: [36m9.8[0ms     [Fsuperbatch [36m86[0m [[35m50.3[0m% ([36m384[0m/[36m763[0m batches, [36m6754614[0m pos/sec)]
Estimated time to end of superbatch: [36m7.4[0ms     [Fsuperbatch [36m86[0m [[35m67.1[0m% ([36m512[0m/[36m763[0m batches, [36m6716260[0m pos/sec)]
Estimated time to end of superbatch: [36m4.9[0ms     [Fsuperbatch [36m86[0m [[35m83.9[0m% ([36m640[0m/[36m763[0m batches, [36m6745716[0m pos/sec)]
Estimated time to end of superbatch: [36m2.4[0ms     [Fsuperbatch [36m86[0m | time [36m14.8[0ms | running loss [36m0.011669[0m | [36m6775825[0m pos/sec | total time [36m1254.2[0ms
Estimated time remaining in training: [36m0[0mh [36m54[0mm [36m26[0ms
LR dropped to [36m0.0007196355[0m
superbatch [36m87[0m [[35m0.0[0m% ([36m0[0m/[36m763[0m batches, [36m6930452[0m pos/sec)]
Estimated time to end of superbatch: [36minf[0ms     [Fsuperbatch [36m87[0m [[35m16.8[0m% ([36m128[0m/[36m763[0m batches, [36m6936578[0m pos/sec)]
Estimated time to end of superbatch: [36m12.1[0ms     [Fsuperbatch [36m87[0m [[35m33.6[0m% ([36m256[0m/[36m763[0m batches, [36m6896076[0m pos/sec)]
Estimated time to end of superbatch: [36m9.7[0ms     [Fsuperbatch [36m87[0m [[35m50.3[0m% ([36m384[0m/[36m763[0m batches, [36m6798416[0m pos/sec)]
Estimated time to end of superbatch: [36m7.3[0ms     [Fsuperbatch [36m87[0m [[35m67.1[0m% ([36m512[0m/[36m763[0m batches, [36m6798580[0m pos/sec)]
Estimated time to end of superbatch: [36m4.8[0ms     [Fsuperbatch [36m87[0m [[35m83.9[0m% ([36m640[0m/[36m763[0m batches, [36m6783452[0m pos/sec)]
Estimated time to end of superbatch: [36m2.4[0ms     [Fsuperbatch [36m87[0m | time [36m14.8[0ms | running loss [36m0.011742[0m | [36m6763929[0m pos/sec | total time [36m1269.0[0ms
Estimated time remaining in training: [36m0[0mh [36m54[0mm [36m12[0ms
LR dropped to [36m0.0007164129[0m
superbatch [36m88[0m [[35m0.0[0m% ([36m0[0m/[36m763[0m batches, [36m6945048[0m pos/sec)]
Estimated time to end of superbatch: [36minf[0ms     [Fsuperbatch [36m88[0m [[35m16.8[0m% ([36m128[0m/[36m763[0m batches, [36m6810027[0m pos/sec)]
Estimated time to end of superbatch: [36m12.3[0ms     [Fsuperbatch [36m88[0m [[35m33.6[0m% ([36m256[0m/[36m763[0m batches, [36m6711688[0m pos/sec)]
Estimated time to end of superbatch: [36m9.9[0ms     [Fsuperbatch [36m88[0m [[35m50.3[0m% ([36m384[0m/[36m763[0m batches, [36m6757318[0m pos/sec)]
Estimated time to end of superbatch: [36m7.4[0ms     [Fsuperbatch [36m88[0m [[35m67.1[0m% ([36m512[0m/[36m763[0m batches, [36m6771926[0m pos/sec)]
Estimated time to end of superbatch: [36m4.9[0ms     [Fsuperbatch [36m88[0m [[35m83.9[0m% ([36m640[0m/[36m763[0m batches, [36m6752399[0m pos/sec)]
Estimated time to end of superbatch: [36m2.4[0ms     [Fsuperbatch [36m88[0m | time [36m14.8[0ms | running loss [36m0.011686[0m | [36m6742196[0m pos/sec | total time [36m1283.8[0ms
Estimated time remaining in training: [36m0[0mh [36m53[0mm [36m58[0ms
LR dropped to [36m0.00071319035[0m
superbatch [36m89[0m [[35m0.0[0m% ([36m0[0m/[36m763[0m batches, [36m6908051[0m pos/sec)]
Estimated time to end of superbatch: [36minf[0ms     [Fsuperbatch [36m89[0m [[35m16.8[0m% ([36m128[0m/[36m763[0m batches, [36m6707604[0m pos/sec)]
Estimated time to end of superbatch: [36m12.5[0ms     [Fsuperbatch [36m89[0m [[35m33.6[0m% ([36m256[0m/[36m763[0m batches, [36m6701264[0m pos/sec)]
Estimated time to end of superbatch: [36m10.0[0ms     [Fsuperbatch [36m89[0m [[35m50.3[0m% ([36m384[0m/[36m763[0m batches, [36m6731910[0m pos/sec)]
Estimated time to end of superbatch: [36m7.4[0ms     [Fsuperbatch [36m89[0m [[35m67.1[0m% ([36m512[0m/[36m763[0m batches, [36m6762820[0m pos/sec)]
Estimated time to end of superbatch: [36m4.9[0ms     [Fsuperbatch [36m89[0m [[35m83.9[0m% ([36m640[0m/[36m763[0m batches, [36m6741066[0m pos/sec)]
Estimated time to end of superbatch: [36m2.4[0ms     [Fsuperbatch [36m89[0m | time [36m14.9[0ms | running loss [36m0.011779[0m | [36m6719286[0m pos/sec | total time [36m1298.7[0ms
Estimated time remaining in training: [36m0[0mh [36m53[0mm [36m44[0ms
LR dropped to [36m0.0007099678[0m
superbatch [36m90[0m [[35m0.0[0m% ([36m0[0m/[36m763[0m batches, [36m6947820[0m pos/sec)]
Estimated time to end of superbatch: [36minf[0ms     [Fsuperbatch [36m90[0m [[35m16.8[0m% ([36m128[0m/[36m763[0m batches, [36m6606267[0m pos/sec)]
Estimated time to end of superbatch: [36m12.7[0ms     [Fsuperbatch [36m90[0m [[35m33.6[0m% ([36m256[0m/[36m763[0m batches, [36m6635257[0m pos/sec)]
Estimated time to end of superbatch: [36m10.1[0ms     [Fsuperbatch [36m90[0m [[35m50.3[0m% ([36m384[0m/[36m763[0m batches, [36m6719264[0m pos/sec)]
Estimated time to end of superbatch: [36m7.4[0ms     [Fsuperbatch [36m90[0m [[35m67.1[0m% ([36m512[0m/[36m763[0m batches, [36m6696326[0m pos/sec)]
Estimated time to end of superbatch: [36m4.9[0ms     [Fsuperbatch [36m90[0m [[35m83.9[0m% ([36m640[0m/[36m763[0m batches, [36m6697006[0m pos/sec)]
Estimated time to end of superbatch: [36m2.4[0ms     [Fsuperbatch [36m90[0m | time [36m14.9[0ms | running loss [36m0.011756[0m | [36m6729802[0m pos/sec | total time [36m1313.6[0ms
Estimated time remaining in training: [36m0[0mh [36m53[0mm [36m30[0ms
LR dropped to [36m0.0007067452[0m
superbatch [36m91[0m [[35m0.0[0m% ([36m0[0m/[36m763[0m batches, [36m6846418[0m pos/sec)]
Estimated time to end of superbatch: [36minf[0ms     [Fsuperbatch [36m91[0m [[35m16.8[0m% ([36m128[0m/[36m763[0m batches, [36m6892260[0m pos/sec)]
Estimated time to end of superbatch: [36m12.2[0ms     [Fsuperbatch [36m91[0m [[35m33.6[0m% ([36m256[0m/[36m763[0m batches, [36m6610504[0m pos/sec)]
Estimated time to end of superbatch: [36m10.1[0ms     [Fsuperbatch [36m91[0m [[35m50.3[0m% ([36m384[0m/[36m763[0m batches, [36m6644894[0m pos/sec)]
Estimated time to end of superbatch: [36m7.5[0ms     [Fsuperbatch [36m91[0m [[35m67.1[0m% ([36m512[0m/[36m763[0m batches, [36m6678024[0m pos/sec)]
Estimated time to end of superbatch: [36m4.9[0ms     [Fsuperbatch [36m91[0m [[35m83.9[0m% ([36m640[0m/[36m763[0m batches, [36m6677356[0m pos/sec)]
Estimated time to end of superbatch: [36m2.4[0ms     [Fsuperbatch [36m91[0m | time [36m15.2[0ms | running loss [36m0.011895[0m | [36m6599785[0m pos/sec | total time [36m1328.7[0ms
Estimated time remaining in training: [36m0[0mh [36m53[0mm [36m17[0ms
LR dropped to [36m0.00070352264[0m
superbatch [36m92[0m [[35m0.0[0m% ([36m0[0m/[36m763[0m batches, [36m6907996[0m pos/sec)]
Estimated time to end of superbatch: [36minf[0ms     [Fsuperbatch [36m92[0m [[35m16.8[0m% ([36m128[0m/[36m763[0m batches, [36m6831429[0m pos/sec)]
Estimated time to end of superbatch: [36m12.3[0ms     [Fsuperbatch [36m92[0m [[35m33.6[0m% ([36m256[0m/[36m763[0m batches, [36m6844196[0m pos/sec)]
Estimated time to end of superbatch: [36m9.7[0ms     [Fsuperbatch [36m92[0m [[35m50.3[0m% ([36m384[0m/[36m763[0m batches, [36m6748468[0m pos/sec)]
Estimated time to end of superbatch: [36m7.4[0ms     [Fsuperbatch [36m92[0m [[35m67.1[0m% ([36m512[0m/[36m763[0m batches, [36m6716765[0m pos/sec)]
Estimated time to end of superbatch: [36m4.9[0ms     [Fsuperbatch [36m92[0m [[35m83.9[0m% ([36m640[0m/[36m763[0m batches, [36m6731113[0m pos/sec)]
Estimated time to end of superbatch: [36m2.4[0ms     [Fsuperbatch [36m92[0m | time [36m14.9[0ms | running loss [36m0.011811[0m | [36m6705986[0m pos/sec | total time [36m1343.7[0ms
Estimated time remaining in training: [36m0[0mh [36m53[0mm [36m3[0ms
LR dropped to [36m0.00070030004[0m
superbatch [36m93[0m [[35m0.0[0m% ([36m0[0m/[36m763[0m batches, [36m6891010[0m pos/sec)]
Estimated time to end of superbatch: [36minf[0ms     [Fsuperbatch [36m93[0m [[35m16.8[0m% ([36m128[0m/[36m763[0m batches, [36m6594858[0m pos/sec)]
Estimated time to end of superbatch: [36m12.7[0ms     [Fsuperbatch [36m93[0m [[35m33.6[0m% ([36m256[0m/[36m763[0m batches, [36m6662590[0m pos/sec)]
Estimated time to end of superbatch: [36m10.0[0ms     [Fsuperbatch [36m93[0m [[35m50.3[0m% ([36m384[0m/[36m763[0m batches, [36m6697484[0m pos/sec)]
Estimated time to end of superbatch: [36m7.4[0ms     [Fsuperbatch [36m93[0m [[35m67.1[0m% ([36m512[0m/[36m763[0m batches, [36m6681684[0m pos/sec)]
Estimated time to end of superbatch: [36m4.9[0ms     [Fsuperbatch [36m93[0m [[35m83.9[0m% ([36m640[0m/[36m763[0m batches, [36m6700541[0m pos/sec)]
Estimated time to end of superbatch: [36m2.4[0ms     [Fsuperbatch [36m93[0m | time [36m14.9[0ms | running loss [36m0.011983[0m | [36m6731346[0m pos/sec | total time [36m1358.5[0ms
Estimated time remaining in training: [36m0[0mh [36m52[0mm [36m49[0ms
LR dropped to [36m0.0006970775[0m
superbatch [36m94[0m [[35m0.0[0m% ([36m0[0m/[36m763[0m batches, [36m6908028[0m pos/sec)]
Estimated time to end of superbatch: [36minf[0ms     [Fsuperbatch [36m94[0m [[35m16.8[0m% ([36m128[0m/[36m763[0m batches, [36m6912191[0m pos/sec)]
Estimated time to end of superbatch: [36m12.1[0ms     [Fsuperbatch [36m94[0m [[35m33.6[0m% ([36m256[0m/[36m763[0m batches, [36m6849277[0m pos/sec)]
Estimated time to end of superbatch: [36m9.7[0ms     [Fsuperbatch [36m94[0m [[35m50.3[0m% ([36m384[0m/[36m763[0m batches, [36m6784820[0m pos/sec)]
Estimated time to end of superbatch: [36m7.3[0ms     [Fsuperbatch [36m94[0m [[35m67.1[0m% ([36m512[0m/[36m763[0m batches, [36m6686590[0m pos/sec)]
Estimated time to end of superbatch: [36m4.9[0ms     [Fsuperbatch [36m94[0m [[35m83.9[0m% ([36m640[0m/[36m763[0m batches, [36m6701558[0m pos/sec)]
Estimated time to end of superbatch: [36m2.4[0ms     [Fsuperbatch [36m94[0m | time [36m14.9[0ms | running loss [36m0.011879[0m | [36m6697124[0m pos/sec | total time [36m1373.4[0ms
Estimated time remaining in training: [36m0[0mh [36m52[0mm [36m35[0ms
LR dropped to [36m0.0006938549[0m
superbatch [36m95[0m [[35m0.0[0m% ([36m0[0m/[36m763[0m batches, [36m6879032[0m pos/sec)]
Estimated time to end of superbatch: [36minf[0ms     [Fsuperbatch [36m95[0m [[35m16.8[0m% ([36m128[0m/[36m763[0m batches, [36m6670467[0m pos/sec)]
Estimated time to end of superbatch: [36m12.6[0ms     [Fsuperbatch [36m95[0m [[35m33.6[0m% ([36m256[0m/[36m763[0m batches, [36m6741920[0m pos/sec)]
Estimated time to end of superbatch: [36m9.9[0ms     [Fsuperbatch [36m95[0m [[35m50.3[0m% ([36m384[0m/[36m763[0m batches, [36m6743237[0m pos/sec)]
Estimated time to end of superbatch: [36m7.4[0ms     [Fsuperbatch [36m95[0m [[35m67.1[0m% ([36m512[0m/[36m763[0m batches, [36m6607005[0m pos/sec)]
Estimated time to end of superbatch: [36m5.0[0ms     [Fsuperbatch [36m95[0m [[35m83.9[0m% ([36m640[0m/[36m763[0m batches, [36m6323206[0m pos/sec)]
Estimated time to end of superbatch: [36m2.6[0ms     [Fsuperbatch [36m95[0m | time [36m15.7[0ms | running loss [36m0.012011[0m | [36m6355944[0m pos/sec | total time [36m1389.2[0ms
Estimated time remaining in training: [36m0[0mh [36m52[0mm [36m23[0ms
LR dropped to [36m0.00069063227[0m
superbatch [36m96[0m [[35m0.0[0m% ([36m0[0m/[36m763[0m batches, [36m6915056[0m pos/sec)]
Estimated time to end of superbatch: [36minf[0ms     [Fsuperbatch [36m96[0m [[35m16.8[0m% ([36m128[0m/[36m763[0m batches, [36m6857716[0m pos/sec)]
Estimated time to end of superbatch: [36m12.2[0ms     [Fsuperbatch [36m96[0m [[35m33.6[0m% ([36m256[0m/[36m763[0m batches, [36m6799983[0m pos/sec)]
Estimated time to end of superbatch: [36m9.8[0ms     [Fsuperbatch [36m96[0m [[35m50.3[0m% ([36m384[0m/[36m763[0m batches, [36m6533656[0m pos/sec)]
Estimated time to end of superbatch: [36m7.6[0ms     [Fsuperbatch [36m96[0m [[35m67.1[0m% ([36m512[0m/[36m763[0m batches, [36m6410202[0m pos/sec)]
Estimated time to end of superbatch: [36m5.1[0ms     [Fsuperbatch [36m96[0m [[35m83.9[0m% ([36m640[0m/[36m763[0m batches, [36m6474386[0m pos/sec)]
Estimated time to end of superbatch: [36m2.5[0ms     [Fsuperbatch [36m96[0m | time [36m15.4[0ms | running loss [36m0.011868[0m | [36m6506094[0m pos/sec | total time [36m1404.5[0ms
Estimated time remaining in training: [36m0[0mh [36m52[0mm [36m10[0ms
LR dropped to [36m0.0006874097[0m
superbatch [36m97[0m [[35m0.0[0m% ([36m0[0m/[36m763[0m batches, [36m6864463[0m pos/sec)]
Estimated time to end of superbatch: [36minf[0ms     [Fsuperbatch [36m97[0m [[35m16.8[0m% ([36m128[0m/[36m763[0m batches, [36m6089828[0m pos/sec)]
Estimated time to end of superbatch: [36m13.8[0ms     [Fsuperbatch [36m97[0m [[35m33.6[0m% ([36m256[0m/[36m763[0m batches, [36m6344921[0m pos/sec)]
Estimated time to end of superbatch: [36m10.5[0ms     [Fsuperbatch [36m97[0m [[35m50.3[0m% ([36m384[0m/[36m763[0m batches, [36m6519842[0m pos/sec)]
Estimated time to end of superbatch: [36m7.6[0ms     [Fsuperbatch [36m97[0m [[35m67.1[0m% ([36m512[0m/[36m763[0m batches, [36m6610371[0m pos/sec)]
Estimated time to end of superbatch: [36m5.0[0ms     [Fsuperbatch [36m97[0m [[35m83.9[0m% ([36m640[0m/[36m763[0m batches, [36m6588077[0m pos/sec)]
Estimated time to end of superbatch: [36m2.5[0ms     [Fsuperbatch [36m97[0m | time [36m15.2[0ms | running loss [36m0.012056[0m | [36m6566808[0m pos/sec | total time [36m1419.8[0ms
Estimated time remaining in training: [36m0[0mh [36m51[0mm [36m57[0ms
LR dropped to [36m0.00068418717[0m
superbatch [36m98[0m [[35m0.0[0m% ([36m0[0m/[36m763[0m batches, [36m6910633[0m pos/sec)]
Estimated time to end of superbatch: [36minf[0ms     [Fsuperbatch [36m98[0m [[35m16.8[0m% ([36m128[0m/[36m763[0m batches, [36m6702556[0m pos/sec)]
Estimated time to end of superbatch: [36m12.5[0ms     [Fsuperbatch [36m98[0m [[35m33.6[0m% ([36m256[0m/[36m763[0m batches, [36m6717244[0m pos/sec)]
Estimated time to end of superbatch: [36m9.9[0ms     [Fsuperbatch [36m98[0m [[35m50.3[0m% ([36m384[0m/[36m763[0m batches, [36m6678992[0m pos/sec)]
Estimated time to end of superbatch: [36m7.5[0ms     [Fsuperbatch [36m98[0m [[35m67.1[0m% ([36m512[0m/[36m763[0m batches, [36m6657565[0m pos/sec)]
Estimated time to end of superbatch: [36m5.0[0ms     [Fsuperbatch [36m98[0m [[35m83.9[0m% ([36m640[0m/[36m763[0m batches, [36m6669250[0m pos/sec)]
Estimated time to end of superbatch: [36m2.4[0ms     [Fsuperbatch [36m98[0m | time [36m15.0[0ms | running loss [36m0.011919[0m | [36m6676806[0m pos/sec | total time [36m1434.8[0ms
Estimated time remaining in training: [36m0[0mh [36m51[0mm [36m43[0ms
LR dropped to [36m0.00068096456[0m
superbatch [36m99[0m [[35m0.0[0m% ([36m0[0m/[36m763[0m batches, [36m6889580[0m pos/sec)]
Estimated time to end of superbatch: [36minf[0ms     [Fsuperbatch [36m99[0m [[35m16.8[0m% ([36m128[0m/[36m763[0m batches, [36m6530850[0m pos/sec)]
Estimated time to end of superbatch: [36m12.8[0ms     [Fsuperbatch [36m99[0m [[35m33.6[0m% ([36m256[0m/[36m763[0m batches, [36m6526394[0m pos/sec)]
Estimated time to end of superbatch: [36m10.2[0ms     [Fsuperbatch [36m99[0m [[35m50.3[0m% ([36m384[0m/[36m763[0m batches, [36m6532852[0m pos/sec)]
Estimated time to end of superbatch: [36m7.6[0ms     [Fsuperbatch [36m99[0m [[35m67.1[0m% ([36m512[0m/[36m763[0m batches, [36m6538860[0m pos/sec)]
Estimated time to end of superbatch: [36m5.0[0ms     [Fsuperbatch [36m99[0m [[35m83.9[0m% ([36m640[0m/[36m763[0m batches, [36m6523464[0m pos/sec)]
Estimated time to end of superbatch: [36m2.5[0ms     [Fsuperbatch [36m99[0m | time [36m15.3[0ms | running loss [36m0.012155[0m | [36m6556390[0m pos/sec | total time [36m1450.0[0ms
Estimated time remaining in training: [36m0[0mh [36m51[0mm [36m30[0ms
LR dropped to [36m0.00067774195[0m
superbatch [36m100[0m [[35m0.0[0m% ([36m0[0m/[36m763[0m batches, [36m2945384[0m pos/sec)]
Estimated time to end of superbatch: [36minf[0ms     [Fsuperbatch [36m100[0m [[35m16.8[0m% ([36m128[0m/[36m763[0m batches, [36m6537896[0m pos/sec)]
Estimated time to end of superbatch: [36m12.8[0ms     [Fsuperbatch [36m100[0m [[35m33.6[0m% ([36m256[0m/[36m763[0m batches, [36m6713056[0m pos/sec)]
Estimated time to end of superbatch: [36m9.9[0ms     [Fsuperbatch [36m100[0m [[35m50.3[0m% ([36m384[0m/[36m763[0m batches, [36m6762924[0m pos/sec)]
Estimated time to end of superbatch: [36m7.4[0ms     [Fsuperbatch [36m100[0m [[35m67.1[0m% ([36m512[0m/[36m763[0m batches, [36m6697070[0m pos/sec)]
Estimated time to end of superbatch: [36m4.9[0ms     [Fsuperbatch [36m100[0m [[35m83.9[0m% ([36m640[0m/[36m763[0m batches, [36m6687268[0m pos/sec)]
Estimated time to end of superbatch: [36m2.4[0ms     [Fsuperbatch [36m100[0m | time [36m14.9[0ms | running loss [36m0.011923[0m | [36m6698556[0m pos/sec | total time [36m1464.9[0ms
Estimated time remaining in training: [36m0[0mh [36m51[0mm [36m16[0ms
Saved [anna-v3b-s1-100]
LR dropped to [36m0.0006745194[0m
superbatch [36m101[0m [[35m0.0[0m% ([36m0[0m/[36m763[0m batches, [36m6622476[0m pos/sec)]
Estimated time to end of superbatch: [36minf[0ms     [Fsuperbatch [36m101[0m [[35m16.8[0m% ([36m128[0m/[36m763[0m batches, [36m5455132[0m pos/sec)]
Estimated time to end of superbatch: [36m15.4[0ms     [Fsuperbatch [36m101[0m [[35m33.6[0m% ([36m256[0m/[36m763[0m batches, [36m6074954[0m pos/sec)]
Estimated time to end of superbatch: [36m11.0[0ms     [Fsuperbatch [36m101[0m [[35m50.3[0m% ([36m384[0m/[36m763[0m batches, [36m6236202[0m pos/sec)]
Estimated time to end of superbatch: [36m8.0[0ms     [Fsuperbatch [36m101[0m [[35m67.1[0m% ([36m512[0m/[36m763[0m batches, [36m6325143[0m pos/sec)]
Estimated time to end of superbatch: [36m5.2[0ms     [Fsuperbatch [36m101[0m [[35m83.9[0m% ([36m640[0m/[36m763[0m batches, [36m6386644[0m pos/sec)]
Estimated time to end of superbatch: [36m2.5[0ms     [Fsuperbatch [36m101[0m | time [36m15.9[0ms | running loss [36m0.012248[0m | [36m6305796[0m pos/sec | total time [36m1484.1[0ms
Estimated time remaining in training: [36m0[0mh [36m51[0mm [36m11[0ms
LR dropped to [36m0.0006712968[0m
superbatch [36m102[0m [[35m0.0[0m% ([36m0[0m/[36m763[0m batches, [36m6874869[0m pos/sec)]
Estimated time to end of superbatch: [36minf[0ms     [Fsuperbatch [36m102[0m [[35m16.8[0m% ([36m128[0m/[36m763[0m batches, [36m6654732[0m pos/sec)]
Estimated time to end of superbatch: [36m12.6[0ms     [Fsuperbatch [36m102[0m [[35m33.6[0m% ([36m256[0m/[36m763[0m batches, [36m6227868[0m pos/sec)]
Estimated time to end of superbatch: [36m10.7[0ms     [Fsuperbatch [36m102[0m [[35m50.3[0m% ([36m384[0m/[36m763[0m batches, [36m6424077[0m pos/sec)]
Estimated time to end of superbatch: [36m7.8[0ms     [Fsuperbatch [36m102[0m [[35m67.1[0m% ([36m512[0m/[36m763[0m batches, [36m6417184[0m pos/sec)]
Estimated time to end of superbatch: [36m5.1[0ms     [Fsuperbatch [36m102[0m [[35m83.9[0m% ([36m640[0m/[36m763[0m batches, [36m6502566[0m pos/sec)]
Estimated time to end of superbatch: [36m2.5[0ms     [Fsuperbatch [36m102[0m | time [36m15.2[0ms | running loss [36m0.011996[0m | [36m6561455[0m pos/sec | total time [36m1499.4[0ms
Estimated time remaining in training: [36m0[0mh [36m50[0mm [36m57[0ms
LR dropped to [36m0.00066807424[0m
superbatch [36m103[0m [[35m0.0[0m% ([36m0[0m/[36m763[0m batches, [36m6893454[0m pos/sec)]
Estimated time to end of superbatch: [36minf[0ms     [Fsuperbatch [36m103[0m [[35m16.8[0m% ([36m128[0m/[36m763[0m batches, [36m6621368[0m pos/sec)]
Estimated time to end of superbatch: [36m12.7[0ms     [Fsuperbatch [36m103[0m [[35m33.6[0m% ([36m256[0m/[36m763[0m batches, [36m6728510[0m pos/sec)]
Estimated time to end of superbatch: [36m9.9[0ms     [Fsuperbatch [36m103[0m [[35m50.3[0m% ([36m384[0m/[36m763[0m batches, [36m6707100[0m pos/sec)]
Estimated time to end of superbatch: [36m7.4[0ms     [Fsuperbatch [36m103[0m [[35m67.1[0m% ([36m512[0m/[36m763[0m batches, [36m6699620[0m pos/sec)]
Estimated time to end of superbatch: [36m4.9[0ms     [Fsuperbatch [36m103[0m [[35m83.9[0m% ([36m640[0m/[36m763[0m batches, [36m6645616[0m pos/sec)]
Estimated time to end of superbatch: [36m2.4[0ms     [Fsuperbatch [36m103[0m | time [36m15.2[0ms | running loss [36m0.012314[0m | [36m6563246[0m pos/sec | total time [36m1514.6[0ms
Estimated time remaining in training: [36m0[0mh [36m50[0mm [36m43[0ms
LR dropped to [36m0.0006648516[0m
superbatch [36m104[0m [[35m0.0[0m% ([36m0[0m/[36m763[0m batches, [36m6883090[0m pos/sec)]
Estimated time to end of superbatch: [36minf[0ms     [Fsuperbatch [36m104[0m [[35m16.8[0m% ([36m128[0m/[36m763[0m batches, [36m6415397[0m pos/sec)]
Estimated time to end of superbatch: [36m13.1[0ms     [Fsuperbatch [36m104[0m [[35m33.6[0m% ([36m256[0m/[36m763[0m batches, [36m6624272[0m pos/sec)]
Estimated time to end of superbatch: [36m10.1[0ms     [Fsuperbatch [36m104[0m [[35m50.3[0m% ([36m384[0m/[36m763[0m batches, [36m6623128[0m pos/sec)]
Estimated time to end of superbatch: [36m7.5[0ms     [Fsuperbatch [36m104[0m [[35m67.1[0m% ([36m512[0m/[36m763[0m batches, [36m6585844[0m pos/sec)]
Estimated time to end of superbatch: [36m5.0[0ms     [Fsuperbatch [36m104[0m [[35m83.9[0m% ([36m640[0m/[36m763[0m batches, [36m6570462[0m pos/sec)]
Estimated time to end of superbatch: [36m2.5[0ms     [Fsuperbatch [36m104[0m | time [36m15.2[0ms | running loss [36m0.012051[0m | [36m6599972[0m pos/sec | total time [36m1529.8[0ms
Estimated time remaining in training: [36m0[0mh [36m50[0mm [36m30[0ms
LR dropped to [36m0.000661629[0m
superbatch [36m105[0m [[35m0.0[0m% ([36m0[0m/[36m763[0m batches, [36m6898282[0m pos/sec)]
Estimated time to end of superbatch: [36minf[0ms     [Fsuperbatch [36m105[0m [[35m16.8[0m% ([36m128[0m/[36m763[0m batches, [36m6727882[0m pos/sec)]
Estimated time to end of superbatch: [36m12.5[0ms     [Fsuperbatch [36m105[0m [[35m33.6[0m% ([36m256[0m/[36m763[0m batches, [36m6597702[0m pos/sec)]
Estimated time to end of superbatch: [36m10.1[0ms     [Fsuperbatch [36m105[0m [[35m50.3[0m% ([36m384[0m/[36m763[0m batches, [36m6662205[0m pos/sec)]
Estimated time to end of superbatch: [36m7.5[0ms     [Fsuperbatch [36m105[0m [[35m67.1[0m% ([36m512[0m/[36m763[0m batches, [36m6632562[0m pos/sec)]
Estimated time to end of superbatch: [36m5.0[0ms     [Fsuperbatch [36m105[0m [[35m83.9[0m% ([36m640[0m/[36m763[0m batches, [36m6605721[0m pos/sec)]
Estimated time to end of superbatch: [36m2.4[0ms     [Fsuperbatch [36m105[0m | time [36m15.1[0ms | running loss [36m0.012343[0m | [36m6643552[0m pos/sec | total time [36m1544.8[0ms
Estimated time remaining in training: [36m0[0mh [36m50[0mm [36m16[0ms
LR dropped to [36m0.0006584065[0m
superbatch [36m106[0m [[35m0.0[0m% ([36m0[0m/[36m763[0m batches, [36m6853488[0m pos/sec)]
Estimated time to end of superbatch: [36minf[0ms     [Fsuperbatch [36m106[0m [[35m16.8[0m% ([36m128[0m/[36m763[0m batches, [36m6843228[0m pos/sec)]
Estimated time to end of superbatch: [36m12.3[0ms     [Fsuperbatch [36m106[0m [[35m33.6[0m% ([36m256[0m/[36m763[0m batches, [36m6780032[0m pos/sec)]
Estimated time to end of superbatch: [36m9.8[0ms     [Fsuperbatch [36m106[0m [[35m50.3[0m% ([36m384[0m/[36m763[0m batches, [36m6800320[0m pos/sec)]
Estimated time to end of superbatch: [36m7.3[0ms     [Fsuperbatch [36m106[0m [[35m67.1[0m% ([36m512[0m/[36m763[0m batches, [36m6788926[0m pos/sec)]
Estimated time to end of superbatch: [36m4.9[0ms     [Fsuperbatch [36m106[0m [[35m83.9[0m% ([36m640[0m/[36m763[0m batches, [36m6745590[0m pos/sec)]
Estimated time to end of superbatch: [36m2.4[0ms     [Fsuperbatch [36m106[0m | time [36m15.1[0ms | running loss [36m0.012181[0m | [36m6617842[0m pos/sec | total time [36m1559.9[0ms
Estimated time remaining in training: [36m0[0mh [36m50[0mm [36m2[0ms
LR dropped to [36m0.0006551839[0m
superbatch [36m107[0m [[35m0.0[0m% ([36m0[0m/[36m763[0m batches, [36m6869393[0m pos/sec)]
Estimated time to end of superbatch: [36minf[0ms     [Fsuperbatch [36m107[0m [[35m16.8[0m% ([36m128[0m/[36m763[0m batches, [36m6674163[0m pos/sec)]
Estimated time to end of superbatch: [36m12.6[0ms     [Fsuperbatch [36m107[0m [[35m33.6[0m% ([36m256[0m/[36m763[0m batches, [36m6662610[0m pos/sec)]
Estimated time to end of superbatch: [36m10.0[0ms     [Fsuperbatch [36m107[0m [[35m50.3[0m% ([36m384[0m/[36m763[0m batches, [36m6668928[0m pos/sec)]
Estimated time to end of superbatch: [36m7.5[0ms     [Fsuperbatch [36m107[0m [[35m67.1[0m% ([36m512[0m/[36m763[0m batches, [36m6645993[0m pos/sec)]
Estimated time to end of superbatch: [36m5.0[0ms     [Fsuperbatch [36m107[0m [[35m83.9[0m% ([36m640[0m/[36m763[0m batches, [36m6644602[0m pos/sec)]
Estimated time to end of superbatch: [36m2.4[0ms     [Fsuperbatch [36m107[0m | time [36m15.1[0ms | running loss [36m0.012442[0m | [36m6614855[0m pos/sec | total time [36m1575.0[0ms
Estimated time remaining in training: [36m0[0mh [36m49[0mm [36m48[0ms
LR dropped to [36m0.0006519613[0m
superbatch [36m108[0m [[35m0.0[0m% ([36m0[0m/[36m763[0m batches, [36m6845878[0m pos/sec)]
Estimated time to end of superbatch: [36minf[0ms     [Fsuperbatch [36m108[0m [[35m16.8[0m% ([36m128[0m/[36m763[0m batches, [36m6585094[0m pos/sec)]
Estimated time to end of superbatch: [36m12.7[0ms     [Fsuperbatch [36m108[0m [[35m33.6[0m% ([36m256[0m/[36m763[0m batches, [36m6658702[0m pos/sec)]
Estimated time to end of superbatch: [36m10.0[0ms     [Fsuperbatch [36m108[0m [[35m50.3[0m% ([36m384[0m/[36m763[0m batches, [36m6628543[0m pos/sec)]
Estimated time to end of superbatch: [36m7.5[0ms     [Fsuperbatch [36m108[0m [[35m67.1[0m% ([36m512[0m/[36m763[0m batches, [36m6614053[0m pos/sec)]
Estimated time to end of superbatch: [36m5.0[0ms     [Fsuperbatch [36m108[0m [[35m83.9[0m% ([36m640[0m/[36m763[0m batches, [36m6646688[0m pos/sec)]
Estimated time to end of superbatch: [36m2.4[0ms     [Fsuperbatch [36m108[0m | time [36m15.1[0ms | running loss [36m0.012236[0m | [36m6642262[0m pos/sec | total time [36m1590.1[0ms
Estimated time remaining in training: [36m0[0mh [36m49[0mm [36m34[0ms
LR dropped to [36m0.00064873876[0m
superbatch [36m109[0m [[35m0.0[0m% ([36m0[0m/[36m763[0m batches, [36m6872562[0m pos/sec)]
Estimated time to end of superbatch: [36minf[0ms     [Fsuperbatch [36m109[0m [[35m16.8[0m% ([36m128[0m/[36m763[0m batches, [36m6653807[0m pos/sec)]
Estimated time to end of superbatch: [36m12.6[0ms     [Fsuperbatch [36m109[0m [[35m33.6[0m% ([36m256[0m/[36m763[0m batches, [36m6668748[0m pos/sec)]
Estimated time to end of superbatch: [36m10.0[0ms     [Fsuperbatch [36m109[0m [[35m50.3[0m% ([36m384[0m/[36m763[0m batches, [36m6692618[0m pos/sec)]
Estimated time to end of superbatch: [36m7.4[0ms     [Fsuperbatch [36m109[0m [[35m67.1[0m% ([36m512[0m/[36m763[0m batches, [36m6715754[0m pos/sec)]
Estimated time to end of superbatch: [36m4.9[0ms     [Fsuperbatch [36m109[0m [[35m83.9[0m% ([36m640[0m/[36m763[0m batches, [36m6710784[0m pos/sec)]
Estimated time to end of superbatch: [36m2.4[0ms     [Fsuperbatch [36m109[0m | time [36m14.9[0ms | running loss [36m0.012496[0m | [36m6717432[0m pos/sec | total time [36m1605.0[0ms
Estimated time remaining in training: [36m0[0mh [36m49[0mm [36m19[0ms
LR dropped to [36m0.0006455162[0m
superbatch [36m110[0m [[35m0.0[0m% ([36m0[0m/[36m763[0m batches, [36m6835064[0m pos/sec)]
Estimated time to end of superbatch: [36minf[0ms     [Fsuperbatch [36m110[0m [[35m16.8[0m% ([36m128[0m/[36m763[0m batches, [36m6839741[0m pos/sec)]
Estimated time to end of superbatch: [36m12.3[0ms     [Fsuperbatch [36m110[0m [[35m33.6[0m% ([36m256[0m/[36m763[0m batches, [36m6778834[0m pos/sec)]
Estimated time to end of superbatch: [36m9.8[0ms     [Fsuperbatch [36m110[0m [[35m50.3[0m% ([36m384[0m/[36m763[0m batches, [36m6739362[0m pos/sec)]
Estimated time to end of superbatch: [36m7.4[0ms     [Fsuperbatch [36m110[0m [[35m67.1[0m% ([36m512[0m/[36m763[0m batches, [36m6688283[0m pos/sec)]
Estimated time to end of superbatch: [36m4.9[0ms     [Fsuperbatch [36m110[0m [[35m83.9[0m% ([36m640[0m/[36m763[0m batches, [36m6661460[0m pos/sec)]
Estimated time to end of superbatch: [36m2.4[0ms     [Fsuperbatch [36m110[0m | time [36m15.0[0ms | running loss [36m0.012289[0m | [36m6683101[0m pos/sec | total time [36m1619.9[0ms
Estimated time remaining in training: [36m0[0mh [36m49[0mm [36m5[0ms
LR dropped to [36m0.0006422936[0m
superbatch [36m111[0m [[35m0.0[0m% ([36m0[0m/[36m763[0m batches, [36m6844420[0m pos/sec)]
Estimated time to end of superbatch: [36minf[0ms     [Fsuperbatch [36m111[0m [[35m16.8[0m% ([36m128[0m/[36m763[0m batches, [36m6467305[0m pos/sec)]
Estimated time to end of superbatch: [36m13.0[0ms     [Fsuperbatch [36m111[0m [[35m33.6[0m% ([36m256[0m/[36m763[0m batches, [36m6586728[0m pos/sec)]
Estimated time to end of superbatch: [36m10.1[0ms     [Fsuperbatch [36m111[0m [[35m50.3[0m% ([36m384[0m/[36m763[0m batches, [36m6588956[0m pos/sec)]
Estimated time to end of superbatch: [36m7.6[0ms     [Fsuperbatch [36m111[0m [[35m67.1[0m% ([36m512[0m/[36m763[0m batches, [36m6522130[0m pos/sec)]
Estimated time to end of superbatch: [36m5.1[0ms     [Fsuperbatch [36m111[0m [[35m83.9[0m% ([36m640[0m/[36m763[0m batches, [36m6541578[0m pos/sec)]
Estimated time to end of superbatch: [36m2.5[0ms     [Fsuperbatch [36m111[0m | time [36m15.2[0ms | running loss [36m0.012508[0m | [36m6562703[0m pos/sec | total time [36m1635.2[0ms
Estimated time remaining in training: [36m0[0mh [36m48[0mm [36m51[0ms
LR dropped to [36m0.000639071[0m
superbatch [36m112[0m [[35m0.0[0m% ([36m0[0m/[36m763[0m batches, [36m6847448[0m pos/sec)]
Estimated time to end of superbatch: [36minf[0ms     [Fsuperbatch [36m112[0m [[35m16.8[0m% ([36m128[0m/[36m763[0m batches, [36m6558108[0m pos/sec)]
Estimated time to end of superbatch: [36m12.8[0ms     [Fsuperbatch [36m112[0m [[35m33.6[0m% ([36m256[0m/[36m763[0m batches, [36m6452556[0m pos/sec)]
Estimated time to end of superbatch: [36m10.3[0ms     [Fsuperbatch [36m112[0m [[35m50.3[0m% ([36m384[0m/[36m763[0m batches, [36m6533267[0m pos/sec)]
Estimated time to end of superbatch: [36m7.6[0ms     [Fsuperbatch [36m112[0m [[35m67.1[0m% ([36m512[0m/[36m763[0m batches, [36m6604577[0m pos/sec)]
Estimated time to end of superbatch: [36m5.0[0ms     [Fsuperbatch [36m112[0m [[35m83.9[0m% ([36m640[0m/[36m763[0m batches, [36m6650704[0m pos/sec)]
Estimated time to end of superbatch: [36m2.4[0ms     [Fsuperbatch [36m112[0m | time [36m15.0[0ms | running loss [36m0.012337[0m | [36m6650925[0m pos/sec | total time [36m1650.2[0ms
Estimated time remaining in training: [36m0[0mh [36m48[0mm [36m37[0ms
LR dropped to [36m0.0006358484[0m
superbatch [36m113[0m [[35m0.0[0m% ([36m0[0m/[36m763[0m batches, [36m6853205[0m pos/sec)]
Estimated time to end of superbatch: [36minf[0ms     [Fsuperbatch [36m113[0m [[35m16.8[0m% ([36m128[0m/[36m763[0m batches, [36m6830852[0m pos/sec)]
Estimated time to end of superbatch: [36m12.3[0ms     [Fsuperbatch [36m113[0m [[35m33.6[0m% ([36m256[0m/[36m763[0m batches, [36m6774940[0m pos/sec)]
Estimated time to end of superbatch: [36m9.8[0ms     [Fsuperbatch [36m113[0m [[35m50.3[0m% ([36m384[0m/[36m763[0m batches, [36m6749876[0m pos/sec)]
Estimated time to end of superbatch: [36m7.4[0ms     [Fsuperbatch [36m113[0m [[35m67.1[0m% ([36m512[0m/[36m763[0m batches, [36m6708304[0m pos/sec)]
Estimated time to end of superbatch: [36m4.9[0ms     [Fsuperbatch [36m113[0m [[35m83.9[0m% ([36m640[0m/[36m763[0m batches, [36m6733029[0m pos/sec)]
Estimated time to end of superbatch: [36m2.4[0ms     [Fsuperbatch [36m113[0m | time [36m14.9[0ms | running loss [36m0.012566[0m | [36m6705198[0m pos/sec | total time [36m1665.1[0ms
Estimated time remaining in training: [36m0[0mh [36m48[0mm [36m22[0ms
LR dropped to [36m0.00063262583[0m
superbatch [36m114[0m [[35m0.0[0m% ([36m0[0m/[36m763[0m batches, [36m6845056[0m pos/sec)]
Estimated time to end of superbatch: [36minf[0ms     [Fsuperbatch [36m114[0m [[35m16.8[0m% ([36m128[0m/[36m763[0m batches, [36m6577104[0m pos/sec)]
Estimated time to end of superbatch: [36m12.8[0ms     [Fsuperbatch [36m114[0m [[35m33.6[0m% ([36m256[0m/[36m763[0m batches, [36m6639666[0m pos/sec)]
Estimated time to end of superbatch: [36m10.0[0ms     [Fsuperbatch [36m114[0m [[35m50.3[0m% ([36m384[0m/[36m763[0m batches, [36m6360054[0m pos/sec)]
Estimated time to end of superbatch: [36m7.8[0ms     [Fsuperbatch [36m114[0m [[35m67.1[0m% ([36m512[0m/[36m763[0m batches, [36m6223014[0m pos/sec)]
Estimated time to end of superbatch: [36m5.3[0ms     [Fsuperbatch [36m114[0m [[35m83.9[0m% ([36m640[0m/[36m763[0m batches, [36m6259731[0m pos/sec)]
Estimated time to end of superbatch: [36m2.6[0ms     [Fsuperbatch [36m114[0m | time [36m15.8[0ms | running loss [36m0.012405[0m | [36m6320946[0m pos/sec | total time [36m1681.0[0ms
Estimated time remaining in training: [36m0[0mh [36m48[0mm [36m10[0ms
LR dropped to [36m0.0006294033[0m
superbatch [36m115[0m [[35m0.0[0m% ([36m0[0m/[36m763[0m batches, [36m6831776[0m pos/sec)]
Estimated time to end of superbatch: [36minf[0ms     [Fsuperbatch [36m115[0m [[35m16.8[0m% ([36m128[0m/[36m763[0m batches, [36m6832782[0m pos/sec)]
Estimated time to end of superbatch: [36m12.3[0ms     [Fsuperbatch [36m115[0m [[35m33.6[0m% ([36m256[0m/[36m763[0m batches, [36m6500632[0m pos/sec)]
Estimated time to end of superbatch: [36m10.3[0ms     [Fsuperbatch [36m115[0m [[35m50.3[0m% ([36m384[0m/[36m763[0m batches, [36m6443954[0m pos/sec)]
Estimated time to end of superbatch: [36m7.7[0ms     [Fsuperbatch [36m115[0m [[35m67.1[0m% ([36m512[0m/[36m763[0m batches, [36m6412474[0m pos/sec)]
Estimated time to end of superbatch: [36m5.1[0ms     [Fsuperbatch [36m115[0m [[35m83.9[0m% ([36m640[0m/[36m763[0m batches, [36m6426752[0m pos/sec)]
Estimated time to end of superbatch: [36m2.5[0ms     [Fsuperbatch [36m115[0m | time [36m15.8[0ms | running loss [36m0.012611[0m | [36m6343996[0m pos/sec | total time [36m1696.7[0ms
Estimated time remaining in training: [36m0[0mh [36m47[0mm [36m57[0ms
LR dropped to [36m0.00062618067[0m
superbatch [36m116[0m [[35m0.0[0m% ([36m0[0m/[36m763[0m batches, [36m6825235[0m pos/sec)]
Estimated time to end of superbatch: [36minf[0ms     [Fsuperbatch [36m116[0m [[35m16.8[0m% ([36m128[0m/[36m763[0m batches, [36m6098114[0m pos/sec)]
Estimated time to end of superbatch: [36m13.8[0ms     [Fsuperbatch [36m116[0m [[35m33.6[0m% ([36m256[0m/[36m763[0m batches, [36m6386804[0m pos/sec)]
Estimated time to end of superbatch: [36m10.4[0ms     [Fsuperbatch [36m116[0m [[35m50.3[0m% ([36m384[0m/[36m763[0m batches, [36m6359030[0m pos/sec)]
Estimated time to end of superbatch: [36m7.8[0ms     [Fsuperbatch [36m116[0m [[35m67.1[0m% ([36m512[0m/[36m763[0m batches, [36m6466582[0m pos/sec)]
Estimated time to end of superbatch: [36m5.1[0ms     [Fsuperbatch [36m116[0m [[35m83.9[0m% ([36m640[0m/[36m763[0m batches, [36m6536102[0m pos/sec)]
Estimated time to end of superbatch: [36m2.5[0ms     [Fsuperbatch [36m116[0m | time [36m15.3[0ms | running loss [36m0.012455[0m | [36m6519002[0m pos/sec | total time [36m1712.1[0ms
Estimated time remaining in training: [36m0[0mh [36m47[0mm [36m43[0ms
LR dropped to [36m0.00062295806[0m
superbatch [36m117[0m [[35m0.0[0m% ([36m0[0m/[36m763[0m batches, [36m6824150[0m pos/sec)]
Estimated time to end of superbatch: [36minf[0ms     [Fsuperbatch [36m117[0m [[35m16.8[0m% ([36m128[0m/[36m763[0m batches, [36m6327317[0m pos/sec)]
Estimated time to end of superbatch: [36m13.3[0ms     [Fsuperbatch [36m117[0m [[35m33.6[0m% ([36m256[0m/[36m763[0m batches, [36m6423494[0m pos/sec)]
Estimated time to end of superbatch: [36m10.4[0ms     [Fsuperbatch [36m117[0m [[35m50.3[0m% ([36m384[0m/[36m763[0m batches, [36m6479658[0m pos/sec)]
Estimated time to end of superbatch: [36m7.7[0ms     [Fsuperbatch [36m117[0m [[35m67.1[0m% ([36m512[0m/[36m763[0m batches, [36m6499828[0m pos/sec)]
Estimated time to end of superbatch: [36m5.1[0ms     [Fsuperbatch [36m117[0m [[35m83.9[0m% ([36m640[0m/[36m763[0m batches, [36m6513042[0m pos/sec)]
Estimated time to end of superbatch: [36m2.5[0ms     [Fsuperbatch [36m117[0m | time [36m15.3[0ms | running loss [36m0.012644[0m | [36m6521620[0m pos/sec | total time [36m1727.4[0ms
Estimated time remaining in training: [36m0[0mh [36m47[0mm [36m29[0ms
LR dropped to [36m0.0006197355[0m
superbatch [36m118[0m [[35m0.0[0m% ([36m0[0m/[36m763[0m batches, [36m6819758[0m pos/sec)]
Estimated time to end of superbatch: [36minf[0ms     [Fsuperbatch [36m118[0m [[35m16.8[0m% ([36m128[0m/[36m763[0m batches, [36m6415634[0m pos/sec)]
Estimated time to end of superbatch: [36m13.1[0ms     [Fsuperbatch [36m118[0m [[35m33.6[0m% ([36m256[0m/[36m763[0m batches, [36m6467220[0m pos/sec)]
Estimated time to end of superbatch: [36m10.3[0ms     [Fsuperbatch [36m118[0m [[35m50.3[0m% ([36m384[0m/[36m763[0m batches, [36m6392788[0m pos/sec)]
Estimated time to end of superbatch: [36m7.8[0ms     [Fsuperbatch [36m118[0m [[35m67.1[0m% ([36m512[0m/[36m763[0m batches, [36m6406192[0m pos/sec)]
Estimated time to end of superbatch: [36m5.1[0ms     [Fsuperbatch [36m118[0m [[35m83.9[0m% ([36m640[0m/[36m763[0m batches, [36m6441342[0m pos/sec)]
Estimated time to end of superbatch: [36m2.5[0ms     [Fsuperbatch [36m118[0m | time [36m15.4[0ms | running loss [36m0.012500[0m | [36m6500516[0m pos/sec | total time [36m1742.8[0ms
Estimated time remaining in training: [36m0[0mh [36m47[0mm [36m15[0ms
LR dropped to [36m0.00061651296[0m
superbatch [36m119[0m [[35m0.0[0m% ([36m0[0m/[36m763[0m batches, [36m6863177[0m pos/sec)]
Estimated time to end of superbatch: [36minf[0ms     [Fsuperbatch [36m119[0m [[35m16.8[0m% ([36m128[0m/[36m763[0m batches, [36m6715424[0m pos/sec)]
Estimated time to end of superbatch: [36m12.5[0ms     [Fsuperbatch [36m119[0m [[35m33.6[0m% ([36m256[0m/[36m763[0m batches, [36m6759509[0m pos/sec)]
Estimated time to end of superbatch: [36m9.9[0ms     [Fsuperbatch [36m119[0m [[35m50.3[0m% ([36m384[0m/[36m763[0m batches, [36m6780662[0m pos/sec)]
Estimated time to end of superbatch: [36m7.3[0ms     [Fsuperbatch [36m119[0m [[35m67.1[0m% ([36m512[0m/[36m763[0m batches, [36m6794346[0m pos/sec)]
Estimated time to end of superbatch: [36m4.9[0ms     [Fsuperbatch [36m119[0m [[35m83.9[0m% ([36m640[0m/[36m763[0m batches, [36m6801014[0m pos/sec)]
Estimated time to end of superbatch: [36m2.4[0ms     [Fsuperbatch [36m119[0m | time [36m14.8[0ms | running loss [36m0.012682[0m | [36m6778062[0m pos/sec | total time [36m1757.5[0ms
Estimated time remaining in training: [36m0[0mh [36m47[0mm [36m0[0ms
LR dropped to [36m0.00061329035[0m
superbatch [36m120[0m [[35m0.0[0m% ([36m0[0m/[36m763[0m batches, [36m6815932[0m pos/sec)]
Estimated time to end of superbatch: [36minf[0ms     [Fsuperbatch [36m120[0m [[35m16.8[0m% ([36m128[0m/[36m763[0m batches, [36m6595880[0m pos/sec)]
Estimated time to end of superbatch: [36m12.7[0ms     [Fsuperbatch [36m120[0m [[35m33.6[0m% ([36m256[0m/[36m763[0m batches, [36m6598208[0m pos/sec)]
Estimated time to end of superbatch: [36m10.1[0ms     [Fsuperbatch [36m120[0m [[35m50.3[0m% ([36m384[0m/[36m763[0m batches, [36m6510392[0m pos/sec)]
Estimated time to end of superbatch: [36m7.7[0ms     [Fsuperbatch [36m120[0m [[35m67.1[0m% ([36m512[0m/[36m763[0m batches, [36m6545338[0m pos/sec)]
Estimated time to end of superbatch: [36m5.0[0ms     [Fsuperbatch [36m120[0m [[35m83.9[0m% ([36m640[0m/[36m763[0m batches, [36m6560654[0m pos/sec)]
Estimated time to end of superbatch: [36m2.5[0ms     [Fsuperbatch [36m120[0m | time [36m15.2[0ms | running loss [36m0.012589[0m | [36m6593268[0m pos/sec | total time [36m1772.7[0ms
Estimated time remaining in training: [36m0[0mh [36m46[0mm [36m46[0ms
Saved [anna-v3b-s1-120]
LR dropped to [36m0.0006100678[0m
superbatch [36m121[0m [[35m0.0[0m% ([36m0[0m/[36m763[0m batches, [36m6579124[0m pos/sec)]
Estimated time to end of superbatch: [36minf[0ms     [Fsuperbatch [36m121[0m [[35m16.8[0m% ([36m128[0m/[36m763[0m batches, [36m6370355[0m pos/sec)]
Estimated time to end of superbatch: [36m13.2[0ms     [Fsuperbatch [36m121[0m [[35m33.6[0m% ([36m256[0m/[36m763[0m batches, [36m6466158[0m pos/sec)]
Estimated time to end of superbatch: [36m10.3[0ms     [Fsuperbatch [36m121[0m [[35m50.3[0m% ([36m384[0m/[36m763[0m batches, [36m6513635[0m pos/sec)]
Estimated time to end of superbatch: [36m7.6[0ms     [Fsuperbatch [36m121[0m [[35m67.1[0m% ([36m512[0m/[36m763[0m batches, [36m6536473[0m pos/sec)]
Estimated time to end of superbatch: [36m5.0[0ms     [Fsuperbatch [36m121[0m [[35m83.9[0m% ([36m640[0m/[36m763[0m batches, [36m6535304[0m pos/sec)]
Estimated time to end of superbatch: [36m2.5[0ms     [Fsuperbatch [36m121[0m | time [36m15.3[0ms | running loss [36m0.012747[0m | [36m6550988[0m pos/sec | total time [36m1791.0[0ms
Estimated time remaining in training: [36m0[0mh [36m46[0mm [36m37[0ms
LR dropped to [36m0.0006068452[0m
superbatch [36m122[0m [[35m0.0[0m% ([36m0[0m/[36m763[0m batches, [36m6804136[0m pos/sec)]
Estimated time to end of superbatch: [36minf[0ms     [Fsuperbatch [36m122[0m [[35m16.8[0m% ([36m128[0m/[36m763[0m batches, [36m6498984[0m pos/sec)]
Estimated time to end of superbatch: [36m12.9[0ms     [Fsuperbatch [36m122[0m [[35m33.6[0m% ([36m256[0m/[36m763[0m batches, [36m6534300[0m pos/sec)]
Estimated time to end of superbatch: [36m10.2[0ms     [Fsuperbatch [36m122[0m [[35m50.3[0m% ([36m384[0m/[36m763[0m batches, [36m6552970[0m pos/sec)]
Estimated time to end of superbatch: [36m7.6[0ms     [Fsuperbatch [36m122[0m [[35m67.1[0m% ([36m512[0m/[36m763[0m batches, [36m6553462[0m pos/sec)]
Estimated time to end of superbatch: [36m5.0[0ms     [Fsuperbatch [36m122[0m [[35m83.9[0m% ([36m640[0m/[36m763[0m batches, [36m6590402[0m pos/sec)]
Estimated time to end of superbatch: [36m2.5[0ms     [Fsuperbatch [36m122[0m | time [36m15.1[0ms | running loss [36m0.012661[0m | [36m6601406[0m pos/sec | total time [36m1806.2[0ms
Estimated time remaining in training: [36m0[0mh [36m46[0mm [36m23[0ms
LR dropped to [36m0.00060362264[0m
superbatch [36m123[0m [[35m0.0[0m% ([36m0[0m/[36m763[0m batches, [36m6837946[0m pos/sec)]
Estimated time to end of superbatch: [36minf[0ms     [Fsuperbatch [36m123[0m [[35m16.8[0m% ([36m128[0m/[36m763[0m batches, [36m6668092[0m pos/sec)]
Estimated time to end of superbatch: [36m12.6[0ms     [Fsuperbatch [36m123[0m [[35m33.6[0m% ([36m256[0m/[36m763[0m batches, [36m6689360[0m pos/sec)]
Estimated time to end of superbatch: [36m10.0[0ms     [Fsuperbatch [36m123[0m [[35m50.3[0m% ([36m384[0m/[36m763[0m batches, [36m6660572[0m pos/sec)]
Estimated time to end of superbatch: [36m7.5[0ms     [Fsuperbatch [36m123[0m [[35m67.1[0m% ([36m512[0m/[36m763[0m batches, [36m6688974[0m pos/sec)]
Estimated time to end of superbatch: [36m4.9[0ms     [Fsuperbatch [36m123[0m [[35m83.9[0m% ([36m640[0m/[36m763[0m batches, [36m6713656[0m pos/sec)]
Estimated time to end of superbatch: [36m2.4[0ms     [Fsuperbatch [36m123[0m | time [36m15.0[0ms | running loss [36m0.012783[0m | [36m6671060[0m pos/sec | total time [36m1821.2[0ms
Estimated time remaining in training: [36m0[0mh [36m46[0mm [36m8[0ms
LR dropped to [36m0.00060040003[0m
superbatch [36m124[0m [[35m0.0[0m% ([36m0[0m/[36m763[0m batches, [36m6783792[0m pos/sec)]
Estimated time to end of superbatch: [36minf[0ms     [Fsuperbatch [36m124[0m [[35m16.8[0m% ([36m128[0m/[36m763[0m batches, [36m6612854[0m pos/sec)]
Estimated time to end of superbatch: [36m12.7[0ms     [Fsuperbatch [36m124[0m [[35m33.6[0m% ([36m256[0m/[36m763[0m batches, [36m6534925[0m pos/sec)]
Estimated time to end of superbatch: [36m10.2[0ms     [Fsuperbatch [36m124[0m [[35m50.3[0m% ([36m384[0m/[36m763[0m batches, [36m6497966[0m pos/sec)]
Estimated time to end of superbatch: [36m7.7[0ms     [Fsuperbatch [36m124[0m [[35m67.1[0m% ([36m512[0m/[36m763[0m batches, [36m6534442[0m pos/sec)]
Estimated time to end of superbatch: [36m5.0[0ms     [Fsuperbatch [36m124[0m [[35m83.9[0m% ([36m640[0m/[36m763[0m batches, [36m6542372[0m pos/sec)]
Estimated time to end of superbatch: [36m2.5[0ms     [Fsuperbatch [36m124[0m | time [36m15.2[0ms | running loss [36m0.012692[0m | [36m6575390[0m pos/sec | total time [36m1836.4[0ms
Estimated time remaining in training: [36m0[0mh [36m45[0mm [36m54[0ms
LR dropped to [36m0.0005971774[0m
superbatch [36m125[0m [[35m0.0[0m% ([36m0[0m/[36m763[0m batches, [36m6831118[0m pos/sec)]
Estimated time to end of superbatch: [36minf[0ms     [Fsuperbatch [36m125[0m [[35m16.8[0m% ([36m128[0m/[36m763[0m batches, [36m6501789[0m pos/sec)]
Estimated time to end of superbatch: [36m12.9[0ms     [Fsuperbatch [36m125[0m [[35m33.6[0m% ([36m256[0m/[36m763[0m batches, [36m6552208[0m pos/sec)]
Estimated time to end of superbatch: [36m10.2[0ms     [Fsuperbatch [36m125[0m [[35m50.3[0m% ([36m384[0m/[36m763[0m batches, [36m6504997[0m pos/sec)]
Estimated time to end of superbatch: [36m7.7[0ms     [Fsuperbatch [36m125[0m [[35m67.1[0m% ([36m512[0m/[36m763[0m batches, [36m6394988[0m pos/sec)]
Estimated time to end of superbatch: [36m5.2[0ms     [Fsuperbatch [36m125[0m [[35m83.9[0m% ([36m640[0m/[36m763[0m batches, [36m6395555[0m pos/sec)]
Estimated time to end of superbatch: [36m2.5[0ms     [Fsuperbatch [36m125[0m | time [36m15.7[0ms | running loss [36m0.012891[0m | [36m6369852[0m pos/sec | total time [36m1852.1[0ms
Estimated time remaining in training: [36m0[0mh [36m45[0mm [36m41[0ms
LR dropped to [36m0.0005939549[0m
superbatch [36m126[0m [[35m0.0[0m% ([36m0[0m/[36m763[0m batches, [36m6774843[0m pos/sec)]
Estimated time to end of superbatch: [36minf[0ms     [Fsuperbatch [36m126[0m [[35m16.8[0m% ([36m128[0m/[36m763[0m batches, [36m6561898[0m pos/sec)]
Estimated time to end of superbatch: [36m12.8[0ms     [Fsuperbatch [36m126[0m [[35m33.6[0m% ([36m256[0m/[36m763[0m batches, [36m6676266[0m pos/sec)]
Estimated time to end of superbatch: [36m10.0[0ms     [Fsuperbatch [36m126[0m [[35m50.3[0m% ([36m384[0m/[36m763[0m batches, [36m6609798[0m pos/sec)]
Estimated time to end of superbatch: [36m7.5[0ms     [Fsuperbatch [36m126[0m [[35m67.1[0m% ([36m512[0m/[36m763[0m batches, [36m6626067[0m pos/sec)]
Estimated time to end of superbatch: [36m5.0[0ms     [Fsuperbatch [36m126[0m [[35m83.9[0m% ([36m640[0m/[36m763[0m batches, [36m6593423[0m pos/sec)]
Estimated time to end of superbatch: [36m2.4[0ms     [Fsuperbatch [36m126[0m | time [36m15.1[0ms | running loss [36m0.012875[0m | [36m6612770[0m pos/sec | total time [36m1867.2[0ms
Estimated time remaining in training: [36m0[0mh [36m45[0mm [36m26[0ms
LR dropped to [36m0.0005907323[0m
superbatch [36m127[0m [[35m0.0[0m% ([36m0[0m/[36m763[0m batches, [36m6790896[0m pos/sec)]
Estimated time to end of superbatch: [36minf[0ms     [Fsuperbatch [36m127[0m [[35m16.8[0m% ([36m128[0m/[36m763[0m batches, [36m6582095[0m pos/sec)]
Estimated time to end of superbatch: [36m12.7[0ms     [Fsuperbatch [36m127[0m [[35m33.6[0m% ([36m256[0m/[36m763[0m batches, [36m6587958[0m pos/sec)]
Estimated time to end of superbatch: [36m10.1[0ms     [Fsuperbatch [36m127[0m [[35m50.3[0m% ([36m384[0m/[36m763[0m batches, [36m6519738[0m pos/sec)]
Estimated time to end of superbatch: [36m7.6[0ms     [Fsuperbatch [36m127[0m [[35m67.1[0m% ([36m512[0m/[36m763[0m batches, [36m6559364[0m pos/sec)]
Estimated time to end of superbatch: [36m5.0[0ms     [Fsuperbatch [36m127[0m [[35m83.9[0m% ([36m640[0m/[36m763[0m batches, [36m6593682[0m pos/sec)]
Estimated time to end of superbatch: [36m2.4[0ms     [Fsuperbatch [36m127[0m | time [36m15.2[0ms | running loss [36m0.012973[0m | [36m6581708[0m pos/sec | total time [36m1882.4[0ms
Estimated time remaining in training: [36m0[0mh [36m45[0mm [36m12[0ms
LR dropped to [36m0.0005875097[0m
superbatch [36m128[0m [[35m0.0[0m% ([36m0[0m/[36m763[0m batches, [36m6769812[0m pos/sec)]
Estimated time to end of superbatch: [36minf[0ms     [Fsuperbatch [36m128[0m [[35m16.8[0m% ([36m128[0m/[36m763[0m batches, [36m6689652[0m pos/sec)]
Estimated time to end of superbatch: [36m12.5[0ms     [Fsuperbatch [36m128[0m [[35m33.6[0m% ([36m256[0m/[36m763[0m batches, [36m6578566[0m pos/sec)]
Estimated time to end of superbatch: [36m10.1[0ms     [Fsuperbatch [36m128[0m [[35m50.3[0m% ([36m384[0m/[36m763[0m batches, [36m6521411[0m pos/sec)]
Estimated time to end of superbatch: [36m7.6[0ms     [Fsuperbatch [36m128[0m [[35m67.1[0m% ([36m512[0m/[36m763[0m batches, [36m6545856[0m pos/sec)]
Estimated time to end of superbatch: [36m5.0[0ms     [Fsuperbatch [36m128[0m [[35m83.9[0m% ([36m640[0m/[36m763[0m batches, [36m6540877[0m pos/sec)]
Estimated time to end of superbatch: [36m2.5[0ms     [Fsuperbatch [36m128[0m | time [36m15.3[0ms | running loss [36m0.012952[0m | [36m6527855[0m pos/sec | total time [36m1897.7[0ms
Estimated time remaining in training: [36m0[0mh [36m44[0mm [36m58[0ms
LR dropped to [36m0.0005842871[0m
superbatch [36m129[0m [[35m0.0[0m% ([36m0[0m/[36m763[0m batches, [36m6797700[0m pos/sec)]
Estimated time to end of superbatch: [36minf[0ms     [Fsuperbatch [36m129[0m [[35m16.8[0m% ([36m128[0m/[36m763[0m batches, [36m6703414[0m pos/sec)]
Estimated time to end of superbatch: [36m12.5[0ms     [Fsuperbatch [36m129[0m [[35m33.6[0m% ([36m256[0m/[36m763[0m batches, [36m6537108[0m pos/sec)]
Estimated time to end of superbatch: [36m10.2[0ms     [Fsuperbatch [36m129[0m [[35m50.3[0m% ([36m384[0m/[36m763[0m batches, [36m6581768[0m pos/sec)]
Estimated time to end of superbatch: [36m7.6[0ms     [Fsuperbatch [36m129[0m [[35m67.1[0m% ([36m512[0m/[36m763[0m batches, [36m6611199[0m pos/sec)]
Estimated time to end of superbatch: [36m5.0[0ms     [Fsuperbatch [36m129[0m [[35m83.9[0m% ([36m640[0m/[36m763[0m batches, [36m6599358[0m pos/sec)]
Estimated time to end of superbatch: [36m2.4[0ms     [Fsuperbatch [36m129[0m | time [36m15.1[0ms | running loss [36m0.012996[0m | [36m6623804[0m pos/sec | total time [36m1912.8[0ms
Estimated time remaining in training: [36m0[0mh [36m44[0mm [36m43[0ms
LR dropped to [36m0.00058106455[0m
superbatch [36m130[0m [[35m0.0[0m% ([36m0[0m/[36m763[0m batches, [36m6782066[0m pos/sec)]
Estimated time to end of superbatch: [36minf[0ms     [Fsuperbatch [36m130[0m [[35m16.8[0m% ([36m128[0m/[36m763[0m batches, [36m6772806[0m pos/sec)]
Estimated time to end of superbatch: [36m12.4[0ms     [Fsuperbatch [36m130[0m [[35m33.6[0m% ([36m256[0m/[36m763[0m batches, [36m6757438[0m pos/sec)]
Estimated time to end of superbatch: [36m9.9[0ms     [Fsuperbatch [36m130[0m [[35m50.3[0m% ([36m384[0m/[36m763[0m batches, [36m6686814[0m pos/sec)]
Estimated time to end of superbatch: [36m7.4[0ms     [Fsuperbatch [36m130[0m [[35m67.1[0m% ([36m512[0m/[36m763[0m batches, [36m6685686[0m pos/sec)]
Estimated time to end of superbatch: [36m4.9[0ms     [Fsuperbatch [36m130[0m [[35m83.9[0m% ([36m640[0m/[36m763[0m batches, [36m6658574[0m pos/sec)]
Estimated time to end of superbatch: [36m2.4[0ms     [Fsuperbatch [36m130[0m | time [36m15.0[0ms | running loss [36m0.012984[0m | [36m6652606[0m pos/sec | total time [36m1927.8[0ms
Estimated time remaining in training: [36m0[0mh [36m44[0mm [36m29[0ms
LR dropped to [36m0.00057784194[0m
superbatch [36m131[0m [[35m0.0[0m% ([36m0[0m/[36m763[0m batches, [36m6795409[0m pos/sec)]
Estimated time to end of superbatch: [36minf[0ms     [Fsuperbatch [36m131[0m [[35m16.8[0m% ([36m128[0m/[36m763[0m batches, [36m6461237[0m pos/sec)]
Estimated time to end of superbatch: [36m13.0[0ms     [Fsuperbatch [36m131[0m [[35m33.6[0m% ([36m256[0m/[36m763[0m batches, [36m6444070[0m pos/sec)]
Estimated time to end of superbatch: [36m10.4[0ms     [Fsuperbatch [36m131[0m [[35m50.3[0m% ([36m384[0m/[36m763[0m batches, [36m6376114[0m pos/sec)]
Estimated time to end of superbatch: [36m7.8[0ms     [Fsuperbatch [36m131[0m [[35m67.1[0m% ([36m512[0m/[36m763[0m batches, [36m6434471[0m pos/sec)]
Estimated time to end of superbatch: [36m5.1[0ms     [Fsuperbatch [36m131[0m [[35m83.9[0m% ([36m640[0m/[36m763[0m batches, [36m6463016[0m pos/sec)]
Estimated time to end of superbatch: [36m2.5[0ms     [Fsuperbatch [36m131[0m | time [36m15.4[0ms | running loss [36m0.013039[0m | [36m6478550[0m pos/sec | total time [36m1943.3[0ms
Estimated time remaining in training: [36m0[0mh [36m44[0mm [36m15[0ms
LR dropped to [36m0.0005746194[0m
superbatch [36m132[0m [[35m0.0[0m% ([36m0[0m/[36m763[0m batches, [36m6764408[0m pos/sec)]
Estimated time to end of superbatch: [36minf[0ms     [Fsuperbatch [36m132[0m [[35m16.8[0m% ([36m128[0m/[36m763[0m batches, [36m6607338[0m pos/sec)]
Estimated time to end of superbatch: [36m12.7[0ms     [Fsuperbatch [36m132[0m [[35m33.6[0m% ([36m256[0m/[36m763[0m batches, [36m6581346[0m pos/sec)]
Estimated time to end of superbatch: [36m10.1[0ms     [Fsuperbatch [36m132[0m [[35m50.3[0m% ([36m384[0m/[36m763[0m batches, [36m6604658[0m pos/sec)]
Estimated time to end of superbatch: [36m7.5[0ms     [Fsuperbatch [36m132[0m [[35m67.1[0m% ([36m512[0m/[36m763[0m batches, [36m6592115[0m pos/sec)]
Estimated time to end of superbatch: [36m5.0[0ms     [Fsuperbatch [36m132[0m [[35m83.9[0m% ([36m640[0m/[36m763[0m batches, [36m6577036[0m pos/sec)]
Estimated time to end of superbatch: [36m2.5[0ms     [Fsuperbatch [36m132[0m | time [36m15.2[0ms | running loss [36m0.013047[0m | [36m6582228[0m pos/sec | total time [36m1958.5[0ms
Estimated time remaining in training: [36m0[0mh [36m44[0mm [36m0[0ms
LR dropped to [36m0.0005713968[0m
superbatch [36m133[0m [[35m0.0[0m% ([36m0[0m/[36m763[0m batches, [36m6782568[0m pos/sec)]
Estimated time to end of superbatch: [36minf[0ms     [Fsuperbatch [36m133[0m [[35m16.8[0m% ([36m128[0m/[36m763[0m batches, [36m6478740[0m pos/sec)]
Estimated time to end of superbatch: [36m12.9[0ms     [Fsuperbatch [36m133[0m [[35m33.6[0m% ([36m256[0m/[36m763[0m batches, [36m6549657[0m pos/sec)]
Estimated time to end of superbatch: [36m10.2[0ms     [Fsuperbatch [36m133[0m [[35m50.3[0m% ([36m384[0m/[36m763[0m batches, [36m6619396[0m pos/sec)]
Estimated time to end of superbatch: [36m7.5[0ms     [Fsuperbatch [36m133[0m [[35m67.1[0m% ([36m512[0m/[36m763[0m batches, [36m6639416[0m pos/sec)]
Estimated time to end of superbatch: [36m5.0[0ms     [Fsuperbatch [36m133[0m [[35m83.9[0m% ([36m640[0m/[36m763[0m batches, [36m6654520[0m pos/sec)]
Estimated time to end of superbatch: [36m2.4[0ms     [Fsuperbatch [36m133[0m | time [36m15.0[0ms | running loss [36m0.013073[0m | [36m6671200[0m pos/sec | total time [36m1973.5[0ms
Estimated time remaining in training: [36m0[0mh [36m43[0mm [36m46[0ms
LR dropped to [36m0.00056817423[0m
superbatch [36m134[0m [[35m0.0[0m% ([36m0[0m/[36m763[0m batches, [36m6761397[0m pos/sec)]
Estimated time to end of superbatch: [36minf[0ms     [Fsuperbatch [36m134[0m [[35m16.8[0m% ([36m128[0m/[36m763[0m batches, [36m6767963[0m pos/sec)]
Estimated time to end of superbatch: [36m12.4[0ms     [Fsuperbatch [36m134[0m [[35m33.6[0m% ([36m256[0m/[36m763[0m batches, [36m6739320[0m pos/sec)]
Estimated time to end of superbatch: [36m9.9[0ms     [Fsuperbatch [36m134[0m [[35m50.3[0m% ([36m384[0m/[36m763[0m batches, [36m6643832[0m pos/sec)]
Estimated time to end of superbatch: [36m7.5[0ms     [Fsuperbatch [36m134[0m [[35m67.1[0m% ([36m512[0m/[36m763[0m batches, [36m6619356[0m pos/sec)]
Estimated time to end of superbatch: [36m5.0[0ms     [Fsuperbatch [36m134[0m [[35m83.9[0m% ([36m640[0m/[36m763[0m batches, [36m6641398[0m pos/sec)]
Estimated time to end of superbatch: [36m2.4[0ms     [Fsuperbatch [36m134[0m | time [36m15.1[0ms | running loss [36m0.013106[0m | [36m6628244[0m pos/sec | total time [36m1988.6[0ms
Estimated time remaining in training: [36m0[0mh [36m43[0mm [36m31[0ms
LR dropped to [36m0.0005649517[0m
superbatch [36m135[0m [[35m0.0[0m% ([36m0[0m/[36m763[0m batches, [36m6770660[0m pos/sec)]
Estimated time to end of superbatch: [36minf[0ms     [Fsuperbatch [36m135[0m [[35m16.8[0m% ([36m128[0m/[36m763[0m batches, [36m6601648[0m pos/sec)]
Estimated time to end of superbatch: [36m12.7[0ms     [Fsuperbatch [36m135[0m [[35m33.6[0m% ([36m256[0m/[36m763[0m batches, [36m6653888[0m pos/sec)]
Estimated time to end of superbatch: [36m10.0[0ms     [Fsuperbatch [36m135[0m [[35m50.3[0m% ([36m384[0m/[36m763[0m batches, [36m6614990[0m pos/sec)]
Estimated time to end of superbatch: [36m7.5[0ms     [Fsuperbatch [36m135[0m [[35m67.1[0m% ([36m512[0m/[36m763[0m batches, [36m6609456[0m pos/sec)]
Estimated time to end of superbatch: [36m5.0[0ms     [Fsuperbatch [36m135[0m [[35m83.9[0m% ([36m640[0m/[36m763[0m batches, [36m6405585[0m pos/sec)]
Estimated time to end of superbatch: [36m2.5[0ms     [Fsuperbatch [36m135[0m | time [36m15.5[0ms | running loss [36m0.013112[0m | [36m6453158[0m pos/sec | total time [36m2004.1[0ms
Estimated time remaining in training: [36m0[0mh [36m43[0mm [36m17[0ms
LR dropped to [36m0.0005617291[0m
superbatch [36m136[0m [[35m0.0[0m% ([36m0[0m/[36m763[0m batches, [36m6765801[0m pos/sec)]
Estimated time to end of superbatch: [36minf[0ms     [Fsuperbatch [36m136[0m [[35m16.8[0m% ([36m128[0m/[36m763[0m batches, [36m6695085[0m pos/sec)]
Estimated time to end of superbatch: [36m12.5[0ms     [Fsuperbatch [36m136[0m [[35m33.6[0m% ([36m256[0m/[36m763[0m batches, [36m6703598[0m pos/sec)]
Estimated time to end of superbatch: [36m10.0[0ms     [Fsuperbatch [36m136[0m [[35m50.3[0m% ([36m384[0m/[36m763[0m batches, [36m6652519[0m pos/sec)]
Estimated time to end of superbatch: [36m7.5[0ms     [Fsuperbatch [36m136[0m [[35m67.1[0m% ([36m512[0m/[36m763[0m batches, [36m6602514[0m pos/sec)]
Estimated time to end of superbatch: [36m5.0[0ms     [Fsuperbatch [36m136[0m [[35m83.9[0m% ([36m640[0m/[36m763[0m batches, [36m6629143[0m pos/sec)]
Estimated time to end of superbatch: [36m2.4[0ms     [Fsuperbatch [36m136[0m | time [36m15.0[0ms | running loss [36m0.013210[0m | [36m6648096[0m pos/sec | total time [36m2019.1[0ms
Estimated time remaining in training: [36m0[0mh [36m43[0mm [36m3[0ms
LR dropped to [36m0.00055850646[0m
superbatch [36m137[0m [[35m0.0[0m% ([36m0[0m/[36m763[0m batches, [36m6782532[0m pos/sec)]
Estimated time to end of superbatch: [36minf[0ms     [Fsuperbatch [36m137[0m [[35m16.8[0m% ([36m128[0m/[36m763[0m batches, [36m6720716[0m pos/sec)]
Estimated time to end of superbatch: [36m12.5[0ms     [Fsuperbatch [36m137[0m [[35m33.6[0m% ([36m256[0m/[36m763[0m batches, [36m6639888[0m pos/sec)]
Estimated time to end of superbatch: [36m10.0[0ms     [Fsuperbatch [36m137[0m [[35m50.3[0m% ([36m384[0m/[36m763[0m batches, [36m6573776[0m pos/sec)]
Estimated time to end of superbatch: [36m7.6[0ms     [Fsuperbatch [36m137[0m [[35m67.1[0m% ([36m512[0m/[36m763[0m batches, [36m6508444[0m pos/sec)]
Estimated time to end of superbatch: [36m5.1[0ms     [Fsuperbatch [36m137[0m [[35m83.9[0m% ([36m640[0m/[36m763[0m batches, [36m6416920[0m pos/sec)]
Estimated time to end of superbatch: [36m2.5[0ms     [Fsuperbatch [36m137[0m | time [36m15.5[0ms | running loss [36m0.013195[0m | [36m6460147[0m pos/sec | total time [36m2034.6[0ms
Estimated time remaining in training: [36m0[0mh [36m42[0mm [36m49[0ms
LR dropped to [36m0.0005552839[0m
superbatch [36m138[0m [[35m0.0[0m% ([36m0[0m/[36m763[0m batches, [36m6750680[0m pos/sec)]
Estimated time to end of superbatch: [36minf[0ms     [Fsuperbatch [36m138[0m [[35m16.8[0m% ([36m128[0m/[36m763[0m batches, [36m6685525[0m pos/sec)]
Estimated time to end of superbatch: [36m12.5[0ms     [Fsuperbatch [36m138[0m [[35m33.6[0m% ([36m256[0m/[36m763[0m batches, [36m6608152[0m pos/sec)]
Estimated time to end of superbatch: [36m10.1[0ms     [Fsuperbatch [36m138[0m [[35m50.3[0m% ([36m384[0m/[36m763[0m batches, [36m6630938[0m pos/sec)]
Estimated time to end of superbatch: [36m7.5[0ms     [Fsuperbatch [36m138[0m [[35m67.1[0m% ([36m512[0m/[36m763[0m batches, [36m6645840[0m pos/sec)]
Estimated time to end of superbatch: [36m5.0[0ms     [Fsuperbatch [36m138[0m [[35m83.9[0m% ([36m640[0m/[36m763[0m batches, [36m6638548[0m pos/sec)]
Estimated time to end of superbatch: [36m2.4[0ms     [Fsuperbatch [36m138[0m | time [36m15.1[0ms | running loss [36m0.013257[0m | [36m6622994[0m pos/sec | total time [36m2049.7[0ms
Estimated time remaining in training: [36m0[0mh [36m42[0mm [36m34[0ms
LR dropped to [36m0.00055206136[0m
superbatch [36m139[0m [[35m0.0[0m% ([36m0[0m/[36m763[0m batches, [36m6781596[0m pos/sec)]
Estimated time to end of superbatch: [36minf[0ms     [Fsuperbatch [36m139[0m [[35m16.8[0m% ([36m128[0m/[36m763[0m batches, [36m6572330[0m pos/sec)]
Estimated time to end of superbatch: [36m12.8[0ms     [Fsuperbatch [36m139[0m [[35m33.6[0m% ([36m256[0m/[36m763[0m batches, [36m6629154[0m pos/sec)]
Estimated time to end of superbatch: [36m10.1[0ms     [Fsuperbatch [36m139[0m [[35m50.3[0m% ([36m384[0m/[36m763[0m batches, [36m6553948[0m pos/sec)]
Estimated time to end of superbatch: [36m7.6[0ms     [Fsuperbatch [36m139[0m [[35m67.1[0m% ([36m512[0m/[36m763[0m batches, [36m6600620[0m pos/sec)]
Estimated time to end of superbatch: [36m5.0[0ms     [Fsuperbatch [36m139[0m [[35m83.9[0m% ([36m640[0m/[36m763[0m batches, [36m6620151[0m pos/sec)]
Estimated time to end of superbatch: [36m2.4[0ms     [Fsuperbatch [36m139[0m | time [36m15.1[0ms | running loss [36m0.013207[0m | [36m6620939[0m pos/sec | total time [36m2064.8[0ms
Estimated time remaining in training: [36m0[0mh [36m42[0mm [36m20[0ms
LR dropped to [36m0.00054883875[0m
superbatch [36m140[0m [[35m0.0[0m% ([36m0[0m/[36m763[0m batches, [36m6746752[0m pos/sec)]
Estimated time to end of superbatch: [36minf[0ms     [Fsuperbatch [36m140[0m [[35m16.8[0m% ([36m128[0m/[36m763[0m batches, [36m6613658[0m pos/sec)]
Estimated time to end of superbatch: [36m12.7[0ms     [Fsuperbatch [36m140[0m [[35m33.6[0m% ([36m256[0m/[36m763[0m batches, [36m6685561[0m pos/sec)]
Estimated time to end of superbatch: [36m10.0[0ms     [Fsuperbatch [36m140[0m [[35m50.3[0m% ([36m384[0m/[36m763[0m batches, [36m6645330[0m pos/sec)]
Estimated time to end of superbatch: [36m7.5[0ms     [Fsuperbatch [36m140[0m [[35m67.1[0m% ([36m512[0m/[36m763[0m batches, [36m6617152[0m pos/sec)]
Estimated time to end of superbatch: [36m5.0[0ms     [Fsuperbatch [36m140[0m [[35m83.9[0m% ([36m640[0m/[36m763[0m batches, [36m6594749[0m pos/sec)]
Estimated time to end of superbatch: [36m2.4[0ms     [Fsuperbatch [36m140[0m | time [36m15.2[0ms | running loss [36m0.013328[0m | [36m6573808[0m pos/sec | total time [36m2080.0[0ms
Estimated time remaining in training: [36m0[0mh [36m42[0mm [36m5[0ms
Saved [anna-v3b-s1-140]
LR dropped to [36m0.00054561615[0m
superbatch [36m141[0m [[35m0.0[0m% ([36m0[0m/[36m763[0m batches, [36m6503648[0m pos/sec)]
Estimated time to end of superbatch: [36minf[0ms     [Fsuperbatch [36m141[0m [[35m16.8[0m% ([36m128[0m/[36m763[0m batches, [36m6249563[0m pos/sec)]
Estimated time to end of superbatch: [36m13.4[0ms     [Fsuperbatch [36m141[0m [[35m33.6[0m% ([36m256[0m/[36m763[0m batches, [36m6375780[0m pos/sec)]
Estimated time to end of superbatch: [36m10.5[0ms     [Fsuperbatch [36m141[0m [[35m50.3[0m% ([36m384[0m/[36m763[0m batches, [36m6386486[0m pos/sec)]
Estimated time to end of superbatch: [36m7.8[0ms     [Fsuperbatch [36m141[0m [[35m67.1[0m% ([36m512[0m/[36m763[0m batches, [36m6416720[0m pos/sec)]
Estimated time to end of superbatch: [36m5.1[0ms     [Fsuperbatch [36m141[0m [[35m83.9[0m% ([36m640[0m/[36m763[0m batches, [36m6431434[0m pos/sec)]
Estimated time to end of superbatch: [36m2.5[0ms     [Fsuperbatch [36m141[0m | time [36m15.5[0ms | running loss [36m0.013286[0m | [36m6465930[0m pos/sec | total time [36m2098.1[0ms
Estimated time remaining in training: [36m0[0mh [36m41[0mm [36m54[0ms
LR dropped to [36m0.00054239354[0m
superbatch [36m142[0m [[35m0.0[0m% ([36m0[0m/[36m763[0m batches, [36m6743905[0m pos/sec)]
Estimated time to end of superbatch: [36minf[0ms     [Fsuperbatch [36m142[0m [[35m16.8[0m% ([36m128[0m/[36m763[0m batches, [36m6368096[0m pos/sec)]
Estimated time to end of superbatch: [36m13.2[0ms     [Fsuperbatch [36m142[0m [[35m33.6[0m% ([36m256[0m/[36m763[0m batches, [36m6436146[0m pos/sec)]
Estimated time to end of superbatch: [36m10.4[0ms     [Fsuperbatch [36m142[0m [[35m50.3[0m% ([36m384[0m/[36m763[0m batches, [36m6481859[0m pos/sec)]
Estimated time to end of superbatch: [36m7.7[0ms     [Fsuperbatch [36m142[0m [[35m67.1[0m% ([36m512[0m/[36m763[0m batches, [36m6458492[0m pos/sec)]
Estimated time to end of superbatch: [36m5.1[0ms     [Fsuperbatch [36m142[0m [[35m83.9[0m% ([36m640[0m/[36m763[0m batches, [36m6437310[0m pos/sec)]
Estimated time to end of superbatch: [36m2.5[0ms     [Fsuperbatch [36m142[0m | time [36m15.5[0ms | running loss [36m0.013413[0m | [36m6470472[0m pos/sec | total time [36m2113.5[0ms
Estimated time remaining in training: [36m0[0mh [36m41[0mm [36m40[0ms
LR dropped to [36m0.000539171[0m
superbatch [36m143[0m [[35m0.0[0m% ([36m0[0m/[36m763[0m batches, [36m6755322[0m pos/sec)]
Estimated time to end of superbatch: [36minf[0ms     [Fsuperbatch [36m143[0m [[35m16.8[0m% ([36m128[0m/[36m763[0m batches, [36m6634246[0m pos/sec)]
Estimated time to end of superbatch: [36m12.6[0ms     [Fsuperbatch [36m143[0m [[35m33.6[0m% ([36m256[0m/[36m763[0m batches, [36m6623164[0m pos/sec)]
Estimated time to end of superbatch: [36m10.1[0ms     [Fsuperbatch [36m143[0m [[35m50.3[0m% ([36m384[0m/[36m763[0m batches, [36m6663446[0m pos/sec)]
Estimated time to end of superbatch: [36m7.5[0ms     [Fsuperbatch [36m143[0m [[35m67.1[0m% ([36m512[0m/[36m763[0m batches, [36m6686083[0m pos/sec)]
Estimated time to end of superbatch: [36m4.9[0ms     [Fsuperbatch [36m143[0m [[35m83.9[0m% ([36m640[0m/[36m763[0m batches, [36m6584390[0m pos/sec)]
Estimated time to end of superbatch: [36m2.5[0ms     [Fsuperbatch [36m143[0m | time [36m15.2[0ms | running loss [36m0.013297[0m | [36m6577578[0m pos/sec | total time [36m2128.8[0ms
Estimated time remaining in training: [36m0[0mh [36m41[0mm [36m26[0ms
LR dropped to [36m0.00053594843[0m
superbatch [36m144[0m [[35m0.0[0m% ([36m0[0m/[36m763[0m batches, [36m6717813[0m pos/sec)]
Estimated time to end of superbatch: [36minf[0ms     [Fsuperbatch [36m144[0m [[35m16.8[0m% ([36m128[0m/[36m763[0m batches, [36m6492724[0m pos/sec)]
Estimated time to end of superbatch: [36m12.9[0ms     [Fsuperbatch [36m144[0m [[35m33.6[0m% ([36m256[0m/[36m763[0m batches, [36m6506448[0m pos/sec)]
Estimated time to end of superbatch: [36m10.3[0ms     [Fsuperbatch [36m144[0m [[35m50.3[0m% ([36m384[0m/[36m763[0m batches, [36m6356513[0m pos/sec)]
Estimated time to end of superbatch: [36m7.8[0ms     [Fsuperbatch [36m144[0m [[35m67.1[0m% ([36m512[0m/[36m763[0m batches, [36m6370835[0m pos/sec)]
Estimated time to end of superbatch: [36m5.2[0ms     [Fsuperbatch [36m144[0m [[35m83.9[0m% ([36m640[0m/[36m763[0m batches, [36m6391682[0m pos/sec)]
Estimated time to end of superbatch: [36m2.5[0ms     [Fsuperbatch [36m144[0m | time [36m15.6[0ms | running loss [36m0.013483[0m | [36m6407504[0m pos/sec | total time [36m2144.4[0ms
Estimated time remaining in training: [36m0[0mh [36m41[0mm [36m11[0ms
LR dropped to [36m0.0005327258[0m
superbatch [36m145[0m [[35m0.0[0m% ([36m0[0m/[36m763[0m batches, [36m6746832[0m pos/sec)]
Estimated time to end of superbatch: [36minf[0ms     [Fsuperbatch [36m145[0m [[35m16.8[0m% ([36m128[0m/[36m763[0m batches, [36m5937142[0m pos/sec)]
Estimated time to end of superbatch: [36m14.1[0ms     [Fsuperbatch [36m145[0m [[35m33.6[0m% ([36m256[0m/[36m763[0m batches, [36m6182358[0m pos/sec)]
Estimated time to end of superbatch: [36m10.8[0ms     [Fsuperbatch [36m145[0m [[35m50.3[0m% ([36m384[0m/[36m763[0m batches, [36m6351978[0m pos/sec)]
Estimated time to end of superbatch: [36m7.8[0ms     [Fsuperbatch [36m145[0m [[35m67.1[0m% ([36m512[0m/[36m763[0m batches, [36m6428468[0m pos/sec)]
Estimated time to end of superbatch: [36m5.1[0ms     [Fsuperbatch [36m145[0m [[35m83.9[0m% ([36m640[0m/[36m763[0m batches, [36m6447650[0m pos/sec)]
Estimated time to end of superbatch: [36m2.5[0ms     [Fsuperbatch [36m145[0m | time [36m15.4[0ms | running loss [36m0.013427[0m | [36m6491917[0m pos/sec | total time [36m2159.8[0ms
Estimated time remaining in training: [36m0[0mh [36m40[0mm [36m57[0ms
LR dropped to [36m0.0005295032[0m
superbatch [36m146[0m [[35m0.0[0m% ([36m0[0m/[36m763[0m batches, [36m6696294[0m pos/sec)]
Estimated time to end of superbatch: [36minf[0ms     [Fsuperbatch [36m146[0m [[35m16.8[0m% ([36m128[0m/[36m763[0m batches, [36m6506530[0m pos/sec)]
Estimated time to end of superbatch: [36m12.9[0ms     [Fsuperbatch [36m146[0m [[35m33.6[0m% ([36m256[0m/[36m763[0m batches, [36m6491412[0m pos/sec)]
Estimated time to end of superbatch: [36m10.3[0ms     [Fsuperbatch [36m146[0m [[35m50.3[0m% ([36m384[0m/[36m763[0m batches, [36m6307802[0m pos/sec)]
Estimated time to end of superbatch: [36m7.9[0ms     [Fsuperbatch [36m146[0m [[35m67.1[0m% ([36m512[0m/[36m763[0m batches, [36m6339748[0m pos/sec)]
Estimated time to end of superbatch: [36m5.2[0ms     [Fsuperbatch [36m146[0m [[35m83.9[0m% ([36m640[0m/[36m763[0m batches, [36m6368148[0m pos/sec)]
Estimated time to end of superbatch: [36m2.5[0ms     [Fsuperbatch [36m146[0m | time [36m15.7[0ms | running loss [36m0.013625[0m | [36m6388846[0m pos/sec | total time [36m2175.4[0ms
Estimated time remaining in training: [36m0[0mh [36m40[0mm [36m43[0ms
LR dropped to [36m0.00052628067[0m
superbatch [36m147[0m [[35m0.0[0m% ([36m0[0m/[36m763[0m batches, [36m6729466[0m pos/sec)]
Estimated time to end of superbatch: [36minf[0ms     [Fsuperbatch [36m147[0m [[35m16.8[0m% ([36m128[0m/[36m763[0m batches, [36m6446951[0m pos/sec)]
Estimated time to end of superbatch: [36m13.0[0ms     [Fsuperbatch [36m147[0m [[35m33.6[0m% ([36m256[0m/[36m763[0m batches, [36m6505176[0m pos/sec)]
Estimated time to end of superbatch: [36m10.3[0ms     [Fsuperbatch [36m147[0m [[35m50.3[0m% ([36m384[0m/[36m763[0m batches, [36m6515475[0m pos/sec)]
Estimated time to end of superbatch: [36m7.6[0ms     [Fsuperbatch [36m147[0m [[35m67.1[0m% ([36m512[0m/[36m763[0m batches, [36m6501424[0m pos/sec)]
Estimated time to end of superbatch: [36m5.1[0ms     [Fsuperbatch [36m147[0m [[35m83.9[0m% ([36m640[0m/[36m763[0m batches, [36m6480366[0m pos/sec)]
Estimated time to end of superbatch: [36m2.5[0ms     [Fsuperbatch [36m147[0m | time [36m15.4[0ms | running loss [36m0.013487[0m | [36m6506999[0m pos/sec | total time [36m2190.8[0ms
Estimated time remaining in training: [36m0[0mh [36m40[0mm [36m29[0ms
LR dropped to [36m0.0005230581[0m
superbatch [36m148[0m [[35m0.0[0m% ([36m0[0m/[36m763[0m batches, [36m6704442[0m pos/sec)]
Estimated time to end of superbatch: [36minf[0ms     [Fsuperbatch [36m148[0m [[35m16.8[0m% ([36m128[0m/[36m763[0m batches, [36m6401080[0m pos/sec)]
Estimated time to end of superbatch: [36m13.1[0ms     [Fsuperbatch [36m148[0m [[35m33.6[0m% ([36m256[0m/[36m763[0m batches, [36m6484193[0m pos/sec)]
Estimated time to end of superbatch: [36m10.3[0ms     [Fsuperbatch [36m148[0m [[35m50.3[0m% ([36m384[0m/[36m763[0m batches, [36m6559176[0m pos/sec)]
Estimated time to end of superbatch: [36m7.6[0ms     [Fsuperbatch [36m148[0m [[35m67.1[0m% ([36m512[0m/[36m763[0m batches, [36m6556729[0m pos/sec)]
Estimated time to end of superbatch: [36m5.0[0ms     [Fsuperbatch [36m148[0m [[35m83.9[0m% ([36m640[0m/[36m763[0m batches, [36m6572549[0m pos/sec)]
Estimated time to end of superbatch: [36m2.5[0ms     [Fsuperbatch [36m148[0m | time [36m15.2[0ms | running loss [36m0.013680[0m | [36m6594948[0m pos/sec | total time [36m2206.0[0ms
Estimated time remaining in training: [36m0[0mh [36m40[0mm [36m14[0ms
LR dropped to [36m0.0005198355[0m
superbatch [36m149[0m [[35m0.0[0m% ([36m0[0m/[36m763[0m batches, [36m6716783[0m pos/sec)]
Estimated time to end of superbatch: [36minf[0ms     [Fsuperbatch [36m149[0m [[35m16.8[0m% ([36m128[0m/[36m763[0m batches, [36m6625840[0m pos/sec)]
Estimated time to end of superbatch: [36m12.7[0ms     [Fsuperbatch [36m149[0m [[35m33.6[0m% ([36m256[0m/[36m763[0m batches, [36m6611585[0m pos/sec)]
Estimated time to end of superbatch: [36m10.1[0ms     [Fsuperbatch [36m149[0m [[35m50.3[0m% ([36m384[0m/[36m763[0m batches, [36m6606624[0m pos/sec)]
Estimated time to end of superbatch: [36m7.5[0ms     [Fsuperbatch [36m149[0m [[35m67.1[0m% ([36m512[0m/[36m763[0m batches, [36m6566276[0m pos/sec)]
Estimated time to end of superbatch: [36m5.0[0ms     [Fsuperbatch [36m149[0m [[35m83.9[0m% ([36m640[0m/[36m763[0m batches, [36m6541327[0m pos/sec)]
Estimated time to end of superbatch: [36m2.5[0ms     [Fsuperbatch [36m149[0m | time [36m15.3[0ms | running loss [36m0.013492[0m | [36m6546290[0m pos/sec | total time [36m2221.2[0ms
Estimated time remaining in training: [36m0[0mh [36m40[0mm [36m0[0ms
LR dropped to [36m0.00051661296[0m
superbatch [36m150[0m [[35m0.0[0m% ([36m0[0m/[36m763[0m batches, [36m6704714[0m pos/sec)]
Estimated time to end of superbatch: [36minf[0ms     [Fsuperbatch [36m150[0m [[35m16.8[0m% ([36m128[0m/[36m763[0m batches, [36m6456121[0m pos/sec)]
Estimated time to end of superbatch: [36m13.0[0ms     [Fsuperbatch [36m150[0m [[35m33.6[0m% ([36m256[0m/[36m763[0m batches, [36m6464662[0m pos/sec)]
Estimated time to end of superbatch: [36m10.3[0ms     [Fsuperbatch [36m150[0m [[35m50.3[0m% ([36m384[0m/[36m763[0m batches, [36m6510021[0m pos/sec)]
Estimated time to end of superbatch: [36m7.7[0ms     [Fsuperbatch [36m150[0m [[35m67.1[0m% ([36m512[0m/[36m763[0m batches, [36m6533374[0m pos/sec)]
Estimated time to end of superbatch: [36m5.0[0ms     [Fsuperbatch [36m150[0m [[35m83.9[0m% ([36m640[0m/[36m763[0m batches, [36m6509016[0m pos/sec)]
Estimated time to end of superbatch: [36m2.5[0ms     [Fsuperbatch [36m150[0m | time [36m15.4[0ms | running loss [36m0.013747[0m | [36m6511114[0m pos/sec | total time [36m2236.6[0ms
Estimated time remaining in training: [36m0[0mh [36m39[0mm [36m45[0ms
LR dropped to [36m0.00051339035[0m
superbatch [36m151[0m [[35m0.0[0m% ([36m0[0m/[36m763[0m batches, [36m6737786[0m pos/sec)]
Estimated time to end of superbatch: [36minf[0ms     [Fsuperbatch [36m151[0m [[35m16.8[0m% ([36m128[0m/[36m763[0m batches, [36m6535500[0m pos/sec)]
Estimated time to end of superbatch: [36m12.8[0ms     [Fsuperbatch [36m151[0m [[35m33.6[0m% ([36m256[0m/[36m763[0m batches, [36m6532366[0m pos/sec)]
Estimated time to end of superbatch: [36m10.2[0ms     [Fsuperbatch [36m151[0m [[35m50.3[0m% ([36m384[0m/[36m763[0m batches, [36m6548130[0m pos/sec)]
Estimated time to end of superbatch: [36m7.6[0ms     [Fsuperbatch [36m151[0m [[35m67.1[0m% ([36m512[0m/[36m763[0m batches, [36m6522747[0m pos/sec)]
Estimated time to end of superbatch: [36m5.1[0ms     [Fsuperbatch [36m151[0m [[35m83.9[0m% ([36m640[0m/[36m763[0m batches, [36m6511768[0m pos/sec)]
Estimated time to end of superbatch: [36m2.5[0ms     [Fsuperbatch [36m151[0m | time [36m15.4[0ms | running loss [36m0.013535[0m | [36m6496545[0m pos/sec | total time [36m2252.0[0ms
Estimated time remaining in training: [36m0[0mh [36m39[0mm [36m31[0ms
LR dropped to [36m0.00051016774[0m
superbatch [36m152[0m [[35m0.0[0m% ([36m0[0m/[36m763[0m batches, [36m6720854[0m pos/sec)]
Estimated time to end of superbatch: [36minf[0ms     [Fsuperbatch [36m152[0m [[35m16.8[0m% ([36m128[0m/[36m763[0m batches, [36m6709915[0m pos/sec)]
Estimated time to end of superbatch: [36m12.5[0ms     [Fsuperbatch [36m152[0m [[35m33.6[0m% ([36m256[0m/[36m763[0m batches, [36m6715698[0m pos/sec)]
Estimated time to end of superbatch: [36m9.9[0ms     [Fsuperbatch [36m152[0m [[35m50.3[0m% ([36m384[0m/[36m763[0m batches, [36m6715764[0m pos/sec)]
Estimated time to end of superbatch: [36m7.4[0ms     [Fsuperbatch [36m152[0m [[35m67.1[0m% ([36m512[0m/[36m763[0m batches, [36m6685823[0m pos/sec)]
Estimated time to end of superbatch: [36m4.9[0ms     [Fsuperbatch [36m152[0m [[35m83.9[0m% ([36m640[0m/[36m763[0m batches, [36m6689172[0m pos/sec)]
Estimated time to end of superbatch: [36m2.4[0ms     [Fsuperbatch [36m152[0m | time [36m15.0[0ms | running loss [36m0.013805[0m | [36m6674362[0m pos/sec | total time [36m2267.0[0ms
Estimated time remaining in training: [36m0[0mh [36m39[0mm [36m16[0ms
LR dropped to [36m0.0005069452[0m
superbatch [36m153[0m [[35m0.0[0m% ([36m0[0m/[36m763[0m batches, [36m6715892[0m pos/sec)]
Estimated time to end of superbatch: [36minf[0ms     [Fsuperbatch [36m153[0m [[35m16.8[0m% ([36m128[0m/[36m763[0m batches, [36m6470688[0m pos/sec)]
Estimated time to end of superbatch: [36m13.0[0ms     [Fsuperbatch [36m153[0m [[35m33.6[0m% ([36m256[0m/[36m763[0m batches, [36m6435209[0m pos/sec)]
Estimated time to end of superbatch: [36m10.4[0ms     [Fsuperbatch [36m153[0m [[35m50.3[0m% ([36m384[0m/[36m763[0m batches, [36m6384070[0m pos/sec)]
Estimated time to end of superbatch: [36m7.8[0ms     [Fsuperbatch [36m153[0m [[35m67.1[0m% ([36m512[0m/[36m763[0m batches, [36m6412105[0m pos/sec)]
Estimated time to end of superbatch: [36m5.1[0ms     [Fsuperbatch [36m153[0m [[35m83.9[0m% ([36m640[0m/[36m763[0m batches, [36m6388636[0m pos/sec)]
Estimated time to end of superbatch: [36m2.5[0ms     [Fsuperbatch [36m153[0m | time [36m16.3[0ms | running loss [36m0.013600[0m | [36m6128825[0m pos/sec | total time [36m2283.3[0ms
Estimated time remaining in training: [36m0[0mh [36m39[0mm [36m2[0ms
LR dropped to [36m0.0005037226[0m
superbatch [36m154[0m [[35m0.0[0m% ([36m0[0m/[36m763[0m batches, [36m6743617[0m pos/sec)]
Estimated time to end of superbatch: [36minf[0ms     [Fsuperbatch [36m154[0m [[35m16.8[0m% ([36m128[0m/[36m763[0m batches, [36m5794331[0m pos/sec)]
Estimated time to end of superbatch: [36m14.5[0ms     [Fsuperbatch [36m154[0m [[35m33.6[0m% ([36m256[0m/[36m763[0m batches, [36m6107965[0m pos/sec)]
Estimated time to end of superbatch: [36m10.9[0ms     [Fsuperbatch [36m154[0m [[35m50.3[0m% ([36m384[0m/[36m763[0m batches, [36m6240778[0m pos/sec)]
Estimated time to end of superbatch: [36m8.0[0ms     [Fsuperbatch [36m154[0m [[35m67.1[0m% ([36m512[0m/[36m763[0m batches, [36m6240350[0m pos/sec)]
Estimated time to end of superbatch: [36m5.3[0ms     [Fsuperbatch [36m154[0m [[35m83.9[0m% ([36m640[0m/[36m763[0m batches, [36m6205970[0m pos/sec)]
Estimated time to end of superbatch: [36m2.6[0ms     [Fsuperbatch [36m154[0m | time [36m16.2[0ms | running loss [36m0.013899[0m | [36m6169178[0m pos/sec | total time [36m2299.5[0ms
Estimated time remaining in training: [36m0[0mh [36m38[0mm [36m49[0ms
LR dropped to [36m0.0005005[0m
superbatch [36m155[0m [[35m0.0[0m% ([36m0[0m/[36m763[0m batches, [36m6732201[0m pos/sec)]
Estimated time to end of superbatch: [36minf[0ms     [Fsuperbatch [36m155[0m [[35m16.8[0m% ([36m128[0m/[36m763[0m batches, [36m5929632[0m pos/sec)]
Estimated time to end of superbatch: [36m14.1[0ms     [Fsuperbatch [36m155[0m [[35m33.6[0m% ([36m256[0m/[36m763[0m batches, [36m6057712[0m pos/sec)]
Estimated time to end of superbatch: [36m11.0[0ms     [Fsuperbatch [36m155[0m [[35m50.3[0m% ([36m384[0m/[36m763[0m batches, [36m6226492[0m pos/sec)]
Estimated time to end of superbatch: [36m8.0[0ms     [Fsuperbatch [36m155[0m [[35m67.1[0m% ([36m512[0m/[36m763[0m batches, [36m6335984[0m pos/sec)]
Estimated time to end of superbatch: [36m5.2[0ms     [Fsuperbatch [36m155[0m [[35m83.9[0m% ([36m640[0m/[36m763[0m batches, [36m6342137[0m pos/sec)]
Estimated time to end of superbatch: [36m2.5[0ms     [Fsuperbatch [36m155[0m | time [36m15.7[0ms | running loss [36m0.013664[0m | [36m6376682[0m pos/sec | total time [36m2315.2[0ms
Estimated time remaining in training: [36m0[0mh [36m38[0mm [36m35[0ms
LR dropped to [36m0.0004972775[0m
superbatch [36m156[0m [[35m0.0[0m% ([36m0[0m/[36m763[0m batches, [36m6733152[0m pos/sec)]
Estimated time to end of superbatch: [36minf[0ms     [Fsuperbatch [36m156[0m [[35m16.8[0m% ([36m128[0m/[36m763[0m batches, [36m6245360[0m pos/sec)]
Estimated time to end of superbatch: [36m13.4[0ms     [Fsuperbatch [36m156[0m [[35m33.6[0m% ([36m256[0m/[36m763[0m batches, [36m6375035[0m pos/sec)]
Estimated time to end of superbatch: [36m10.5[0ms     [Fsuperbatch [36m156[0m [[35m50.3[0m% ([36m384[0m/[36m763[0m batches, [36m6383451[0m pos/sec)]
Estimated time to end of superbatch: [36m7.8[0ms     [Fsuperbatch [36m156[0m [[35m67.1[0m% ([36m512[0m/[36m763[0m batches, [36m6426879[0m pos/sec)]
Estimated time to end of superbatch: [36m5.1[0ms     [Fsuperbatch [36m156[0m [[35m83.9[0m% ([36m640[0m/[36m763[0m batches, [36m6430262[0m pos/sec)]
Estimated time to end of superbatch: [36m2.5[0ms     [Fsuperbatch [36m156[0m | time [36m15.5[0ms | running loss [36m0.013950[0m | [36m6451920[0m pos/sec | total time [36m2330.7[0ms
Estimated time remaining in training: [36m0[0mh [36m38[0mm [36m20[0ms
LR dropped to [36m0.00049405487[0m
superbatch [36m157[0m [[35m0.0[0m% ([36m0[0m/[36m763[0m batches, [36m6690872[0m pos/sec)]
Estimated time to end of superbatch: [36minf[0ms     [Fsuperbatch [36m157[0m [[35m16.8[0m% ([36m128[0m/[36m763[0m batches, [36m6518744[0m pos/sec)]
Estimated time to end of superbatch: [36m12.9[0ms     [Fsuperbatch [36m157[0m [[35m33.6[0m% ([36m256[0m/[36m763[0m batches, [36m6436201[0m pos/sec)]
Estimated time to end of superbatch: [36m10.4[0ms     [Fsuperbatch [36m157[0m [[35m50.3[0m% ([36m384[0m/[36m763[0m batches, [36m6415114[0m pos/sec)]
Estimated time to end of superbatch: [36m7.8[0ms     [Fsuperbatch [36m157[0m [[35m67.1[0m% ([36m512[0m/[36m763[0m batches, [36m6404583[0m pos/sec)]
Estimated time to end of superbatch: [36m5.1[0ms     [Fsuperbatch [36m157[0m [[35m83.9[0m% ([36m640[0m/[36m763[0m batches, [36m6462604[0m pos/sec)]
Estimated time to end of superbatch: [36m2.5[0ms     [Fsuperbatch [36m157[0m | time [36m15.5[0ms | running loss [36m0.013714[0m | [36m6450680[0m pos/sec | total time [36m2346.2[0ms
Estimated time remaining in training: [36m0[0mh [36m38[0mm [36m6[0ms
LR dropped to [36m0.0004908323[0m
superbatch [36m158[0m [[35m0.0[0m% ([36m0[0m/[36m763[0m batches, [36m6704038[0m pos/sec)]
Estimated time to end of superbatch: [36minf[0ms     [Fsuperbatch [36m158[0m [[35m16.8[0m% ([36m128[0m/[36m763[0m batches, [36m6692359[0m pos/sec)]
Estimated time to end of superbatch: [36m12.5[0ms     [Fsuperbatch [36m158[0m [[35m33.6[0m% ([36m256[0m/[36m763[0m batches, [36m6693901[0m pos/sec)]
Estimated time to end of superbatch: [36m10.0[0ms     [Fsuperbatch [36m158[0m [[35m50.3[0m% ([36m384[0m/[36m763[0m batches, [36m6525682[0m pos/sec)]
Estimated time to end of superbatch: [36m7.6[0ms     [Fsuperbatch [36m158[0m [[35m67.1[0m% ([36m512[0m/[36m763[0m batches, [36m6408309[0m pos/sec)]
Estimated time to end of superbatch: [36m5.1[0ms     [Fsuperbatch [36m158[0m [[35m83.9[0m% ([36m640[0m/[36m763[0m batches, [36m6440387[0m pos/sec)]
Estimated time to end of superbatch: [36m2.5[0ms     [Fsuperbatch [36m158[0m | time [36m15.5[0ms | running loss [36m0.014011[0m | [36m6433968[0m pos/sec | total time [36m2361.7[0ms
Estimated time remaining in training: [36m0[0mh [36m37[0mm [36m52[0ms
LR dropped to [36m0.0004876097[0m
superbatch [36m159[0m [[35m0.0[0m% ([36m0[0m/[36m763[0m batches, [36m6716659[0m pos/sec)]
Estimated time to end of superbatch: [36minf[0ms     [Fsuperbatch [36m159[0m [[35m16.8[0m% ([36m128[0m/[36m763[0m batches, [36m6365680[0m pos/sec)]
Estimated time to end of superbatch: [36m13.2[0ms     [Fsuperbatch [36m159[0m [[35m33.6[0m% ([36m256[0m/[36m763[0m batches, [36m6448744[0m pos/sec)]
Estimated time to end of superbatch: [36m10.3[0ms     [Fsuperbatch [36m159[0m [[35m50.3[0m% ([36m384[0m/[36m763[0m batches, [36m6464030[0m pos/sec)]
Estimated time to end of superbatch: [36m7.7[0ms     [Fsuperbatch [36m159[0m [[35m67.1[0m% ([36m512[0m/[36m763[0m batches, [36m6487060[0m pos/sec)]
Estimated time to end of superbatch: [36m5.1[0ms     [Fsuperbatch [36m159[0m [[35m83.9[0m% ([36m640[0m/[36m763[0m batches, [36m6499172[0m pos/sec)]
Estimated time to end of superbatch: [36m2.5[0ms     [Fsuperbatch [36m159[0m | time [36m15.4[0ms | running loss [36m0.013801[0m | [36m6498699[0m pos/sec | total time [36m2377.1[0ms
Estimated time remaining in training: [36m0[0mh [36m37[0mm [36m37[0ms
LR dropped to [36m0.00048438716[0m
superbatch [36m160[0m [[35m0.0[0m% ([36m0[0m/[36m763[0m batches, [36m6716636[0m pos/sec)]
Estimated time to end of superbatch: [36minf[0ms     [Fsuperbatch [36m160[0m [[35m16.8[0m% ([36m128[0m/[36m763[0m batches, [36m6364924[0m pos/sec)]
Estimated time to end of superbatch: [36m13.2[0ms     [Fsuperbatch [36m160[0m [[35m33.6[0m% ([36m256[0m/[36m763[0m batches, [36m6422978[0m pos/sec)]
Estimated time to end of superbatch: [36m10.4[0ms     [Fsuperbatch [36m160[0m [[35m50.3[0m% ([36m384[0m/[36m763[0m batches, [36m6452316[0m pos/sec)]
Estimated time to end of superbatch: [36m7.7[0ms     [Fsuperbatch [36m160[0m [[35m67.1[0m% ([36m512[0m/[36m763[0m batches, [36m6458947[0m pos/sec)]
Estimated time to end of superbatch: [36m5.1[0ms     [Fsuperbatch [36m160[0m [[35m83.9[0m% ([36m640[0m/[36m763[0m batches, [36m6441660[0m pos/sec)]
Estimated time to end of superbatch: [36m2.5[0ms     [Fsuperbatch [36m160[0m | time [36m15.5[0ms | running loss [36m0.014047[0m | [36m6468192[0m pos/sec | total time [36m2392.6[0ms
Estimated time remaining in training: [36m0[0mh [36m37[0mm [36m23[0ms
Saved [anna-v3b-s1-160]
LR dropped to [36m0.00048116455[0m
superbatch [36m161[0m [[35m0.0[0m% ([36m0[0m/[36m763[0m batches, [36m6451505[0m pos/sec)]
Estimated time to end of superbatch: [36minf[0ms     [Fsuperbatch [36m161[0m [[35m16.8[0m% ([36m128[0m/[36m763[0m batches, [36m6391434[0m pos/sec)]
Estimated time to end of superbatch: [36m13.1[0ms     [Fsuperbatch [36m161[0m [[35m33.6[0m% ([36m256[0m/[36m763[0m batches, [36m6517158[0m pos/sec)]
Estimated time to end of superbatch: [36m10.2[0ms     [Fsuperbatch [36m161[0m [[35m50.3[0m% ([36m384[0m/[36m763[0m batches, [36m6551461[0m pos/sec)]
Estimated time to end of superbatch: [36m7.6[0ms     [Fsuperbatch [36m161[0m [[35m67.1[0m% ([36m512[0m/[36m763[0m batches, [36m6519658[0m pos/sec)]
Estimated time to end of superbatch: [36m5.1[0ms     [Fsuperbatch [36m161[0m [[35m83.9[0m% ([36m640[0m/[36m763[0m batches, [36m6485562[0m pos/sec)]
Estimated time to end of superbatch: [36m2.5[0ms     [Fsuperbatch [36m161[0m | time [36m15.4[0ms | running loss [36m0.013840[0m | [36m6493938[0m pos/sec | total time [36m2411.4[0ms
Estimated time remaining in training: [36m0[0mh [36m37[0mm [36m11[0ms
LR dropped to [36m0.000477942[0m
superbatch [36m162[0m [[35m0.0[0m% ([36m0[0m/[36m763[0m batches, [36m6703290[0m pos/sec)]
Estimated time to end of superbatch: [36minf[0ms     [Fsuperbatch [36m162[0m [[35m16.8[0m% ([36m128[0m/[36m763[0m batches, [36m6610698[0m pos/sec)]
Estimated time to end of superbatch: [36m12.7[0ms     [Fsuperbatch [36m162[0m [[35m33.6[0m% ([36m256[0m/[36m763[0m batches, [36m6603955[0m pos/sec)]
Estimated time to end of superbatch: [36m10.1[0ms     [Fsuperbatch [36m162[0m [[35m50.3[0m% ([36m384[0m/[36m763[0m batches, [36m6585867[0m pos/sec)]
Estimated time to end of superbatch: [36m7.6[0ms     [Fsuperbatch [36m162[0m [[35m67.1[0m% ([36m512[0m/[36m763[0m batches, [36m6556879[0m pos/sec)]
Estimated time to end of superbatch: [36m5.0[0ms     [Fsuperbatch [36m162[0m [[35m83.9[0m% ([36m640[0m/[36m763[0m batches, [36m6534780[0m pos/sec)]
Estimated time to end of superbatch: [36m2.5[0ms     [Fsuperbatch [36m162[0m | time [36m15.4[0ms | running loss [36m0.014145[0m | [36m6511778[0m pos/sec | total time [36m2426.8[0ms
Estimated time remaining in training: [36m0[0mh [36m36[0mm [36m57[0ms
LR dropped to [36m0.0004747194[0m
superbatch [36m163[0m [[35m0.0[0m% ([36m0[0m/[36m763[0m batches, [36m2949914[0m pos/sec)]
Estimated time to end of superbatch: [36minf[0ms     [Fsuperbatch [36m163[0m [[35m16.8[0m% ([36m128[0m/[36m763[0m batches, [36m6272776[0m pos/sec)]
Estimated time to end of superbatch: [36m13.4[0ms     [Fsuperbatch [36m163[0m [[35m33.6[0m% ([36m256[0m/[36m763[0m batches, [36m6344132[0m pos/sec)]
Estimated time to end of superbatch: [36m10.5[0ms     [Fsuperbatch [36m163[0m [[35m50.3[0m% ([36m384[0m/[36m763[0m batches, [36m6371168[0m pos/sec)]
Estimated time to end of superbatch: [36m7.8[0ms     [Fsuperbatch [36m163[0m [[35m67.1[0m% ([36m512[0m/[36m763[0m batches, [36m6334809[0m pos/sec)]
Estimated time to end of superbatch: [36m5.2[0ms     [Fsuperbatch [36m163[0m [[35m83.9[0m% ([36m640[0m/[36m763[0m batches, [36m6346388[0m pos/sec)]
Estimated time to end of superbatch: [36m2.5[0ms     [Fsuperbatch [36m163[0m | time [36m15.8[0ms | running loss [36m0.013972[0m | [36m6343388[0m pos/sec | total time [36m2442.5[0ms
Estimated time remaining in training: [36m0[0mh [36m36[0mm [36m42[0ms
LR dropped to [36m0.00047149684[0m
superbatch [36m164[0m [[35m0.0[0m% ([36m0[0m/[36m763[0m batches, [36m6674366[0m pos/sec)]
Estimated time to end of superbatch: [36minf[0ms     [Fsuperbatch [36m164[0m [[35m16.8[0m% ([36m128[0m/[36m763[0m batches, [36m6557511[0m pos/sec)]
Estimated time to end of superbatch: [36m12.8[0ms     [Fsuperbatch [36m164[0m [[35m33.6[0m% ([36m256[0m/[36m763[0m batches, [36m6610311[0m pos/sec)]
Estimated time to end of superbatch: [36m10.1[0ms     [Fsuperbatch [36m164[0m [[35m50.3[0m% ([36m384[0m/[36m763[0m batches, [36m6609086[0m pos/sec)]
Estimated time to end of superbatch: [36m7.5[0ms     [Fsuperbatch [36m164[0m [[35m67.1[0m% ([36m512[0m/[36m763[0m batches, [36m6564709[0m pos/sec)]
Estimated time to end of superbatch: [36m5.0[0ms     [Fsuperbatch [36m164[0m [[35m83.9[0m% ([36m640[0m/[36m763[0m batches, [36m6533474[0m pos/sec)]
Estimated time to end of superbatch: [36m2.5[0ms     [Fsuperbatch [36m164[0m | time [36m15.4[0ms | running loss [36m0.014214[0m | [36m6508665[0m pos/sec | total time [36m2457.9[0ms
Estimated time remaining in training: [36m0[0mh [36m36[0mm [36m28[0ms
LR dropped to [36m0.00046827417[0m
superbatch [36m165[0m [[35m0.0[0m% ([36m0[0m/[36m763[0m batches, [36m6654654[0m pos/sec)]
Estimated time to end of superbatch: [36minf[0ms     [Fsuperbatch [36m165[0m [[35m16.8[0m% ([36m128[0m/[36m763[0m batches, [36m6394888[0m pos/sec)]
Estimated time to end of superbatch: [36m13.1[0ms     [Fsuperbatch [36m165[0m [[35m33.6[0m% ([36m256[0m/[36m763[0m batches, [36m6234834[0m pos/sec)]
Estimated time to end of superbatch: [36m10.7[0ms     [Fsuperbatch [36m165[0m [[35m50.3[0m% ([36m384[0m/[36m763[0m batches, [36m6284031[0m pos/sec)]
Estimated time to end of superbatch: [36m7.9[0ms     [Fsuperbatch [36m165[0m [[35m67.1[0m% ([36m512[0m/[36m763[0m batches, [36m6345258[0m pos/sec)]
Estimated time to end of superbatch: [36m5.2[0ms     [Fsuperbatch [36m165[0m [[35m83.9[0m% ([36m640[0m/[36m763[0m batches, [36m6367446[0m pos/sec)]
Estimated time to end of superbatch: [36m2.5[0ms     [Fsuperbatch [36m165[0m | time [36m15.8[0ms | running loss [36m0.014077[0m | [36m6344182[0m pos/sec | total time [36m2473.7[0ms
Estimated time remaining in training: [36m0[0mh [36m36[0mm [36m13[0ms
LR dropped to [36m0.00046505162[0m
superbatch [36m166[0m [[35m0.0[0m% ([36m0[0m/[36m763[0m batches, [36m6683238[0m pos/sec)]
Estimated time to end of superbatch: [36minf[0ms     [Fsuperbatch [36m166[0m [[35m16.8[0m% ([36m128[0m/[36m763[0m batches, [36m6549796[0m pos/sec)]
Estimated time to end of superbatch: [36m12.8[0ms     [Fsuperbatch [36m166[0m [[35m33.6[0m% ([36m256[0m/[36m763[0m batches, [36m6495700[0m pos/sec)]
Estimated time to end of superbatch: [36m10.3[0ms     [Fsuperbatch [36m166[0m [[35m50.3[0m% ([36m384[0m/[36m763[0m batches, [36m6483288[0m pos/sec)]
Estimated time to end of superbatch: [36m7.7[0ms     [Fsuperbatch [36m166[0m [[35m67.1[0m% ([36m512[0m/[36m763[0m batches, [36m6488138[0m pos/sec)]
Estimated time to end of superbatch: [36m5.1[0ms     [Fsuperbatch [36m166[0m [[35m83.9[0m% ([36m640[0m/[36m763[0m batches, [36m6499880[0m pos/sec)]
Estimated time to end of superbatch: [36m2.5[0ms     [Fsuperbatch [36m166[0m | time [36m15.3[0ms | running loss [36m0.014298[0m | [36m6524412[0m pos/sec | total time [36m2489.0[0ms
Estimated time remaining in training: [36m0[0mh [36m35[0mm [36m59[0ms
LR dropped to [36m0.000461829[0m
superbatch [36m167[0m [[35m0.0[0m% ([36m0[0m/[36m763[0m batches, [36m6674470[0m pos/sec)]
Estimated time to end of superbatch: [36minf[0ms     [Fsuperbatch [36m167[0m [[35m16.8[0m% ([36m128[0m/[36m763[0m batches, [36m6525991[0m pos/sec)]
Estimated time to end of superbatch: [36m12.9[0ms     [Fsuperbatch [36m167[0m [[35m33.6[0m% ([36m256[0m/[36m763[0m batches, [36m6539756[0m pos/sec)]
Estimated time to end of superbatch: [36m10.2[0ms     [Fsuperbatch [36m167[0m [[35m50.3[0m% ([36m384[0m/[36m763[0m batches, [36m6537412[0m pos/sec)]
Estimated time to end of superbatch: [36m7.6[0ms     [Fsuperbatch [36m167[0m [[35m67.1[0m% ([36m512[0m/[36m763[0m batches, [36m6566995[0m pos/sec)]
Estimated time to end of superbatch: [36m5.0[0ms     [Fsuperbatch [36m167[0m [[35m83.9[0m% ([36m640[0m/[36m763[0m batches, [36m6586330[0m pos/sec)]
Estimated time to end of superbatch: [36m2.5[0ms     [Fsuperbatch [36m167[0m | time [36m15.2[0ms | running loss [36m0.014111[0m | [36m6581385[0m pos/sec | total time [36m2504.2[0ms
Estimated time remaining in training: [36m0[0mh [36m35[0mm [36m44[0ms
LR dropped to [36m0.00045860646[0m
superbatch [36m168[0m [[35m0.0[0m% ([36m0[0m/[36m763[0m batches, [36m6699758[0m pos/sec)]
Estimated time to end of superbatch: [36minf[0ms     [Fsuperbatch [36m168[0m [[35m16.8[0m% ([36m128[0m/[36m763[0m batches, [36m6654968[0m pos/sec)]
Estimated time to end of superbatch: [36m12.6[0ms     [Fsuperbatch [36m168[0m [[35m33.6[0m% ([36m256[0m/[36m763[0m batches, [36m6158150[0m pos/sec)]
Estimated time to end of superbatch: [36m10.8[0ms     [Fsuperbatch [36m168[0m [[35m50.3[0m% ([36m384[0m/[36m763[0m batches, [36m5443271[0m pos/sec)]
Estimated time to end of superbatch: [36m9.1[0ms     [Fsuperbatch [36m168[0m [[35m67.1[0m% ([36m512[0m/[36m763[0m batches, [36m5443814[0m pos/sec)]
Estimated time to end of superbatch: [36m6.1[0ms     [Fsuperbatch [36m168[0m [[35m83.9[0m% ([36m640[0m/[36m763[0m batches, [36m5527622[0m pos/sec)]
Estimated time to end of superbatch: [36m2.9[0ms     [Fsuperbatch [36m168[0m | time [36m17.8[0ms | running loss [36m0.014302[0m | [36m5624700[0m pos/sec | total time [36m2522.0[0ms
Estimated time remaining in training: [36m0[0mh [36m35[0mm [36m31[0ms
LR dropped to [36m0.00045538385[0m
superbatch [36m169[0m [[35m0.0[0m% ([36m0[0m/[36m763[0m batches, [36m6661729[0m pos/sec)]
Estimated time to end of superbatch: [36minf[0ms     [Fsuperbatch [36m169[0m [[35m16.8[0m% ([36m128[0m/[36m763[0m batches, [36m6483928[0m pos/sec)]
Estimated time to end of superbatch: [36m12.9[0ms     [Fsuperbatch [36m169[0m [[35m33.6[0m% ([36m256[0m/[36m763[0m batches, [36m6392106[0m pos/sec)]
Estimated time to end of superbatch: [36m10.4[0ms     [Fsuperbatch [36m169[0m [[35m50.3[0m% ([36m384[0m/[36m763[0m batches, [36m6024410[0m pos/sec)]
Estimated time to end of superbatch: [36m8.3[0ms     [Fsuperbatch [36m169[0m [[35m67.1[0m% ([36m512[0m/[36m763[0m batches, [36m6052289[0m pos/sec)]
Estimated time to end of superbatch: [36m5.4[0ms     [Fsuperbatch [36m169[0m [[35m83.9[0m% ([36m640[0m/[36m763[0m batches, [36m6096156[0m pos/sec)]
Estimated time to end of superbatch: [36m2.6[0ms     [Fsuperbatch [36m169[0m | time [36m16.4[0ms | running loss [36m0.014166[0m | [36m6113955[0m pos/sec | total time [36m2538.3[0ms
Estimated time remaining in training: [36m0[0mh [36m35[0mm [36m17[0ms
LR dropped to [36m0.0004521613[0m
superbatch [36m170[0m [[35m0.0[0m% ([36m0[0m/[36m763[0m batches, [36m6661239[0m pos/sec)]
Estimated time to end of superbatch: [36minf[0ms     [Fsuperbatch [36m170[0m [[35m16.8[0m% ([36m128[0m/[36m763[0m batches, [36m6570273[0m pos/sec)]
Estimated time to end of superbatch: [36m12.8[0ms     [Fsuperbatch [36m170[0m [[35m33.6[0m% ([36m256[0m/[36m763[0m batches, [36m6414117[0m pos/sec)]
Estimated time to end of superbatch: [36m10.4[0ms     [Fsuperbatch [36m170[0m [[35m50.3[0m% ([36m384[0m/[36m763[0m batches, [36m6254622[0m pos/sec)]
Estimated time to end of superbatch: [36m8.0[0ms     [Fsuperbatch [36m170[0m [[35m67.1[0m% ([36m512[0m/[36m763[0m batches, [36m6148722[0m pos/sec)]
Estimated time to end of superbatch: [36m5.4[0ms     [Fsuperbatch [36m170[0m [[35m83.9[0m% ([36m640[0m/[36m763[0m batches, [36m6062306[0m pos/sec)]
Estimated time to end of superbatch: [36m2.7[0ms     [Fsuperbatch [36m170[0m | time [36m16.6[0ms | running loss [36m0.014369[0m | [36m6040064[0m pos/sec | total time [36m2554.9[0ms
Estimated time remaining in training: [36m0[0mh [36m35[0mm [36m4[0ms
LR dropped to [36m0.00044893875[0m
superbatch [36m171[0m [[35m0.0[0m% ([36m0[0m/[36m763[0m batches, [36m2377495[0m pos/sec)]
Estimated time to end of superbatch: [36minf[0ms     [Fsuperbatch [36m171[0m [[35m16.8[0m% ([36m128[0m/[36m763[0m batches, [36m5843020[0m pos/sec)]
Estimated time to end of superbatch: [36m14.4[0ms     [Fsuperbatch [36m171[0m [[35m33.6[0m% ([36m256[0m/[36m763[0m batches, [36m5985207[0m pos/sec)]
Estimated time to end of superbatch: [36m11.1[0ms     [Fsuperbatch [36m171[0m [[35m50.3[0m% ([36m384[0m/[36m763[0m batches, [36m6009304[0m pos/sec)]
Estimated time to end of superbatch: [36m8.3[0ms     [Fsuperbatch [36m171[0m [[35m67.1[0m% ([36m512[0m/[36m763[0m batches, [36m6110630[0m pos/sec)]
Estimated time to end of superbatch: [36m5.4[0ms     [Fsuperbatch [36m171[0m [[35m83.9[0m% ([36m640[0m/[36m763[0m batches, [36m6196716[0m pos/sec)]
Estimated time to end of superbatch: [36m2.6[0ms     [Fsuperbatch [36m171[0m | time [36m16.1[0ms | running loss [36m0.014270[0m | [36m6224960[0m pos/sec | total time [36m2570.9[0ms
Estimated time remaining in training: [36m0[0mh [36m34[0mm [36m49[0ms
LR dropped to [36m0.00044571614[0m
superbatch [36m172[0m [[35m0.0[0m% ([36m0[0m/[36m763[0m batches, [36m6671364[0m pos/sec)]
Estimated time to end of superbatch: [36minf[0ms     [Fsuperbatch [36m172[0m [[35m16.8[0m% ([36m128[0m/[36m763[0m batches, [36m5901548[0m pos/sec)]
Estimated time to end of superbatch: [36m14.2[0ms     [Fsuperbatch [36m172[0m [[35m33.6[0m% ([36m256[0m/[36m763[0m batches, [36m5278392[0m pos/sec)]
Estimated time to end of superbatch: [36m12.6[0ms     [Fsuperbatch [36m172[0m [[35m50.3[0m% ([36m384[0m/[36m763[0m batches, [36m5383744[0m pos/sec)]
Estimated time to end of superbatch: [36m9.3[0ms     [Fsuperbatch [36m172[0m [[35m67.1[0m% ([36m512[0m/[36m763[0m batches, [36m5596038[0m pos/sec)]
Estimated time to end of superbatch: [36m5.9[0ms     [Fsuperbatch [36m172[0m [[35m83.9[0m% ([36m640[0m/[36m763[0m batches, [36m5731470[0m pos/sec)]
Estimated time to end of superbatch: [36m2.8[0ms     [Fsuperbatch [36m172[0m | time [36m17.4[0ms | running loss [36m0.014393[0m | [36m5759284[0m pos/sec | total time [36m2588.3[0ms
Estimated time remaining in training: [36m0[0mh [36m34[0mm [36m36[0ms
LR dropped to [36m0.0004424936[0m
superbatch [36m173[0m [[35m0.0[0m% ([36m0[0m/[36m763[0m batches, [36m6657380[0m pos/sec)]
Estimated time to end of superbatch: [36minf[0ms     [Fsuperbatch [36m173[0m [[35m16.8[0m% ([36m128[0m/[36m763[0m batches, [36m5917479[0m pos/sec)]
Estimated time to end of superbatch: [36m14.2[0ms     [Fsuperbatch [36m173[0m [[35m33.6[0m% ([36m256[0m/[36m763[0m batches, [36m6028234[0m pos/sec)]
Estimated time to end of superbatch: [36m11.1[0ms     [Fsuperbatch [36m173[0m [[35m50.3[0m% ([36m384[0m/[36m763[0m batches, [36m6015986[0m pos/sec)]
Estimated time to end of superbatch: [36m8.3[0ms     [Fsuperbatch [36m173[0m [[35m67.1[0m% ([36m512[0m/[36m763[0m batches, [36m5854668[0m pos/sec)]
Estimated time to end of superbatch: [36m5.6[0ms     [Fsuperbatch [36m173[0m [[35m83.9[0m% ([36m640[0m/[36m763[0m batches, [36m5958600[0m pos/sec)]
Estimated time to end of superbatch: [36m2.7[0ms     [Fsuperbatch [36m173[0m | time [36m16.7[0ms | running loss [36m0.014363[0m | [36m5998502[0m pos/sec | total time [36m2605.0[0ms
Estimated time remaining in training: [36m0[0mh [36m34[0mm [36m22[0ms
LR dropped to [36m0.00043927098[0m
superbatch [36m174[0m [[35m0.0[0m% ([36m0[0m/[36m763[0m batches, [36m6672452[0m pos/sec)]
Estimated time to end of superbatch: [36minf[0ms     [Fsuperbatch [36m174[0m [[35m16.8[0m% ([36m128[0m/[36m763[0m batches, [36m6657208[0m pos/sec)]
Estimated time to end of superbatch: [36m12.6[0ms     [Fsuperbatch [36m174[0m [[35m33.6[0m% ([36m256[0m/[36m763[0m batches, [36m6548432[0m pos/sec)]
Estimated time to end of superbatch: [36m10.2[0ms     [Fsuperbatch [36m174[0m [[35m50.3[0m% ([36m384[0m/[36m763[0m batches, [36m6523700[0m pos/sec)]
Estimated time to end of superbatch: [36m7.6[0ms     [Fsuperbatch [36m174[0m [[35m67.1[0m% ([36m512[0m/[36m763[0m batches, [36m6471526[0m pos/sec)]
Estimated time to end of superbatch: [36m5.1[0ms     [Fsuperbatch [36m174[0m [[35m83.9[0m% ([36m640[0m/[36m763[0m batches, [36m6452483[0m pos/sec)]
Estimated time to end of superbatch: [36m2.5[0ms     [Fsuperbatch [36m174[0m | time [36m15.6[0ms | running loss [36m0.014493[0m | [36m6428426[0m pos/sec | total time [36m2620.5[0ms
Estimated time remaining in training: [36m0[0mh [36m34[0mm [36m8[0ms
LR dropped to [36m0.00043604843[0m
superbatch [36m175[0m [[35m0.0[0m% ([36m0[0m/[36m763[0m batches, [36m6638202[0m pos/sec)]
Estimated time to end of superbatch: [36minf[0ms     [Fsuperbatch [36m175[0m [[35m16.8[0m% ([36m128[0m/[36m763[0m batches, [36m6299016[0m pos/sec)]
Estimated time to end of superbatch: [36m13.3[0ms     [Fsuperbatch [36m175[0m [[35m33.6[0m% ([36m256[0m/[36m763[0m batches, [36m6126533[0m pos/sec)]
Estimated time to end of superbatch: [36m10.9[0ms     [Fsuperbatch [36m175[0m [[35m50.3[0m% ([36m384[0m/[36m763[0m batches, [36m6227437[0m pos/sec)]
Estimated time to end of superbatch: [36m8.0[0ms     [Fsuperbatch [36m175[0m [[35m67.1[0m% ([36m512[0m/[36m763[0m batches, [36m6117124[0m pos/sec)]
Estimated time to end of superbatch: [36m5.4[0ms     [Fsuperbatch [36m175[0m [[35m83.9[0m% ([36m640[0m/[36m763[0m batches, [36m6167895[0m pos/sec)]
Estimated time to end of superbatch: [36m2.6[0ms     [Fsuperbatch [36m175[0m | time [36m16.1[0ms | running loss [36m0.014434[0m | [36m6226012[0m pos/sec | total time [36m2636.6[0ms
Estimated time remaining in training: [36m0[0mh [36m33[0mm [36m53[0ms
LR dropped to [36m0.00043282582[0m
superbatch [36m176[0m [[35m0.0[0m% ([36m0[0m/[36m763[0m batches, [36m6658874[0m pos/sec)]
Estimated time to end of superbatch: [36minf[0ms     [Fsuperbatch [36m176[0m [[35m16.8[0m% ([36m128[0m/[36m763[0m batches, [36m6599128[0m pos/sec)]
Estimated time to end of superbatch: [36m12.7[0ms     [Fsuperbatch [36m176[0m [[35m33.6[0m% ([36m256[0m/[36m763[0m batches, [36m6456218[0m pos/sec)]
Estimated time to end of superbatch: [36m10.3[0ms     [Fsuperbatch [36m176[0m [[35m50.3[0m% ([36m384[0m/[36m763[0m batches, [36m6510113[0m pos/sec)]
Estimated time to end of superbatch: [36m7.7[0ms     [Fsuperbatch [36m176[0m [[35m67.1[0m% ([36m512[0m/[36m763[0m batches, [36m6547552[0m pos/sec)]
Estimated time to end of superbatch: [36m5.0[0ms     [Fsuperbatch [36m176[0m [[35m83.9[0m% ([36m640[0m/[36m763[0m batches, [36m6536282[0m pos/sec)]
Estimated time to end of superbatch: [36m2.5[0ms     [Fsuperbatch [36m176[0m | time [36m15.3[0ms | running loss [36m0.014534[0m | [36m6522912[0m pos/sec | total time [36m2651.9[0ms
Estimated time remaining in training: [36m0[0mh [36m33[0mm [36m39[0ms
LR dropped to [36m0.00042960327[0m
superbatch [36m177[0m [[35m0.0[0m% ([36m0[0m/[36m763[0m batches, [36m6653888[0m pos/sec)]
Estimated time to end of superbatch: [36minf[0ms     [Fsuperbatch [36m177[0m [[35m16.8[0m% ([36m128[0m/[36m763[0m batches, [36m6401418[0m pos/sec)]
Estimated time to end of superbatch: [36m13.1[0ms     [Fsuperbatch [36m177[0m [[35m33.6[0m% ([36m256[0m/[36m763[0m batches, [36m6409633[0m pos/sec)]
Estimated time to end of superbatch: [36m10.4[0ms     [Fsuperbatch [36m177[0m [[35m50.3[0m% ([36m384[0m/[36m763[0m batches, [36m6429394[0m pos/sec)]
Estimated time to end of superbatch: [36m7.7[0ms     [Fsuperbatch [36m177[0m [[35m67.1[0m% ([36m512[0m/[36m763[0m batches, [36m6429876[0m pos/sec)]
Estimated time to end of superbatch: [36m5.1[0ms     [Fsuperbatch [36m177[0m [[35m83.9[0m% ([36m640[0m/[36m763[0m batches, [36m6431856[0m pos/sec)]
Estimated time to end of superbatch: [36m2.5[0ms     [Fsuperbatch [36m177[0m | time [36m15.6[0ms | running loss [36m0.014514[0m | [36m6426456[0m pos/sec | total time [36m2667.5[0ms
Estimated time remaining in training: [36m0[0mh [36m33[0mm [36m24[0ms
LR dropped to [36m0.00042638066[0m
superbatch [36m178[0m [[35m0.0[0m% ([36m0[0m/[36m763[0m batches, [36m6631072[0m pos/sec)]
Estimated time to end of superbatch: [36minf[0ms     [Fsuperbatch [36m178[0m [[35m16.8[0m% ([36m128[0m/[36m763[0m batches, [36m6417223[0m pos/sec)]
Estimated time to end of superbatch: [36m13.1[0ms     [Fsuperbatch [36m178[0m [[35m33.6[0m% ([36m256[0m/[36m763[0m batches, [36m6411569[0m pos/sec)]
Estimated time to end of superbatch: [36m10.4[0ms     [Fsuperbatch [36m178[0m [[35m50.3[0m% ([36m384[0m/[36m763[0m batches, [36m6325018[0m pos/sec)]
Estimated time to end of superbatch: [36m7.9[0ms     [Fsuperbatch [36m178[0m [[35m67.1[0m% ([36m512[0m/[36m763[0m batches, [36m6361018[0m pos/sec)]
Estimated time to end of superbatch: [36m5.2[0ms     [Fsuperbatch [36m178[0m [[35m83.9[0m% ([36m640[0m/[36m763[0m batches, [36m6380290[0m pos/sec)]
Estimated time to end of superbatch: [36m2.5[0ms     [Fsuperbatch [36m178[0m | time [36m15.6[0ms | running loss [36m0.014663[0m | [36m6397776[0m pos/sec | total time [36m2683.1[0ms
Estimated time remaining in training: [36m0[0mh [36m33[0mm [36m9[0ms
LR dropped to [36m0.0004231581[0m
superbatch [36m179[0m [[35m0.0[0m% ([36m0[0m/[36m763[0m batches, [36m6619550[0m pos/sec)]
Estimated time to end of superbatch: [36minf[0ms     [Fsuperbatch [36m179[0m [[35m16.8[0m% ([36m128[0m/[36m763[0m batches, [36m6460326[0m pos/sec)]
Estimated time to end of superbatch: [36m13.0[0ms     [Fsuperbatch [36m179[0m [[35m33.6[0m% ([36m256[0m/[36m763[0m batches, [36m6433311[0m pos/sec)]
Estimated time to end of superbatch: [36m10.4[0ms     [Fsuperbatch [36m179[0m [[35m50.3[0m% ([36m384[0m/[36m763[0m batches, [36m6429951[0m pos/sec)]
Estimated time to end of superbatch: [36m7.7[0ms     [Fsuperbatch [36m179[0m [[35m67.1[0m% ([36m512[0m/[36m763[0m batches, [36m6460754[0m pos/sec)]
Estimated time to end of superbatch: [36m5.1[0ms     [Fsuperbatch [36m179[0m [[35m83.9[0m% ([36m640[0m/[36m763[0m batches, [36m6480550[0m pos/sec)]
Estimated time to end of superbatch: [36m2.5[0ms     [Fsuperbatch [36m179[0m | time [36m15.4[0ms | running loss [36m0.014637[0m | [36m6490232[0m pos/sec | total time [36m2698.5[0ms
Estimated time remaining in training: [36m0[0mh [36m32[0mm [36m54[0ms
LR dropped to [36m0.0004199355[0m
superbatch [36m180[0m [[35m0.0[0m% ([36m0[0m/[36m763[0m batches, [36m6649204[0m pos/sec)]
Estimated time to end of superbatch: [36minf[0ms     [Fsuperbatch [36m180[0m [[35m16.8[0m% ([36m128[0m/[36m763[0m batches, [36m6556740[0m pos/sec)]
Estimated time to end of superbatch: [36m12.8[0ms     [Fsuperbatch [36m180[0m [[35m33.6[0m% ([36m256[0m/[36m763[0m batches, [36m6582562[0m pos/sec)]
Estimated time to end of superbatch: [36m10.1[0ms     [Fsuperbatch [36m180[0m [[35m50.3[0m% ([36m384[0m/[36m763[0m batches, [36m6534265[0m pos/sec)]
Estimated time to end of superbatch: [36m7.6[0ms     [Fsuperbatch [36m180[0m [[35m67.1[0m% ([36m512[0m/[36m763[0m batches, [36m6481730[0m pos/sec)]
Estimated time to end of superbatch: [36m5.1[0ms     [Fsuperbatch [36m180[0m [[35m83.9[0m% ([36m640[0m/[36m763[0m batches, [36m6463780[0m pos/sec)]
Estimated time to end of superbatch: [36m2.5[0ms     [Fsuperbatch [36m180[0m | time [36m15.5[0ms | running loss [36m0.014732[0m | [36m6431642[0m pos/sec | total time [36m2714.1[0ms
Estimated time remaining in training: [36m0[0mh [36m32[0mm [36m40[0ms
Saved [anna-v3b-s1-180]
LR dropped to [36m0.00041671295[0m
superbatch [36m181[0m [[35m0.0[0m% ([36m0[0m/[36m763[0m batches, [36m6355561[0m pos/sec)]
Estimated time to end of superbatch: [36minf[0ms     [Fsuperbatch [36m181[0m [[35m16.8[0m% ([36m128[0m/[36m763[0m batches, [36m6267988[0m pos/sec)]
Estimated time to end of superbatch: [36m13.4[0ms     [Fsuperbatch [36m181[0m [[35m33.6[0m% ([36m256[0m/[36m763[0m batches, [36m6396528[0m pos/sec)]
Estimated time to end of superbatch: [36m10.4[0ms     [Fsuperbatch [36m181[0m [[35m50.3[0m% ([36m384[0m/[36m763[0m batches, [36m6386584[0m pos/sec)]
Estimated time to end of superbatch: [36m7.8[0ms     [Fsuperbatch [36m181[0m [[35m67.1[0m% ([36m512[0m/[36m763[0m batches, [36m6396664[0m pos/sec)]
Estimated time to end of superbatch: [36m5.2[0ms     [Fsuperbatch [36m181[0m [[35m83.9[0m% ([36m640[0m/[36m763[0m batches, [36m6413415[0m pos/sec)]
Estimated time to end of superbatch: [36m2.5[0ms     [Fsuperbatch [36m181[0m | time [36m15.6[0ms | running loss [36m0.014721[0m | [36m6415898[0m pos/sec | total time [36m2732.5[0ms
Estimated time remaining in training: [36m0[0mh [36m32[0mm [36m27[0ms
LR dropped to [36m0.00041349034[0m
superbatch [36m182[0m [[35m0.0[0m% ([36m0[0m/[36m763[0m batches, [36m6624788[0m pos/sec)]
Estimated time to end of superbatch: [36minf[0ms     [Fsuperbatch [36m182[0m [[35m16.8[0m% ([36m128[0m/[36m763[0m batches, [36m6440050[0m pos/sec)]
Estimated time to end of superbatch: [36m13.0[0ms     [Fsuperbatch [36m182[0m [[35m33.6[0m% ([36m256[0m/[36m763[0m batches, [36m6494644[0m pos/sec)]
Estimated time to end of superbatch: [36m10.3[0ms     [Fsuperbatch [36m182[0m [[35m50.3[0m% ([36m384[0m/[36m763[0m batches, [36m6436708[0m pos/sec)]
Estimated time to end of superbatch: [36m7.7[0ms     [Fsuperbatch [36m182[0m [[35m67.1[0m% ([36m512[0m/[36m763[0m batches, [36m6455033[0m pos/sec)]
Estimated time to end of superbatch: [36m5.1[0ms     [Fsuperbatch [36m182[0m [[35m83.9[0m% ([36m640[0m/[36m763[0m batches, [36m6409613[0m pos/sec)]
Estimated time to end of superbatch: [36m2.5[0ms     [Fsuperbatch [36m182[0m | time [36m15.5[0ms | running loss [36m0.014770[0m | [36m6432608[0m pos/sec | total time [36m2748.0[0ms
Estimated time remaining in training: [36m0[0mh [36m32[0mm [36m12[0ms
LR dropped to [36m0.0004102678[0m
superbatch [36m183[0m [[35m0.0[0m% ([36m0[0m/[36m763[0m batches, [36m6601388[0m pos/sec)]
Estimated time to end of superbatch: [36minf[0ms     [Fsuperbatch [36m183[0m [[35m16.8[0m% ([36m128[0m/[36m763[0m batches, [36m6622088[0m pos/sec)]
Estimated time to end of superbatch: [36m12.7[0ms     [Fsuperbatch [36m183[0m [[35m33.6[0m% ([36m256[0m/[36m763[0m batches, [36m6566588[0m pos/sec)]
Estimated time to end of superbatch: [36m10.2[0ms     [Fsuperbatch [36m183[0m [[35m50.3[0m% ([36m384[0m/[36m763[0m batches, [36m6527873[0m pos/sec)]
Estimated time to end of superbatch: [36m7.6[0ms     [Fsuperbatch [36m183[0m [[35m67.1[0m% ([36m512[0m/[36m763[0m batches, [36m6522612[0m pos/sec)]
Estimated time to end of superbatch: [36m5.1[0ms     [Fsuperbatch [36m183[0m [[35m83.9[0m% ([36m640[0m/[36m763[0m batches, [36m6540164[0m pos/sec)]
Estimated time to end of superbatch: [36m2.5[0ms     [Fsuperbatch [36m183[0m | time [36m15.3[0ms | running loss [36m0.014779[0m | [36m6554688[0m pos/sec | total time [36m2763.3[0ms
Estimated time remaining in training: [36m0[0mh [36m31[0mm [36m57[0ms
LR dropped to [36m0.00040704524[0m
superbatch [36m184[0m [[35m0.0[0m% ([36m0[0m/[36m763[0m batches, [36m6624015[0m pos/sec)]
Estimated time to end of superbatch: [36minf[0ms     [Fsuperbatch [36m184[0m [[35m16.8[0m% ([36m128[0m/[36m763[0m batches, [36m5996624[0m pos/sec)]
Estimated time to end of superbatch: [36m14.0[0ms     [Fsuperbatch [36m184[0m [[35m33.6[0m% ([36m256[0m/[36m763[0m batches, [36m6201360[0m pos/sec)]
Estimated time to end of superbatch: [36m10.8[0ms     [Fsuperbatch [36m184[0m [[35m50.3[0m% ([36m384[0m/[36m763[0m batches, [36m6245664[0m pos/sec)]
Estimated time to end of superbatch: [36m8.0[0ms     [Fsuperbatch [36m184[0m [[35m67.1[0m% ([36m512[0m/[36m763[0m batches, [36m6221209[0m pos/sec)]
Estimated time to end of superbatch: [36m5.3[0ms     [Fsuperbatch [36m184[0m [[35m83.9[0m% ([36m640[0m/[36m763[0m batches, [36m6234793[0m pos/sec)]
Estimated time to end of superbatch: [36m2.6[0ms     [Fsuperbatch [36m184[0m | time [36m16.0[0ms | running loss [36m0.014810[0m | [36m6245966[0m pos/sec | total time [36m2779.3[0ms
Estimated time remaining in training: [36m0[0mh [36m31[0mm [36m43[0ms
LR dropped to [36m0.00040382257[0m
superbatch [36m185[0m [[35m0.0[0m% ([36m0[0m/[36m763[0m batches, [36m6594348[0m pos/sec)]
Estimated time to end of superbatch: [36minf[0ms     [Fsuperbatch [36m185[0m [[35m16.8[0m% ([36m128[0m/[36m763[0m batches, [36m6338107[0m pos/sec)]
Estimated time to end of superbatch: [36m13.2[0ms     [Fsuperbatch [36m185[0m [[35m33.6[0m% ([36m256[0m/[36m763[0m batches, [36m6344036[0m pos/sec)]
Estimated time to end of superbatch: [36m10.5[0ms     [Fsuperbatch [36m185[0m [[35m50.3[0m% ([36m384[0m/[36m763[0m batches, [36m6323334[0m pos/sec)]
Estimated time to end of superbatch: [36m7.9[0ms     [Fsuperbatch [36m185[0m [[35m67.1[0m% ([36m512[0m/[36m763[0m batches, [36m6389680[0m pos/sec)]
Estimated time to end of superbatch: [36m5.2[0ms     [Fsuperbatch [36m185[0m [[35m83.9[0m% ([36m640[0m/[36m763[0m batches, [36m6413141[0m pos/sec)]
Estimated time to end of superbatch: [36m2.5[0ms     [Fsuperbatch [36m185[0m | time [36m15.6[0ms | running loss [36m0.014878[0m | [36m6423691[0m pos/sec | total time [36m2794.8[0ms
Estimated time remaining in training: [36m0[0mh [36m31[0mm [36m28[0ms
LR dropped to [36m0.00040060002[0m
superbatch [36m186[0m [[35m0.0[0m% ([36m0[0m/[36m763[0m batches, [36m6627880[0m pos/sec)]
Estimated time to end of superbatch: [36minf[0ms     [Fsuperbatch [36m186[0m [[35m16.8[0m% ([36m128[0m/[36m763[0m batches, [36m6622457[0m pos/sec)]
Estimated time to end of superbatch: [36m12.7[0ms     [Fsuperbatch [36m186[0m [[35m33.6[0m% ([36m256[0m/[36m763[0m batches, [36m6611534[0m pos/sec)]
Estimated time to end of superbatch: [36m10.1[0ms     [Fsuperbatch [36m186[0m [[35m50.3[0m% ([36m384[0m/[36m763[0m batches, [36m6610384[0m pos/sec)]
Estimated time to end of superbatch: [36m7.5[0ms     [Fsuperbatch [36m186[0m [[35m67.1[0m% ([36m512[0m/[36m763[0m batches, [36m6555545[0m pos/sec)]
Estimated time to end of superbatch: [36m5.0[0ms     [Fsuperbatch [36m186[0m [[35m83.9[0m% ([36m640[0m/[36m763[0m batches, [36m6509760[0m pos/sec)]
Estimated time to end of superbatch: [36m2.5[0ms     [Fsuperbatch [36m186[0m | time [36m15.5[0ms | running loss [36m0.014879[0m | [36m6462249[0m pos/sec | total time [36m2810.3[0ms
Estimated time remaining in training: [36m0[0mh [36m31[0mm [36m13[0ms
LR dropped to [36m0.00039737741[0m
superbatch [36m187[0m [[35m0.0[0m% ([36m0[0m/[36m763[0m batches, [36m6576004[0m pos/sec)]
Estimated time to end of superbatch: [36minf[0ms     [Fsuperbatch [36m187[0m [[35m16.8[0m% ([36m128[0m/[36m763[0m batches, [36m6359135[0m pos/sec)]
Estimated time to end of superbatch: [36m13.2[0ms     [Fsuperbatch [36m187[0m [[35m33.6[0m% ([36m256[0m/[36m763[0m batches, [36m6372930[0m pos/sec)]
Estimated time to end of superbatch: [36m10.5[0ms     [Fsuperbatch [36m187[0m [[35m50.3[0m% ([36m384[0m/[36m763[0m batches, [36m6276696[0m pos/sec)]
Estimated time to end of superbatch: [36m7.9[0ms     [Fsuperbatch [36m187[0m [[35m67.1[0m% ([36m512[0m/[36m763[0m batches, [36m6286068[0m pos/sec)]
Estimated time to end of superbatch: [36m5.2[0ms     [Fsuperbatch [36m187[0m [[35m83.9[0m% ([36m640[0m/[36m763[0m batches, [36m6294082[0m pos/sec)]
Estimated time to end of superbatch: [36m2.6[0ms     [Fsuperbatch [36m187[0m | time [36m15.9[0ms | running loss [36m0.014942[0m | [36m6308183[0m pos/sec | total time [36m2826.2[0ms
Estimated time remaining in training: [36m0[0mh [36m30[0mm [36m58[0ms
LR dropped to [36m0.00039415486[0m
superbatch [36m188[0m [[35m0.0[0m% ([36m0[0m/[36m763[0m batches, [36m6620961[0m pos/sec)]
Estimated time to end of superbatch: [36minf[0ms     [Fsuperbatch [36m188[0m [[35m16.8[0m% ([36m128[0m/[36m763[0m batches, [36m6441200[0m pos/sec)]
Estimated time to end of superbatch: [36m13.0[0ms     [Fsuperbatch [36m188[0m [[35m33.6[0m% ([36m256[0m/[36m763[0m batches, [36m6382878[0m pos/sec)]
Estimated time to end of superbatch: [36m10.5[0ms     [Fsuperbatch [36m188[0m [[35m50.3[0m% ([36m384[0m/[36m763[0m batches, [36m6348406[0m pos/sec)]
Estimated time to end of superbatch: [36m7.8[0ms     [Fsuperbatch [36m188[0m [[35m67.1[0m% ([36m512[0m/[36m763[0m batches, [36m6382750[0m pos/sec)]
Estimated time to end of superbatch: [36m5.2[0ms     [Fsuperbatch [36m188[0m [[35m83.9[0m% ([36m640[0m/[36m763[0m batches, [36m6315188[0m pos/sec)]
Estimated time to end of superbatch: [36m2.6[0ms     [Fsuperbatch [36m188[0m | time [36m15.8[0ms | running loss [36m0.014929[0m | [36m6349616[0m pos/sec | total time [36m2841.9[0ms
Estimated time remaining in training: [36m0[0mh [36m30[0mm [36m44[0ms
LR dropped to [36m0.00039093225[0m
superbatch [36m189[0m [[35m0.0[0m% ([36m0[0m/[36m763[0m batches, [36m6606134[0m pos/sec)]
Estimated time to end of superbatch: [36minf[0ms     [Fsuperbatch [36m189[0m [[35m16.8[0m% ([36m128[0m/[36m763[0m batches, [36m6548358[0m pos/sec)]
Estimated time to end of superbatch: [36m12.8[0ms     [Fsuperbatch [36m189[0m [[35m33.6[0m% ([36m256[0m/[36m763[0m batches, [36m6493166[0m pos/sec)]
Estimated time to end of superbatch: [36m10.3[0ms     [Fsuperbatch [36m189[0m [[35m50.3[0m% ([36m384[0m/[36m763[0m batches, [36m6475348[0m pos/sec)]
Estimated time to end of superbatch: [36m7.7[0ms     [Fsuperbatch [36m189[0m [[35m67.1[0m% ([36m512[0m/[36m763[0m batches, [36m6508790[0m pos/sec)]
Estimated time to end of superbatch: [36m5.1[0ms     [Fsuperbatch [36m189[0m [[35m83.9[0m% ([36m640[0m/[36m763[0m batches, [36m6469644[0m pos/sec)]
Estimated time to end of superbatch: [36m2.5[0ms     [Fsuperbatch [36m189[0m | time [36m15.5[0ms | running loss [36m0.015015[0m | [36m6459656[0m pos/sec | total time [36m2857.4[0ms
Estimated time remaining in training: [36m0[0mh [36m30[0mm [36m29[0ms
LR dropped to [36m0.0003877097[0m
superbatch [36m190[0m [[35m0.0[0m% ([36m0[0m/[36m763[0m batches, [36m6616710[0m pos/sec)]
Estimated time to end of superbatch: [36minf[0ms     [Fsuperbatch [36m190[0m [[35m16.8[0m% ([36m128[0m/[36m763[0m batches, [36m6384043[0m pos/sec)]
Estimated time to end of superbatch: [36m13.1[0ms     [Fsuperbatch [36m190[0m [[35m33.6[0m% ([36m256[0m/[36m763[0m batches, [36m6403692[0m pos/sec)]
Estimated time to end of superbatch: [36m10.4[0ms     [Fsuperbatch [36m190[0m [[35m50.3[0m% ([36m384[0m/[36m763[0m batches, [36m6408252[0m pos/sec)]
Estimated time to end of superbatch: [36m7.8[0ms     [Fsuperbatch [36m190[0m [[35m67.1[0m% ([36m512[0m/[36m763[0m batches, [36m6402690[0m pos/sec)]
Estimated time to end of superbatch: [36m5.1[0ms     [Fsuperbatch [36m190[0m [[35m83.9[0m% ([36m640[0m/[36m763[0m batches, [36m6422220[0m pos/sec)]
Estimated time to end of superbatch: [36m2.5[0ms     [Fsuperbatch [36m190[0m | time [36m15.6[0ms | running loss [36m0.014965[0m | [36m6422926[0m pos/sec | total time [36m2873.0[0ms
Estimated time remaining in training: [36m0[0mh [36m30[0mm [36m14[0ms
LR dropped to [36m0.0003844871[0m
superbatch [36m191[0m [[35m0.0[0m% ([36m0[0m/[36m763[0m batches, [36m6595200[0m pos/sec)]
Estimated time to end of superbatch: [36minf[0ms     [Fsuperbatch [36m191[0m [[35m16.8[0m% ([36m128[0m/[36m763[0m batches, [36m6396674[0m pos/sec)]
Estimated time to end of superbatch: [36m13.1[0ms     [Fsuperbatch [36m191[0m [[35m33.6[0m% ([36m256[0m/[36m763[0m batches, [36m6410702[0m pos/sec)]
Estimated time to end of superbatch: [36m10.4[0ms     [Fsuperbatch [36m191[0m [[35m50.3[0m% ([36m384[0m/[36m763[0m batches, [36m6404820[0m pos/sec)]
Estimated time to end of superbatch: [36m7.8[0ms     [Fsuperbatch [36m191[0m [[35m67.1[0m% ([36m512[0m/[36m763[0m batches, [36m6398958[0m pos/sec)]
Estimated time to end of superbatch: [36m5.2[0ms     [Fsuperbatch [36m191[0m [[35m83.9[0m% ([36m640[0m/[36m763[0m batches, [36m6405495[0m pos/sec)]
Estimated time to end of superbatch: [36m2.5[0ms     [Fsuperbatch [36m191[0m | time [36m15.7[0ms | running loss [36m0.015087[0m | [36m6376964[0m pos/sec | total time [36m2888.7[0ms
Estimated time remaining in training: [36m0[0mh [36m29[0mm [36m59[0ms
LR dropped to [36m0.00038126454[0m
superbatch [36m192[0m [[35m0.0[0m% ([36m0[0m/[36m763[0m batches, [36m6596212[0m pos/sec)]
Estimated time to end of superbatch: [36minf[0ms     [Fsuperbatch [36m192[0m [[35m16.8[0m% ([36m128[0m/[36m763[0m batches, [36m6521204[0m pos/sec)]
Estimated time to end of superbatch: [36m12.9[0ms     [Fsuperbatch [36m192[0m [[35m33.6[0m% ([36m256[0m/[36m763[0m batches, [36m6462821[0m pos/sec)]
Estimated time to end of superbatch: [36m10.3[0ms     [Fsuperbatch [36m192[0m [[35m50.3[0m% ([36m384[0m/[36m763[0m batches, [36m6421048[0m pos/sec)]
Estimated time to end of superbatch: [36m7.8[0ms     [Fsuperbatch [36m192[0m [[35m67.1[0m% ([36m512[0m/[36m763[0m batches, [36m6448796[0m pos/sec)]
Estimated time to end of superbatch: [36m5.1[0ms     [Fsuperbatch [36m192[0m [[35m83.9[0m% ([36m640[0m/[36m763[0m batches, [36m6461672[0m pos/sec)]
Estimated time to end of superbatch: [36m2.5[0ms     [Fsuperbatch [36m192[0m | time [36m15.5[0ms | running loss [36m0.015046[0m | [36m6462266[0m pos/sec | total time [36m2904.1[0ms
Estimated time remaining in training: [36m0[0mh [36m29[0mm [36m44[0ms
LR dropped to [36m0.00037804194[0m
superbatch [36m193[0m [[35m0.0[0m% ([36m0[0m/[36m763[0m batches, [36m6598498[0m pos/sec)]
Estimated time to end of superbatch: [36minf[0ms     [Fsuperbatch [36m193[0m [[35m16.8[0m% ([36m128[0m/[36m763[0m batches, [36m6427442[0m pos/sec)]
Estimated time to end of superbatch: [36m13.1[0ms     [Fsuperbatch [36m193[0m [[35m33.6[0m% ([36m256[0m/[36m763[0m batches, [36m6510070[0m pos/sec)]
Estimated time to end of superbatch: [36m10.2[0ms     [Fsuperbatch [36m193[0m [[35m50.3[0m% ([36m384[0m/[36m763[0m batches, [36m6542929[0m pos/sec)]
Estimated time to end of superbatch: [36m7.6[0ms     [Fsuperbatch [36m193[0m [[35m67.1[0m% ([36m512[0m/[36m763[0m batches, [36m6476156[0m pos/sec)]
Estimated time to end of superbatch: [36m5.1[0ms     [Fsuperbatch [36m193[0m [[35m83.9[0m% ([36m640[0m/[36m763[0m batches, [36m6487152[0m pos/sec)]
Estimated time to end of superbatch: [36m2.5[0ms     [Fsuperbatch [36m193[0m | time [36m15.5[0ms | running loss [36m0.015198[0m | [36m6472124[0m pos/sec | total time [36m2919.6[0ms
Estimated time remaining in training: [36m0[0mh [36m29[0mm [36m29[0ms
LR dropped to [36m0.00037481938[0m
superbatch [36m194[0m [[35m0.0[0m% ([36m0[0m/[36m763[0m batches, [36m6615498[0m pos/sec)]
Estimated time to end of superbatch: [36minf[0ms     [Fsuperbatch [36m194[0m [[35m16.8[0m% ([36m128[0m/[36m763[0m batches, [36m6253574[0m pos/sec)]
Estimated time to end of superbatch: [36m13.4[0ms     [Fsuperbatch [36m194[0m [[35m33.6[0m% ([36m256[0m/[36m763[0m batches, [36m6371470[0m pos/sec)]
Estimated time to end of superbatch: [36m10.5[0ms     [Fsuperbatch [36m194[0m [[35m50.3[0m% ([36m384[0m/[36m763[0m batches, [36m6387620[0m pos/sec)]
Estimated time to end of superbatch: [36m7.8[0ms     [Fsuperbatch [36m194[0m [[35m67.1[0m% ([36m512[0m/[36m763[0m batches, [36m6360666[0m pos/sec)]
Estimated time to end of superbatch: [36m5.2[0ms     [Fsuperbatch [36m194[0m [[35m83.9[0m% ([36m640[0m/[36m763[0m batches, [36m6374622[0m pos/sec)]
Estimated time to end of superbatch: [36m2.5[0ms     [Fsuperbatch [36m194[0m | time [36m15.7[0ms | running loss [36m0.015120[0m | [36m6373402[0m pos/sec | total time [36m2935.3[0ms
Estimated time remaining in training: [36m0[0mh [36m29[0mm [36m15[0ms
LR dropped to [36m0.00037159678[0m
superbatch [36m195[0m [[35m0.0[0m% ([36m0[0m/[36m763[0m batches, [36m6583170[0m pos/sec)]
Estimated time to end of superbatch: [36minf[0ms     [Fsuperbatch [36m195[0m [[35m16.8[0m% ([36m128[0m/[36m763[0m batches, [36m6376822[0m pos/sec)]
Estimated time to end of superbatch: [36m13.2[0ms     [Fsuperbatch [36m195[0m [[35m33.6[0m% ([36m256[0m/[36m763[0m batches, [36m6412397[0m pos/sec)]
Estimated time to end of superbatch: [36m10.4[0ms     [Fsuperbatch [36m195[0m [[35m50.3[0m% ([36m384[0m/[36m763[0m batches, [36m6418902[0m pos/sec)]
Estimated time to end of superbatch: [36m7.8[0ms     [Fsuperbatch [36m195[0m [[35m67.1[0m% ([36m512[0m/[36m763[0m batches, [36m6438186[0m pos/sec)]
Estimated time to end of superbatch: [36m5.1[0ms     [Fsuperbatch [36m195[0m [[35m83.9[0m% ([36m640[0m/[36m763[0m batches, [36m6408314[0m pos/sec)]
Estimated time to end of superbatch: [36m2.5[0ms     [Fsuperbatch [36m195[0m | time [36m15.6[0ms | running loss [36m0.015265[0m | [36m6401916[0m pos/sec | total time [36m2950.9[0ms
Estimated time remaining in training: [36m0[0mh [36m29[0mm [36m0[0ms
LR dropped to [36m0.00036837423[0m
superbatch [36m196[0m [[35m0.0[0m% ([36m0[0m/[36m763[0m batches, [36m6599113[0m pos/sec)]
Estimated time to end of superbatch: [36minf[0ms     [Fsuperbatch [36m196[0m [[35m16.8[0m% ([36m128[0m/[36m763[0m batches, [36m6366548[0m pos/sec)]
Estimated time to end of superbatch: [36m13.2[0ms     [Fsuperbatch [36m196[0m [[35m33.6[0m% ([36m256[0m/[36m763[0m batches, [36m6419088[0m pos/sec)]
Estimated time to end of superbatch: [36m10.4[0ms     [Fsuperbatch [36m196[0m [[35m50.3[0m% ([36m384[0m/[36m763[0m batches, [36m6474204[0m pos/sec)]
Estimated time to end of superbatch: [36m7.7[0ms     [Fsuperbatch [36m196[0m [[35m67.1[0m% ([36m512[0m/[36m763[0m batches, [36m6503588[0m pos/sec)]
Estimated time to end of superbatch: [36m5.1[0ms     [Fsuperbatch [36m196[0m [[35m83.9[0m% ([36m640[0m/[36m763[0m batches, [36m6476296[0m pos/sec)]
Estimated time to end of superbatch: [36m2.5[0ms     [Fsuperbatch [36m196[0m | time [36m15.4[0ms | running loss [36m0.015142[0m | [36m6479450[0m pos/sec | total time [36m2966.3[0ms
Estimated time remaining in training: [36m0[0mh [36m28[0mm [36m45[0ms
LR dropped to [36m0.00036515162[0m
superbatch [36m197[0m [[35m0.0[0m% ([36m0[0m/[36m763[0m batches, [36m6553190[0m pos/sec)]
Estimated time to end of superbatch: [36minf[0ms     [Fsuperbatch [36m197[0m [[35m16.8[0m% ([36m128[0m/[36m763[0m batches, [36m6560992[0m pos/sec)]
Estimated time to end of superbatch: [36m12.8[0ms     [Fsuperbatch [36m197[0m [[35m33.6[0m% ([36m256[0m/[36m763[0m batches, [36m6568412[0m pos/sec)]
Estimated time to end of superbatch: [36m10.2[0ms     [Fsuperbatch [36m197[0m [[35m50.3[0m% ([36m384[0m/[36m763[0m batches, [36m6576070[0m pos/sec)]
Estimated time to end of superbatch: [36m7.6[0ms     [Fsuperbatch [36m197[0m [[35m67.1[0m% ([36m512[0m/[36m763[0m batches, [36m6579630[0m pos/sec)]
Estimated time to end of superbatch: [36m5.0[0ms     [Fsuperbatch [36m197[0m [[35m83.9[0m% ([36m640[0m/[36m763[0m batches, [36m6527075[0m pos/sec)]
Estimated time to end of superbatch: [36m2.5[0ms     [Fsuperbatch [36m197[0m | time [36m15.4[0ms | running loss [36m0.015433[0m | [36m6473170[0m pos/sec | total time [36m2981.8[0ms
Estimated time remaining in training: [36m0[0mh [36m28[0mm [36m30[0ms
LR dropped to [36m0.00036192907[0m
superbatch [36m198[0m [[35m0.0[0m% ([36m0[0m/[36m763[0m batches, [36m6567150[0m pos/sec)]
Estimated time to end of superbatch: [36minf[0ms     [Fsuperbatch [36m198[0m [[35m16.8[0m% ([36m128[0m/[36m763[0m batches, [36m6370395[0m pos/sec)]
Estimated time to end of superbatch: [36m13.2[0ms     [Fsuperbatch [36m198[0m [[35m33.6[0m% ([36m256[0m/[36m763[0m batches, [36m6418850[0m pos/sec)]
Estimated time to end of superbatch: [36m10.4[0ms     [Fsuperbatch [36m198[0m [[35m50.3[0m% ([36m384[0m/[36m763[0m batches, [36m6410680[0m pos/sec)]
Estimated time to end of superbatch: [36m7.8[0ms     [Fsuperbatch [36m198[0m [[35m67.1[0m% ([36m512[0m/[36m763[0m batches, [36m6385920[0m pos/sec)]
Estimated time to end of superbatch: [36m5.2[0ms     [Fsuperbatch [36m198[0m [[35m83.9[0m% ([36m640[0m/[36m763[0m batches, [36m6403586[0m pos/sec)]
Estimated time to end of superbatch: [36m2.5[0ms     [Fsuperbatch [36m198[0m | time [36m15.7[0ms | running loss [36m0.015333[0m | [36m6382307[0m pos/sec | total time [36m2997.4[0ms
Estimated time remaining in training: [36m0[0mh [36m28[0mm [36m15[0ms
LR dropped to [36m0.00035870651[0m
superbatch [36m199[0m [[35m0.0[0m% ([36m0[0m/[36m763[0m batches, [36m6571040[0m pos/sec)]
Estimated time to end of superbatch: [36minf[0ms     [Fsuperbatch [36m199[0m [[35m16.8[0m% ([36m128[0m/[36m763[0m batches, [36m6203216[0m pos/sec)]
Estimated time to end of superbatch: [36m13.5[0ms     [Fsuperbatch [36m199[0m [[35m33.6[0m% ([36m256[0m/[36m763[0m batches, [36m6270669[0m pos/sec)]
Estimated time to end of superbatch: [36m10.6[0ms     [Fsuperbatch [36m199[0m [[35m50.3[0m% ([36m384[0m/[36m763[0m batches, [36m6324914[0m pos/sec)]
Estimated time to end of superbatch: [36m7.9[0ms     [Fsuperbatch [36m199[0m [[35m67.1[0m% ([36m512[0m/[36m763[0m batches, [36m6361269[0m pos/sec)]
Estimated time to end of superbatch: [36m5.2[0ms     [Fsuperbatch [36m199[0m [[35m83.9[0m% ([36m640[0m/[36m763[0m batches, [36m6372796[0m pos/sec)]
Estimated time to end of superbatch: [36m2.5[0ms     [Fsuperbatch [36m199[0m | time [36m15.7[0ms | running loss [36m0.015563[0m | [36m6362287[0m pos/sec | total time [36m3013.2[0ms
Estimated time remaining in training: [36m0[0mh [36m28[0mm [36m0[0ms
LR dropped to [36m0.0003554839[0m
superbatch [36m200[0m [[35m0.0[0m% ([36m0[0m/[36m763[0m batches, [36m6567727[0m pos/sec)]
Estimated time to end of superbatch: [36minf[0ms     [Fsuperbatch [36m200[0m [[35m16.8[0m% ([36m128[0m/[36m763[0m batches, [36m6330784[0m pos/sec)]
Estimated time to end of superbatch: [36m13.2[0ms     [Fsuperbatch [36m200[0m [[35m33.6[0m% ([36m256[0m/[36m763[0m batches, [36m6360008[0m pos/sec)]
Estimated time to end of superbatch: [36m10.5[0ms     [Fsuperbatch [36m200[0m [[35m50.3[0m% ([36m384[0m/[36m763[0m batches, [36m6323326[0m pos/sec)]
Estimated time to end of superbatch: [36m7.9[0ms     [Fsuperbatch [36m200[0m [[35m67.1[0m% ([36m512[0m/[36m763[0m batches, [36m6382027[0m pos/sec)]
Estimated time to end of superbatch: [36m5.2[0ms     [Fsuperbatch [36m200[0m [[35m83.9[0m% ([36m640[0m/[36m763[0m batches, [36m6383521[0m pos/sec)]
Estimated time to end of superbatch: [36m2.5[0ms     [Fsuperbatch [36m200[0m | time [36m15.6[0ms | running loss [36m0.015403[0m | [36m6392365[0m pos/sec | total time [36m3028.8[0ms
Estimated time remaining in training: [36m0[0mh [36m27[0mm [36m45[0ms
Saved [anna-v3b-s1-200]
LR dropped to [36m0.00035226136[0m
superbatch [36m201[0m [[35m0.0[0m% ([36m0[0m/[36m763[0m batches, [36m6293816[0m pos/sec)]
Estimated time to end of superbatch: [36minf[0ms     [Fsuperbatch [36m201[0m [[35m16.8[0m% ([36m128[0m/[36m763[0m batches, [36m6418444[0m pos/sec)]
Estimated time to end of superbatch: [36m13.1[0ms     [Fsuperbatch [36m201[0m [[35m33.6[0m% ([36m256[0m/[36m763[0m batches, [36m6430078[0m pos/sec)]
Estimated time to end of superbatch: [36m10.4[0ms     [Fsuperbatch [36m201[0m [[35m50.3[0m% ([36m384[0m/[36m763[0m batches, [36m6441580[0m pos/sec)]
Estimated time to end of superbatch: [36m7.7[0ms     [Fsuperbatch [36m201[0m [[35m67.1[0m% ([36m512[0m/[36m763[0m batches, [36m6398676[0m pos/sec)]
Estimated time to end of superbatch: [36m5.2[0ms     [Fsuperbatch [36m201[0m [[35m83.9[0m% ([36m640[0m/[36m763[0m batches, [36m6407884[0m pos/sec)]
Estimated time to end of superbatch: [36m2.5[0ms     [Fsuperbatch [36m201[0m | time [36m15.7[0ms | running loss [36m0.015624[0m | [36m6374204[0m pos/sec | total time [36m3047.4[0ms
Estimated time remaining in training: [36m0[0mh [36m27[0mm [36m32[0ms
LR dropped to [36m0.00034903875[0m
superbatch [36m202[0m [[35m0.0[0m% ([36m0[0m/[36m763[0m batches, [36m3012483[0m pos/sec)]
Estimated time to end of superbatch: [36minf[0ms     [Fsuperbatch [36m202[0m [[35m16.8[0m% ([36m128[0m/[36m763[0m batches, [36m6298680[0m pos/sec)]
Estimated time to end of superbatch: [36m13.3[0ms     [Fsuperbatch [36m202[0m [[35m33.6[0m% ([36m256[0m/[36m763[0m batches, [36m6380197[0m pos/sec)]
Estimated time to end of superbatch: [36m10.5[0ms     [Fsuperbatch [36m202[0m [[35m50.3[0m% ([36m384[0m/[36m763[0m batches, [36m6367104[0m pos/sec)]
Estimated time to end of superbatch: [36m7.8[0ms     [Fsuperbatch [36m202[0m [[35m67.1[0m% ([36m512[0m/[36m763[0m batches, [36m6381555[0m pos/sec)]
Estimated time to end of superbatch: [36m5.2[0ms     [Fsuperbatch [36m202[0m [[35m83.9[0m% ([36m640[0m/[36m763[0m batches, [36m6372340[0m pos/sec)]
Estimated time to end of superbatch: [36m2.5[0ms     [Fsuperbatch [36m202[0m | time [36m15.7[0ms | running loss [36m0.015434[0m | [36m6369578[0m pos/sec | total time [36m3063.1[0ms
Estimated time remaining in training: [36m0[0mh [36m27[0mm [36m17[0ms
LR dropped to [36m0.0003458162[0m
superbatch [36m203[0m [[35m0.0[0m% ([36m0[0m/[36m763[0m batches, [36m6589715[0m pos/sec)]
Estimated time to end of superbatch: [36minf[0ms     [Fsuperbatch [36m203[0m [[35m16.8[0m% ([36m128[0m/[36m763[0m batches, [36m6379665[0m pos/sec)]
Estimated time to end of superbatch: [36m13.1[0ms     [Fsuperbatch [36m203[0m [[35m33.6[0m% ([36m256[0m/[36m763[0m batches, [36m6372986[0m pos/sec)]
Estimated time to end of superbatch: [36m10.5[0ms     [Fsuperbatch [36m203[0m [[35m50.3[0m% ([36m384[0m/[36m763[0m batches, [36m6342338[0m pos/sec)]
Estimated time to end of superbatch: [36m7.9[0ms     [Fsuperbatch [36m203[0m [[35m67.1[0m% ([36m512[0m/[36m763[0m batches, [36m6214194[0m pos/sec)]
Estimated time to end of superbatch: [36m5.3[0ms     [Fsuperbatch [36m203[0m [[35m83.9[0m% ([36m640[0m/[36m763[0m batches, [36m6270746[0m pos/sec)]
Estimated time to end of superbatch: [36m2.6[0ms     [Fsuperbatch [36m203[0m | time [36m15.9[0ms | running loss [36m0.015696[0m | [36m6279064[0m pos/sec | total time [36m3079.0[0ms
Estimated time remaining in training: [36m0[0mh [36m27[0mm [36m2[0ms
LR dropped to [36m0.00034259353[0m
superbatch [36m204[0m [[35m0.0[0m% ([36m0[0m/[36m763[0m batches, [36m6574762[0m pos/sec)]
Estimated time to end of superbatch: [36minf[0ms     [Fsuperbatch [36m204[0m [[35m16.8[0m% ([36m128[0m/[36m763[0m batches, [36m5754662[0m pos/sec)]
Estimated time to end of superbatch: [36m14.6[0ms     [Fsuperbatch [36m204[0m [[35m33.6[0m% ([36m256[0m/[36m763[0m batches, [36m5826338[0m pos/sec)]
Estimated time to end of superbatch: [36m11.5[0ms     [Fsuperbatch [36m204[0m [[35m50.3[0m% ([36m384[0m/[36m763[0m batches, [36m5808464[0m pos/sec)]
Estimated time to end of superbatch: [36m8.6[0ms     [Fsuperbatch [36m204[0m [[35m67.1[0m% ([36m512[0m/[36m763[0m batches, [36m5880824[0m pos/sec)]
Estimated time to end of superbatch: [36m5.6[0ms     [Fsuperbatch [36m204[0m [[35m83.9[0m% ([36m640[0m/[36m763[0m batches, [36m5878127[0m pos/sec)]
Estimated time to end of superbatch: [36m2.7[0ms     [Fsuperbatch [36m204[0m | time [36m16.8[0ms | running loss [36m0.015481[0m | [36m5961860[0m pos/sec | total time [36m3095.8[0ms
Estimated time remaining in training: [36m0[0mh [36m26[0mm [36m48[0ms
LR dropped to [36m0.00033937098[0m
superbatch [36m205[0m [[35m0.0[0m% ([36m0[0m/[36m763[0m batches, [36m6597516[0m pos/sec)]
Estimated time to end of superbatch: [36minf[0ms     [Fsuperbatch [36m205[0m [[35m16.8[0m% ([36m128[0m/[36m763[0m batches, [36m6431915[0m pos/sec)]
Estimated time to end of superbatch: [36m13.0[0ms     [Fsuperbatch [36m205[0m [[35m33.6[0m% ([36m256[0m/[36m763[0m batches, [36m6496719[0m pos/sec)]
Estimated time to end of superbatch: [36m10.3[0ms     [Fsuperbatch [36m205[0m [[35m50.3[0m% ([36m384[0m/[36m763[0m batches, [36m6440556[0m pos/sec)]
Estimated time to end of superbatch: [36m7.7[0ms     [Fsuperbatch [36m205[0m [[35m67.1[0m% ([36m512[0m/[36m763[0m batches, [36m6399066[0m pos/sec)]
Estimated time to end of superbatch: [36m5.2[0ms     [Fsuperbatch [36m205[0m [[35m83.9[0m% ([36m640[0m/[36m763[0m batches, [36m6392719[0m pos/sec)]
Estimated time to end of superbatch: [36m2.5[0ms     [Fsuperbatch [36m205[0m | time [36m15.7[0ms | running loss [36m0.015764[0m | [36m6365292[0m pos/sec | total time [36m3111.5[0ms
Estimated time remaining in training: [36m0[0mh [36m26[0mm [36m33[0ms
LR dropped to [36m0.00033614837[0m
superbatch [36m206[0m [[35m0.0[0m% ([36m0[0m/[36m763[0m batches, [36m6556368[0m pos/sec)]
Estimated time to end of superbatch: [36minf[0ms     [Fsuperbatch [36m206[0m [[35m16.8[0m% ([36m128[0m/[36m763[0m batches, [36m6376944[0m pos/sec)]
Estimated time to end of superbatch: [36m13.2[0ms     [Fsuperbatch [36m206[0m [[35m33.6[0m% ([36m256[0m/[36m763[0m batches, [36m6307108[0m pos/sec)]
Estimated time to end of superbatch: [36m10.6[0ms     [Fsuperbatch [36m206[0m [[35m50.3[0m% ([36m384[0m/[36m763[0m batches, [36m6279650[0m pos/sec)]
Estimated time to end of superbatch: [36m7.9[0ms     [Fsuperbatch [36m206[0m [[35m67.1[0m% ([36m512[0m/[36m763[0m batches, [36m6249671[0m pos/sec)]
Estimated time to end of superbatch: [36m5.3[0ms     [Fsuperbatch [36m206[0m [[35m83.9[0m% ([36m640[0m/[36m763[0m batches, [36m6264974[0m pos/sec)]
Estimated time to end of superbatch: [36m2.6[0ms     [Fsuperbatch [36m206[0m | time [36m15.9[0ms | running loss [36m0.015542[0m | [36m6296275[0m pos/sec | total time [36m3127.4[0ms
Estimated time remaining in training: [36m0[0mh [36m26[0mm [36m18[0ms
LR dropped to [36m0.00033292582[0m
superbatch [36m207[0m [[35m0.0[0m% ([36m0[0m/[36m763[0m batches, [36m6582230[0m pos/sec)]
Estimated time to end of superbatch: [36minf[0ms     [Fsuperbatch [36m207[0m [[35m16.8[0m% ([36m128[0m/[36m763[0m batches, [36m6277224[0m pos/sec)]
Estimated time to end of superbatch: [36m13.4[0ms     [Fsuperbatch [36m207[0m [[35m33.6[0m% ([36m256[0m/[36m763[0m batches, [36m6218348[0m pos/sec)]
Estimated time to end of superbatch: [36m10.7[0ms     [Fsuperbatch [36m207[0m [[35m50.3[0m% ([36m384[0m/[36m763[0m batches, [36m6273331[0m pos/sec)]
Estimated time to end of superbatch: [36m7.9[0ms     [Fsuperbatch [36m207[0m [[35m67.1[0m% ([36m512[0m/[36m763[0m batches, [36m6287408[0m pos/sec)]
Estimated time to end of superbatch: [36m5.2[0ms     [Fsuperbatch [36m207[0m [[35m83.9[0m% ([36m640[0m/[36m763[0m batches, [36m6326938[0m pos/sec)]
Estimated time to end of superbatch: [36m2.6[0ms     [Fsuperbatch [36m207[0m | time [36m15.7[0ms | running loss [36m0.015837[0m | [36m6351121[0m pos/sec | total time [36m3143.2[0ms
Estimated time remaining in training: [36m0[0mh [36m26[0mm [36m3[0ms
LR dropped to [36m0.0003297032[0m
superbatch [36m208[0m [[35m0.0[0m% ([36m0[0m/[36m763[0m batches, [36m6564535[0m pos/sec)]
Estimated time to end of superbatch: [36minf[0ms     [Fsuperbatch [36m208[0m [[35m16.8[0m% ([36m128[0m/[36m763[0m batches, [36m6571614[0m pos/sec)]
Estimated time to end of superbatch: [36m12.8[0ms     [Fsuperbatch [36m208[0m [[35m33.6[0m% ([36m256[0m/[36m763[0m batches, [36m6465922[0m pos/sec)]
Estimated time to end of superbatch: [36m10.3[0ms     [Fsuperbatch [36m208[0m [[35m50.3[0m% ([36m384[0m/[36m763[0m batches, [36m6457523[0m pos/sec)]
Estimated time to end of superbatch: [36m7.7[0ms     [Fsuperbatch [36m208[0m [[35m67.1[0m% ([36m512[0m/[36m763[0m batches, [36m6453972[0m pos/sec)]
Estimated time to end of superbatch: [36m5.1[0ms     [Fsuperbatch [36m208[0m [[35m83.9[0m% ([36m640[0m/[36m763[0m batches, [36m6399872[0m pos/sec)]
Estimated time to end of superbatch: [36m2.5[0ms     [Fsuperbatch [36m208[0m | time [36m15.7[0ms | running loss [36m0.015664[0m | [36m6384880[0m pos/sec | total time [36m3158.8[0ms
Estimated time remaining in training: [36m0[0mh [36m25[0mm [36m49[0ms
LR dropped to [36m0.00032648066[0m
superbatch [36m209[0m [[35m0.0[0m% ([36m0[0m/[36m763[0m batches, [36m6563983[0m pos/sec)]
Estimated time to end of superbatch: [36minf[0ms     [Fsuperbatch [36m209[0m [[35m16.8[0m% ([36m128[0m/[36m763[0m batches, [36m6376963[0m pos/sec)]
Estimated time to end of superbatch: [36m13.2[0ms     [Fsuperbatch [36m209[0m [[35m33.6[0m% ([36m256[0m/[36m763[0m batches, [36m6313061[0m pos/sec)]
Estimated time to end of superbatch: [36m10.6[0ms     [Fsuperbatch [36m209[0m [[35m50.3[0m% ([36m384[0m/[36m763[0m batches, [36m6300740[0m pos/sec)]
Estimated time to end of superbatch: [36m7.9[0ms     [Fsuperbatch [36m209[0m [[35m67.1[0m% ([36m512[0m/[36m763[0m batches, [36m6077472[0m pos/sec)]
Estimated time to end of superbatch: [36m5.4[0ms     [Fsuperbatch [36m209[0m [[35m83.9[0m% ([36m640[0m/[36m763[0m batches, [36m6026808[0m pos/sec)]
Estimated time to end of superbatch: [36m2.7[0ms     [Fsuperbatch [36m209[0m | time [36m16.4[0ms | running loss [36m0.015940[0m | [36m6082006[0m pos/sec | total time [36m3175.3[0ms
Estimated time remaining in training: [36m0[0mh [36m25[0mm [36m34[0ms
LR dropped to [36m0.00032325805[0m
superbatch [36m210[0m [[35m0.0[0m% ([36m0[0m/[36m763[0m batches, [36m6554824[0m pos/sec)]
Estimated time to end of superbatch: [36minf[0ms     [Fsuperbatch [36m210[0m [[35m16.8[0m% ([36m128[0m/[36m763[0m batches, [36m5975878[0m pos/sec)]
Estimated time to end of superbatch: [36m14.0[0ms     [Fsuperbatch [36m210[0m [[35m33.6[0m% ([36m256[0m/[36m763[0m batches, [36m6045893[0m pos/sec)]
Estimated time to end of superbatch: [36m11.0[0ms     [Fsuperbatch [36m210[0m [[35m50.3[0m% ([36m384[0m/[36m763[0m batches, [36m6011200[0m pos/sec)]
Estimated time to end of superbatch: [36m8.3[0ms     [Fsuperbatch [36m210[0m [[35m67.1[0m% ([36m512[0m/[36m763[0m batches, [36m5954145[0m pos/sec)]
Estimated time to end of superbatch: [36m5.5[0ms     [Fsuperbatch [36m210[0m [[35m83.9[0m% ([36m640[0m/[36m763[0m batches, [36m5898790[0m pos/sec)]
Estimated time to end of superbatch: [36m2.7[0ms     [Fsuperbatch [36m210[0m | time [36m16.8[0ms | running loss [36m0.015720[0m | [36m5970097[0m pos/sec | total time [36m3192.0[0ms
Estimated time remaining in training: [36m0[0mh [36m25[0mm [36m20[0ms
LR dropped to [36m0.0003200355[0m
superbatch [36m211[0m [[35m0.0[0m% ([36m0[0m/[36m763[0m batches, [36m6563076[0m pos/sec)]
Estimated time to end of superbatch: [36minf[0ms     [Fsuperbatch [36m211[0m [[35m16.8[0m% ([36m128[0m/[36m763[0m batches, [36m6282272[0m pos/sec)]
Estimated time to end of superbatch: [36m13.4[0ms     [Fsuperbatch [36m211[0m [[35m33.6[0m% ([36m256[0m/[36m763[0m batches, [36m6356375[0m pos/sec)]
Estimated time to end of superbatch: [36m10.5[0ms     [Fsuperbatch [36m211[0m [[35m50.3[0m% ([36m384[0m/[36m763[0m batches, [36m6371961[0m pos/sec)]
Estimated time to end of superbatch: [36m7.8[0ms     [Fsuperbatch [36m211[0m [[35m67.1[0m% ([36m512[0m/[36m763[0m batches, [36m6291143[0m pos/sec)]
Estimated time to end of superbatch: [36m5.2[0ms     [Fsuperbatch [36m211[0m [[35m83.9[0m% ([36m640[0m/[36m763[0m batches, [36m6288518[0m pos/sec)]
Estimated time to end of superbatch: [36m2.6[0ms     [Fsuperbatch [36m211[0m | time [36m15.8[0ms | running loss [36m0.015983[0m | [36m6313155[0m pos/sec | total time [36m3207.9[0ms
Estimated time remaining in training: [36m0[0mh [36m25[0mm [36m5[0ms
LR dropped to [36m0.00031681295[0m
superbatch [36m212[0m [[35m0.0[0m% ([36m0[0m/[36m763[0m batches, [36m6545650[0m pos/sec)]
Estimated time to end of superbatch: [36minf[0ms     [Fsuperbatch [36m212[0m [[35m16.8[0m% ([36m128[0m/[36m763[0m batches, [36m6246770[0m pos/sec)]
Estimated time to end of superbatch: [36m13.4[0ms     [Fsuperbatch [36m212[0m [[35m33.6[0m% ([36m256[0m/[36m763[0m batches, [36m6268432[0m pos/sec)]
Estimated time to end of superbatch: [36m10.6[0ms     [Fsuperbatch [36m212[0m [[35m50.3[0m% ([36m384[0m/[36m763[0m batches, [36m6257823[0m pos/sec)]
Estimated time to end of superbatch: [36m8.0[0ms     [Fsuperbatch [36m212[0m [[35m67.1[0m% ([36m512[0m/[36m763[0m batches, [36m6314962[0m pos/sec)]
Estimated time to end of superbatch: [36m5.2[0ms     [Fsuperbatch [36m212[0m [[35m83.9[0m% ([36m640[0m/[36m763[0m batches, [36m6315982[0m pos/sec)]
Estimated time to end of superbatch: [36m2.6[0ms     [Fsuperbatch [36m212[0m | time [36m15.9[0ms | running loss [36m0.015813[0m | [36m6283014[0m pos/sec | total time [36m3223.8[0ms
Estimated time remaining in training: [36m0[0mh [36m24[0mm [36m50[0ms
LR dropped to [36m0.00031359034[0m
superbatch [36m213[0m [[35m0.0[0m% ([36m0[0m/[36m763[0m batches, [36m6573220[0m pos/sec)]
Estimated time to end of superbatch: [36minf[0ms     [Fsuperbatch [36m213[0m [[35m16.8[0m% ([36m128[0m/[36m763[0m batches, [36m6152186[0m pos/sec)]
Estimated time to end of superbatch: [36m13.6[0ms     [Fsuperbatch [36m213[0m [[35m33.6[0m% ([36m256[0m/[36m763[0m batches, [36m6108408[0m pos/sec)]
Estimated time to end of superbatch: [36m10.9[0ms     [Fsuperbatch [36m213[0m [[35m50.3[0m% ([36m384[0m/[36m763[0m batches, [36m6193700[0m pos/sec)]
Estimated time to end of superbatch: [36m8.0[0ms     [Fsuperbatch [36m213[0m [[35m67.1[0m% ([36m512[0m/[36m763[0m batches, [36m6275816[0m pos/sec)]
Estimated time to end of superbatch: [36m5.3[0ms     [Fsuperbatch [36m213[0m [[35m83.9[0m% ([36m640[0m/[36m763[0m batches, [36m6270564[0m pos/sec)]
Estimated time to end of superbatch: [36m2.6[0ms     [Fsuperbatch [36m213[0m | time [36m15.9[0ms | running loss [36m0.016065[0m | [36m6303700[0m pos/sec | total time [36m3239.6[0ms
Estimated time remaining in training: [36m0[0mh [36m24[0mm [36m35[0ms
LR dropped to [36m0.0003103678[0m
superbatch [36m214[0m [[35m0.0[0m% ([36m0[0m/[36m763[0m batches, [36m6545026[0m pos/sec)]
Estimated time to end of superbatch: [36minf[0ms     [Fsuperbatch [36m214[0m [[35m16.8[0m% ([36m128[0m/[36m763[0m batches, [36m6552653[0m pos/sec)]
Estimated time to end of superbatch: [36m12.8[0ms     [Fsuperbatch [36m214[0m [[35m33.6[0m% ([36m256[0m/[36m763[0m batches, [36m6532670[0m pos/sec)]
Estimated time to end of superbatch: [36m10.2[0ms     [Fsuperbatch [36m214[0m [[35m50.3[0m% ([36m384[0m/[36m763[0m batches, [36m6449343[0m pos/sec)]
Estimated time to end of superbatch: [36m7.7[0ms     [Fsuperbatch [36m214[0m [[35m67.1[0m% ([36m512[0m/[36m763[0m batches, [36m6424174[0m pos/sec)]
Estimated time to end of superbatch: [36m5.1[0ms     [Fsuperbatch [36m214[0m [[35m83.9[0m% ([36m640[0m/[36m763[0m batches, [36m6411950[0m pos/sec)]
Estimated time to end of superbatch: [36m2.5[0ms     [Fsuperbatch [36m214[0m | time [36m15.7[0ms | running loss [36m0.015911[0m | [36m6388063[0m pos/sec | total time [36m3255.3[0ms
Estimated time remaining in training: [36m0[0mh [36m24[0mm [36m20[0ms
LR dropped to [36m0.00030714518[0m
superbatch [36m215[0m [[35m0.0[0m% ([36m0[0m/[36m763[0m batches, [36m6565722[0m pos/sec)]
Estimated time to end of superbatch: [36minf[0ms     [Fsuperbatch [36m215[0m [[35m16.8[0m% ([36m128[0m/[36m763[0m batches, [36m6321564[0m pos/sec)]
Estimated time to end of superbatch: [36m13.3[0ms     [Fsuperbatch [36m215[0m [[35m33.6[0m% ([36m256[0m/[36m763[0m batches, [36m6359410[0m pos/sec)]
Estimated time to end of superbatch: [36m10.5[0ms     [Fsuperbatch [36m215[0m [[35m50.3[0m% ([36m384[0m/[36m763[0m batches, [36m6400211[0m pos/sec)]
Estimated time to end of superbatch: [36m7.8[0ms     [Fsuperbatch [36m215[0m [[35m67.1[0m% ([36m512[0m/[36m763[0m batches, [36m6427622[0m pos/sec)]
Estimated time to end of superbatch: [36m5.1[0ms     [Fsuperbatch [36m215[0m [[35m83.9[0m% ([36m640[0m/[36m763[0m batches, [36m6389514[0m pos/sec)]
Estimated time to end of superbatch: [36m2.5[0ms     [Fsuperbatch [36m215[0m | time [36m15.7[0ms | running loss [36m0.016096[0m | [36m6375825[0m pos/sec | total time [36m3271.0[0ms
Estimated time remaining in training: [36m0[0mh [36m24[0mm [36m5[0ms
LR dropped to [36m0.00030392263[0m
superbatch [36m216[0m [[35m0.0[0m% ([36m0[0m/[36m763[0m batches, [36m6544568[0m pos/sec)]
Estimated time to end of superbatch: [36minf[0ms     [Fsuperbatch [36m216[0m [[35m16.8[0m% ([36m128[0m/[36m763[0m batches, [36m6393941[0m pos/sec)]
Estimated time to end of superbatch: [36m13.1[0ms     [Fsuperbatch [36m216[0m [[35m33.6[0m% ([36m256[0m/[36m763[0m batches, [36m6315684[0m pos/sec)]
Estimated time to end of superbatch: [36m10.6[0ms     [Fsuperbatch [36m216[0m [[35m50.3[0m% ([36m384[0m/[36m763[0m batches, [36m6370452[0m pos/sec)]
Estimated time to end of superbatch: [36m7.8[0ms     [Fsuperbatch [36m216[0m [[35m67.1[0m% ([36m512[0m/[36m763[0m batches, [36m6352628[0m pos/sec)]
Estimated time to end of superbatch: [36m5.2[0ms     [Fsuperbatch [36m216[0m [[35m83.9[0m% ([36m640[0m/[36m763[0m batches, [36m6376090[0m pos/sec)]
Estimated time to end of superbatch: [36m2.5[0ms     [Fsuperbatch [36m216[0m | time [36m15.7[0ms | running loss [36m0.015991[0m | [36m6356720[0m pos/sec | total time [36m3286.7[0ms
Estimated time remaining in training: [36m0[0mh [36m23[0mm [36m50[0ms
LR dropped to [36m0.00030070002[0m
superbatch [36m217[0m [[35m0.0[0m% ([36m0[0m/[36m763[0m batches, [36m6564178[0m pos/sec)]
Estimated time to end of superbatch: [36minf[0ms     [Fsuperbatch [36m217[0m [[35m16.8[0m% ([36m128[0m/[36m763[0m batches, [36m6256772[0m pos/sec)]
Estimated time to end of superbatch: [36m13.4[0ms     [Fsuperbatch [36m217[0m [[35m33.6[0m% ([36m256[0m/[36m763[0m batches, [36m6380676[0m pos/sec)]
Estimated time to end of superbatch: [36m10.5[0ms     [Fsuperbatch [36m217[0m [[35m50.3[0m% ([36m384[0m/[36m763[0m batches, [36m6388326[0m pos/sec)]
Estimated time to end of superbatch: [36m7.8[0ms     [Fsuperbatch [36m217[0m [[35m67.1[0m% ([36m512[0m/[36m763[0m batches, [36m6412352[0m pos/sec)]
Estimated time to end of superbatch: [36m5.1[0ms     [Fsuperbatch [36m217[0m [[35m83.9[0m% ([36m640[0m/[36m763[0m batches, [36m6436420[0m pos/sec)]
Estimated time to end of superbatch: [36m2.5[0ms     [Fsuperbatch [36m217[0m | time [36m15.5[0ms | running loss [36m0.016300[0m | [36m6450374[0m pos/sec | total time [36m3302.2[0ms
Estimated time remaining in training: [36m0[0mh [36m23[0mm [36m35[0ms
LR dropped to [36m0.00029747747[0m
superbatch [36m218[0m [[35m0.0[0m% ([36m0[0m/[36m763[0m batches, [36m6524648[0m pos/sec)]
Estimated time to end of superbatch: [36minf[0ms     [Fsuperbatch [36m218[0m [[35m16.8[0m% ([36m128[0m/[36m763[0m batches, [36m6528893[0m pos/sec)]
Estimated time to end of superbatch: [36m12.8[0ms     [Fsuperbatch [36m218[0m [[35m33.6[0m% ([36m256[0m/[36m763[0m batches, [36m6512456[0m pos/sec)]
Estimated time to end of superbatch: [36m10.2[0ms     [Fsuperbatch [36m218[0m [[35m50.3[0m% ([36m384[0m/[36m763[0m batches, [36m6499533[0m pos/sec)]
Estimated time to end of superbatch: [36m7.7[0ms     [Fsuperbatch [36m218[0m [[35m67.1[0m% ([36m512[0m/[36m763[0m batches, [36m6459118[0m pos/sec)]
Estimated time to end of superbatch: [36m5.1[0ms     [Fsuperbatch [36m218[0m [[35m83.9[0m% ([36m640[0m/[36m763[0m batches, [36m6447686[0m pos/sec)]
Estimated time to end of superbatch: [36m2.5[0ms     [Fsuperbatch [36m218[0m | time [36m15.5[0ms | running loss [36m0.016186[0m | [36m6439967[0m pos/sec | total time [36m3317.7[0ms
Estimated time remaining in training: [36m0[0mh [36m23[0mm [36m20[0ms
LR dropped to [36m0.00029425486[0m
superbatch [36m219[0m [[35m0.0[0m% ([36m0[0m/[36m763[0m batches, [36m6543406[0m pos/sec)]
Estimated time to end of superbatch: [36minf[0ms     [Fsuperbatch [36m219[0m [[35m16.8[0m% ([36m128[0m/[36m763[0m batches, [36m6418264[0m pos/sec)]
Estimated time to end of superbatch: [36m13.1[0ms     [Fsuperbatch [36m219[0m [[35m33.6[0m% ([36m256[0m/[36m763[0m batches, [36m6354146[0m pos/sec)]
Estimated time to end of superbatch: [36m10.5[0ms     [Fsuperbatch [36m219[0m [[35m50.3[0m% ([36m384[0m/[36m763[0m batches, [36m6363341[0m pos/sec)]
Estimated time to end of superbatch: [36m7.8[0ms     [Fsuperbatch [36m219[0m [[35m67.1[0m% ([36m512[0m/[36m763[0m batches, [36m6368886[0m pos/sec)]
Estimated time to end of superbatch: [36m5.2[0ms     [Fsuperbatch [36m219[0m [[35m83.9[0m% ([36m640[0m/[36m763[0m batches, [36m6355458[0m pos/sec)]
Estimated time to end of superbatch: [36m2.5[0ms     [Fsuperbatch [36m219[0m | time [36m15.7[0ms | running loss [36m0.016372[0m | [36m6363186[0m pos/sec | total time [36m3333.5[0ms
Estimated time remaining in training: [36m0[0mh [36m23[0mm [36m5[0ms
LR dropped to [36m0.0002910323[0m
superbatch [36m220[0m [[35m0.0[0m% ([36m0[0m/[36m763[0m batches, [36m6520785[0m pos/sec)]
Estimated time to end of superbatch: [36minf[0ms     [Fsuperbatch [36m220[0m [[35m16.8[0m% ([36m128[0m/[36m763[0m batches, [36m6255669[0m pos/sec)]
Estimated time to end of superbatch: [36m13.4[0ms     [Fsuperbatch [36m220[0m [[35m33.6[0m% ([36m256[0m/[36m763[0m batches, [36m6240371[0m pos/sec)]
Estimated time to end of superbatch: [36m10.7[0ms     [Fsuperbatch [36m220[0m [[35m50.3[0m% ([36m384[0m/[36m763[0m batches, [36m6240574[0m pos/sec)]
Estimated time to end of superbatch: [36m8.0[0ms     [Fsuperbatch [36m220[0m [[35m67.1[0m% ([36m512[0m/[36m763[0m batches, [36m6253129[0m pos/sec)]
Estimated time to end of superbatch: [36m5.3[0ms     [Fsuperbatch [36m220[0m [[35m83.9[0m% ([36m640[0m/[36m763[0m batches, [36m6294052[0m pos/sec)]
Estimated time to end of superbatch: [36m2.6[0ms     [Fsuperbatch [36m220[0m | time [36m15.9[0ms | running loss [36m0.016252[0m | [36m6274472[0m pos/sec | total time [36m3349.4[0ms
Estimated time remaining in training: [36m0[0mh [36m22[0mm [36m50[0ms
Saved [anna-v3b-s1-220]
LR dropped to [36m0.0002878097[0m
superbatch [36m221[0m [[35m0.0[0m% ([36m0[0m/[36m763[0m batches, [36m6270114[0m pos/sec)]
Estimated time to end of superbatch: [36minf[0ms     [Fsuperbatch [36m221[0m [[35m16.8[0m% ([36m128[0m/[36m763[0m batches, [36m6424614[0m pos/sec)]
Estimated time to end of superbatch: [36m13.1[0ms     [Fsuperbatch [36m221[0m [[35m33.6[0m% ([36m256[0m/[36m763[0m batches, [36m6420296[0m pos/sec)]
Estimated time to end of superbatch: [36m10.4[0ms     [Fsuperbatch [36m221[0m [[35m50.3[0m% ([36m384[0m/[36m763[0m batches, [36m6412588[0m pos/sec)]
Estimated time to end of superbatch: [36m7.8[0ms     [Fsuperbatch [36m221[0m [[35m67.1[0m% ([36m512[0m/[36m763[0m batches, [36m6440903[0m pos/sec)]
Estimated time to end of superbatch: [36m5.1[0ms     [Fsuperbatch [36m221[0m [[35m83.9[0m% ([36m640[0m/[36m763[0m batches, [36m6456688[0m pos/sec)]
Estimated time to end of superbatch: [36m2.5[0ms     [Fsuperbatch [36m221[0m | time [36m15.5[0ms | running loss [36m0.016398[0m | [36m6459330[0m pos/sec | total time [36m3367.4[0ms
Estimated time remaining in training: [36m0[0mh [36m22[0mm [36m36[0ms
LR dropped to [36m0.00028458715[0m
superbatch [36m222[0m [[35m0.0[0m% ([36m0[0m/[36m763[0m batches, [36m6507715[0m pos/sec)]
Estimated time to end of superbatch: [36minf[0ms     [Fsuperbatch [36m222[0m [[35m16.8[0m% ([36m128[0m/[36m763[0m batches, [36m6369800[0m pos/sec)]
Estimated time to end of superbatch: [36m13.2[0ms     [Fsuperbatch [36m222[0m [[35m33.6[0m% ([36m256[0m/[36m763[0m batches, [36m6205176[0m pos/sec)]
Estimated time to end of superbatch: [36m10.8[0ms     [Fsuperbatch [36m222[0m [[35m50.3[0m% ([36m384[0m/[36m763[0m batches, [36m5842060[0m pos/sec)]
Estimated time to end of superbatch: [36m8.5[0ms     [Fsuperbatch [36m222[0m [[35m67.1[0m% ([36m512[0m/[36m763[0m batches, [36m5713380[0m pos/sec)]
Estimated time to end of superbatch: [36m5.8[0ms     [Fsuperbatch [36m222[0m [[35m83.9[0m% ([36m640[0m/[36m763[0m batches, [36m5796992[0m pos/sec)]
Estimated time to end of superbatch: [36m2.8[0ms     [Fsuperbatch [36m222[0m | time [36m16.9[0ms | running loss [36m0.016322[0m | [36m5901508[0m pos/sec | total time [36m3384.4[0ms
Estimated time remaining in training: [36m0[0mh [36m22[0mm [36m21[0ms
LR dropped to [36m0.00028136448[0m
superbatch [36m223[0m [[35m0.0[0m% ([36m0[0m/[36m763[0m batches, [36m6552644[0m pos/sec)]
Estimated time to end of superbatch: [36minf[0ms     [Fsuperbatch [36m223[0m [[35m16.8[0m% ([36m128[0m/[36m763[0m batches, [36m5826656[0m pos/sec)]
Estimated time to end of superbatch: [36m14.4[0ms     [Fsuperbatch [36m223[0m [[35m33.6[0m% ([36m256[0m/[36m763[0m batches, [36m5949439[0m pos/sec)]
Estimated time to end of superbatch: [36m11.2[0ms     [Fsuperbatch [36m223[0m [[35m50.3[0m% ([36m384[0m/[36m763[0m batches, [36m5962444[0m pos/sec)]
Estimated time to end of superbatch: [36m8.4[0ms     [Fsuperbatch [36m223[0m [[35m67.1[0m% ([36m512[0m/[36m763[0m batches, [36m5923848[0m pos/sec)]
Estimated time to end of superbatch: [36m5.6[0ms     [Fsuperbatch [36m223[0m [[35m83.9[0m% ([36m640[0m/[36m763[0m batches, [36m5900616[0m pos/sec)]
Estimated time to end of superbatch: [36m2.7[0ms     [Fsuperbatch [36m223[0m | time [36m16.9[0ms | running loss [36m0.016457[0m | [36m5909249[0m pos/sec | total time [36m3401.3[0ms
Estimated time remaining in training: [36m0[0mh [36m22[0mm [36m6[0ms
LR dropped to [36m0.00027814193[0m
superbatch [36m224[0m [[35m0.0[0m% ([36m0[0m/[36m763[0m batches, [36m6507373[0m pos/sec)]
Estimated time to end of superbatch: [36minf[0ms     [Fsuperbatch [36m224[0m [[35m16.8[0m% ([36m128[0m/[36m763[0m batches, [36m6374906[0m pos/sec)]
Estimated time to end of superbatch: [36m13.2[0ms     [Fsuperbatch [36m224[0m [[35m33.6[0m% ([36m256[0m/[36m763[0m batches, [36m6438182[0m pos/sec)]
Estimated time to end of superbatch: [36m10.4[0ms     [Fsuperbatch [36m224[0m [[35m50.3[0m% ([36m384[0m/[36m763[0m batches, [36m6462200[0m pos/sec)]
Estimated time to end of superbatch: [36m7.7[0ms     [Fsuperbatch [36m224[0m [[35m67.1[0m% ([36m512[0m/[36m763[0m batches, [36m6415906[0m pos/sec)]
Estimated time to end of superbatch: [36m5.1[0ms     [Fsuperbatch [36m224[0m [[35m83.9[0m% ([36m640[0m/[36m763[0m batches, [36m6379504[0m pos/sec)]
Estimated time to end of superbatch: [36m2.5[0ms     [Fsuperbatch [36m224[0m | time [36m15.7[0ms | running loss [36m0.016390[0m | [36m6361466[0m pos/sec | total time [36m3417.0[0ms
Estimated time remaining in training: [36m0[0mh [36m21[0mm [36m51[0ms
LR dropped to [36m0.00027491932[0m
superbatch [36m225[0m [[35m0.0[0m% ([36m0[0m/[36m763[0m batches, [36m6530994[0m pos/sec)]
Estimated time to end of superbatch: [36minf[0ms     [Fsuperbatch [36m225[0m [[35m16.8[0m% ([36m128[0m/[36m763[0m batches, [36m6313519[0m pos/sec)]
Estimated time to end of superbatch: [36m13.3[0ms     [Fsuperbatch [36m225[0m [[35m33.6[0m% ([36m256[0m/[36m763[0m batches, [36m6242650[0m pos/sec)]
Estimated time to end of superbatch: [36m10.7[0ms     [Fsuperbatch [36m225[0m [[35m50.3[0m% ([36m384[0m/[36m763[0m batches, [36m6260470[0m pos/sec)]
Estimated time to end of superbatch: [36m8.0[0ms     [Fsuperbatch [36m225[0m [[35m67.1[0m% ([36m512[0m/[36m763[0m batches, [36m6241878[0m pos/sec)]
Estimated time to end of superbatch: [36m5.3[0ms     [Fsuperbatch [36m225[0m [[35m83.9[0m% ([36m640[0m/[36m763[0m batches, [36m6245754[0m pos/sec)]
Estimated time to end of superbatch: [36m2.6[0ms     [Fsuperbatch [36m225[0m | time [36m16.0[0ms | running loss [36m0.016541[0m | [36m6264280[0m pos/sec | total time [36m3433.0[0ms
Estimated time remaining in training: [36m0[0mh [36m21[0mm [36m36[0ms
LR dropped to [36m0.00027169677[0m
superbatch [36m226[0m [[35m0.0[0m% ([36m0[0m/[36m763[0m batches, [36m6489865[0m pos/sec)]
Estimated time to end of superbatch: [36minf[0ms     [Fsuperbatch [36m226[0m [[35m16.8[0m% ([36m128[0m/[36m763[0m batches, [36m6079846[0m pos/sec)]
Estimated time to end of superbatch: [36m13.8[0ms     [Fsuperbatch [36m226[0m [[35m33.6[0m% ([36m256[0m/[36m763[0m batches, [36m6196786[0m pos/sec)]
Estimated time to end of superbatch: [36m10.8[0ms     [Fsuperbatch [36m226[0m [[35m50.3[0m% ([36m384[0m/[36m763[0m batches, [36m6201003[0m pos/sec)]
Estimated time to end of superbatch: [36m8.0[0ms     [Fsuperbatch [36m226[0m [[35m67.1[0m% ([36m512[0m/[36m763[0m batches, [36m6253818[0m pos/sec)]
Estimated time to end of superbatch: [36m5.3[0ms     [Fsuperbatch [36m226[0m [[35m83.9[0m% ([36m640[0m/[36m763[0m batches, [36m6300284[0m pos/sec)]
Estimated time to end of superbatch: [36m2.6[0ms     [Fsuperbatch [36m226[0m | time [36m15.8[0ms | running loss [36m0.016504[0m | [36m6323760[0m pos/sec | total time [36m3448.8[0ms
Estimated time remaining in training: [36m0[0mh [36m21[0mm [36m21[0ms
LR dropped to [36m0.00026847422[0m
superbatch [36m227[0m [[35m0.0[0m% ([36m0[0m/[36m763[0m batches, [36m6501795[0m pos/sec)]
Estimated time to end of superbatch: [36minf[0ms     [Fsuperbatch [36m227[0m [[35m16.8[0m% ([36m128[0m/[36m763[0m batches, [36m6438330[0m pos/sec)]
Estimated time to end of superbatch: [36m13.0[0ms     [Fsuperbatch [36m227[0m [[35m33.6[0m% ([36m256[0m/[36m763[0m batches, [36m6319054[0m pos/sec)]
Estimated time to end of superbatch: [36m10.6[0ms     [Fsuperbatch [36m227[0m [[35m50.3[0m% ([36m384[0m/[36m763[0m batches, [36m6354448[0m pos/sec)]
Estimated time to end of superbatch: [36m7.8[0ms     [Fsuperbatch [36m227[0m [[35m67.1[0m% ([36m512[0m/[36m763[0m batches, [36m6363444[0m pos/sec)]
Estimated time to end of superbatch: [36m5.2[0ms     [Fsuperbatch [36m227[0m [[35m83.9[0m% ([36m640[0m/[36m763[0m batches, [36m6339472[0m pos/sec)]
Estimated time to end of superbatch: [36m2.5[0ms     [Fsuperbatch [36m227[0m | time [36m15.8[0ms | running loss [36m0.016616[0m | [36m6316682[0m pos/sec | total time [36m3464.6[0ms
Estimated time remaining in training: [36m0[0mh [36m21[0mm [36m6[0ms
LR dropped to [36m0.0002652516[0m
superbatch [36m228[0m [[35m0.0[0m% ([36m0[0m/[36m763[0m batches, [36m6490656[0m pos/sec)]
Estimated time to end of superbatch: [36minf[0ms     [Fsuperbatch [36m228[0m [[35m16.8[0m% ([36m128[0m/[36m763[0m batches, [36m6383984[0m pos/sec)]
Estimated time to end of superbatch: [36m13.1[0ms     [Fsuperbatch [36m228[0m [[35m33.6[0m% ([36m256[0m/[36m763[0m batches, [36m6292557[0m pos/sec)]
Estimated time to end of superbatch: [36m10.6[0ms     [Fsuperbatch [36m228[0m [[35m50.3[0m% ([36m384[0m/[36m763[0m batches, [36m6313078[0m pos/sec)]
Estimated time to end of superbatch: [36m7.9[0ms     [Fsuperbatch [36m228[0m [[35m67.1[0m% ([36m512[0m/[36m763[0m batches, [36m6328238[0m pos/sec)]
Estimated time to end of superbatch: [36m5.2[0ms     [Fsuperbatch [36m228[0m [[35m83.9[0m% ([36m640[0m/[36m763[0m batches, [36m6305132[0m pos/sec)]
Estimated time to end of superbatch: [36m2.6[0ms     [Fsuperbatch [36m228[0m | time [36m16.0[0ms | running loss [36m0.016565[0m | [36m6250703[0m pos/sec | total time [36m3480.6[0ms
Estimated time remaining in training: [36m0[0mh [36m20[0mm [36m51[0ms
LR dropped to [36m0.00026202906[0m
superbatch [36m229[0m [[35m0.0[0m% ([36m0[0m/[36m763[0m batches, [36m6504696[0m pos/sec)]
Estimated time to end of superbatch: [36minf[0ms     [Fsuperbatch [36m229[0m [[35m16.8[0m% ([36m128[0m/[36m763[0m batches, [36m6405584[0m pos/sec)]
Estimated time to end of superbatch: [36m13.1[0ms     [Fsuperbatch [36m229[0m [[35m33.6[0m% ([36m256[0m/[36m763[0m batches, [36m6345591[0m pos/sec)]
Estimated time to end of superbatch: [36m10.5[0ms     [Fsuperbatch [36m229[0m [[35m50.3[0m% ([36m384[0m/[36m763[0m batches, [36m6313089[0m pos/sec)]
Estimated time to end of superbatch: [36m7.9[0ms     [Fsuperbatch [36m229[0m [[35m67.1[0m% ([36m512[0m/[36m763[0m batches, [36m6359914[0m pos/sec)]
Estimated time to end of superbatch: [36m5.2[0ms     [Fsuperbatch [36m229[0m [[35m83.9[0m% ([36m640[0m/[36m763[0m batches, [36m6352406[0m pos/sec)]
Estimated time to end of superbatch: [36m2.5[0ms     [Fsuperbatch [36m229[0m | time [36m15.7[0ms | running loss [36m0.016684[0m | [36m6363970[0m pos/sec | total time [36m3496.3[0ms
Estimated time remaining in training: [36m0[0mh [36m20[0mm [36m36[0ms
LR dropped to [36m0.00025880645[0m
superbatch [36m230[0m [[35m0.0[0m% ([36m0[0m/[36m763[0m batches, [36m6482050[0m pos/sec)]
Estimated time to end of superbatch: [36minf[0ms     [Fsuperbatch [36m230[0m [[35m16.8[0m% ([36m128[0m/[36m763[0m batches, [36m6489589[0m pos/sec)]
Estimated time to end of superbatch: [36m12.9[0ms     [Fsuperbatch [36m230[0m [[35m33.6[0m% ([36m256[0m/[36m763[0m batches, [36m6497155[0m pos/sec)]
Estimated time to end of superbatch: [36m10.3[0ms     [Fsuperbatch [36m230[0m [[35m50.3[0m% ([36m384[0m/[36m763[0m batches, [36m6490452[0m pos/sec)]
Estimated time to end of superbatch: [36m7.7[0ms     [Fsuperbatch [36m230[0m [[35m67.1[0m% ([36m512[0m/[36m763[0m batches, [36m6448298[0m pos/sec)]
Estimated time to end of superbatch: [36m5.1[0ms     [Fsuperbatch [36m230[0m [[35m83.9[0m% ([36m640[0m/[36m763[0m batches, [36m6427999[0m pos/sec)]
Estimated time to end of superbatch: [36m2.5[0ms     [Fsuperbatch [36m230[0m | time [36m15.6[0ms | running loss [36m0.016676[0m | [36m6420310[0m pos/sec | total time [36m3511.9[0ms
Estimated time remaining in training: [36m0[0mh [36m20[0mm [36m21[0ms
LR dropped to [36m0.0002555839[0m
superbatch [36m231[0m [[35m0.0[0m% ([36m0[0m/[36m763[0m batches, [36m6499355[0m pos/sec)]
Estimated time to end of superbatch: [36minf[0ms     [Fsuperbatch [36m231[0m [[35m16.8[0m% ([36m128[0m/[36m763[0m batches, [36m6286903[0m pos/sec)]
Estimated time to end of superbatch: [36m13.3[0ms     [Fsuperbatch [36m231[0m [[35m33.6[0m% ([36m256[0m/[36m763[0m batches, [36m6337602[0m pos/sec)]
Estimated time to end of superbatch: [36m10.5[0ms     [Fsuperbatch [36m231[0m [[35m50.3[0m% ([36m384[0m/[36m763[0m batches, [36m6285150[0m pos/sec)]
Estimated time to end of superbatch: [36m7.9[0ms     [Fsuperbatch [36m231[0m [[35m67.1[0m% ([36m512[0m/[36m763[0m batches, [36m6307486[0m pos/sec)]
Estimated time to end of superbatch: [36m5.2[0ms     [Fsuperbatch [36m231[0m [[35m83.9[0m% ([36m640[0m/[36m763[0m batches, [36m6301671[0m pos/sec)]
Estimated time to end of superbatch: [36m2.6[0ms     [Fsuperbatch [36m231[0m | time [36m15.9[0ms | running loss [36m0.016747[0m | [36m6304382[0m pos/sec | total time [36m3527.8[0ms
Estimated time remaining in training: [36m0[0mh [36m20[0mm [36m6[0ms
LR dropped to [36m0.0002523613[0m
superbatch [36m232[0m [[35m0.0[0m% ([36m0[0m/[36m763[0m batches, [36m6477322[0m pos/sec)]
Estimated time to end of superbatch: [36minf[0ms     [Fsuperbatch [36m232[0m [[35m16.8[0m% ([36m128[0m/[36m763[0m batches, [36m6372380[0m pos/sec)]
Estimated time to end of superbatch: [36m13.2[0ms     [Fsuperbatch [36m232[0m [[35m33.6[0m% ([36m256[0m/[36m763[0m batches, [36m6313074[0m pos/sec)]
Estimated time to end of superbatch: [36m10.6[0ms     [Fsuperbatch [36m232[0m [[35m50.3[0m% ([36m384[0m/[36m763[0m batches, [36m6310268[0m pos/sec)]
Estimated time to end of superbatch: [36m7.9[0ms     [Fsuperbatch [36m232[0m [[35m67.1[0m% ([36m512[0m/[36m763[0m batches, [36m6316864[0m pos/sec)]
Estimated time to end of superbatch: [36m5.2[0ms     [Fsuperbatch [36m232[0m [[35m83.9[0m% ([36m640[0m/[36m763[0m batches, [36m6324128[0m pos/sec)]
Estimated time to end of superbatch: [36m2.6[0ms     [Fsuperbatch [36m232[0m | time [36m15.8[0ms | running loss [36m0.016747[0m | [36m6349148[0m pos/sec | total time [36m3543.5[0ms
Estimated time remaining in training: [36m0[0mh [36m19[0mm [36m51[0ms
LR dropped to [36m0.00024913874[0m
superbatch [36m233[0m [[35m0.0[0m% ([36m0[0m/[36m763[0m batches, [36m6492534[0m pos/sec)]
Estimated time to end of superbatch: [36minf[0ms     [Fsuperbatch [36m233[0m [[35m16.8[0m% ([36m128[0m/[36m763[0m batches, [36m6305235[0m pos/sec)]
Estimated time to end of superbatch: [36m13.3[0ms     [Fsuperbatch [36m233[0m [[35m33.6[0m% ([36m256[0m/[36m763[0m batches, [36m6364968[0m pos/sec)]
Estimated time to end of superbatch: [36m10.5[0ms     [Fsuperbatch [36m233[0m [[35m50.3[0m% ([36m384[0m/[36m763[0m batches, [36m6404609[0m pos/sec)]
Estimated time to end of superbatch: [36m7.8[0ms     [Fsuperbatch [36m233[0m [[35m67.1[0m% ([36m512[0m/[36m763[0m batches, [36m6367166[0m pos/sec)]
Estimated time to end of superbatch: [36m5.2[0ms     [Fsuperbatch [36m233[0m [[35m83.9[0m% ([36m640[0m/[36m763[0m batches, [36m6374082[0m pos/sec)]
Estimated time to end of superbatch: [36m2.5[0ms     [Fsuperbatch [36m233[0m | time [36m15.7[0ms | running loss [36m0.016777[0m | [36m6389609[0m pos/sec | total time [36m3559.2[0ms
Estimated time remaining in training: [36m0[0mh [36m19[0mm [36m36[0ms
LR dropped to [36m0.00024591613[0m
superbatch [36m234[0m [[35m0.0[0m% ([36m0[0m/[36m763[0m batches, [36m6466618[0m pos/sec)]
Estimated time to end of superbatch: [36minf[0ms     [Fsuperbatch [36m234[0m [[35m16.8[0m% ([36m128[0m/[36m763[0m batches, [36m6468430[0m pos/sec)]
Estimated time to end of superbatch: [36m13.0[0ms     [Fsuperbatch [36m234[0m [[35m33.6[0m% ([36m256[0m/[36m763[0m batches, [36m6471926[0m pos/sec)]
Estimated time to end of superbatch: [36m10.3[0ms     [Fsuperbatch [36m234[0m [[35m50.3[0m% ([36m384[0m/[36m763[0m batches, [36m6416628[0m pos/sec)]
Estimated time to end of superbatch: [36m7.8[0ms     [Fsuperbatch [36m234[0m [[35m67.1[0m% ([36m512[0m/[36m763[0m batches, [36m6403210[0m pos/sec)]
Estimated time to end of superbatch: [36m5.1[0ms     [Fsuperbatch [36m234[0m [[35m83.9[0m% ([36m640[0m/[36m763[0m batches, [36m6368344[0m pos/sec)]
Estimated time to end of superbatch: [36m2.5[0ms     [Fsuperbatch [36m234[0m | time [36m15.7[0ms | running loss [36m0.016869[0m | [36m6353907[0m pos/sec | total time [36m3574.9[0ms
Estimated time remaining in training: [36m0[0mh [36m19[0mm [36m21[0ms
LR dropped to [36m0.00024269358[0m
superbatch [36m235[0m [[35m0.0[0m% ([36m0[0m/[36m763[0m batches, [36m6491945[0m pos/sec)]
Estimated time to end of superbatch: [36minf[0ms     [Fsuperbatch [36m235[0m [[35m16.8[0m% ([36m128[0m/[36m763[0m batches, [36m6304242[0m pos/sec)]
Estimated time to end of superbatch: [36m13.3[0ms     [Fsuperbatch [36m235[0m [[35m33.6[0m% ([36m256[0m/[36m763[0m batches, [36m6332448[0m pos/sec)]
Estimated time to end of superbatch: [36m10.5[0ms     [Fsuperbatch [36m235[0m [[35m50.3[0m% ([36m384[0m/[36m763[0m batches, [36m6304044[0m pos/sec)]
Estimated time to end of superbatch: [36m7.9[0ms     [Fsuperbatch [36m235[0m [[35m67.1[0m% ([36m512[0m/[36m763[0m batches, [36m6282696[0m pos/sec)]
Estimated time to end of superbatch: [36m5.2[0ms     [Fsuperbatch [36m235[0m [[35m83.9[0m% ([36m640[0m/[36m763[0m batches, [36m6297954[0m pos/sec)]
Estimated time to end of superbatch: [36m2.6[0ms     [Fsuperbatch [36m235[0m | time [36m15.9[0ms | running loss [36m0.016909[0m | [36m6294305[0m pos/sec | total time [36m3590.8[0ms
Estimated time remaining in training: [36m0[0mh [36m19[0mm [36m5[0ms
LR dropped to [36m0.00023947097[0m
superbatch [36m236[0m [[35m0.0[0m% ([36m0[0m/[36m763[0m batches, [36m6457468[0m pos/sec)]
Estimated time to end of superbatch: [36minf[0ms     [Fsuperbatch [36m236[0m [[35m16.8[0m% ([36m128[0m/[36m763[0m batches, [36m6301318[0m pos/sec)]
Estimated time to end of superbatch: [36m13.3[0ms     [Fsuperbatch [36m236[0m [[35m33.6[0m% ([36m256[0m/[36m763[0m batches, [36m6275485[0m pos/sec)]
Estimated time to end of superbatch: [36m10.6[0ms     [Fsuperbatch [36m236[0m [[35m50.3[0m% ([36m384[0m/[36m763[0m batches, [36m6280813[0m pos/sec)]
Estimated time to end of superbatch: [36m7.9[0ms     [Fsuperbatch [36m236[0m [[35m67.1[0m% ([36m512[0m/[36m763[0m batches, [36m6248010[0m pos/sec)]
Estimated time to end of superbatch: [36m5.3[0ms     [Fsuperbatch [36m236[0m [[35m83.9[0m% ([36m640[0m/[36m763[0m batches, [36m6267564[0m pos/sec)]
Estimated time to end of superbatch: [36m2.6[0ms     [Fsuperbatch [36m236[0m | time [36m16.0[0ms | running loss [36m0.016964[0m | [36m6263630[0m pos/sec | total time [36m3606.8[0ms
Estimated time remaining in training: [36m0[0mh [36m18[0mm [36m50[0ms
LR dropped to [36m0.00023624842[0m
superbatch [36m237[0m [[35m0.0[0m% ([36m0[0m/[36m763[0m batches, [36m6451826[0m pos/sec)]
Estimated time to end of superbatch: [36minf[0ms     [Fsuperbatch [36m237[0m [[35m16.8[0m% ([36m128[0m/[36m763[0m batches, [36m6395276[0m pos/sec)]
Estimated time to end of superbatch: [36m13.1[0ms     [Fsuperbatch [36m237[0m [[35m33.6[0m% ([36m256[0m/[36m763[0m batches, [36m6361250[0m pos/sec)]
Estimated time to end of superbatch: [36m10.5[0ms     [Fsuperbatch [36m237[0m [[35m50.3[0m% ([36m384[0m/[36m763[0m batches, [36m6392371[0m pos/sec)]
Estimated time to end of superbatch: [36m7.8[0ms     [Fsuperbatch [36m237[0m [[35m67.1[0m% ([36m512[0m/[36m763[0m batches, [36m6395006[0m pos/sec)]
Estimated time to end of superbatch: [36m5.2[0ms     [Fsuperbatch [36m237[0m [[35m83.9[0m% ([36m640[0m/[36m763[0m batches, [36m6378824[0m pos/sec)]
Estimated time to end of superbatch: [36m2.5[0ms     [Fsuperbatch [36m237[0m | time [36m15.7[0ms | running loss [36m0.017019[0m | [36m6379456[0m pos/sec | total time [36m3622.4[0ms
Estimated time remaining in training: [36m0[0mh [36m18[0mm [36m35[0ms
LR dropped to [36m0.00023302581[0m
superbatch [36m238[0m [[35m0.0[0m% ([36m0[0m/[36m763[0m batches, [36m6440164[0m pos/sec)]
Estimated time to end of superbatch: [36minf[0ms     [Fsuperbatch [36m238[0m [[35m16.8[0m% ([36m128[0m/[36m763[0m batches, [36m6456434[0m pos/sec)]
Estimated time to end of superbatch: [36m13.0[0ms     [Fsuperbatch [36m238[0m [[35m33.6[0m% ([36m256[0m/[36m763[0m batches, [36m6461790[0m pos/sec)]
Estimated time to end of superbatch: [36m10.3[0ms     [Fsuperbatch [36m238[0m [[35m50.3[0m% ([36m384[0m/[36m763[0m batches, [36m6431344[0m pos/sec)]
Estimated time to end of superbatch: [36m7.7[0ms     [Fsuperbatch [36m238[0m [[35m67.1[0m% ([36m512[0m/[36m763[0m batches, [36m6419852[0m pos/sec)]
Estimated time to end of superbatch: [36m5.1[0ms     [Fsuperbatch [36m238[0m [[35m83.9[0m% ([36m640[0m/[36m763[0m batches, [36m6371398[0m pos/sec)]
Estimated time to end of superbatch: [36m2.5[0ms     [Fsuperbatch [36m238[0m | time [36m15.7[0ms | running loss [36m0.017074[0m | [36m6367766[0m pos/sec | total time [36m3638.1[0ms
Estimated time remaining in training: [36m0[0mh [36m18[0mm [36m20[0ms
LR dropped to [36m0.00022980326[0m
superbatch [36m239[0m [[35m0.0[0m% ([36m0[0m/[36m763[0m batches, [36m6480366[0m pos/sec)]
Estimated time to end of superbatch: [36minf[0ms     [Fsuperbatch [36m239[0m [[35m16.8[0m% ([36m128[0m/[36m763[0m batches, [36m6121446[0m pos/sec)]
Estimated time to end of superbatch: [36m13.7[0ms     [Fsuperbatch [36m239[0m [[35m33.6[0m% ([36m256[0m/[36m763[0m batches, [36m6143372[0m pos/sec)]
Estimated time to end of superbatch: [36m10.9[0ms     [Fsuperbatch [36m239[0m [[35m50.3[0m% ([36m384[0m/[36m763[0m batches, [36m6188931[0m pos/sec)]
Estimated time to end of superbatch: [36m8.0[0ms     [Fsuperbatch [36m239[0m [[35m67.1[0m% ([36m512[0m/[36m763[0m batches, [36m6214108[0m pos/sec)]
Estimated time to end of superbatch: [36m5.3[0ms     [Fsuperbatch [36m239[0m [[35m83.9[0m% ([36m640[0m/[36m763[0m batches, [36m6222404[0m pos/sec)]
Estimated time to end of superbatch: [36m2.6[0ms     [Fsuperbatch [36m239[0m | time [36m16.0[0ms | running loss [36m0.017040[0m | [36m6235296[0m pos/sec | total time [36m3654.2[0ms
Estimated time remaining in training: [36m0[0mh [36m18[0mm [36m5[0ms
LR dropped to [36m0.00022658071[0m
superbatch [36m240[0m [[35m0.0[0m% ([36m0[0m/[36m763[0m batches, [36m6445998[0m pos/sec)]
Estimated time to end of superbatch: [36minf[0ms     [Fsuperbatch [36m240[0m [[35m16.8[0m% ([36m128[0m/[36m763[0m batches, [36m6330508[0m pos/sec)]
Estimated time to end of superbatch: [36m13.3[0ms     [Fsuperbatch [36m240[0m [[35m33.6[0m% ([36m256[0m/[36m763[0m batches, [36m6328944[0m pos/sec)]
Estimated time to end of superbatch: [36m10.5[0ms     [Fsuperbatch [36m240[0m [[35m50.3[0m% ([36m384[0m/[36m763[0m batches, [36m6348374[0m pos/sec)]
Estimated time to end of superbatch: [36m7.8[0ms     [Fsuperbatch [36m240[0m [[35m67.1[0m% ([36m512[0m/[36m763[0m batches, [36m6309834[0m pos/sec)]
Estimated time to end of superbatch: [36m5.2[0ms     [Fsuperbatch [36m240[0m [[35m83.9[0m% ([36m640[0m/[36m763[0m batches, [36m6311472[0m pos/sec)]
Estimated time to end of superbatch: [36m2.6[0ms     [Fsuperbatch [36m240[0m | time [36m15.8[0ms | running loss [36m0.017107[0m | [36m6330272[0m pos/sec | total time [36m3670.0[0ms
Estimated time remaining in training: [36m0[0mh [36m17[0mm [36m50[0ms
Saved [anna-v3b-s1-240]
LR dropped to [36m0.0002233581[0m
superbatch [36m241[0m [[35m0.0[0m% ([36m0[0m/[36m763[0m batches, [36m6197684[0m pos/sec)]
Estimated time to end of superbatch: [36minf[0ms     [Fsuperbatch [36m241[0m [[35m16.8[0m% ([36m128[0m/[36m763[0m batches, [36m6271856[0m pos/sec)]
Estimated time to end of superbatch: [36m13.4[0ms     [Fsuperbatch [36m241[0m [[35m33.6[0m% ([36m256[0m/[36m763[0m batches, [36m6278932[0m pos/sec)]
Estimated time to end of superbatch: [36m10.6[0ms     [Fsuperbatch [36m241[0m [[35m50.3[0m% ([36m384[0m/[36m763[0m batches, [36m6323132[0m pos/sec)]
Estimated time to end of superbatch: [36m7.9[0ms     [Fsuperbatch [36m241[0m [[35m67.1[0m% ([36m512[0m/[36m763[0m batches, [36m6357730[0m pos/sec)]
Estimated time to end of superbatch: [36m5.2[0ms     [Fsuperbatch [36m241[0m [[35m83.9[0m% ([36m640[0m/[36m763[0m batches, [36m6379864[0m pos/sec)]
Estimated time to end of superbatch: [36m2.5[0ms     [Fsuperbatch [36m241[0m | time [36m15.6[0ms | running loss [36m0.017085[0m | [36m6395090[0m pos/sec | total time [36m3688.3[0ms
Estimated time remaining in training: [36m0[0mh [36m17[0mm [36m35[0ms
LR dropped to [36m0.00022013555[0m
superbatch [36m242[0m [[35m0.0[0m% ([36m0[0m/[36m763[0m batches, [36m6459307[0m pos/sec)]
Estimated time to end of superbatch: [36minf[0ms     [Fsuperbatch [36m242[0m [[35m16.8[0m% ([36m128[0m/[36m763[0m batches, [36m6334305[0m pos/sec)]
Estimated time to end of superbatch: [36m13.2[0ms     [Fsuperbatch [36m242[0m [[35m33.6[0m% ([36m256[0m/[36m763[0m batches, [36m6277123[0m pos/sec)]
Estimated time to end of superbatch: [36m10.6[0ms     [Fsuperbatch [36m242[0m [[35m50.3[0m% ([36m384[0m/[36m763[0m batches, [36m6266741[0m pos/sec)]
Estimated time to end of superbatch: [36m7.9[0ms     [Fsuperbatch [36m242[0m [[35m67.1[0m% ([36m512[0m/[36m763[0m batches, [36m6281836[0m pos/sec)]
Estimated time to end of superbatch: [36m5.2[0ms     [Fsuperbatch [36m242[0m [[35m83.9[0m% ([36m640[0m/[36m763[0m batches, [36m6268486[0m pos/sec)]
Estimated time to end of superbatch: [36m2.6[0ms     [Fsuperbatch [36m242[0m | time [36m15.9[0ms | running loss [36m0.017226[0m | [36m6279381[0m pos/sec | total time [36m3704.2[0ms
Estimated time remaining in training: [36m0[0mh [36m17[0mm [36m20[0ms
LR dropped to [36m0.00021691289[0m
superbatch [36m243[0m [[35m0.0[0m% ([36m0[0m/[36m763[0m batches, [36m6457824[0m pos/sec)]
Estimated time to end of superbatch: [36minf[0ms     [Fsuperbatch [36m243[0m [[35m16.8[0m% ([36m128[0m/[36m763[0m batches, [36m6266430[0m pos/sec)]
Estimated time to end of superbatch: [36m13.4[0ms     [Fsuperbatch [36m243[0m [[35m33.6[0m% ([36m256[0m/[36m763[0m batches, [36m6277404[0m pos/sec)]
Estimated time to end of superbatch: [36m10.6[0ms     [Fsuperbatch [36m243[0m [[35m50.3[0m% ([36m384[0m/[36m763[0m batches, [36m6190186[0m pos/sec)]
Estimated time to end of superbatch: [36m8.0[0ms     [Fsuperbatch [36m243[0m [[35m67.1[0m% ([36m512[0m/[36m763[0m batches, [36m6151304[0m pos/sec)]
Estimated time to end of superbatch: [36m5.4[0ms     [Fsuperbatch [36m243[0m [[35m83.9[0m% ([36m640[0m/[36m763[0m batches, [36m6194710[0m pos/sec)]
Estimated time to end of superbatch: [36m2.6[0ms     [Fsuperbatch [36m243[0m | time [36m16.2[0ms | running loss [36m0.017187[0m | [36m6188628[0m pos/sec | total time [36m3720.3[0ms
Estimated time remaining in training: [36m0[0mh [36m17[0mm [36m5[0ms
LR dropped to [36m0.00021369033[0m
superbatch [36m244[0m [[35m0.0[0m% ([36m0[0m/[36m763[0m batches, [36m6458420[0m pos/sec)]
Estimated time to end of superbatch: [36minf[0ms     [Fsuperbatch [36m244[0m [[35m16.8[0m% ([36m128[0m/[36m763[0m batches, [36m6110898[0m pos/sec)]
Estimated time to end of superbatch: [36m13.7[0ms     [Fsuperbatch [36m244[0m [[35m33.6[0m% ([36m256[0m/[36m763[0m batches, [36m6138524[0m pos/sec)]
Estimated time to end of superbatch: [36m10.9[0ms     [Fsuperbatch [36m244[0m [[35m50.3[0m% ([36m384[0m/[36m763[0m batches, [36m6226206[0m pos/sec)]
Estimated time to end of superbatch: [36m8.0[0ms     [Fsuperbatch [36m244[0m [[35m67.1[0m% ([36m512[0m/[36m763[0m batches, [36m6276906[0m pos/sec)]
Estimated time to end of superbatch: [36m5.3[0ms     [Fsuperbatch [36m244[0m [[35m83.9[0m% ([36m640[0m/[36m763[0m batches, [36m6301664[0m pos/sec)]
Estimated time to end of superbatch: [36m2.6[0ms     [Fsuperbatch [36m244[0m | time [36m15.8[0ms | running loss [36m0.017278[0m | [36m6326324[0m pos/sec | total time [36m3736.1[0ms
Estimated time remaining in training: [36m0[0mh [36m16[0mm [36m50[0ms
LR dropped to [36m0.00021046773[0m
superbatch [36m245[0m [[35m0.0[0m% ([36m0[0m/[36m763[0m batches, [36m6450658[0m pos/sec)]
Estimated time to end of superbatch: [36minf[0ms     [Fsuperbatch [36m245[0m [[35m16.8[0m% ([36m128[0m/[36m763[0m batches, [36m6469172[0m pos/sec)]
Estimated time to end of superbatch: [36m13.0[0ms     [Fsuperbatch [36m245[0m [[35m33.6[0m% ([36m256[0m/[36m763[0m batches, [36m6467788[0m pos/sec)]
Estimated time to end of superbatch: [36m10.3[0ms     [Fsuperbatch [36m245[0m [[35m50.3[0m% ([36m384[0m/[36m763[0m batches, [36m6422482[0m pos/sec)]
Estimated time to end of superbatch: [36m7.8[0ms     [Fsuperbatch [36m245[0m [[35m67.1[0m% ([36m512[0m/[36m763[0m batches, [36m6388482[0m pos/sec)]
Estimated time to end of superbatch: [36m5.2[0ms     [Fsuperbatch [36m245[0m [[35m83.9[0m% ([36m640[0m/[36m763[0m batches, [36m6371218[0m pos/sec)]
Estimated time to end of superbatch: [36m2.5[0ms     [Fsuperbatch [36m245[0m | time [36m15.8[0ms | running loss [36m0.017269[0m | [36m6332150[0m pos/sec | total time [36m3751.9[0ms
Estimated time remaining in training: [36m0[0mh [36m16[0mm [36m35[0ms
LR dropped to [36m0.00020724518[0m
superbatch [36m246[0m [[35m0.0[0m% ([36m0[0m/[36m763[0m batches, [36m6444439[0m pos/sec)]
Estimated time to end of superbatch: [36minf[0ms     [Fsuperbatch [36m246[0m [[35m16.8[0m% ([36m128[0m/[36m763[0m batches, [36m6352658[0m pos/sec)]
Estimated time to end of superbatch: [36m13.2[0ms     [Fsuperbatch [36m246[0m [[35m33.6[0m% ([36m256[0m/[36m763[0m batches, [36m6277876[0m pos/sec)]
Estimated time to end of superbatch: [36m10.6[0ms     [Fsuperbatch [36m246[0m [[35m50.3[0m% ([36m384[0m/[36m763[0m batches, [36m6244093[0m pos/sec)]
Estimated time to end of superbatch: [36m8.0[0ms     [Fsuperbatch [36m246[0m [[35m67.1[0m% ([36m512[0m/[36m763[0m batches, [36m6248376[0m pos/sec)]
Estimated time to end of superbatch: [36m5.3[0ms     [Fsuperbatch [36m246[0m [[35m83.9[0m% ([36m640[0m/[36m763[0m batches, [36m6247128[0m pos/sec)]
Estimated time to end of superbatch: [36m2.6[0ms     [Fsuperbatch [36m246[0m | time [36m16.0[0ms | running loss [36m0.017415[0m | [36m6243088[0m pos/sec | total time [36m3768.0[0ms
Estimated time remaining in training: [36m0[0mh [36m16[0mm [36m20[0ms
LR dropped to [36m0.00020402257[0m
superbatch [36m247[0m [[35m0.0[0m% ([36m0[0m/[36m763[0m batches, [36m6465945[0m pos/sec)]
Estimated time to end of superbatch: [36minf[0ms     [Fsuperbatch [36m247[0m [[35m16.8[0m% ([36m128[0m/[36m763[0m batches, [36m6219908[0m pos/sec)]
Estimated time to end of superbatch: [36m13.5[0ms     [Fsuperbatch [36m247[0m [[35m33.6[0m% ([36m256[0m/[36m763[0m batches, [36m6212018[0m pos/sec)]
Estimated time to end of superbatch: [36m10.7[0ms     [Fsuperbatch [36m247[0m [[35m50.3[0m% ([36m384[0m/[36m763[0m batches, [36m6184282[0m pos/sec)]
Estimated time to end of superbatch: [36m8.1[0ms     [Fsuperbatch [36m247[0m [[35m67.1[0m% ([36m512[0m/[36m763[0m batches, [36m6195411[0m pos/sec)]
Estimated time to end of superbatch: [36m5.3[0ms     [Fsuperbatch [36m247[0m [[35m83.9[0m% ([36m640[0m/[36m763[0m batches, [36m6216084[0m pos/sec)]
Estimated time to end of superbatch: [36m2.6[0ms     [Fsuperbatch [36m247[0m | time [36m16.0[0ms | running loss [36m0.017351[0m | [36m6252324[0m pos/sec | total time [36m3784.0[0ms
Estimated time remaining in training: [36m0[0mh [36m16[0mm [36m5[0ms
LR dropped to [36m0.00020080002[0m
superbatch [36m248[0m [[35m0.0[0m% ([36m0[0m/[36m763[0m batches, [36m6456377[0m pos/sec)]
Estimated time to end of superbatch: [36minf[0ms     [Fsuperbatch [36m248[0m [[35m16.8[0m% ([36m128[0m/[36m763[0m batches, [36m6382322[0m pos/sec)]
Estimated time to end of superbatch: [36m13.1[0ms     [Fsuperbatch [36m248[0m [[35m33.6[0m% ([36m256[0m/[36m763[0m batches, [36m6363570[0m pos/sec)]
Estimated time to end of superbatch: [36m10.5[0ms     [Fsuperbatch [36m248[0m [[35m50.3[0m% ([36m384[0m/[36m763[0m batches, [36m6379816[0m pos/sec)]
Estimated time to end of superbatch: [36m7.8[0ms     [Fsuperbatch [36m248[0m [[35m67.1[0m% ([36m512[0m/[36m763[0m batches, [36m6391399[0m pos/sec)]
Estimated time to end of superbatch: [36m5.2[0ms     [Fsuperbatch [36m248[0m [[35m83.9[0m% ([36m640[0m/[36m763[0m batches, [36m6376348[0m pos/sec)]
Estimated time to end of superbatch: [36m2.5[0ms     [Fsuperbatch [36m248[0m | time [36m15.7[0ms | running loss [36m0.017483[0m | [36m6357813[0m pos/sec | total time [36m3799.7[0ms
Estimated time remaining in training: [36m0[0mh [36m15[0mm [36m49[0ms
LR dropped to [36m0.0001975774[0m
superbatch [36m249[0m [[35m0.0[0m% ([36m0[0m/[36m763[0m batches, [36m6465036[0m pos/sec)]
Estimated time to end of superbatch: [36minf[0ms     [Fsuperbatch [36m249[0m [[35m16.8[0m% ([36m128[0m/[36m763[0m batches, [36m6235625[0m pos/sec)]
Estimated time to end of superbatch: [36m13.5[0ms     [Fsuperbatch [36m249[0m [[35m33.6[0m% ([36m256[0m/[36m763[0m batches, [36m6178898[0m pos/sec)]
Estimated time to end of superbatch: [36m10.8[0ms     [Fsuperbatch [36m249[0m [[35m50.3[0m% ([36m384[0m/[36m763[0m batches, [36m6221619[0m pos/sec)]
Estimated time to end of superbatch: [36m8.0[0ms     [Fsuperbatch [36m249[0m [[35m67.1[0m% ([36m512[0m/[36m763[0m batches, [36m6247126[0m pos/sec)]
Estimated time to end of superbatch: [36m5.3[0ms     [Fsuperbatch [36m249[0m [[35m83.9[0m% ([36m640[0m/[36m763[0m batches, [36m6224858[0m pos/sec)]
Estimated time to end of superbatch: [36m2.6[0ms     [Fsuperbatch [36m249[0m | time [36m16.0[0ms | running loss [36m0.017416[0m | [36m6251523[0m pos/sec | total time [36m3815.7[0ms
Estimated time remaining in training: [36m0[0mh [36m15[0mm [36m34[0ms
LR dropped to [36m0.00019435486[0m
superbatch [36m250[0m [[35m0.0[0m% ([36m0[0m/[36m763[0m batches, [36m6434369[0m pos/sec)]
Estimated time to end of superbatch: [36minf[0ms     [Fsuperbatch [36m250[0m [[35m16.8[0m% ([36m128[0m/[36m763[0m batches, [36m6121858[0m pos/sec)]
Estimated time to end of superbatch: [36m13.7[0ms     [Fsuperbatch [36m250[0m [[35m33.6[0m% ([36m256[0m/[36m763[0m batches, [36m6184412[0m pos/sec)]
Estimated time to end of superbatch: [36m10.8[0ms     [Fsuperbatch [36m250[0m [[35m50.3[0m% ([36m384[0m/[36m763[0m batches, [36m6163006[0m pos/sec)]
Estimated time to end of superbatch: [36m8.1[0ms     [Fsuperbatch [36m250[0m [[35m67.1[0m% ([36m512[0m/[36m763[0m batches, [36m6175289[0m pos/sec)]
Estimated time to end of superbatch: [36m5.3[0ms     [Fsuperbatch [36m250[0m [[35m83.9[0m% ([36m640[0m/[36m763[0m batches, [36m6179434[0m pos/sec)]
Estimated time to end of superbatch: [36m2.6[0ms     [Fsuperbatch [36m250[0m | time [36m16.2[0ms | running loss [36m0.017669[0m | [36m6176819[0m pos/sec | total time [36m3831.9[0ms
Estimated time remaining in training: [36m0[0mh [36m15[0mm [36m19[0ms
LR dropped to [36m0.00019113225[0m
superbatch [36m251[0m [[35m0.0[0m% ([36m0[0m/[36m763[0m batches, [36m6442399[0m pos/sec)]
Estimated time to end of superbatch: [36minf[0ms     [Fsuperbatch [36m251[0m [[35m16.8[0m% ([36m128[0m/[36m763[0m batches, [36m6216161[0m pos/sec)]
Estimated time to end of superbatch: [36m13.5[0ms     [Fsuperbatch [36m251[0m [[35m33.6[0m% ([36m256[0m/[36m763[0m batches, [36m6289271[0m pos/sec)]
Estimated time to end of superbatch: [36m10.6[0ms     [Fsuperbatch [36m251[0m [[35m50.3[0m% ([36m384[0m/[36m763[0m batches, [36m6295855[0m pos/sec)]
Estimated time to end of superbatch: [36m7.9[0ms     [Fsuperbatch [36m251[0m [[35m67.1[0m% ([36m512[0m/[36m763[0m batches, [36m6286542[0m pos/sec)]
Estimated time to end of superbatch: [36m5.2[0ms     [Fsuperbatch [36m251[0m [[35m83.9[0m% ([36m640[0m/[36m763[0m batches, [36m6318022[0m pos/sec)]
Estimated time to end of superbatch: [36m2.6[0ms     [Fsuperbatch [36m251[0m | time [36m15.8[0ms | running loss [36m0.017546[0m | [36m6315714[0m pos/sec | total time [36m3847.7[0ms
Estimated time remaining in training: [36m0[0mh [36m15[0mm [36m4[0ms
LR dropped to [36m0.0001879097[0m
superbatch [36m252[0m [[35m0.0[0m% ([36m0[0m/[36m763[0m batches, [36m6430468[0m pos/sec)]
Estimated time to end of superbatch: [36minf[0ms     [Fsuperbatch [36m252[0m [[35m16.8[0m% ([36m128[0m/[36m763[0m batches, [36m6305445[0m pos/sec)]
Estimated time to end of superbatch: [36m13.3[0ms     [Fsuperbatch [36m252[0m [[35m33.6[0m% ([36m256[0m/[36m763[0m batches, [36m6340140[0m pos/sec)]
Estimated time to end of superbatch: [36m10.5[0ms     [Fsuperbatch [36m252[0m [[35m50.3[0m% ([36m384[0m/[36m763[0m batches, [36m6369484[0m pos/sec)]
Estimated time to end of superbatch: [36m7.8[0ms     [Fsuperbatch [36m252[0m [[35m67.1[0m% ([36m512[0m/[36m763[0m batches, [36m6387016[0m pos/sec)]
Estimated time to end of superbatch: [36m5.2[0ms     [Fsuperbatch [36m252[0m [[35m83.9[0m% ([36m640[0m/[36m763[0m batches, [36m6394434[0m pos/sec)]
Estimated time to end of superbatch: [36m2.5[0ms     [Fsuperbatch [36m252[0m | time [36m15.6[0ms | running loss [36m0.017759[0m | [36m6390616[0m pos/sec | total time [36m3863.4[0ms
Estimated time remaining in training: [36m0[0mh [36m14[0mm [36m49[0ms
LR dropped to [36m0.00018468709[0m
superbatch [36m253[0m [[35m0.0[0m% ([36m0[0m/[36m763[0m batches, [36m6422285[0m pos/sec)]
Estimated time to end of superbatch: [36minf[0ms     [Fsuperbatch [36m253[0m [[35m16.8[0m% ([36m128[0m/[36m763[0m batches, [36m6190114[0m pos/sec)]
Estimated time to end of superbatch: [36m13.6[0ms     [Fsuperbatch [36m253[0m [[35m33.6[0m% ([36m256[0m/[36m763[0m batches, [36m6237378[0m pos/sec)]
Estimated time to end of superbatch: [36m10.7[0ms     [Fsuperbatch [36m253[0m [[35m50.3[0m% ([36m384[0m/[36m763[0m batches, [36m6245556[0m pos/sec)]
Estimated time to end of superbatch: [36m8.0[0ms     [Fsuperbatch [36m253[0m [[35m67.1[0m% ([36m512[0m/[36m763[0m batches, [36m6259434[0m pos/sec)]
Estimated time to end of superbatch: [36m5.3[0ms     [Fsuperbatch [36m253[0m [[35m83.9[0m% ([36m640[0m/[36m763[0m batches, [36m6266684[0m pos/sec)]
Estimated time to end of superbatch: [36m2.6[0ms     [Fsuperbatch [36m253[0m | time [36m15.9[0ms | running loss [36m0.017638[0m | [36m6276206[0m pos/sec | total time [36m3879.3[0ms
Estimated time remaining in training: [36m0[0mh [36m14[0mm [36m33[0ms
LR dropped to [36m0.00018146454[0m
superbatch [36m254[0m [[35m0.0[0m% ([36m0[0m/[36m763[0m batches, [36m6442118[0m pos/sec)]
Estimated time to end of superbatch: [36minf[0ms     [Fsuperbatch [36m254[0m [[35m16.8[0m% ([36m128[0m/[36m763[0m batches, [36m6079600[0m pos/sec)]
Estimated time to end of superbatch: [36m13.8[0ms     [Fsuperbatch [36m254[0m [[35m33.6[0m% ([36m256[0m/[36m763[0m batches, [36m6113080[0m pos/sec)]
Estimated time to end of superbatch: [36m10.9[0ms     [Fsuperbatch [36m254[0m [[35m50.3[0m% ([36m384[0m/[36m763[0m batches, [36m6123692[0m pos/sec)]
Estimated time to end of superbatch: [36m8.1[0ms     [Fsuperbatch [36m254[0m [[35m67.1[0m% ([36m512[0m/[36m763[0m batches, [36m6175296[0m pos/sec)]
Estimated time to end of superbatch: [36m5.3[0ms     [Fsuperbatch [36m254[0m [[35m83.9[0m% ([36m640[0m/[36m763[0m batches, [36m6211496[0m pos/sec)]
Estimated time to end of superbatch: [36m2.6[0ms     [Fsuperbatch [36m254[0m | time [36m16.1[0ms | running loss [36m0.017829[0m | [36m6213010[0m pos/sec | total time [36m3895.4[0ms
Estimated time remaining in training: [36m0[0mh [36m14[0mm [36m18[0ms
LR dropped to [36m0.00017824199[0m
superbatch [36m255[0m [[35m0.0[0m% ([36m0[0m/[36m763[0m batches, [36m6419816[0m pos/sec)]
Estimated time to end of superbatch: [36minf[0ms     [Fsuperbatch [36m255[0m [[35m16.8[0m% ([36m128[0m/[36m763[0m batches, [36m6334160[0m pos/sec)]
Estimated time to end of superbatch: [36m13.2[0ms     [Fsuperbatch [36m255[0m [[35m33.6[0m% ([36m256[0m/[36m763[0m batches, [36m6239068[0m pos/sec)]
Estimated time to end of superbatch: [36m10.7[0ms     [Fsuperbatch [36m255[0m [[35m50.3[0m% ([36m384[0m/[36m763[0m batches, [36m6220744[0m pos/sec)]
Estimated time to end of superbatch: [36m8.0[0ms     [Fsuperbatch [36m255[0m [[35m67.1[0m% ([36m512[0m/[36m763[0m batches, [36m6219974[0m pos/sec)]
Estimated time to end of superbatch: [36m5.3[0ms     [Fsuperbatch [36m255[0m [[35m83.9[0m% ([36m640[0m/[36m763[0m batches, [36m6250559[0m pos/sec)]
Estimated time to end of superbatch: [36m2.6[0ms     [Fsuperbatch [36m255[0m | time [36m15.9[0ms | running loss [36m0.017673[0m | [36m6280433[0m pos/sec | total time [36m3911.3[0ms
Estimated time remaining in training: [36m0[0mh [36m14[0mm [36m3[0ms
LR dropped to [36m0.00017501938[0m
superbatch [36m256[0m [[35m0.0[0m% ([36m0[0m/[36m763[0m batches, [36m6436597[0m pos/sec)]
Estimated time to end of superbatch: [36minf[0ms     [Fsuperbatch [36m256[0m [[35m16.8[0m% ([36m128[0m/[36m763[0m batches, [36m6305524[0m pos/sec)]
Estimated time to end of superbatch: [36m13.3[0ms     [Fsuperbatch [36m256[0m [[35m33.6[0m% ([36m256[0m/[36m763[0m batches, [36m6359912[0m pos/sec)]
Estimated time to end of superbatch: [36m10.5[0ms     [Fsuperbatch [36m256[0m [[35m50.3[0m% ([36m384[0m/[36m763[0m batches, [36m6224814[0m pos/sec)]
Estimated time to end of superbatch: [36m8.0[0ms     [Fsuperbatch [36m256[0m [[35m67.1[0m% ([36m512[0m/[36m763[0m batches, [36m6152036[0m pos/sec)]
Estimated time to end of superbatch: [36m5.4[0ms     [Fsuperbatch [36m256[0m [[35m83.9[0m% ([36m640[0m/[36m763[0m batches, [36m6094060[0m pos/sec)]
Estimated time to end of superbatch: [36m2.6[0ms     [Fsuperbatch [36m256[0m | time [36m16.4[0ms | running loss [36m0.017918[0m | [36m6087521[0m pos/sec | total time [36m3927.7[0ms
Estimated time remaining in training: [36m0[0mh [36m13[0mm [36m48[0ms
LR dropped to [36m0.00017179683[0m
superbatch [36m257[0m [[35m0.0[0m% ([36m0[0m/[36m763[0m batches, [36m2908149[0m pos/sec)]
Estimated time to end of superbatch: [36minf[0ms     [Fsuperbatch [36m257[0m [[35m16.8[0m% ([36m128[0m/[36m763[0m batches, [36m5522762[0m pos/sec)]
Estimated time to end of superbatch: [36m15.2[0ms     [Fsuperbatch [36m257[0m [[35m33.6[0m% ([36m256[0m/[36m763[0m batches, [36m5780688[0m pos/sec)]
Estimated time to end of superbatch: [36m11.5[0ms     [Fsuperbatch [36m257[0m [[35m50.3[0m% ([36m384[0m/[36m763[0m batches, [36m5887333[0m pos/sec)]
Estimated time to end of superbatch: [36m8.5[0ms     [Fsuperbatch [36m257[0m [[35m67.1[0m% ([36m512[0m/[36m763[0m batches, [36m6011622[0m pos/sec)]
Estimated time to end of superbatch: [36m5.5[0ms     [Fsuperbatch [36m257[0m [[35m83.9[0m% ([36m640[0m/[36m763[0m batches, [36m6010298[0m pos/sec)]
Estimated time to end of superbatch: [36m2.7[0ms     [Fsuperbatch [36m257[0m | time [36m16.7[0ms | running loss [36m0.017788[0m | [36m5990304[0m pos/sec | total time [36m3944.4[0ms
Estimated time remaining in training: [36m0[0mh [36m13[0mm [36m33[0ms
LR dropped to [36m0.00016857422[0m
superbatch [36m258[0m [[35m0.0[0m% ([36m0[0m/[36m763[0m batches, [36m2722346[0m pos/sec)]
Estimated time to end of superbatch: [36minf[0ms     [Fsuperbatch [36m258[0m [[35m16.8[0m% ([36m128[0m/[36m763[0m batches, [36m5991252[0m pos/sec)]
Estimated time to end of superbatch: [36m14.0[0ms     [Fsuperbatch [36m258[0m [[35m33.6[0m% ([36m256[0m/[36m763[0m batches, [36m6052202[0m pos/sec)]
Estimated time to end of superbatch: [36m11.0[0ms     [Fsuperbatch [36m258[0m [[35m50.3[0m% ([36m384[0m/[36m763[0m batches, [36m5968161[0m pos/sec)]
Estimated time to end of superbatch: [36m8.3[0ms     [Fsuperbatch [36m258[0m [[35m67.1[0m% ([36m512[0m/[36m763[0m batches, [36m5996750[0m pos/sec)]
Estimated time to end of superbatch: [36m5.5[0ms     [Fsuperbatch [36m258[0m [[35m83.9[0m% ([36m640[0m/[36m763[0m batches, [36m6048290[0m pos/sec)]
Estimated time to end of superbatch: [36m2.7[0ms     [Fsuperbatch [36m258[0m | time [36m16.5[0ms | running loss [36m0.018010[0m | [36m6066529[0m pos/sec | total time [36m3960.9[0ms
Estimated time remaining in training: [36m0[0mh [36m13[0mm [36m18[0ms
LR dropped to [36m0.00016535167[0m
superbatch [36m259[0m [[35m0.0[0m% ([36m0[0m/[36m763[0m batches, [36m6420798[0m pos/sec)]
Estimated time to end of superbatch: [36minf[0ms     [Fsuperbatch [36m259[0m [[35m16.8[0m% ([36m128[0m/[36m763[0m batches, [36m6321784[0m pos/sec)]
Estimated time to end of superbatch: [36m13.3[0ms     [Fsuperbatch [36m259[0m [[35m33.6[0m% ([36m256[0m/[36m763[0m batches, [36m6351052[0m pos/sec)]
Estimated time to end of superbatch: [36m10.5[0ms     [Fsuperbatch [36m259[0m [[35m50.3[0m% ([36m384[0m/[36m763[0m batches, [36m6343174[0m pos/sec)]
Estimated time to end of superbatch: [36m7.9[0ms     [Fsuperbatch [36m259[0m [[35m67.1[0m% ([36m512[0m/[36m763[0m batches, [36m6363010[0m pos/sec)]
Estimated time to end of superbatch: [36m5.2[0ms     [Fsuperbatch [36m259[0m [[35m83.9[0m% ([36m640[0m/[36m763[0m batches, [36m6302656[0m pos/sec)]
Estimated time to end of superbatch: [36m2.6[0ms     [Fsuperbatch [36m259[0m | time [36m16.0[0ms | running loss [36m0.017866[0m | [36m6257947[0m pos/sec | total time [36m3976.9[0ms
Estimated time remaining in training: [36m0[0mh [36m13[0mm [36m3[0ms
LR dropped to [36m0.00016212906[0m
superbatch [36m260[0m [[35m0.0[0m% ([36m0[0m/[36m763[0m batches, [36m6425082[0m pos/sec)]
Estimated time to end of superbatch: [36minf[0ms     [Fsuperbatch [36m260[0m [[35m16.8[0m% ([36m128[0m/[36m763[0m batches, [36m6312955[0m pos/sec)]
Estimated time to end of superbatch: [36m13.3[0ms     [Fsuperbatch [36m260[0m [[35m33.6[0m% ([36m256[0m/[36m763[0m batches, [36m6200158[0m pos/sec)]
Estimated time to end of superbatch: [36m10.8[0ms     [Fsuperbatch [36m260[0m [[35m50.3[0m% ([36m384[0m/[36m763[0m batches, [36m6203082[0m pos/sec)]
Estimated time to end of superbatch: [36m8.0[0ms     [Fsuperbatch [36m260[0m [[35m67.1[0m% ([36m512[0m/[36m763[0m batches, [36m6193108[0m pos/sec)]
Estimated time to end of superbatch: [36m5.3[0ms     [Fsuperbatch [36m260[0m [[35m83.9[0m% ([36m640[0m/[36m763[0m batches, [36m6217133[0m pos/sec)]
Estimated time to end of superbatch: [36m2.6[0ms     [Fsuperbatch [36m260[0m | time [36m16.0[0ms | running loss [36m0.018084[0m | [36m6239910[0m pos/sec | total time [36m3992.9[0ms
Estimated time remaining in training: [36m0[0mh [36m12[0mm [36m47[0ms
Saved [anna-v3b-s1-260]
LR dropped to [36m0.0001589065[0m
superbatch [36m261[0m [[35m0.0[0m% ([36m0[0m/[36m763[0m batches, [36m6151766[0m pos/sec)]
Estimated time to end of superbatch: [36minf[0ms     [Fsuperbatch [36m261[0m [[35m16.8[0m% ([36m128[0m/[36m763[0m batches, [36m6227196[0m pos/sec)]
Estimated time to end of superbatch: [36m13.5[0ms     [Fsuperbatch [36m261[0m [[35m33.6[0m% ([36m256[0m/[36m763[0m batches, [36m6208124[0m pos/sec)]
Estimated time to end of superbatch: [36m10.7[0ms     [Fsuperbatch [36m261[0m [[35m50.3[0m% ([36m384[0m/[36m763[0m batches, [36m6226899[0m pos/sec)]
Estimated time to end of superbatch: [36m8.0[0ms     [Fsuperbatch [36m261[0m [[35m67.1[0m% ([36m512[0m/[36m763[0m batches, [36m6182970[0m pos/sec)]
Estimated time to end of superbatch: [36m5.3[0ms     [Fsuperbatch [36m261[0m [[35m83.9[0m% ([36m640[0m/[36m763[0m batches, [36m6183936[0m pos/sec)]
Estimated time to end of superbatch: [36m2.6[0ms     [Fsuperbatch [36m261[0m | time [36m16.3[0ms | running loss [36m0.017934[0m | [36m6147205[0m pos/sec | total time [36m4011.9[0ms
Estimated time remaining in training: [36m0[0mh [36m12[0mm [36m33[0ms
LR dropped to [36m0.00015568384[0m
superbatch [36m262[0m [[35m0.0[0m% ([36m0[0m/[36m763[0m batches, [36m6460688[0m pos/sec)]
Estimated time to end of superbatch: [36minf[0ms     [Fsuperbatch [36m262[0m [[35m16.8[0m% ([36m128[0m/[36m763[0m batches, [36m6424196[0m pos/sec)]
Estimated time to end of superbatch: [36m13.1[0ms     [Fsuperbatch [36m262[0m [[35m33.6[0m% ([36m256[0m/[36m763[0m batches, [36m6328498[0m pos/sec)]
Estimated time to end of superbatch: [36m10.5[0ms     [Fsuperbatch [36m262[0m [[35m50.3[0m% ([36m384[0m/[36m763[0m batches, [36m6322342[0m pos/sec)]
Estimated time to end of superbatch: [36m7.9[0ms     [Fsuperbatch [36m262[0m [[35m67.1[0m% ([36m512[0m/[36m763[0m batches, [36m6348900[0m pos/sec)]
Estimated time to end of superbatch: [36m5.2[0ms     [Fsuperbatch [36m262[0m [[35m83.9[0m% ([36m640[0m/[36m763[0m batches, [36m6365583[0m pos/sec)]
Estimated time to end of superbatch: [36m2.5[0ms     [Fsuperbatch [36m262[0m | time [36m15.7[0ms | running loss [36m0.018140[0m | [36m6374679[0m pos/sec | total time [36m4027.6[0ms
Estimated time remaining in training: [36m0[0mh [36m12[0mm [36m17[0ms
LR dropped to [36m0.00015246129[0m
superbatch [36m263[0m [[35m0.0[0m% ([36m0[0m/[36m763[0m batches, [36m6431080[0m pos/sec)]
Estimated time to end of superbatch: [36minf[0ms     [Fsuperbatch [36m263[0m [[35m16.8[0m% ([36m128[0m/[36m763[0m batches, [36m6294187[0m pos/sec)]
Estimated time to end of superbatch: [36m13.3[0ms     [Fsuperbatch [36m263[0m [[35m33.6[0m% ([36m256[0m/[36m763[0m batches, [36m6323316[0m pos/sec)]
Estimated time to end of superbatch: [36m10.6[0ms     [Fsuperbatch [36m263[0m [[35m50.3[0m% ([36m384[0m/[36m763[0m batches, [36m6325238[0m pos/sec)]
Estimated time to end of superbatch: [36m7.9[0ms     [Fsuperbatch [36m263[0m [[35m67.1[0m% ([36m512[0m/[36m763[0m batches, [36m6276809[0m pos/sec)]
Estimated time to end of superbatch: [36m5.3[0ms     [Fsuperbatch [36m263[0m [[35m83.9[0m% ([36m640[0m/[36m763[0m batches, [36m6265138[0m pos/sec)]
Estimated time to end of superbatch: [36m2.6[0ms     [Fsuperbatch [36m263[0m | time [36m16.0[0ms | running loss [36m0.018024[0m | [36m6257576[0m pos/sec | total time [36m4043.6[0ms
Estimated time remaining in training: [36m0[0mh [36m12[0mm [36m2[0ms
LR dropped to [36m0.00014923868[0m
superbatch [36m264[0m [[35m0.0[0m% ([36m0[0m/[36m763[0m batches, [36m6437572[0m pos/sec)]
Estimated time to end of superbatch: [36minf[0ms     [Fsuperbatch [36m264[0m [[35m16.8[0m% ([36m128[0m/[36m763[0m batches, [36m6255501[0m pos/sec)]
Estimated time to end of superbatch: [36m13.4[0ms     [Fsuperbatch [36m264[0m [[35m33.6[0m% ([36m256[0m/[36m763[0m batches, [36m6203536[0m pos/sec)]
Estimated time to end of superbatch: [36m10.8[0ms     [Fsuperbatch [36m264[0m [[35m50.3[0m% ([36m384[0m/[36m763[0m batches, [36m6187934[0m pos/sec)]
Estimated time to end of superbatch: [36m8.0[0ms     [Fsuperbatch [36m264[0m [[35m67.1[0m% ([36m512[0m/[36m763[0m batches, [36m6104822[0m pos/sec)]
Estimated time to end of superbatch: [36m5.4[0ms     [Fsuperbatch [36m264[0m [[35m83.9[0m% ([36m640[0m/[36m763[0m batches, [36m6148030[0m pos/sec)]
Estimated time to end of superbatch: [36m2.6[0ms     [Fsuperbatch [36m264[0m | time [36m16.2[0ms | running loss [36m0.018239[0m | [36m6170544[0m pos/sec | total time [36m4059.8[0ms
Estimated time remaining in training: [36m0[0mh [36m11[0mm [36m47[0ms
LR dropped to [36m0.00014601613[0m
superbatch [36m265[0m [[35m0.0[0m% ([36m0[0m/[36m763[0m batches, [36m6414695[0m pos/sec)]
Estimated time to end of superbatch: [36minf[0ms     [Fsuperbatch [36m265[0m [[35m16.8[0m% ([36m128[0m/[36m763[0m batches, [36m6315093[0m pos/sec)]
Estimated time to end of superbatch: [36m13.3[0ms     [Fsuperbatch [36m265[0m [[35m33.6[0m% ([36m256[0m/[36m763[0m batches, [36m6254088[0m pos/sec)]
Estimated time to end of superbatch: [36m10.7[0ms     [Fsuperbatch [36m265[0m [[35m50.3[0m% ([36m384[0m/[36m763[0m batches, [36m6284954[0m pos/sec)]
Estimated time to end of superbatch: [36m7.9[0ms     [Fsuperbatch [36m265[0m [[35m67.1[0m% ([36m512[0m/[36m763[0m batches, [36m6291738[0m pos/sec)]
Estimated time to end of superbatch: [36m5.2[0ms     [Fsuperbatch [36m265[0m [[35m83.9[0m% ([36m640[0m/[36m763[0m batches, [36m6302006[0m pos/sec)]
Estimated time to end of superbatch: [36m2.6[0ms     [Fsuperbatch [36m265[0m | time [36m15.8[0ms | running loss [36m0.018154[0m | [36m6313972[0m pos/sec | total time [36m4075.6[0ms
Estimated time remaining in training: [36m0[0mh [36m11[0mm [36m32[0ms
LR dropped to [36m0.00014279352[0m
superbatch [36m266[0m [[35m0.0[0m% ([36m0[0m/[36m763[0m batches, [36m6428796[0m pos/sec)]
Estimated time to end of superbatch: [36minf[0ms     [Fsuperbatch [36m266[0m [[35m16.8[0m% ([36m128[0m/[36m763[0m batches, [36m6426002[0m pos/sec)]
Estimated time to end of superbatch: [36m13.1[0ms     [Fsuperbatch [36m266[0m [[35m33.6[0m% ([36m256[0m/[36m763[0m batches, [36m6379186[0m pos/sec)]
Estimated time to end of superbatch: [36m10.5[0ms     [Fsuperbatch [36m266[0m [[35m50.3[0m% ([36m384[0m/[36m763[0m batches, [36m6338958[0m pos/sec)]
Estimated time to end of superbatch: [36m7.9[0ms     [Fsuperbatch [36m266[0m [[35m67.1[0m% ([36m512[0m/[36m763[0m batches, [36m6290257[0m pos/sec)]
Estimated time to end of superbatch: [36m5.2[0ms     [Fsuperbatch [36m266[0m [[35m83.9[0m% ([36m640[0m/[36m763[0m batches, [36m6280792[0m pos/sec)]
Estimated time to end of superbatch: [36m2.6[0ms     [Fsuperbatch [36m266[0m | time [36m16.0[0ms | running loss [36m0.018347[0m | [36m6266406[0m pos/sec | total time [36m4091.6[0ms
Estimated time remaining in training: [36m0[0mh [36m11[0mm [36m16[0ms
LR dropped to [36m0.00013957097[0m
superbatch [36m267[0m [[35m0.0[0m% ([36m0[0m/[36m763[0m batches, [36m6414517[0m pos/sec)]
Estimated time to end of superbatch: [36minf[0ms     [Fsuperbatch [36m267[0m [[35m16.8[0m% ([36m128[0m/[36m763[0m batches, [36m5927768[0m pos/sec)]
Estimated time to end of superbatch: [36m14.2[0ms     [Fsuperbatch [36m267[0m [[35m33.6[0m% ([36m256[0m/[36m763[0m batches, [36m5705518[0m pos/sec)]
Estimated time to end of superbatch: [36m11.7[0ms     [Fsuperbatch [36m267[0m [[35m50.3[0m% ([36m384[0m/[36m763[0m batches, [36m5911156[0m pos/sec)]
Estimated time to end of superbatch: [36m8.4[0ms     [Fsuperbatch [36m267[0m [[35m67.1[0m% ([36m512[0m/[36m763[0m batches, [36m6004160[0m pos/sec)]
Estimated time to end of superbatch: [36m5.5[0ms     [Fsuperbatch [36m267[0m [[35m83.9[0m% ([36m640[0m/[36m763[0m batches, [36m6032704[0m pos/sec)]
Estimated time to end of superbatch: [36m2.7[0ms     [Fsuperbatch [36m267[0m | time [36m16.4[0ms | running loss [36m0.018235[0m | [36m6081642[0m pos/sec | total time [36m4108.0[0ms
Estimated time remaining in training: [36m0[0mh [36m11[0mm [36m1[0ms
LR dropped to [36m0.00013634842[0m
superbatch [36m268[0m [[35m0.0[0m% ([36m0[0m/[36m763[0m batches, [36m6418804[0m pos/sec)]
Estimated time to end of superbatch: [36minf[0ms     [Fsuperbatch [36m268[0m [[35m16.8[0m% ([36m128[0m/[36m763[0m batches, [36m6199882[0m pos/sec)]
Estimated time to end of superbatch: [36m13.5[0ms     [Fsuperbatch [36m268[0m [[35m33.6[0m% ([36m256[0m/[36m763[0m batches, [36m6232336[0m pos/sec)]
Estimated time to end of superbatch: [36m10.7[0ms     [Fsuperbatch [36m268[0m [[35m50.3[0m% ([36m384[0m/[36m763[0m batches, [36m6291548[0m pos/sec)]
Estimated time to end of superbatch: [36m7.9[0ms     [Fsuperbatch [36m268[0m [[35m67.1[0m% ([36m512[0m/[36m763[0m batches, [36m6309833[0m pos/sec)]
Estimated time to end of superbatch: [36m5.2[0ms     [Fsuperbatch [36m268[0m [[35m83.9[0m% ([36m640[0m/[36m763[0m batches, [36m6277635[0m pos/sec)]
Estimated time to end of superbatch: [36m2.6[0ms     [Fsuperbatch [36m268[0m | time [36m15.9[0ms | running loss [36m0.018394[0m | [36m6295802[0m pos/sec | total time [36m4123.9[0ms
Estimated time remaining in training: [36m0[0mh [36m10[0mm [36m46[0ms
LR dropped to [36m0.00013312581[0m
superbatch [36m269[0m [[35m0.0[0m% ([36m0[0m/[36m763[0m batches, [36m6399796[0m pos/sec)]
Estimated time to end of superbatch: [36minf[0ms     [Fsuperbatch [36m269[0m [[35m16.8[0m% ([36m128[0m/[36m763[0m batches, [36m6406467[0m pos/sec)]
Estimated time to end of superbatch: [36m13.1[0ms     [Fsuperbatch [36m269[0m [[35m33.6[0m% ([36m256[0m/[36m763[0m batches, [36m6258754[0m pos/sec)]
Estimated time to end of superbatch: [36m10.7[0ms     [Fsuperbatch [36m269[0m [[35m50.3[0m% ([36m384[0m/[36m763[0m batches, [36m6200530[0m pos/sec)]
Estimated time to end of superbatch: [36m8.0[0ms     [Fsuperbatch [36m269[0m [[35m67.1[0m% ([36m512[0m/[36m763[0m batches, [36m6002082[0m pos/sec)]
Estimated time to end of superbatch: [36m5.5[0ms     [Fsuperbatch [36m269[0m [[35m83.9[0m% ([36m640[0m/[36m763[0m batches, [36m5849420[0m pos/sec)]
Estimated time to end of superbatch: [36m2.8[0ms     [Fsuperbatch [36m269[0m | time [36m17.2[0ms | running loss [36m0.018434[0m | [36m5801355[0m pos/sec | total time [36m4141.1[0ms
Estimated time remaining in training: [36m0[0mh [36m10[0mm [36m31[0ms
LR dropped to [36m0.00012990326[0m
superbatch [36m270[0m [[35m0.0[0m% ([36m0[0m/[36m763[0m batches, [36m6392096[0m pos/sec)]
Estimated time to end of superbatch: [36minf[0ms     [Fsuperbatch [36m270[0m [[35m16.8[0m% ([36m128[0m/[36m763[0m batches, [36m6218408[0m pos/sec)]
Estimated time to end of superbatch: [36m13.5[0ms     [Fsuperbatch [36m270[0m [[35m33.6[0m% ([36m256[0m/[36m763[0m batches, [36m6010862[0m pos/sec)]
Estimated time to end of superbatch: [36m11.1[0ms     [Fsuperbatch [36m270[0m [[35m50.3[0m% ([36m384[0m/[36m763[0m batches, [36m5936774[0m pos/sec)]
Estimated time to end of superbatch: [36m8.4[0ms     [Fsuperbatch [36m270[0m [[35m67.1[0m% ([36m512[0m/[36m763[0m batches, [36m5901302[0m pos/sec)]
Estimated time to end of superbatch: [36m5.6[0ms     [Fsuperbatch [36m270[0m [[35m83.9[0m% ([36m640[0m/[36m763[0m batches, [36m5873892[0m pos/sec)]
Estimated time to end of superbatch: [36m2.7[0ms     [Fsuperbatch [36m270[0m | time [36m17.1[0ms | running loss [36m0.018629[0m | [36m5849790[0m pos/sec | total time [36m4158.2[0ms
Estimated time remaining in training: [36m0[0mh [36m10[0mm [36m16[0ms
LR dropped to [36m0.00012668065[0m
superbatch [36m271[0m [[35m0.0[0m% ([36m0[0m/[36m763[0m batches, [36m6377749[0m pos/sec)]
Estimated time to end of superbatch: [36minf[0ms     [Fsuperbatch [36m271[0m [[35m16.8[0m% ([36m128[0m/[36m763[0m batches, [36m6088822[0m pos/sec)]
Estimated time to end of superbatch: [36m13.8[0ms     [Fsuperbatch [36m271[0m [[35m33.6[0m% ([36m256[0m/[36m763[0m batches, [36m6168871[0m pos/sec)]
Estimated time to end of superbatch: [36m10.8[0ms     [Fsuperbatch [36m271[0m [[35m50.3[0m% ([36m384[0m/[36m763[0m batches, [36m6236332[0m pos/sec)]
Estimated time to end of superbatch: [36m8.0[0ms     [Fsuperbatch [36m271[0m [[35m67.1[0m% ([36m512[0m/[36m763[0m batches, [36m6174356[0m pos/sec)]
Estimated time to end of superbatch: [36m5.3[0ms     [Fsuperbatch [36m271[0m [[35m83.9[0m% ([36m640[0m/[36m763[0m batches, [36m6170936[0m pos/sec)]
Estimated time to end of superbatch: [36m2.6[0ms     [Fsuperbatch [36m271[0m | time [36m16.3[0ms | running loss [36m0.018591[0m | [36m6151196[0m pos/sec | total time [36m4174.5[0ms
Estimated time remaining in training: [36m0[0mh [36m10[0mm [36m0[0ms
LR dropped to [36m0.0001234581[0m
superbatch [36m272[0m [[35m0.0[0m% ([36m0[0m/[36m763[0m batches, [36m3050977[0m pos/sec)]
Estimated time to end of superbatch: [36minf[0ms     [Fsuperbatch [36m272[0m [[35m16.8[0m% ([36m128[0m/[36m763[0m batches, [36m6139793[0m pos/sec)]
Estimated time to end of superbatch: [36m13.7[0ms     [Fsuperbatch [36m272[0m [[35m33.6[0m% ([36m256[0m/[36m763[0m batches, [36m6179628[0m pos/sec)]
Estimated time to end of superbatch: [36m10.8[0ms     [Fsuperbatch [36m272[0m [[35m50.3[0m% ([36m384[0m/[36m763[0m batches, [36m6130351[0m pos/sec)]
Estimated time to end of superbatch: [36m8.1[0ms     [Fsuperbatch [36m272[0m [[35m67.1[0m% ([36m512[0m/[36m763[0m batches, [36m6158148[0m pos/sec)]
Estimated time to end of superbatch: [36m5.4[0ms     [Fsuperbatch [36m272[0m [[35m83.9[0m% ([36m640[0m/[36m763[0m batches, [36m6168253[0m pos/sec)]
Estimated time to end of superbatch: [36m2.6[0ms     [Fsuperbatch [36m272[0m | time [36m16.2[0ms | running loss [36m0.018711[0m | [36m6184880[0m pos/sec | total time [36m4190.7[0ms
Estimated time remaining in training: [36m0[0mh [36m9[0mm [36m45[0ms
LR dropped to [36m0.00012023549[0m
superbatch [36m273[0m [[35m0.0[0m% ([36m0[0m/[36m763[0m batches, [36m6382296[0m pos/sec)]
Estimated time to end of superbatch: [36minf[0ms     [Fsuperbatch [36m273[0m [[35m16.8[0m% ([36m128[0m/[36m763[0m batches, [36m5994759[0m pos/sec)]
Estimated time to end of superbatch: [36m14.0[0ms     [Fsuperbatch [36m273[0m [[35m33.6[0m% ([36m256[0m/[36m763[0m batches, [36m6018840[0m pos/sec)]
Estimated time to end of superbatch: [36m11.1[0ms     [Fsuperbatch [36m273[0m [[35m50.3[0m% ([36m384[0m/[36m763[0m batches, [36m6083158[0m pos/sec)]
Estimated time to end of superbatch: [36m8.2[0ms     [Fsuperbatch [36m273[0m [[35m67.1[0m% ([36m512[0m/[36m763[0m batches, [36m6101518[0m pos/sec)]
Estimated time to end of superbatch: [36m5.4[0ms     [Fsuperbatch [36m273[0m [[35m83.9[0m% ([36m640[0m/[36m763[0m batches, [36m6153835[0m pos/sec)]
Estimated time to end of superbatch: [36m2.6[0ms     [Fsuperbatch [36m273[0m | time [36m16.2[0ms | running loss [36m0.018661[0m | [36m6189515[0m pos/sec | total time [36m4206.8[0ms
Estimated time remaining in training: [36m0[0mh [36m9[0mm [36m30[0ms
LR dropped to [36m0.00011701294[0m
superbatch [36m274[0m [[35m0.0[0m% ([36m0[0m/[36m763[0m batches, [36m6374343[0m pos/sec)]
Estimated time to end of superbatch: [36minf[0ms     [Fsuperbatch [36m274[0m [[35m16.8[0m% ([36m128[0m/[36m763[0m batches, [36m6082562[0m pos/sec)]
Estimated time to end of superbatch: [36m13.8[0ms     [Fsuperbatch [36m274[0m [[35m33.6[0m% ([36m256[0m/[36m763[0m batches, [36m6140047[0m pos/sec)]
Estimated time to end of superbatch: [36m10.9[0ms     [Fsuperbatch [36m274[0m [[35m50.3[0m% ([36m384[0m/[36m763[0m batches, [36m6160590[0m pos/sec)]
Estimated time to end of superbatch: [36m8.1[0ms     [Fsuperbatch [36m274[0m [[35m67.1[0m% ([36m512[0m/[36m763[0m batches, [36m6162623[0m pos/sec)]
Estimated time to end of superbatch: [36m5.3[0ms     [Fsuperbatch [36m274[0m [[35m83.9[0m% ([36m640[0m/[36m763[0m batches, [36m6191255[0m pos/sec)]
Estimated time to end of superbatch: [36m2.6[0ms     [Fsuperbatch [36m274[0m | time [36m16.1[0ms | running loss [36m0.018760[0m | [36m6199990[0m pos/sec | total time [36m4222.9[0ms
Estimated time remaining in training: [36m0[0mh [36m9[0mm [36m14[0ms
LR dropped to [36m0.00011379033[0m
superbatch [36m275[0m [[35m0.0[0m% ([36m0[0m/[36m763[0m batches, [36m6375380[0m pos/sec)]
Estimated time to end of superbatch: [36minf[0ms     [Fsuperbatch [36m275[0m [[35m16.8[0m% ([36m128[0m/[36m763[0m batches, [36m6186075[0m pos/sec)]
Estimated time to end of superbatch: [36m13.6[0ms     [Fsuperbatch [36m275[0m [[35m33.6[0m% ([36m256[0m/[36m763[0m batches, [36m6217265[0m pos/sec)]
Estimated time to end of superbatch: [36m10.7[0ms     [Fsuperbatch [36m275[0m [[35m50.3[0m% ([36m384[0m/[36m763[0m batches, [36m6208522[0m pos/sec)]
Estimated time to end of superbatch: [36m8.0[0ms     [Fsuperbatch [36m275[0m [[35m67.1[0m% ([36m512[0m/[36m763[0m batches, [36m6201338[0m pos/sec)]
Estimated time to end of superbatch: [36m5.3[0ms     [Fsuperbatch [36m275[0m [[35m83.9[0m% ([36m640[0m/[36m763[0m batches, [36m6206386[0m pos/sec)]
Estimated time to end of superbatch: [36m2.6[0ms     [Fsuperbatch [36m275[0m | time [36m16.1[0ms | running loss [36m0.018739[0m | [36m6195829[0m pos/sec | total time [36m4239.1[0ms
Estimated time remaining in training: [36m0[0mh [36m8[0mm [36m59[0ms
LR dropped to [36m0.00011056778[0m
superbatch [36m276[0m [[35m0.0[0m% ([36m0[0m/[36m763[0m batches, [36m6388124[0m pos/sec)]
Estimated time to end of superbatch: [36minf[0ms     [Fsuperbatch [36m276[0m [[35m16.8[0m% ([36m128[0m/[36m763[0m batches, [36m6189490[0m pos/sec)]
Estimated time to end of superbatch: [36m13.6[0ms     [Fsuperbatch [36m276[0m [[35m33.6[0m% ([36m256[0m/[36m763[0m batches, [36m6234418[0m pos/sec)]
Estimated time to end of superbatch: [36m10.7[0ms     [Fsuperbatch [36m276[0m [[35m50.3[0m% ([36m384[0m/[36m763[0m batches, [36m6223244[0m pos/sec)]
Estimated time to end of superbatch: [36m8.0[0ms     [Fsuperbatch [36m276[0m [[35m67.1[0m% ([36m512[0m/[36m763[0m batches, [36m6195549[0m pos/sec)]
Estimated time to end of superbatch: [36m5.3[0ms     [Fsuperbatch [36m276[0m [[35m83.9[0m% ([36m640[0m/[36m763[0m batches, [36m6223785[0m pos/sec)]
Estimated time to end of superbatch: [36m2.6[0ms     [Fsuperbatch [36m276[0m | time [36m16.0[0ms | running loss [36m0.018847[0m | [36m6249598[0m pos/sec | total time [36m4255.1[0ms
Estimated time remaining in training: [36m0[0mh [36m8[0mm [36m44[0ms
LR dropped to [36m0.00010734517[0m
superbatch [36m277[0m [[35m0.0[0m% ([36m0[0m/[36m763[0m batches, [36m6382834[0m pos/sec)]
Estimated time to end of superbatch: [36minf[0ms     [Fsuperbatch [36m277[0m [[35m16.8[0m% ([36m128[0m/[36m763[0m batches, [36m6225132[0m pos/sec)]
Estimated time to end of superbatch: [36m13.5[0ms     [Fsuperbatch [36m277[0m [[35m33.6[0m% ([36m256[0m/[36m763[0m batches, [36m6307278[0m pos/sec)]
Estimated time to end of superbatch: [36m10.6[0ms     [Fsuperbatch [36m277[0m [[35m50.3[0m% ([36m384[0m/[36m763[0m batches, [36m6334080[0m pos/sec)]
Estimated time to end of superbatch: [36m7.9[0ms     [Fsuperbatch [36m277[0m [[35m67.1[0m% ([36m512[0m/[36m763[0m batches, [36m6346656[0m pos/sec)]
Estimated time to end of superbatch: [36m5.2[0ms     [Fsuperbatch [36m277[0m [[35m83.9[0m% ([36m640[0m/[36m763[0m batches, [36m6354486[0m pos/sec)]
Estimated time to end of superbatch: [36m2.5[0ms     [Fsuperbatch [36m277[0m | time [36m15.8[0ms | running loss [36m0.018823[0m | [36m6329424[0m pos/sec | total time [36m4270.9[0ms
Estimated time remaining in training: [36m0[0mh [36m8[0mm [36m28[0ms
LR dropped to [36m0.00010412262[0m
superbatch [36m278[0m [[35m0.0[0m% ([36m0[0m/[36m763[0m batches, [36m6402952[0m pos/sec)]
Estimated time to end of superbatch: [36minf[0ms     [Fsuperbatch [36m278[0m [[35m16.8[0m% ([36m128[0m/[36m763[0m batches, [36m6174290[0m pos/sec)]
Estimated time to end of superbatch: [36m13.6[0ms     [Fsuperbatch [36m278[0m [[35m33.6[0m% ([36m256[0m/[36m763[0m batches, [36m6201536[0m pos/sec)]
Estimated time to end of superbatch: [36m10.8[0ms     [Fsuperbatch [36m278[0m [[35m50.3[0m% ([36m384[0m/[36m763[0m batches, [36m6190264[0m pos/sec)]
Estimated time to end of superbatch: [36m8.0[0ms     [Fsuperbatch [36m278[0m [[35m67.1[0m% ([36m512[0m/[36m763[0m batches, [36m6208802[0m pos/sec)]
Estimated time to end of superbatch: [36m5.3[0ms     [Fsuperbatch [36m278[0m [[35m83.9[0m% ([36m640[0m/[36m763[0m batches, [36m6219002[0m pos/sec)]
Estimated time to end of superbatch: [36m2.6[0ms     [Fsuperbatch [36m278[0m | time [36m16.0[0ms | running loss [36m0.018914[0m | [36m6234750[0m pos/sec | total time [36m4286.9[0ms
Estimated time remaining in training: [36m0[0mh [36m8[0mm [36m13[0ms
LR dropped to [36m0.00010090001[0m
superbatch [36m279[0m [[35m0.0[0m% ([36m0[0m/[36m763[0m batches, [36m6385199[0m pos/sec)]
Estimated time to end of superbatch: [36minf[0ms     [Fsuperbatch [36m279[0m [[35m16.8[0m% ([36m128[0m/[36m763[0m batches, [36m6153810[0m pos/sec)]
Estimated time to end of superbatch: [36m13.6[0ms     [Fsuperbatch [36m279[0m [[35m33.6[0m% ([36m256[0m/[36m763[0m batches, [36m6217038[0m pos/sec)]
Estimated time to end of superbatch: [36m10.7[0ms     [Fsuperbatch [36m279[0m [[35m50.3[0m% ([36m384[0m/[36m763[0m batches, [36m6220326[0m pos/sec)]
Estimated time to end of superbatch: [36m8.0[0ms     [Fsuperbatch [36m279[0m [[35m67.1[0m% ([36m512[0m/[36m763[0m batches, [36m6233530[0m pos/sec)]
Estimated time to end of superbatch: [36m5.3[0ms     [Fsuperbatch [36m279[0m [[35m83.9[0m% ([36m640[0m/[36m763[0m batches, [36m6238560[0m pos/sec)]
Estimated time to end of superbatch: [36m2.6[0ms     [Fsuperbatch [36m279[0m | time [36m16.0[0ms | running loss [36m0.018913[0m | [36m6253318[0m pos/sec | total time [36m4302.9[0ms
Estimated time remaining in training: [36m0[0mh [36m7[0mm [36m58[0ms
LR dropped to [36m0.00009767746[0m
superbatch [36m280[0m [[35m0.0[0m% ([36m0[0m/[36m763[0m batches, [36m6401218[0m pos/sec)]
Estimated time to end of superbatch: [36minf[0ms     [Fsuperbatch [36m280[0m [[35m16.8[0m% ([36m128[0m/[36m763[0m batches, [36m6047781[0m pos/sec)]
Estimated time to end of superbatch: [36m13.9[0ms     [Fsuperbatch [36m280[0m [[35m33.6[0m% ([36m256[0m/[36m763[0m batches, [36m6117036[0m pos/sec)]
Estimated time to end of superbatch: [36m10.9[0ms     [Fsuperbatch [36m280[0m [[35m50.3[0m% ([36m384[0m/[36m763[0m batches, [36m6129782[0m pos/sec)]
Estimated time to end of superbatch: [36m8.1[0ms     [Fsuperbatch [36m280[0m [[35m67.1[0m% ([36m512[0m/[36m763[0m batches, [36m6188160[0m pos/sec)]
Estimated time to end of superbatch: [36m5.3[0ms     [Fsuperbatch [36m280[0m [[35m83.9[0m% ([36m640[0m/[36m763[0m batches, [36m6211781[0m pos/sec)]
Estimated time to end of superbatch: [36m2.6[0ms     [Fsuperbatch [36m280[0m | time [36m16.1[0ms | running loss [36m0.019054[0m | [36m6223290[0m pos/sec | total time [36m4319.0[0ms
Estimated time remaining in training: [36m0[0mh [36m7[0mm [36m42[0ms
Saved [anna-v3b-s1-280]
LR dropped to [36m0.000094454794[0m
superbatch [36m281[0m [[35m0.0[0m% ([36m0[0m/[36m763[0m batches, [36m6096693[0m pos/sec)]
Estimated time to end of superbatch: [36minf[0ms     [Fsuperbatch [36m281[0m [[35m16.8[0m% ([36m128[0m/[36m763[0m batches, [36m6271470[0m pos/sec)]
Estimated time to end of superbatch: [36m13.4[0ms     [Fsuperbatch [36m281[0m [[35m33.6[0m% ([36m256[0m/[36m763[0m batches, [36m6299890[0m pos/sec)]
Estimated time to end of superbatch: [36m10.6[0ms     [Fsuperbatch [36m281[0m [[35m50.3[0m% ([36m384[0m/[36m763[0m batches, [36m6278139[0m pos/sec)]
Estimated time to end of superbatch: [36m7.9[0ms     [Fsuperbatch [36m281[0m [[35m67.1[0m% ([36m512[0m/[36m763[0m batches, [36m6271508[0m pos/sec)]
Estimated time to end of superbatch: [36m5.3[0ms     [Fsuperbatch [36m281[0m [[35m83.9[0m% ([36m640[0m/[36m763[0m batches, [36m6251366[0m pos/sec)]
Estimated time to end of superbatch: [36m2.6[0ms     [Fsuperbatch [36m281[0m | time [36m16.0[0ms | running loss [36m0.019070[0m | [36m6262139[0m pos/sec | total time [36m4337.7[0ms
Estimated time remaining in training: [36m0[0mh [36m7[0mm [36m27[0ms
LR dropped to [36m0.00009123224[0m
superbatch [36m282[0m [[35m0.0[0m% ([36m0[0m/[36m763[0m batches, [36m6388296[0m pos/sec)]
Estimated time to end of superbatch: [36minf[0ms     [Fsuperbatch [36m282[0m [[35m16.8[0m% ([36m128[0m/[36m763[0m batches, [36m6130238[0m pos/sec)]
Estimated time to end of superbatch: [36m13.7[0ms     [Fsuperbatch [36m282[0m [[35m33.6[0m% ([36m256[0m/[36m763[0m batches, [36m6148058[0m pos/sec)]
Estimated time to end of superbatch: [36m10.9[0ms     [Fsuperbatch [36m282[0m [[35m50.3[0m% ([36m384[0m/[36m763[0m batches, [36m6125374[0m pos/sec)]
Estimated time to end of superbatch: [36m8.1[0ms     [Fsuperbatch [36m282[0m [[35m67.1[0m% ([36m512[0m/[36m763[0m batches, [36m6144704[0m pos/sec)]
Estimated time to end of superbatch: [36m5.4[0ms     [Fsuperbatch [36m282[0m [[35m83.9[0m% ([36m640[0m/[36m763[0m batches, [36m6159997[0m pos/sec)]
Estimated time to end of superbatch: [36m2.6[0ms     [Fsuperbatch [36m282[0m | time [36m16.2[0ms | running loss [36m0.019101[0m | [36m6157486[0m pos/sec | total time [36m4353.9[0ms
Estimated time remaining in training: [36m0[0mh [36m7[0mm [36m12[0ms
LR dropped to [36m0.00008800969[0m
superbatch [36m283[0m [[35m0.0[0m% ([36m0[0m/[36m763[0m batches, [36m6392247[0m pos/sec)]
Estimated time to end of superbatch: [36minf[0ms     [Fsuperbatch [36m283[0m [[35m16.8[0m% ([36m128[0m/[36m763[0m batches, [36m6181422[0m pos/sec)]
Estimated time to end of superbatch: [36m13.6[0ms     [Fsuperbatch [36m283[0m [[35m33.6[0m% ([36m256[0m/[36m763[0m batches, [36m6233653[0m pos/sec)]
Estimated time to end of superbatch: [36m10.7[0ms     [Fsuperbatch [36m283[0m [[35m50.3[0m% ([36m384[0m/[36m763[0m batches, [36m6252372[0m pos/sec)]
Estimated time to end of superbatch: [36m8.0[0ms     [Fsuperbatch [36m283[0m [[35m67.1[0m% ([36m512[0m/[36m763[0m batches, [36m6197878[0m pos/sec)]
Estimated time to end of superbatch: [36m5.3[0ms     [Fsuperbatch [36m283[0m [[35m83.9[0m% ([36m640[0m/[36m763[0m batches, [36m6218468[0m pos/sec)]
Estimated time to end of superbatch: [36m2.6[0ms     [Fsuperbatch [36m283[0m | time [36m16.1[0ms | running loss [36m0.019109[0m | [36m6217914[0m pos/sec | total time [36m4370.0[0ms
Estimated time remaining in training: [36m0[0mh [36m6[0mm [36m56[0ms
LR dropped to [36m0.00008478708[0m
superbatch [36m284[0m [[35m0.0[0m% ([36m0[0m/[36m763[0m batches, [36m6378653[0m pos/sec)]
Estimated time to end of superbatch: [36minf[0ms     [Fsuperbatch [36m284[0m [[35m16.8[0m% ([36m128[0m/[36m763[0m batches, [36m6215714[0m pos/sec)]
Estimated time to end of superbatch: [36m13.5[0ms     [Fsuperbatch [36m284[0m [[35m33.6[0m% ([36m256[0m/[36m763[0m batches, [36m6246256[0m pos/sec)]
Estimated time to end of superbatch: [36m10.7[0ms     [Fsuperbatch [36m284[0m [[35m50.3[0m% ([36m384[0m/[36m763[0m batches, [36m6265734[0m pos/sec)]
Estimated time to end of superbatch: [36m7.9[0ms     [Fsuperbatch [36m284[0m [[35m67.1[0m% ([36m512[0m/[36m763[0m batches, [36m6292785[0m pos/sec)]
Estimated time to end of superbatch: [36m5.2[0ms     [Fsuperbatch [36m284[0m [[35m83.9[0m% ([36m640[0m/[36m763[0m batches, [36m6311840[0m pos/sec)]
Estimated time to end of superbatch: [36m2.6[0ms     [Fsuperbatch [36m284[0m | time [36m15.8[0ms | running loss [36m0.019208[0m | [36m6315446[0m pos/sec | total time [36m4385.9[0ms
Estimated time remaining in training: [36m0[0mh [36m6[0mm [36m41[0ms
LR dropped to [36m0.00008156453[0m
superbatch [36m285[0m [[35m0.0[0m% ([36m0[0m/[36m763[0m batches, [36m6380630[0m pos/sec)]
Estimated time to end of superbatch: [36minf[0ms     [Fsuperbatch [36m285[0m [[35m16.8[0m% ([36m128[0m/[36m763[0m batches, [36m5896526[0m pos/sec)]
Estimated time to end of superbatch: [36m14.2[0ms     [Fsuperbatch [36m285[0m [[35m33.6[0m% ([36m256[0m/[36m763[0m batches, [36m6023062[0m pos/sec)]
Estimated time to end of superbatch: [36m11.1[0ms     [Fsuperbatch [36m285[0m [[35m50.3[0m% ([36m384[0m/[36m763[0m batches, [36m6103890[0m pos/sec)]
Estimated time to end of superbatch: [36m8.2[0ms     [Fsuperbatch [36m285[0m [[35m67.1[0m% ([36m512[0m/[36m763[0m batches, [36m6134150[0m pos/sec)]
Estimated time to end of superbatch: [36m5.4[0ms     [Fsuperbatch [36m285[0m [[35m83.9[0m% ([36m640[0m/[36m763[0m batches, [36m6023261[0m pos/sec)]
Estimated time to end of superbatch: [36m2.7[0ms     [Fsuperbatch [36m285[0m | time [36m16.5[0ms | running loss [36m0.019265[0m | [36m6054232[0m pos/sec | total time [36m4402.4[0ms
Estimated time remaining in training: [36m0[0mh [36m6[0mm [36m26[0ms
LR dropped to [36m0.000078341924[0m
superbatch [36m286[0m [[35m0.0[0m% ([36m0[0m/[36m763[0m batches, [36m6374589[0m pos/sec)]
Estimated time to end of superbatch: [36minf[0ms     [Fsuperbatch [36m286[0m [[35m16.8[0m% ([36m128[0m/[36m763[0m batches, [36m6092918[0m pos/sec)]
Estimated time to end of superbatch: [36m13.8[0ms     [Fsuperbatch [36m286[0m [[35m33.6[0m% ([36m256[0m/[36m763[0m batches, [36m6209793[0m pos/sec)]
Estimated time to end of superbatch: [36m10.7[0ms     [Fsuperbatch [36m286[0m [[35m50.3[0m% ([36m384[0m/[36m763[0m batches, [36m6187545[0m pos/sec)]
Estimated time to end of superbatch: [36m8.0[0ms     [Fsuperbatch [36m286[0m [[35m67.1[0m% ([36m512[0m/[36m763[0m batches, [36m6222516[0m pos/sec)]
Estimated time to end of superbatch: [36m5.3[0ms     [Fsuperbatch [36m286[0m [[35m83.9[0m% ([36m640[0m/[36m763[0m batches, [36m6215338[0m pos/sec)]
Estimated time to end of superbatch: [36m2.6[0ms     [Fsuperbatch [36m286[0m | time [36m16.1[0ms | running loss [36m0.019298[0m | [36m6211490[0m pos/sec | total time [36m4418.5[0ms
Estimated time remaining in training: [36m0[0mh [36m6[0mm [36m10[0ms
LR dropped to [36m0.00007511937[0m
superbatch [36m287[0m [[35m0.0[0m% ([36m0[0m/[36m763[0m batches, [36m6383536[0m pos/sec)]
Estimated time to end of superbatch: [36minf[0ms     [Fsuperbatch [36m287[0m [[35m16.8[0m% ([36m128[0m/[36m763[0m batches, [36m6326799[0m pos/sec)]
Estimated time to end of superbatch: [36m13.3[0ms     [Fsuperbatch [36m287[0m [[35m33.6[0m% ([36m256[0m/[36m763[0m batches, [36m6296328[0m pos/sec)]
Estimated time to end of superbatch: [36m10.6[0ms     [Fsuperbatch [36m287[0m [[35m50.3[0m% ([36m384[0m/[36m763[0m batches, [36m6288958[0m pos/sec)]
Estimated time to end of superbatch: [36m7.9[0ms     [Fsuperbatch [36m287[0m [[35m67.1[0m% ([36m512[0m/[36m763[0m batches, [36m6311168[0m pos/sec)]
Estimated time to end of superbatch: [36m5.2[0ms     [Fsuperbatch [36m287[0m [[35m83.9[0m% ([36m640[0m/[36m763[0m batches, [36m6324630[0m pos/sec)]
Estimated time to end of superbatch: [36m2.6[0ms     [Fsuperbatch [36m287[0m | time [36m15.8[0ms | running loss [36m0.019318[0m | [36m6333846[0m pos/sec | total time [36m4434.3[0ms
Estimated time remaining in training: [36m0[0mh [36m5[0mm [36m55[0ms
LR dropped to [36m0.000071896764[0m
superbatch [36m288[0m [[35m0.0[0m% ([36m0[0m/[36m763[0m batches, [36m6379768[0m pos/sec)]
Estimated time to end of superbatch: [36minf[0ms     [Fsuperbatch [36m288[0m [[35m16.8[0m% ([36m128[0m/[36m763[0m batches, [36m6259594[0m pos/sec)]
Estimated time to end of superbatch: [36m13.4[0ms     [Fsuperbatch [36m288[0m [[35m33.6[0m% ([36m256[0m/[36m763[0m batches, [36m6252140[0m pos/sec)]
Estimated time to end of superbatch: [36m10.7[0ms     [Fsuperbatch [36m288[0m [[35m50.3[0m% ([36m384[0m/[36m763[0m batches, [36m6213738[0m pos/sec)]
Estimated time to end of superbatch: [36m8.0[0ms     [Fsuperbatch [36m288[0m [[35m67.1[0m% ([36m512[0m/[36m763[0m batches, [36m6199610[0m pos/sec)]
Estimated time to end of superbatch: [36m5.3[0ms     [Fsuperbatch [36m288[0m [[35m83.9[0m% ([36m640[0m/[36m763[0m batches, [36m6222706[0m pos/sec)]
Estimated time to end of superbatch: [36m2.6[0ms     [Fsuperbatch [36m288[0m | time [36m16.1[0ms | running loss [36m0.019405[0m | [36m6213626[0m pos/sec | total time [36m4450.4[0ms
Estimated time remaining in training: [36m0[0mh [36m5[0mm [36m39[0ms
LR dropped to [36m0.00006867421[0m
superbatch [36m289[0m [[35m0.0[0m% ([36m0[0m/[36m763[0m batches, [36m6356412[0m pos/sec)]
Estimated time to end of superbatch: [36minf[0ms     [Fsuperbatch [36m289[0m [[35m16.8[0m% ([36m128[0m/[36m763[0m batches, [36m6199018[0m pos/sec)]
Estimated time to end of superbatch: [36m13.5[0ms     [Fsuperbatch [36m289[0m [[35m33.6[0m% ([36m256[0m/[36m763[0m batches, [36m6112975[0m pos/sec)]
Estimated time to end of superbatch: [36m10.9[0ms     [Fsuperbatch [36m289[0m [[35m50.3[0m% ([36m384[0m/[36m763[0m batches, [36m6111794[0m pos/sec)]
Estimated time to end of superbatch: [36m8.1[0ms     [Fsuperbatch [36m289[0m [[35m67.1[0m% ([36m512[0m/[36m763[0m batches, [36m6092254[0m pos/sec)]
Estimated time to end of superbatch: [36m5.4[0ms     [Fsuperbatch [36m289[0m [[35m83.9[0m% ([36m640[0m/[36m763[0m batches, [36m6101616[0m pos/sec)]
Estimated time to end of superbatch: [36m2.6[0ms     [Fsuperbatch [36m289[0m | time [36m16.4[0ms | running loss [36m0.019615[0m | [36m6095094[0m pos/sec | total time [36m4466.8[0ms
Estimated time remaining in training: [36m0[0mh [36m5[0mm [36m24[0ms
LR dropped to [36m0.000065451604[0m
superbatch [36m290[0m [[35m0.0[0m% ([36m0[0m/[36m763[0m batches, [36m6365493[0m pos/sec)]
Estimated time to end of superbatch: [36minf[0ms     [Fsuperbatch [36m290[0m [[35m16.8[0m% ([36m128[0m/[36m763[0m batches, [36m6103208[0m pos/sec)]
Estimated time to end of superbatch: [36m13.7[0ms     [Fsuperbatch [36m290[0m [[35m33.6[0m% ([36m256[0m/[36m763[0m batches, [36m6072507[0m pos/sec)]
Estimated time to end of superbatch: [36m11.0[0ms     [Fsuperbatch [36m290[0m [[35m50.3[0m% ([36m384[0m/[36m763[0m batches, [36m6124554[0m pos/sec)]
Estimated time to end of superbatch: [36m8.1[0ms     [Fsuperbatch [36m290[0m [[35m67.1[0m% ([36m512[0m/[36m763[0m batches, [36m6138588[0m pos/sec)]
Estimated time to end of superbatch: [36m5.4[0ms     [Fsuperbatch [36m290[0m [[35m83.9[0m% ([36m640[0m/[36m763[0m batches, [36m6161830[0m pos/sec)]
Estimated time to end of superbatch: [36m2.6[0ms     [Fsuperbatch [36m290[0m | time [36m16.2[0ms | running loss [36m0.019643[0m | [36m6155556[0m pos/sec | total time [36m4483.0[0ms
Estimated time remaining in training: [36m0[0mh [36m5[0mm [36m9[0ms
LR dropped to [36m0.00006222905[0m
superbatch [36m291[0m [[35m0.0[0m% ([36m0[0m/[36m763[0m batches, [36m6364782[0m pos/sec)]
Estimated time to end of superbatch: [36minf[0ms     [Fsuperbatch [36m291[0m [[35m16.8[0m% ([36m128[0m/[36m763[0m batches, [36m6305138[0m pos/sec)]
Estimated time to end of superbatch: [36m13.3[0ms     [Fsuperbatch [36m291[0m [[35m33.6[0m% ([36m256[0m/[36m763[0m batches, [36m6302881[0m pos/sec)]
Estimated time to end of superbatch: [36m10.6[0ms     [Fsuperbatch [36m291[0m [[35m50.3[0m% ([36m384[0m/[36m763[0m batches, [36m6319166[0m pos/sec)]
Estimated time to end of superbatch: [36m7.9[0ms     [Fsuperbatch [36m291[0m [[35m67.1[0m% ([36m512[0m/[36m763[0m batches, [36m6328920[0m pos/sec)]
Estimated time to end of superbatch: [36m5.2[0ms     [Fsuperbatch [36m291[0m [[35m83.9[0m% ([36m640[0m/[36m763[0m batches, [36m6297058[0m pos/sec)]
Estimated time to end of superbatch: [36m2.6[0ms     [Fsuperbatch [36m291[0m | time [36m16.0[0ms | running loss [36m0.019731[0m | [36m6267913[0m pos/sec | total time [36m4499.0[0ms
Estimated time remaining in training: [36m0[0mh [36m4[0mm [36m53[0ms
LR dropped to [36m0.000059006445[0m
superbatch [36m292[0m [[35m0.0[0m% ([36m0[0m/[36m763[0m batches, [36m6352238[0m pos/sec)]
Estimated time to end of superbatch: [36minf[0ms     [Fsuperbatch [36m292[0m [[35m16.8[0m% ([36m128[0m/[36m763[0m batches, [36m6235465[0m pos/sec)]
Estimated time to end of superbatch: [36m13.5[0ms     [Fsuperbatch [36m292[0m [[35m33.6[0m% ([36m256[0m/[36m763[0m batches, [36m6192462[0m pos/sec)]
Estimated time to end of superbatch: [36m10.8[0ms     [Fsuperbatch [36m292[0m [[35m50.3[0m% ([36m384[0m/[36m763[0m batches, [36m6200502[0m pos/sec)]
Estimated time to end of superbatch: [36m8.0[0ms     [Fsuperbatch [36m292[0m [[35m67.1[0m% ([36m512[0m/[36m763[0m batches, [36m6182196[0m pos/sec)]
Estimated time to end of superbatch: [36m5.3[0ms     [Fsuperbatch [36m292[0m [[35m83.9[0m% ([36m640[0m/[36m763[0m batches, [36m6184404[0m pos/sec)]
Estimated time to end of superbatch: [36m2.6[0ms     [Fsuperbatch [36m292[0m | time [36m16.2[0ms | running loss [36m0.019711[0m | [36m6171408[0m pos/sec | total time [36m4515.2[0ms
Estimated time remaining in training: [36m0[0mh [36m4[0mm [36m38[0ms
LR dropped to [36m0.000055783894[0m
superbatch [36m293[0m [[35m0.0[0m% ([36m0[0m/[36m763[0m batches, [36m6371154[0m pos/sec)]
Estimated time to end of superbatch: [36minf[0ms     [Fsuperbatch [36m293[0m [[35m16.8[0m% ([36m128[0m/[36m763[0m batches, [36m6171486[0m pos/sec)]
Estimated time to end of superbatch: [36m13.6[0ms     [Fsuperbatch [36m293[0m [[35m33.6[0m% ([36m256[0m/[36m763[0m batches, [36m6180426[0m pos/sec)]
Estimated time to end of superbatch: [36m10.8[0ms     [Fsuperbatch [36m293[0m [[35m50.3[0m% ([36m384[0m/[36m763[0m batches, [36m6140404[0m pos/sec)]
Estimated time to end of superbatch: [36m8.1[0ms     [Fsuperbatch [36m293[0m [[35m67.1[0m% ([36m512[0m/[36m763[0m batches, [36m6140136[0m pos/sec)]
Estimated time to end of superbatch: [36m5.4[0ms     [Fsuperbatch [36m293[0m [[35m83.9[0m% ([36m640[0m/[36m763[0m batches, [36m6173580[0m pos/sec)]
Estimated time to end of superbatch: [36m2.6[0ms     [Fsuperbatch [36m293[0m | time [36m16.3[0ms | running loss [36m0.019771[0m | [36m6153962[0m pos/sec | total time [36m4531.4[0ms
Estimated time remaining in training: [36m0[0mh [36m4[0mm [36m22[0ms
LR dropped to [36m0.000052561285[0m
superbatch [36m294[0m [[35m0.0[0m% ([36m0[0m/[36m763[0m batches, [36m6367600[0m pos/sec)]
Estimated time to end of superbatch: [36minf[0ms     [Fsuperbatch [36m294[0m [[35m16.8[0m% ([36m128[0m/[36m763[0m batches, [36m6247334[0m pos/sec)]
Estimated time to end of superbatch: [36m13.4[0ms     [Fsuperbatch [36m294[0m [[35m33.6[0m% ([36m256[0m/[36m763[0m batches, [36m6112896[0m pos/sec)]
Estimated time to end of superbatch: [36m10.9[0ms     [Fsuperbatch [36m294[0m [[35m50.3[0m% ([36m384[0m/[36m763[0m batches, [36m6131676[0m pos/sec)]
Estimated time to end of superbatch: [36m8.1[0ms     [Fsuperbatch [36m294[0m [[35m67.1[0m% ([36m512[0m/[36m763[0m batches, [36m6186248[0m pos/sec)]
Estimated time to end of superbatch: [36m5.3[0ms     [Fsuperbatch [36m294[0m [[35m83.9[0m% ([36m640[0m/[36m763[0m batches, [36m6214598[0m pos/sec)]
Estimated time to end of superbatch: [36m2.6[0ms     [Fsuperbatch [36m294[0m | time [36m16.1[0ms | running loss [36m0.019797[0m | [36m6226339[0m pos/sec | total time [36m4547.5[0ms
Estimated time remaining in training: [36m0[0mh [36m4[0mm [36m7[0ms
LR dropped to [36m0.000049338734[0m
superbatch [36m295[0m [[35m0.0[0m% ([36m0[0m/[36m763[0m batches, [36m6358946[0m pos/sec)]
Estimated time to end of superbatch: [36minf[0ms     [Fsuperbatch [36m295[0m [[35m16.8[0m% ([36m128[0m/[36m763[0m batches, [36m6257130[0m pos/sec)]
Estimated time to end of superbatch: [36m13.4[0ms     [Fsuperbatch [36m295[0m [[35m33.6[0m% ([36m256[0m/[36m763[0m batches, [36m6308700[0m pos/sec)]
Estimated time to end of superbatch: [36m10.6[0ms     [Fsuperbatch [36m295[0m [[35m50.3[0m% ([36m384[0m/[36m763[0m batches, [36m6325590[0m pos/sec)]
Estimated time to end of superbatch: [36m7.9[0ms     [Fsuperbatch [36m295[0m [[35m67.1[0m% ([36m512[0m/[36m763[0m batches, [36m6334077[0m pos/sec)]
Estimated time to end of superbatch: [36m5.2[0ms     [Fsuperbatch [36m295[0m [[35m83.9[0m% ([36m640[0m/[36m763[0m batches, [36m6290762[0m pos/sec)]
Estimated time to end of superbatch: [36m2.6[0ms     [Fsuperbatch [36m295[0m | time [36m16.0[0ms | running loss [36m0.019865[0m | [36m6249904[0m pos/sec | total time [36m4563.5[0ms
Estimated time remaining in training: [36m0[0mh [36m3[0mm [36m52[0ms
LR dropped to [36m0.000046116184[0m
superbatch [36m296[0m [[35m0.0[0m% ([36m0[0m/[36m763[0m batches, [36m6354353[0m pos/sec)]
Estimated time to end of superbatch: [36minf[0ms     [Fsuperbatch [36m296[0m [[35m16.8[0m% ([36m128[0m/[36m763[0m batches, [36m6137258[0m pos/sec)]
Estimated time to end of superbatch: [36m13.7[0ms     [Fsuperbatch [36m296[0m [[35m33.6[0m% ([36m256[0m/[36m763[0m batches, [36m6184124[0m pos/sec)]
Estimated time to end of superbatch: [36m10.8[0ms     [Fsuperbatch [36m296[0m [[35m50.3[0m% ([36m384[0m/[36m763[0m batches, [36m6128445[0m pos/sec)]
Estimated time to end of superbatch: [36m8.1[0ms     [Fsuperbatch [36m296[0m [[35m67.1[0m% ([36m512[0m/[36m763[0m batches, [36m6022551[0m pos/sec)]
Estimated time to end of superbatch: [36m5.5[0ms     [Fsuperbatch [36m296[0m [[35m83.9[0m% ([36m640[0m/[36m763[0m batches, [36m6061985[0m pos/sec)]
Estimated time to end of superbatch: [36m2.7[0ms     [Fsuperbatch [36m296[0m | time [36m16.4[0ms | running loss [36m0.019868[0m | [36m6090312[0m pos/sec | total time [36m4579.9[0ms
Estimated time remaining in training: [36m0[0mh [36m3[0mm [36m36[0ms
LR dropped to [36m0.000042893575[0m
superbatch [36m297[0m [[35m0.0[0m% ([36m0[0m/[36m763[0m batches, [36m6362138[0m pos/sec)]
Estimated time to end of superbatch: [36minf[0ms     [Fsuperbatch [36m297[0m [[35m16.8[0m% ([36m128[0m/[36m763[0m batches, [36m6160045[0m pos/sec)]
Estimated time to end of superbatch: [36m13.6[0ms     [Fsuperbatch [36m297[0m [[35m33.6[0m% ([36m256[0m/[36m763[0m batches, [36m6190033[0m pos/sec)]
Estimated time to end of superbatch: [36m10.8[0ms     [Fsuperbatch [36m297[0m [[35m50.3[0m% ([36m384[0m/[36m763[0m batches, [36m6165117[0m pos/sec)]
Estimated time to end of superbatch: [36m8.1[0ms     [Fsuperbatch [36m297[0m [[35m67.1[0m% ([36m512[0m/[36m763[0m batches, [36m6173078[0m pos/sec)]
Estimated time to end of superbatch: [36m5.3[0ms     [Fsuperbatch [36m297[0m [[35m83.9[0m% ([36m640[0m/[36m763[0m batches, [36m6168361[0m pos/sec)]
Estimated time to end of superbatch: [36m2.6[0ms     [Fsuperbatch [36m297[0m | time [36m16.2[0ms | running loss [36m0.019993[0m | [36m6170466[0m pos/sec | total time [36m4596.1[0ms
Estimated time remaining in training: [36m0[0mh [36m3[0mm [36m21[0ms
LR dropped to [36m0.000039671024[0m
superbatch [36m298[0m [[35m0.0[0m% ([36m0[0m/[36m763[0m batches, [36m6370391[0m pos/sec)]
Estimated time to end of superbatch: [36minf[0ms     [Fsuperbatch [36m298[0m [[35m16.8[0m% ([36m128[0m/[36m763[0m batches, [36m6193848[0m pos/sec)]
Estimated time to end of superbatch: [36m13.5[0ms     [Fsuperbatch [36m298[0m [[35m33.6[0m% ([36m256[0m/[36m763[0m batches, [36m6274496[0m pos/sec)]
Estimated time to end of superbatch: [36m10.6[0ms     [Fsuperbatch [36m298[0m [[35m50.3[0m% ([36m384[0m/[36m763[0m batches, [36m6301410[0m pos/sec)]
Estimated time to end of superbatch: [36m7.9[0ms     [Fsuperbatch [36m298[0m [[35m67.1[0m% ([36m512[0m/[36m763[0m batches, [36m6294312[0m pos/sec)]
Estimated time to end of superbatch: [36m5.2[0ms     [Fsuperbatch [36m298[0m [[35m83.9[0m% ([36m640[0m/[36m763[0m batches, [36m6306922[0m pos/sec)]
Estimated time to end of superbatch: [36m2.6[0ms     [Fsuperbatch [36m298[0m | time [36m15.8[0ms | running loss [36m0.020001[0m | [36m6315426[0m pos/sec | total time [36m4612.0[0ms
Estimated time remaining in training: [36m0[0mh [36m3[0mm [36m5[0ms
LR dropped to [36m0.000036448415[0m
superbatch [36m299[0m [[35m0.0[0m% ([36m0[0m/[36m763[0m batches, [36m6347830[0m pos/sec)]
Estimated time to end of superbatch: [36minf[0ms     [Fsuperbatch [36m299[0m [[35m16.8[0m% ([36m128[0m/[36m763[0m batches, [36m6164100[0m pos/sec)]
Estimated time to end of superbatch: [36m13.6[0ms     [Fsuperbatch [36m299[0m [[35m33.6[0m% ([36m256[0m/[36m763[0m batches, [36m6244683[0m pos/sec)]
Estimated time to end of superbatch: [36m10.7[0ms     [Fsuperbatch [36m299[0m [[35m50.3[0m% ([36m384[0m/[36m763[0m batches, [36m6145233[0m pos/sec)]
Estimated time to end of superbatch: [36m8.1[0ms     [Fsuperbatch [36m299[0m [[35m67.1[0m% ([36m512[0m/[36m763[0m batches, [36m6197250[0m pos/sec)]
Estimated time to end of superbatch: [36m5.3[0ms     [Fsuperbatch [36m299[0m [[35m83.9[0m% ([36m640[0m/[36m763[0m batches, [36m6179092[0m pos/sec)]
Estimated time to end of superbatch: [36m2.6[0ms     [Fsuperbatch [36m299[0m | time [36m16.2[0ms | running loss [36m0.020105[0m | [36m6167501[0m pos/sec | total time [36m4628.2[0ms
Estimated time remaining in training: [36m0[0mh [36m2[0mm [36m50[0ms
LR dropped to [36m0.000033225864[0m
superbatch [36m300[0m [[35m0.0[0m% ([36m0[0m/[36m763[0m batches, [36m6342658[0m pos/sec)]
Estimated time to end of superbatch: [36minf[0ms     [Fsuperbatch [36m300[0m [[35m16.8[0m% ([36m128[0m/[36m763[0m batches, [36m6147952[0m pos/sec)]
Estimated time to end of superbatch: [36m13.6[0ms     [Fsuperbatch [36m300[0m [[35m33.6[0m% ([36m256[0m/[36m763[0m batches, [36m6199843[0m pos/sec)]
Estimated time to end of superbatch: [36m10.8[0ms     [Fsuperbatch [36m300[0m [[35m50.3[0m% ([36m384[0m/[36m763[0m batches, [36m6200456[0m pos/sec)]
Estimated time to end of superbatch: [36m8.0[0ms     [Fsuperbatch [36m300[0m [[35m67.1[0m% ([36m512[0m/[36m763[0m batches, [36m6212736[0m pos/sec)]
Estimated time to end of superbatch: [36m5.3[0ms     [Fsuperbatch [36m300[0m [[35m83.9[0m% ([36m640[0m/[36m763[0m batches, [36m6177354[0m pos/sec)]
Estimated time to end of superbatch: [36m2.6[0ms     [Fsuperbatch [36m300[0m | time [36m16.1[0ms | running loss [36m0.020090[0m | [36m6194702[0m pos/sec | total time [36m4644.3[0ms
Estimated time remaining in training: [36m0[0mh [36m2[0mm [36m34[0ms
Saved [anna-v3b-s1-300]
LR dropped to [36m0.000030003197[0m
superbatch [36m301[0m [[35m0.0[0m% ([36m0[0m/[36m763[0m batches, [36m6082544[0m pos/sec)]
Estimated time to end of superbatch: [36minf[0ms     [Fsuperbatch [36m301[0m [[35m16.8[0m% ([36m128[0m/[36m763[0m batches, [36m5999292[0m pos/sec)]
Estimated time to end of superbatch: [36m14.0[0ms     [Fsuperbatch [36m301[0m [[35m33.6[0m% ([36m256[0m/[36m763[0m batches, [36m6093380[0m pos/sec)]
Estimated time to end of superbatch: [36m10.9[0ms     [Fsuperbatch [36m301[0m [[35m50.3[0m% ([36m384[0m/[36m763[0m batches, [36m6087610[0m pos/sec)]
Estimated time to end of superbatch: [36m8.2[0ms     [Fsuperbatch [36m301[0m [[35m67.1[0m% ([36m512[0m/[36m763[0m batches, [36m6102539[0m pos/sec)]
Estimated time to end of superbatch: [36m5.4[0ms     [Fsuperbatch [36m301[0m [[35m83.9[0m% ([36m640[0m/[36m763[0m batches, [36m6130860[0m pos/sec)]
Estimated time to end of superbatch: [36m2.6[0ms     [Fsuperbatch [36m301[0m | time [36m16.2[0ms | running loss [36m0.020209[0m | [36m6164314[0m pos/sec | total time [36m4663.3[0ms
Estimated time remaining in training: [36m0[0mh [36m2[0mm [36m19[0ms
LR dropped to [36m0.000026780646[0m
superbatch [36m302[0m [[35m0.0[0m% ([36m0[0m/[36m763[0m batches, [36m6355860[0m pos/sec)]
Estimated time to end of superbatch: [36minf[0ms     [Fsuperbatch [36m302[0m [[35m16.8[0m% ([36m128[0m/[36m763[0m batches, [36m6289658[0m pos/sec)]
Estimated time to end of superbatch: [36m13.3[0ms     [Fsuperbatch [36m302[0m [[35m33.6[0m% ([36m256[0m/[36m763[0m batches, [36m6296182[0m pos/sec)]
Estimated time to end of superbatch: [36m10.6[0ms     [Fsuperbatch [36m302[0m [[35m50.3[0m% ([36m384[0m/[36m763[0m batches, [36m6298148[0m pos/sec)]
Estimated time to end of superbatch: [36m7.9[0ms     [Fsuperbatch [36m302[0m [[35m67.1[0m% ([36m512[0m/[36m763[0m batches, [36m6312234[0m pos/sec)]
Estimated time to end of superbatch: [36m5.2[0ms     [Fsuperbatch [36m302[0m [[35m83.9[0m% ([36m640[0m/[36m763[0m batches, [36m6319766[0m pos/sec)]
Estimated time to end of superbatch: [36m2.6[0ms     [Fsuperbatch [36m302[0m | time [36m15.9[0ms | running loss [36m0.020221[0m | [36m6301282[0m pos/sec | total time [36m4679.2[0ms
Estimated time remaining in training: [36m0[0mh [36m2[0mm [36m3[0ms
LR dropped to [36m0.000023558037[0m
superbatch [36m303[0m [[35m0.0[0m% ([36m0[0m/[36m763[0m batches, [36m6352533[0m pos/sec)]
Estimated time to end of superbatch: [36minf[0ms     [Fsuperbatch [36m303[0m [[35m16.8[0m% ([36m128[0m/[36m763[0m batches, [36m6187056[0m pos/sec)]
Estimated time to end of superbatch: [36m13.6[0ms     [Fsuperbatch [36m303[0m [[35m33.6[0m% ([36m256[0m/[36m763[0m batches, [36m6167570[0m pos/sec)]
Estimated time to end of superbatch: [36m10.8[0ms     [Fsuperbatch [36m303[0m [[35m50.3[0m% ([36m384[0m/[36m763[0m batches, [36m6188818[0m pos/sec)]
Estimated time to end of superbatch: [36m8.0[0ms     [Fsuperbatch [36m303[0m [[35m67.1[0m% ([36m512[0m/[36m763[0m batches, [36m6180376[0m pos/sec)]
Estimated time to end of superbatch: [36m5.3[0ms     [Fsuperbatch [36m303[0m [[35m83.9[0m% ([36m640[0m/[36m763[0m batches, [36m6179659[0m pos/sec)]
Estimated time to end of superbatch: [36m2.6[0ms     [Fsuperbatch [36m303[0m | time [36m16.2[0ms | running loss [36m0.020303[0m | [36m6168460[0m pos/sec | total time [36m4695.4[0ms
Estimated time remaining in training: [36m0[0mh [36m1[0mm [36m48[0ms
LR dropped to [36m0.000020335428[0m
superbatch [36m304[0m [[35m0.0[0m% ([36m0[0m/[36m763[0m batches, [36m6343826[0m pos/sec)]
Estimated time to end of superbatch: [36minf[0ms     [Fsuperbatch [36m304[0m [[35m16.8[0m% ([36m128[0m/[36m763[0m batches, [36m6123584[0m pos/sec)]
Estimated time to end of superbatch: [36m13.7[0ms     [Fsuperbatch [36m304[0m [[35m33.6[0m% ([36m256[0m/[36m763[0m batches, [36m6076897[0m pos/sec)]
Estimated time to end of superbatch: [36m11.0[0ms     [Fsuperbatch [36m304[0m [[35m50.3[0m% ([36m384[0m/[36m763[0m batches, [36m6087658[0m pos/sec)]
Estimated time to end of superbatch: [36m8.2[0ms     [Fsuperbatch [36m304[0m [[35m67.1[0m% ([36m512[0m/[36m763[0m batches, [36m6104258[0m pos/sec)]
Estimated time to end of superbatch: [36m5.4[0ms     [Fsuperbatch [36m304[0m [[35m83.9[0m% ([36m640[0m/[36m763[0m batches, [36m6110988[0m pos/sec)]
Estimated time to end of superbatch: [36m2.6[0ms     [Fsuperbatch [36m304[0m | time [36m16.3[0ms | running loss [36m0.020307[0m | [36m6140588[0m pos/sec | total time [36m4711.7[0ms
Estimated time remaining in training: [36m0[0mh [36m1[0mm [36m32[0ms
LR dropped to [36m0.000017112936[0m
superbatch [36m305[0m [[35m0.0[0m% ([36m0[0m/[36m763[0m batches, [36m6368880[0m pos/sec)]
Estimated time to end of superbatch: [36minf[0ms     [Fsuperbatch [36m305[0m [[35m16.8[0m% ([36m128[0m/[36m763[0m batches, [36m6002236[0m pos/sec)]
Estimated time to end of superbatch: [36m14.0[0ms     [Fsuperbatch [36m305[0m [[35m33.6[0m% ([36m256[0m/[36m763[0m batches, [36m6087776[0m pos/sec)]
Estimated time to end of superbatch: [36m11.0[0ms     [Fsuperbatch [36m305[0m [[35m50.3[0m% ([36m384[0m/[36m763[0m batches, [36m6085811[0m pos/sec)]
Estimated time to end of superbatch: [36m8.2[0ms     [Fsuperbatch [36m305[0m [[35m67.1[0m% ([36m512[0m/[36m763[0m batches, [36m6079111[0m pos/sec)]
Estimated time to end of superbatch: [36m5.4[0ms     [Fsuperbatch [36m305[0m [[35m83.9[0m% ([36m640[0m/[36m763[0m batches, [36m6127495[0m pos/sec)]
Estimated time to end of superbatch: [36m2.6[0ms     [Fsuperbatch [36m305[0m | time [36m16.3[0ms | running loss [36m0.020367[0m | [36m6152364[0m pos/sec | total time [36m4727.9[0ms
Estimated time remaining in training: [36m0[0mh [36m1[0mm [36m17[0ms
LR dropped to [36m0.000013890327[0m
superbatch [36m306[0m [[35m0.0[0m% ([36m0[0m/[36m763[0m batches, [36m6342420[0m pos/sec)]
Estimated time to end of superbatch: [36minf[0ms     [Fsuperbatch [36m306[0m [[35m16.8[0m% ([36m128[0m/[36m763[0m batches, [36m6344654[0m pos/sec)]
Estimated time to end of superbatch: [36m13.2[0ms     [Fsuperbatch [36m306[0m [[35m33.6[0m% ([36m256[0m/[36m763[0m batches, [36m6342720[0m pos/sec)]
Estimated time to end of superbatch: [36m10.5[0ms     [Fsuperbatch [36m306[0m [[35m50.3[0m% ([36m384[0m/[36m763[0m batches, [36m6295376[0m pos/sec)]
Estimated time to end of superbatch: [36m7.9[0ms     [Fsuperbatch [36m306[0m [[35m67.1[0m% ([36m512[0m/[36m763[0m batches, [36m6263099[0m pos/sec)]
Estimated time to end of superbatch: [36m5.3[0ms     [Fsuperbatch [36m306[0m [[35m83.9[0m% ([36m640[0m/[36m763[0m batches, [36m6246657[0m pos/sec)]
Estimated time to end of superbatch: [36m2.6[0ms     [Fsuperbatch [36m306[0m | time [36m16.1[0ms | running loss [36m0.020430[0m | [36m6220502[0m pos/sec | total time [36m4744.0[0ms
Estimated time remaining in training: [36m0[0mh [36m1[0mm [36m2[0ms
LR dropped to [36m0.000010667718[0m
superbatch [36m307[0m [[35m0.0[0m% ([36m0[0m/[36m763[0m batches, [36m6338118[0m pos/sec)]
Estimated time to end of superbatch: [36minf[0ms     [Fsuperbatch [36m307[0m [[35m16.8[0m% ([36m128[0m/[36m763[0m batches, [36m6198664[0m pos/sec)]
Estimated time to end of superbatch: [36m13.5[0ms     [Fsuperbatch [36m307[0m [[35m33.6[0m% ([36m256[0m/[36m763[0m batches, [36m6196428[0m pos/sec)]
Estimated time to end of superbatch: [36m10.8[0ms     [Fsuperbatch [36m307[0m [[35m50.3[0m% ([36m384[0m/[36m763[0m batches, [36m6197200[0m pos/sec)]
Estimated time to end of superbatch: [36m8.0[0ms     [Fsuperbatch [36m307[0m [[35m67.1[0m% ([36m512[0m/[36m763[0m batches, [36m6155628[0m pos/sec)]
Estimated time to end of superbatch: [36m5.4[0ms     [Fsuperbatch [36m307[0m [[35m83.9[0m% ([36m640[0m/[36m763[0m batches, [36m6165304[0m pos/sec)]
Estimated time to end of superbatch: [36m2.6[0ms     [Fsuperbatch [36m307[0m | time [36m16.2[0ms | running loss [36m0.020527[0m | [36m6159402[0m pos/sec | total time [36m4760.3[0ms
Estimated time remaining in training: [36m0[0mh [36m0[0mm [36m46[0ms
LR dropped to [36m0.000007445109[0m
superbatch [36m308[0m [[35m0.0[0m% ([36m0[0m/[36m763[0m batches, [36m6327068[0m pos/sec)]
Estimated time to end of superbatch: [36minf[0ms     [Fsuperbatch [36m308[0m [[35m16.8[0m% ([36m128[0m/[36m763[0m batches, [36m6171669[0m pos/sec)]
Estimated time to end of superbatch: [36m13.6[0ms     [Fsuperbatch [36m308[0m [[35m33.6[0m% ([36m256[0m/[36m763[0m batches, [36m6209638[0m pos/sec)]
Estimated time to end of superbatch: [36m10.7[0ms     [Fsuperbatch [36m308[0m [[35m50.3[0m% ([36m384[0m/[36m763[0m batches, [36m6226825[0m pos/sec)]
Estimated time to end of superbatch: [36m8.0[0ms     [Fsuperbatch [36m308[0m [[35m67.1[0m% ([36m512[0m/[36m763[0m batches, [36m6213547[0m pos/sec)]
Estimated time to end of superbatch: [36m5.3[0ms     [Fsuperbatch [36m308[0m [[35m83.9[0m% ([36m640[0m/[36m763[0m batches, [36m6203527[0m pos/sec)]
Estimated time to end of superbatch: [36m2.6[0ms     [Fsuperbatch [36m308[0m | time [36m16.1[0ms | running loss [36m0.020579[0m | [36m6198781[0m pos/sec | total time [36m4776.4[0ms
Estimated time remaining in training: [36m0[0mh [36m0[0mm [36m31[0ms
LR dropped to [36m0.0000042226166[0m
superbatch [36m309[0m [[35m0.0[0m% ([36m0[0m/[36m763[0m batches, [36m6338686[0m pos/sec)]
Estimated time to end of superbatch: [36minf[0ms     [Fsuperbatch [36m309[0m [[35m16.8[0m% ([36m128[0m/[36m763[0m batches, [36m6215158[0m pos/sec)]
Estimated time to end of superbatch: [36m13.5[0ms     [Fsuperbatch [36m309[0m [[35m33.6[0m% ([36m256[0m/[36m763[0m batches, [36m6185025[0m pos/sec)]
Estimated time to end of superbatch: [36m10.8[0ms     [Fsuperbatch [36m309[0m [[35m50.3[0m% ([36m384[0m/[36m763[0m batches, [36m6234100[0m pos/sec)]
Estimated time to end of superbatch: [36m8.0[0ms     [Fsuperbatch [36m309[0m [[35m67.1[0m% ([36m512[0m/[36m763[0m batches, [36m6244532[0m pos/sec)]
Estimated time to end of superbatch: [36m5.3[0ms     [Fsuperbatch [36m309[0m [[35m83.9[0m% ([36m640[0m/[36m763[0m batches, [36m6250925[0m pos/sec)]
Estimated time to end of superbatch: [36m2.6[0ms     [Fsuperbatch [36m309[0m | time [36m16.0[0ms | running loss [36m0.020696[0m | [36m6265146[0m pos/sec | total time [36m4792.4[0ms
Estimated time remaining in training: [36m0[0mh [36m0[0mm [36m15[0ms
LR dropped to [36m0.000001[0m
superbatch [36m310[0m [[35m0.0[0m% ([36m0[0m/[36m763[0m batches, [36m6335564[0m pos/sec)]
Estimated time to end of superbatch: [36minf[0ms     [Fsuperbatch [36m310[0m [[35m16.8[0m% ([36m128[0m/[36m763[0m batches, [36m6335346[0m pos/sec)]
Estimated time to end of superbatch: [36m13.2[0ms     [Fsuperbatch [36m310[0m [[35m33.6[0m% ([36m256[0m/[36m763[0m batches, [36m6337817[0m pos/sec)]
Estimated time to end of superbatch: [36m10.5[0ms     [Fsuperbatch [36m310[0m [[35m50.3[0m% ([36m384[0m/[36m763[0m batches, [36m6338160[0m pos/sec)]
Estimated time to end of superbatch: [36m7.9[0ms     [Fsuperbatch [36m310[0m [[35m67.1[0m% ([36m512[0m/[36m763[0m batches, [36m6295648[0m pos/sec)]
Estimated time to end of superbatch: [36m5.2[0ms     [Fsuperbatch [36m310[0m [[35m83.9[0m% ([36m640[0m/[36m763[0m batches, [36m6251104[0m pos/sec)]
Estimated time to end of superbatch: [36m2.6[0ms     [Fsuperbatch [36m310[0m | time [36m17.4[0ms | running loss [36m0.020730[0m | [36m5749792[0m pos/sec | total time [36m4809.7[0ms
Estimated time remaining in training: [36m0[0mh [36m0[0mm [36m0[0ms
Saved [anna-v3b-s1-310]
Total Training Time: [36m1[0mh [36m20[0mm [36m12[0ms
[34;1mTraining on NVIDIA GeForce RTX 4090 (sm_89)[0m
superbatch [36m1[0m [[35m0.0[0m% ([36m0[0m/[36m763[0m batches, [36m5960526[0m pos/sec)]
Estimated time to end of superbatch: [36minf[0ms     [Fsuperbatch [36m1[0m [[35m16.8[0m% ([36m128[0m/[36m763[0m batches, [36m5749039[0m pos/sec)]
Estimated time to end of superbatch: [36m14.6[0ms     [Fsuperbatch [36m1[0m [[35m33.6[0m% ([36m256[0m/[36m763[0m batches, [36m6001378[0m pos/sec)]
Estimated time to end of superbatch: [36m11.1[0ms     [Fsuperbatch [36m1[0m [[35m50.3[0m% ([36m384[0m/[36m763[0m batches, [36m6096928[0m pos/sec)]
Estimated time to end of superbatch: [36m8.2[0ms     [Fsuperbatch [36m1[0m [[35m67.1[0m% ([36m512[0m/[36m763[0m batches, [36m6135417[0m pos/sec)]
Estimated time to end of superbatch: [36m5.4[0ms     [Fsuperbatch [36m1[0m [[35m83.9[0m% ([36m640[0m/[36m763[0m batches, [36m6171416[0m pos/sec)]
Estimated time to end of superbatch: [36m2.6[0ms     [Fsuperbatch [36m1[0m | time [36m16.1[0ms | running loss [36m0.060519[0m | [36m6193960[0m pos/sec | total time [36m24.2[0ms
Estimated time remaining in training: [36m0[0mh [36m11[0mm [36m40[0ms
LR dropped to [36m0.000009339999[0m
superbatch [36m2[0m [[35m0.0[0m% ([36m0[0m/[36m763[0m batches, [36m6310864[0m pos/sec)]
Estimated time to end of superbatch: [36minf[0ms     [Fsuperbatch [36m2[0m [[35m16.8[0m% ([36m128[0m/[36m763[0m batches, [36m6298925[0m pos/sec)]
Estimated time to end of superbatch: [36m13.3[0ms     [Fsuperbatch [36m2[0m [[35m33.6[0m% ([36m256[0m/[36m763[0m batches, [36m6291353[0m pos/sec)]
Estimated time to end of superbatch: [36m10.6[0ms     [Fsuperbatch [36m2[0m [[35m50.3[0m% ([36m384[0m/[36m763[0m batches, [36m6300506[0m pos/sec)]
Estimated time to end of superbatch: [36m7.9[0ms     [Fsuperbatch [36m2[0m [[35m67.1[0m% ([36m512[0m/[36m763[0m batches, [36m6307034[0m pos/sec)]
Estimated time to end of superbatch: [36m5.2[0ms     [Fsuperbatch [36m2[0m [[35m83.9[0m% ([36m640[0m/[36m763[0m batches, [36m6311340[0m pos/sec)]
Estimated time to end of superbatch: [36m2.6[0ms     [Fsuperbatch [36m2[0m | time [36m15.8[0ms | running loss [36m0.060485[0m | [36m6314358[0m pos/sec | total time [36m40.0[0ms
Estimated time remaining in training: [36m0[0mh [36m9[0mm [36m20[0ms
LR dropped to [36m0.00000901[0m
superbatch [36m3[0m [[35m0.0[0m% ([36m0[0m/[36m763[0m batches, [36m6337947[0m pos/sec)]
Estimated time to end of superbatch: [36minf[0ms     [Fsuperbatch [36m3[0m [[35m16.8[0m% ([36m128[0m/[36m763[0m batches, [36m6331406[0m pos/sec)]
Estimated time to end of superbatch: [36m13.2[0ms     [Fsuperbatch [36m3[0m [[35m33.6[0m% ([36m256[0m/[36m763[0m batches, [36m6276938[0m pos/sec)]
Estimated time to end of superbatch: [36m10.6[0ms     [Fsuperbatch [36m3[0m [[35m50.3[0m% ([36m384[0m/[36m763[0m batches, [36m6249702[0m pos/sec)]
Estimated time to end of superbatch: [36m8.0[0ms     [Fsuperbatch [36m3[0m [[35m67.1[0m% ([36m512[0m/[36m763[0m batches, [36m6226968[0m pos/sec)]
Estimated time to end of superbatch: [36m5.3[0ms     [Fsuperbatch [36m3[0m [[35m83.9[0m% ([36m640[0m/[36m763[0m batches, [36m6177697[0m pos/sec)]
Estimated time to end of superbatch: [36m2.6[0ms     [Fsuperbatch [36m3[0m | time [36m16.2[0ms | running loss [36m0.060544[0m | [36m6189388[0m pos/sec | total time [36m56.2[0ms
Estimated time remaining in training: [36m0[0mh [36m8[0mm [36m25[0ms
LR dropped to [36m0.00000868[0m
superbatch [36m4[0m [[35m0.0[0m% ([36m0[0m/[36m763[0m batches, [36m6340961[0m pos/sec)]
Estimated time to end of superbatch: [36minf[0ms     [Fsuperbatch [36m4[0m [[35m16.8[0m% ([36m128[0m/[36m763[0m batches, [36m6209846[0m pos/sec)]
Estimated time to end of superbatch: [36m13.5[0ms     [Fsuperbatch [36m4[0m [[35m33.6[0m% ([36m256[0m/[36m763[0m batches, [36m6189562[0m pos/sec)]
Estimated time to end of superbatch: [36m10.8[0ms     [Fsuperbatch [36m4[0m [[35m50.3[0m% ([36m384[0m/[36m763[0m batches, [36m6207513[0m pos/sec)]
Estimated time to end of superbatch: [36m8.0[0ms     [Fsuperbatch [36m4[0m [[35m67.1[0m% ([36m512[0m/[36m763[0m batches, [36m6202532[0m pos/sec)]
Estimated time to end of superbatch: [36m5.3[0ms     [Fsuperbatch [36m4[0m [[35m83.9[0m% ([36m640[0m/[36m763[0m batches, [36m6179659[0m pos/sec)]
Estimated time to end of superbatch: [36m2.6[0ms     [Fsuperbatch [36m4[0m | time [36m16.1[0ms | running loss [36m0.060407[0m | [36m6196896[0m pos/sec | total time [36m72.3[0ms
Estimated time remaining in training: [36m0[0mh [36m7[0mm [36m49[0ms
LR dropped to [36m0.00000835[0m
superbatch [36m5[0m [[35m0.0[0m% ([36m0[0m/[36m763[0m batches, [36m6350872[0m pos/sec)]
Estimated time to end of superbatch: [36minf[0ms     [Fsuperbatch [36m5[0m [[35m16.8[0m% ([36m128[0m/[36m763[0m batches, [36m6172378[0m pos/sec)]
Estimated time to end of superbatch: [36m13.6[0ms     [Fsuperbatch [36m5[0m [[35m33.6[0m% ([36m256[0m/[36m763[0m batches, [36m6182964[0m pos/sec)]
Estimated time to end of superbatch: [36m10.8[0ms     [Fsuperbatch [36m5[0m [[35m50.3[0m% ([36m384[0m/[36m763[0m batches, [36m6186185[0m pos/sec)]
Estimated time to end of superbatch: [36m8.1[0ms     [Fsuperbatch [36m5[0m [[35m67.1[0m% ([36m512[0m/[36m763[0m batches, [36m6189785[0m pos/sec)]
Estimated time to end of superbatch: [36m5.3[0ms     [Fsuperbatch [36m5[0m [[35m83.9[0m% ([36m640[0m/[36m763[0m batches, [36m6179064[0m pos/sec)]
Estimated time to end of superbatch: [36m2.6[0ms     [Fsuperbatch [36m5[0m | time [36m16.2[0ms | running loss [36m0.060348[0m | [36m6187866[0m pos/sec | total time [36m88.5[0ms
Estimated time remaining in training: [36m0[0mh [36m7[0mm [36m22[0ms
LR dropped to [36m0.00000802[0m
superbatch [36m6[0m [[35m0.0[0m% ([36m0[0m/[36m763[0m batches, [36m6344300[0m pos/sec)]
Estimated time to end of superbatch: [36minf[0ms     [Fsuperbatch [36m6[0m [[35m16.8[0m% ([36m128[0m/[36m763[0m batches, [36m6241123[0m pos/sec)]
Estimated time to end of superbatch: [36m13.4[0ms     [Fsuperbatch [36m6[0m [[35m33.6[0m% ([36m256[0m/[36m763[0m batches, [36m6251108[0m pos/sec)]
Estimated time to end of superbatch: [36m10.7[0ms     [Fsuperbatch [36m6[0m [[35m50.3[0m% ([36m384[0m/[36m763[0m batches, [36m6281079[0m pos/sec)]
Estimated time to end of superbatch: [36m7.9[0ms     [Fsuperbatch [36m6[0m [[35m67.1[0m% ([36m512[0m/[36m763[0m batches, [36m6296546[0m pos/sec)]
Estimated time to end of superbatch: [36m5.2[0ms     [Fsuperbatch [36m6[0m [[35m83.9[0m% ([36m640[0m/[36m763[0m batches, [36m6305620[0m pos/sec)]
Estimated time to end of superbatch: [36m2.6[0ms     [Fsuperbatch [36m6[0m | time [36m15.8[0ms | running loss [36m0.060364[0m | [36m6311822[0m pos/sec | total time [36m104.3[0ms
Estimated time remaining in training: [36m0[0mh [36m6[0mm [36m57[0ms
LR dropped to [36m0.00000769[0m
superbatch [36m7[0m [[35m0.0[0m% ([36m0[0m/[36m763[0m batches, [36m6362421[0m pos/sec)]
Estimated time to end of superbatch: [36minf[0ms     [Fsuperbatch [36m7[0m [[35m16.8[0m% ([36m128[0m/[36m763[0m batches, [36m6247108[0m pos/sec)]
Estimated time to end of superbatch: [36m13.4[0ms     [Fsuperbatch [36m7[0m [[35m33.6[0m% ([36m256[0m/[36m763[0m batches, [36m6202790[0m pos/sec)]
Estimated time to end of superbatch: [36m10.8[0ms     [Fsuperbatch [36m7[0m [[35m50.3[0m% ([36m384[0m/[36m763[0m batches, [36m6195446[0m pos/sec)]
Estimated time to end of superbatch: [36m8.0[0ms     [Fsuperbatch [36m7[0m [[35m67.1[0m% ([36m512[0m/[36m763[0m batches, [36m6220580[0m pos/sec)]
Estimated time to end of superbatch: [36m5.3[0ms     [Fsuperbatch [36m7[0m [[35m83.9[0m% ([36m640[0m/[36m763[0m batches, [36m6214968[0m pos/sec)]
Estimated time to end of superbatch: [36m2.6[0ms     [Fsuperbatch [36m7[0m | time [36m16.1[0ms | running loss [36m0.060258[0m | [36m6220362[0m pos/sec | total time [36m120.4[0ms
Estimated time remaining in training: [36m0[0mh [36m6[0mm [36m35[0ms
LR dropped to [36m0.0000073599995[0m
superbatch [36m8[0m [[35m0.0[0m% ([36m0[0m/[36m763[0m batches, [36m6324937[0m pos/sec)]
Estimated time to end of superbatch: [36minf[0ms     [Fsuperbatch [36m8[0m [[35m16.8[0m% ([36m128[0m/[36m763[0m batches, [36m6229216[0m pos/sec)]
Estimated time to end of superbatch: [36m13.5[0ms     [Fsuperbatch [36m8[0m [[35m33.6[0m% ([36m256[0m/[36m763[0m batches, [36m6152598[0m pos/sec)]
Estimated time to end of superbatch: [36m10.8[0ms     [Fsuperbatch [36m8[0m [[35m50.3[0m% ([36m384[0m/[36m763[0m batches, [36m6159378[0m pos/sec)]
Estimated time to end of superbatch: [36m8.1[0ms     [Fsuperbatch [36m8[0m [[35m67.1[0m% ([36m512[0m/[36m763[0m batches, [36m6137353[0m pos/sec)]
Estimated time to end of superbatch: [36m5.4[0ms     [Fsuperbatch [36m8[0m [[35m83.9[0m% ([36m640[0m/[36m763[0m batches, [36m6157476[0m pos/sec)]
Estimated time to end of superbatch: [36m2.6[0ms     [Fsuperbatch [36m8[0m | time [36m16.2[0ms | running loss [36m0.060255[0m | [36m6176308[0m pos/sec | total time [36m136.6[0ms
Estimated time remaining in training: [36m0[0mh [36m6[0mm [36m15[0ms
LR dropped to [36m0.0000070299993[0m
superbatch [36m9[0m [[35m0.0[0m% ([36m0[0m/[36m763[0m batches, [36m6348726[0m pos/sec)]
Estimated time to end of superbatch: [36minf[0ms     [Fsuperbatch [36m9[0m [[35m16.8[0m% ([36m128[0m/[36m763[0m batches, [36m6255014[0m pos/sec)]
Estimated time to end of superbatch: [36m13.4[0ms     [Fsuperbatch [36m9[0m [[35m33.6[0m% ([36m256[0m/[36m763[0m batches, [36m6247110[0m pos/sec)]
Estimated time to end of superbatch: [36m10.7[0ms     [Fsuperbatch [36m9[0m [[35m50.3[0m% ([36m384[0m/[36m763[0m batches, [36m6240936[0m pos/sec)]
Estimated time to end of superbatch: [36m8.0[0ms     [Fsuperbatch [36m9[0m [[35m67.1[0m% ([36m512[0m/[36m763[0m batches, [36m6194366[0m pos/sec)]
Estimated time to end of superbatch: [36m5.3[0ms     [Fsuperbatch [36m9[0m [[35m83.9[0m% ([36m640[0m/[36m763[0m batches, [36m6192127[0m pos/sec)]
Estimated time to end of superbatch: [36m2.6[0ms     [Fsuperbatch [36m9[0m | time [36m16.1[0ms | running loss [36m0.060371[0m | [36m6200603[0m pos/sec | total time [36m152.7[0ms
Estimated time remaining in training: [36m0[0mh [36m5[0mm [36m56[0ms
LR dropped to [36m0.0000066999996[0m
superbatch [36m10[0m [[35m0.0[0m% ([36m0[0m/[36m763[0m batches, [36m6354863[0m pos/sec)]
Estimated time to end of superbatch: [36minf[0ms     [Fsuperbatch [36m10[0m [[35m16.8[0m% ([36m128[0m/[36m763[0m batches, [36m6315840[0m pos/sec)]
Estimated time to end of superbatch: [36m13.3[0ms     [Fsuperbatch [36m10[0m [[35m33.6[0m% ([36m256[0m/[36m763[0m batches, [36m6276683[0m pos/sec)]
Estimated time to end of superbatch: [36m10.6[0ms     [Fsuperbatch [36m10[0m [[35m50.3[0m% ([36m384[0m/[36m763[0m batches, [36m6296625[0m pos/sec)]
Estimated time to end of superbatch: [36m7.9[0ms     [Fsuperbatch [36m10[0m [[35m67.1[0m% ([36m512[0m/[36m763[0m batches, [36m6296980[0m pos/sec)]
Estimated time to end of superbatch: [36m5.2[0ms     [Fsuperbatch [36m10[0m [[35m83.9[0m% ([36m640[0m/[36m763[0m batches, [36m6293556[0m pos/sec)]
Estimated time to end of superbatch: [36m2.6[0ms     [Fsuperbatch [36m10[0m | time [36m16.0[0ms | running loss [36m0.060333[0m | [36m6234412[0m pos/sec | total time [36m168.8[0ms
Estimated time remaining in training: [36m0[0mh [36m5[0mm [36m37[0ms
LR dropped to [36m0.00000637[0m
superbatch [36m11[0m [[35m0.0[0m% ([36m0[0m/[36m763[0m batches, [36m6348074[0m pos/sec)]
Estimated time to end of superbatch: [36minf[0ms     [Fsuperbatch [36m11[0m [[35m16.8[0m% ([36m128[0m/[36m763[0m batches, [36m5724914[0m pos/sec)]
Estimated time to end of superbatch: [36m14.7[0ms     [Fsuperbatch [36m11[0m [[35m33.6[0m% ([36m256[0m/[36m763[0m batches, [36m5719818[0m pos/sec)]
Estimated time to end of superbatch: [36m11.7[0ms     [Fsuperbatch [36m11[0m [[35m50.3[0m% ([36m384[0m/[36m763[0m batches, [36m5775316[0m pos/sec)]
Estimated time to end of superbatch: [36m8.6[0ms     [Fsuperbatch [36m11[0m [[35m67.1[0m% ([36m512[0m/[36m763[0m batches, [36m5815723[0m pos/sec)]
Estimated time to end of superbatch: [36m5.7[0ms     [Fsuperbatch [36m11[0m [[35m83.9[0m% ([36m640[0m/[36m763[0m batches, [36m5858035[0m pos/sec)]
Estimated time to end of superbatch: [36m2.8[0ms     [Fsuperbatch [36m11[0m | time [36m16.9[0ms | running loss [36m0.060422[0m | [36m5921458[0m pos/sec | total time [36m185.6[0ms
Estimated time remaining in training: [36m0[0mh [36m5[0mm [36m20[0ms
LR dropped to [36m0.00000604[0m
superbatch [36m12[0m [[35m0.0[0m% ([36m0[0m/[36m763[0m batches, [36m6354238[0m pos/sec)]
Estimated time to end of superbatch: [36minf[0ms     [Fsuperbatch [36m12[0m [[35m16.8[0m% ([36m128[0m/[36m763[0m batches, [36m6351507[0m pos/sec)]
Estimated time to end of superbatch: [36m13.2[0ms     [Fsuperbatch [36m12[0m [[35m33.6[0m% ([36m256[0m/[36m763[0m batches, [36m6325895[0m pos/sec)]
Estimated time to end of superbatch: [36m10.5[0ms     [Fsuperbatch [36m12[0m [[35m50.3[0m% ([36m384[0m/[36m763[0m batches, [36m6265178[0m pos/sec)]
Estimated time to end of superbatch: [36m7.9[0ms     [Fsuperbatch [36m12[0m [[35m67.1[0m% ([36m512[0m/[36m763[0m batches, [36m6188824[0m pos/sec)]
Estimated time to end of superbatch: [36m5.3[0ms     [Fsuperbatch [36m12[0m [[35m83.9[0m% ([36m640[0m/[36m763[0m batches, [36m6188654[0m pos/sec)]
Estimated time to end of superbatch: [36m2.6[0ms     [Fsuperbatch [36m12[0m | time [36m16.2[0ms | running loss [36m0.060362[0m | [36m6181500[0m pos/sec | total time [36m201.8[0ms
Estimated time remaining in training: [36m0[0mh [36m5[0mm [36m2[0ms
LR dropped to [36m0.0000057099996[0m
superbatch [36m13[0m [[35m0.0[0m% ([36m0[0m/[36m763[0m batches, [36m6355742[0m pos/sec)]
Estimated time to end of superbatch: [36minf[0ms     [Fsuperbatch [36m13[0m [[35m16.8[0m% ([36m128[0m/[36m763[0m batches, [36m5998880[0m pos/sec)]
Estimated time to end of superbatch: [36m14.0[0ms     [Fsuperbatch [36m13[0m [[35m33.6[0m% ([36m256[0m/[36m763[0m batches, [36m5999535[0m pos/sec)]
Estimated time to end of superbatch: [36m11.1[0ms     [Fsuperbatch [36m13[0m [[35m50.3[0m% ([36m384[0m/[36m763[0m batches, [36m6049738[0m pos/sec)]
Estimated time to end of superbatch: [36m8.2[0ms     [Fsuperbatch [36m13[0m [[35m67.1[0m% ([36m512[0m/[36m763[0m batches, [36m6063698[0m pos/sec)]
Estimated time to end of superbatch: [36m5.4[0ms     [Fsuperbatch [36m13[0m [[35m83.9[0m% ([36m640[0m/[36m763[0m batches, [36m6052912[0m pos/sec)]
Estimated time to end of superbatch: [36m2.7[0ms     [Fsuperbatch [36m13[0m | time [36m16.5[0ms | running loss [36m0.060419[0m | [36m6046225[0m pos/sec | total time [36m218.4[0ms
Estimated time remaining in training: [36m0[0mh [36m4[0mm [36m45[0ms
LR dropped to [36m0.00000538[0m
superbatch [36m14[0m [[35m0.0[0m% ([36m0[0m/[36m763[0m batches, [36m6336939[0m pos/sec)]
Estimated time to end of superbatch: [36minf[0ms     [Fsuperbatch [36m14[0m [[35m16.8[0m% ([36m128[0m/[36m763[0m batches, [36m6092396[0m pos/sec)]
Estimated time to end of superbatch: [36m13.8[0ms     [Fsuperbatch [36m14[0m [[35m33.6[0m% ([36m256[0m/[36m763[0m batches, [36m6148486[0m pos/sec)]
Estimated time to end of superbatch: [36m10.9[0ms     [Fsuperbatch [36m14[0m [[35m50.3[0m% ([36m384[0m/[36m763[0m batches, [36m6196898[0m pos/sec)]
Estimated time to end of superbatch: [36m8.0[0ms     [Fsuperbatch [36m14[0m [[35m67.1[0m% ([36m512[0m/[36m763[0m batches, [36m6233624[0m pos/sec)]
Estimated time to end of superbatch: [36m5.3[0ms     [Fsuperbatch [36m14[0m [[35m83.9[0m% ([36m640[0m/[36m763[0m batches, [36m6254954[0m pos/sec)]
Estimated time to end of superbatch: [36m2.6[0ms     [Fsuperbatch [36m14[0m | time [36m16.0[0ms | running loss [36m0.060434[0m | [36m6248500[0m pos/sec | total time [36m234.4[0ms
Estimated time remaining in training: [36m0[0mh [36m4[0mm [36m27[0ms
LR dropped to [36m0.00000505[0m
superbatch [36m15[0m [[35m0.0[0m% ([36m0[0m/[36m763[0m batches, [36m6330389[0m pos/sec)]
Estimated time to end of superbatch: [36minf[0ms     [Fsuperbatch [36m15[0m [[35m16.8[0m% ([36m128[0m/[36m763[0m batches, [36m6139122[0m pos/sec)]
Estimated time to end of superbatch: [36m13.7[0ms     [Fsuperbatch [36m15[0m [[35m33.6[0m% ([36m256[0m/[36m763[0m batches, [36m6150320[0m pos/sec)]
Estimated time to end of superbatch: [36m10.8[0ms     [Fsuperbatch [36m15[0m [[35m50.3[0m% ([36m384[0m/[36m763[0m batches, [36m6162764[0m pos/sec)]
Estimated time to end of superbatch: [36m8.1[0ms     [Fsuperbatch [36m15[0m [[35m67.1[0m% ([36m512[0m/[36m763[0m batches, [36m6172526[0m pos/sec)]
Estimated time to end of superbatch: [36m5.3[0ms     [Fsuperbatch [36m15[0m [[35m83.9[0m% ([36m640[0m/[36m763[0m batches, [36m6164874[0m pos/sec)]
Estimated time to end of superbatch: [36m2.6[0ms     [Fsuperbatch [36m15[0m | time [36m16.2[0ms | running loss [36m0.060450[0m | [36m6173757[0m pos/sec | total time [36m250.6[0ms
Estimated time remaining in training: [36m0[0mh [36m4[0mm [36m10[0ms
LR dropped to [36m0.0000047199997[0m
superbatch [36m16[0m [[35m0.0[0m% ([36m0[0m/[36m763[0m batches, [36m6353622[0m pos/sec)]
Estimated time to end of superbatch: [36minf[0ms     [Fsuperbatch [36m16[0m [[35m16.8[0m% ([36m128[0m/[36m763[0m batches, [36m6130902[0m pos/sec)]
Estimated time to end of superbatch: [36m13.7[0ms     [Fsuperbatch [36m16[0m [[35m33.6[0m% ([36m256[0m/[36m763[0m batches, [36m6188203[0m pos/sec)]
Estimated time to end of superbatch: [36m10.8[0ms     [Fsuperbatch [36m16[0m [[35m50.3[0m% ([36m384[0m/[36m763[0m batches, [36m6175199[0m pos/sec)]
Estimated time to end of superbatch: [36m8.1[0ms     [Fsuperbatch [36m16[0m [[35m67.1[0m% ([36m512[0m/[36m763[0m batches, [36m6131710[0m pos/sec)]
Estimated time to end of superbatch: [36m5.4[0ms     [Fsuperbatch [36m16[0m [[35m83.9[0m% ([36m640[0m/[36m763[0m batches, [36m6026079[0m pos/sec)]
Estimated time to end of superbatch: [36m2.7[0ms     [Fsuperbatch [36m16[0m | time [36m16.5[0ms | running loss [36m0.060369[0m | [36m6048171[0m pos/sec | total time [36m267.1[0ms
Estimated time remaining in training: [36m0[0mh [36m3[0mm [36m53[0ms
LR dropped to [36m0.00000439[0m
superbatch [36m17[0m [[35m0.0[0m% ([36m0[0m/[36m763[0m batches, [36m6348600[0m pos/sec)]
Estimated time to end of superbatch: [36minf[0ms     [Fsuperbatch [36m17[0m [[35m16.8[0m% ([36m128[0m/[36m763[0m batches, [36m6254494[0m pos/sec)]
Estimated time to end of superbatch: [36m13.4[0ms     [Fsuperbatch [36m17[0m [[35m33.6[0m% ([36m256[0m/[36m763[0m batches, [36m6263824[0m pos/sec)]
Estimated time to end of superbatch: [36m10.7[0ms     [Fsuperbatch [36m17[0m [[35m50.3[0m% ([36m384[0m/[36m763[0m batches, [36m6292252[0m pos/sec)]
Estimated time to end of superbatch: [36m7.9[0ms     [Fsuperbatch [36m17[0m [[35m67.1[0m% ([36m512[0m/[36m763[0m batches, [36m6306353[0m pos/sec)]
Estimated time to end of superbatch: [36m5.2[0ms     [Fsuperbatch [36m17[0m [[35m83.9[0m% ([36m640[0m/[36m763[0m batches, [36m6237986[0m pos/sec)]
Estimated time to end of superbatch: [36m2.6[0ms     [Fsuperbatch [36m17[0m | time [36m16.0[0ms | running loss [36m0.060387[0m | [36m6237739[0m pos/sec | total time [36m283.1[0ms
Estimated time remaining in training: [36m0[0mh [36m3[0mm [36m36[0ms
LR dropped to [36m0.0000040599994[0m
superbatch [36m18[0m [[35m0.0[0m% ([36m0[0m/[36m763[0m batches, [36m6348994[0m pos/sec)]
Estimated time to end of superbatch: [36minf[0ms     [Fsuperbatch [36m18[0m [[35m16.8[0m% ([36m128[0m/[36m763[0m batches, [36m6204466[0m pos/sec)]
Estimated time to end of superbatch: [36m13.5[0ms     [Fsuperbatch [36m18[0m [[35m33.6[0m% ([36m256[0m/[36m763[0m batches, [36m6162085[0m pos/sec)]
Estimated time to end of superbatch: [36m10.8[0ms     [Fsuperbatch [36m18[0m [[35m50.3[0m% ([36m384[0m/[36m763[0m batches, [36m6173128[0m pos/sec)]
Estimated time to end of superbatch: [36m8.1[0ms     [Fsuperbatch [36m18[0m [[35m67.1[0m% ([36m512[0m/[36m763[0m batches, [36m6155882[0m pos/sec)]
Estimated time to end of superbatch: [36m5.4[0ms     [Fsuperbatch [36m18[0m [[35m83.9[0m% ([36m640[0m/[36m763[0m batches, [36m6177958[0m pos/sec)]
Estimated time to end of superbatch: [36m2.6[0ms     [Fsuperbatch [36m18[0m | time [36m16.2[0ms | running loss [36m0.060261[0m | [36m6176412[0m pos/sec | total time [36m299.3[0ms
Estimated time remaining in training: [36m0[0mh [36m3[0mm [36m19[0ms
LR dropped to [36m0.0000037300001[0m
superbatch [36m19[0m [[35m0.0[0m% ([36m0[0m/[36m763[0m batches, [36m6329574[0m pos/sec)]
Estimated time to end of superbatch: [36minf[0ms     [Fsuperbatch [36m19[0m [[35m16.8[0m% ([36m128[0m/[36m763[0m batches, [36m6146478[0m pos/sec)]
Estimated time to end of superbatch: [36m13.6[0ms     [Fsuperbatch [36m19[0m [[35m33.6[0m% ([36m256[0m/[36m763[0m batches, [36m6135896[0m pos/sec)]
Estimated time to end of superbatch: [36m10.9[0ms     [Fsuperbatch [36m19[0m [[35m50.3[0m% ([36m384[0m/[36m763[0m batches, [36m6170070[0m pos/sec)]
Estimated time to end of superbatch: [36m8.1[0ms     [Fsuperbatch [36m19[0m [[35m67.1[0m% ([36m512[0m/[36m763[0m batches, [36m6170631[0m pos/sec)]
Estimated time to end of superbatch: [36m5.3[0ms     [Fsuperbatch [36m19[0m [[35m83.9[0m% ([36m640[0m/[36m763[0m batches, [36m6185154[0m pos/sec)]
Estimated time to end of superbatch: [36m2.6[0ms     [Fsuperbatch [36m19[0m | time [36m16.2[0ms | running loss [36m0.060341[0m | [36m6173302[0m pos/sec | total time [36m315.5[0ms
Estimated time remaining in training: [36m0[0mh [36m3[0mm [36m2[0ms
LR dropped to [36m0.0000033999995[0m
superbatch [36m20[0m [[35m0.0[0m% ([36m0[0m/[36m763[0m batches, [36m6332944[0m pos/sec)]
Estimated time to end of superbatch: [36minf[0ms     [Fsuperbatch [36m20[0m [[35m16.8[0m% ([36m128[0m/[36m763[0m batches, [36m5902968[0m pos/sec)]
Estimated time to end of superbatch: [36m14.2[0ms     [Fsuperbatch [36m20[0m [[35m33.6[0m% ([36m256[0m/[36m763[0m batches, [36m6106162[0m pos/sec)]
Estimated time to end of superbatch: [36m10.9[0ms     [Fsuperbatch [36m20[0m [[35m50.3[0m% ([36m384[0m/[36m763[0m batches, [36m6157760[0m pos/sec)]
Estimated time to end of superbatch: [36m8.1[0ms     [Fsuperbatch [36m20[0m [[35m67.1[0m% ([36m512[0m/[36m763[0m batches, [36m6148614[0m pos/sec)]
Estimated time to end of superbatch: [36m5.4[0ms     [Fsuperbatch [36m20[0m [[35m83.9[0m% ([36m640[0m/[36m763[0m batches, [36m6117730[0m pos/sec)]
Estimated time to end of superbatch: [36m2.6[0ms     [Fsuperbatch [36m20[0m | time [36m16.3[0ms | running loss [36m0.060414[0m | [36m6140783[0m pos/sec | total time [36m331.8[0ms
Estimated time remaining in training: [36m0[0mh [36m2[0mm [36m45[0ms
Saved [anna-v3b-s2-20]
LR dropped to [36m0.0000030699998[0m
superbatch [36m21[0m [[35m0.0[0m% ([36m0[0m/[36m763[0m batches, [36m6062930[0m pos/sec)]
Estimated time to end of superbatch: [36minf[0ms     [Fsuperbatch [36m21[0m [[35m16.8[0m% ([36m128[0m/[36m763[0m batches, [36m5967846[0m pos/sec)]
Estimated time to end of superbatch: [36m14.1[0ms     [Fsuperbatch [36m21[0m [[35m33.6[0m% ([36m256[0m/[36m763[0m batches, [36m6088732[0m pos/sec)]
Estimated time to end of superbatch: [36m11.0[0ms     [Fsuperbatch [36m21[0m [[35m50.3[0m% ([36m384[0m/[36m763[0m batches, [36m6121968[0m pos/sec)]
Estimated time to end of superbatch: [36m8.1[0ms     [Fsuperbatch [36m21[0m [[35m67.1[0m% ([36m512[0m/[36m763[0m batches, [36m6128937[0m pos/sec)]
Estimated time to end of superbatch: [36m5.4[0ms     [Fsuperbatch [36m21[0m [[35m83.9[0m% ([36m640[0m/[36m763[0m batches, [36m6146987[0m pos/sec)]
Estimated time to end of superbatch: [36m2.6[0ms     [Fsuperbatch [36m21[0m | time [36m16.3[0ms | running loss [36m0.060577[0m | [36m6143595[0m pos/sec | total time [36m350.8[0ms
Estimated time remaining in training: [36m0[0mh [36m2[0mm [36m30[0ms
LR dropped to [36m0.0000027399997[0m
superbatch [36m22[0m [[35m0.0[0m% ([36m0[0m/[36m763[0m batches, [36m6336366[0m pos/sec)]
Estimated time to end of superbatch: [36minf[0ms     [Fsuperbatch [36m22[0m [[35m16.8[0m% ([36m128[0m/[36m763[0m batches, [36m6147024[0m pos/sec)]
Estimated time to end of superbatch: [36m13.6[0ms     [Fsuperbatch [36m22[0m [[35m33.6[0m% ([36m256[0m/[36m763[0m batches, [36m6133250[0m pos/sec)]
Estimated time to end of superbatch: [36m10.9[0ms     [Fsuperbatch [36m22[0m [[35m50.3[0m% ([36m384[0m/[36m763[0m batches, [36m6112506[0m pos/sec)]
Estimated time to end of superbatch: [36m8.1[0ms     [Fsuperbatch [36m22[0m [[35m67.1[0m% ([36m512[0m/[36m763[0m batches, [36m6110862[0m pos/sec)]
Estimated time to end of superbatch: [36m5.4[0ms     [Fsuperbatch [36m22[0m [[35m83.9[0m% ([36m640[0m/[36m763[0m batches, [36m6110542[0m pos/sec)]
Estimated time to end of superbatch: [36m2.6[0ms     [Fsuperbatch [36m22[0m | time [36m16.4[0ms | running loss [36m0.060591[0m | [36m6104432[0m pos/sec | total time [36m367.1[0ms
Estimated time remaining in training: [36m0[0mh [36m2[0mm [36m13[0ms
LR dropped to [36m0.00000241[0m
superbatch [36m23[0m [[35m0.0[0m% ([36m0[0m/[36m763[0m batches, [36m6332876[0m pos/sec)]
Estimated time to end of superbatch: [36minf[0ms     [Fsuperbatch [36m23[0m [[35m16.8[0m% ([36m128[0m/[36m763[0m batches, [36m6076464[0m pos/sec)]
Estimated time to end of superbatch: [36m13.8[0ms     [Fsuperbatch [36m23[0m [[35m33.6[0m% ([36m256[0m/[36m763[0m batches, [36m6117664[0m pos/sec)]
Estimated time to end of superbatch: [36m10.9[0ms     [Fsuperbatch [36m23[0m [[35m50.3[0m% ([36m384[0m/[36m763[0m batches, [36m6184395[0m pos/sec)]
Estimated time to end of superbatch: [36m8.1[0ms     [Fsuperbatch [36m23[0m [[35m67.1[0m% ([36m512[0m/[36m763[0m batches, [36m6219290[0m pos/sec)]
Estimated time to end of superbatch: [36m5.3[0ms     [Fsuperbatch [36m23[0m [[35m83.9[0m% ([36m640[0m/[36m763[0m batches, [36m6229669[0m pos/sec)]
Estimated time to end of superbatch: [36m2.6[0ms     [Fsuperbatch [36m23[0m | time [36m16.0[0ms | running loss [36m0.060452[0m | [36m6244988[0m pos/sec | total time [36m383.2[0ms
Estimated time remaining in training: [36m0[0mh [36m1[0mm [36m56[0ms
LR dropped to [36m0.0000020799998[0m
superbatch [36m24[0m [[35m0.0[0m% ([36m0[0m/[36m763[0m batches, [36m6320080[0m pos/sec)]
Estimated time to end of superbatch: [36minf[0ms     [Fsuperbatch [36m24[0m [[35m16.8[0m% ([36m128[0m/[36m763[0m batches, [36m6326740[0m pos/sec)]
Estimated time to end of superbatch: [36m13.3[0ms     [Fsuperbatch [36m24[0m [[35m33.6[0m% ([36m256[0m/[36m763[0m batches, [36m6229642[0m pos/sec)]
Estimated time to end of superbatch: [36m10.7[0ms     [Fsuperbatch [36m24[0m [[35m50.3[0m% ([36m384[0m/[36m763[0m batches, [36m6221546[0m pos/sec)]
Estimated time to end of superbatch: [36m8.0[0ms     [Fsuperbatch [36m24[0m [[35m67.1[0m% ([36m512[0m/[36m763[0m batches, [36m6219464[0m pos/sec)]
Estimated time to end of superbatch: [36m5.3[0ms     [Fsuperbatch [36m24[0m [[35m83.9[0m% ([36m640[0m/[36m763[0m batches, [36m6222498[0m pos/sec)]
Estimated time to end of superbatch: [36m2.6[0ms     [Fsuperbatch [36m24[0m | time [36m16.1[0ms | running loss [36m0.060369[0m | [36m6206283[0m pos/sec | total time [36m399.3[0ms
Estimated time remaining in training: [36m0[0mh [36m1[0mm [36m39[0ms
LR dropped to [36m0.0000017499997[0m
superbatch [36m25[0m [[35m0.0[0m% ([36m0[0m/[36m763[0m batches, [36m6329892[0m pos/sec)]
Estimated time to end of superbatch: [36minf[0ms     [Fsuperbatch [36m25[0m [[35m16.8[0m% ([36m128[0m/[36m763[0m batches, [36m6205757[0m pos/sec)]
Estimated time to end of superbatch: [36m13.5[0ms     [Fsuperbatch [36m25[0m [[35m33.6[0m% ([36m256[0m/[36m763[0m batches, [36m6129660[0m pos/sec)]
Estimated time to end of superbatch: [36m10.9[0ms     [Fsuperbatch [36m25[0m [[35m50.3[0m% ([36m384[0m/[36m763[0m batches, [36m6147732[0m pos/sec)]
Estimated time to end of superbatch: [36m8.1[0ms     [Fsuperbatch [36m25[0m [[35m67.1[0m% ([36m512[0m/[36m763[0m batches, [36m6138000[0m pos/sec)]
Estimated time to end of superbatch: [36m5.4[0ms     [Fsuperbatch [36m25[0m [[35m83.9[0m% ([36m640[0m/[36m763[0m batches, [36m6158483[0m pos/sec)]
Estimated time to end of superbatch: [36m2.6[0ms     [Fsuperbatch [36m25[0m | time [36m16.2[0ms | running loss [36m0.060326[0m | [36m6166994[0m pos/sec | total time [36m415.5[0ms
Estimated time remaining in training: [36m0[0mh [36m1[0mm [36m23[0ms
LR dropped to [36m0.0000014199995[0m
superbatch [36m26[0m [[35m0.0[0m% ([36m0[0m/[36m763[0m batches, [36m6333636[0m pos/sec)]
Estimated time to end of superbatch: [36minf[0ms     [Fsuperbatch [36m26[0m [[35m16.8[0m% ([36m128[0m/[36m763[0m batches, [36m5821860[0m pos/sec)]
Estimated time to end of superbatch: [36m14.4[0ms     [Fsuperbatch [36m26[0m [[35m33.6[0m% ([36m256[0m/[36m763[0m batches, [36m5941138[0m pos/sec)]
Estimated time to end of superbatch: [36m11.2[0ms     [Fsuperbatch [36m26[0m [[35m50.3[0m% ([36m384[0m/[36m763[0m batches, [36m5990842[0m pos/sec)]
Estimated time to end of superbatch: [36m8.3[0ms     [Fsuperbatch [36m26[0m [[35m67.1[0m% ([36m512[0m/[36m763[0m batches, [36m6042103[0m pos/sec)]
Estimated time to end of superbatch: [36m5.5[0ms     [Fsuperbatch [36m26[0m [[35m83.9[0m% ([36m640[0m/[36m763[0m batches, [36m6064873[0m pos/sec)]
Estimated time to end of superbatch: [36m2.7[0ms     [Fsuperbatch [36m26[0m | time [36m16.4[0ms | running loss [36m0.060435[0m | [36m6083784[0m pos/sec | total time [36m431.9[0ms
Estimated time remaining in training: [36m0[0mh [36m1[0mm [36m6[0ms
LR dropped to [36m0.0000010900003[0m
superbatch [36m27[0m [[35m0.0[0m% ([36m0[0m/[36m763[0m batches, [36m6333762[0m pos/sec)]
Estimated time to end of superbatch: [36minf[0ms     [Fsuperbatch [36m27[0m [[35m16.8[0m% ([36m128[0m/[36m763[0m batches, [36m6336330[0m pos/sec)]
Estimated time to end of superbatch: [36m13.2[0ms     [Fsuperbatch [36m27[0m [[35m33.6[0m% ([36m256[0m/[36m763[0m batches, [36m6303554[0m pos/sec)]
Estimated time to end of superbatch: [36m10.6[0ms     [Fsuperbatch [36m27[0m [[35m50.3[0m% ([36m384[0m/[36m763[0m batches, [36m6312110[0m pos/sec)]
Estimated time to end of superbatch: [36m7.9[0ms     [Fsuperbatch [36m27[0m [[35m67.1[0m% ([36m512[0m/[36m763[0m batches, [36m6315671[0m pos/sec)]
Estimated time to end of superbatch: [36m5.2[0ms     [Fsuperbatch [36m27[0m [[35m83.9[0m% ([36m640[0m/[36m763[0m batches, [36m6310165[0m pos/sec)]
Estimated time to end of superbatch: [36m2.6[0ms     [Fsuperbatch [36m27[0m | time [36m16.2[0ms | running loss [36m0.060429[0m | [36m6175663[0m pos/sec | total time [36m448.1[0ms
Estimated time remaining in training: [36m0[0mh [36m0[0mm [36m49[0ms
LR dropped to [36m0.00000076000015[0m
superbatch [36m28[0m [[35m0.0[0m% ([36m0[0m/[36m763[0m batches, [36m6327670[0m pos/sec)]
Estimated time to end of superbatch: [36minf[0ms     [Fsuperbatch [36m28[0m [[35m16.8[0m% ([36m128[0m/[36m763[0m batches, [36m5162396[0m pos/sec)]
Estimated time to end of superbatch: [36m16.2[0ms     [Fsuperbatch [36m28[0m [[35m33.6[0m% ([36m256[0m/[36m763[0m batches, [36m5216308[0m pos/sec)]
Estimated time to end of superbatch: [36m12.8[0ms     [Fsuperbatch [36m28[0m [[35m50.3[0m% ([36m384[0m/[36m763[0m batches, [36m5516204[0m pos/sec)]
Estimated time to end of superbatch: [36m9.0[0ms     [Fsuperbatch [36m28[0m [[35m67.1[0m% ([36m512[0m/[36m763[0m batches, [36m5601907[0m pos/sec)]
Estimated time to end of superbatch: [36m5.9[0ms     [Fsuperbatch [36m28[0m [[35m83.9[0m% ([36m640[0m/[36m763[0m batches, [36m5649248[0m pos/sec)]
Estimated time to end of superbatch: [36m2.9[0ms     [Fsuperbatch [36m28[0m | time [36m17.7[0ms | running loss [36m0.060158[0m | [36m5657087[0m pos/sec | total time [36m465.8[0ms
Estimated time remaining in training: [36m0[0mh [36m0[0mm [36m33[0ms
LR dropped to [36m0.00000043[0m
superbatch [36m29[0m [[35m0.0[0m% ([36m0[0m/[36m763[0m batches, [36m6338610[0m pos/sec)]
Estimated time to end of superbatch: [36minf[0ms     [Fsuperbatch [36m29[0m [[35m16.8[0m% ([36m128[0m/[36m763[0m batches, [36m5724336[0m pos/sec)]
Estimated time to end of superbatch: [36m14.7[0ms     [Fsuperbatch [36m29[0m [[35m33.6[0m% ([36m256[0m/[36m763[0m batches, [36m5746701[0m pos/sec)]
Estimated time to end of superbatch: [36m11.6[0ms     [Fsuperbatch [36m29[0m [[35m50.3[0m% ([36m384[0m/[36m763[0m batches, [36m5751346[0m pos/sec)]
Estimated time to end of superbatch: [36m8.7[0ms     [Fsuperbatch [36m29[0m [[35m67.1[0m% ([36m512[0m/[36m763[0m batches, [36m5844752[0m pos/sec)]
Estimated time to end of superbatch: [36m5.6[0ms     [Fsuperbatch [36m29[0m [[35m83.9[0m% ([36m640[0m/[36m763[0m batches, [36m5934476[0m pos/sec)]
Estimated time to end of superbatch: [36m2.7[0ms     [Fsuperbatch [36m29[0m | time [36m16.8[0ms | running loss [36m0.060437[0m | [36m5963239[0m pos/sec | total time [36m482.6[0ms
Estimated time remaining in training: [36m0[0mh [36m0[0mm [36m16[0ms
LR dropped to [36m0.0000001[0m
superbatch [36m30[0m [[35m0.0[0m% ([36m0[0m/[36m763[0m batches, [36m6317250[0m pos/sec)]
Estimated time to end of superbatch: [36minf[0ms     [Fsuperbatch [36m30[0m [[35m16.8[0m% ([36m128[0m/[36m763[0m batches, [36m5598506[0m pos/sec)]
Estimated time to end of superbatch: [36m15.0[0ms     [Fsuperbatch [36m30[0m [[35m33.6[0m% ([36m256[0m/[36m763[0m batches, [36m5736634[0m pos/sec)]
Estimated time to end of superbatch: [36m11.6[0ms     [Fsuperbatch [36m30[0m [[35m50.3[0m% ([36m384[0m/[36m763[0m batches, [36m5794744[0m pos/sec)]
Estimated time to end of superbatch: [36m8.6[0ms     [Fsuperbatch [36m30[0m [[35m67.1[0m% ([36m512[0m/[36m763[0m batches, [36m5865365[0m pos/sec)]
Estimated time to end of superbatch: [36m5.6[0ms     [Fsuperbatch [36m30[0m [[35m83.9[0m% ([36m640[0m/[36m763[0m batches, [36m5843926[0m pos/sec)]
Estimated time to end of superbatch: [36m2.8[0ms     [Fsuperbatch [36m30[0m | time [36m18.5[0ms | running loss [36m0.060355[0m | [36m5419401[0m pos/sec | total time [36m501.0[0ms
Estimated time remaining in training: [36m0[0mh [36m0[0mm [36m0[0ms
Saved [anna-v3b-s2-30]
Total Training Time: [36m0[0mh [36m8[0mm [36m23[0ms
TRAINER EVAL rnbqkbnr/pppppppp/8/8/8/8/PPPPPPPP/RNBQKBNR w KQkq - 0 1 : 29.8
TRAINER EVAL rnbqkbnr/pppppppp/8/8/8/8/PPPPPPPP/RNBQKBN1 w Qkq - 0 1 : -1628.4
TRAINER EVAL rnbqkbn1/pppppppp/8/8/8/8/PPPPPPPP/RNBQKBNR w KQq - 0 1 : 1746.1
TRAINER EVAL r3k2r/p1ppqpb1/bn2pnp1/3PN3/1p2P3/2N2Q1p/PPPBBPPP/R3K2R w KQkq - 0 1 : -399.2
TRAINER EVAL r1bqkb1r/pp2bppp/2n2n2/2pp4/3P4/2PBPN2/PP1N1PPP/R2QK2R w KQ - 0 9 : -1772.2
TRAINER EVAL 8/2p5/3p4/KP5r/1R3p1k/8/4P1P1/8 w - - 0 1 : 13.4
done
