Indexing opening suite...
Started game 1 of 100000 (new vs base)
Started game 3 of 100000 (new vs base)
Started game 4 of 100000 (base vs new)
Started game 2 of 100000 (base vs new)
Finished game 2 (base vs new): 1/2-1/2 {Draw by 3-fold repetition}
Started game 5 of 100000 (new vs base)
Finished game 3 (new vs base): 1-0 {White mates}
Started game 6 of 100000 (base vs new)
Finished game 4 (base vs new): 1/2-1/2 {Draw by insufficient mating material}
Started game 7 of 100000 (new vs base)
Finished game 5 (new vs base): 1-0 {White mates}
Started game 8 of 100000 (base vs new)
Finished game 6 (base vs new): 1-0 {White mates}
Started game 9 of 100000 (new vs base)
Finished game 7 (new vs base): 1/2-1/2 {Draw by insufficient mating material}
Started game 10 of 100000 (base vs new)
Finished game 1 (new vs base): 1-0 {White mates}
Started game 11 of 100000 (new vs base)
Finished game 8 (base vs new): 1-0 {White mates}
Started game 12 of 100000 (base vs new)
Finished game 9 (new vs base): 1/2-1/2 {Draw by 3-fold repetition}
Started game 13 of 100000 (new vs base)
Finished game 10 (base vs new): 0-1 {Black mates}
Started game 14 of 100000 (base vs new)
Finished game 11 (new vs base): 1/2-1/2 {Draw by fifty moves rule}
Started game 15 of 100000 (new vs base)
Finished game 12 (base vs new): 1/2-1/2 {Draw by 3-fold repetition}
Started game 16 of 100000 (base vs new)
Finished game 13 (new vs base): 0-1 {Black mates}
Started game 17 of 100000 (new vs base)
Finished game 14 (base vs new): 1/2-1/2 {Draw by 3-fold repetition}
Started game 18 of 100000 (base vs new)
Finished game 15 (new vs base): 0-1 {Black mates}
Started game 19 of 100000 (new vs base)
Finished game 18 (base vs new): 1-0 {White mates}
Started game 20 of 100000 (base vs new)
Finished game 17 (new vs base): 1/2-1/2 {Draw by 3-fold repetition}
Started game 21 of 100000 (new vs base)
Finished game 16 (base vs new): 1/2-1/2 {Draw by insufficient mating material}
Started game 22 of 100000 (base vs new)
Finished game 19 (new vs base): 0-1 {Black mates}
Started game 23 of 100000 (new vs base)
Finished game 20 (base vs new): 1/2-1/2 {Draw by fifty moves rule}
Started game 24 of 100000 (base vs new)
Finished game 22 (base vs new): 1-0 {White mates}
Started game 25 of 100000 (new vs base)
Finished game 23 (new vs base): 1-0 {White mates}
Started game 26 of 100000 (base vs new)
Finished game 21 (new vs base): 1/2-1/2 {Draw by 3-fold repetition}
Started game 27 of 100000 (new vs base)
Finished game 24 (base vs new): 1-0 {White mates}
Started game 28 of 100000 (base vs new)
Finished game 26 (base vs new): 0-1 {Black mates}
Started game 29 of 100000 (new vs base)
Finished game 25 (new vs base): 0-1 {Black mates}
Started game 30 of 100000 (base vs new)
Finished game 27 (new vs base): 0-1 {Black mates}
Started game 31 of 100000 (new vs base)
Finished game 28 (base vs new): 0-1 {Black mates}
Started game 32 of 100000 (base vs new)
Finished game 29 (new vs base): 0-1 {Black mates}
Started game 33 of 100000 (new vs base)
Finished game 31 (new vs base): 1/2-1/2 {Draw by insufficient mating material}
Started game 34 of 100000 (base vs new)
Finished game 30 (base vs new): 1/2-1/2 {Draw by fifty moves rule}
Started game 35 of 100000 (new vs base)
Finished game 32 (base vs new): 1/2-1/2 {Draw by 3-fold repetition}
Started game 36 of 100000 (base vs new)
Finished game 33 (new vs base): 1/2-1/2 {Draw by 3-fold repetition}
Started game 37 of 100000 (new vs base)
Finished game 34 (base vs new): 0-1 {Black mates}
Started game 38 of 100000 (base vs new)
Finished game 35 (new vs base): 1/2-1/2 {Draw by 3-fold repetition}
Started game 39 of 100000 (new vs base)
Finished game 36 (base vs new): 1-0 {White mates}
Started game 40 of 100000 (base vs new)
Finished game 37 (new vs base): 0-1 {Black mates}
Started game 41 of 100000 (new vs base)
Finished game 38 (base vs new): 1/2-1/2 {Draw by insufficient mating material}
Started game 42 of 100000 (base vs new)
Finished game 41 (new vs base): 1-0 {White mates}
Started game 43 of 100000 (new vs base)
Finished game 39 (new vs base): 1/2-1/2 {Draw by fifty moves rule}
Started game 44 of 100000 (base vs new)
Finished game 40 (base vs new): 1/2-1/2 {Draw by insufficient mating material}
--------------------------------------------------
Results of new vs base (4+0.04, 1t, 16MB, UHO_Lichess_4852_v1.epd):
Elo: -43.66 +/- 59.90, nElo: -80.13 +/- 107.67
LOS: 7.23 %, DrawRatio: 35.00 %, PairsRatio: 0.44
Games: 40, Wins: 8, Losses: 13, Draws: 19, Points: 17.5 (43.75 %)
Ptnml(0-2): [0, 9, 7, 4, 0], WL/DD Ratio: 1.33
LLR: -0.13 (-4.4%) (-2.94, 2.94) [0.00, 5.00]
--------------------------------------------------
Started game 45 of 100000 (new vs base)
Finished game 42 (base vs new): 1-0 {White mates}
Started game 46 of 100000 (base vs new)
Finished game 43 (new vs base): 0-1 {Black mates}
Started game 47 of 100000 (new vs base)
Finished game 45 (new vs base): 1-0 {White mates}
Started game 48 of 100000 (base vs new)
Finished game 44 (base vs new): 1/2-1/2 {Draw by 3-fold repetition}
Started game 49 of 100000 (new vs base)
Finished game 46 (base vs new): 1/2-1/2 {Draw by 3-fold repetition}
Started game 50 of 100000 (base vs new)
Finished game 47 (new vs base): 1-0 {White mates}
Started game 51 of 100000 (new vs base)
Finished game 49 (new vs base): 1-0 {White mates}
Started game 52 of 100000 (base vs new)
Finished game 48 (base vs new): 1-0 {White mates}
Started game 53 of 100000 (new vs base)
Finished game 50 (base vs new): 0-1 {Black mates}
Started game 54 of 100000 (base vs new)
Finished game 51 (new vs base): 0-1 {Black mates}
Started game 55 of 100000 (new vs base)
Finished game 52 (base vs new): 0-1 {Black mates}
Started game 56 of 100000 (base vs new)
Finished game 54 (base vs new): 1-0 {White mates}
Started game 57 of 100000 (new vs base)
Finished game 53 (new vs base): 1-0 {White mates}
Started game 58 of 100000 (base vs new)
Finished game 55 (new vs base): 0-1 {Black mates}
Started game 59 of 100000 (new vs base)
Finished game 57 (new vs base): 1/2-1/2 {Draw by 3-fold repetition}
Started game 60 of 100000 (base vs new)
Finished game 58 (base vs new): 1-0 {White mates}
Started game 61 of 100000 (new vs base)
Finished game 56 (base vs new): 1/2-1/2 {Draw by fifty moves rule}
Started game 62 of 100000 (base vs new)
Finished game 59 (new vs base): 1/2-1/2 {Draw by insufficient mating material}
Started game 63 of 100000 (new vs base)
Finished game 61 (new vs base): 0-1 {Black mates}
Started game 64 of 100000 (base vs new)
Finished game 62 (base vs new): 1/2-1/2 {Draw by 3-fold repetition}
Started game 65 of 100000 (new vs base)
Finished game 60 (base vs new): 1/2-1/2 {Draw by fifty moves rule}
Started game 66 of 100000 (base vs new)
Finished game 63 (new vs base): 1/2-1/2 {Draw by 3-fold repetition}
Started game 67 of 100000 (new vs base)
Finished game 64 (base vs new): 0-1 {Black mates}
Started game 68 of 100000 (base vs new)
Finished game 66 (base vs new): 1/2-1/2 {Draw by 3-fold repetition}
Started game 69 of 100000 (new vs base)
Finished game 65 (new vs base): 0-1 {Black mates}
Started game 70 of 100000 (base vs new)
Finished game 67 (new vs base): 1-0 {White mates}
Started game 71 of 100000 (new vs base)
Finished game 68 (base vs new): 0-1 {Black mates}
Started game 72 of 100000 (base vs new)
Finished game 70 (base vs new): 1-0 {White mates}
Started game 73 of 100000 (new vs base)
Finished game 69 (new vs base): 1/2-1/2 {Draw by 3-fold repetition}
Started game 74 of 100000 (base vs new)
Finished game 71 (new vs base): 1/2-1/2 {Draw by insufficient mating material}
Started game 75 of 100000 (new vs base)
Finished game 72 (base vs new): 0-1 {Black mates}
Started game 76 of 100000 (base vs new)
Finished game 73 (new vs base): 0-1 {Black mates}
Started game 77 of 100000 (new vs base)
Finished game 74 (base vs new): 0-1 {Black mates}
Started game 78 of 100000 (base vs new)
Finished game 76 (base vs new): 1/2-1/2 {Draw by 3-fold repetition}
Started game 79 of 100000 (new vs base)
Finished game 77 (new vs base): 1-0 {White mates}
Started game 80 of 100000 (base vs new)
Finished game 75 (new vs base): 1/2-1/2 {Draw by fifty moves rule}
Started game 81 of 100000 (new vs base)
Finished game 78 (base vs new): 1-0 {White mates}
Started game 82 of 100000 (base vs new)
Finished game 80 (base vs new): 1/2-1/2 {Draw by 3-fold repetition}
Started game 83 of 100000 (new vs base)
Finished game 79 (new vs base): 1/2-1/2 {Draw by fifty moves rule}
--------------------------------------------------
Results of new vs base (4+0.04, 1t, 16MB, UHO_Lichess_4852_v1.epd):
Elo: -17.39 +/- 46.71, nElo: -28.56 +/- 76.13
LOS: 23.11 %, DrawRatio: 40.00 %, PairsRatio: 0.60
Games: 80, Wins: 21, Losses: 25, Draws: 34, Points: 38.0 (47.50 %)
Ptnml(0-2): [0, 15, 16, 7, 2], WL/DD Ratio: 1.67
LLR: -0.10 (-3.4%) (-2.94, 2.94) [0.00, 5.00]
--------------------------------------------------
Started game 84 of 100000 (base vs new)
Finished game 81 (new vs base): 0-1 {Black mates}
Started game 85 of 100000 (new vs base)
Finished game 82 (base vs new): 1-0 {White mates}
Started game 86 of 100000 (base vs new)
Finished game 83 (new vs base): 1-0 {White mates}
Started game 87 of 100000 (new vs base)
Finished game 84 (base vs new): 1-0 {White mates}
Started game 88 of 100000 (base vs new)
Finished game 85 (new vs base): 1-0 {White mates}
Started game 89 of 100000 (new vs base)
Finished game 86 (base vs new): 1-0 {White mates}
Started game 90 of 100000 (base vs new)
Finished game 87 (new vs base): 1/2-1/2 {Draw by 3-fold repetition}
Started game 91 of 100000 (new vs base)
Finished game 88 (base vs new): 1/2-1/2 {Draw by insufficient mating material}
Started game 92 of 100000 (base vs new)
Finished game 89 (new vs base): 1/2-1/2 {Draw by fifty moves rule}
Started game 93 of 100000 (new vs base)
Finished game 90 (base vs new): 1-0 {White mates}
Started game 94 of 100000 (base vs new)
Finished game 92 (base vs new): 1-0 {White mates}
Started game 95 of 100000 (new vs base)
Finished game 91 (new vs base): 1-0 {White mates}
Started game 96 of 100000 (base vs new)
Finished game 93 (new vs base): 1-0 {White mates}
Started game 97 of 100000 (new vs base)
Finished game 94 (base vs new): 1/2-1/2 {Draw by fifty moves rule}
Started game 98 of 100000 (base vs new)
Finished game 95 (new vs base): 1/2-1/2 {Draw by 3-fold repetition}
Started game 99 of 100000 (new vs base)
Finished game 96 (base vs new): 1/2-1/2 {Draw by 3-fold repetition}
Started game 100 of 100000 (base vs new)
Finished game 97 (new vs base): 0-1 {Black mates}
Started game 101 of 100000 (new vs base)
Finished game 98 (base vs new): 1-0 {White mates}
Started game 102 of 100000 (base vs new)
Finished game 99 (new vs base): 1-0 {White mates}
Started game 103 of 100000 (new vs base)
Finished game 100 (base vs new): 1-0 {White mates}
Started game 104 of 100000 (base vs new)
Finished game 101 (new vs base): 1-0 {White mates}
Started game 105 of 100000 (new vs base)
Finished game 103 (new vs base): 1/2-1/2 {Draw by 3-fold repetition}
Started game 106 of 100000 (base vs new)
Finished game 102 (base vs new): 1-0 {White mates}
Started game 107 of 100000 (new vs base)
Finished game 104 (base vs new): 1-0 {White mates}
Started game 108 of 100000 (base vs new)
Finished game 105 (new vs base): 0-1 {Black mates}
Started game 109 of 100000 (new vs base)
Finished game 107 (new vs base): 0-1 {Black mates}
Started game 110 of 100000 (base vs new)
Finished game 106 (base vs new): 0-1 {Black mates}
Started game 111 of 100000 (new vs base)
Finished game 108 (base vs new): 1-0 {White mates}
Started game 112 of 100000 (base vs new)
Finished game 109 (new vs base): 1-0 {White mates}
Started game 113 of 100000 (new vs base)
Finished game 110 (base vs new): 1-0 {White mates}
Started game 114 of 100000 (base vs new)
Finished game 111 (new vs base): 1-0 {White mates}
Started game 115 of 100000 (new vs base)
Finished game 113 (new vs base): 1/2-1/2 {Draw by 3-fold repetition}
Started game 116 of 100000 (base vs new)
Finished game 112 (base vs new): 1/2-1/2 {Draw by fifty moves rule}
Started game 117 of 100000 (new vs base)
Finished game 114 (base vs new): 1/2-1/2 {Draw by 3-fold repetition}
Started game 118 of 100000 (base vs new)
Finished game 115 (new vs base): 1-0 {White mates}
Started game 119 of 100000 (new vs base)
Finished game 117 (new vs base): 1-0 {White mates}
Started game 120 of 100000 (base vs new)
Finished game 116 (base vs new): 1/2-1/2 {Draw by insufficient mating material}
Started game 121 of 100000 (new vs base)
Finished game 119 (new vs base): 1/2-1/2 {Draw by insufficient mating material}
Started game 122 of 100000 (base vs new)
Finished game 118 (base vs new): 1/2-1/2 {Draw by fifty moves rule}
Started game 123 of 100000 (new vs base)
Finished game 120 (base vs new): 1-0 {White mates}
--------------------------------------------------
Results of new vs base (4+0.04, 1t, 16MB, UHO_Lichess_4852_v1.epd):
Elo: -26.11 +/- 39.57, nElo: -41.35 +/- 62.16
LOS: 9.62 %, DrawRatio: 43.33 %, PairsRatio: 0.62
Games: 120, Wins: 32, Losses: 41, Draws: 47, Points: 55.5 (46.25 %)
Ptnml(0-2): [3, 18, 26, 11, 2], WL/DD Ratio: 1.89
LLR: -0.21 (-7.2%) (-2.94, 2.94) [0.00, 5.00]
--------------------------------------------------
Started game 124 of 100000 (base vs new)
Finished game 121 (new vs base): 1-0 {White mates}
Started game 125 of 100000 (new vs base)
Finished game 123 (new vs base): 1/2-1/2 {Draw by 3-fold repetition}
Started game 126 of 100000 (base vs new)
Finished game 122 (base vs new): 1/2-1/2 {Draw by insufficient mating material}
Started game 127 of 100000 (new vs base)
Finished game 124 (base vs new): 0-1 {Black mates}
Started game 128 of 100000 (base vs new)
Finished game 125 (new vs base): 1/2-1/2 {Draw by insufficient mating material}
Started game 129 of 100000 (new vs base)
Finished game 126 (base vs new): 0-1 {Black mates}
Started game 130 of 100000 (base vs new)
Finished game 127 (new vs base): 1-0 {White mates}
Started game 131 of 100000 (new vs base)
Finished game 128 (base vs new): 0-1 {Black mates}
Started game 132 of 100000 (base vs new)
Finished game 129 (new vs base): 1-0 {White mates}
Started game 133 of 100000 (new vs base)
Finished game 130 (base vs new): 0-1 {Black mates}
Started game 134 of 100000 (base vs new)
Finished game 131 (new vs base): 1-0 {White mates}
Started game 135 of 100000 (new vs base)
Finished game 133 (new vs base): 1/2-1/2 {Draw by 3-fold repetition}
Started game 136 of 100000 (base vs new)
Finished game 132 (base vs new): 1/2-1/2 {Draw by 3-fold repetition}
Started game 137 of 100000 (new vs base)
Finished game 134 (base vs new): 1/2-1/2 {Draw by insufficient mating material}
Started game 138 of 100000 (base vs new)
Finished game 135 (new vs base): 1-0 {White mates}
Started game 139 of 100000 (new vs base)
Finished game 137 (new vs base): 1-0 {White mates}
Started game 140 of 100000 (base vs new)
Finished game 136 (base vs new): 1-0 {White mates}
Started game 141 of 100000 (new vs base)
Finished game 139 (new vs base): 1/2-1/2 {Draw by 3-fold repetition}
Started game 142 of 100000 (base vs new)
Finished game 138 (base vs new): 1-0 {White mates}
Started game 143 of 100000 (new vs base)
Finished game 140 (base vs new): 1-0 {White mates}
Started game 144 of 100000 (base vs new)
Finished game 141 (new vs base): 1/2-1/2 {Draw by fifty moves rule}
Started game 145 of 100000 (new vs base)
Finished game 142 (base vs new): 0-1 {Black mates}
Started game 146 of 100000 (base vs new)
Finished game 143 (new vs base): 0-1 {Black mates}
Started game 147 of 100000 (new vs base)
Finished game 144 (base vs new): 1-0 {White mates}
Started game 148 of 100000 (base vs new)
Finished game 145 (new vs base): 1-0 {White mates}
Started game 149 of 100000 (new vs base)
Finished game 147 (new vs base): 0-1 {Black mates}
Started game 150 of 100000 (base vs new)
Finished game 146 (base vs new): 1-0 {White mates}
Started game 151 of 100000 (new vs base)
Finished game 148 (base vs new): 0-1 {Black mates}
Started game 152 of 100000 (base vs new)
Finished game 149 (new vs base): 1-0 {White mates}
Started game 153 of 100000 (new vs base)
Finished game 150 (base vs new): 1-0 {White mates}
Started game 154 of 100000 (base vs new)
Finished game 151 (new vs base): 0-1 {Black mates}
Started game 155 of 100000 (new vs base)
Finished game 152 (base vs new): 0-1 {Black mates}
Started game 156 of 100000 (base vs new)
Finished game 153 (new vs base): 1/2-1/2 {Draw by 3-fold repetition}
Started game 157 of 100000 (new vs base)
Finished game 154 (base vs new): 0-1 {Black mates}
Started game 158 of 100000 (base vs new)
Finished game 156 (base vs new): 1/2-1/2 {Draw by insufficient mating material}
Started game 159 of 100000 (new vs base)
Finished game 155 (new vs base): 1/2-1/2 {Draw by insufficient mating material}
Started game 160 of 100000 (base vs new)
Finished game 157 (new vs base): 1-0 {White mates}
Started game 161 of 100000 (new vs base)
Finished game 158 (base vs new): 1-0 {White mates}
Started game 162 of 100000 (base vs new)
Finished game 159 (new vs base): 0-1 {Black mates}
Started game 163 of 100000 (new vs base)
Finished game 161 (new vs base): 1-0 {White mates}
Started game 164 of 100000 (base vs new)
Finished game 160 (base vs new): 1-0 {White mates}
--------------------------------------------------
Results of new vs base (4+0.04, 1t, 16MB, UHO_Lichess_4852_v1.epd):
Elo: -8.69 +/- 36.22, nElo: -12.97 +/- 53.83
LOS: 31.84 %, DrawRatio: 43.75 %, PairsRatio: 0.88
Games: 160, Wins: 49, Losses: 53, Draws: 58, Points: 78.0 (48.75 %)
Ptnml(0-2): [5, 19, 35, 17, 4], WL/DD Ratio: 2.18
LLR: -0.10 (-3.5%) (-2.94, 2.94) [0.00, 5.00]
--------------------------------------------------
Started game 165 of 100000 (new vs base)
Finished game 162 (base vs new): 1-0 {White mates}
Started game 166 of 100000 (base vs new)
Finished game 163 (new vs base): 1-0 {White mates}
Started game 167 of 100000 (new vs base)
Finished game 164 (base vs new): 1/2-1/2 {Draw by 3-fold repetition}
Started game 168 of 100000 (base vs new)
Finished game 165 (new vs base): 1/2-1/2 {Draw by insufficient mating material}
Started game 169 of 100000 (new vs base)
Finished game 166 (base vs new): 1/2-1/2 {Draw by 3-fold repetition}
Started game 170 of 100000 (base vs new)
Finished game 167 (new vs base): 1-0 {White mates}
Started game 171 of 100000 (new vs base)
Finished game 168 (base vs new): 0-1 {Black mates}
Started game 172 of 100000 (base vs new)
Finished game 169 (new vs base): 1/2-1/2 {Draw by 3-fold repetition}
Started game 173 of 100000 (new vs base)
Finished game 170 (base vs new): 0-1 {Black mates}
Started game 174 of 100000 (base vs new)
Finished game 172 (base vs new): 1-0 {White mates}
Started game 175 of 100000 (new vs base)
Finished game 173 (new vs base): 1-0 {White mates}
Started game 176 of 100000 (base vs new)
Finished game 171 (new vs base): 1-0 {White mates}
Started game 177 of 100000 (new vs base)
Finished game 175 (new vs base): 1/2-1/2 {Draw by 3-fold repetition}
Started game 178 of 100000 (base vs new)
Finished game 174 (base vs new): 0-1 {Black mates}
Started game 179 of 100000 (new vs base)
Finished game 176 (base vs new): 1-0 {White mates}
Started game 180 of 100000 (base vs new)
Finished game 177 (new vs base): 1-0 {White mates}
Started game 181 of 100000 (new vs base)
Finished game 179 (new vs base): 1/2-1/2 {Draw by 3-fold repetition}
Started game 182 of 100000 (base vs new)
Finished game 178 (base vs new): 0-1 {Black mates}
Started game 183 of 100000 (new vs base)
Finished game 180 (base vs new): 1-0 {White mates}
Started game 184 of 100000 (base vs new)
Finished game 181 (new vs base): 1-0 {White mates}
Started game 185 of 100000 (new vs base)
Finished game 182 (base vs new): 1/2-1/2 {Draw by 3-fold repetition}
Started game 186 of 100000 (base vs new)
Finished game 183 (new vs base): 1/2-1/2 {Draw by 3-fold repetition}
Started game 187 of 100000 (new vs base)
Finished game 184 (base vs new): 1-0 {White mates}
Started game 188 of 100000 (base vs new)
Finished game 185 (new vs base): 1/2-1/2 {Draw by fifty moves rule}
Started game 189 of 100000 (new vs base)
Finished game 186 (base vs new): 1/2-1/2 {Draw by stalemate}
Started game 190 of 100000 (base vs new)
Finished game 188 (base vs new): 1-0 {White mates}
Started game 191 of 100000 (new vs base)
Finished game 187 (new vs base): 1/2-1/2 {Draw by 3-fold repetition}
Started game 192 of 100000 (base vs new)
Finished game 191 (new vs base): 0-1 {Black mates}
Started game 193 of 100000 (new vs base)
Finished game 189 (new vs base): 1/2-1/2 {Draw by fifty moves rule}
Started game 194 of 100000 (base vs new)
Finished game 192 (base vs new): 0-1 {Black mates}
Started game 195 of 100000 (new vs base)
Finished game 190 (base vs new): 0-1 {Black mates}
Started game 196 of 100000 (base vs new)
Finished game 193 (new vs base): 1-0 {White mates}
Started game 197 of 100000 (new vs base)
Finished game 194 (base vs new): 1-0 {White mates}
Started game 198 of 100000 (base vs new)
Finished game 195 (new vs base): 0-1 {Black mates}
Started game 199 of 100000 (new vs base)
Finished game 196 (base vs new): 0-1 {Black mates}
Started game 200 of 100000 (base vs new)
Finished game 198 (base vs new): 0-1 {Black mates}
Started game 201 of 100000 (new vs base)
Finished game 197 (new vs base): 0-1 {Black mates}
Started game 202 of 100000 (base vs new)
Finished game 200 (base vs new): 0-1 {Black mates}
Started game 203 of 100000 (new vs base)
Finished game 199 (new vs base): 0-1 {Black mates}
--------------------------------------------------
Results of new vs base (4+0.04, 1t, 16MB, UHO_Lichess_4852_v1.epd):
Elo: 3.47 +/- 32.75, nElo: 5.12 +/- 48.15
LOS: 58.26 %, DrawRatio: 44.00 %, PairsRatio: 1.00
Games: 200, Wins: 66, Losses: 64, Draws: 70, Points: 101.0 (50.50 %)
Ptnml(0-2): [5, 23, 44, 21, 7], WL/DD Ratio: 2.38
LLR: 0.02 (0.7%) (-2.94, 2.94) [0.00, 5.00]
--------------------------------------------------
Started game 204 of 100000 (base vs new)
Finished game 201 (new vs base): 0-1 {Black mates}
Started game 205 of 100000 (new vs base)
Finished game 203 (new vs base): 0-1 {Black mates}
Started game 206 of 100000 (base vs new)
Finished game 202 (base vs new): 0-1 {Black mates}
Started game 207 of 100000 (new vs base)
Finished game 204 (base vs new): 0-1 {Black mates}
Started game 208 of 100000 (base vs new)
Finished game 206 (base vs new): 0-1 {Black mates}
Started game 209 of 100000 (new vs base)
Finished game 205 (new vs base): 1/2-1/2 {Draw by 3-fold repetition}
Started game 210 of 100000 (base vs new)
Finished game 208 (base vs new): 1/2-1/2 {Draw by 3-fold repetition}
Started game 211 of 100000 (new vs base)
Finished game 207 (new vs base): 1-0 {White mates}
Started game 212 of 100000 (base vs new)
Finished game 209 (new vs base): 0-1 {Black mates}
Started game 213 of 100000 (new vs base)
Finished game 212 (base vs new): 1/2-1/2 {Draw by 3-fold repetition}
Started game 214 of 100000 (base vs new)
Finished game 211 (new vs base): 0-1 {Black mates}
Started game 215 of 100000 (new vs base)
Finished game 210 (base vs new): 1-0 {White mates}
Started game 216 of 100000 (base vs new)
Finished game 214 (base vs new): 1-0 {White mates}
Started game 217 of 100000 (new vs base)
Finished game 215 (new vs base): 1/2-1/2 {Draw by insufficient mating material}
Started game 218 of 100000 (base vs new)
Finished game 213 (new vs base): 0-1 {Black mates}
Started game 219 of 100000 (new vs base)
Finished game 216 (base vs new): 1-0 {White mates}
Started game 220 of 100000 (base vs new)
Finished game 218 (base vs new): 1-0 {White mates}
Started game 221 of 100000 (new vs base)
Finished game 217 (new vs base): 1/2-1/2 {Draw by 3-fold repetition}
Started game 222 of 100000 (base vs new)
Finished game 219 (new vs base): 1-0 {White mates}
Started game 223 of 100000 (new vs base)
Finished game 220 (base vs new): 1/2-1/2 {Draw by 3-fold repetition}
Started game 224 of 100000 (base vs new)
Finished game 222 (base vs new): 0-1 {Black mates}
Started game 225 of 100000 (new vs base)
Finished game 221 (new vs base): 0-1 {Black mates}
Started game 226 of 100000 (base vs new)
Finished game 223 (new vs base): 1/2-1/2 {Draw by fifty moves rule}
Started game 227 of 100000 (new vs base)
Finished game 224 (base vs new): 1/2-1/2 {Draw by insufficient mating material}
Started game 228 of 100000 (base vs new)
Finished game 225 (new vs base): 1-0 {White mates}
Started game 229 of 100000 (new vs base)
Finished game 226 (base vs new): 0-1 {Black mates}
Started game 230 of 100000 (base vs new)
Finished game 227 (new vs base): 0-1 {Black mates}
Started game 231 of 100000 (new vs base)
Finished game 228 (base vs new): 0-1 {Black mates}
Started game 232 of 100000 (base vs new)
Finished game 229 (new vs base): 1-0 {White mates}
Started game 233 of 100000 (new vs base)
Finished game 230 (base vs new): 1-0 {White mates}
Started game 234 of 100000 (base vs new)
Finished game 231 (new vs base): 1-0 {White mates}
Started game 235 of 100000 (new vs base)
Finished game 232 (base vs new): 1-0 {White mates}
Started game 236 of 100000 (base vs new)
Finished game 233 (new vs base): 1-0 {White mates}
Started game 237 of 100000 (new vs base)
Finished game 234 (base vs new): 1-0 {White mates}
Started game 238 of 100000 (base vs new)
Finished game 235 (new vs base): 1/2-1/2 {Draw by insufficient mating material}
Started game 239 of 100000 (new vs base)
Finished game 236 (base vs new): 1/2-1/2 {Draw by 3-fold repetition}
Started game 240 of 100000 (base vs new)
Finished game 237 (new vs base): 0-1 {Black mates}
Started game 241 of 100000 (new vs base)
Finished game 238 (base vs new): 0-1 {Black mates}
Started game 242 of 100000 (base vs new)
Finished game 239 (new vs base): 0-1 {Black mates}
Started game 243 of 100000 (new vs base)
Finished game 240 (base vs new): 1-0 {White mates}
--------------------------------------------------
Results of new vs base (4+0.04, 1t, 16MB, UHO_Lichess_4852_v1.epd):
Elo: -2.90 +/- 30.37, nElo: -4.20 +/- 43.96
LOS: 42.57 %, DrawRatio: 45.00 %, PairsRatio: 0.94
Games: 240, Wins: 79, Losses: 81, Draws: 80, Points: 119.0 (49.58 %)
Ptnml(0-2): [8, 26, 54, 24, 8], WL/DD Ratio: 2.60
LLR: -0.07 (-2.3%) (-2.94, 2.94) [0.00, 5.00]
--------------------------------------------------
Started game 244 of 100000 (base vs new)
Finished game 242 (base vs new): 1/2-1/2 {Draw by 3-fold repetition}
Started game 245 of 100000 (new vs base)
Finished game 243 (new vs base): 1/2-1/2 {Draw by 3-fold repetition}
Started game 246 of 100000 (base vs new)
Finished game 241 (new vs base): 1/2-1/2 {Draw by fifty moves rule}
Started game 247 of 100000 (new vs base)
Finished game 244 (base vs new): 0-1 {Black mates}
Started game 248 of 100000 (base vs new)
Finished game 247 (new vs base): 1-0 {White mates}
Started game 249 of 100000 (new vs base)
Finished game 245 (new vs base): 1-0 {White mates}
Started game 250 of 100000 (base vs new)
Finished game 246 (base vs new): 1-0 {White mates}
Started game 251 of 100000 (new vs base)
Finished game 248 (base vs new): 1/2-1/2 {Draw by insufficient mating material}
Started game 252 of 100000 (base vs new)
Finished game 251 (new vs base): 0-1 {Black mates}
Started game 253 of 100000 (new vs base)
Finished game 249 (new vs base): 1/2-1/2 {Draw by fifty moves rule}
Started game 254 of 100000 (base vs new)
Finished game 250 (base vs new): 1-0 {White mates}
Started game 255 of 100000 (new vs base)
Finished game 252 (base vs new): 1/2-1/2 {Draw by fifty moves rule}
Started game 256 of 100000 (base vs new)
Finished game 255 (new vs base): 1-0 {White mates}
Started game 257 of 100000 (new vs base)
Finished game 253 (new vs base): 0-1 {Black mates}
Started game 258 of 100000 (base vs new)
Finished game 254 (base vs new): 1/2-1/2 {Draw by insufficient mating material}
Started game 259 of 100000 (new vs base)
Finished game 256 (base vs new): 1-0 {White mates}
Started game 260 of 100000 (base vs new)
Finished game 257 (new vs base): 1-0 {White mates}
Started game 261 of 100000 (new vs base)
Finished game 258 (base vs new): 0-1 {Black mates}
Started game 262 of 100000 (base vs new)
Finished game 259 (new vs base): 1-0 {White mates}
Started game 263 of 100000 (new vs base)
Finished game 261 (new vs base): 1/2-1/2 {Draw by 3-fold repetition}
Started game 264 of 100000 (base vs new)
Finished game 260 (base vs new): 1/2-1/2 {Draw by 3-fold repetition}
Started game 265 of 100000 (new vs base)
Finished game 262 (base vs new): 1-0 {White mates}
Started game 266 of 100000 (base vs new)
Finished game 263 (new vs base): 1-0 {White mates}
Started game 267 of 100000 (new vs base)
Finished game 264 (base vs new): 1-0 {White mates}
Started game 268 of 100000 (base vs new)
Finished game 265 (new vs base): 0-1 {Black mates}
Started game 269 of 100000 (new vs base)
Finished game 266 (base vs new): 1/2-1/2 {Draw by insufficient mating material}
Started game 270 of 100000 (base vs new)
Finished game 267 (new vs base): 1-0 {White mates}
Started game 271 of 100000 (new vs base)
Finished game 269 (new vs base): 1-0 {White mates}
Started game 272 of 100000 (base vs new)
Finished game 270 (base vs new): 1/2-1/2 {Draw by 3-fold repetition}
Started game 273 of 100000 (new vs base)
Finished game 268 (base vs new): 0-1 {Black mates}
Started game 274 of 100000 (base vs new)
Finished game 271 (new vs base): 1/2-1/2 {Draw by insufficient mating material}
Started game 275 of 100000 (new vs base)
Finished game 272 (base vs new): 1-0 {White mates}
Started game 276 of 100000 (base vs new)
Finished game 273 (new vs base): 1-0 {White mates}
Started game 277 of 100000 (new vs base)
Finished game 274 (base vs new): 1-0 {White mates}
Started game 278 of 100000 (base vs new)
Finished game 275 (new vs base): 1/2-1/2 {Draw by 3-fold repetition}
Started game 279 of 100000 (new vs base)
Finished game 276 (base vs new): 1/2-1/2 {Draw by 3-fold repetition}
Started game 280 of 100000 (base vs new)
Finished game 277 (new vs base): 0-1 {Black mates}
Started game 281 of 100000 (new vs base)
Finished game 279 (new vs base): 1/2-1/2 {Draw by insufficient mating material}
Started game 282 of 100000 (base vs new)
Finished game 278 (base vs new): 1/2-1/2 {Draw by insufficient mating material}
Started game 283 of 100000 (new vs base)
Finished game 281 (new vs base): 0-1 {Black mates}
Started game 284 of 100000 (base vs new)
Finished game 280 (base vs new): 0-1 {Black mates}
--------------------------------------------------
Results of new vs base (4+0.04, 1t, 16MB, UHO_Lichess_4852_v1.epd):
Elo: -0.00 +/- 28.21, nElo: 0.00 +/- 40.70
LOS: 50.00 %, DrawRatio: 42.86 %, PairsRatio: 0.95
Games: 280, Wins: 92, Losses: 92, Draws: 96, Points: 140.0 (50.00 %)
Ptnml(0-2): [8, 33, 60, 29, 10], WL/DD Ratio: 2.53
LLR: -0.03 (-1.0%) (-2.94, 2.94) [0.00, 5.00]
--------------------------------------------------
Started game 285 of 100000 (new vs base)
Finished game 282 (base vs new): 1/2-1/2 {Draw by fifty moves rule}
Started game 286 of 100000 (base vs new)
Finished game 284 (base vs new): 1-0 {White mates}
Started game 287 of 100000 (new vs base)
Finished game 285 (new vs base): 1/2-1/2 {Draw by insufficient mating material}
Started game 288 of 100000 (base vs new)
Finished game 283 (new vs base): 1/2-1/2 {Draw by fifty moves rule}
Started game 289 of 100000 (new vs base)
Finished game 286 (base vs new): 1/2-1/2 {Draw by 3-fold repetition}
Started game 290 of 100000 (base vs new)
Finished game 288 (base vs new): 1-0 {White mates}
Started game 291 of 100000 (new vs base)
Finished game 287 (new vs base): 0-1 {Black mates}
Started game 292 of 100000 (base vs new)
Finished game 289 (new vs base): 1/2-1/2 {Draw by fifty moves rule}
Started game 293 of 100000 (new vs base)
Finished game 290 (base vs new): 1-0 {White mates}
Started game 294 of 100000 (base vs new)
Finished game 291 (new vs base): 1-0 {White mates}
Started game 295 of 100000 (new vs base)
Finished game 292 (base vs new): 1-0 {White mates}
Started game 296 of 100000 (base vs new)
Finished game 293 (new vs base): 0-1 {Black mates}
Started game 297 of 100000 (new vs base)
Finished game 294 (base vs new): 0-1 {Black mates}
Started game 298 of 100000 (base vs new)
Finished game 296 (base vs new): 1/2-1/2 {Draw by 3-fold repetition}
Started game 299 of 100000 (new vs base)
Finished game 297 (new vs base): 1-0 {White mates}
Started game 300 of 100000 (base vs new)
Finished game 295 (new vs base): 1/2-1/2 {Draw by fifty moves rule}
Started game 301 of 100000 (new vs base)
Finished game 298 (base vs new): 1-0 {White mates}
Started game 302 of 100000 (base vs new)
Finished game 299 (new vs base): 1-0 {White mates}
Started game 303 of 100000 (new vs base)
Finished game 300 (base vs new): 1/2-1/2 {Draw by insufficient mating material}
Started game 304 of 100000 (base vs new)
Finished game 301 (new vs base): 1-0 {White mates}
Started game 305 of 100000 (new vs base)
Finished game 302 (base vs new): 1-0 {White mates}
Started game 306 of 100000 (base vs new)
Finished game 303 (new vs base): 1-0 {White mates}
Started game 307 of 100000 (new vs base)
Finished game 304 (base vs new): 1-0 {White mates}
Started game 308 of 100000 (base vs new)
Finished game 305 (new vs base): 1/2-1/2 {Draw by 3-fold repetition}
Started game 309 of 100000 (new vs base)
Finished game 306 (base vs new): 1-0 {White mates}
Started game 310 of 100000 (base vs new)
Finished game 307 (new vs base): 1-0 {White mates}
Started game 311 of 100000 (new vs base)
Finished game 308 (base vs new): 0-1 {Black mates}
Started game 312 of 100000 (base vs new)
Finished game 310 (base vs new): 1-0 {White mates}
Started game 313 of 100000 (new vs base)
Finished game 309 (new vs base): 0-1 {Black mates}
Started game 314 of 100000 (base vs new)
Finished game 311 (new vs base): 0-1 {Black mates}
Started game 315 of 100000 (new vs base)
Finished game 312 (base vs new): 0-1 {Black mates}
Started game 316 of 100000 (base vs new)
Finished game 313 (new vs base): 1-0 {White mates}
Started game 317 of 100000 (new vs base)
Finished game 314 (base vs new): 1-0 {White mates}
Started game 318 of 100000 (base vs new)
Finished game 315 (new vs base): 1/2-1/2 {Draw by insufficient mating material}
Started game 319 of 100000 (new vs base)
Finished game 316 (base vs new): 1/2-1/2 {Draw by fifty moves rule}
Started game 320 of 100000 (base vs new)
Finished game 319 (new vs base): 1/2-1/2 {Draw by 3-fold repetition}
Started game 321 of 100000 (new vs base)
Finished game 317 (new vs base): 1-0 {White mates}
Started game 322 of 100000 (base vs new)
Finished game 318 (base vs new): 1-0 {White mates}
Started game 323 of 100000 (new vs base)
Finished game 320 (base vs new): 0-1 {Black mates}
--------------------------------------------------
Results of new vs base (4+0.04, 1t, 16MB, UHO_Lichess_4852_v1.epd):
Elo: -4.34 +/- 26.28, nElo: -6.30 +/- 38.07
LOS: 37.28 %, DrawRatio: 44.38 %, PairsRatio: 0.89
Games: 320, Wins: 104, Losses: 108, Draws: 108, Points: 158.0 (49.38 %)
Ptnml(0-2): [10, 37, 71, 31, 11], WL/DD Ratio: 2.55
LLR: -0.12 (-4.0%) (-2.94, 2.94) [0.00, 5.00]
--------------------------------------------------
Started game 324 of 100000 (base vs new)
Finished game 322 (base vs new): 1-0 {White mates}
Started game 325 of 100000 (new vs base)
Finished game 321 (new vs base): 0-1 {Black mates}
Started game 326 of 100000 (base vs new)
Finished game 323 (new vs base): 0-1 {Black mates}
Started game 327 of 100000 (new vs base)
Finished game 324 (base vs new): 0-1 {Black mates}
Started game 328 of 100000 (base vs new)
Finished game 325 (new vs base): 1/2-1/2 {Draw by insufficient mating material}
Started game 329 of 100000 (new vs base)
Finished game 326 (base vs new): 1/2-1/2 {Draw by 3-fold repetition}
Started game 330 of 100000 (base vs new)
Finished game 327 (new vs base): 1-0 {White mates}
Started game 331 of 100000 (new vs base)
Finished game 328 (base vs new): 1/2-1/2 {Draw by insufficient mating material}
Started game 332 of 100000 (base vs new)
Finished game 329 (new vs base): 1/2-1/2 {Draw by insufficient mating material}
Started game 333 of 100000 (new vs base)
Finished game 330 (base vs new): 1-0 {White mates}
Started game 334 of 100000 (base vs new)
Finished game 331 (new vs base): 1-0 {White mates}
Started game 335 of 100000 (new vs base)
Finished game 332 (base vs new): 1-0 {White mates}
Started game 336 of 100000 (base vs new)
Finished game 334 (base vs new): 0-1 {Black mates}
Started game 337 of 100000 (new vs base)
Finished game 333 (new vs base): 1-0 {White mates}
Started game 338 of 100000 (base vs new)
Finished game 335 (new vs base): 1/2-1/2 {Draw by fifty moves rule}
Started game 339 of 100000 (new vs base)
Finished game 336 (base vs new): 1-0 {White mates}
Started game 340 of 100000 (base vs new)
Finished game 337 (new vs base): 0-1 {Black mates}
Started game 341 of 100000 (new vs base)
Finished game 338 (base vs new): 0-1 {Black mates}
Started game 342 of 100000 (base vs new)
Finished game 339 (new vs base): 1-0 {White mates}
Started game 343 of 100000 (new vs base)
Finished game 340 (base vs new): 1-0 {White mates}
Started game 344 of 100000 (base vs new)
Finished game 341 (new vs base): 1/2-1/2 {Draw by 3-fold repetition}
Started game 345 of 100000 (new vs base)
Finished game 342 (base vs new): 1/2-1/2 {Draw by 3-fold repetition}
Started game 346 of 100000 (base vs new)
Finished game 343 (new vs base): 1-0 {White mates}
Started game 347 of 100000 (new vs base)
Finished game 345 (new vs base): 1-0 {White mates}
Started game 348 of 100000 (base vs new)
Finished game 344 (base vs new): 1-0 {White mates}
Started game 349 of 100000 (new vs base)
Finished game 346 (base vs new): 1-0 {White mates}
Started game 350 of 100000 (base vs new)
Finished game 347 (new vs base): 1-0 {White mates}
Started game 351 of 100000 (new vs base)
Finished game 348 (base vs new): 1/2-1/2 {Draw by 3-fold repetition}
Started game 352 of 100000 (base vs new)
Finished game 349 (new vs base): 1-0 {White mates}
Started game 353 of 100000 (new vs base)
Finished game 350 (base vs new): 1/2-1/2 {Draw by 3-fold repetition}
Started game 354 of 100000 (base vs new)
Finished game 352 (base vs new): 1-0 {White mates}
Started game 355 of 100000 (new vs base)
Finished game 351 (new vs base): 1-0 {White mates}
Started game 356 of 100000 (base vs new)
Finished game 353 (new vs base): 1-0 {White mates}
Started game 357 of 100000 (new vs base)
Finished game 354 (base vs new): 1-0 {White mates}
Started game 358 of 100000 (base vs new)
Finished game 356 (base vs new): 1/2-1/2 {Draw by 3-fold repetition}
Started game 359 of 100000 (new vs base)
Finished game 355 (new vs base): 1-0 {White mates}
Started game 360 of 100000 (base vs new)
Finished game 357 (new vs base): 1/2-1/2 {Draw by insufficient mating material}
Started game 361 of 100000 (new vs base)
Finished game 359 (new vs base): 0-1 {Black mates}
Started game 362 of 100000 (base vs new)
Finished game 358 (base vs new): 1/2-1/2 {Draw by 3-fold repetition}
Started game 363 of 100000 (new vs base)
Finished game 360 (base vs new): 1-0 {White mates}
--------------------------------------------------
Results of new vs base (4+0.04, 1t, 16MB, UHO_Lichess_4852_v1.epd):
Elo: -3.86 +/- 24.70, nElo: -5.62 +/- 35.89
LOS: 37.95 %, DrawRatio: 45.56 %, PairsRatio: 0.92
Games: 360, Wins: 118, Losses: 122, Draws: 120, Points: 178.0 (49.44 %)
Ptnml(0-2): [12, 39, 82, 35, 12], WL/DD Ratio: 2.57
LLR: -0.12 (-4.1%) (-2.94, 2.94) [0.00, 5.00]
--------------------------------------------------
Started game 364 of 100000 (base vs new)
Finished game 363 (new vs base): 1-0 {White mates}
Started game 365 of 100000 (new vs base)
Finished game 361 (new vs base): 1/2-1/2 {Draw by insufficient mating material}
Started game 366 of 100000 (base vs new)
Finished game 362 (base vs new): 1-0 {White mates}
Started game 367 of 100000 (new vs base)
Finished game 364 (base vs new): 1-0 {White mates}
Started game 368 of 100000 (base vs new)
Finished game 365 (new vs base): 1-0 {White mates}
Started game 369 of 100000 (new vs base)
Finished game 367 (new vs base): 1-0 {White mates}
Started game 370 of 100000 (base vs new)
Finished game 366 (base vs new): 0-1 {Black mates}
Started game 371 of 100000 (new vs base)
Finished game 368 (base vs new): 1-0 {White mates}
Started game 372 of 100000 (base vs new)
Finished game 370 (base vs new): 1-0 {White mates}
Started game 373 of 100000 (new vs base)
Finished game 369 (new vs base): 1-0 {White mates}
Started game 374 of 100000 (base vs new)
Finished game 371 (new vs base): 1/2-1/2 {Draw by fifty moves rule}
Started game 375 of 100000 (new vs base)
Finished game 372 (base vs new): 0-1 {Black mates}
Started game 376 of 100000 (base vs new)
Finished game 374 (base vs new): 0-1 {Black mates}
Started game 377 of 100000 (new vs base)
Finished game 373 (new vs base): 1/2-1/2 {Draw by insufficient mating material}
Started game 378 of 100000 (base vs new)
Finished game 375 (new vs base): 0-1 {Black mates}
Started game 379 of 100000 (new vs base)
Finished game 376 (base vs new): 1/2-1/2 {Draw by fifty moves rule}
Started game 380 of 100000 (base vs new)
Finished game 377 (new vs base): 0-1 {Black mates}
Started game 381 of 100000 (new vs base)
Finished game 378 (base vs new): 1/2-1/2 {Draw by 3-fold repetition}
Started game 382 of 100000 (base vs new)
Finished game 379 (new vs base): 1-0 {White mates}
Started game 383 of 100000 (new vs base)
Finished game 381 (new vs base): 1-0 {White mates}
Started game 384 of 100000 (base vs new)
Finished game 382 (base vs new): 0-1 {Black mates}
Started game 385 of 100000 (new vs base)
Finished game 380 (base vs new): 1/2-1/2 {Draw by insufficient mating material}
Started game 386 of 100000 (base vs new)
Finished game 383 (new vs base): 1-0 {White mates}
Started game 387 of 100000 (new vs base)
Finished game 384 (base vs new): 1-0 {White mates}
Started game 388 of 100000 (base vs new)
Finished game 385 (new vs base): 1-0 {White mates}
Started game 389 of 100000 (new vs base)
Finished game 386 (base vs new): 1-0 {White mates}
Started game 390 of 100000 (base vs new)
Finished game 387 (new vs base): 1/2-1/2 {Draw by 3-fold repetition}
Started game 391 of 100000 (new vs base)
Finished game 388 (base vs new): 0-1 {Black mates}
Started game 392 of 100000 (base vs new)
Finished game 390 (base vs new): 1-0 {White mates}
Started game 393 of 100000 (new vs base)
Finished game 389 (new vs base): 1-0 {White mates}
Started game 394 of 100000 (base vs new)
Finished game 391 (new vs base): 1-0 {White mates}
Started game 395 of 100000 (new vs base)
Finished game 392 (base vs new): 1-0 {White mates}
Started game 396 of 100000 (base vs new)
Finished game 394 (base vs new): 0-1 {Black mates}
Started game 397 of 100000 (new vs base)
Finished game 393 (new vs base): 1/2-1/2 {Draw by 3-fold repetition}
Started game 398 of 100000 (base vs new)
Finished game 396 (base vs new): 0-1 {Black mates}
Started game 399 of 100000 (new vs base)
Finished game 395 (new vs base): 0-1 {Black mates}
Started game 400 of 100000 (base vs new)
Finished game 397 (new vs base): 0-1 {Black mates}
Started game 401 of 100000 (new vs base)
Finished game 398 (base vs new): 1/2-1/2 {Draw by fifty moves rule}
Started game 402 of 100000 (base vs new)
Finished game 400 (base vs new): 0-1 {Black mates}
Started game 403 of 100000 (new vs base)
Finished game 399 (new vs base): 1/2-1/2 {Draw by fifty moves rule}
--------------------------------------------------
Results of new vs base (4+0.04, 1t, 16MB, UHO_Lichess_4852_v1.epd):
Elo: 1.74 +/- 23.38, nElo: 2.53 +/- 34.05
LOS: 55.80 %, DrawRatio: 45.00 %, PairsRatio: 1.00
Games: 400, Wins: 136, Losses: 134, Draws: 130, Points: 201.0 (50.25 %)
Ptnml(0-2): [12, 43, 90, 41, 14], WL/DD Ratio: 2.91
LLR: 0.00 (0.0%) (-2.94, 2.94) [0.00, 5.00]
--------------------------------------------------
Started game 404 of 100000 (base vs new)
Finished game 401 (new vs base): 0-1 {Black mates}
Started game 405 of 100000 (new vs base)
Finished game 402 (base vs new): 0-1 {Black mates}
Started game 406 of 100000 (base vs new)
Finished game 403 (new vs base): 1-0 {White mates}
Started game 407 of 100000 (new vs base)
Finished game 404 (base vs new): 1/2-1/2 {Draw by 3-fold repetition}
Started game 408 of 100000 (base vs new)
Finished game 406 (base vs new): 1-0 {White mates}
Started game 409 of 100000 (new vs base)
Finished game 405 (new vs base): 1-0 {White mates}
Started game 410 of 100000 (base vs new)
Finished game 407 (new vs base): 1/2-1/2 {Draw by 3-fold repetition}
Started game 411 of 100000 (new vs base)
Finished game 408 (base vs new): 1/2-1/2 {Draw by 3-fold repetition}
Started game 412 of 100000 (base vs new)
Finished game 411 (new vs base): 0-1 {Black mates}
Started game 413 of 100000 (new vs base)
Finished game 409 (new vs base): 1-0 {White mates}
Started game 414 of 100000 (base vs new)
Finished game 410 (base vs new): 1/2-1/2 {Draw by insufficient mating material}
Started game 415 of 100000 (new vs base)
Finished game 412 (base vs new): 0-1 {Black mates}
Started game 416 of 100000 (base vs new)
Finished game 413 (new vs base): 1/2-1/2 {Draw by 3-fold repetition}
Started game 417 of 100000 (new vs base)
Finished game 414 (base vs new): 1-0 {White mates}
Started game 418 of 100000 (base vs new)
Finished game 415 (new vs base): 1-0 {White mates}
Started game 419 of 100000 (new vs base)
Finished game 416 (base vs new): 1-0 {White mates}
Started game 420 of 100000 (base vs new)
Finished game 417 (new vs base): 1-0 {White mates}
Started game 421 of 100000 (new vs base)
Finished game 418 (base vs new): 0-1 {Black mates}
Started game 422 of 100000 (base vs new)
Finished game 419 (new vs base): 0-1 {Black mates}
Started game 423 of 100000 (new vs base)
Finished game 420 (base vs new): 0-1 {Black mates}
Started game 424 of 100000 (base vs new)
Finished game 421 (new vs base): 1/2-1/2 {Draw by 3-fold repetition}
Started game 425 of 100000 (new vs base)
Finished game 422 (base vs new): 1-0 {White mates}
Started game 426 of 100000 (base vs new)
Finished game 423 (new vs base): 1-0 {White mates}
Started game 427 of 100000 (new vs base)
Finished game 424 (base vs new): 1-0 {White mates}
Started game 428 of 100000 (base vs new)
Finished game 425 (new vs base): 1-0 {White mates}
Started game 429 of 100000 (new vs base)
Finished game 426 (base vs new): 1-0 {White mates}
Started game 430 of 100000 (base vs new)
Finished game 427 (new vs base): 0-1 {Black mates}
Started game 431 of 100000 (new vs base)
Finished game 428 (base vs new): 1/2-1/2 {Draw by insufficient mating material}
Started game 432 of 100000 (base vs new)
Finished game 429 (new vs base): 1-0 {White mates}
Started game 433 of 100000 (new vs base)
Finished game 431 (new vs base): 1/2-1/2 {Draw by 3-fold repetition}
Started game 434 of 100000 (base vs new)
Finished game 430 (base vs new): 1/2-1/2 {Draw by insufficient mating material}
Started game 435 of 100000 (new vs base)
Finished game 432 (base vs new): 0-1 {Black mates}
Started game 436 of 100000 (base vs new)
Finished game 434 (base vs new): 0-1 {Black mates}
Started game 437 of 100000 (new vs base)
Finished game 433 (new vs base): 1/2-1/2 {Draw by fifty moves rule}
Started game 438 of 100000 (base vs new)
Finished game 435 (new vs base): 1/2-1/2 {Draw by 3-fold repetition}
Started game 439 of 100000 (new vs base)
Finished game 436 (base vs new): 0-1 {Black mates}
Started game 440 of 100000 (base vs new)
Finished game 437 (new vs base): 1-0 {White mates}
Started game 441 of 100000 (new vs base)
Finished game 439 (new vs base): 1/2-1/2 {Draw by insufficient mating material}
Started game 442 of 100000 (base vs new)
Finished game 438 (base vs new): 1/2-1/2 {Draw by 3-fold repetition}
Started game 443 of 100000 (new vs base)
Finished game 440 (base vs new): 0-1 {Black mates}
--------------------------------------------------
Results of new vs base (4+0.04, 1t, 16MB, UHO_Lichess_4852_v1.epd):
Elo: 7.11 +/- 22.07, nElo: 10.47 +/- 32.46
LOS: 73.64 %, DrawRatio: 44.55 %, PairsRatio: 1.10
Games: 440, Wins: 153, Losses: 144, Draws: 143, Points: 224.5 (51.02 %)
Ptnml(0-2): [12, 46, 98, 49, 15], WL/DD Ratio: 3.08
LLR: 0.15 (4.9%) (-2.94, 2.94) [0.00, 5.00]
--------------------------------------------------
Started game 444 of 100000 (base vs new)
Finished game 441 (new vs base): 0-1 {Black mates}
Started game 445 of 100000 (new vs base)
Finished game 443 (new vs base): 1/2-1/2 {Draw by 3-fold repetition}
Started game 446 of 100000 (base vs new)
Finished game 442 (base vs new): 0-1 {Black mates}
Started game 447 of 100000 (new vs base)
Finished game 444 (base vs new): 1-0 {White mates}
Started game 448 of 100000 (base vs new)
Finished game 445 (new vs base): 1-0 {White mates}
Started game 449 of 100000 (new vs base)
Finished game 447 (new vs base): 0-1 {Black mates}
Started game 450 of 100000 (base vs new)
Finished game 448 (base vs new): 0-1 {Black mates}
Started game 451 of 100000 (new vs base)
Finished game 446 (base vs new): 1/2-1/2 {Draw by fifty moves rule}
Started game 452 of 100000 (base vs new)
Finished game 449 (new vs base): 1/2-1/2 {Draw by fifty moves rule}
Started game 453 of 100000 (new vs base)
Finished game 450 (base vs new): 1/2-1/2 {Draw by fifty moves rule}
Started game 454 of 100000 (base vs new)
Finished game 451 (new vs base): 1/2-1/2 {Draw by fifty moves rule}
Started game 455 of 100000 (new vs base)
Finished game 452 (base vs new): 1/2-1/2 {Draw by 3-fold repetition}
Started game 456 of 100000 (base vs new)
Finished game 453 (new vs base): 1/2-1/2 {Draw by 3-fold repetition}
Started game 457 of 100000 (new vs base)
Finished game 454 (base vs new): 1-0 {White mates}
Started game 458 of 100000 (base vs new)
Finished game 455 (new vs base): 1-0 {White mates}
Started game 459 of 100000 (new vs base)
Finished game 456 (base vs new): 1-0 {White mates}
Started game 460 of 100000 (base vs new)
Finished game 459 (new vs base): 1-0 {White mates}
Started game 461 of 100000 (new vs base)
Finished game 457 (new vs base): 0-1 {Black mates}
Started game 462 of 100000 (base vs new)
Finished game 460 (base vs new): 1-0 {White mates}
Started game 463 of 100000 (new vs base)
Finished game 458 (base vs new): 1/2-1/2 {Draw by fifty moves rule}
Started game 464 of 100000 (base vs new)
Finished game 462 (base vs new): 0-1 {Black mates}
Started game 465 of 100000 (new vs base)
Finished game 461 (new vs base): 0-1 {Black mates}
Started game 466 of 100000 (base vs new)
Finished game 463 (new vs base): 1-0 {White mates}
Started game 467 of 100000 (new vs base)
Finished game 464 (base vs new): 1-0 {White mates}
Started game 468 of 100000 (base vs new)
Finished game 466 (base vs new): 1/2-1/2 {Draw by 3-fold repetition}
Started game 469 of 100000 (new vs base)
Finished game 465 (new vs base): 1/2-1/2 {Draw by insufficient mating material}
Started game 470 of 100000 (base vs new)
Finished game 467 (new vs base): 1-0 {White mates}
Started game 471 of 100000 (new vs base)
Finished game 469 (new vs base): 1-0 {White mates}
Started game 472 of 100000 (base vs new)
Finished game 468 (base vs new): 1/2-1/2 {Draw by insufficient mating material}
Started game 473 of 100000 (new vs base)
Finished game 470 (base vs new): 1/2-1/2 {Draw by insufficient mating material}
Started game 474 of 100000 (base vs new)
Finished game 471 (new vs base): 0-1 {Black mates}
Started game 475 of 100000 (new vs base)
Finished game 472 (base vs new): 1-0 {White mates}
Started game 476 of 100000 (base vs new)
Finished game 473 (new vs base): 1/2-1/2 {Draw by fifty moves rule}
Started game 477 of 100000 (new vs base)
Finished game 474 (base vs new): 1-0 {White mates}
Started game 478 of 100000 (base vs new)
Finished game 475 (new vs base): 1-0 {White mates}
Started game 479 of 100000 (new vs base)
Finished game 476 (base vs new): 1-0 {White mates}
Started game 480 of 100000 (base vs new)
Finished game 478 (base vs new): 1-0 {White mates}
Started game 481 of 100000 (new vs base)
Finished game 477 (new vs base): 1-0 {White mates}
Started game 482 of 100000 (base vs new)
Finished game 479 (new vs base): 0-1 {Black mates}
Started game 483 of 100000 (new vs base)
Finished game 481 (new vs base): 1-0 {White mates}
Started game 484 of 100000 (base vs new)
Finished game 480 (base vs new): 1/2-1/2 {Draw by fifty moves rule}
--------------------------------------------------
Results of new vs base (4+0.04, 1t, 16MB, UHO_Lichess_4852_v1.epd):
Elo: 3.62 +/- 20.82, nElo: 5.41 +/- 31.08
LOS: 63.35 %, DrawRatio: 45.42 %, PairsRatio: 1.05
Games: 480, Wins: 164, Losses: 159, Draws: 157, Points: 242.5 (50.52 %)
Ptnml(0-2): [13, 51, 109, 52, 15], WL/DD Ratio: 3.04
LLR: 0.06 (2.0%) (-2.94, 2.94) [0.00, 5.00]
--------------------------------------------------
Started game 485 of 100000 (new vs base)
Finished game 482 (base vs new): 1/2-1/2 {Draw by stalemate}
Started game 486 of 100000 (base vs new)
Finished game 483 (new vs base): 1-0 {White mates}
Started game 487 of 100000 (new vs base)
Finished game 484 (base vs new): 1/2-1/2 {Draw by insufficient mating material}
Started game 488 of 100000 (base vs new)
Finished game 485 (new vs base): 1/2-1/2 {Draw by 3-fold repetition}
Started game 489 of 100000 (new vs base)
Finished game 487 (new vs base): 0-1 {Black mates}
Started game 490 of 100000 (base vs new)
Finished game 486 (base vs new): 1/2-1/2 {Draw by fifty moves rule}
Started game 491 of 100000 (new vs base)
Finished game 489 (new vs base): 1-0 {White mates}
Started game 492 of 100000 (base vs new)
Finished game 488 (base vs new): 0-1 {Black mates}
Started game 493 of 100000 (new vs base)
Finished game 490 (base vs new): 1/2-1/2 {Draw by 3-fold repetition}
Started game 494 of 100000 (base vs new)
Finished game 491 (new vs base): 1/2-1/2 {Draw by insufficient mating material}
Started game 495 of 100000 (new vs base)
Finished game 492 (base vs new): 1-0 {White mates}
Started game 496 of 100000 (base vs new)
Finished game 493 (new vs base): 1-0 {White mates}
Started game 497 of 100000 (new vs base)
Finished game 494 (base vs new): 1/2-1/2 {Draw by 3-fold repetition}
Started game 498 of 100000 (base vs new)
Finished game 496 (base vs new): 1-0 {White mates}
Started game 499 of 100000 (new vs base)
Finished game 495 (new vs base): 1/2-1/2 {Draw by 3-fold repetition}
Started game 500 of 100000 (base vs new)
Finished game 497 (new vs base): 1/2-1/2 {Draw by fifty moves rule}
Started game 501 of 100000 (new vs base)
Finished game 500 (base vs new): 1/2-1/2 {Draw by 3-fold repetition}
Started game 502 of 100000 (base vs new)
Finished game 498 (base vs new): 1/2-1/2 {Draw by insufficient mating material}
Started game 503 of 100000 (new vs base)
Finished game 499 (new vs base): 1/2-1/2 {Draw by insufficient mating material}
Started game 504 of 100000 (base vs new)
Finished game 501 (new vs base): 0-1 {Black mates}
Started game 505 of 100000 (new vs base)
Finished game 503 (new vs base): 0-1 {Black mates}
Started game 506 of 100000 (base vs new)
Finished game 504 (base vs new): 0-1 {Black mates}
Started game 507 of 100000 (new vs base)
Finished game 502 (base vs new): 1/2-1/2 {Draw by fifty moves rule}
Started game 508 of 100000 (base vs new)
Finished game 505 (new vs base): 1-0 {White mates}
Started game 509 of 100000 (new vs base)
Finished game 506 (base vs new): 1/2-1/2 {Draw by 3-fold repetition}
Started game 510 of 100000 (base vs new)
Finished game 507 (new vs base): 0-1 {Black mates}
Started game 511 of 100000 (new vs base)
Finished game 509 (new vs base): 1-0 {White mates}
Started game 512 of 100000 (base vs new)
Finished game 508 (base vs new): 0-1 {Black mates}
Started game 513 of 100000 (new vs base)
Finished game 510 (base vs new): 1-0 {White mates}
Started game 514 of 100000 (base vs new)
Finished game 513 (new vs base): 0-1 {Black mates}
Started game 515 of 100000 (new vs base)
Finished game 511 (new vs base): 1/2-1/2 {Draw by stalemate}
Started game 516 of 100000 (base vs new)
Finished game 512 (base vs new): 0-1 {Black mates}
Started game 517 of 100000 (new vs base)
Finished game 514 (base vs new): 1-0 {White mates}
Started game 518 of 100000 (base vs new)
Finished game 516 (base vs new): 0-1 {Black mates}
Started game 519 of 100000 (new vs base)
Finished game 515 (new vs base): 1/2-1/2 {Draw by 3-fold repetition}
Started game 520 of 100000 (base vs new)
Finished game 517 (new vs base): 1-0 {White mates}
Started game 521 of 100000 (new vs base)
Finished game 518 (base vs new): 1/2-1/2 {Draw by 3-fold repetition}
Started game 522 of 100000 (base vs new)
Finished game 519 (new vs base): 1-0 {White mates}
Started game 523 of 100000 (new vs base)
Finished game 520 (base vs new): 1-0 {White mates}
--------------------------------------------------
Results of new vs base (4+0.04, 1t, 16MB, UHO_Lichess_4852_v1.epd):
Elo: 5.35 +/- 19.88, nElo: 8.04 +/- 29.86
LOS: 70.12 %, DrawRatio: 45.00 %, PairsRatio: 1.10
Games: 520, Wins: 177, Losses: 169, Draws: 174, Points: 264.0 (50.77 %)
Ptnml(0-2): [14, 54, 117, 60, 15], WL/DD Ratio: 2.90
LLR: 0.12 (4.0%) (-2.94, 2.94) [0.00, 5.00]
--------------------------------------------------
Started game 524 of 100000 (base vs new)
Finished game 522 (base vs new): 1-0 {White mates}
Started game 525 of 100000 (new vs base)
Finished game 521 (new vs base): 0-1 {Black mates}
Started game 526 of 100000 (base vs new)
Finished game 523 (new vs base): 0-1 {Black mates}
Started game 527 of 100000 (new vs base)
Finished game 524 (base vs new): 1-0 {White mates}
Started game 528 of 100000 (base vs new)
Finished game 525 (new vs base): 0-1 {Black mates}
Started game 529 of 100000 (new vs base)
Finished game 526 (base vs new): 0-1 {Black mates}
Started game 530 of 100000 (base vs new)
Finished game 527 (new vs base): 1-0 {White mates}
Started game 531 of 100000 (new vs base)
Finished game 528 (base vs new): 1/2-1/2 {Draw by 3-fold repetition}
Started game 532 of 100000 (base vs new)
Finished game 530 (base vs new): 1-0 {White mates}
Started game 533 of 100000 (new vs base)
Finished game 529 (new vs base): 1-0 {White mates}
Started game 534 of 100000 (base vs new)
Finished game 532 (base vs new): 1/2-1/2 {Draw by 3-fold repetition}
Started game 535 of 100000 (new vs base)
Finished game 533 (new vs base): 1-0 {White mates}
Started game 536 of 100000 (base vs new)
Finished game 534 (base vs new): 0-1 {Black mates}
Started game 537 of 100000 (new vs base)
Finished game 531 (new vs base): 1-0 {White mates}
Started game 538 of 100000 (base vs new)
Finished game 535 (new vs base): 1/2-1/2 {Draw by 3-fold repetition}
Started game 539 of 100000 (new vs base)
Finished game 537 (new vs base): 1-0 {White mates}
Started game 540 of 100000 (base vs new)
Finished game 538 (base vs new): 1-0 {White mates}
Started game 541 of 100000 (new vs base)
Finished game 536 (base vs new): 1-0 {White mates}
Started game 542 of 100000 (base vs new)
Finished game 539 (new vs base): 1-0 {White mates}
Started game 543 of 100000 (new vs base)
Finished game 541 (new vs base): 1/2-1/2 {Draw by 3-fold repetition}
Started game 544 of 100000 (base vs new)
Finished game 540 (base vs new): 1-0 {White mates}
Started game 545 of 100000 (new vs base)
Finished game 542 (base vs new): 1/2-1/2 {Draw by fifty moves rule}
Started game 546 of 100000 (base vs new)
Finished game 543 (new vs base): 1-0 {White mates}
Started game 547 of 100000 (new vs base)
Finished game 545 (new vs base): 1-0 {White mates}
Started game 548 of 100000 (base vs new)
Finished game 544 (base vs new): 1/2-1/2 {Draw by insufficient mating material}
Started game 549 of 100000 (new vs base)
Finished game 546 (base vs new): 1-0 {White mates}
Started game 550 of 100000 (base vs new)
Finished game 547 (new vs base): 1-0 {White mates}
Started game 551 of 100000 (new vs base)
Finished game 549 (new vs base): 1/2-1/2 {Draw by 3-fold repetition}
Started game 552 of 100000 (base vs new)
Finished game 548 (base vs new): 1-0 {White mates}
Started game 553 of 100000 (new vs base)
Finished game 551 (new vs base): 1/2-1/2 {Draw by insufficient mating material}
Started game 554 of 100000 (base vs new)
Finished game 550 (base vs new): 0-1 {Black mates}
Started game 555 of 100000 (new vs base)
Finished game 552 (base vs new): 1/2-1/2 {Draw by 3-fold repetition}
Started game 556 of 100000 (base vs new)
Finished game 553 (new vs base): 1/2-1/2 {Draw by fifty moves rule}
Started game 557 of 100000 (new vs base)
Finished game 554 (base vs new): 0-1 {Black mates}
Started game 558 of 100000 (base vs new)
Finished game 555 (new vs base): 0-1 {Black mates}
Started game 559 of 100000 (new vs base)
Finished game 556 (base vs new): 0-1 {Black mates}
Started game 560 of 100000 (base vs new)
Finished game 557 (new vs base): 1-0 {White mates}
Started game 561 of 100000 (new vs base)
Finished game 560 (base vs new): 1/2-1/2 {Draw by 3-fold repetition}
Started game 562 of 100000 (base vs new)
Finished game 558 (base vs new): 1/2-1/2 {Draw by fifty moves rule}
Started game 563 of 100000 (new vs base)
Finished game 561 (new vs base): 0-1 {Black mates}
Started game 564 of 100000 (base vs new)
Finished game 559 (new vs base): 1-0 {White mates}
--------------------------------------------------
Results of new vs base (4+0.04, 1t, 16MB, UHO_Lichess_4852_v1.epd):
Elo: 7.45 +/- 19.24, nElo: 11.15 +/- 28.78
LOS: 77.63 %, DrawRatio: 45.00 %, PairsRatio: 1.17
Games: 560, Wins: 193, Losses: 181, Draws: 186, Points: 286.0 (51.07 %)
Ptnml(0-2): [16, 55, 126, 67, 16], WL/DD Ratio: 2.94
LLR: 0.20 (6.8%) (-2.94, 2.94) [0.00, 5.00]
--------------------------------------------------
Started game 565 of 100000 (new vs base)
Finished game 562 (base vs new): 0-1 {Black mates}
Started game 566 of 100000 (base vs new)
Finished game 563 (new vs base): 1/2-1/2 {Draw by 3-fold repetition}
Started game 567 of 100000 (new vs base)
Finished game 565 (new vs base): 1-0 {White mates}
Started game 568 of 100000 (base vs new)
Finished game 564 (base vs new): 1-0 {White mates}
Started game 569 of 100000 (new vs base)
Finished game 566 (base vs new): 1/2-1/2 {Draw by insufficient mating material}
Started game 570 of 100000 (base vs new)
Finished game 567 (new vs base): 0-1 {Black mates}
Started game 571 of 100000 (new vs base)
Finished game 568 (base vs new): 0-1 {Black mates}
Started game 572 of 100000 (base vs new)
Finished game 569 (new vs base): 1/2-1/2 {Draw by 3-fold repetition}
Started game 573 of 100000 (new vs base)
Finished game 570 (base vs new): 1/2-1/2 {Draw by 3-fold repetition}
Started game 574 of 100000 (base vs new)
Finished game 571 (new vs base): 1-0 {White mates}
Started game 575 of 100000 (new vs base)
Finished game 572 (base vs new): 1-0 {White mates}
Started game 576 of 100000 (base vs new)
Finished game 574 (base vs new): 1/2-1/2 {Draw by 3-fold repetition}
Started game 577 of 100000 (new vs base)
Finished game 573 (new vs base): 1-0 {White mates}
Started game 578 of 100000 (base vs new)
Finished game 576 (base vs new): 1-0 {White mates}
Started game 579 of 100000 (new vs base)
Finished game 575 (new vs base): 1-0 {White mates}
Started game 580 of 100000 (base vs new)
Finished game 577 (new vs base): 1-0 {White mates}
Started game 581 of 100000 (new vs base)
Finished game 578 (base vs new): 1/2-1/2 {Draw by 3-fold repetition}
Started game 582 of 100000 (base vs new)
Finished game 581 (new vs base): 1/2-1/2 {Draw by 3-fold repetition}
Started game 583 of 100000 (new vs base)
Finished game 579 (new vs base): 1-0 {White mates}
Started game 584 of 100000 (base vs new)
Finished game 580 (base vs new): 1-0 {White mates}
Started game 585 of 100000 (new vs base)
Finished game 582 (base vs new): 1-0 {White mates}
Started game 586 of 100000 (base vs new)
Finished game 584 (base vs new): 1/2-1/2 {Draw by insufficient mating material}
Started game 587 of 100000 (new vs base)
Finished game 585 (new vs base): 0-1 {Black mates}
Started game 588 of 100000 (base vs new)
Finished game 583 (new vs base): 1/2-1/2 {Draw by fifty moves rule}
Started game 589 of 100000 (new vs base)
Finished game 586 (base vs new): 1/2-1/2 {Draw by insufficient mating material}
Started game 590 of 100000 (base vs new)
Finished game 587 (new vs base): 1/2-1/2 {Draw by 3-fold repetition}
Started game 591 of 100000 (new vs base)
Finished game 588 (base vs new): 1-0 {White mates}
Started game 592 of 100000 (base vs new)
Finished game 589 (new vs base): 1-0 {White mates}
Started game 593 of 100000 (new vs base)
Finished game 590 (base vs new): 0-1 {Black mates}
Started game 594 of 100000 (base vs new)
Finished game 593 (new vs base): 1-0 {White mates}
Started game 595 of 100000 (new vs base)
Finished game 591 (new vs base): 1-0 {White mates}
Started game 596 of 100000 (base vs new)
Finished game 592 (base vs new): 0-1 {Black mates}
Started game 597 of 100000 (new vs base)
Finished game 594 (base vs new): 1-0 {White mates}
Started game 598 of 100000 (base vs new)
Finished game 596 (base vs new): 1/2-1/2 {Draw by 3-fold repetition}
Started game 599 of 100000 (new vs base)
Finished game 595 (new vs base): 1-0 {White mates}
Started game 600 of 100000 (base vs new)
Finished game 597 (new vs base): 0-1 {Black mates}
Started game 601 of 100000 (new vs base)
Finished game 598 (base vs new): 0-1 {Black mates}
Started game 602 of 100000 (base vs new)
Finished game 599 (new vs base): 0-1 {Black mates}
Started game 603 of 100000 (new vs base)
Finished game 601 (new vs base): 1-0 {White mates}
Started game 604 of 100000 (base vs new)
Finished game 600 (base vs new): 1-0 {White mates}
--------------------------------------------------
Results of new vs base (4+0.04, 1t, 16MB, UHO_Lichess_4852_v1.epd):
Elo: 8.11 +/- 18.65, nElo: 12.10 +/- 27.80
LOS: 80.32 %, DrawRatio: 45.00 %, PairsRatio: 1.17
Games: 600, Wins: 208, Losses: 194, Draws: 198, Points: 307.0 (51.17 %)
Ptnml(0-2): [17, 59, 135, 71, 18], WL/DD Ratio: 2.97
LLR: 0.24 (8.1%) (-2.94, 2.94) [0.00, 5.00]
--------------------------------------------------
Started game 605 of 100000 (new vs base)
Finished game 603 (new vs base): 1/2-1/2 {Draw by 3-fold repetition}
Started game 606 of 100000 (base vs new)
Finished game 602 (base vs new): 1-0 {White mates}
Started game 607 of 100000 (new vs base)
Finished game 604 (base vs new): 1-0 {White mates}
Started game 608 of 100000 (base vs new)
Finished game 605 (new vs base): 0-1 {Black mates}
Started game 609 of 100000 (new vs base)
Finished game 606 (base vs new): 1/2-1/2 {Draw by 3-fold repetition}
Started game 610 of 100000 (base vs new)
Finished game 607 (new vs base): 1-0 {White mates}
Started game 611 of 100000 (new vs base)
Finished game 608 (base vs new): 1-0 {White mates}
Started game 612 of 100000 (base vs new)
Finished game 609 (new vs base): 1/2-1/2 {Draw by 3-fold repetition}
Started game 613 of 100000 (new vs base)
Finished game 610 (base vs new): 0-1 {Black mates}
Started game 614 of 100000 (base vs new)
Finished game 611 (new vs base): 1-0 {White mates}
Started game 615 of 100000 (new vs base)
Finished game 612 (base vs new): 0-1 {Black mates}
Started game 616 of 100000 (base vs new)
Finished game 613 (new vs base): 1-0 {White mates}
Started game 617 of 100000 (new vs base)
Finished game 614 (base vs new): 1-0 {White mates}
Started game 618 of 100000 (base vs new)
Finished game 616 (base vs new): 1-0 {White mates}
Started game 619 of 100000 (new vs base)
Finished game 615 (new vs base): 0-1 {Black mates}
Started game 620 of 100000 (base vs new)
Finished game 617 (new vs base): 0-1 {Black mates}
Started game 621 of 100000 (new vs base)
Finished game 618 (base vs new): 1/2-1/2 {Draw by 3-fold repetition}
Started game 622 of 100000 (base vs new)
Finished game 619 (new vs base): 0-1 {Black mates}
Started game 623 of 100000 (new vs base)
Finished game 621 (new vs base): 0-1 {White loses on time (28ms overrun)}
Started game 624 of 100000 (base vs new)
Finished game 620 (base vs new): 0-1 {Black mates}
Started game 625 of 100000 (new vs base)
Finished game 622 (base vs new): 1-0 {White mates}
Started game 626 of 100000 (base vs new)
Finished game 623 (new vs base): 1-0 {White mates}
Started game 627 of 100000 (new vs base)
Finished game 624 (base vs new): 1-0 {White mates}
Started game 628 of 100000 (base vs new)
Finished game 625 (new vs base): 1/2-1/2 {Draw by insufficient mating material}
Started game 629 of 100000 (new vs base)
Finished game 626 (base vs new): 1-0 {White mates}
Started game 630 of 100000 (base vs new)
Finished game 627 (new vs base): 1-0 {White mates}
Started game 631 of 100000 (new vs base)
Finished game 628 (base vs new): 0-1 {Black mates}
Started game 632 of 100000 (base vs new)
Finished game 629 (new vs base): 1-0 {White mates}
Started game 633 of 100000 (new vs base)
Finished game 630 (base vs new): 1-0 {White mates}
Started game 634 of 100000 (base vs new)
Finished game 631 (new vs base): 1/2-1/2 {Draw by 3-fold repetition}
Started game 635 of 100000 (new vs base)
Finished game 632 (base vs new): 1-0 {White mates}
Started game 636 of 100000 (base vs new)
Finished game 634 (base vs new): 1-0 {White mates}
Started game 637 of 100000 (new vs base)
Finished game 633 (new vs base): 1-0 {White mates}
Started game 638 of 100000 (base vs new)
Finished game 635 (new vs base): 1/2-1/2 {Draw by 3-fold repetition}
Started game 639 of 100000 (new vs base)
Finished game 636 (base vs new): 0-1 {Black mates}
Started game 640 of 100000 (base vs new)
Finished game 638 (base vs new): 1/2-1/2 {Draw by insufficient mating material}
Started game 641 of 100000 (new vs base)
Finished game 637 (new vs base): 1/2-1/2 {Draw by fifty moves rule}
Started game 642 of 100000 (base vs new)
Finished game 639 (new vs base): 1-0 {White mates}
Started game 643 of 100000 (new vs base)
Finished game 640 (base vs new): 1/2-1/2 {Draw by 3-fold repetition}
--------------------------------------------------
Results of new vs base (4+0.04, 1t, 16MB, UHO_Lichess_4852_v1.epd):
Elo: 6.52 +/- 18.25, nElo: 9.62 +/- 26.92
LOS: 75.82 %, DrawRatio: 44.69 %, PairsRatio: 1.13
Games: 640, Wins: 222, Losses: 210, Draws: 208, Points: 326.0 (50.94 %)
Ptnml(0-2): [19, 64, 143, 74, 20], WL/DD Ratio: 3.09
LLR: 0.19 (6.4%) (-2.94, 2.94) [0.00, 5.00]
--------------------------------------------------
Started game 644 of 100000 (base vs new)
Finished game 641 (new vs base): 1/2-1/2 {Draw by insufficient mating material}
Started game 645 of 100000 (new vs base)
Finished game 642 (base vs new): 1-0 {White mates}
Started game 646 of 100000 (base vs new)
Finished game 644 (base vs new): 1-0 {White mates}
Started game 647 of 100000 (new vs base)
Finished game 643 (new vs base): 1/2-1/2 {Draw by fifty moves rule}
Started game 648 of 100000 (base vs new)
Finished game 646 (base vs new): 1/2-1/2 {Draw by insufficient mating material}
Started game 649 of 100000 (new vs base)
Finished game 645 (new vs base): 0-1 {Black mates}
Started game 650 of 100000 (base vs new)
Finished game 647 (new vs base): 1/2-1/2 {Draw by insufficient mating material}
Started game 651 of 100000 (new vs base)
Finished game 648 (base vs new): 0-1 {Black mates}
Started game 652 of 100000 (base vs new)
Finished game 649 (new vs base): 1-0 {White mates}
Started game 653 of 100000 (new vs base)
Finished game 650 (base vs new): 1-0 {White mates}
Started game 654 of 100000 (base vs new)
Finished game 651 (new vs base): 1/2-1/2 {Draw by 3-fold repetition}
Started game 655 of 100000 (new vs base)
Finished game 652 (base vs new): 1/2-1/2 {Draw by 3-fold repetition}
Started game 656 of 100000 (base vs new)
Finished game 653 (new vs base): 0-1 {Black mates}
Started game 657 of 100000 (new vs base)
Finished game 654 (base vs new): 0-1 {Black mates}
Started game 658 of 100000 (base vs new)
Finished game 655 (new vs base): 1-0 {White mates}
Started game 659 of 100000 (new vs base)
Finished game 656 (base vs new): 1-0 {White mates}
Started game 660 of 100000 (base vs new)
Finished game 657 (new vs base): 1/2-1/2 {Draw by 3-fold repetition}
Started game 661 of 100000 (new vs base)
Finished game 658 (base vs new): 0-1 {Black mates}
Started game 662 of 100000 (base vs new)
Finished game 659 (new vs base): 1-0 {White mates}
Started game 663 of 100000 (new vs base)
Finished game 660 (base vs new): 1-0 {White mates}
Started game 664 of 100000 (base vs new)
Finished game 661 (new vs base): 1/2-1/2 {Draw by insufficient mating material}
Started game 665 of 100000 (new vs base)
Finished game 662 (base vs new): 0-1 {Black mates}
Started game 666 of 100000 (base vs new)
Finished game 664 (base vs new): 1-0 {White mates}
Started game 667 of 100000 (new vs base)
Finished game 663 (new vs base): 1/2-1/2 {Draw by fifty moves rule}
Started game 668 of 100000 (base vs new)
Finished game 665 (new vs base): 0-1 {Black mates}
Started game 669 of 100000 (new vs base)
Finished game 666 (base vs new): 1/2-1/2 {Draw by 3-fold repetition}
Started game 670 of 100000 (base vs new)
Finished game 668 (base vs new): 1-0 {White mates}
Started game 671 of 100000 (new vs base)
Finished game 667 (new vs base): 1-0 {White mates}
Started game 672 of 100000 (base vs new)
Finished game 669 (new vs base): 1-0 {White mates}
Started game 673 of 100000 (new vs base)
Finished game 670 (base vs new): 1-0 {White mates}
Started game 674 of 100000 (base vs new)
Finished game 671 (new vs base): 1/2-1/2 {Draw by insufficient mating material}
Started game 675 of 100000 (new vs base)
Finished game 673 (new vs base): 1/2-1/2 {Draw by 3-fold repetition}
Started game 676 of 100000 (base vs new)
Finished game 672 (base vs new): 0-1 {Black mates}
Started game 677 of 100000 (new vs base)
Finished game 674 (base vs new): 0-1 {Black mates}
Started game 678 of 100000 (base vs new)
Finished game 676 (base vs new): 1-0 {White mates}
Started game 679 of 100000 (new vs base)
Finished game 677 (new vs base): 1/2-1/2 {Draw by 3-fold repetition}
Started game 680 of 100000 (base vs new)
Finished game 675 (new vs base): 0-1 {Black mates}
Started game 681 of 100000 (new vs base)
Finished game 679 (new vs base): 1/2-1/2 {Draw by 3-fold repetition}
Started game 682 of 100000 (base vs new)
Finished game 678 (base vs new): 1/2-1/2 {Draw by insufficient mating material}
Started game 683 of 100000 (new vs base)
Finished game 681 (new vs base): 1/2-1/2 {Draw by insufficient mating material}
Started game 684 of 100000 (base vs new)
Finished game 680 (base vs new): 1/2-1/2 {Draw by fifty moves rule}
--------------------------------------------------
Results of new vs base (4+0.04, 1t, 16MB, UHO_Lichess_4852_v1.epd):
Elo: 5.11 +/- 17.59, nElo: 7.60 +/- 26.11
LOS: 71.57 %, DrawRatio: 44.71 %, PairsRatio: 1.11
Games: 680, Wins: 233, Losses: 223, Draws: 224, Points: 345.0 (50.74 %)
Ptnml(0-2): [20, 69, 152, 79, 20], WL/DD Ratio: 3.00
LLR: 0.14 (4.9%) (-2.94, 2.94) [0.00, 5.00]
--------------------------------------------------
Started game 685 of 100000 (new vs base)
Finished game 682 (base vs new): 1/2-1/2 {Draw by 3-fold repetition}
Started game 686 of 100000 (base vs new)
Finished game 683 (new vs base): 1-0 {White mates}
Started game 687 of 100000 (new vs base)
Finished game 684 (base vs new): 1-0 {White mates}
Started game 688 of 100000 (base vs new)
Finished game 685 (new vs base): 0-1 {Black mates}
Started game 689 of 100000 (new vs base)
Finished game 686 (base vs new): 0-1 {Black mates}
Started game 690 of 100000 (base vs new)
Finished game 687 (new vs base): 1/2-1/2 {Draw by insufficient mating material}
Started game 691 of 100000 (new vs base)
Finished game 689 (new vs base): 1/2-1/2 {Draw by 3-fold repetition}
Started game 692 of 100000 (base vs new)
Finished game 688 (base vs new): 0-1 {Black mates}
Started game 693 of 100000 (new vs base)
Finished game 690 (base vs new): 0-1 {Black mates}
Started game 694 of 100000 (base vs new)
Finished game 691 (new vs base): 1/2-1/2 {Draw by 3-fold repetition}
Started game 695 of 100000 (new vs base)
Finished game 692 (base vs new): 0-1 {Black mates}
Started game 696 of 100000 (base vs new)
Finished game 693 (new vs base): 1/2-1/2 {Draw by insufficient mating material}
Started game 697 of 100000 (new vs base)
Finished game 694 (base vs new): 1-0 {White mates}
Started game 698 of 100000 (base vs new)
Finished game 695 (new vs base): 1-0 {White mates}
Started game 699 of 100000 (new vs base)
Finished game 696 (base vs new): 1-0 {White mates}
Started game 700 of 100000 (base vs new)
Finished game 697 (new vs base): 1-0 {White mates}
Started game 701 of 100000 (new vs base)
Finished game 698 (base vs new): 1/2-1/2 {Draw by insufficient mating material}
Started game 702 of 100000 (base vs new)
Finished game 699 (new vs base): 1-0 {White mates}
Started game 703 of 100000 (new vs base)
Finished game 700 (base vs new): 1-0 {White mates}
Started game 704 of 100000 (base vs new)
Finished game 701 (new vs base): 0-1 {Black mates}
Started game 705 of 100000 (new vs base)
Finished game 702 (base vs new): 0-1 {Black mates}
Started game 706 of 100000 (base vs new)
Finished game 703 (new vs base): 1/2-1/2 {Draw by 3-fold repetition}
Started game 707 of 100000 (new vs base)
Finished game 704 (base vs new): 1-0 {White mates}
Started game 708 of 100000 (base vs new)
Finished game 705 (new vs base): 1-0 {White mates}
Started game 709 of 100000 (new vs base)
Finished game 706 (base vs new): 0-1 {Black mates}
Started game 710 of 100000 (base vs new)
Finished game 707 (new vs base): 0-1 {Black mates}
Started game 711 of 100000 (new vs base)
Finished game 708 (base vs new): 0-1 {Black mates}
Started game 712 of 100000 (base vs new)
Finished game 709 (new vs base): 0-1 {Black mates}
Started game 713 of 100000 (new vs base)
Finished game 710 (base vs new): 0-1 {Black mates}
Started game 714 of 100000 (base vs new)
Finished game 711 (new vs base): 1/2-1/2 {Draw by 3-fold repetition}
Started game 715 of 100000 (new vs base)
Finished game 712 (base vs new): 1/2-1/2 {Draw by insufficient mating material}
Started game 716 of 100000 (base vs new)
Finished game 713 (new vs base): 1-0 {White mates}
Started game 717 of 100000 (new vs base)
Finished game 715 (new vs base): 0-1 {Black mates}
Started game 718 of 100000 (base vs new)
Finished game 714 (base vs new): 1-0 {White mates}
Started game 719 of 100000 (new vs base)
Finished game 716 (base vs new): 1-0 {White mates}
Started game 720 of 100000 (base vs new)
Finished game 717 (new vs base): 0-1 {Black mates}
Started game 721 of 100000 (new vs base)
Finished game 719 (new vs base): 1/2-1/2 {Draw by 3-fold repetition}
Started game 722 of 100000 (base vs new)
Finished game 718 (base vs new): 0-1 {Black mates}
Started game 723 of 100000 (new vs base)
Finished game 720 (base vs new): 1-0 {White mates}
--------------------------------------------------
Results of new vs base (4+0.04, 1t, 16MB, UHO_Lichess_4852_v1.epd):
Elo: 5.31 +/- 17.01, nElo: 7.93 +/- 25.38
LOS: 72.99 %, DrawRatio: 45.28 %, PairsRatio: 1.12
Games: 720, Wins: 248, Losses: 237, Draws: 235, Points: 365.5 (50.76 %)
Ptnml(0-2): [21, 72, 163, 83, 21], WL/DD Ratio: 3.08
LLR: 0.16 (5.5%) (-2.94, 2.94) [0.00, 5.00]
--------------------------------------------------
Started game 724 of 100000 (base vs new)
Finished game 721 (new vs base): 1-0 {White mates}
Started game 725 of 100000 (new vs base)
Finished game 723 (new vs base): 1/2-1/2 {Draw by 3-fold repetition}
Started game 726 of 100000 (base vs new)
Finished game 722 (base vs new): 0-1 {Black mates}
Started game 727 of 100000 (new vs base)
Finished game 724 (base vs new): 1/2-1/2 {Draw by 3-fold repetition}
Started game 728 of 100000 (base vs new)
Finished game 725 (new vs base): 1/2-1/2 {Draw by 3-fold repetition}
Started game 729 of 100000 (new vs base)
Finished game 727 (new vs base): 1/2-1/2 {Draw by 3-fold repetition}
Started game 730 of 100000 (base vs new)
Finished game 726 (base vs new): 0-1 {Black mates}
Started game 731 of 100000 (new vs base)
Finished game 730 (base vs new): 1/2-1/2 {Draw by 3-fold repetition}
Started game 732 of 100000 (base vs new)
Finished game 728 (base vs new): 1-0 {White mates}
Started game 733 of 100000 (new vs base)
Finished game 731 (new vs base): 0-1 {Black mates}
Started game 734 of 100000 (base vs new)
Finished game 729 (new vs base): 0-1 {Black mates}
Started game 735 of 100000 (new vs base)
Finished game 733 (new vs base): 0-1 {Black mates}
Started game 736 of 100000 (base vs new)
Finished game 732 (base vs new): 0-1 {Black mates}
Started game 737 of 100000 (new vs base)
Finished game 734 (base vs new): 1/2-1/2 {Draw by 3-fold repetition}
Started game 738 of 100000 (base vs new)
Finished game 735 (new vs base): 0-1 {Black mates}
Started game 739 of 100000 (new vs base)
Finished game 737 (new vs base): 1-0 {White mates}
Started game 740 of 100000 (base vs new)
Finished game 736 (base vs new): 1/2-1/2 {Draw by fifty moves rule}
Started game 741 of 100000 (new vs base)
Finished game 739 (new vs base): 0-1 {Black mates}
Started game 742 of 100000 (base vs new)
Finished game 738 (base vs new): 1/2-1/2 {Draw by insufficient mating material}
Started game 743 of 100000 (new vs base)
Finished game 741 (new vs base): 1/2-1/2 {Draw by 3-fold repetition}
Started game 744 of 100000 (base vs new)
Finished game 740 (base vs new): 1-0 {White mates}
Started game 745 of 100000 (new vs base)
Finished game 742 (base vs new): 1/2-1/2 {Draw by 3-fold repetition}
Started game 746 of 100000 (base vs new)
Finished game 743 (new vs base): 0-1 {Black mates}
Started game 747 of 100000 (new vs base)
Finished game 745 (new vs base): 1-0 {White mates}
Started game 748 of 100000 (base vs new)
Finished game 744 (base vs new): 1/2-1/2 {Draw by 3-fold repetition}
Started game 749 of 100000 (new vs base)
Finished game 746 (base vs new): 1/2-1/2 {Draw by insufficient mating material}
Started game 750 of 100000 (base vs new)
Finished game 747 (new vs base): 1-0 {White mates}
Started game 751 of 100000 (new vs base)
Finished game 749 (new vs base): 0-1 {Black mates}
Started game 752 of 100000 (base vs new)
Finished game 748 (base vs new): 1/2-1/2 {Draw by stalemate}
Started game 753 of 100000 (new vs base)
Finished game 750 (base vs new): 0-1 {Black mates}
Started game 754 of 100000 (base vs new)
Finished game 753 (new vs base): 0-1 {Black mates}
Started game 755 of 100000 (new vs base)
Finished game 751 (new vs base): 1/2-1/2 {Draw by fifty moves rule}
Started game 756 of 100000 (base vs new)
Finished game 752 (base vs new): 1/2-1/2 {Draw by stalemate}
Started game 757 of 100000 (new vs base)
Finished game 754 (base vs new): 0-1 {Black mates}
Started game 758 of 100000 (base vs new)
Finished game 757 (new vs base): 0-1 {Black mates}
Started game 759 of 100000 (new vs base)
Finished game 756 (base vs new): 1-0 {White mates}
Started game 760 of 100000 (base vs new)
Finished game 758 (base vs new): 1-0 {White mates}
Started game 761 of 100000 (new vs base)
Finished game 755 (new vs base): 1-0 {White mates}
Started game 762 of 100000 (base vs new)
Finished game 759 (new vs base): 1-0 {White mates}
Started game 763 of 100000 (new vs base)
Finished game 760 (base vs new): 1-0 {White mates}
--------------------------------------------------
Results of new vs base (4+0.04, 1t, 16MB, UHO_Lichess_4852_v1.epd):
Elo: 3.66 +/- 16.63, nElo: 5.44 +/- 24.70
LOS: 66.69 %, DrawRatio: 45.00 %, PairsRatio: 1.09
Games: 760, Wins: 259, Losses: 251, Draws: 250, Points: 384.0 (50.53 %)
Ptnml(0-2): [23, 77, 171, 87, 22], WL/DD Ratio: 2.98
LLR: 0.09 (3.1%) (-2.94, 2.94) [0.00, 5.00]
--------------------------------------------------
Started game 764 of 100000 (base vs new)
Finished game 762 (base vs new): 0-1 {Black mates}
Started game 765 of 100000 (new vs base)
Finished game 761 (new vs base): 1-0 {White mates}
Started game 766 of 100000 (base vs new)
Finished game 763 (new vs base): 1/2-1/2 {Draw by 3-fold repetition}
Started game 767 of 100000 (new vs base)
Finished game 766 (base vs new): 1/2-1/2 {Draw by 3-fold repetition}
Started game 768 of 100000 (base vs new)
Finished game 765 (new vs base): 0-1 {Black mates}
Started game 769 of 100000 (new vs base)
Finished game 764 (base vs new): 1-0 {White mates}
Started game 770 of 100000 (base vs new)
Finished game 767 (new vs base): 1-0 {White mates}
Started game 771 of 100000 (new vs base)
Finished game 770 (base vs new): 0-1 {White loses on time (11ms overrun)}
Started game 772 of 100000 (base vs new)
Finished game 769 (new vs base): 1-0 {White mates}
Started game 773 of 100000 (new vs base)
Finished game 768 (base vs new): 1-0 {White mates}
Started game 774 of 100000 (base vs new)
Finished game 771 (new vs base): 0-1 {Black mates}
Started game 775 of 100000 (new vs base)
Finished game 773 (new vs base): 0-1 {Black mates}
Started game 776 of 100000 (base vs new)
Finished game 772 (base vs new): 0-1 {Black mates}
Started game 777 of 100000 (new vs base)
Finished game 774 (base vs new): 0-1 {Black mates}
Started game 778 of 100000 (base vs new)
Finished game 775 (new vs base): 1-0 {White mates}
Started game 779 of 100000 (new vs base)
Finished game 776 (base vs new): 0-1 {Black mates}
Started game 780 of 100000 (base vs new)
Finished game 777 (new vs base): 0-1 {Black mates}
Started game 781 of 100000 (new vs base)
Finished game 778 (base vs new): 1/2-1/2 {Draw by 3-fold repetition}
Started game 782 of 100000 (base vs new)
Finished game 779 (new vs base): 1-0 {White mates}
Started game 783 of 100000 (new vs base)
Finished game 781 (new vs base): 1/2-1/2 {Draw by 3-fold repetition}
Started game 784 of 100000 (base vs new)
Finished game 780 (base vs new): 0-1 {Black mates}
Started game 785 of 100000 (new vs base)
Finished game 782 (base vs new): 0-1 {Black mates}
Started game 786 of 100000 (base vs new)
Finished game 783 (new vs base): 0-1 {Black mates}
Started game 787 of 100000 (new vs base)
Finished game 785 (new vs base): 1-0 {White mates}
Started game 788 of 100000 (base vs new)
Finished game 784 (base vs new): 1/2-1/2 {Draw by 3-fold repetition}
Started game 789 of 100000 (new vs base)
Finished game 786 (base vs new): 1-0 {White mates}
Started game 790 of 100000 (base vs new)
Finished game 787 (new vs base): 1-0 {White mates}
Started game 791 of 100000 (new vs base)
Finished game 788 (base vs new): 1/2-1/2 {Draw by 3-fold repetition}
Started game 792 of 100000 (base vs new)
Finished game 789 (new vs base): 1-0 {White mates}
Started game 793 of 100000 (new vs base)
Finished game 790 (base vs new): 1/2-1/2 {Draw by insufficient mating material}
Started game 794 of 100000 (base vs new)
Finished game 791 (new vs base): 1-0 {White mates}
Started game 795 of 100000 (new vs base)
Finished game 792 (base vs new): 1-0 {White mates}
Started game 796 of 100000 (base vs new)
Finished game 793 (new vs base): 1/2-1/2 {Draw by 3-fold repetition}
Started game 797 of 100000 (new vs base)
Finished game 794 (base vs new): 1/2-1/2 {Draw by 3-fold repetition}
Started game 798 of 100000 (base vs new)
Finished game 795 (new vs base): 1-0 {White mates}
Started game 799 of 100000 (new vs base)
Finished game 796 (base vs new): 1-0 {White mates}
Started game 800 of 100000 (base vs new)
Finished game 797 (new vs base): 1-0 {White mates}
Started game 801 of 100000 (new vs base)
Finished game 798 (base vs new): 0-1 {Black mates}
Started game 802 of 100000 (base vs new)
Finished game 799 (new vs base): 1-0 {White mates}
Started game 803 of 100000 (new vs base)
Finished game 800 (base vs new): 0-1 {Black mates}
--------------------------------------------------
Results of new vs base (4+0.04, 1t, 16MB, UHO_Lichess_4852_v1.epd):
Elo: 8.25 +/- 16.49, nElo: 12.07 +/- 24.08
LOS: 83.70 %, DrawRatio: 44.50 %, PairsRatio: 1.13
Games: 800, Wins: 280, Losses: 261, Draws: 259, Points: 409.5 (51.19 %)
Ptnml(0-2): [23, 81, 178, 90, 28], WL/DD Ratio: 3.05
LLR: 0.32 (10.8%) (-2.94, 2.94) [0.00, 5.00]
--------------------------------------------------
Started game 804 of 100000 (base vs new)
Finished game 801 (new vs base): 1/2-1/2 {Draw by 3-fold repetition}
Started game 805 of 100000 (new vs base)
Finished game 802 (base vs new): 1-0 {White mates}
Started game 806 of 100000 (base vs new)
Finished game 803 (new vs base): 0-1 {Black mates}
Started game 807 of 100000 (new vs base)
Finished game 804 (base vs new): 1-0 {White mates}
Started game 808 of 100000 (base vs new)
Finished game 805 (new vs base): 0-1 {Black mates}
Started game 809 of 100000 (new vs base)
Finished game 806 (base vs new): 0-1 {Black mates}
Started game 810 of 100000 (base vs new)
Finished game 807 (new vs base): 0-1 {Black mates}
Started game 811 of 100000 (new vs base)
Finished game 808 (base vs new): 0-1 {Black mates}
Started game 812 of 100000 (base vs new)
Finished game 809 (new vs base): 0-1 {Black mates}
Started game 813 of 100000 (new vs base)
Finished game 810 (base vs new): 1/2-1/2 {Draw by 3-fold repetition}
Started game 814 of 100000 (base vs new)
Finished game 811 (new vs base): 0-1 {Black mates}
Started game 815 of 100000 (new vs base)
Finished game 812 (base vs new): 1-0 {White mates}
Started game 816 of 100000 (base vs new)
Finished game 813 (new vs base): 1/2-1/2 {Draw by 3-fold repetition}
Started game 817 of 100000 (new vs base)
Finished game 815 (new vs base): 0-1 {Black mates}
Started game 818 of 100000 (base vs new)
Finished game 814 (base vs new): 0-1 {Black mates}
Started game 819 of 100000 (new vs base)
Finished game 816 (base vs new): 0-1 {Black mates}
Started game 820 of 100000 (base vs new)
Finished game 817 (new vs base): 0-1 {Black mates}
Started game 821 of 100000 (new vs base)
Finished game 818 (base vs new): 0-1 {Black mates}
Started game 822 of 100000 (base vs new)
Finished game 819 (new vs base): 1-0 {White mates}
Started game 823 of 100000 (new vs base)
Finished game 821 (new vs base): 1-0 {White mates}
Started game 824 of 100000 (base vs new)
Finished game 820 (base vs new): 0-1 {Black mates}
Started game 825 of 100000 (new vs base)
Finished game 823 (new vs base): 1-0 {White mates}
Started game 826 of 100000 (base vs new)
Finished game 822 (base vs new): 1/2-1/2 {Draw by insufficient mating material}
Started game 827 of 100000 (new vs base)
Finished game 824 (base vs new): 0-1 {Black mates}
Started game 828 of 100000 (base vs new)
Finished game 825 (new vs base): 1-0 {White mates}
Started game 829 of 100000 (new vs base)
Finished game 826 (base vs new): 0-1 {Black mates}
Started game 830 of 100000 (base vs new)
Finished game 827 (new vs base): 1-0 {White mates}
Started game 831 of 100000 (new vs base)
Finished game 828 (base vs new): 1-0 {White mates}
Started game 832 of 100000 (base vs new)
Finished game 830 (base vs new): 1-0 {White mates}
Started game 833 of 100000 (new vs base)
Finished game 829 (new vs base): 1/2-1/2 {Draw by fifty moves rule}
Started game 834 of 100000 (base vs new)
Finished game 831 (new vs base): 1-0 {White mates}
Started game 835 of 100000 (new vs base)
Finished game 832 (base vs new): 1-0 {White mates}
Started game 836 of 100000 (base vs new)
Finished game 834 (base vs new): 1-0 {White mates}
Started game 837 of 100000 (new vs base)
Finished game 833 (new vs base): 1-0 {White mates}
Started game 838 of 100000 (base vs new)
Finished game 835 (new vs base): 0-1 {Black mates}
Started game 839 of 100000 (new vs base)
Finished game 837 (new vs base): 1/2-1/2 {Draw by 3-fold repetition}
Started game 840 of 100000 (base vs new)
Finished game 838 (base vs new): 1/2-1/2 {Draw by 3-fold repetition}
Started game 841 of 100000 (new vs base)
Finished game 836 (base vs new): 1/2-1/2 {Draw by fifty moves rule}
Started game 842 of 100000 (base vs new)
Finished game 839 (new vs base): 1/2-1/2 {Draw by 3-fold repetition}
Started game 843 of 100000 (new vs base)
Finished game 840 (base vs new): 1-0 {White mates}
--------------------------------------------------
Results of new vs base (4+0.04, 1t, 16MB, UHO_Lichess_4852_v1.epd):
Elo: 7.45 +/- 16.26, nElo: 10.77 +/- 23.50
LOS: 81.56 %, DrawRatio: 44.29 %, PairsRatio: 1.11
Games: 840, Wins: 295, Losses: 277, Draws: 268, Points: 429.0 (51.07 %)
Ptnml(0-2): [25, 86, 186, 92, 31], WL/DD Ratio: 3.13
LLR: 0.29 (9.8%) (-2.94, 2.94) [0.00, 5.00]
--------------------------------------------------
Started game 844 of 100000 (base vs new)
Finished game 841 (new vs base): 1-0 {White mates}
Started game 845 of 100000 (new vs base)
Finished game 842 (base vs new): 1-0 {White mates}
Started game 846 of 100000 (base vs new)
Finished game 843 (new vs base): 1-0 {White mates}
Started game 847 of 100000 (new vs base)
Finished game 844 (base vs new): 0-1 {Black mates}
Started game 848 of 100000 (base vs new)
Finished game 845 (new vs base): 1/2-1/2 {Draw by 3-fold repetition}
Started game 849 of 100000 (new vs base)
Finished game 846 (base vs new): 1-0 {White mates}
Started game 850 of 100000 (base vs new)
Finished game 847 (new vs base): 0-1 {Black mates}
Started game 851 of 100000 (new vs base)
Finished game 848 (base vs new): 1/2-1/2 {Draw by insufficient mating material}
Started game 852 of 100000 (base vs new)
Finished game 850 (base vs new): 0-1 {Black mates}
Started game 853 of 100000 (new vs base)
Finished game 849 (new vs base): 1/2-1/2 {Draw by insufficient mating material}
Started game 854 of 100000 (base vs new)
Finished game 851 (new vs base): 0-1 {Black mates}
Started game 855 of 100000 (new vs base)
Finished game 852 (base vs new): 1/2-1/2 {Draw by 3-fold repetition}
Started game 856 of 100000 (base vs new)
Finished game 853 (new vs base): 1/2-1/2 {Draw by insufficient mating material}
Started game 857 of 100000 (new vs base)
Finished game 854 (base vs new): 1-0 {White mates}
Started game 858 of 100000 (base vs new)
Finished game 855 (new vs base): 1/2-1/2 {Draw by 3-fold repetition}
Started game 859 of 100000 (new vs base)
Finished game 856 (base vs new): 1-0 {White mates}
Started game 860 of 100000 (base vs new)
Finished game 857 (new vs base): 1/2-1/2 {Draw by insufficient mating material}
Started game 861 of 100000 (new vs base)
Finished game 859 (new vs base): 0-1 {Black mates}
Started game 862 of 100000 (base vs new)
Finished game 858 (base vs new): 1/2-1/2 {Draw by fifty moves rule}
Started game 863 of 100000 (new vs base)
Finished game 861 (new vs base): 1/2-1/2 {Draw by 3-fold repetition}
Started game 864 of 100000 (base vs new)
Finished game 860 (base vs new): 1-0 {White mates}
Started game 865 of 100000 (new vs base)
Finished game 862 (base vs new): 1/2-1/2 {Draw by insufficient mating material}
Started game 866 of 100000 (base vs new)
Finished game 864 (base vs new): 1-0 {White mates}
Started game 867 of 100000 (new vs base)
Finished game 863 (new vs base): 1/2-1/2 {Draw by fifty moves rule}
Started game 868 of 100000 (base vs new)
Finished game 865 (new vs base): 1/2-1/2 {Draw by fifty moves rule}
Started game 869 of 100000 (new vs base)
Finished game 866 (base vs new): 0-1 {Black mates}
Started game 870 of 100000 (base vs new)
Finished game 867 (new vs base): 1-0 {White mates}
Started game 871 of 100000 (new vs base)
Finished game 868 (base vs new): 0-1 {Black mates}
Started game 872 of 100000 (base vs new)
Finished game 869 (new vs base): 1-0 {White mates}
Started game 873 of 100000 (new vs base)
Finished game 870 (base vs new): 1-0 {White mates}
Started game 874 of 100000 (base vs new)
Finished game 873 (new vs base): 1/2-1/2 {Draw by insufficient mating material}
Started game 875 of 100000 (new vs base)
Finished game 871 (new vs base): 1/2-1/2 {Draw by 3-fold repetition}
Started game 876 of 100000 (base vs new)
Finished game 872 (base vs new): 1-0 {White mates}
Started game 877 of 100000 (new vs base)
Finished game 874 (base vs new): 1-0 {White mates}
Started game 878 of 100000 (base vs new)
Finished game 875 (new vs base): 0-1 {Black mates}
Started game 879 of 100000 (new vs base)
Finished game 876 (base vs new): 1/2-1/2 {Draw by insufficient mating material}
Started game 880 of 100000 (base vs new)
Finished game 877 (new vs base): 1-0 {White mates}
Started game 881 of 100000 (new vs base)
Finished game 878 (base vs new): 1-0 {White mates}
Started game 882 of 100000 (base vs new)
Finished game 879 (new vs base): 0-1 {Black mates}
Started game 883 of 100000 (new vs base)
Finished game 880 (base vs new): 0-1 {Black mates}
--------------------------------------------------
Results of new vs base (4+0.04, 1t, 16MB, UHO_Lichess_4852_v1.epd):
Elo: 5.13 +/- 15.96, nElo: 7.39 +/- 22.96
LOS: 73.59 %, DrawRatio: 43.64 %, PairsRatio: 1.05
Games: 880, Wins: 305, Losses: 292, Draws: 283, Points: 446.5 (50.74 %)
Ptnml(0-2): [26, 95, 192, 94, 33], WL/DD Ratio: 3.09
LLR: 0.18 (6.1%) (-2.94, 2.94) [0.00, 5.00]
--------------------------------------------------
Started game 884 of 100000 (base vs new)
Finished game 881 (new vs base): 0-1 {Black mates}
Started game 885 of 100000 (new vs base)
Finished game 883 (new vs base): 0-1 {Black mates}
Started game 886 of 100000 (base vs new)
Finished game 882 (base vs new): 1/2-1/2 {Draw by insufficient mating material}
Started game 887 of 100000 (new vs base)
Finished game 884 (base vs new): 0-1 {Black mates}
Started game 888 of 100000 (base vs new)
Finished game 885 (new vs base): 0-1 {Black mates}
Started game 889 of 100000 (new vs base)
Finished game 887 (new vs base): 0-1 {Black mates}
Started game 890 of 100000 (base vs new)
Finished game 886 (base vs new): 1-0 {White mates}
Started game 891 of 100000 (new vs base)
Finished game 888 (base vs new): 0-1 {Black mates}
Started game 892 of 100000 (base vs new)
Finished game 889 (new vs base): 0-1 {Black mates}
Started game 893 of 100000 (new vs base)
Finished game 890 (base vs new): 0-1 {Black mates}
Started game 894 of 100000 (base vs new)
Finished game 891 (new vs base): 0-1 {Black mates}
Started game 895 of 100000 (new vs base)
Finished game 892 (base vs new): 1/2-1/2 {Draw by 3-fold repetition}
Started game 896 of 100000 (base vs new)
Finished game 893 (new vs base): 1/2-1/2 {Draw by insufficient mating material}
Started game 897 of 100000 (new vs base)
Finished game 894 (base vs new): 1/2-1/2 {Draw by 3-fold repetition}
Started game 898 of 100000 (base vs new)
Finished game 895 (new vs base): 1-0 {White mates}
Started game 899 of 100000 (new vs base)
Finished game 896 (base vs new): 1-0 {White mates}
Started game 900 of 100000 (base vs new)
Finished game 897 (new vs base): 0-1 {Black mates}
Started game 901 of 100000 (new vs base)
Finished game 898 (base vs new): 1-0 {White mates}
Started game 902 of 100000 (base vs new)
Finished game 899 (new vs base): 1-0 {White mates}
Started game 903 of 100000 (new vs base)
Finished game 900 (base vs new): 0-1 {Black mates}
Started game 904 of 100000 (base vs new)
Finished game 901 (new vs base): 0-1 {Black mates}
Started game 905 of 100000 (new vs base)
Finished game 902 (base vs new): 0-1 {Black mates}
Started game 906 of 100000 (base vs new)
Finished game 903 (new vs base): 0-1 {Black mates}
Started game 907 of 100000 (new vs base)
Finished game 904 (base vs new): 0-1 {Black mates}
Started game 908 of 100000 (base vs new)
Finished game 905 (new vs base): 0-1 {Black mates}
Started game 909 of 100000 (new vs base)
Finished game 906 (base vs new): 1-0 {White mates}
Started game 910 of 100000 (base vs new)
Finished game 908 (base vs new): 0-1 {Black mates}
Started game 911 of 100000 (new vs base)
Finished game 907 (new vs base): 1/2-1/2 {Draw by insufficient mating material}
Started game 912 of 100000 (base vs new)
Finished game 910 (base vs new): 1/2-1/2 {Draw by insufficient mating material}
Started game 913 of 100000 (new vs base)
Finished game 909 (new vs base): 0-1 {Black mates}
Started game 914 of 100000 (base vs new)
Finished game 911 (new vs base): 0-1 {Black mates}
Started game 915 of 100000 (new vs base)
Finished game 914 (base vs new): 1/2-1/2 {Draw by 3-fold repetition}
Started game 916 of 100000 (base vs new)
Finished game 912 (base vs new): 0-1 {Black mates}
Started game 917 of 100000 (new vs base)
Finished game 913 (new vs base): 0-1 {Black mates}
Started game 918 of 100000 (base vs new)
Finished game 915 (new vs base): 1-0 {White mates}
Started game 919 of 100000 (new vs base)
Finished game 917 (new vs base): 1/2-1/2 {Draw by 3-fold repetition}
Started game 920 of 100000 (base vs new)
Finished game 916 (base vs new): 1/2-1/2 {Draw by fifty moves rule}
Started game 921 of 100000 (new vs base)
Finished game 918 (base vs new): 0-1 {Black mates}
Started game 922 of 100000 (base vs new)
Finished game 919 (new vs base): 1-0 {White mates}
Started game 923 of 100000 (new vs base)
Finished game 920 (base vs new): 1/2-1/2 {Draw by insufficient mating material}
--------------------------------------------------
Results of new vs base (4+0.04, 1t, 16MB, UHO_Lichess_4852_v1.epd):
Elo: 3.40 +/- 15.69, nElo: 4.87 +/- 22.45
LOS: 66.45 %, DrawRatio: 43.48 %, PairsRatio: 1.03
Games: 920, Wins: 318, Losses: 309, Draws: 293, Points: 464.5 (50.49 %)
Ptnml(0-2): [29, 99, 200, 98, 34], WL/DD Ratio: 3.17
LLR: 0.09 (3.1%) (-2.94, 2.94) [0.00, 5.00]
--------------------------------------------------
Started game 924 of 100000 (base vs new)
Finished game 921 (new vs base): 1/2-1/2 {Draw by insufficient mating material}
Started game 925 of 100000 (new vs base)
Finished game 922 (base vs new): 0-1 {Black mates}
Started game 926 of 100000 (base vs new)
Finished game 923 (new vs base): 0-1 {Black mates}
Started game 927 of 100000 (new vs base)
Finished game 924 (base vs new): 0-1 {Black mates}
Started game 928 of 100000 (base vs new)
Finished game 925 (new vs base): 0-1 {Black mates}
Started game 929 of 100000 (new vs base)
Finished game 926 (base vs new): 0-1 {Black mates}
Started game 930 of 100000 (base vs new)
Finished game 927 (new vs base): 1-0 {White mates}
Started game 931 of 100000 (new vs base)
Finished game 928 (base vs new): 1-0 {White mates}
Started game 932 of 100000 (base vs new)
Finished game 930 (base vs new): 0-1 {Black mates}
Started game 933 of 100000 (new vs base)
Finished game 929 (new vs base): 0-1 {Black mates}
Started game 934 of 100000 (base vs new)
Finished game 931 (new vs base): 1-0 {White mates}
Started game 935 of 100000 (new vs base)
Finished game 932 (base vs new): 1-0 {White mates}
Started game 936 of 100000 (base vs new)
Finished game 934 (base vs new): 0-1 {Black mates}
Started game 937 of 100000 (new vs base)
Finished game 933 (new vs base): 0-1 {Black mates}
Started game 938 of 100000 (base vs new)
Finished game 935 (new vs base): 1/2-1/2 {Draw by fifty moves rule}
Started game 939 of 100000 (new vs base)
Finished game 936 (base vs new): 1/2-1/2 {Draw by insufficient mating material}
Started game 940 of 100000 (base vs new)
Finished game 937 (new vs base): 1-0 {White mates}
Started game 941 of 100000 (new vs base)
Finished game 938 (base vs new): 1-0 {White mates}
Started game 942 of 100000 (base vs new)
Finished game 940 (base vs new): 0-1 {Black mates}
Started game 943 of 100000 (new vs base)
Finished game 942 (base vs new): 1/2-1/2 {Draw by 3-fold repetition}
Started game 944 of 100000 (base vs new)
Finished game 939 (new vs base): 1-0 {White mates}
Started game 945 of 100000 (new vs base)
Finished game 941 (new vs base): 0-1 {Black mates}
Started game 946 of 100000 (base vs new)
Finished game 943 (new vs base): 1/2-1/2 {Draw by insufficient mating material}
Started game 947 of 100000 (new vs base)
Finished game 944 (base vs new): 1/2-1/2 {Draw by insufficient mating material}
Started game 948 of 100000 (base vs new)
Finished game 945 (new vs base): 0-1 {Black mates}
Started game 949 of 100000 (new vs base)
Finished game 946 (base vs new): 1-0 {White mates}
Started game 950 of 100000 (base vs new)
Finished game 947 (new vs base): 1/2-1/2 {Draw by 3-fold repetition}
Started game 951 of 100000 (new vs base)
Finished game 948 (base vs new): 0-1 {Black mates}
Started game 952 of 100000 (base vs new)
Finished game 949 (new vs base): 0-1 {Black mates}
Started game 953 of 100000 (new vs base)
Finished game 950 (base vs new): 0-1 {Black mates}
Started game 954 of 100000 (base vs new)
Finished game 951 (new vs base): 1/2-1/2 {Draw by insufficient mating material}
Started game 955 of 100000 (new vs base)
Finished game 952 (base vs new): 1-0 {White mates}
Started game 956 of 100000 (base vs new)
Finished game 953 (new vs base): 1/2-1/2 {Draw by 3-fold repetition}
Started game 957 of 100000 (new vs base)
Finished game 954 (base vs new): 1/2-1/2 {Draw by insufficient mating material}
Started game 958 of 100000 (base vs new)
Finished game 955 (new vs base): 0-1 {Black mates}
Started game 959 of 100000 (new vs base)
Finished game 956 (base vs new): 0-1 {Black mates}
Started game 960 of 100000 (base vs new)
Finished game 957 (new vs base): 1-0 {White mates}
Started game 961 of 100000 (new vs base)
Finished game 958 (base vs new): 1-0 {White mates}
Started game 962 of 100000 (base vs new)
Finished game 959 (new vs base): 1/2-1/2 {Draw by insufficient mating material}
Started game 963 of 100000 (new vs base)
Finished game 960 (base vs new): 1-0 {White mates}
--------------------------------------------------
Results of new vs base (4+0.04, 1t, 16MB, UHO_Lichess_4852_v1.epd):
Elo: 2.90 +/- 15.26, nElo: 4.17 +/- 21.98
LOS: 64.51 %, DrawRatio: 44.38 %, PairsRatio: 1.02
Games: 960, Wins: 332, Losses: 324, Draws: 304, Points: 484.0 (50.42 %)
Ptnml(0-2): [30, 102, 213, 100, 35], WL/DD Ratio: 3.18
LLR: 0.07 (2.3%) (-2.94, 2.94) [0.00, 5.00]
--------------------------------------------------
Started game 964 of 100000 (base vs new)
Finished game 961 (new vs base): 1-0 {White mates}
Started game 965 of 100000 (new vs base)
Finished game 962 (base vs new): 1-0 {White mates}
Started game 966 of 100000 (base vs new)
Finished game 963 (new vs base): 0-1 {Black mates}
Started game 967 of 100000 (new vs base)
Finished game 964 (base vs new): 1/2-1/2 {Draw by 3-fold repetition}
Started game 968 of 100000 (base vs new)
Finished game 966 (base vs new): 1/2-1/2 {Draw by 3-fold repetition}
Started game 969 of 100000 (new vs base)
Finished game 965 (new vs base): 0-1 {Black mates}
Started game 970 of 100000 (base vs new)
Finished game 967 (new vs base): 0-1 {Black mates}
Started game 971 of 100000 (new vs base)
Finished game 969 (new vs base): 0-1 {Black mates}
Started game 972 of 100000 (base vs new)
Finished game 968 (base vs new): 1/2-1/2 {Draw by fifty moves rule}
Started game 973 of 100000 (new vs base)
Finished game 970 (base vs new): 1/2-1/2 {Draw by 3-fold repetition}
Started game 974 of 100000 (base vs new)
Finished game 971 (new vs base): 1-0 {White mates}
Started game 975 of 100000 (new vs base)
Finished game 973 (new vs base): 0-1 {Black mates}
Started game 976 of 100000 (base vs new)
Finished game 974 (base vs new): 1-0 {White mates}
Started game 977 of 100000 (new vs base)
Finished game 972 (base vs new): 1/2-1/2 {Draw by fifty moves rule}
Started game 978 of 100000 (base vs new)
Finished game 977 (new vs base): 1-0 {White mates}
Started game 979 of 100000 (new vs base)
Finished game 976 (base vs new): 0-1 {Black mates}
Started game 980 of 100000 (base vs new)
Finished game 975 (new vs base): 1/2-1/2 {Draw by 3-fold repetition}
Started game 981 of 100000 (new vs base)
Finished game 978 (base vs new): 1/2-1/2 {Draw by insufficient mating material}
Started game 982 of 100000 (base vs new)
Finished game 981 (new vs base): 1-0 {White mates}
Started game 983 of 100000 (new vs base)
Finished game 979 (new vs base): 0-1 {White loses on time (6ms overrun)}
Started game 984 of 100000 (base vs new)
Finished game 980 (base vs new): 0-1 {Black mates}
Started game 985 of 100000 (new vs base)
Finished game 982 (base vs new): 1-0 {White mates}
Started game 986 of 100000 (base vs new)
Finished game 984 (base vs new): 1-0 {White mates}
Started game 987 of 100000 (new vs base)
Finished game 983 (new vs base): 1-0 {White mates}
Started game 988 of 100000 (base vs new)
Finished game 985 (new vs base): 1/2-1/2 {Draw by fifty moves rule}
Started game 989 of 100000 (new vs base)
Finished game 986 (base vs new): 1-0 {White mates}
Started game 990 of 100000 (base vs new)
Finished game 988 (base vs new): 1/2-1/2 {Draw by 3-fold repetition}
Started game 991 of 100000 (new vs base)
Finished game 987 (new vs base): 1-0 {White mates}
Started game 992 of 100000 (base vs new)
Finished game 989 (new vs base): 1-0 {White mates}
Started game 993 of 100000 (new vs base)
Finished game 990 (base vs new): 1-0 {White mates}
Started game 994 of 100000 (base vs new)
Finished game 991 (new vs base): 1-0 {White mates}
Started game 995 of 100000 (new vs base)
Finished game 992 (base vs new): 1-0 {White mates}
Started game 996 of 100000 (base vs new)
Finished game 994 (base vs new): 0-1 {Black mates}
Started game 997 of 100000 (new vs base)
Finished game 993 (new vs base): 1/2-1/2 {Draw by fifty moves rule}
Started game 998 of 100000 (base vs new)
Finished game 995 (new vs base): 0-1 {Black mates}
Started game 999 of 100000 (new vs base)
Finished game 996 (base vs new): 0-1 {Black mates}
Started game 1000 of 100000 (base vs new)
Finished game 997 (new vs base): 1-0 {White mates}
Started game 1001 of 100000 (new vs base)
Finished game 998 (base vs new): 1-0 {White mates}
Started game 1002 of 100000 (base vs new)
Finished game 999 (new vs base): 0-1 {Black mates}
Started game 1003 of 100000 (new vs base)
Finished game 1000 (base vs new): 1/2-1/2 {Draw by insufficient mating material}
--------------------------------------------------
Results of new vs base (4+0.04, 1t, 16MB, UHO_Lichess_4852_v1.epd):
Elo: 1.74 +/- 14.88, nElo: 2.52 +/- 21.53
LOS: 59.05 %, DrawRatio: 44.20 %, PairsRatio: 1.01
Games: 1000, Wins: 345, Losses: 340, Draws: 315, Points: 502.5 (50.25 %)
Ptnml(0-2): [31, 108, 221, 105, 35], WL/DD Ratio: 3.33
LLR: 0.00 (0.0%) (-2.94, 2.94) [0.00, 5.00]
--------------------------------------------------
Started game 1004 of 100000 (base vs new)
Finished game 1001 (new vs base): 1/2-1/2 {Draw by 3-fold repetition}
Started game 1005 of 100000 (new vs base)
Finished game 1003 (new vs base): 0-1 {Black mates}
Started game 1006 of 100000 (base vs new)
Finished game 1002 (base vs new): 1/2-1/2 {Draw by insufficient mating material}
Started game 1007 of 100000 (new vs base)
Finished game 1004 (base vs new): 0-1 {Black mates}
Started game 1008 of 100000 (base vs new)
Finished game 1005 (new vs base): 1-0 {White mates}
Started game 1009 of 100000 (new vs base)
Finished game 1006 (base vs new): 1-0 {White mates}
Started game 1010 of 100000 (base vs new)
Finished game 1007 (new vs base): 1/2-1/2 {Draw by insufficient mating material}
Started game 1011 of 100000 (new vs base)
Finished game 1009 (new vs base): 1/2-1/2 {Draw by 3-fold repetition}
Started game 1012 of 100000 (base vs new)
Finished game 1010 (base vs new): 1-0 {White mates}
Started game 1013 of 100000 (new vs base)
Finished game 1011 (new vs base): 1-0 {White mates}
Started game 1014 of 100000 (base vs new)
Finished game 1008 (base vs new): 1/2-1/2 {Draw by insufficient mating material}
Started game 1015 of 100000 (new vs base)
Finished game 1012 (base vs new): 1-0 {White mates}
Started game 1016 of 100000 (base vs new)
Finished game 1013 (new vs base): 0-1 {Black mates}
Started game 1017 of 100000 (new vs base)
Finished game 1014 (base vs new): 1-0 {White mates}
Started game 1018 of 100000 (base vs new)
Finished game 1015 (new vs base): 1-0 {White mates}
Started game 1019 of 100000 (new vs base)
Finished game 1016 (base vs new): 1/2-1/2 {Draw by 3-fold repetition}
Started game 1020 of 100000 (base vs new)
Finished game 1017 (new vs base): 0-1 {Black mates}
Started game 1021 of 100000 (new vs base)
Finished game 1019 (new vs base): 0-1 {Black mates}
Started game 1022 of 100000 (base vs new)
Finished game 1018 (base vs new): 0-1 {Black mates}
Started game 1023 of 100000 (new vs base)
Finished game 1020 (base vs new): 1/2-1/2 {Draw by 3-fold repetition}
Started game 1024 of 100000 (base vs new)
Finished game 1021 (new vs base): 1-0 {White mates}
Started game 1025 of 100000 (new vs base)
Finished game 1024 (base vs new): 0-1 {Black mates}
Started game 1026 of 100000 (base vs new)
Finished game 1023 (new vs base): 0-1 {Black mates}
Started game 1027 of 100000 (new vs base)
Finished game 1022 (base vs new): 0-1 {Black mates}
Started game 1028 of 100000 (base vs new)
Finished game 1025 (new vs base): 0-1 {Black mates}
Started game 1029 of 100000 (new vs base)
Finished game 1027 (new vs base): 1-0 {White mates}
Started game 1030 of 100000 (base vs new)
Finished game 1026 (base vs new): 1-0 {White mates}
Started game 1031 of 100000 (new vs base)
Finished game 1028 (base vs new): 1/2-1/2 {Draw by 3-fold repetition}
Started game 1032 of 100000 (base vs new)
Finished game 1029 (new vs base): 0-1 {Black mates}
Started game 1033 of 100000 (new vs base)
Finished game 1030 (base vs new): 1-0 {White mates}
Started game 1034 of 100000 (base vs new)
Finished game 1031 (new vs base): 0-1 {Black mates}
Started game 1035 of 100000 (new vs base)
Finished game 1032 (base vs new): 1/2-1/2 {Draw by insufficient mating material}
Started game 1036 of 100000 (base vs new)
Finished game 1033 (new vs base): 0-1 {Black mates}
Started game 1037 of 100000 (new vs base)
Finished game 1035 (new vs base): 0-1 {Black mates}
Started game 1038 of 100000 (base vs new)
Finished game 1036 (base vs new): 0-1 {Black mates}
Started game 1039 of 100000 (new vs base)
Finished game 1034 (base vs new): 1/2-1/2 {Draw by fifty moves rule}
Started game 1040 of 100000 (base vs new)
Finished game 1037 (new vs base): 1-0 {White mates}
Started game 1041 of 100000 (new vs base)
Finished game 1039 (new vs base): 1-0 {White mates}
Started game 1042 of 100000 (base vs new)
Finished game 1038 (base vs new): 1/2-1/2 {Draw by insufficient mating material}
Started game 1043 of 100000 (new vs base)
Finished game 1040 (base vs new): 1-0 {White mates}
--------------------------------------------------
Results of new vs base (4+0.04, 1t, 16MB, UHO_Lichess_4852_v1.epd):
Elo: -0.00 +/- 14.65, nElo: 0.00 +/- 21.12
LOS: 50.00 %, DrawRatio: 44.23 %, PairsRatio: 0.99
Games: 1040, Wins: 357, Losses: 357, Draws: 326, Points: 520.0 (50.00 %)
Ptnml(0-2): [34, 112, 230, 108, 36], WL/DD Ratio: 3.34
LLR: -0.11 (-3.7%) (-2.94, 2.94) [0.00, 5.00]
--------------------------------------------------
Started game 1044 of 100000 (base vs new)
Finished game 1043 (new vs base): 1/2-1/2 {Draw by 3-fold repetition}
Started game 1045 of 100000 (new vs base)
Finished game 1042 (base vs new): 1/2-1/2 {Draw by insufficient mating material}
Started game 1046 of 100000 (base vs new)
Finished game 1044 (base vs new): 1-0 {White mates}
Started game 1047 of 100000 (new vs base)
Finished game 1041 (new vs base): 1/2-1/2 {Draw by fifty moves rule}
Started game 1048 of 100000 (base vs new)
Finished game 1045 (new vs base): 1-0 {White mates}
Started game 1049 of 100000 (new vs base)
Finished game 1046 (base vs new): 1-0 {White mates}
Started game 1050 of 100000 (base vs new)
Finished game 1047 (new vs base): 0-1 {Black mates}
Started game 1051 of 100000 (new vs base)
Finished game 1049 (new vs base): 0-1 {Black mates}
Started game 1052 of 100000 (base vs new)
Finished game 1051 (new vs base): 0-1 {Black mates}
Started game 1053 of 100000 (new vs base)
Finished game 1048 (base vs new): 0-1 {Black mates}
Started game 1054 of 100000 (base vs new)
Finished game 1050 (base vs new): 0-1 {Black mates}
Started game 1055 of 100000 (new vs base)
Finished game 1053 (new vs base): 0-1 {Black mates}
Started game 1056 of 100000 (base vs new)
Finished game 1052 (base vs new): 1-0 {White mates}
Started game 1057 of 100000 (new vs base)
Finished game 1054 (base vs new): 0-1 {Black mates}
Started game 1058 of 100000 (base vs new)
Finished game 1055 (new vs base): 1-0 {White mates}
Started game 1059 of 100000 (new vs base)
Finished game 1056 (base vs new): 1/2-1/2 {Draw by 3-fold repetition}
Started game 1060 of 100000 (base vs new)
Finished game 1058 (base vs new): 1/2-1/2 {Draw by 3-fold repetition}
Started game 1061 of 100000 (new vs base)
Finished game 1057 (new vs base): 1-0 {White mates}
Started game 1062 of 100000 (base vs new)
Finished game 1059 (new vs base): 1-0 {White mates}
Started game 1063 of 100000 (new vs base)
Finished game 1062 (base vs new): 1/2-1/2 {Draw by insufficient mating material}
Started game 1064 of 100000 (base vs new)
Finished game 1061 (new vs base): 0-1 {Black mates}
Started game 1065 of 100000 (new vs base)
Finished game 1060 (base vs new): 1/2-1/2 {Draw by fifty moves rule}
Started game 1066 of 100000 (base vs new)
Finished game 1063 (new vs base): 0-1 {Black mates}
Started game 1067 of 100000 (new vs base)
Finished game 1064 (base vs new): 1-0 {White mates}
Started game 1068 of 100000 (base vs new)
Finished game 1065 (new vs base): 1-0 {White mates}
Started game 1069 of 100000 (new vs base)
Finished game 1067 (new vs base): 1/2-1/2 {Draw by 3-fold repetition}
Started game 1070 of 100000 (base vs new)
Finished game 1066 (base vs new): 1-0 {White mates}
Started game 1071 of 100000 (new vs base)
Finished game 1068 (base vs new): 0-1 {Black mates}
Started game 1072 of 100000 (base vs new)
Finished game 1069 (new vs base): 1-0 {White mates}
Started game 1073 of 100000 (new vs base)
Finished game 1070 (base vs new): 0-1 {Black mates}
Started game 1074 of 100000 (base vs new)
Finished game 1071 (new vs base): 0-1 {Black mates}
Started game 1075 of 100000 (new vs base)
Finished game 1072 (base vs new): 0-1 {Black mates}
Started game 1076 of 100000 (base vs new)
Finished game 1074 (base vs new): 1/2-1/2 {Draw by 3-fold repetition}
Started game 1077 of 100000 (new vs base)
Finished game 1073 (new vs base): 1-0 {White mates}
Started game 1078 of 100000 (base vs new)
Finished game 1075 (new vs base): 1/2-1/2 {Draw by insufficient mating material}
Started game 1079 of 100000 (new vs base)
Finished game 1076 (base vs new): 1-0 {White mates}
Started game 1080 of 100000 (base vs new)
Finished game 1078 (base vs new): 1/2-1/2 {Draw by 3-fold repetition}
Started game 1081 of 100000 (new vs base)
Finished game 1077 (new vs base): 1/2-1/2 {Draw by insufficient mating material}
Started game 1082 of 100000 (base vs new)
Finished game 1079 (new vs base): 0-1 {Black mates}
Started game 1083 of 100000 (new vs base)
Finished game 1081 (new vs base): 0-1 {Black mates}
Started game 1084 of 100000 (base vs new)
Finished game 1080 (base vs new): 0-1 {Black mates}
--------------------------------------------------
Results of new vs base (4+0.04, 1t, 16MB, UHO_Lichess_4852_v1.epd):
Elo: -0.00 +/- 14.39, nElo: 0.00 +/- 20.72
LOS: 50.00 %, DrawRatio: 44.26 %, PairsRatio: 0.99
Games: 1080, Wins: 371, Losses: 371, Draws: 338, Points: 540.0 (50.00 %)
Ptnml(0-2): [36, 115, 239, 113, 37], WL/DD Ratio: 3.35
LLR: -0.11 (-3.8%) (-2.94, 2.94) [0.00, 5.00]
--------------------------------------------------
Started game 1085 of 100000 (new vs base)
Finished game 1082 (base vs new): 0-1 {Black mates}
Started game 1086 of 100000 (base vs new)
Finished game 1083 (new vs base): 1/2-1/2 {Draw by 3-fold repetition}
Started game 1087 of 100000 (new vs base)
Finished game 1084 (base vs new): 0-1 {Black mates}
Started game 1088 of 100000 (base vs new)
Finished game 1085 (new vs base): 1-0 {White mates}
Started game 1089 of 100000 (new vs base)
Finished game 1086 (base vs new): 1-0 {White mates}
Started game 1090 of 100000 (base vs new)
Finished game 1087 (new vs base): 0-1 {Black mates}
Started game 1091 of 100000 (new vs base)
Finished game 1089 (new vs base): 0-1 {Black mates}
Started game 1092 of 100000 (base vs new)
Finished game 1088 (base vs new): 1-0 {White mates}
Started game 1093 of 100000 (new vs base)
Finished game 1090 (base vs new): 1-0 {White mates}
Started game 1094 of 100000 (base vs new)
Finished game 1091 (new vs base): 1/2-1/2 {Draw by 3-fold repetition}
Started game 1095 of 100000 (new vs base)
Finished game 1092 (base vs new): 1/2-1/2 {Draw by 3-fold repetition}
Started game 1096 of 100000 (base vs new)
Finished game 1093 (new vs base): 0-1 {Black mates}
Started game 1097 of 100000 (new vs base)
Finished game 1094 (base vs new): 1-0 {White mates}
Started game 1098 of 100000 (base vs new)
Finished game 1095 (new vs base): 0-1 {Black mates}
Started game 1099 of 100000 (new vs base)
Finished game 1096 (base vs new): 1-0 {White mates}
Started game 1100 of 100000 (base vs new)
Finished game 1097 (new vs base): 1/2-1/2 {Draw by 3-fold repetition}
Started game 1101 of 100000 (new vs base)
Finished game 1098 (base vs new): 0-1 {Black mates}
Started game 1102 of 100000 (base vs new)
Finished game 1099 (new vs base): 1-0 {White mates}
Started game 1103 of 100000 (new vs base)
Finished game 1100 (base vs new): 1-0 {White mates}
Started game 1104 of 100000 (base vs new)
Finished game 1102 (base vs new): 0-1 {Black mates}
Started game 1105 of 100000 (new vs base)
Finished game 1101 (new vs base): 1/2-1/2 {Draw by insufficient mating material}
Started game 1106 of 100000 (base vs new)
Finished game 1103 (new vs base): 1-0 {White mates}
Started game 1107 of 100000 (new vs base)
Finished game 1104 (base vs new): 1/2-1/2 {Draw by 3-fold repetition}
Started game 1108 of 100000 (base vs new)
Finished game 1105 (new vs base): 1-0 {White mates}
Started game 1109 of 100000 (new vs base)
Finished game 1108 (base vs new): 0-1 {Black mates}
Started game 1110 of 100000 (base vs new)
Finished game 1107 (new vs base): 0-1 {Black mates}
Started game 1111 of 100000 (new vs base)
Finished game 1106 (base vs new): 1/2-1/2 {Draw by fifty moves rule}
Started game 1112 of 100000 (base vs new)
Finished game 1110 (base vs new): 1-0 {White mates}
Started game 1113 of 100000 (new vs base)
Finished game 1111 (new vs base): 0-1 {Black mates}
Started game 1114 of 100000 (base vs new)
Finished game 1109 (new vs base): 1/2-1/2 {Draw by fifty moves rule}
Started game 1115 of 100000 (new vs base)
Finished game 1112 (base vs new): 1-0 {White mates}
Started game 1116 of 100000 (base vs new)
Finished game 1113 (new vs base): 0-1 {Black mates}
Started game 1117 of 100000 (new vs base)
Finished game 1115 (new vs base): 0-1 {Black mates}
Started game 1118 of 100000 (base vs new)
Finished game 1114 (base vs new): 0-1 {Black mates}
Started game 1119 of 100000 (new vs base)
Finished game 1116 (base vs new): 0-1 {Black mates}
Started game 1120 of 100000 (base vs new)
Finished game 1118 (base vs new): 1-0 {White mates}
Started game 1121 of 100000 (new vs base)
Finished game 1117 (new vs base): 1-0 {White mates}
Started game 1122 of 100000 (base vs new)
Finished game 1119 (new vs base): 0-1 {Black mates}
Started game 1123 of 100000 (new vs base)
Finished game 1120 (base vs new): 0-1 {Black mates}
--------------------------------------------------
Results of new vs base (4+0.04, 1t, 16MB, UHO_Lichess_4852_v1.epd):
Elo: -1.86 +/- 14.21, nElo: -2.67 +/- 20.35
LOS: 39.87 %, DrawRatio: 44.29 %, PairsRatio: 0.99
Games: 1120, Wins: 384, Losses: 390, Draws: 346, Points: 557.0 (49.73 %)
Ptnml(0-2): [41, 116, 248, 118, 37], WL/DD Ratio: 3.43
LLR: -0.24 (-8.1%) (-2.94, 2.94) [0.00, 5.00]
--------------------------------------------------
Started game 1124 of 100000 (base vs new)
Finished game 1122 (base vs new): 1-0 {White mates}
Started game 1125 of 100000 (new vs base)
Finished game 1123 (new vs base): 1-0 {White mates}
Started game 1126 of 100000 (base vs new)
Finished game 1121 (new vs base): 1/2-1/2 {Draw by stalemate}
Started game 1127 of 100000 (new vs base)
Finished game 1124 (base vs new): 1/2-1/2 {Draw by insufficient mating material}
Started game 1128 of 100000 (base vs new)
Finished game 1125 (new vs base): 1-0 {White mates}
Started game 1129 of 100000 (new vs base)
Finished game 1126 (base vs new): 1/2-1/2 {Draw by 3-fold repetition}
Started game 1130 of 100000 (base vs new)
Finished game 1127 (new vs base): 0-1 {Black mates}
Started game 1131 of 100000 (new vs base)
Finished game 1128 (base vs new): 1/2-1/2 {Draw by insufficient mating material}
Started game 1132 of 100000 (base vs new)
Finished game 1129 (new vs base): 0-1 {Black mates}
Started game 1133 of 100000 (new vs base)
Finished game 1130 (base vs new): 0-1 {Black mates}
Started game 1134 of 100000 (base vs new)
Finished game 1131 (new vs base): 1/2-1/2 {Draw by 3-fold repetition}
Started game 1135 of 100000 (new vs base)
Finished game 1133 (new vs base): 1-0 {White mates}
Started game 1136 of 100000 (base vs new)
Finished game 1134 (base vs new): 1/2-1/2 {Draw by 3-fold repetition}
Started game 1137 of 100000 (new vs base)
Finished game 1135 (new vs base): 1-0 {White mates}
Started game 1138 of 100000 (base vs new)
Finished game 1132 (base vs new): 1/2-1/2 {Draw by 3-fold repetition}
Started game 1139 of 100000 (new vs base)
Finished game 1137 (new vs base): 0-1 {Black mates}
Started game 1140 of 100000 (base vs new)
Finished game 1136 (base vs new): 1/2-1/2 {Draw by insufficient mating material}
Started game 1141 of 100000 (new vs base)
Finished game 1139 (new vs base): 0-1 {Black mates}
Started game 1142 of 100000 (base vs new)
Finished game 1138 (base vs new): 1/2-1/2 {Draw by fifty moves rule}
Started game 1143 of 100000 (new vs base)
Finished game 1140 (base vs new): 0-1 {Black mates}
Started game 1144 of 100000 (base vs new)
Finished game 1141 (new vs base): 0-1 {Black mates}
Started game 1145 of 100000 (new vs base)
Finished game 1142 (base vs new): 1-0 {White mates}
Started game 1146 of 100000 (base vs new)
Finished game 1143 (new vs base): 1/2-1/2 {Draw by fifty moves rule}
Started game 1147 of 100000 (new vs base)
Finished game 1144 (base vs new): 1/2-1/2 {Draw by insufficient mating material}
Started game 1148 of 100000 (base vs new)
Finished game 1145 (new vs base): 1/2-1/2 {Draw by 3-fold repetition}
Started game 1149 of 100000 (new vs base)
Finished game 1146 (base vs new): 1/2-1/2 {Draw by 3-fold repetition}
Started game 1150 of 100000 (base vs new)
Finished game 1148 (base vs new): 0-1 {Black mates}
Started game 1151 of 100000 (new vs base)
Finished game 1149 (new vs base): 1-0 {White mates}
Started game 1152 of 100000 (base vs new)
Finished game 1147 (new vs base): 1/2-1/2 {Draw by insufficient mating material}
Started game 1153 of 100000 (new vs base)
Finished game 1150 (base vs new): 1-0 {White mates}
Started game 1154 of 100000 (base vs new)
Finished game 1151 (new vs base): 0-1 {Black mates}
Started game 1155 of 100000 (new vs base)
Finished game 1152 (base vs new): 0-1 {Black mates}
Started game 1156 of 100000 (base vs new)
Finished game 1153 (new vs base): 1-0 {White mates}
Started game 1157 of 100000 (new vs base)
Finished game 1154 (base vs new): 1-0 {White mates}
Started game 1158 of 100000 (base vs new)
Finished game 1155 (new vs base): 0-1 {Black mates}
Started game 1159 of 100000 (new vs base)
Finished game 1157 (new vs base): 1-0 {White mates}
Started game 1160 of 100000 (base vs new)
Finished game 1156 (base vs new): 1/2-1/2 {Draw by fifty moves rule}
Started game 1161 of 100000 (new vs base)
Finished game 1158 (base vs new): 1/2-1/2 {Draw by 3-fold repetition}
Started game 1162 of 100000 (base vs new)
Finished game 1159 (new vs base): 1/2-1/2 {Draw by insufficient mating material}
Started game 1163 of 100000 (new vs base)
Finished game 1160 (base vs new): 0-1 {White loses on time (5ms overrun)}
--------------------------------------------------
Results of new vs base (4+0.04, 1t, 16MB, UHO_Lichess_4852_v1.epd):
Elo: -1.50 +/- 13.91, nElo: -2.15 +/- 19.99
LOS: 41.64 %, DrawRatio: 44.14 %, PairsRatio: 1.00
Games: 1160, Wins: 396, Losses: 401, Draws: 363, Points: 577.5 (49.78 %)
Ptnml(0-2): [42, 120, 256, 125, 37], WL/DD Ratio: 3.34
LLR: -0.22 (-7.6%) (-2.94, 2.94) [0.00, 5.00]
--------------------------------------------------
Started game 1164 of 100000 (base vs new)
Finished game 1161 (new vs base): 0-1 {White loses on time (8ms overrun)}
Started game 1165 of 100000 (new vs base)
Finished game 1162 (base vs new): 1/2-1/2 {Draw by insufficient mating material}
Started game 1166 of 100000 (base vs new)
Finished game 1163 (new vs base): 1-0 {White mates}
Started game 1167 of 100000 (new vs base)
Finished game 1164 (base vs new): 1/2-1/2 {Draw by 3-fold repetition}
Started game 1168 of 100000 (base vs new)
Finished game 1165 (new vs base): 1-0 {White mates}
Started game 1169 of 100000 (new vs base)
Finished game 1167 (new vs base): 1-0 {White mates}
Started game 1170 of 100000 (base vs new)
Finished game 1166 (base vs new): 1-0 {White mates}
Started game 1171 of 100000 (new vs base)
Finished game 1168 (base vs new): 0-1 {Black mates}
Started game 1172 of 100000 (base vs new)
Finished game 1169 (new vs base): 1/2-1/2 {Draw by insufficient mating material}
Started game 1173 of 100000 (new vs base)
Finished game 1171 (new vs base): 1-0 {White mates}
Started game 1174 of 100000 (base vs new)
Finished game 1170 (base vs new): 0-1 {Black mates}
Started game 1175 of 100000 (new vs base)
Finished game 1172 (base vs new): 0-1 {Black mates}
Started game 1176 of 100000 (base vs new)
Finished game 1173 (new vs base): 1/2-1/2 {Draw by 3-fold repetition}
Started game 1177 of 100000 (new vs base)
Finished game 1174 (base vs new): 0-1 {Black mates}
Started game 1178 of 100000 (base vs new)
Finished game 1175 (new vs base): 1-0 {White mates}
Started game 1179 of 100000 (new vs base)
Finished game 1176 (base vs new): 1/2-1/2 {Draw by insufficient mating material}
Started game 1180 of 100000 (base vs new)
Finished game 1178 (base vs new): 0-1 {Black mates}
Started game 1181 of 100000 (new vs base)
Finished game 1177 (new vs base): 1-0 {White mates}
Started game 1182 of 100000 (base vs new)
Finished game 1179 (new vs base): 0-1 {Black mates}
Started game 1183 of 100000 (new vs base)
Finished game 1180 (base vs new): 1/2-1/2 {Draw by insufficient mating material}
Started game 1184 of 100000 (base vs new)
Finished game 1182 (base vs new): 1/2-1/2 {Draw by insufficient mating material}
Started game 1185 of 100000 (new vs base)
Finished game 1181 (new vs base): 1-0 {White mates}
Started game 1186 of 100000 (base vs new)
Finished game 1183 (new vs base): 0-1 {Black mates}
Started game 1187 of 100000 (new vs base)
Finished game 1184 (base vs new): 1/2-1/2 {Draw by 3-fold repetition}
Started game 1188 of 100000 (base vs new)
Finished game 1185 (new vs base): 0-1 {Black mates}
Started game 1189 of 100000 (new vs base)
Finished game 1186 (base vs new): 0-1 {Black mates}
Started game 1190 of 100000 (base vs new)
Finished game 1187 (new vs base): 1/2-1/2 {Draw by 3-fold repetition}
Started game 1191 of 100000 (new vs base)
Finished game 1188 (base vs new): 1-0 {White mates}
Started game 1192 of 100000 (base vs new)
Finished game 1189 (new vs base): 0-1 {Black mates}
Started game 1193 of 100000 (new vs base)
Finished game 1190 (base vs new): 1-0 {White mates}
Started game 1194 of 100000 (base vs new)
Finished game 1191 (new vs base): 1/2-1/2 {Draw by insufficient mating material}
Started game 1195 of 100000 (new vs base)
Finished game 1192 (base vs new): 1/2-1/2 {Draw by insufficient mating material}
Started game 1196 of 100000 (base vs new)
Finished game 1194 (base vs new): 1/2-1/2 {Draw by 3-fold repetition}
Started game 1197 of 100000 (new vs base)
Finished game 1193 (new vs base): 1/2-1/2 {Draw by insufficient mating material}
Started game 1198 of 100000 (base vs new)
Finished game 1195 (new vs base): 1/2-1/2 {Draw by insufficient mating material}
Started game 1199 of 100000 (new vs base)
Finished game 1196 (base vs new): 0-1 {Black mates}
Started game 1200 of 100000 (base vs new)
Finished game 1198 (base vs new): 0-1 {Black mates}
Started game 1201 of 100000 (new vs base)
Finished game 1197 (new vs base): 1/2-1/2 {Draw by 3-fold repetition}
Started game 1202 of 100000 (base vs new)
Finished game 1199 (new vs base): 0-1 {Black mates}
Started game 1203 of 100000 (new vs base)
Finished game 1200 (base vs new): 0-1 {Black mates}
--------------------------------------------------
Results of new vs base (4+0.04, 1t, 16MB, UHO_Lichess_4852_v1.epd):
Elo: 0.58 +/- 13.77, nElo: 0.83 +/- 19.66
LOS: 53.29 %, DrawRatio: 43.50 %, PairsRatio: 1.03
Games: 1200, Wins: 412, Losses: 410, Draws: 378, Points: 601.0 (50.08 %)
Ptnml(0-2): [43, 124, 261, 132, 40], WL/DD Ratio: 3.28
LLR: -0.08 (-2.8%) (-2.94, 2.94) [0.00, 5.00]
--------------------------------------------------
Started game 1204 of 100000 (base vs new)
Finished game 1201 (new vs base): 1-0 {White mates}
Started game 1205 of 100000 (new vs base)
Finished game 1202 (base vs new): 1-0 {White mates}
Started game 1206 of 100000 (base vs new)
Finished game 1203 (new vs base): 1/2-1/2 {Draw by fifty moves rule}
Started game 1207 of 100000 (new vs base)
Finished game 1204 (base vs new): 0-1 {Black mates}
Started game 1208 of 100000 (base vs new)
Finished game 1205 (new vs base): 1-0 {White mates}
Started game 1209 of 100000 (new vs base)
Finished game 1206 (base vs new): 0-1 {Black mates}
Started game 1210 of 100000 (base vs new)
Finished game 1207 (new vs base): 1-0 {White mates}
Started game 1211 of 100000 (new vs base)
Finished game 1208 (base vs new): 0-1 {Black mates}
Started game 1212 of 100000 (base vs new)
Finished game 1209 (new vs base): 1/2-1/2 {Draw by 3-fold repetition}
Started game 1213 of 100000 (new vs base)
Finished game 1210 (base vs new): 1-0 {White mates}
Started game 1214 of 100000 (base vs new)
Finished game 1212 (base vs new): 0-1 {Black mates}
Started game 1215 of 100000 (new vs base)
Finished game 1211 (new vs base): 1/2-1/2 {Draw by 3-fold repetition}
Started game 1216 of 100000 (base vs new)
Finished game 1213 (new vs base): 1-0 {White mates}
Started game 1217 of 100000 (new vs base)
Finished game 1214 (base vs new): 1-0 {White mates}
Started game 1218 of 100000 (base vs new)
Finished game 1215 (new vs base): 0-1 {Black mates}
Started game 1219 of 100000 (new vs base)
Finished game 1216 (base vs new): 1/2-1/2 {Draw by 3-fold repetition}
Started game 1220 of 100000 (base vs new)
Finished game 1217 (new vs base): 1-0 {White mates}
Started game 1221 of 100000 (new vs base)
Finished game 1220 (base vs new): 1-0 {White mates}
Started game 1222 of 100000 (base vs new)
Finished game 1221 (new vs base): 0-1 {Black mates}
Started game 1223 of 100000 (new vs base)
Finished game 1218 (base vs new): 0-1 {Black mates}
Started game 1224 of 100000 (base vs new)
Finished game 1219 (new vs base): 1/2-1/2 {Draw by fifty moves rule}
Started game 1225 of 100000 (new vs base)
Finished game 1222 (base vs new): 1/2-1/2 {Draw by insufficient mating material}
Started game 1226 of 100000 (base vs new)
Finished game 1223 (new vs base): 0-1 {Black mates}
Started game 1227 of 100000 (new vs base)
Finished game 1224 (base vs new): 1/2-1/2 {Draw by 3-fold repetition}
Started game 1228 of 100000 (base vs new)
Finished game 1225 (new vs base): 1-0 {White mates}
Started game 1229 of 100000 (new vs base)
Finished game 1226 (base vs new): 1/2-1/2 {Draw by 3-fold repetition}
Started game 1230 of 100000 (base vs new)
Finished game 1228 (base vs new): 1-0 {White mates}
Started game 1231 of 100000 (new vs base)
Finished game 1227 (new vs base): 1/2-1/2 {Draw by fifty moves rule}
Started game 1232 of 100000 (base vs new)
Finished game 1229 (new vs base): 1/2-1/2 {Draw by 3-fold repetition}
Started game 1233 of 100000 (new vs base)
Finished game 1230 (base vs new): 1-0 {White mates}
Started game 1234 of 100000 (base vs new)
Finished game 1231 (new vs base): 0-1 {Black mates}
Started game 1235 of 100000 (new vs base)
Finished game 1232 (base vs new): 0-1 {Black mates}
Started game 1236 of 100000 (base vs new)
Finished game 1233 (new vs base): 1-0 {White mates}
Started game 1237 of 100000 (new vs base)
Finished game 1235 (new vs base): 1-0 {White mates}
Started game 1238 of 100000 (base vs new)
Finished game 1234 (base vs new): 1-0 {White mates}
Started game 1239 of 100000 (new vs base)
Finished game 1236 (base vs new): 1-0 {White mates}
Started game 1240 of 100000 (base vs new)
Finished game 1237 (new vs base): 1-0 {White mates}
Started game 1241 of 100000 (new vs base)
Finished game 1239 (new vs base): 1/2-1/2 {Draw by insufficient mating material}
Started game 1242 of 100000 (base vs new)
Finished game 1238 (base vs new): 1-0 {White mates}
Started game 1243 of 100000 (new vs base)
Finished game 1241 (new vs base): 1-0 {White mates}
Started game 1244 of 100000 (base vs new)
Finished game 1240 (base vs new): 1/2-1/2 {Draw by fifty moves rule}
--------------------------------------------------
Results of new vs base (4+0.04, 1t, 16MB, UHO_Lichess_4852_v1.epd):
Elo: 1.12 +/- 13.57, nElo: 1.60 +/- 19.34
LOS: 56.43 %, DrawRatio: 43.23 %, PairsRatio: 1.02
Games: 1240, Wins: 427, Losses: 423, Draws: 390, Points: 622.0 (50.16 %)
Ptnml(0-2): [43, 131, 268, 135, 43], WL/DD Ratio: 3.32
LLR: -0.05 (-1.6%) (-2.94, 2.94) [0.00, 5.00]
--------------------------------------------------
Started game 1245 of 100000 (new vs base)
Finished game 1243 (new vs base): 0-1 {Black mates}
Started game 1246 of 100000 (base vs new)
Finished game 1242 (base vs new): 0-1 {Black mates}
Started game 1247 of 100000 (new vs base)
Finished game 1244 (base vs new): 1-0 {White mates}
Started game 1248 of 100000 (base vs new)
Finished game 1245 (new vs base): 1-0 {White mates}
Started game 1249 of 100000 (new vs base)
Finished game 1246 (base vs new): 1-0 {White mates}
Started game 1250 of 100000 (base vs new)
Finished game 1248 (base vs new): 1-0 {White mates}
Started game 1251 of 100000 (new vs base)
Finished game 1249 (new vs base): 0-1 {Black mates}
Started game 1252 of 100000 (base vs new)
Finished game 1247 (new vs base): 1-0 {White mates}
Started game 1253 of 100000 (new vs base)
Finished game 1251 (new vs base): 0-1 {Black mates}
Started game 1254 of 100000 (base vs new)
Finished game 1250 (base vs new): 0-1 {Black mates}
Started game 1255 of 100000 (new vs base)
Finished game 1252 (base vs new): 1-0 {White mates}
Started game 1256 of 100000 (base vs new)
Finished game 1253 (new vs base): 1/2-1/2 {Draw by insufficient mating material}
Started game 1257 of 100000 (new vs base)
Finished game 1255 (new vs base): 1-0 {White mates}
Started game 1258 of 100000 (base vs new)
Finished game 1254 (base vs new): 0-1 {Black mates}
Started game 1259 of 100000 (new vs base)
Finished game 1256 (base vs new): 0-1 {Black mates}
Started game 1260 of 100000 (base vs new)
Finished game 1257 (new vs base): 1-0 {White mates}
Started game 1261 of 100000 (new vs base)
Finished game 1258 (base vs new): 0-1 {Black mates}
Started game 1262 of 100000 (base vs new)
Finished game 1260 (base vs new): 1/2-1/2 {Draw by 3-fold repetition}
Started game 1263 of 100000 (new vs base)
Finished game 1262 (base vs new): 1/2-1/2 {Draw by 3-fold repetition}
Started game 1264 of 100000 (base vs new)
Finished game 1261 (new vs base): 1/2-1/2 {Draw by insufficient mating material}
Started game 1265 of 100000 (new vs base)
Finished game 1263 (new vs base): 1-0 {White mates}
Started game 1266 of 100000 (base vs new)
Finished game 1264 (base vs new): 1/2-1/2 {Draw by insufficient mating material}
Started game 1267 of 100000 (new vs base)
Finished game 1259 (new vs base): 1/2-1/2 {Draw by fifty moves rule}
Started game 1268 of 100000 (base vs new)
Finished game 1265 (new vs base): 1-0 {White mates}
Started game 1269 of 100000 (new vs base)
Finished game 1266 (base vs new): 1-0 {White mates}
Started game 1270 of 100000 (base vs new)
Finished game 1269 (new vs base): 1-0 {White mates}
Started game 1271 of 100000 (new vs base)
Finished game 1268 (base vs new): 1-0 {White mates}
Started game 1272 of 100000 (base vs new)
Finished game 1267 (new vs base): 1/2-1/2 {Draw by fifty moves rule}
Started game 1273 of 100000 (new vs base)
Finished game 1271 (new vs base): 0-1 {Black mates}
Started game 1274 of 100000 (base vs new)
Finished game 1273 (new vs base): 1/2-1/2 {Draw by 3-fold repetition}
Started game 1275 of 100000 (new vs base)
Finished game 1272 (base vs new): 0-1 {Black mates}
Started game 1276 of 100000 (base vs new)
Finished game 1270 (base vs new): 1/2-1/2 {Draw by fifty moves rule}
Started game 1277 of 100000 (new vs base)
Finished game 1274 (base vs new): 0-1 {Black mates}
Started game 1278 of 100000 (base vs new)
Finished game 1275 (new vs base): 1-0 {White mates}
Started game 1279 of 100000 (new vs base)
Finished game 1276 (base vs new): 1/2-1/2 {Draw by 3-fold repetition}
Started game 1280 of 100000 (base vs new)
Finished game 1277 (new vs base): 1-0 {White mates}
Started game 1281 of 100000 (new vs base)
Finished game 1279 (new vs base): 1/2-1/2 {Draw by 3-fold repetition}
Started game 1282 of 100000 (base vs new)
Finished game 1280 (base vs new): 1-0 {White mates}
--------------------------------------------------
Results of new vs base (4+0.04, 1t, 16MB, UHO_Lichess_4852_v1.epd):
Elo: 2.45 +/- 13.45, nElo: 3.47 +/- 19.05
LOS: 63.93 %, DrawRatio: 43.04 %, PairsRatio: 1.04
Games: 1278, Wins: 443, Losses: 434, Draws: 401, Points: 643.5 (50.35 %)
Ptnml(0-2): [45, 133, 275, 140, 46], WL/DD Ratio: 3.30
LLR: 0.05 (1.7%) (-2.94, 2.94) [0.00, 5.00]
--------------------------------------------------
Started game 1283 of 100000 (new vs base)
Finished game 1278 (base vs new): 1/2-1/2 {Draw by fifty moves rule}
Started game 1284 of 100000 (base vs new)
Finished game 1281 (new vs base): 1-0 {White mates}
Started game 1285 of 100000 (new vs base)
Finished game 1282 (base vs new): 1-0 {White mates}
Started game 1286 of 100000 (base vs new)
Finished game 1284 (base vs new): 1-0 {White mates}
Started game 1287 of 100000 (new vs base)
Finished game 1283 (new vs base): 1-0 {White mates}
Started game 1288 of 100000 (base vs new)
Finished game 1285 (new vs base): 1-0 {White mates}
Started game 1289 of 100000 (new vs base)
Finished game 1286 (base vs new): 1-0 {White mates}
Started game 1290 of 100000 (base vs new)
Finished game 1287 (new vs base): 1-0 {White mates}
Started game 1291 of 100000 (new vs base)
Finished game 1288 (base vs new): 1/2-1/2 {Draw by 3-fold repetition}
Started game 1292 of 100000 (base vs new)
Finished game 1289 (new vs base): 1-0 {White mates}
Started game 1293 of 100000 (new vs base)
Finished game 1290 (base vs new): 0-1 {Black mates}
Started game 1294 of 100000 (base vs new)
Finished game 1291 (new vs base): 1-0 {White mates}
Started game 1295 of 100000 (new vs base)
Finished game 1292 (base vs new): 1-0 {White mates}
Started game 1296 of 100000 (base vs new)
Finished game 1293 (new vs base): 1-0 {White mates}
Started game 1297 of 100000 (new vs base)
Finished game 1294 (base vs new): 1-0 {White mates}
Started game 1298 of 100000 (base vs new)
Finished game 1295 (new vs base): 0-1 {Black mates}
Started game 1299 of 100000 (new vs base)
Finished game 1297 (new vs base): 0-1 {Black mates}
Started game 1300 of 100000 (base vs new)
Finished game 1298 (base vs new): 0-1 {Black mates}
Started game 1301 of 100000 (new vs base)
Finished game 1296 (base vs new): 1/2-1/2 {Draw by fifty moves rule}
Started game 1302 of 100000 (base vs new)
