=== train start 2026-09-15T18:16:20Z net=anna-v5f data=/data/binpacks/test80-2024-01-jan-2tb7p.min-v2.v6.binpack,/data/binpacks/test80-2024-02-feb-2tb7p.min-v2.v6.binpack,/data/binpacks/dfrc_n5000.binpack,/data/binpacks/test80-2024-03-mar-2tb7p.min-v2.v6.binpack,/data/binpacks/test80-2024-04-apr-2tb7p.min-v2.v6.binpack,/data/binpacks/nodes5000pv2_UHO.binpack,/data/binpacks/test80-2024-05-may-2tb7p.min-v2.v6.binpack,/data/binpacks/test80-2024-06-jun-2tb7p.min-v2.v6.binpack resume=/data/checkpoints/anna-v5/anna-v5-s1-670 SB=0/70/30 LR1=9.5e-5 L1=512 cap=1.5h
name, memory.total [MiB]
NVIDIA L40S, 46068 MiB
resumed weights and optimiser state from /data/checkpoints/anna-v5/anna-v5-s1-670
anna-v3 trainer | net anna-v5f | data ["/data/binpacks/test80-2024-01-jan-2tb7p.min-v2.v6.binpack", "/data/binpacks/test80-2024-02-feb-2tb7p.min-v2.v6.binpack", "/data/binpacks/dfrc_n5000.binpack", "/data/binpacks/test80-2024-03-mar-2tb7p.min-v2.v6.binpack", "/data/binpacks/test80-2024-04-apr-2tb7p.min-v2.v6.binpack", "/data/binpacks/nodes5000pv2_UHO.binpack", "/data/binpacks/test80-2024-05-may-2tb7p.min-v2.v6.binpack", "/data/binpacks/test80-2024-06-jun-2tb7p.min-v2.v6.binpack"] | stages 0/70/30 SB | batch 131072 x 763 | width 512 L2 16 L3 32
[34;1mTraining on NVIDIA L40S (sm_89)[0m
superbatch [36m1[0m [[35m0.0[0m% ([36m0[0m/[36m763[0m batches, [36m743941[0m pos/sec)]
Estimated time to end of superbatch: [36minf[0ms     [Fsuperbatch [36m1[0m [[35m16.8[0m% ([36m128[0m/[36m763[0m batches, [36m3059270[0m pos/sec)]
Estimated time to end of superbatch: [36m27.4[0ms     [Fsuperbatch [36m1[0m [[35m33.6[0m% ([36m256[0m/[36m763[0m batches, [36m3512625[0m pos/sec)]
Estimated time to end of superbatch: [36m19.0[0ms     [Fsuperbatch [36m1[0m [[35m50.3[0m% ([36m384[0m/[36m763[0m batches, [36m3735443[0m pos/sec)]
Estimated time to end of superbatch: [36m13.3[0ms     [Fsuperbatch [36m1[0m [[35m67.1[0m% ([36m512[0m/[36m763[0m batches, [36m3825492[0m pos/sec)]
Estimated time to end of superbatch: [36m8.6[0ms     [Fsuperbatch [36m1[0m [[35m83.9[0m% ([36m640[0m/[36m763[0m batches, [36m3693808[0m pos/sec)]
Estimated time to end of superbatch: [36m4.4[0ms     [Fsuperbatch [36m1[0m | time [36m26.8[0ms | running loss [36m0.009193[0m | [36m3728583[0m pos/sec | total time [36m37.7[0ms
Estimated time remaining in training: [36m0[0mh [36m43[0mm [36m22[0ms
LR dropped to [36m0.00009231429[0m
superbatch [36m2[0m [[35m0.0[0m% ([36m0[0m/[36m763[0m batches, [36m4724073[0m pos/sec)]
Estimated time to end of superbatch: [36minf[0ms     [Fsuperbatch [36m2[0m [[35m16.8[0m% ([36m128[0m/[36m763[0m batches, [36m4197644[0m pos/sec)]
Estimated time to end of superbatch: [36m20.0[0ms     [Fsuperbatch [36m2[0m [[35m33.6[0m% ([36m256[0m/[36m763[0m batches, [36m4151595[0m pos/sec)]
Estimated time to end of superbatch: [36m16.1[0ms     [Fsuperbatch [36m2[0m [[35m50.3[0m% ([36m384[0m/[36m763[0m batches, [36m3725086[0m pos/sec)]
Estimated time to end of superbatch: [36m13.4[0ms     [Fsuperbatch [36m2[0m [[35m67.1[0m% ([36m512[0m/[36m763[0m batches, [36m3756837[0m pos/sec)]
Estimated time to end of superbatch: [36m8.8[0ms     [Fsuperbatch [36m2[0m [[35m83.9[0m% ([36m640[0m/[36m763[0m batches, [36m3835652[0m pos/sec)]
Estimated time to end of superbatch: [36m4.2[0ms     [Fsuperbatch [36m2[0m | time [36m25.8[0ms | running loss [36m0.009049[0m | [36m3872515[0m pos/sec | total time [36m63.5[0ms
Estimated time remaining in training: [36m0[0mh [36m36[0mm [36m0[0ms
LR dropped to [36m0.00009097143[0m
superbatch [36m3[0m [[35m0.0[0m% ([36m0[0m/[36m763[0m batches, [36m3911364[0m pos/sec)]
Estimated time to end of superbatch: [36minf[0ms     [Fsuperbatch [36m3[0m [[35m16.8[0m% ([36m128[0m/[36m763[0m batches, [36m3541910[0m pos/sec)]
Estimated time to end of superbatch: [36m23.7[0ms     [Fsuperbatch [36m3[0m [[35m33.6[0m% ([36m256[0m/[36m763[0m batches, [36m4154162[0m pos/sec)]
Estimated time to end of superbatch: [36m16.1[0ms     [Fsuperbatch [36m3[0m [[35m50.3[0m% ([36m384[0m/[36m763[0m batches, [36m4433476[0m pos/sec)]
Estimated time to end of superbatch: [36m11.2[0ms     [Fsuperbatch [36m3[0m [[35m67.1[0m% ([36m512[0m/[36m763[0m batches, [36m4587345[0m pos/sec)]
Estimated time to end of superbatch: [36m7.2[0ms     [Fsuperbatch [36m3[0m [[35m83.9[0m% ([36m640[0m/[36m763[0m batches, [36m4657131[0m pos/sec)]
Estimated time to end of superbatch: [36m3.5[0ms     [Fsuperbatch [36m3[0m | time [36m21.2[0ms | running loss [36m0.009165[0m | [36m4706910[0m pos/sec | total time [36m84.8[0ms
Estimated time remaining in training: [36m0[0mh [36m31[0mm [36m33[0ms
LR dropped to [36m0.00008962857[0m
superbatch [36m4[0m [[35m0.0[0m% ([36m0[0m/[36m763[0m batches, [36m5576180[0m pos/sec)]
Estimated time to end of superbatch: [36minf[0ms     [Fsuperbatch [36m4[0m [[35m16.8[0m% ([36m128[0m/[36m763[0m batches, [36m5035540[0m pos/sec)]
Estimated time to end of superbatch: [36m16.7[0ms     [Fsuperbatch [36m4[0m [[35m33.6[0m% ([36m256[0m/[36m763[0m batches, [36m5076598[0m pos/sec)]
Estimated time to end of superbatch: [36m13.1[0ms     [Fsuperbatch [36m4[0m [[35m50.3[0m% ([36m384[0m/[36m763[0m batches, [36m5034267[0m pos/sec)]
Estimated time to end of superbatch: [36m9.9[0ms     [Fsuperbatch [36m4[0m [[35m67.1[0m% ([36m512[0m/[36m763[0m batches, [36m5047308[0m pos/sec)]
Estimated time to end of superbatch: [36m6.5[0ms     [Fsuperbatch [36m4[0m [[35m83.9[0m% ([36m640[0m/[36m763[0m batches, [36m5049528[0m pos/sec)]
Estimated time to end of superbatch: [36m3.2[0ms     [Fsuperbatch [36m4[0m | time [36m19.8[0ms | running loss [36m0.009134[0m | [36m5050433[0m pos/sec | total time [36m104.6[0ms
Estimated time remaining in training: [36m0[0mh [36m28[0mm [36m45[0ms
LR dropped to [36m0.00008828571[0m
superbatch [36m5[0m [[35m0.0[0m% ([36m0[0m/[36m763[0m batches, [36m5585266[0m pos/sec)]
Estimated time to end of superbatch: [36minf[0ms     [Fsuperbatch [36m5[0m [[35m16.8[0m% ([36m128[0m/[36m763[0m batches, [36m5040830[0m pos/sec)]
Estimated time to end of superbatch: [36m16.6[0ms     [Fsuperbatch [36m5[0m [[35m33.6[0m% ([36m256[0m/[36m763[0m batches, [36m4966892[0m pos/sec)]
Estimated time to end of superbatch: [36m13.4[0ms     [Fsuperbatch [36m5[0m [[35m50.3[0m% ([36m384[0m/[36m763[0m batches, [36m4944292[0m pos/sec)]
Estimated time to end of superbatch: [36m10.1[0ms     [Fsuperbatch [36m5[0m [[35m67.1[0m% ([36m512[0m/[36m763[0m batches, [36m4970196[0m pos/sec)]
Estimated time to end of superbatch: [36m6.6[0ms     [Fsuperbatch [36m5[0m [[35m83.9[0m% ([36m640[0m/[36m763[0m batches, [36m4941178[0m pos/sec)]
Estimated time to end of superbatch: [36m3.3[0ms     [Fsuperbatch [36m5[0m | time [36m20.2[0ms | running loss [36m0.009279[0m | [36m4958670[0m pos/sec | total time [36m124.8[0ms
Estimated time remaining in training: [36m0[0mh [36m27[0mm [36m1[0ms
LR dropped to [36m0.00008694286[0m
superbatch [36m6[0m [[35m0.0[0m% ([36m0[0m/[36m763[0m batches, [36m4619910[0m pos/sec)]
Estimated time to end of superbatch: [36minf[0ms     [Fsuperbatch [36m6[0m [[35m16.8[0m% ([36m128[0m/[36m763[0m batches, [36m5124204[0m pos/sec)]
Estimated time to end of superbatch: [36m16.4[0ms     [Fsuperbatch [36m6[0m [[35m33.6[0m% ([36m256[0m/[36m763[0m batches, [36m5101043[0m pos/sec)]
Estimated time to end of superbatch: [36m13.1[0ms     [Fsuperbatch [36m6[0m [[35m50.3[0m% ([36m384[0m/[36m763[0m batches, [36m5081278[0m pos/sec)]
Estimated time to end of superbatch: [36m9.8[0ms     [Fsuperbatch [36m6[0m [[35m67.1[0m% ([36m512[0m/[36m763[0m batches, [36m5066278[0m pos/sec)]
Estimated time to end of superbatch: [36m6.5[0ms     [Fsuperbatch [36m6[0m [[35m83.9[0m% ([36m640[0m/[36m763[0m batches, [36m5076496[0m pos/sec)]
Estimated time to end of superbatch: [36m3.2[0ms     [Fsuperbatch [36m6[0m | time [36m19.6[0ms | running loss [36m0.009302[0m | [36m5093047[0m pos/sec | total time [36m144.4[0ms
Estimated time remaining in training: [36m0[0mh [36m25[0mm [36m40[0ms
LR dropped to [36m0.000085600004[0m
superbatch [36m7[0m [[35m0.0[0m% ([36m0[0m/[36m763[0m batches, [36m5631608[0m pos/sec)]
Estimated time to end of superbatch: [36minf[0ms     [Fsuperbatch [36m7[0m [[35m16.8[0m% ([36m128[0m/[36m763[0m batches, [36m4843878[0m pos/sec)]
Estimated time to end of superbatch: [36m17.3[0ms     [Fsuperbatch [36m7[0m [[35m33.6[0m% ([36m256[0m/[36m763[0m batches, [36m4694328[0m pos/sec)]
Estimated time to end of superbatch: [36m14.2[0ms     [Fsuperbatch [36m7[0m [[35m50.3[0m% ([36m384[0m/[36m763[0m batches, [36m4819814[0m pos/sec)]
Estimated time to end of superbatch: [36m10.3[0ms     [Fsuperbatch [36m7[0m [[35m67.1[0m% ([36m512[0m/[36m763[0m batches, [36m4888739[0m pos/sec)]
Estimated time to end of superbatch: [36m6.7[0ms     [Fsuperbatch [36m7[0m [[35m83.9[0m% ([36m640[0m/[36m763[0m batches, [36m4915000[0m pos/sec)]
Estimated time to end of superbatch: [36m3.3[0ms     [Fsuperbatch [36m7[0m | time [36m20.3[0ms | running loss [36m0.009450[0m | [36m4922952[0m pos/sec | total time [36m164.7[0ms
Estimated time remaining in training: [36m0[0mh [36m24[0mm [36m42[0ms
LR dropped to [36m0.000084257146[0m
superbatch [36m8[0m [[35m0.0[0m% ([36m0[0m/[36m763[0m batches, [36m4254344[0m pos/sec)]
Estimated time to end of superbatch: [36minf[0ms     [Fsuperbatch [36m8[0m [[35m16.8[0m% ([36m128[0m/[36m763[0m batches, [36m5113872[0m pos/sec)]
Estimated time to end of superbatch: [36m16.4[0ms     [Fsuperbatch [36m8[0m [[35m33.6[0m% ([36m256[0m/[36m763[0m batches, [36m5117122[0m pos/sec)]
Estimated time to end of superbatch: [36m13.0[0ms     [Fsuperbatch [36m8[0m [[35m50.3[0m% ([36m384[0m/[36m763[0m batches, [36m5062059[0m pos/sec)]
Estimated time to end of superbatch: [36m9.8[0ms     [Fsuperbatch [36m8[0m [[35m67.1[0m% ([36m512[0m/[36m763[0m batches, [36m5055476[0m pos/sec)]
Estimated time to end of superbatch: [36m6.5[0ms     [Fsuperbatch [36m8[0m [[35m83.9[0m% ([36m640[0m/[36m763[0m batches, [36m5060626[0m pos/sec)]
Estimated time to end of superbatch: [36m3.2[0ms     [Fsuperbatch [36m8[0m | time [36m19.8[0ms | running loss [36m0.009486[0m | [36m5056624[0m pos/sec | total time [36m184.5[0ms
Estimated time remaining in training: [36m0[0mh [36m23[0mm [36m49[0ms
LR dropped to [36m0.00008291429[0m
superbatch [36m9[0m [[35m0.0[0m% ([36m0[0m/[36m763[0m batches, [36m4618471[0m pos/sec)]
Estimated time to end of superbatch: [36minf[0ms     [Fsuperbatch [36m9[0m [[35m16.8[0m% ([36m128[0m/[36m763[0m batches, [36m4986530[0m pos/sec)]
Estimated time to end of superbatch: [36m16.8[0ms     [Fsuperbatch [36m9[0m [[35m33.6[0m% ([36m256[0m/[36m763[0m batches, [36m5037094[0m pos/sec)]
Estimated time to end of superbatch: [36m13.2[0ms     [Fsuperbatch [36m9[0m [[35m50.3[0m% ([36m384[0m/[36m763[0m batches, [36m5025080[0m pos/sec)]
Estimated time to end of superbatch: [36m9.9[0ms     [Fsuperbatch [36m9[0m [[35m67.1[0m% ([36m512[0m/[36m763[0m batches, [36m5037386[0m pos/sec)]
Estimated time to end of superbatch: [36m6.5[0ms     [Fsuperbatch [36m9[0m [[35m83.9[0m% ([36m640[0m/[36m763[0m batches, [36m4901298[0m pos/sec)]
Estimated time to end of superbatch: [36m3.3[0ms     [Fsuperbatch [36m9[0m | time [36m20.7[0ms | running loss [36m0.009674[0m | [36m4827691[0m pos/sec | total time [36m205.2[0ms
Estimated time remaining in training: [36m0[0mh [36m23[0mm [36m10[0ms
LR dropped to [36m0.00008157143[0m
superbatch [36m10[0m [[35m0.0[0m% ([36m0[0m/[36m763[0m batches, [36m5369408[0m pos/sec)]
Estimated time to end of superbatch: [36minf[0ms     [Fsuperbatch [36m10[0m [[35m16.8[0m% ([36m128[0m/[36m763[0m batches, [36m4971448[0m pos/sec)]
Estimated time to end of superbatch: [36m16.9[0ms     [Fsuperbatch [36m10[0m [[35m33.6[0m% ([36m256[0m/[36m763[0m batches, [36m5024976[0m pos/sec)]
Estimated time to end of superbatch: [36m13.3[0ms     [Fsuperbatch [36m10[0m [[35m50.3[0m% ([36m384[0m/[36m763[0m batches, [36m5014116[0m pos/sec)]
Estimated time to end of superbatch: [36m9.9[0ms     [Fsuperbatch [36m10[0m [[35m67.1[0m% ([36m512[0m/[36m763[0m batches, [36m5031478[0m pos/sec)]
Estimated time to end of superbatch: [36m6.6[0ms     [Fsuperbatch [36m10[0m [[35m83.9[0m% ([36m640[0m/[36m763[0m batches, [36m5042016[0m pos/sec)]
Estimated time to end of superbatch: [36m3.2[0ms     [Fsuperbatch [36m10[0m | time [36m19.8[0ms | running loss [36m0.009719[0m | [36m5050036[0m pos/sec | total time [36m225.0[0ms
Estimated time remaining in training: [36m0[0mh [36m22[0mm [36m30[0ms
Saved [anna-v5f-s1-10]
LR dropped to [36m0.00008022857[0m
superbatch [36m11[0m [[35m0.0[0m% ([36m0[0m/[36m763[0m batches, [36m5627565[0m pos/sec)]
Estimated time to end of superbatch: [36minf[0ms     [Fsuperbatch [36m11[0m [[35m16.8[0m% ([36m128[0m/[36m763[0m batches, [36m5105814[0m pos/sec)]
Estimated time to end of superbatch: [36m16.4[0ms     [Fsuperbatch [36m11[0m [[35m33.6[0m% ([36m256[0m/[36m763[0m batches, [36m5074576[0m pos/sec)]
Estimated time to end of superbatch: [36m13.1[0ms     [Fsuperbatch [36m11[0m [[35m50.3[0m% ([36m384[0m/[36m763[0m batches, [36m5080559[0m pos/sec)]
Estimated time to end of superbatch: [36m9.8[0ms     [Fsuperbatch [36m11[0m [[35m67.1[0m% ([36m512[0m/[36m763[0m batches, [36m5089782[0m pos/sec)]
Estimated time to end of superbatch: [36m6.5[0ms     [Fsuperbatch [36m11[0m [[35m83.9[0m% ([36m640[0m/[36m763[0m batches, [36m5060636[0m pos/sec)]
Estimated time to end of superbatch: [36m3.2[0ms     [Fsuperbatch [36m11[0m | time [36m19.8[0ms | running loss [36m0.009895[0m | [36m5058640[0m pos/sec | total time [36m247.9[0ms
Estimated time remaining in training: [36m0[0mh [36m22[0mm [36m9[0ms
LR dropped to [36m0.000078885714[0m
superbatch [36m12[0m [[35m0.0[0m% ([36m0[0m/[36m763[0m batches, [36m4173132[0m pos/sec)]
Estimated time to end of superbatch: [36minf[0ms     [Fsuperbatch [36m12[0m [[35m16.8[0m% ([36m128[0m/[36m763[0m batches, [36m5023770[0m pos/sec)]
Estimated time to end of superbatch: [36m16.7[0ms     [Fsuperbatch [36m12[0m [[35m33.6[0m% ([36m256[0m/[36m763[0m batches, [36m5071470[0m pos/sec)]
Estimated time to end of superbatch: [36m13.2[0ms     [Fsuperbatch [36m12[0m [[35m50.3[0m% ([36m384[0m/[36m763[0m batches, [36m4912846[0m pos/sec)]
Estimated time to end of superbatch: [36m10.1[0ms     [Fsuperbatch [36m12[0m [[35m67.1[0m% ([36m512[0m/[36m763[0m batches, [36m4856366[0m pos/sec)]
Estimated time to end of superbatch: [36m6.8[0ms     [Fsuperbatch [36m12[0m [[35m83.9[0m% ([36m640[0m/[36m763[0m batches, [36m4895530[0m pos/sec)]
Estimated time to end of superbatch: [36m3.3[0ms     [Fsuperbatch [36m12[0m | time [36m20.3[0ms | running loss [36m0.009942[0m | [36m4921928[0m pos/sec | total time [36m268.3[0ms
Estimated time remaining in training: [36m0[0mh [36m21[0mm [36m36[0ms
LR dropped to [36m0.00007754286[0m
superbatch [36m13[0m [[35m0.0[0m% ([36m0[0m/[36m763[0m batches, [36m3991679[0m pos/sec)]
Estimated time to end of superbatch: [36minf[0ms     [Fsuperbatch [36m13[0m [[35m16.8[0m% ([36m128[0m/[36m763[0m batches, [36m4684756[0m pos/sec)]
Estimated time to end of superbatch: [36m17.9[0ms     [Fsuperbatch [36m13[0m [[35m33.6[0m% ([36m256[0m/[36m763[0m batches, [36m4736370[0m pos/sec)]
Estimated time to end of superbatch: [36m14.1[0ms     [Fsuperbatch [36m13[0m [[35m50.3[0m% ([36m384[0m/[36m763[0m batches, [36m4841176[0m pos/sec)]
Estimated time to end of superbatch: [36m10.3[0ms     [Fsuperbatch [36m13[0m [[35m67.1[0m% ([36m512[0m/[36m763[0m batches, [36m4906460[0m pos/sec)]
Estimated time to end of superbatch: [36m6.7[0ms     [Fsuperbatch [36m13[0m [[35m83.9[0m% ([36m640[0m/[36m763[0m batches, [36m4929974[0m pos/sec)]
Estimated time to end of superbatch: [36m3.3[0ms     [Fsuperbatch [36m13[0m | time [36m20.3[0ms | running loss [36m0.010117[0m | [36m4937434[0m pos/sec | total time [36m288.5[0ms
Estimated time remaining in training: [36m0[0mh [36m21[0mm [36m5[0ms
LR dropped to [36m0.0000762[0m
superbatch [36m14[0m [[35m0.0[0m% ([36m0[0m/[36m763[0m batches, [36m5651716[0m pos/sec)]
Estimated time to end of superbatch: [36minf[0ms     [Fsuperbatch [36m14[0m [[35m16.8[0m% ([36m128[0m/[36m763[0m batches, [36m5040300[0m pos/sec)]
Estimated time to end of superbatch: [36m16.6[0ms     [Fsuperbatch [36m14[0m [[35m33.6[0m% ([36m256[0m/[36m763[0m batches, [36m5057089[0m pos/sec)]
Estimated time to end of superbatch: [36m13.2[0ms     [Fsuperbatch [36m14[0m [[35m50.3[0m% ([36m384[0m/[36m763[0m batches, [36m5062640[0m pos/sec)]
Estimated time to end of superbatch: [36m9.8[0ms     [Fsuperbatch [36m14[0m [[35m67.1[0m% ([36m512[0m/[36m763[0m batches, [36m5017888[0m pos/sec)]
Estimated time to end of superbatch: [36m6.6[0ms     [Fsuperbatch [36m14[0m [[35m83.9[0m% ([36m640[0m/[36m763[0m batches, [36m5033414[0m pos/sec)]
Estimated time to end of superbatch: [36m3.2[0ms     [Fsuperbatch [36m14[0m | time [36m19.9[0ms | running loss [36m0.010186[0m | [36m5035250[0m pos/sec | total time [36m308.4[0ms
Estimated time remaining in training: [36m0[0mh [36m20[0mm [36m33[0ms
LR dropped to [36m0.00007485715[0m
superbatch [36m15[0m [[35m0.0[0m% ([36m0[0m/[36m763[0m batches, [36m5562410[0m pos/sec)]
Estimated time to end of superbatch: [36minf[0ms     [Fsuperbatch [36m15[0m [[35m16.8[0m% ([36m128[0m/[36m763[0m batches, [36m4810992[0m pos/sec)]
Estimated time to end of superbatch: [36m17.4[0ms     [Fsuperbatch [36m15[0m [[35m33.6[0m% ([36m256[0m/[36m763[0m batches, [36m4669876[0m pos/sec)]
Estimated time to end of superbatch: [36m14.3[0ms     [Fsuperbatch [36m15[0m [[35m50.3[0m% ([36m384[0m/[36m763[0m batches, [36m4786422[0m pos/sec)]
Estimated time to end of superbatch: [36m10.4[0ms     [Fsuperbatch [36m15[0m [[35m67.1[0m% ([36m512[0m/[36m763[0m batches, [36m4858122[0m pos/sec)]
Estimated time to end of superbatch: [36m6.8[0ms     [Fsuperbatch [36m15[0m [[35m83.9[0m% ([36m640[0m/[36m763[0m batches, [36m4898468[0m pos/sec)]
Estimated time to end of superbatch: [36m3.3[0ms     [Fsuperbatch [36m15[0m | time [36m20.3[0ms | running loss [36m0.010361[0m | [36m4916890[0m pos/sec | total time [36m328.7[0ms
Estimated time remaining in training: [36m0[0mh [36m20[0mm [36m5[0ms
LR dropped to [36m0.00007351429[0m
superbatch [36m16[0m [[35m0.0[0m% ([36m0[0m/[36m763[0m batches, [36m4420422[0m pos/sec)]
Estimated time to end of superbatch: [36minf[0ms     [Fsuperbatch [36m16[0m [[35m16.8[0m% ([36m128[0m/[36m763[0m batches, [36m5090119[0m pos/sec)]
Estimated time to end of superbatch: [36m16.5[0ms     [Fsuperbatch [36m16[0m [[35m33.6[0m% ([36m256[0m/[36m763[0m batches, [36m5091962[0m pos/sec)]
Estimated time to end of superbatch: [36m13.1[0ms     [Fsuperbatch [36m16[0m [[35m50.3[0m% ([36m384[0m/[36m763[0m batches, [36m5077485[0m pos/sec)]
Estimated time to end of superbatch: [36m9.8[0ms     [Fsuperbatch [36m16[0m [[35m67.1[0m% ([36m512[0m/[36m763[0m batches, [36m5059848[0m pos/sec)]
Estimated time to end of superbatch: [36m6.5[0ms     [Fsuperbatch [36m16[0m [[35m83.9[0m% ([36m640[0m/[36m763[0m batches, [36m5042906[0m pos/sec)]
Estimated time to end of superbatch: [36m3.2[0ms     [Fsuperbatch [36m16[0m | time [36m19.8[0ms | running loss [36m0.010435[0m | [36m5046056[0m pos/sec | total time [36m348.5[0ms
Estimated time remaining in training: [36m0[0mh [36m19[0mm [36m36[0ms
LR dropped to [36m0.00007217143[0m
superbatch [36m17[0m [[35m0.0[0m% ([36m0[0m/[36m763[0m batches, [36m4052218[0m pos/sec)]
Estimated time to end of superbatch: [36minf[0ms     [Fsuperbatch [36m17[0m [[35m16.8[0m% ([36m128[0m/[36m763[0m batches, [36m4727834[0m pos/sec)]
Estimated time to end of superbatch: [36m17.7[0ms     [Fsuperbatch [36m17[0m [[35m33.6[0m% ([36m256[0m/[36m763[0m batches, [36m4525332[0m pos/sec)]
Estimated time to end of superbatch: [36m14.7[0ms     [Fsuperbatch [36m17[0m [[35m50.3[0m% ([36m384[0m/[36m763[0m batches, [36m4683054[0m pos/sec)]
Estimated time to end of superbatch: [36m10.6[0ms     [Fsuperbatch [36m17[0m [[35m67.1[0m% ([36m512[0m/[36m763[0m batches, [36m4768972[0m pos/sec)]
Estimated time to end of superbatch: [36m6.9[0ms     [Fsuperbatch [36m17[0m [[35m83.9[0m% ([36m640[0m/[36m763[0m batches, [36m4781010[0m pos/sec)]
Estimated time to end of superbatch: [36m3.4[0ms     [Fsuperbatch [36m17[0m | time [36m21.2[0ms | running loss [36m0.010598[0m | [36m4727104[0m pos/sec | total time [36m369.7[0ms
Estimated time remaining in training: [36m0[0mh [36m19[0mm [36m12[0ms
LR dropped to [36m0.00007082857[0m
superbatch [36m18[0m [[35m0.0[0m% ([36m0[0m/[36m763[0m batches, [36m5520748[0m pos/sec)]
Estimated time to end of superbatch: [36minf[0ms     [Fsuperbatch [36m18[0m [[35m16.8[0m% ([36m128[0m/[36m763[0m batches, [36m5087084[0m pos/sec)]
Estimated time to end of superbatch: [36m16.5[0ms     [Fsuperbatch [36m18[0m [[35m33.6[0m% ([36m256[0m/[36m763[0m batches, [36m5084785[0m pos/sec)]
Estimated time to end of superbatch: [36m13.1[0ms     [Fsuperbatch [36m18[0m [[35m50.3[0m% ([36m384[0m/[36m763[0m batches, [36m5080766[0m pos/sec)]
Estimated time to end of superbatch: [36m9.8[0ms     [Fsuperbatch [36m18[0m [[35m67.1[0m% ([36m512[0m/[36m763[0m batches, [36m5050308[0m pos/sec)]
Estimated time to end of superbatch: [36m6.5[0ms     [Fsuperbatch [36m18[0m [[35m83.9[0m% ([36m640[0m/[36m763[0m batches, [36m5060884[0m pos/sec)]
Estimated time to end of superbatch: [36m3.2[0ms     [Fsuperbatch [36m18[0m | time [36m19.7[0ms | running loss [36m0.010726[0m | [36m5066970[0m pos/sec | total time [36m389.4[0ms
Estimated time remaining in training: [36m0[0mh [36m18[0mm [36m45[0ms
LR dropped to [36m0.000069485715[0m
superbatch [36m19[0m [[35m0.0[0m% ([36m0[0m/[36m763[0m batches, [36m5652454[0m pos/sec)]
Estimated time to end of superbatch: [36minf[0ms     [Fsuperbatch [36m19[0m [[35m16.8[0m% ([36m128[0m/[36m763[0m batches, [36m5083101[0m pos/sec)]
Estimated time to end of superbatch: [36m16.5[0ms     [Fsuperbatch [36m19[0m [[35m33.6[0m% ([36m256[0m/[36m763[0m batches, [36m4989942[0m pos/sec)]
Estimated time to end of superbatch: [36m13.4[0ms     [Fsuperbatch [36m19[0m [[35m50.3[0m% ([36m384[0m/[36m763[0m batches, [36m5016934[0m pos/sec)]
Estimated time to end of superbatch: [36m9.9[0ms     [Fsuperbatch [36m19[0m [[35m67.1[0m% ([36m512[0m/[36m763[0m batches, [36m5032882[0m pos/sec)]
Estimated time to end of superbatch: [36m6.5[0ms     [Fsuperbatch [36m19[0m [[35m83.9[0m% ([36m640[0m/[36m763[0m batches, [36m5040070[0m pos/sec)]
Estimated time to end of superbatch: [36m3.2[0ms     [Fsuperbatch [36m19[0m | time [36m19.9[0ms | running loss [36m0.010910[0m | [36m5018116[0m pos/sec | total time [36m409.4[0ms
Estimated time remaining in training: [36m0[0mh [36m18[0mm [36m18[0ms
LR dropped to [36m0.00006814286[0m
superbatch [36m20[0m [[35m0.0[0m% ([36m0[0m/[36m763[0m batches, [36m5446575[0m pos/sec)]
Estimated time to end of superbatch: [36minf[0ms     [Fsuperbatch [36m20[0m [[35m16.8[0m% ([36m128[0m/[36m763[0m batches, [36m5091344[0m pos/sec)]
Estimated time to end of superbatch: [36m16.5[0ms     [Fsuperbatch [36m20[0m [[35m33.6[0m% ([36m256[0m/[36m763[0m batches, [36m5092174[0m pos/sec)]
Estimated time to end of superbatch: [36m13.1[0ms     [Fsuperbatch [36m20[0m [[35m50.3[0m% ([36m384[0m/[36m763[0m batches, [36m5088038[0m pos/sec)]
Estimated time to end of superbatch: [36m9.8[0ms     [Fsuperbatch [36m20[0m [[35m67.1[0m% ([36m512[0m/[36m763[0m batches, [36m4922552[0m pos/sec)]
Estimated time to end of superbatch: [36m6.7[0ms     [Fsuperbatch [36m20[0m [[35m83.9[0m% ([36m640[0m/[36m763[0m batches, [36m4930524[0m pos/sec)]
Estimated time to end of superbatch: [36m3.3[0ms     [Fsuperbatch [36m20[0m | time [36m20.2[0ms | running loss [36m0.011024[0m | [36m4958554[0m pos/sec | total time [36m429.5[0ms
Estimated time remaining in training: [36m0[0mh [36m17[0mm [36m53[0ms
Saved [anna-v5f-s1-20]
LR dropped to [36m0.0000668[0m
superbatch [36m21[0m [[35m0.0[0m% ([36m0[0m/[36m763[0m batches, [36m5588142[0m pos/sec)]
Estimated time to end of superbatch: [36minf[0ms     [Fsuperbatch [36m21[0m [[35m16.8[0m% ([36m128[0m/[36m763[0m batches, [36m5639309[0m pos/sec)]
Estimated time to end of superbatch: [36m14.9[0ms     [Fsuperbatch [36m21[0m [[35m33.6[0m% ([36m256[0m/[36m763[0m batches, [36m5643816[0m pos/sec)]
Estimated time to end of superbatch: [36m11.8[0ms     [Fsuperbatch [36m21[0m [[35m50.3[0m% ([36m384[0m/[36m763[0m batches, [36m5655528[0m pos/sec)]
Estimated time to end of superbatch: [36m8.8[0ms     [Fsuperbatch [36m21[0m [[35m67.1[0m% ([36m512[0m/[36m763[0m batches, [36m5664866[0m pos/sec)]
Estimated time to end of superbatch: [36m5.8[0ms     [Fsuperbatch [36m21[0m [[35m83.9[0m% ([36m640[0m/[36m763[0m batches, [36m5663594[0m pos/sec)]
Estimated time to end of superbatch: [36m2.9[0ms     [Fsuperbatch [36m21[0m | time [36m17.9[0ms | running loss [36m0.011204[0m | [36m5592005[0m pos/sec | total time [36m449.9[0ms
Estimated time remaining in training: [36m0[0mh [36m17[0mm [36m29[0ms
LR dropped to [36m0.00006545714[0m
superbatch [36m22[0m [[35m0.0[0m% ([36m0[0m/[36m763[0m batches, [36m5188690[0m pos/sec)]
Estimated time to end of superbatch: [36minf[0ms     [Fsuperbatch [36m22[0m [[35m16.8[0m% ([36m128[0m/[36m763[0m batches, [36m5113682[0m pos/sec)]
Estimated time to end of superbatch: [36m16.4[0ms     [Fsuperbatch [36m22[0m [[35m33.6[0m% ([36m256[0m/[36m763[0m batches, [36m5124884[0m pos/sec)]
Estimated time to end of superbatch: [36m13.0[0ms     [Fsuperbatch [36m22[0m [[35m50.3[0m% ([36m384[0m/[36m763[0m batches, [36m5113550[0m pos/sec)]
Estimated time to end of superbatch: [36m9.7[0ms     [Fsuperbatch [36m22[0m [[35m67.1[0m% ([36m512[0m/[36m763[0m batches, [36m5018790[0m pos/sec)]
Estimated time to end of superbatch: [36m6.6[0ms     [Fsuperbatch [36m22[0m [[35m83.9[0m% ([36m640[0m/[36m763[0m batches, [36m5025984[0m pos/sec)]
Estimated time to end of superbatch: [36m3.2[0ms     [Fsuperbatch [36m22[0m | time [36m19.8[0ms | running loss [36m0.011319[0m | [36m5040114[0m pos/sec | total time [36m469.8[0ms
Estimated time remaining in training: [36m0[0mh [36m17[0mm [36m4[0ms
LR dropped to [36m0.00006411428[0m
superbatch [36m23[0m [[35m0.0[0m% ([36m0[0m/[36m763[0m batches, [36m4285629[0m pos/sec)]
Estimated time to end of superbatch: [36minf[0ms     [Fsuperbatch [36m23[0m [[35m16.8[0m% ([36m128[0m/[36m763[0m batches, [36m5023236[0m pos/sec)]
Estimated time to end of superbatch: [36m16.7[0ms     [Fsuperbatch [36m23[0m [[35m33.6[0m% ([36m256[0m/[36m763[0m batches, [36m4940318[0m pos/sec)]
Estimated time to end of superbatch: [36m13.5[0ms     [Fsuperbatch [36m23[0m [[35m50.3[0m% ([36m384[0m/[36m763[0m batches, [36m4975487[0m pos/sec)]
Estimated time to end of superbatch: [36m10.0[0ms     [Fsuperbatch [36m23[0m [[35m67.1[0m% ([36m512[0m/[36m763[0m batches, [36m4993065[0m pos/sec)]
Estimated time to end of superbatch: [36m6.6[0ms     [Fsuperbatch [36m23[0m [[35m83.9[0m% ([36m640[0m/[36m763[0m batches, [36m5010380[0m pos/sec)]
Estimated time to end of superbatch: [36m3.2[0ms     [Fsuperbatch [36m23[0m | time [36m20.0[0ms | running loss [36m0.011454[0m | [36m4998572[0m pos/sec | total time [36m489.8[0ms
Estimated time remaining in training: [36m0[0mh [36m16[0mm [36m40[0ms
LR dropped to [36m0.00006277143[0m
superbatch [36m24[0m [[35m0.0[0m% ([36m0[0m/[36m763[0m batches, [36m4715107[0m pos/sec)]
Estimated time to end of superbatch: [36minf[0ms     [Fsuperbatch [36m24[0m [[35m16.8[0m% ([36m128[0m/[36m763[0m batches, [36m5022232[0m pos/sec)]
Estimated time to end of superbatch: [36m16.7[0ms     [Fsuperbatch [36m24[0m [[35m33.6[0m% ([36m256[0m/[36m763[0m batches, [36m5084707[0m pos/sec)]
Estimated time to end of superbatch: [36m13.1[0ms     [Fsuperbatch [36m24[0m [[35m50.3[0m% ([36m384[0m/[36m763[0m batches, [36m5050532[0m pos/sec)]
Estimated time to end of superbatch: [36m9.9[0ms     [Fsuperbatch [36m24[0m [[35m67.1[0m% ([36m512[0m/[36m763[0m batches, [36m4960967[0m pos/sec)]
Estimated time to end of superbatch: [36m6.6[0ms     [Fsuperbatch [36m24[0m [[35m83.9[0m% ([36m640[0m/[36m763[0m batches, [36m4940674[0m pos/sec)]
Estimated time to end of superbatch: [36m3.3[0ms     [Fsuperbatch [36m24[0m | time [36m20.2[0ms | running loss [36m0.011566[0m | [36m4955963[0m pos/sec | total time [36m510.0[0ms
Estimated time remaining in training: [36m0[0mh [36m16[0mm [36m17[0ms
LR dropped to [36m0.00006142857[0m
superbatch [36m25[0m [[35m0.0[0m% ([36m0[0m/[36m763[0m batches, [36m5635656[0m pos/sec)]
Estimated time to end of superbatch: [36minf[0ms     [Fsuperbatch [36m25[0m [[35m16.8[0m% ([36m128[0m/[36m763[0m batches, [36m5016118[0m pos/sec)]
Estimated time to end of superbatch: [36m16.7[0ms     [Fsuperbatch [36m25[0m [[35m33.6[0m% ([36m256[0m/[36m763[0m batches, [36m4598020[0m pos/sec)]
Estimated time to end of superbatch: [36m14.5[0ms     [Fsuperbatch [36m25[0m [[35m50.3[0m% ([36m384[0m/[36m763[0m batches, [36m4730313[0m pos/sec)]
Estimated time to end of superbatch: [36m10.5[0ms     [Fsuperbatch [36m25[0m [[35m67.1[0m% ([36m512[0m/[36m763[0m batches, [36m4826067[0m pos/sec)]
Estimated time to end of superbatch: [36m6.8[0ms     [Fsuperbatch [36m25[0m [[35m83.9[0m% ([36m640[0m/[36m763[0m batches, [36m4867907[0m pos/sec)]
Estimated time to end of superbatch: [36m3.3[0ms     [Fsuperbatch [36m25[0m | time [36m20.5[0ms | running loss [36m0.011709[0m | [36m4880632[0m pos/sec | total time [36m530.4[0ms
Estimated time remaining in training: [36m0[0mh [36m15[0mm [36m54[0ms
LR dropped to [36m0.000060085717[0m
superbatch [36m26[0m [[35m0.0[0m% ([36m0[0m/[36m763[0m batches, [36m4825790[0m pos/sec)]
Estimated time to end of superbatch: [36minf[0ms     [Fsuperbatch [36m26[0m [[35m16.8[0m% ([36m128[0m/[36m763[0m batches, [36m4994920[0m pos/sec)]
Estimated time to end of superbatch: [36m16.8[0ms     [Fsuperbatch [36m26[0m [[35m33.6[0m% ([36m256[0m/[36m763[0m batches, [36m5044729[0m pos/sec)]
Estimated time to end of superbatch: [36m13.2[0ms     [Fsuperbatch [36m26[0m [[35m50.3[0m% ([36m384[0m/[36m763[0m batches, [36m5041545[0m pos/sec)]
Estimated time to end of superbatch: [36m9.9[0ms     [Fsuperbatch [36m26[0m [[35m67.1[0m% ([36m512[0m/[36m763[0m batches, [36m5034784[0m pos/sec)]
Estimated time to end of superbatch: [36m6.5[0ms     [Fsuperbatch [36m26[0m [[35m83.9[0m% ([36m640[0m/[36m763[0m batches, [36m5003965[0m pos/sec)]
Estimated time to end of superbatch: [36m3.2[0ms     [Fsuperbatch [36m26[0m | time [36m20.0[0ms | running loss [36m0.011865[0m | [36m5012255[0m pos/sec | total time [36m550.4[0ms
Estimated time remaining in training: [36m0[0mh [36m15[0mm [36m31[0ms
LR dropped to [36m0.00005874286[0m
superbatch [36m27[0m [[35m0.0[0m% ([36m0[0m/[36m763[0m batches, [36m5427627[0m pos/sec)]
Estimated time to end of superbatch: [36minf[0ms     [Fsuperbatch [36m27[0m [[35m16.8[0m% ([36m128[0m/[36m763[0m batches, [36m5014452[0m pos/sec)]
Estimated time to end of superbatch: [36m16.7[0ms     [Fsuperbatch [36m27[0m [[35m33.6[0m% ([36m256[0m/[36m763[0m batches, [36m4694760[0m pos/sec)]
Estimated time to end of superbatch: [36m14.2[0ms     [Fsuperbatch [36m27[0m [[35m50.3[0m% ([36m384[0m/[36m763[0m batches, [36m4783485[0m pos/sec)]
Estimated time to end of superbatch: [36m10.4[0ms     [Fsuperbatch [36m27[0m [[35m67.1[0m% ([36m512[0m/[36m763[0m batches, [36m4831746[0m pos/sec)]
Estimated time to end of superbatch: [36m6.8[0ms     [Fsuperbatch [36m27[0m [[35m83.9[0m% ([36m640[0m/[36m763[0m batches, [36m4873910[0m pos/sec)]
Estimated time to end of superbatch: [36m3.3[0ms     [Fsuperbatch [36m27[0m | time [36m20.8[0ms | running loss [36m0.012022[0m | [36m4816440[0m pos/sec | total time [36m571.2[0ms
Estimated time remaining in training: [36m0[0mh [36m15[0mm [36m9[0ms
LR dropped to [36m0.0000574[0m
superbatch [36m28[0m [[35m0.0[0m% ([36m0[0m/[36m763[0m batches, [36m3069640[0m pos/sec)]
Estimated time to end of superbatch: [36minf[0ms     [Fsuperbatch [36m28[0m [[35m16.8[0m% ([36m128[0m/[36m763[0m batches, [36m4746380[0m pos/sec)]
Estimated time to end of superbatch: [36m17.7[0ms     [Fsuperbatch [36m28[0m [[35m33.6[0m% ([36m256[0m/[36m763[0m batches, [36m4914847[0m pos/sec)]
Estimated time to end of superbatch: [36m13.6[0ms     [Fsuperbatch [36m28[0m [[35m50.3[0m% ([36m384[0m/[36m763[0m batches, [36m4963698[0m pos/sec)]
Estimated time to end of superbatch: [36m10.0[0ms     [Fsuperbatch [36m28[0m [[35m67.1[0m% ([36m512[0m/[36m763[0m batches, [36m4976224[0m pos/sec)]
Estimated time to end of superbatch: [36m6.6[0ms     [Fsuperbatch [36m28[0m [[35m83.9[0m% ([36m640[0m/[36m763[0m batches, [36m4983296[0m pos/sec)]
Estimated time to end of superbatch: [36m3.2[0ms     [Fsuperbatch [36m28[0m | time [36m20.0[0ms | running loss [36m0.012125[0m | [36m5000442[0m pos/sec | total time [36m591.2[0ms
Estimated time remaining in training: [36m0[0mh [36m14[0mm [36m46[0ms
LR dropped to [36m0.000056057143[0m
superbatch [36m29[0m [[35m0.0[0m% ([36m0[0m/[36m763[0m batches, [36m4795930[0m pos/sec)]
Estimated time to end of superbatch: [36minf[0ms     [Fsuperbatch [36m29[0m [[35m16.8[0m% ([36m128[0m/[36m763[0m batches, [36m5003796[0m pos/sec)]
Estimated time to end of superbatch: [36m16.8[0ms     [Fsuperbatch [36m29[0m [[35m33.6[0m% ([36m256[0m/[36m763[0m batches, [36m5033318[0m pos/sec)]
Estimated time to end of superbatch: [36m13.3[0ms     [Fsuperbatch [36m29[0m [[35m50.3[0m% ([36m384[0m/[36m763[0m batches, [36m5043365[0m pos/sec)]
Estimated time to end of superbatch: [36m9.9[0ms     [Fsuperbatch [36m29[0m [[35m67.1[0m% ([36m512[0m/[36m763[0m batches, [36m5047508[0m pos/sec)]
Estimated time to end of superbatch: [36m6.5[0ms     [Fsuperbatch [36m29[0m [[35m83.9[0m% ([36m640[0m/[36m763[0m batches, [36m5051071[0m pos/sec)]
Estimated time to end of superbatch: [36m3.2[0ms     [Fsuperbatch [36m29[0m | time [36m19.8[0ms | running loss [36m0.012330[0m | [36m5050536[0m pos/sec | total time [36m611.0[0ms
Estimated time remaining in training: [36m0[0mh [36m14[0mm [36m23[0ms
LR dropped to [36m0.000054714288[0m
superbatch [36m30[0m [[35m0.0[0m% ([36m0[0m/[36m763[0m batches, [36m5535017[0m pos/sec)]
Estimated time to end of superbatch: [36minf[0ms     [Fsuperbatch [36m30[0m [[35m16.8[0m% ([36m128[0m/[36m763[0m batches, [36m5061174[0m pos/sec)]
Estimated time to end of superbatch: [36m16.6[0ms     [Fsuperbatch [36m30[0m [[35m33.6[0m% ([36m256[0m/[36m763[0m batches, [36m5075534[0m pos/sec)]
Estimated time to end of superbatch: [36m13.1[0ms     [Fsuperbatch [36m30[0m [[35m50.3[0m% ([36m384[0m/[36m763[0m batches, [36m5073140[0m pos/sec)]
Estimated time to end of superbatch: [36m9.8[0ms     [Fsuperbatch [36m30[0m [[35m67.1[0m% ([36m512[0m/[36m763[0m batches, [36m5053319[0m pos/sec)]
Estimated time to end of superbatch: [36m6.5[0ms     [Fsuperbatch [36m30[0m [[35m83.9[0m% ([36m640[0m/[36m763[0m batches, [36m5046143[0m pos/sec)]
Estimated time to end of superbatch: [36m3.2[0ms     [Fsuperbatch [36m30[0m | time [36m19.8[0ms | running loss [36m0.012475[0m | [36m5051828[0m pos/sec | total time [36m630.8[0ms
Estimated time remaining in training: [36m0[0mh [36m14[0mm [36m1[0ms
Saved [anna-v5f-s1-30]
LR dropped to [36m0.00005337143[0m
superbatch [36m31[0m [[35m0.0[0m% ([36m0[0m/[36m763[0m batches, [36m5626285[0m pos/sec)]
Estimated time to end of superbatch: [36minf[0ms     [Fsuperbatch [36m31[0m [[35m16.8[0m% ([36m128[0m/[36m763[0m batches, [36m5682220[0m pos/sec)]
Estimated time to end of superbatch: [36m14.8[0ms     [Fsuperbatch [36m31[0m [[35m33.6[0m% ([36m256[0m/[36m763[0m batches, [36m4551950[0m pos/sec)]
Estimated time to end of superbatch: [36m14.7[0ms     [Fsuperbatch [36m31[0m [[35m50.3[0m% ([36m384[0m/[36m763[0m batches, [36m4324012[0m pos/sec)]
Estimated time to end of superbatch: [36m11.5[0ms     [Fsuperbatch [36m31[0m [[35m67.1[0m% ([36m512[0m/[36m763[0m batches, [36m4488995[0m pos/sec)]
Estimated time to end of superbatch: [36m7.3[0ms     [Fsuperbatch [36m31[0m [[35m83.9[0m% ([36m640[0m/[36m763[0m batches, [36m4595876[0m pos/sec)]
Estimated time to end of superbatch: [36m3.5[0ms     [Fsuperbatch [36m31[0m | time [36m21.5[0ms | running loss [36m0.012639[0m | [36m4658778[0m pos/sec | total time [36m655.1[0ms
Estimated time remaining in training: [36m0[0mh [36m13[0mm [36m44[0ms
LR dropped to [36m0.000052028572[0m
superbatch [36m32[0m [[35m0.0[0m% ([36m0[0m/[36m763[0m batches, [36m5612646[0m pos/sec)]
Estimated time to end of superbatch: [36minf[0ms     [Fsuperbatch [36m32[0m [[35m16.8[0m% ([36m128[0m/[36m763[0m batches, [36m4928040[0m pos/sec)]
Estimated time to end of superbatch: [36m17.0[0ms     [Fsuperbatch [36m32[0m [[35m33.6[0m% ([36m256[0m/[36m763[0m batches, [36m4972042[0m pos/sec)]
Estimated time to end of superbatch: [36m13.4[0ms     [Fsuperbatch [36m32[0m [[35m50.3[0m% ([36m384[0m/[36m763[0m batches, [36m4982135[0m pos/sec)]
Estimated time to end of superbatch: [36m10.0[0ms     [Fsuperbatch [36m32[0m [[35m67.1[0m% ([36m512[0m/[36m763[0m batches, [36m4915350[0m pos/sec)]
Estimated time to end of superbatch: [36m6.7[0ms     [Fsuperbatch [36m32[0m [[35m83.9[0m% ([36m640[0m/[36m763[0m batches, [36m4918162[0m pos/sec)]
Estimated time to end of superbatch: [36m3.3[0ms     [Fsuperbatch [36m32[0m | time [36m20.3[0ms | running loss [36m0.012779[0m | [36m4926002[0m pos/sec | total time [36m675.4[0ms
Estimated time remaining in training: [36m0[0mh [36m13[0mm [36m22[0ms
LR dropped to [36m0.000050685714[0m
superbatch [36m33[0m [[35m0.0[0m% ([36m0[0m/[36m763[0m batches, [36m5490414[0m pos/sec)]
Estimated time to end of superbatch: [36minf[0ms     [Fsuperbatch [36m33[0m [[35m16.8[0m% ([36m128[0m/[36m763[0m batches, [36m5011091[0m pos/sec)]
Estimated time to end of superbatch: [36m16.7[0ms     [Fsuperbatch [36m33[0m [[35m33.6[0m% ([36m256[0m/[36m763[0m batches, [36m4861250[0m pos/sec)]
Estimated time to end of superbatch: [36m13.7[0ms     [Fsuperbatch [36m33[0m [[35m50.3[0m% ([36m384[0m/[36m763[0m batches, [36m4858622[0m pos/sec)]
Estimated time to end of superbatch: [36m10.3[0ms     [Fsuperbatch [36m33[0m [[35m67.1[0m% ([36m512[0m/[36m763[0m batches, [36m4884927[0m pos/sec)]
Estimated time to end of superbatch: [36m6.7[0ms     [Fsuperbatch [36m33[0m [[35m83.9[0m% ([36m640[0m/[36m763[0m batches, [36m4914306[0m pos/sec)]
Estimated time to end of superbatch: [36m3.3[0ms     [Fsuperbatch [36m33[0m | time [36m20.4[0ms | running loss [36m0.012316[0m | [36m4912624[0m pos/sec | total time [36m695.7[0ms
Estimated time remaining in training: [36m0[0mh [36m13[0mm [36m0[0ms
LR dropped to [36m0.00004934286[0m
superbatch [36m34[0m [[35m0.0[0m% ([36m0[0m/[36m763[0m batches, [36m4419338[0m pos/sec)]
Estimated time to end of superbatch: [36minf[0ms     [Fsuperbatch [36m34[0m [[35m16.8[0m% ([36m128[0m/[36m763[0m batches, [36m4878688[0m pos/sec)]
Estimated time to end of superbatch: [36m17.2[0ms     [Fsuperbatch [36m34[0m [[35m33.6[0m% ([36m256[0m/[36m763[0m batches, [36m4935330[0m pos/sec)]
Estimated time to end of superbatch: [36m13.5[0ms     [Fsuperbatch [36m34[0m [[35m50.3[0m% ([36m384[0m/[36m763[0m batches, [36m4989268[0m pos/sec)]
Estimated time to end of superbatch: [36m10.0[0ms     [Fsuperbatch [36m34[0m [[35m67.1[0m% ([36m512[0m/[36m763[0m batches, [36m4944292[0m pos/sec)]
Estimated time to end of superbatch: [36m6.7[0ms     [Fsuperbatch [36m34[0m [[35m83.9[0m% ([36m640[0m/[36m763[0m batches, [36m4941596[0m pos/sec)]
Estimated time to end of superbatch: [36m3.3[0ms     [Fsuperbatch [36m34[0m | time [36m20.3[0ms | running loss [36m0.011206[0m | [36m4936866[0m pos/sec | total time [36m716.0[0ms
Estimated time remaining in training: [36m0[0mh [36m12[0mm [36m38[0ms
LR dropped to [36m0.000048[0m
superbatch [36m35[0m [[35m0.0[0m% ([36m0[0m/[36m763[0m batches, [36m5588494[0m pos/sec)]
Estimated time to end of superbatch: [36minf[0ms     [Fsuperbatch [36m35[0m [[35m16.8[0m% ([36m128[0m/[36m763[0m batches, [36m4966635[0m pos/sec)]
Estimated time to end of superbatch: [36m16.9[0ms     [Fsuperbatch [36m35[0m [[35m33.6[0m% ([36m256[0m/[36m763[0m batches, [36m4842870[0m pos/sec)]
Estimated time to end of superbatch: [36m13.8[0ms     [Fsuperbatch [36m35[0m [[35m50.3[0m% ([36m384[0m/[36m763[0m batches, [36m4784060[0m pos/sec)]
Estimated time to end of superbatch: [36m10.4[0ms     [Fsuperbatch [36m35[0m [[35m67.1[0m% ([36m512[0m/[36m763[0m batches, [36m4796039[0m pos/sec)]
Estimated time to end of superbatch: [36m6.9[0ms     [Fsuperbatch [36m35[0m [[35m83.9[0m% ([36m640[0m/[36m763[0m batches, [36m4830506[0m pos/sec)]
Estimated time to end of superbatch: [36m3.3[0ms     [Fsuperbatch [36m35[0m | time [36m20.8[0ms | running loss [36m0.011254[0m | [36m4805925[0m pos/sec | total time [36m736.8[0ms
Estimated time remaining in training: [36m0[0mh [36m12[0mm [36m16[0ms
LR dropped to [36m0.00004665714[0m
superbatch [36m36[0m [[35m0.0[0m% ([36m0[0m/[36m763[0m batches, [36m5512358[0m pos/sec)]
Estimated time to end of superbatch: [36minf[0ms     [Fsuperbatch [36m36[0m [[35m16.8[0m% ([36m128[0m/[36m763[0m batches, [36m4706638[0m pos/sec)]
Estimated time to end of superbatch: [36m17.8[0ms     [Fsuperbatch [36m36[0m [[35m33.6[0m% ([36m256[0m/[36m763[0m batches, [36m4825324[0m pos/sec)]
Estimated time to end of superbatch: [36m13.8[0ms     [Fsuperbatch [36m36[0m [[35m50.3[0m% ([36m384[0m/[36m763[0m batches, [36m4845682[0m pos/sec)]
Estimated time to end of superbatch: [36m10.3[0ms     [Fsuperbatch [36m36[0m [[35m67.1[0m% ([36m512[0m/[36m763[0m batches, [36m4798468[0m pos/sec)]
Estimated time to end of superbatch: [36m6.9[0ms     [Fsuperbatch [36m36[0m [[35m83.9[0m% ([36m640[0m/[36m763[0m batches, [36m4772879[0m pos/sec)]
Estimated time to end of superbatch: [36m3.4[0ms     [Fsuperbatch [36m36[0m | time [36m20.8[0ms | running loss [36m0.011378[0m | [36m4797748[0m pos/sec | total time [36m757.7[0ms
Estimated time remaining in training: [36m0[0mh [36m11[0mm [36m55[0ms
LR dropped to [36m0.00004531429[0m
superbatch [36m37[0m [[35m0.0[0m% ([36m0[0m/[36m763[0m batches, [36m5461532[0m pos/sec)]
Estimated time to end of superbatch: [36minf[0ms     [Fsuperbatch [36m37[0m [[35m16.8[0m% ([36m128[0m/[36m763[0m batches, [36m5050965[0m pos/sec)]
Estimated time to end of superbatch: [36m16.6[0ms     [Fsuperbatch [36m37[0m [[35m33.6[0m% ([36m256[0m/[36m763[0m batches, [36m5029082[0m pos/sec)]
Estimated time to end of superbatch: [36m13.3[0ms     [Fsuperbatch [36m37[0m [[35m50.3[0m% ([36m384[0m/[36m763[0m batches, [36m5033007[0m pos/sec)]
Estimated time to end of superbatch: [36m9.9[0ms     [Fsuperbatch [36m37[0m [[35m67.1[0m% ([36m512[0m/[36m763[0m batches, [36m5044101[0m pos/sec)]
Estimated time to end of superbatch: [36m6.5[0ms     [Fsuperbatch [36m37[0m [[35m83.9[0m% ([36m640[0m/[36m763[0m batches, [36m5031723[0m pos/sec)]
Estimated time to end of superbatch: [36m3.2[0ms     [Fsuperbatch [36m37[0m | time [36m20.0[0ms | running loss [36m0.011469[0m | [36m4993766[0m pos/sec | total time [36m777.7[0ms
Estimated time remaining in training: [36m0[0mh [36m11[0mm [36m33[0ms
LR dropped to [36m0.000043971428[0m
superbatch [36m38[0m [[35m0.0[0m% ([36m0[0m/[36m763[0m batches, [36m5462212[0m pos/sec)]
Estimated time to end of superbatch: [36minf[0ms     [Fsuperbatch [36m38[0m [[35m16.8[0m% ([36m128[0m/[36m763[0m batches, [36m4837140[0m pos/sec)]
Estimated time to end of superbatch: [36m17.3[0ms     [Fsuperbatch [36m38[0m [[35m33.6[0m% ([36m256[0m/[36m763[0m batches, [36m4926235[0m pos/sec)]
Estimated time to end of superbatch: [36m13.5[0ms     [Fsuperbatch [36m38[0m [[35m50.3[0m% ([36m384[0m/[36m763[0m batches, [36m4948028[0m pos/sec)]
Estimated time to end of superbatch: [36m10.1[0ms     [Fsuperbatch [36m38[0m [[35m67.1[0m% ([36m512[0m/[36m763[0m batches, [36m4927333[0m pos/sec)]
Estimated time to end of superbatch: [36m6.7[0ms     [Fsuperbatch [36m38[0m [[35m83.9[0m% ([36m640[0m/[36m763[0m batches, [36m4892750[0m pos/sec)]
Estimated time to end of superbatch: [36m3.3[0ms     [Fsuperbatch [36m38[0m | time [36m20.4[0ms | running loss [36m0.011619[0m | [36m4895488[0m pos/sec | total time [36m798.1[0ms
Estimated time remaining in training: [36m0[0mh [36m11[0mm [36m12[0ms
LR dropped to [36m0.000042628573[0m
superbatch [36m39[0m [[35m0.0[0m% ([36m0[0m/[36m763[0m batches, [36m4597841[0m pos/sec)]
Estimated time to end of superbatch: [36minf[0ms     [Fsuperbatch [36m39[0m [[35m16.8[0m% ([36m128[0m/[36m763[0m batches, [36m5007944[0m pos/sec)]
Estimated time to end of superbatch: [36m16.7[0ms     [Fsuperbatch [36m39[0m [[35m33.6[0m% ([36m256[0m/[36m763[0m batches, [36m4947762[0m pos/sec)]
Estimated time to end of superbatch: [36m13.5[0ms     [Fsuperbatch [36m39[0m [[35m50.3[0m% ([36m384[0m/[36m763[0m batches, [36m4902290[0m pos/sec)]
Estimated time to end of superbatch: [36m10.2[0ms     [Fsuperbatch [36m39[0m [[35m67.1[0m% ([36m512[0m/[36m763[0m batches, [36m4946092[0m pos/sec)]
Estimated time to end of superbatch: [36m6.7[0ms     [Fsuperbatch [36m39[0m [[35m83.9[0m% ([36m640[0m/[36m763[0m batches, [36m4961570[0m pos/sec)]
Estimated time to end of superbatch: [36m3.3[0ms     [Fsuperbatch [36m39[0m | time [36m20.4[0ms | running loss [36m0.011694[0m | [36m4914342[0m pos/sec | total time [36m818.5[0ms
Estimated time remaining in training: [36m0[0mh [36m10[0mm [36m50[0ms
LR dropped to [36m0.00004128571[0m
superbatch [36m40[0m [[35m0.0[0m% ([36m0[0m/[36m763[0m batches, [36m4111647[0m pos/sec)]
Estimated time to end of superbatch: [36minf[0ms     [Fsuperbatch [36m40[0m [[35m16.8[0m% ([36m128[0m/[36m763[0m batches, [36m4988336[0m pos/sec)]
Estimated time to end of superbatch: [36m16.8[0ms     [Fsuperbatch [36m40[0m [[35m33.6[0m% ([36m256[0m/[36m763[0m batches, [36m4906606[0m pos/sec)]
Estimated time to end of superbatch: [36m13.6[0ms     [Fsuperbatch [36m40[0m [[35m50.3[0m% ([36m384[0m/[36m763[0m batches, [36m4894226[0m pos/sec)]
Estimated time to end of superbatch: [36m10.2[0ms     [Fsuperbatch [36m40[0m [[35m67.1[0m% ([36m512[0m/[36m763[0m batches, [36m4860858[0m pos/sec)]
Estimated time to end of superbatch: [36m6.8[0ms     [Fsuperbatch [36m40[0m [[35m83.9[0m% ([36m640[0m/[36m763[0m batches, [36m4819377[0m pos/sec)]
Estimated time to end of superbatch: [36m3.4[0ms     [Fsuperbatch [36m40[0m | time [36m20.7[0ms | running loss [36m0.011857[0m | [36m4828218[0m pos/sec | total time [36m839.2[0ms
Estimated time remaining in training: [36m0[0mh [36m10[0mm [36m29[0ms
Saved [anna-v5f-s1-40]
LR dropped to [36m0.00003994286[0m
superbatch [36m41[0m [[35m0.0[0m% ([36m0[0m/[36m763[0m batches, [36m5572104[0m pos/sec)]
Estimated time to end of superbatch: [36minf[0ms     [Fsuperbatch [36m41[0m [[35m16.8[0m% ([36m128[0m/[36m763[0m batches, [36m5613794[0m pos/sec)]
Estimated time to end of superbatch: [36m14.9[0ms     [Fsuperbatch [36m41[0m [[35m33.6[0m% ([36m256[0m/[36m763[0m batches, [36m5564619[0m pos/sec)]
Estimated time to end of superbatch: [36m12.0[0ms     [Fsuperbatch [36m41[0m [[35m50.3[0m% ([36m384[0m/[36m763[0m batches, [36m5301292[0m pos/sec)]
Estimated time to end of superbatch: [36m9.4[0ms     [Fsuperbatch [36m41[0m [[35m67.1[0m% ([36m512[0m/[36m763[0m batches, [36m5214608[0m pos/sec)]
Estimated time to end of superbatch: [36m6.3[0ms     [Fsuperbatch [36m41[0m [[35m83.9[0m% ([36m640[0m/[36m763[0m batches, [36m5155329[0m pos/sec)]
Estimated time to end of superbatch: [36m3.1[0ms     [Fsuperbatch [36m41[0m | time [36m19.7[0ms | running loss [36m0.011927[0m | [36m5074651[0m pos/sec | total time [36m861.6[0ms
Estimated time remaining in training: [36m0[0mh [36m10[0mm [36m9[0ms
LR dropped to [36m0.0000386[0m
superbatch [36m42[0m [[35m0.0[0m% ([36m0[0m/[36m763[0m batches, [36m4576129[0m pos/sec)]
Estimated time to end of superbatch: [36minf[0ms     [Fsuperbatch [36m42[0m [[35m16.8[0m% ([36m128[0m/[36m763[0m batches, [36m4679886[0m pos/sec)]
Estimated time to end of superbatch: [36m17.9[0ms     [Fsuperbatch [36m42[0m [[35m33.6[0m% ([36m256[0m/[36m763[0m batches, [36m4825036[0m pos/sec)]
Estimated time to end of superbatch: [36m13.8[0ms     [Fsuperbatch [36m42[0m [[35m50.3[0m% ([36m384[0m/[36m763[0m batches, [36m4910156[0m pos/sec)]
Estimated time to end of superbatch: [36m10.1[0ms     [Fsuperbatch [36m42[0m [[35m67.1[0m% ([36m512[0m/[36m763[0m batches, [36m4938522[0m pos/sec)]
Estimated time to end of superbatch: [36m6.7[0ms     [Fsuperbatch [36m42[0m [[35m83.9[0m% ([36m640[0m/[36m763[0m batches, [36m4914435[0m pos/sec)]
Estimated time to end of superbatch: [36m3.3[0ms     [Fsuperbatch [36m42[0m | time [36m20.3[0ms | running loss [36m0.012129[0m | [36m4920170[0m pos/sec | total time [36m881.9[0ms
Estimated time remaining in training: [36m0[0mh [36m9[0mm [36m47[0ms
LR dropped to [36m0.000037257145[0m
superbatch [36m43[0m [[35m0.0[0m% ([36m0[0m/[36m763[0m batches, [36m4030104[0m pos/sec)]
Estimated time to end of superbatch: [36minf[0ms     [Fsuperbatch [36m43[0m [[35m16.8[0m% ([36m128[0m/[36m763[0m batches, [36m5058380[0m pos/sec)]
Estimated time to end of superbatch: [36m16.6[0ms     [Fsuperbatch [36m43[0m [[35m33.6[0m% ([36m256[0m/[36m763[0m batches, [36m5034974[0m pos/sec)]
Estimated time to end of superbatch: [36m13.2[0ms     [Fsuperbatch [36m43[0m [[35m50.3[0m% ([36m384[0m/[36m763[0m batches, [36m4906342[0m pos/sec)]
Estimated time to end of superbatch: [36m10.2[0ms     [Fsuperbatch [36m43[0m [[35m67.1[0m% ([36m512[0m/[36m763[0m batches, [36m4938832[0m pos/sec)]
Estimated time to end of superbatch: [36m6.7[0ms     [Fsuperbatch [36m43[0m [[35m83.9[0m% ([36m640[0m/[36m763[0m batches, [36m4960284[0m pos/sec)]
Estimated time to end of superbatch: [36m3.3[0ms     [Fsuperbatch [36m43[0m | time [36m20.3[0ms | running loss [36m0.012224[0m | [36m4928310[0m pos/sec | total time [36m902.2[0ms
Estimated time remaining in training: [36m0[0mh [36m9[0mm [36m26[0ms
LR dropped to [36m0.000035914283[0m
superbatch [36m44[0m [[35m0.0[0m% ([36m0[0m/[36m763[0m batches, [36m5668863[0m pos/sec)]
Estimated time to end of superbatch: [36minf[0ms     [Fsuperbatch [36m44[0m [[35m16.8[0m% ([36m128[0m/[36m763[0m batches, [36m4868549[0m pos/sec)]
Estimated time to end of superbatch: [36m17.2[0ms     [Fsuperbatch [36m44[0m [[35m33.6[0m% ([36m256[0m/[36m763[0m batches, [36m4930626[0m pos/sec)]
Estimated time to end of superbatch: [36m13.5[0ms     [Fsuperbatch [36m44[0m [[35m50.3[0m% ([36m384[0m/[36m763[0m batches, [36m4952318[0m pos/sec)]
Estimated time to end of superbatch: [36m10.1[0ms     [Fsuperbatch [36m44[0m [[35m67.1[0m% ([36m512[0m/[36m763[0m batches, [36m4954710[0m pos/sec)]
Estimated time to end of superbatch: [36m6.7[0ms     [Fsuperbatch [36m44[0m [[35m83.9[0m% ([36m640[0m/[36m763[0m batches, [36m4916497[0m pos/sec)]
Estimated time to end of superbatch: [36m3.3[0ms     [Fsuperbatch [36m44[0m | time [36m20.3[0ms | running loss [36m0.012399[0m | [36m4930640[0m pos/sec | total time [36m922.5[0ms
Estimated time remaining in training: [36m0[0mh [36m9[0mm [36m5[0ms
LR dropped to [36m0.000034571432[0m
superbatch [36m45[0m [[35m0.0[0m% ([36m0[0m/[36m763[0m batches, [36m4399344[0m pos/sec)]
Estimated time to end of superbatch: [36minf[0ms     [Fsuperbatch [36m45[0m [[35m16.8[0m% ([36m128[0m/[36m763[0m batches, [36m5074970[0m pos/sec)]
Estimated time to end of superbatch: [36m16.5[0ms     [Fsuperbatch [36m45[0m [[35m33.6[0m% ([36m256[0m/[36m763[0m batches, [36m4916714[0m pos/sec)]
Estimated time to end of superbatch: [36m13.6[0ms     [Fsuperbatch [36m45[0m [[35m50.3[0m% ([36m384[0m/[36m763[0m batches, [36m4820137[0m pos/sec)]
Estimated time to end of superbatch: [36m10.3[0ms     [Fsuperbatch [36m45[0m [[35m67.1[0m% ([36m512[0m/[36m763[0m batches, [36m4819676[0m pos/sec)]
Estimated time to end of superbatch: [36m6.8[0ms     [Fsuperbatch [36m45[0m [[35m83.9[0m% ([36m640[0m/[36m763[0m batches, [36m4841574[0m pos/sec)]
Estimated time to end of superbatch: [36m3.3[0ms     [Fsuperbatch [36m45[0m | time [36m20.6[0ms | running loss [36m0.012488[0m | [36m4845150[0m pos/sec | total time [36m943.1[0ms
Estimated time remaining in training: [36m0[0mh [36m8[0mm [36m43[0ms
LR dropped to [36m0.00003322857[0m
superbatch [36m46[0m [[35m0.0[0m% ([36m0[0m/[36m763[0m batches, [36m4661334[0m pos/sec)]
Estimated time to end of superbatch: [36minf[0ms     [Fsuperbatch [36m46[0m [[35m16.8[0m% ([36m128[0m/[36m763[0m batches, [36m4654529[0m pos/sec)]
Estimated time to end of superbatch: [36m18.0[0ms     [Fsuperbatch [36m46[0m [[35m33.6[0m% ([36m256[0m/[36m763[0m batches, [36m4796028[0m pos/sec)]
Estimated time to end of superbatch: [36m13.9[0ms     [Fsuperbatch [36m46[0m [[35m50.3[0m% ([36m384[0m/[36m763[0m batches, [36m4835622[0m pos/sec)]
Estimated time to end of superbatch: [36m10.3[0ms     [Fsuperbatch [36m46[0m [[35m67.1[0m% ([36m512[0m/[36m763[0m batches, [36m4824163[0m pos/sec)]
Estimated time to end of superbatch: [36m6.8[0ms     [Fsuperbatch [36m46[0m [[35m83.9[0m% ([36m640[0m/[36m763[0m batches, [36m4772260[0m pos/sec)]
Estimated time to end of superbatch: [36m3.4[0ms     [Fsuperbatch [36m46[0m | time [36m20.9[0ms | running loss [36m0.012683[0m | [36m4779952[0m pos/sec | total time [36m964.0[0ms
Estimated time remaining in training: [36m0[0mh [36m8[0mm [36m22[0ms
LR dropped to [36m0.00003188572[0m
superbatch [36m47[0m [[35m0.0[0m% ([36m0[0m/[36m763[0m batches, [36m5563826[0m pos/sec)]
Estimated time to end of superbatch: [36minf[0ms     [Fsuperbatch [36m47[0m [[35m16.8[0m% ([36m128[0m/[36m763[0m batches, [36m4828860[0m pos/sec)]
Estimated time to end of superbatch: [36m17.4[0ms     [Fsuperbatch [36m47[0m [[35m33.6[0m% ([36m256[0m/[36m763[0m batches, [36m4843491[0m pos/sec)]
Estimated time to end of superbatch: [36m13.8[0ms     [Fsuperbatch [36m47[0m [[35m50.3[0m% ([36m384[0m/[36m763[0m batches, [36m4857120[0m pos/sec)]
Estimated time to end of superbatch: [36m10.3[0ms     [Fsuperbatch [36m47[0m [[35m67.1[0m% ([36m512[0m/[36m763[0m batches, [36m4895234[0m pos/sec)]
Estimated time to end of superbatch: [36m6.7[0ms     [Fsuperbatch [36m47[0m [[35m83.9[0m% ([36m640[0m/[36m763[0m batches, [36m4923700[0m pos/sec)]
Estimated time to end of superbatch: [36m3.3[0ms     [Fsuperbatch [36m47[0m | time [36m20.3[0ms | running loss [36m0.012760[0m | [36m4935368[0m pos/sec | total time [36m984.3[0ms
Estimated time remaining in training: [36m0[0mh [36m8[0mm [36m1[0ms
LR dropped to [36m0.000030542855[0m
superbatch [36m48[0m [[35m0.0[0m% ([36m0[0m/[36m763[0m batches, [36m5564028[0m pos/sec)]
Estimated time to end of superbatch: [36minf[0ms     [Fsuperbatch [36m48[0m [[35m16.8[0m% ([36m128[0m/[36m763[0m batches, [36m4926495[0m pos/sec)]
Estimated time to end of superbatch: [36m17.0[0ms     [Fsuperbatch [36m48[0m [[35m33.6[0m% ([36m256[0m/[36m763[0m batches, [36m4928476[0m pos/sec)]
Estimated time to end of superbatch: [36m13.5[0ms     [Fsuperbatch [36m48[0m [[35m50.3[0m% ([36m384[0m/[36m763[0m batches, [36m4957165[0m pos/sec)]
Estimated time to end of superbatch: [36m10.0[0ms     [Fsuperbatch [36m48[0m [[35m67.1[0m% ([36m512[0m/[36m763[0m batches, [36m4967187[0m pos/sec)]
Estimated time to end of superbatch: [36m6.6[0ms     [Fsuperbatch [36m48[0m [[35m83.9[0m% ([36m640[0m/[36m763[0m batches, [36m4922168[0m pos/sec)]
Estimated time to end of superbatch: [36m3.3[0ms     [Fsuperbatch [36m48[0m | time [36m20.3[0ms | running loss [36m0.012976[0m | [36m4928388[0m pos/sec | total time [36m1004.6[0ms
Estimated time remaining in training: [36m0[0mh [36m7[0mm [36m40[0ms
LR dropped to [36m0.000029200004[0m
superbatch [36m49[0m [[35m0.0[0m% ([36m0[0m/[36m763[0m batches, [36m5646940[0m pos/sec)]
Estimated time to end of superbatch: [36minf[0ms     [Fsuperbatch [36m49[0m [[35m16.8[0m% ([36m128[0m/[36m763[0m batches, [36m5019520[0m pos/sec)]
Estimated time to end of superbatch: [36m16.7[0ms     [Fsuperbatch [36m49[0m [[35m33.6[0m% ([36m256[0m/[36m763[0m batches, [36m5039770[0m pos/sec)]
Estimated time to end of superbatch: [36m13.2[0ms     [Fsuperbatch [36m49[0m [[35m50.3[0m% ([36m384[0m/[36m763[0m batches, [36m4954686[0m pos/sec)]
Estimated time to end of superbatch: [36m10.1[0ms     [Fsuperbatch [36m49[0m [[35m67.1[0m% ([36m512[0m/[36m763[0m batches, [36m4954672[0m pos/sec)]
Estimated time to end of superbatch: [36m6.7[0ms     [Fsuperbatch [36m49[0m [[35m83.9[0m% ([36m640[0m/[36m763[0m batches, [36m4965296[0m pos/sec)]
Estimated time to end of superbatch: [36m3.3[0ms     [Fsuperbatch [36m49[0m | time [36m20.1[0ms | running loss [36m0.013070[0m | [36m4967624[0m pos/sec | total time [36m1024.7[0ms
Estimated time remaining in training: [36m0[0mh [36m7[0mm [36m19[0ms
LR dropped to [36m0.000027857139[0m
superbatch [36m50[0m [[35m0.0[0m% ([36m0[0m/[36m763[0m batches, [36m5250110[0m pos/sec)]
Estimated time to end of superbatch: [36minf[0ms     [Fsuperbatch [36m50[0m [[35m16.8[0m% ([36m128[0m/[36m763[0m batches, [36m4706558[0m pos/sec)]
Estimated time to end of superbatch: [36m17.8[0ms     [Fsuperbatch [36m50[0m [[35m33.6[0m% ([36m256[0m/[36m763[0m batches, [36m4800581[0m pos/sec)]
Estimated time to end of superbatch: [36m13.9[0ms     [Fsuperbatch [36m50[0m [[35m50.3[0m% ([36m384[0m/[36m763[0m batches, [36m4830676[0m pos/sec)]
Estimated time to end of superbatch: [36m10.3[0ms     [Fsuperbatch [36m50[0m [[35m67.1[0m% ([36m512[0m/[36m763[0m batches, [36m4842647[0m pos/sec)]
Estimated time to end of superbatch: [36m6.8[0ms     [Fsuperbatch [36m50[0m [[35m83.9[0m% ([36m640[0m/[36m763[0m batches, [36m4779565[0m pos/sec)]
Estimated time to end of superbatch: [36m3.4[0ms     [Fsuperbatch [36m50[0m | time [36m20.8[0ms | running loss [36m0.013292[0m | [36m4805596[0m pos/sec | total time [36m1045.5[0ms
Estimated time remaining in training: [36m0[0mh [36m6[0mm [36m58[0ms
Saved [anna-v5f-s1-50]
LR dropped to [36m0.000026514288[0m
superbatch [36m51[0m [[35m0.0[0m% ([36m0[0m/[36m763[0m batches, [36m5648298[0m pos/sec)]
Estimated time to end of superbatch: [36minf[0ms     [Fsuperbatch [36m51[0m [[35m16.8[0m% ([36m128[0m/[36m763[0m batches, [36m5633418[0m pos/sec)]
Estimated time to end of superbatch: [36m14.9[0ms     [Fsuperbatch [36m51[0m [[35m33.6[0m% ([36m256[0m/[36m763[0m batches, [36m5604241[0m pos/sec)]
Estimated time to end of superbatch: [36m11.9[0ms     [Fsuperbatch [36m51[0m [[35m50.3[0m% ([36m384[0m/[36m763[0m batches, [36m5267234[0m pos/sec)]
Estimated time to end of superbatch: [36m9.5[0ms     [Fsuperbatch [36m51[0m [[35m67.1[0m% ([36m512[0m/[36m763[0m batches, [36m5153072[0m pos/sec)]
Estimated time to end of superbatch: [36m6.4[0ms     [Fsuperbatch [36m51[0m [[35m83.9[0m% ([36m640[0m/[36m763[0m batches, [36m5099789[0m pos/sec)]
Estimated time to end of superbatch: [36m3.2[0ms     [Fsuperbatch [36m51[0m | time [36m19.8[0ms | running loss [36m0.013406[0m | [36m5063691[0m pos/sec | total time [36m1067.9[0ms
Estimated time remaining in training: [36m0[0mh [36m6[0mm [36m37[0ms
LR dropped to [36m0.00002517143[0m
superbatch [36m52[0m [[35m0.0[0m% ([36m0[0m/[36m763[0m batches, [36m5234340[0m pos/sec)]
Estimated time to end of superbatch: [36minf[0ms     [Fsuperbatch [36m52[0m [[35m16.8[0m% ([36m128[0m/[36m763[0m batches, [36m4624022[0m pos/sec)]
Estimated time to end of superbatch: [36m18.1[0ms     [Fsuperbatch [36m52[0m [[35m33.6[0m% ([36m256[0m/[36m763[0m batches, [36m4811676[0m pos/sec)]
Estimated time to end of superbatch: [36m13.9[0ms     [Fsuperbatch [36m52[0m [[35m50.3[0m% ([36m384[0m/[36m763[0m batches, [36m4898069[0m pos/sec)]
Estimated time to end of superbatch: [36m10.2[0ms     [Fsuperbatch [36m52[0m [[35m67.1[0m% ([36m512[0m/[36m763[0m batches, [36m4942388[0m pos/sec)]
Estimated time to end of superbatch: [36m6.7[0ms     [Fsuperbatch [36m52[0m [[35m83.9[0m% ([36m640[0m/[36m763[0m batches, [36m4962750[0m pos/sec)]
Estimated time to end of superbatch: [36m3.3[0ms     [Fsuperbatch [36m52[0m | time [36m20.1[0ms | running loss [36m0.013820[0m | [36m4964537[0m pos/sec | total time [36m1088.1[0ms
Estimated time remaining in training: [36m0[0mh [36m6[0mm [36m16[0ms
LR dropped to [36m0.000023828572[0m
superbatch [36m53[0m [[35m0.0[0m% ([36m0[0m/[36m763[0m batches, [36m5376286[0m pos/sec)]
Estimated time to end of superbatch: [36minf[0ms     [Fsuperbatch [36m53[0m [[35m16.8[0m% ([36m128[0m/[36m763[0m batches, [36m4947224[0m pos/sec)]
Estimated time to end of superbatch: [36m17.0[0ms     [Fsuperbatch [36m53[0m [[35m33.6[0m% ([36m256[0m/[36m763[0m batches, [36m4933476[0m pos/sec)]
Estimated time to end of superbatch: [36m13.5[0ms     [Fsuperbatch [36m53[0m [[35m50.3[0m% ([36m384[0m/[36m763[0m batches, [36m4786476[0m pos/sec)]
Estimated time to end of superbatch: [36m10.4[0ms     [Fsuperbatch [36m53[0m [[35m67.1[0m% ([36m512[0m/[36m763[0m batches, [36m4830104[0m pos/sec)]
Estimated time to end of superbatch: [36m6.8[0ms     [Fsuperbatch [36m53[0m [[35m83.9[0m% ([36m640[0m/[36m763[0m batches, [36m4850274[0m pos/sec)]
Estimated time to end of superbatch: [36m3.3[0ms     [Fsuperbatch [36m53[0m | time [36m20.6[0ms | running loss [36m0.013970[0m | [36m4853267[0m pos/sec | total time [36m1108.7[0ms
Estimated time remaining in training: [36m0[0mh [36m5[0mm [36m55[0ms
LR dropped to [36m0.000022485714[0m
superbatch [36m54[0m [[35m0.0[0m% ([36m0[0m/[36m763[0m batches, [36m4937608[0m pos/sec)]
Estimated time to end of superbatch: [36minf[0ms     [Fsuperbatch [36m54[0m [[35m16.8[0m% ([36m128[0m/[36m763[0m batches, [36m4771539[0m pos/sec)]
Estimated time to end of superbatch: [36m17.6[0ms     [Fsuperbatch [36m54[0m [[35m33.6[0m% ([36m256[0m/[36m763[0m batches, [36m4843116[0m pos/sec)]
Estimated time to end of superbatch: [36m13.8[0ms     [Fsuperbatch [36m54[0m [[35m50.3[0m% ([36m384[0m/[36m763[0m batches, [36m4860706[0m pos/sec)]
Estimated time to end of superbatch: [36m10.2[0ms     [Fsuperbatch [36m54[0m [[35m67.1[0m% ([36m512[0m/[36m763[0m batches, [36m4853626[0m pos/sec)]
Estimated time to end of superbatch: [36m6.8[0ms     [Fsuperbatch [36m54[0m [[35m83.9[0m% ([36m640[0m/[36m763[0m batches, [36m4790708[0m pos/sec)]
Estimated time to end of superbatch: [36m3.4[0ms     [Fsuperbatch [36m54[0m | time [36m20.8[0ms | running loss [36m0.014175[0m | [36m4808662[0m pos/sec | total time [36m1129.5[0ms
Estimated time remaining in training: [36m0[0mh [36m5[0mm [36m34[0ms
LR dropped to [36m0.000021142863[0m
superbatch [36m55[0m [[35m0.0[0m% ([36m0[0m/[36m763[0m batches, [36m4463184[0m pos/sec)]
Estimated time to end of superbatch: [36minf[0ms     [Fsuperbatch [36m55[0m [[35m16.8[0m% ([36m128[0m/[36m763[0m batches, [36m4906128[0m pos/sec)]
Estimated time to end of superbatch: [36m17.1[0ms     [Fsuperbatch [36m55[0m [[35m33.6[0m% ([36m256[0m/[36m763[0m batches, [36m4888160[0m pos/sec)]
Estimated time to end of superbatch: [36m13.6[0ms     [Fsuperbatch [36m55[0m [[35m50.3[0m% ([36m384[0m/[36m763[0m batches, [36m4822900[0m pos/sec)]
Estimated time to end of superbatch: [36m10.3[0ms     [Fsuperbatch [36m55[0m [[35m67.1[0m% ([36m512[0m/[36m763[0m batches, [36m4815543[0m pos/sec)]
Estimated time to end of superbatch: [36m6.8[0ms     [Fsuperbatch [36m55[0m [[35m83.9[0m% ([36m640[0m/[36m763[0m batches, [36m4826602[0m pos/sec)]
Estimated time to end of superbatch: [36m3.3[0ms     [Fsuperbatch [36m55[0m | time [36m20.7[0ms | running loss [36m0.014294[0m | [36m4839584[0m pos/sec | total time [36m1150.1[0ms
Estimated time remaining in training: [36m0[0mh [36m5[0mm [36m13[0ms
LR dropped to [36m0.000019799998[0m
superbatch [36m56[0m [[35m0.0[0m% ([36m0[0m/[36m763[0m batches, [36m4519099[0m pos/sec)]
Estimated time to end of superbatch: [36minf[0ms     [Fsuperbatch [36m56[0m [[35m16.8[0m% ([36m128[0m/[36m763[0m batches, [36m4665428[0m pos/sec)]
Estimated time to end of superbatch: [36m18.0[0ms     [Fsuperbatch [36m56[0m [[35m33.6[0m% ([36m256[0m/[36m763[0m batches, [36m4716796[0m pos/sec)]
Estimated time to end of superbatch: [36m14.1[0ms     [Fsuperbatch [36m56[0m [[35m50.3[0m% ([36m384[0m/[36m763[0m batches, [36m4797332[0m pos/sec)]
Estimated time to end of superbatch: [36m10.4[0ms     [Fsuperbatch [36m56[0m [[35m67.1[0m% ([36m512[0m/[36m763[0m batches, [36m4831174[0m pos/sec)]
Estimated time to end of superbatch: [36m6.8[0ms     [Fsuperbatch [36m56[0m [[35m83.9[0m% ([36m640[0m/[36m763[0m batches, [36m4783199[0m pos/sec)]
Estimated time to end of superbatch: [36m3.4[0ms     [Fsuperbatch [36m56[0m | time [36m20.9[0ms | running loss [36m0.014499[0m | [36m4776625[0m pos/sec | total time [36m1171.1[0ms
Estimated time remaining in training: [36m0[0mh [36m4[0mm [36m52[0ms
LR dropped to [36m0.000018457147[0m
superbatch [36m57[0m [[35m0.0[0m% ([36m0[0m/[36m763[0m batches, [36m3782050[0m pos/sec)]
Estimated time to end of superbatch: [36minf[0ms     [Fsuperbatch [36m57[0m [[35m16.8[0m% ([36m128[0m/[36m763[0m batches, [36m4973984[0m pos/sec)]
Estimated time to end of superbatch: [36m16.9[0ms     [Fsuperbatch [36m57[0m [[35m33.6[0m% ([36m256[0m/[36m763[0m batches, [36m4961102[0m pos/sec)]
Estimated time to end of superbatch: [36m13.4[0ms     [Fsuperbatch [36m57[0m [[35m50.3[0m% ([36m384[0m/[36m763[0m batches, [36m4820420[0m pos/sec)]
Estimated time to end of superbatch: [36m10.3[0ms     [Fsuperbatch [36m57[0m [[35m67.1[0m% ([36m512[0m/[36m763[0m batches, [36m4812303[0m pos/sec)]
Estimated time to end of superbatch: [36m6.8[0ms     [Fsuperbatch [36m57[0m [[35m83.9[0m% ([36m640[0m/[36m763[0m batches, [36m4851558[0m pos/sec)]
Estimated time to end of superbatch: [36m3.3[0ms     [Fsuperbatch [36m57[0m | time [36m20.5[0ms | running loss [36m0.014630[0m | [36m4874380[0m pos/sec | total time [36m1191.6[0ms
Estimated time remaining in training: [36m0[0mh [36m4[0mm [36m31[0ms
LR dropped to [36m0.000017114282[0m
superbatch [36m58[0m [[35m0.0[0m% ([36m0[0m/[36m763[0m batches, [36m5646808[0m pos/sec)]
Estimated time to end of superbatch: [36minf[0ms     [Fsuperbatch [36m58[0m [[35m16.8[0m% ([36m128[0m/[36m763[0m batches, [36m4674070[0m pos/sec)]
Estimated time to end of superbatch: [36m17.9[0ms     [Fsuperbatch [36m58[0m [[35m33.6[0m% ([36m256[0m/[36m763[0m batches, [36m4669148[0m pos/sec)]
Estimated time to end of superbatch: [36m14.3[0ms     [Fsuperbatch [36m58[0m [[35m50.3[0m% ([36m384[0m/[36m763[0m batches, [36m4772763[0m pos/sec)]
Estimated time to end of superbatch: [36m10.4[0ms     [Fsuperbatch [36m58[0m [[35m67.1[0m% ([36m512[0m/[36m763[0m batches, [36m4829119[0m pos/sec)]
Estimated time to end of superbatch: [36m6.8[0ms     [Fsuperbatch [36m58[0m [[35m83.9[0m% ([36m640[0m/[36m763[0m batches, [36m4816442[0m pos/sec)]
Estimated time to end of superbatch: [36m3.4[0ms     [Fsuperbatch [36m58[0m | time [36m20.7[0ms | running loss [36m0.014863[0m | [36m4826042[0m pos/sec | total time [36m1212.3[0ms
Estimated time remaining in training: [36m0[0mh [36m4[0mm [36m10[0ms
LR dropped to [36m0.000015771431[0m
superbatch [36m59[0m [[35m0.0[0m% ([36m0[0m/[36m763[0m batches, [36m5305394[0m pos/sec)]
Estimated time to end of superbatch: [36minf[0ms     [Fsuperbatch [36m59[0m [[35m16.8[0m% ([36m128[0m/[36m763[0m batches, [36m4957207[0m pos/sec)]
Estimated time to end of superbatch: [36m16.9[0ms     [Fsuperbatch [36m59[0m [[35m33.6[0m% ([36m256[0m/[36m763[0m batches, [36m4936441[0m pos/sec)]
Estimated time to end of superbatch: [36m13.5[0ms     [Fsuperbatch [36m59[0m [[35m50.3[0m% ([36m384[0m/[36m763[0m batches, [36m4859737[0m pos/sec)]
Estimated time to end of superbatch: [36m10.2[0ms     [Fsuperbatch [36m59[0m [[35m67.1[0m% ([36m512[0m/[36m763[0m batches, [36m4844857[0m pos/sec)]
Estimated time to end of superbatch: [36m6.8[0ms     [Fsuperbatch [36m59[0m [[35m83.9[0m% ([36m640[0m/[36m763[0m batches, [36m4895258[0m pos/sec)]
Estimated time to end of superbatch: [36m3.3[0ms     [Fsuperbatch [36m59[0m | time [36m20.3[0ms | running loss [36m0.014998[0m | [36m4926806[0m pos/sec | total time [36m1232.6[0ms
Estimated time remaining in training: [36m0[0mh [36m3[0mm [36m49[0ms
LR dropped to [36m0.000014428573[0m
superbatch [36m60[0m [[35m0.0[0m% ([36m0[0m/[36m763[0m batches, [36m4635927[0m pos/sec)]
Estimated time to end of superbatch: [36minf[0ms     [Fsuperbatch [36m60[0m [[35m16.8[0m% ([36m128[0m/[36m763[0m batches, [36m4867522[0m pos/sec)]
Estimated time to end of superbatch: [36m17.2[0ms     [Fsuperbatch [36m60[0m [[35m33.6[0m% ([36m256[0m/[36m763[0m batches, [36m4855896[0m pos/sec)]
Estimated time to end of superbatch: [36m13.7[0ms     [Fsuperbatch [36m60[0m [[35m50.3[0m% ([36m384[0m/[36m763[0m batches, [36m4903284[0m pos/sec)]
Estimated time to end of superbatch: [36m10.2[0ms     [Fsuperbatch [36m60[0m [[35m67.1[0m% ([36m512[0m/[36m763[0m batches, [36m4943386[0m pos/sec)]
Estimated time to end of superbatch: [36m6.7[0ms     [Fsuperbatch [36m60[0m [[35m83.9[0m% ([36m640[0m/[36m763[0m batches, [36m4915239[0m pos/sec)]
Estimated time to end of superbatch: [36m3.3[0ms     [Fsuperbatch [36m60[0m | time [36m20.4[0ms | running loss [36m0.015190[0m | [36m4905782[0m pos/sec | total time [36m1253.0[0ms
Estimated time remaining in training: [36m0[0mh [36m3[0mm [36m28[0ms
Saved [anna-v5f-s1-60]
LR dropped to [36m0.000013085715[0m
superbatch [36m61[0m [[35m0.0[0m% ([36m0[0m/[36m763[0m batches, [36m5638706[0m pos/sec)]
Estimated time to end of superbatch: [36minf[0ms     [Fsuperbatch [36m61[0m [[35m16.8[0m% ([36m128[0m/[36m763[0m batches, [36m5525670[0m pos/sec)]
Estimated time to end of superbatch: [36m15.2[0ms     [Fsuperbatch [36m61[0m [[35m33.6[0m% ([36m256[0m/[36m763[0m batches, [36m5577542[0m pos/sec)]
Estimated time to end of superbatch: [36m12.0[0ms     [Fsuperbatch [36m61[0m [[35m50.3[0m% ([36m384[0m/[36m763[0m batches, [36m5581644[0m pos/sec)]
Estimated time to end of superbatch: [36m8.9[0ms     [Fsuperbatch [36m61[0m [[35m67.1[0m% ([36m512[0m/[36m763[0m batches, [36m5513934[0m pos/sec)]
Estimated time to end of superbatch: [36m6.0[0ms     [Fsuperbatch [36m61[0m [[35m83.9[0m% ([36m640[0m/[36m763[0m batches, [36m5398280[0m pos/sec)]
Estimated time to end of superbatch: [36m3.0[0ms     [Fsuperbatch [36m61[0m | time [36m18.7[0ms | running loss [36m0.015347[0m | [36m5340436[0m pos/sec | total time [36m1274.2[0ms
Estimated time remaining in training: [36m0[0mh [36m3[0mm [36m8[0ms
LR dropped to [36m0.000011742857[0m
superbatch [36m62[0m [[35m0.0[0m% ([36m0[0m/[36m763[0m batches, [36m4552206[0m pos/sec)]
Estimated time to end of superbatch: [36minf[0ms     [Fsuperbatch [36m62[0m [[35m16.8[0m% ([36m128[0m/[36m763[0m batches, [36m4961306[0m pos/sec)]
Estimated time to end of superbatch: [36m16.9[0ms     [Fsuperbatch [36m62[0m [[35m33.6[0m% ([36m256[0m/[36m763[0m batches, [36m4975156[0m pos/sec)]
Estimated time to end of superbatch: [36m13.4[0ms     [Fsuperbatch [36m62[0m [[35m50.3[0m% ([36m384[0m/[36m763[0m batches, [36m4999222[0m pos/sec)]
Estimated time to end of superbatch: [36m10.0[0ms     [Fsuperbatch [36m62[0m [[35m67.1[0m% ([36m512[0m/[36m763[0m batches, [36m4987370[0m pos/sec)]
Estimated time to end of superbatch: [36m6.6[0ms     [Fsuperbatch [36m62[0m [[35m83.9[0m% ([36m640[0m/[36m763[0m batches, [36m4949951[0m pos/sec)]
Estimated time to end of superbatch: [36m3.3[0ms     [Fsuperbatch [36m62[0m | time [36m20.3[0ms | running loss [36m0.015538[0m | [36m4917210[0m pos/sec | total time [36m1294.6[0ms
Estimated time remaining in training: [36m0[0mh [36m2[0mm [36m47[0ms
LR dropped to [36m0.000010400006[0m
superbatch [36m63[0m [[35m0.0[0m% ([36m0[0m/[36m763[0m batches, [36m5503876[0m pos/sec)]
Estimated time to end of superbatch: [36minf[0ms     [Fsuperbatch [36m63[0m [[35m16.8[0m% ([36m128[0m/[36m763[0m batches, [36m4976498[0m pos/sec)]
Estimated time to end of superbatch: [36m16.9[0ms     [Fsuperbatch [36m63[0m [[35m33.6[0m% ([36m256[0m/[36m763[0m batches, [36m4932702[0m pos/sec)]
Estimated time to end of superbatch: [36m13.5[0ms     [Fsuperbatch [36m63[0m [[35m50.3[0m% ([36m384[0m/[36m763[0m batches, [36m4840042[0m pos/sec)]
Estimated time to end of superbatch: [36m10.3[0ms     [Fsuperbatch [36m63[0m [[35m67.1[0m% ([36m512[0m/[36m763[0m batches, [36m4815053[0m pos/sec)]
Estimated time to end of superbatch: [36m6.8[0ms     [Fsuperbatch [36m63[0m [[35m83.9[0m% ([36m640[0m/[36m763[0m batches, [36m4825460[0m pos/sec)]
Estimated time to end of superbatch: [36m3.3[0ms     [Fsuperbatch [36m63[0m | time [36m20.7[0ms | running loss [36m0.015665[0m | [36m4840752[0m pos/sec | total time [36m1315.2[0ms
Estimated time remaining in training: [36m0[0mh [36m2[0mm [36m26[0ms
LR dropped to [36m0.000009057141[0m
superbatch [36m64[0m [[35m0.0[0m% ([36m0[0m/[36m763[0m batches, [36m5255852[0m pos/sec)]
Estimated time to end of superbatch: [36minf[0ms     [Fsuperbatch [36m64[0m [[35m16.8[0m% ([36m128[0m/[36m763[0m batches, [36m4712016[0m pos/sec)]
Estimated time to end of superbatch: [36m17.8[0ms     [Fsuperbatch [36m64[0m [[35m33.6[0m% ([36m256[0m/[36m763[0m batches, [36m4681368[0m pos/sec)]
Estimated time to end of superbatch: [36m14.3[0ms     [Fsuperbatch [36m64[0m [[35m50.3[0m% ([36m384[0m/[36m763[0m batches, [36m4749612[0m pos/sec)]
Estimated time to end of superbatch: [36m10.5[0ms     [Fsuperbatch [36m64[0m [[35m67.1[0m% ([36m512[0m/[36m763[0m batches, [36m4797290[0m pos/sec)]
Estimated time to end of superbatch: [36m6.9[0ms     [Fsuperbatch [36m64[0m [[35m83.9[0m% ([36m640[0m/[36m763[0m batches, [36m4799075[0m pos/sec)]
Estimated time to end of superbatch: [36m3.4[0ms     [Fsuperbatch [36m64[0m | time [36m20.9[0ms | running loss [36m0.015884[0m | [36m4775724[0m pos/sec | total time [36m1336.2[0ms
Estimated time remaining in training: [36m0[0mh [36m2[0mm [36m5[0ms
LR dropped to [36m0.00000771429[0m
superbatch [36m65[0m [[35m0.0[0m% ([36m0[0m/[36m763[0m batches, [36m5198996[0m pos/sec)]
Estimated time to end of superbatch: [36minf[0ms     [Fsuperbatch [36m65[0m [[35m16.8[0m% ([36m128[0m/[36m763[0m batches, [36m4930242[0m pos/sec)]
Estimated time to end of superbatch: [36m17.0[0ms     [Fsuperbatch [36m65[0m [[35m33.6[0m% ([36m256[0m/[36m763[0m batches, [36m4934070[0m pos/sec)]
Estimated time to end of superbatch: [36m13.5[0ms     [Fsuperbatch [36m65[0m [[35m50.3[0m% ([36m384[0m/[36m763[0m batches, [36m4853426[0m pos/sec)]
Estimated time to end of superbatch: [36m10.3[0ms     [Fsuperbatch [36m65[0m [[35m67.1[0m% ([36m512[0m/[36m763[0m batches, [36m4839989[0m pos/sec)]
Estimated time to end of superbatch: [36m6.8[0ms     [Fsuperbatch [36m65[0m [[35m83.9[0m% ([36m640[0m/[36m763[0m batches, [36m4864826[0m pos/sec)]
Estimated time to end of superbatch: [36m3.3[0ms     [Fsuperbatch [36m65[0m | time [36m20.5[0ms | running loss [36m0.016043[0m | [36m4887532[0m pos/sec | total time [36m1356.6[0ms
Estimated time remaining in training: [36m0[0mh [36m1[0mm [36m44[0ms
LR dropped to [36m0.000006371425[0m
superbatch [36m66[0m [[35m0.0[0m% ([36m0[0m/[36m763[0m batches, [36m5388610[0m pos/sec)]
Estimated time to end of superbatch: [36minf[0ms     [Fsuperbatch [36m66[0m [[35m16.8[0m% ([36m128[0m/[36m763[0m batches, [36m4675764[0m pos/sec)]
Estimated time to end of superbatch: [36m17.9[0ms     [Fsuperbatch [36m66[0m [[35m33.6[0m% ([36m256[0m/[36m763[0m batches, [36m4614094[0m pos/sec)]
Estimated time to end of superbatch: [36m14.5[0ms     [Fsuperbatch [36m66[0m [[35m50.3[0m% ([36m384[0m/[36m763[0m batches, [36m4724479[0m pos/sec)]
Estimated time to end of superbatch: [36m10.5[0ms     [Fsuperbatch [36m66[0m [[35m67.1[0m% ([36m512[0m/[36m763[0m batches, [36m4786785[0m pos/sec)]
Estimated time to end of superbatch: [36m6.9[0ms     [Fsuperbatch [36m66[0m [[35m83.9[0m% ([36m640[0m/[36m763[0m batches, [36m4786006[0m pos/sec)]
Estimated time to end of superbatch: [36m3.4[0ms     [Fsuperbatch [36m66[0m | time [36m21.0[0ms | running loss [36m0.016260[0m | [36m4766953[0m pos/sec | total time [36m1377.6[0ms
Estimated time remaining in training: [36m0[0mh [36m1[0mm [36m23[0ms
LR dropped to [36m0.0000050285744[0m
superbatch [36m67[0m [[35m0.0[0m% ([36m0[0m/[36m763[0m batches, [36m4281524[0m pos/sec)]
Estimated time to end of superbatch: [36minf[0ms     [Fsuperbatch [36m67[0m [[35m16.8[0m% ([36m128[0m/[36m763[0m batches, [36m4924127[0m pos/sec)]
Estimated time to end of superbatch: [36m17.0[0ms     [Fsuperbatch [36m67[0m [[35m33.6[0m% ([36m256[0m/[36m763[0m batches, [36m4931357[0m pos/sec)]
Estimated time to end of superbatch: [36m13.5[0ms     [Fsuperbatch [36m67[0m [[35m50.3[0m% ([36m384[0m/[36m763[0m batches, [36m4849317[0m pos/sec)]
Estimated time to end of superbatch: [36m10.3[0ms     [Fsuperbatch [36m67[0m [[35m67.1[0m% ([36m512[0m/[36m763[0m batches, [36m4841023[0m pos/sec)]
Estimated time to end of superbatch: [36m6.8[0ms     [Fsuperbatch [36m67[0m [[35m83.9[0m% ([36m640[0m/[36m763[0m batches, [36m4879526[0m pos/sec)]
Estimated time to end of superbatch: [36m3.3[0ms     [Fsuperbatch [36m67[0m | time [36m20.4[0ms | running loss [36m0.016429[0m | [36m4898605[0m pos/sec | total time [36m1398.0[0ms
Estimated time remaining in training: [36m0[0mh [36m1[0mm [36m2[0ms
LR dropped to [36m0.0000036857164[0m
superbatch [36m68[0m [[35m0.0[0m% ([36m0[0m/[36m763[0m batches, [36m5295768[0m pos/sec)]
Estimated time to end of superbatch: [36minf[0ms     [Fsuperbatch [36m68[0m [[35m16.8[0m% ([36m128[0m/[36m763[0m batches, [36m4773486[0m pos/sec)]
Estimated time to end of superbatch: [36m17.6[0ms     [Fsuperbatch [36m68[0m [[35m33.6[0m% ([36m256[0m/[36m763[0m batches, [36m4787828[0m pos/sec)]
Estimated time to end of superbatch: [36m13.9[0ms     [Fsuperbatch [36m68[0m [[35m50.3[0m% ([36m384[0m/[36m763[0m batches, [36m4865968[0m pos/sec)]
Estimated time to end of superbatch: [36m10.2[0ms     [Fsuperbatch [36m68[0m [[35m67.1[0m% ([36m512[0m/[36m763[0m batches, [36m4879427[0m pos/sec)]
Estimated time to end of superbatch: [36m6.8[0ms     [Fsuperbatch [36m68[0m [[35m83.9[0m% ([36m640[0m/[36m763[0m batches, [36m4873954[0m pos/sec)]
Estimated time to end of superbatch: [36m3.3[0ms     [Fsuperbatch [36m68[0m | time [36m20.7[0ms | running loss [36m0.016672[0m | [36m4834362[0m pos/sec | total time [36m1418.7[0ms
Estimated time remaining in training: [36m0[0mh [36m0[0mm [36m41[0ms
LR dropped to [36m0.0000023428584[0m
superbatch [36m69[0m [[35m0.0[0m% ([36m0[0m/[36m763[0m batches, [36m5528470[0m pos/sec)]
Estimated time to end of superbatch: [36minf[0ms     [Fsuperbatch [36m69[0m [[35m16.8[0m% ([36m128[0m/[36m763[0m batches, [36m4922754[0m pos/sec)]
Estimated time to end of superbatch: [36m17.0[0ms     [Fsuperbatch [36m69[0m [[35m33.6[0m% ([36m256[0m/[36m763[0m batches, [36m4970604[0m pos/sec)]
Estimated time to end of superbatch: [36m13.4[0ms     [Fsuperbatch [36m69[0m [[35m50.3[0m% ([36m384[0m/[36m763[0m batches, [36m4979858[0m pos/sec)]
Estimated time to end of superbatch: [36m10.0[0ms     [Fsuperbatch [36m69[0m [[35m67.1[0m% ([36m512[0m/[36m763[0m batches, [36m4922015[0m pos/sec)]
Estimated time to end of superbatch: [36m6.7[0ms     [Fsuperbatch [36m69[0m [[35m83.9[0m% ([36m640[0m/[36m763[0m batches, [36m4934382[0m pos/sec)]
Estimated time to end of superbatch: [36m3.3[0ms     [Fsuperbatch [36m69[0m | time [36m20.2[0ms | running loss [36m0.016853[0m | [36m4948798[0m pos/sec | total time [36m1438.9[0ms
Estimated time remaining in training: [36m0[0mh [36m0[0mm [36m20[0ms
LR dropped to [36m0.000001[0m
superbatch [36m70[0m [[35m0.0[0m% ([36m0[0m/[36m763[0m batches, [36m4695552[0m pos/sec)]
Estimated time to end of superbatch: [36minf[0ms     [Fsuperbatch [36m70[0m [[35m16.8[0m% ([36m128[0m/[36m763[0m batches, [36m4807861[0m pos/sec)]
Estimated time to end of superbatch: [36m17.4[0ms     [Fsuperbatch [36m70[0m [[35m33.6[0m% ([36m256[0m/[36m763[0m batches, [36m4810688[0m pos/sec)]
Estimated time to end of superbatch: [36m13.9[0ms     [Fsuperbatch [36m70[0m [[35m50.3[0m% ([36m384[0m/[36m763[0m batches, [36m4848963[0m pos/sec)]
Estimated time to end of superbatch: [36m10.3[0ms     [Fsuperbatch [36m70[0m [[35m67.1[0m% ([36m512[0m/[36m763[0m batches, [36m4876361[0m pos/sec)]
Estimated time to end of superbatch: [36m6.8[0ms     [Fsuperbatch [36m70[0m [[35m83.9[0m% ([36m640[0m/[36m763[0m batches, [36m4886232[0m pos/sec)]
Estimated time to end of superbatch: [36m3.3[0ms     [Fsuperbatch [36m70[0m | time [36m20.6[0ms | running loss [36m0.017035[0m | [36m4853505[0m pos/sec | total time [36m1459.5[0ms
Estimated time remaining in training: [36m0[0mh [36m0[0mm [36m0[0ms
Saved [anna-v5f-s1-70]
Total Training Time: [36m0[0mh [36m24[0mm [36m23[0ms
[34;1mTraining on NVIDIA L40S (sm_89)[0m
superbatch [36m1[0m [[35m0.0[0m% ([36m0[0m/[36m763[0m batches, [36m5622996[0m pos/sec)]
Estimated time to end of superbatch: [36minf[0ms     [Fsuperbatch [36m1[0m [[35m16.8[0m% ([36m128[0m/[36m763[0m batches, [36m4747642[0m pos/sec)]
Estimated time to end of superbatch: [36m17.7[0ms     [Fsuperbatch [36m1[0m [[35m33.6[0m% ([36m256[0m/[36m763[0m batches, [36m4805916[0m pos/sec)]
Estimated time to end of superbatch: [36m13.9[0ms     [Fsuperbatch [36m1[0m [[35m50.3[0m% ([36m384[0m/[36m763[0m batches, [36m4856985[0m pos/sec)]
Estimated time to end of superbatch: [36m10.3[0ms     [Fsuperbatch [36m1[0m [[35m67.1[0m% ([36m512[0m/[36m763[0m batches, [36m4838006[0m pos/sec)]
Estimated time to end of superbatch: [36m6.8[0ms     [Fsuperbatch [36m1[0m [[35m83.9[0m% ([36m640[0m/[36m763[0m batches, [36m4764692[0m pos/sec)]
Estimated time to end of superbatch: [36m3.4[0ms     [Fsuperbatch [36m1[0m | time [36m21.1[0ms | running loss [36m0.061322[0m | [36m4750660[0m pos/sec | total time [36m28.0[0ms
Estimated time remaining in training: [36m0[0mh [36m13[0mm [36m33[0ms
LR dropped to [36m0.000009339999[0m
superbatch [36m2[0m [[35m0.0[0m% ([36m0[0m/[36m763[0m batches, [36m4951012[0m pos/sec)]
Estimated time to end of superbatch: [36minf[0ms     [Fsuperbatch [36m2[0m [[35m16.8[0m% ([36m128[0m/[36m763[0m batches, [36m4895672[0m pos/sec)]
Estimated time to end of superbatch: [36m17.1[0ms     [Fsuperbatch [36m2[0m [[35m33.6[0m% ([36m256[0m/[36m763[0m batches, [36m4933546[0m pos/sec)]
Estimated time to end of superbatch: [36m13.5[0ms     [Fsuperbatch [36m2[0m [[35m50.3[0m% ([36m384[0m/[36m763[0m batches, [36m4797531[0m pos/sec)]
Estimated time to end of superbatch: [36m10.4[0ms     [Fsuperbatch [36m2[0m [[35m67.1[0m% ([36m512[0m/[36m763[0m batches, [36m4760908[0m pos/sec)]
Estimated time to end of superbatch: [36m6.9[0ms     [Fsuperbatch [36m2[0m [[35m83.9[0m% ([36m640[0m/[36m763[0m batches, [36m4785369[0m pos/sec)]
Estimated time to end of superbatch: [36m3.4[0ms     [Fsuperbatch [36m2[0m | time [36m20.8[0ms | running loss [36m0.061116[0m | [36m4806888[0m pos/sec | total time [36m48.9[0ms
Estimated time remaining in training: [36m0[0mh [36m11[0mm [36m23[0ms
LR dropped to [36m0.00000901[0m
superbatch [36m3[0m [[35m0.0[0m% ([36m0[0m/[36m763[0m batches, [36m3732591[0m pos/sec)]
Estimated time to end of superbatch: [36minf[0ms     [Fsuperbatch [36m3[0m [[35m16.8[0m% ([36m128[0m/[36m763[0m batches, [36m4566102[0m pos/sec)]
Estimated time to end of superbatch: [36m18.4[0ms     [Fsuperbatch [36m3[0m [[35m33.6[0m% ([36m256[0m/[36m763[0m batches, [36m4617538[0m pos/sec)]
Estimated time to end of superbatch: [36m14.4[0ms     [Fsuperbatch [36m3[0m [[35m50.3[0m% ([36m384[0m/[36m763[0m batches, [36m4729700[0m pos/sec)]
Estimated time to end of superbatch: [36m10.5[0ms     [Fsuperbatch [36m3[0m [[35m67.1[0m% ([36m512[0m/[36m763[0m batches, [36m4762853[0m pos/sec)]
Estimated time to end of superbatch: [36m6.9[0ms     [Fsuperbatch [36m3[0m [[35m83.9[0m% ([36m640[0m/[36m763[0m batches, [36m4687928[0m pos/sec)]
Estimated time to end of superbatch: [36m3.4[0ms     [Fsuperbatch [36m3[0m | time [36m21.3[0ms | running loss [36m0.061099[0m | [36m4688384[0m pos/sec | total time [36m70.2[0ms
Estimated time remaining in training: [36m0[0mh [36m10[0mm [36m31[0ms
LR dropped to [36m0.00000868[0m
superbatch [36m4[0m [[35m0.0[0m% ([36m0[0m/[36m763[0m batches, [36m3852273[0m pos/sec)]
Estimated time to end of superbatch: [36minf[0ms     [Fsuperbatch [36m4[0m [[35m16.8[0m% ([36m128[0m/[36m763[0m batches, [36m4911131[0m pos/sec)]
Estimated time to end of superbatch: [36m17.1[0ms     [Fsuperbatch [36m4[0m [[35m33.6[0m% ([36m256[0m/[36m763[0m batches, [36m4928068[0m pos/sec)]
Estimated time to end of superbatch: [36m13.5[0ms     [Fsuperbatch [36m4[0m [[35m50.3[0m% ([36m384[0m/[36m763[0m batches, [36m4782682[0m pos/sec)]
Estimated time to end of superbatch: [36m10.4[0ms     [Fsuperbatch [36m4[0m [[35m67.1[0m% ([36m512[0m/[36m763[0m batches, [36m4767201[0m pos/sec)]
Estimated time to end of superbatch: [36m6.9[0ms     [Fsuperbatch [36m4[0m [[35m83.9[0m% ([36m640[0m/[36m763[0m batches, [36m4787487[0m pos/sec)]
Estimated time to end of superbatch: [36m3.4[0ms     [Fsuperbatch [36m4[0m | time [36m20.8[0ms | running loss [36m0.060927[0m | [36m4806514[0m pos/sec | total time [36m91.0[0ms
Estimated time remaining in training: [36m0[0mh [36m9[0mm [36m51[0ms
LR dropped to [36m0.00000835[0m
superbatch [36m5[0m [[35m0.0[0m% ([36m0[0m/[36m763[0m batches, [36m4822191[0m pos/sec)]
Estimated time to end of superbatch: [36minf[0ms     [Fsuperbatch [36m5[0m [[35m16.8[0m% ([36m128[0m/[36m763[0m batches, [36m4674610[0m pos/sec)]
Estimated time to end of superbatch: [36m17.9[0ms     [Fsuperbatch [36m5[0m [[35m33.6[0m% ([36m256[0m/[36m763[0m batches, [36m4627828[0m pos/sec)]
Estimated time to end of superbatch: [36m14.4[0ms     [Fsuperbatch [36m5[0m [[35m50.3[0m% ([36m384[0m/[36m763[0m batches, [36m4709693[0m pos/sec)]
Estimated time to end of superbatch: [36m10.6[0ms     [Fsuperbatch [36m5[0m [[35m67.1[0m% ([36m512[0m/[36m763[0m batches, [36m4755540[0m pos/sec)]
Estimated time to end of superbatch: [36m6.9[0ms     [Fsuperbatch [36m5[0m [[35m83.9[0m% ([36m640[0m/[36m763[0m batches, [36m4737204[0m pos/sec)]
Estimated time to end of superbatch: [36m3.4[0ms     [Fsuperbatch [36m5[0m | time [36m21.0[0ms | running loss [36m0.060819[0m | [36m4755830[0m pos/sec | total time [36m112.0[0ms
Estimated time remaining in training: [36m0[0mh [36m9[0mm [36m20[0ms
LR dropped to [36m0.00000802[0m
superbatch [36m6[0m [[35m0.0[0m% ([36m0[0m/[36m763[0m batches, [36m4291626[0m pos/sec)]
Estimated time to end of superbatch: [36minf[0ms     [Fsuperbatch [36m6[0m [[35m16.8[0m% ([36m128[0m/[36m763[0m batches, [36m4908206[0m pos/sec)]
Estimated time to end of superbatch: [36m17.1[0ms     [Fsuperbatch [36m6[0m [[35m33.6[0m% ([36m256[0m/[36m763[0m batches, [36m4942868[0m pos/sec)]
Estimated time to end of superbatch: [36m13.5[0ms     [Fsuperbatch [36m6[0m [[35m50.3[0m% ([36m384[0m/[36m763[0m batches, [36m4797918[0m pos/sec)]
Estimated time to end of superbatch: [36m10.4[0ms     [Fsuperbatch [36m6[0m [[35m67.1[0m% ([36m512[0m/[36m763[0m batches, [36m4818134[0m pos/sec)]
Estimated time to end of superbatch: [36m6.8[0ms     [Fsuperbatch [36m6[0m [[35m83.9[0m% ([36m640[0m/[36m763[0m batches, [36m4839177[0m pos/sec)]
Estimated time to end of superbatch: [36m3.3[0ms     [Fsuperbatch [36m6[0m | time [36m20.6[0ms | running loss [36m0.060793[0m | [36m4857450[0m pos/sec | total time [36m132.6[0ms
Estimated time remaining in training: [36m0[0mh [36m8[0mm [36m50[0ms
LR dropped to [36m0.00000769[0m
superbatch [36m7[0m [[35m0.0[0m% ([36m0[0m/[36m763[0m batches, [36m4647292[0m pos/sec)]
Estimated time to end of superbatch: [36minf[0ms     [Fsuperbatch [36m7[0m [[35m16.8[0m% ([36m128[0m/[36m763[0m batches, [36m4664410[0m pos/sec)]
Estimated time to end of superbatch: [36m18.0[0ms     [Fsuperbatch [36m7[0m [[35m33.6[0m% ([36m256[0m/[36m763[0m batches, [36m4777813[0m pos/sec)]
Estimated time to end of superbatch: [36m14.0[0ms     [Fsuperbatch [36m7[0m [[35m50.3[0m% ([36m384[0m/[36m763[0m batches, [36m4822044[0m pos/sec)]
Estimated time to end of superbatch: [36m10.3[0ms     [Fsuperbatch [36m7[0m [[35m67.1[0m% ([36m512[0m/[36m763[0m batches, [36m4857596[0m pos/sec)]
Estimated time to end of superbatch: [36m6.8[0ms     [Fsuperbatch [36m7[0m [[35m83.9[0m% ([36m640[0m/[36m763[0m batches, [36m4854651[0m pos/sec)]
Estimated time to end of superbatch: [36m3.3[0ms     [Fsuperbatch [36m7[0m | time [36m20.6[0ms | running loss [36m0.060662[0m | [36m4861000[0m pos/sec | total time [36m153.2[0ms
Estimated time remaining in training: [36m0[0mh [36m8[0mm [36m23[0ms
LR dropped to [36m0.0000073599995[0m
superbatch [36m8[0m [[35m0.0[0m% ([36m0[0m/[36m763[0m batches, [36m4380436[0m pos/sec)]
Estimated time to end of superbatch: [36minf[0ms     [Fsuperbatch [36m8[0m [[35m16.8[0m% ([36m128[0m/[36m763[0m batches, [36m4956171[0m pos/sec)]
Estimated time to end of superbatch: [36m16.9[0ms     [Fsuperbatch [36m8[0m [[35m33.6[0m% ([36m256[0m/[36m763[0m batches, [36m4975576[0m pos/sec)]
Estimated time to end of superbatch: [36m13.4[0ms     [Fsuperbatch [36m8[0m [[35m50.3[0m% ([36m384[0m/[36m763[0m batches, [36m4946903[0m pos/sec)]
Estimated time to end of superbatch: [36m10.1[0ms     [Fsuperbatch [36m8[0m [[35m67.1[0m% ([36m512[0m/[36m763[0m batches, [36m4883352[0m pos/sec)]
Estimated time to end of superbatch: [36m6.8[0ms     [Fsuperbatch [36m8[0m [[35m83.9[0m% ([36m640[0m/[36m763[0m batches, [36m4908174[0m pos/sec)]
Estimated time to end of superbatch: [36m3.3[0ms     [Fsuperbatch [36m8[0m | time [36m20.4[0ms | running loss [36m0.060632[0m | [36m4913965[0m pos/sec | total time [36m173.5[0ms
Estimated time remaining in training: [36m0[0mh [36m7[0mm [36m57[0ms
LR dropped to [36m0.0000070299993[0m
superbatch [36m9[0m [[35m0.0[0m% ([36m0[0m/[36m763[0m batches, [36m4411218[0m pos/sec)]
Estimated time to end of superbatch: [36minf[0ms     [Fsuperbatch [36m9[0m [[35m16.8[0m% ([36m128[0m/[36m763[0m batches, [36m4765480[0m pos/sec)]
Estimated time to end of superbatch: [36m17.6[0ms     [Fsuperbatch [36m9[0m [[35m33.6[0m% ([36m256[0m/[36m763[0m batches, [36m4814641[0m pos/sec)]
Estimated time to end of superbatch: [36m13.9[0ms     [Fsuperbatch [36m9[0m [[35m50.3[0m% ([36m384[0m/[36m763[0m batches, [36m4873856[0m pos/sec)]
Estimated time to end of superbatch: [36m10.2[0ms     [Fsuperbatch [36m9[0m [[35m67.1[0m% ([36m512[0m/[36m763[0m batches, [36m4902376[0m pos/sec)]
Estimated time to end of superbatch: [36m6.7[0ms     [Fsuperbatch [36m9[0m [[35m83.9[0m% ([36m640[0m/[36m763[0m batches, [36m4916834[0m pos/sec)]
Estimated time to end of superbatch: [36m3.3[0ms     [Fsuperbatch [36m9[0m | time [36m20.3[0ms | running loss [36m0.060721[0m | [36m4920639[0m pos/sec | total time [36m193.9[0ms
Estimated time remaining in training: [36m0[0mh [36m7[0mm [36m32[0ms
LR dropped to [36m0.0000066999996[0m
superbatch [36m10[0m [[35m0.0[0m% ([36m0[0m/[36m763[0m batches, [36m4596342[0m pos/sec)]
Estimated time to end of superbatch: [36minf[0ms     [Fsuperbatch [36m10[0m [[35m16.8[0m% ([36m128[0m/[36m763[0m batches, [36m4899967[0m pos/sec)]
Estimated time to end of superbatch: [36m17.1[0ms     [Fsuperbatch [36m10[0m [[35m33.6[0m% ([36m256[0m/[36m763[0m batches, [36m4926157[0m pos/sec)]
Estimated time to end of superbatch: [36m13.5[0ms     [Fsuperbatch [36m10[0m [[35m50.3[0m% ([36m384[0m/[36m763[0m batches, [36m4802987[0m pos/sec)]
Estimated time to end of superbatch: [36m10.4[0ms     [Fsuperbatch [36m10[0m [[35m67.1[0m% ([36m512[0m/[36m763[0m batches, [36m4793060[0m pos/sec)]
Estimated time to end of superbatch: [36m6.9[0ms     [Fsuperbatch [36m10[0m [[35m83.9[0m% ([36m640[0m/[36m763[0m batches, [36m4813306[0m pos/sec)]
Estimated time to end of superbatch: [36m3.4[0ms     [Fsuperbatch [36m10[0m | time [36m20.7[0ms | running loss [36m0.060649[0m | [36m4821257[0m pos/sec | total time [36m214.6[0ms
Estimated time remaining in training: [36m0[0mh [36m7[0mm [36m9[0ms
Saved [anna-v5f-s2-10]
LR dropped to [36m0.00000637[0m
superbatch [36m11[0m [[35m0.0[0m% ([36m0[0m/[36m763[0m batches, [36m5624326[0m pos/sec)]
Estimated time to end of superbatch: [36minf[0ms     [Fsuperbatch [36m11[0m [[35m16.8[0m% ([36m128[0m/[36m763[0m batches, [36m4778711[0m pos/sec)]
Estimated time to end of superbatch: [36m17.6[0ms     [Fsuperbatch [36m11[0m [[35m33.6[0m% ([36m256[0m/[36m763[0m batches, [36m4691735[0m pos/sec)]
Estimated time to end of superbatch: [36m14.2[0ms     [Fsuperbatch [36m11[0m [[35m50.3[0m% ([36m384[0m/[36m763[0m batches, [36m4735642[0m pos/sec)]
Estimated time to end of superbatch: [36m10.5[0ms     [Fsuperbatch [36m11[0m [[35m67.1[0m% ([36m512[0m/[36m763[0m batches, [36m4762170[0m pos/sec)]
Estimated time to end of superbatch: [36m6.9[0ms     [Fsuperbatch [36m11[0m [[35m83.9[0m% ([36m640[0m/[36m763[0m batches, [36m4770005[0m pos/sec)]
Estimated time to end of superbatch: [36m3.4[0ms     [Fsuperbatch [36m11[0m | time [36m21.2[0ms | running loss [36m0.060705[0m | [36m4723876[0m pos/sec | total time [36m239.0[0ms
Estimated time remaining in training: [36m0[0mh [36m6[0mm [36m52[0ms
LR dropped to [36m0.00000604[0m
superbatch [36m12[0m [[35m0.0[0m% ([36m0[0m/[36m763[0m batches, [36m4260078[0m pos/sec)]
Estimated time to end of superbatch: [36minf[0ms     [Fsuperbatch [36m12[0m [[35m16.8[0m% ([36m128[0m/[36m763[0m batches, [36m4895435[0m pos/sec)]
Estimated time to end of superbatch: [36m17.1[0ms     [Fsuperbatch [36m12[0m [[35m33.6[0m% ([36m256[0m/[36m763[0m batches, [36m4900086[0m pos/sec)]
Estimated time to end of superbatch: [36m13.6[0ms     [Fsuperbatch [36m12[0m [[35m50.3[0m% ([36m384[0m/[36m763[0m batches, [36m4805706[0m pos/sec)]
Estimated time to end of superbatch: [36m10.4[0ms     [Fsuperbatch [36m12[0m [[35m67.1[0m% ([36m512[0m/[36m763[0m batches, [36m4752242[0m pos/sec)]
Estimated time to end of superbatch: [36m6.9[0ms     [Fsuperbatch [36m12[0m [[35m83.9[0m% ([36m640[0m/[36m763[0m batches, [36m4767282[0m pos/sec)]
Estimated time to end of superbatch: [36m3.4[0ms     [Fsuperbatch [36m12[0m | time [36m20.9[0ms | running loss [36m0.060622[0m | [36m4780184[0m pos/sec | total time [36m260.0[0ms
Estimated time remaining in training: [36m0[0mh [36m6[0mm [36m29[0ms
LR dropped to [36m0.0000057099996[0m
superbatch [36m13[0m [[35m0.0[0m% ([36m0[0m/[36m763[0m batches, [36m5572270[0m pos/sec)]
Estimated time to end of superbatch: [36minf[0ms     [Fsuperbatch [36m13[0m [[35m16.8[0m% ([36m128[0m/[36m763[0m batches, [36m4649896[0m pos/sec)]
Estimated time to end of superbatch: [36m18.0[0ms     [Fsuperbatch [36m13[0m [[35m33.6[0m% ([36m256[0m/[36m763[0m batches, [36m4611644[0m pos/sec)]
Estimated time to end of superbatch: [36m14.5[0ms     [Fsuperbatch [36m13[0m [[35m50.3[0m% ([36m384[0m/[36m763[0m batches, [36m4679886[0m pos/sec)]
Estimated time to end of superbatch: [36m10.6[0ms     [Fsuperbatch [36m13[0m [[35m67.1[0m% ([36m512[0m/[36m763[0m batches, [36m4744663[0m pos/sec)]
Estimated time to end of superbatch: [36m6.9[0ms     [Fsuperbatch [36m13[0m [[35m83.9[0m% ([36m640[0m/[36m763[0m batches, [36m4737146[0m pos/sec)]
Estimated time to end of superbatch: [36m3.4[0ms     [Fsuperbatch [36m13[0m | time [36m21.2[0ms | running loss [36m0.060632[0m | [36m4723432[0m pos/sec | total time [36m281.1[0ms
Estimated time remaining in training: [36m0[0mh [36m6[0mm [36m7[0ms
LR dropped to [36m0.00000538[0m
superbatch [36m14[0m [[35m0.0[0m% ([36m0[0m/[36m763[0m batches, [36m4659972[0m pos/sec)]
Estimated time to end of superbatch: [36minf[0ms     [Fsuperbatch [36m14[0m [[35m16.8[0m% ([36m128[0m/[36m763[0m batches, [36m4855260[0m pos/sec)]
Estimated time to end of superbatch: [36m17.3[0ms     [Fsuperbatch [36m14[0m [[35m33.6[0m% ([36m256[0m/[36m763[0m batches, [36m4884405[0m pos/sec)]
Estimated time to end of superbatch: [36m13.7[0ms     [Fsuperbatch [36m14[0m [[35m50.3[0m% ([36m384[0m/[36m763[0m batches, [36m4843016[0m pos/sec)]
Estimated time to end of superbatch: [36m10.3[0ms     [Fsuperbatch [36m14[0m [[35m67.1[0m% ([36m512[0m/[36m763[0m batches, [36m4799952[0m pos/sec)]
Estimated time to end of superbatch: [36m6.9[0ms     [Fsuperbatch [36m14[0m [[35m83.9[0m% ([36m640[0m/[36m763[0m batches, [36m4820328[0m pos/sec)]
Estimated time to end of superbatch: [36m3.3[0ms     [Fsuperbatch [36m14[0m | time [36m20.7[0ms | running loss [36m0.060607[0m | [36m4832659[0m pos/sec | total time [36m301.8[0ms
Estimated time remaining in training: [36m0[0mh [36m5[0mm [36m44[0ms
LR dropped to [36m0.00000505[0m
superbatch [36m15[0m [[35m0.0[0m% ([36m0[0m/[36m763[0m batches, [36m4833558[0m pos/sec)]
Estimated time to end of superbatch: [36minf[0ms     [Fsuperbatch [36m15[0m [[35m16.8[0m% ([36m128[0m/[36m763[0m batches, [36m4771832[0m pos/sec)]
Estimated time to end of superbatch: [36m17.6[0ms     [Fsuperbatch [36m15[0m [[35m33.6[0m% ([36m256[0m/[36m763[0m batches, [36m4808598[0m pos/sec)]
Estimated time to end of superbatch: [36m13.9[0ms     [Fsuperbatch [36m15[0m [[35m50.3[0m% ([36m384[0m/[36m763[0m batches, [36m4852558[0m pos/sec)]
Estimated time to end of superbatch: [36m10.3[0ms     [Fsuperbatch [36m15[0m [[35m67.1[0m% ([36m512[0m/[36m763[0m batches, [36m4869281[0m pos/sec)]
Estimated time to end of superbatch: [36m6.8[0ms     [Fsuperbatch [36m15[0m [[35m83.9[0m% ([36m640[0m/[36m763[0m batches, [36m4867460[0m pos/sec)]
Estimated time to end of superbatch: [36m3.3[0ms     [Fsuperbatch [36m15[0m | time [36m20.8[0ms | running loss [36m0.060593[0m | [36m4811859[0m pos/sec | total time [36m322.6[0ms
Estimated time remaining in training: [36m0[0mh [36m5[0mm [36m22[0ms
LR dropped to [36m0.0000047199997[0m
superbatch [36m16[0m [[35m0.0[0m% ([36m0[0m/[36m763[0m batches, [36m3936877[0m pos/sec)]
Estimated time to end of superbatch: [36minf[0ms     [Fsuperbatch [36m16[0m [[35m16.8[0m% ([36m128[0m/[36m763[0m batches, [36m4841472[0m pos/sec)]
Estimated time to end of superbatch: [36m17.3[0ms     [Fsuperbatch [36m16[0m [[35m33.6[0m% ([36m256[0m/[36m763[0m batches, [36m4857148[0m pos/sec)]
Estimated time to end of superbatch: [36m13.7[0ms     [Fsuperbatch [36m16[0m [[35m50.3[0m% ([36m384[0m/[36m763[0m batches, [36m4820602[0m pos/sec)]
Estimated time to end of superbatch: [36m10.3[0ms     [Fsuperbatch [36m16[0m [[35m67.1[0m% ([36m512[0m/[36m763[0m batches, [36m4826566[0m pos/sec)]
Estimated time to end of superbatch: [36m6.8[0ms     [Fsuperbatch [36m16[0m [[35m83.9[0m% ([36m640[0m/[36m763[0m batches, [36m4853784[0m pos/sec)]
Estimated time to end of superbatch: [36m3.3[0ms     [Fsuperbatch [36m16[0m | time [36m20.5[0ms | running loss [36m0.060457[0m | [36m4867664[0m pos/sec | total time [36m343.2[0ms
Estimated time remaining in training: [36m0[0mh [36m5[0mm [36m0[0ms
LR dropped to [36m0.00000439[0m
superbatch [36m17[0m [[35m0.0[0m% ([36m0[0m/[36m763[0m batches, [36m4742182[0m pos/sec)]
Estimated time to end of superbatch: [36minf[0ms     [Fsuperbatch [36m17[0m [[35m16.8[0m% ([36m128[0m/[36m763[0m batches, [36m4848464[0m pos/sec)]
Estimated time to end of superbatch: [36m17.3[0ms     [Fsuperbatch [36m17[0m [[35m33.6[0m% ([36m256[0m/[36m763[0m batches, [36m4833588[0m pos/sec)]
Estimated time to end of superbatch: [36m13.8[0ms     [Fsuperbatch [36m17[0m [[35m50.3[0m% ([36m384[0m/[36m763[0m batches, [36m4841152[0m pos/sec)]
Estimated time to end of superbatch: [36m10.3[0ms     [Fsuperbatch [36m17[0m [[35m67.1[0m% ([36m512[0m/[36m763[0m batches, [36m4872938[0m pos/sec)]
Estimated time to end of superbatch: [36m6.8[0ms     [Fsuperbatch [36m17[0m [[35m83.9[0m% ([36m640[0m/[36m763[0m batches, [36m4871415[0m pos/sec)]
Estimated time to end of superbatch: [36m3.3[0ms     [Fsuperbatch [36m17[0m | time [36m20.7[0ms | running loss [36m0.060412[0m | [36m4837283[0m pos/sec | total time [36m363.8[0ms
Estimated time remaining in training: [36m0[0mh [36m4[0mm [36m38[0ms
LR dropped to [36m0.0000040599994[0m
superbatch [36m18[0m [[35m0.0[0m% ([36m0[0m/[36m763[0m batches, [36m5140064[0m pos/sec)]
Estimated time to end of superbatch: [36minf[0ms     [Fsuperbatch [36m18[0m [[35m16.8[0m% ([36m128[0m/[36m763[0m batches, [36m5021436[0m pos/sec)]
Estimated time to end of superbatch: [36m16.7[0ms     [Fsuperbatch [36m18[0m [[35m33.6[0m% ([36m256[0m/[36m763[0m batches, [36m5007569[0m pos/sec)]
Estimated time to end of superbatch: [36m13.3[0ms     [Fsuperbatch [36m18[0m [[35m50.3[0m% ([36m384[0m/[36m763[0m batches, [36m4958866[0m pos/sec)]
Estimated time to end of superbatch: [36m10.0[0ms     [Fsuperbatch [36m18[0m [[35m67.1[0m% ([36m512[0m/[36m763[0m batches, [36m4958592[0m pos/sec)]
Estimated time to end of superbatch: [36m6.6[0ms     [Fsuperbatch [36m18[0m [[35m83.9[0m% ([36m640[0m/[36m763[0m batches, [36m4983590[0m pos/sec)]
Estimated time to end of superbatch: [36m3.2[0ms     [Fsuperbatch [36m18[0m | time [36m20.0[0ms | running loss [36m0.060260[0m | [36m5000718[0m pos/sec | total time [36m383.8[0ms
Estimated time remaining in training: [36m0[0mh [36m4[0mm [36m15[0ms
LR dropped to [36m0.0000037300001[0m
superbatch [36m19[0m [[35m0.0[0m% ([36m0[0m/[36m763[0m batches, [36m4701651[0m pos/sec)]
Estimated time to end of superbatch: [36minf[0ms     [Fsuperbatch [36m19[0m [[35m16.8[0m% ([36m128[0m/[36m763[0m batches, [36m5054321[0m pos/sec)]
Estimated time to end of superbatch: [36m16.6[0ms     [Fsuperbatch [36m19[0m [[35m33.6[0m% ([36m256[0m/[36m763[0m batches, [36m5040342[0m pos/sec)]
Estimated time to end of superbatch: [36m13.2[0ms     [Fsuperbatch [36m19[0m [[35m50.3[0m% ([36m384[0m/[36m763[0m batches, [36m5056993[0m pos/sec)]
Estimated time to end of superbatch: [36m9.8[0ms     [Fsuperbatch [36m19[0m [[35m67.1[0m% ([36m512[0m/[36m763[0m batches, [36m5058504[0m pos/sec)]
Estimated time to end of superbatch: [36m6.5[0ms     [Fsuperbatch [36m19[0m [[35m83.9[0m% ([36m640[0m/[36m763[0m batches, [36m5048839[0m pos/sec)]
Estimated time to end of superbatch: [36m3.2[0ms     [Fsuperbatch [36m19[0m | time [36m19.8[0ms | running loss [36m0.060265[0m | [36m5040606[0m pos/sec | total time [36m403.7[0ms
Estimated time remaining in training: [36m0[0mh [36m3[0mm [36m53[0ms
LR dropped to [36m0.0000033999995[0m
superbatch [36m20[0m [[35m0.0[0m% ([36m0[0m/[36m763[0m batches, [36m4952386[0m pos/sec)]
Estimated time to end of superbatch: [36minf[0ms     [Fsuperbatch [36m20[0m [[35m16.8[0m% ([36m128[0m/[36m763[0m batches, [36m5096470[0m pos/sec)]
Estimated time to end of superbatch: [36m16.5[0ms     [Fsuperbatch [36m20[0m [[35m33.6[0m% ([36m256[0m/[36m763[0m batches, [36m5084916[0m pos/sec)]
Estimated time to end of superbatch: [36m13.1[0ms     [Fsuperbatch [36m20[0m [[35m50.3[0m% ([36m384[0m/[36m763[0m batches, [36m5063728[0m pos/sec)]
Estimated time to end of superbatch: [36m9.8[0ms     [Fsuperbatch [36m20[0m [[35m67.1[0m% ([36m512[0m/[36m763[0m batches, [36m5044625[0m pos/sec)]
Estimated time to end of superbatch: [36m6.5[0ms     [Fsuperbatch [36m20[0m [[35m83.9[0m% ([36m640[0m/[36m763[0m batches, [36m5042527[0m pos/sec)]
Estimated time to end of superbatch: [36m3.2[0ms     [Fsuperbatch [36m20[0m | time [36m19.8[0ms | running loss [36m0.060295[0m | [36m5041838[0m pos/sec | total time [36m423.5[0ms
Estimated time remaining in training: [36m0[0mh [36m3[0mm [36m31[0ms
Saved [anna-v5f-s2-20]
LR dropped to [36m0.0000030699998[0m
superbatch [36m21[0m [[35m0.0[0m% ([36m0[0m/[36m763[0m batches, [36m5652228[0m pos/sec)]
Estimated time to end of superbatch: [36minf[0ms     [Fsuperbatch [36m21[0m [[35m16.8[0m% ([36m128[0m/[36m763[0m batches, [36m5658308[0m pos/sec)]
Estimated time to end of superbatch: [36m14.8[0ms     [Fsuperbatch [36m21[0m [[35m33.6[0m% ([36m256[0m/[36m763[0m batches, [36m5655436[0m pos/sec)]
Estimated time to end of superbatch: [36m11.8[0ms     [Fsuperbatch [36m21[0m [[35m50.3[0m% ([36m384[0m/[36m763[0m batches, [36m5648848[0m pos/sec)]
Estimated time to end of superbatch: [36m8.8[0ms     [Fsuperbatch [36m21[0m [[35m67.1[0m% ([36m512[0m/[36m763[0m batches, [36m5657508[0m pos/sec)]
Estimated time to end of superbatch: [36m5.8[0ms     [Fsuperbatch [36m21[0m [[35m83.9[0m% ([36m640[0m/[36m763[0m batches, [36m5661138[0m pos/sec)]
Estimated time to end of superbatch: [36m2.9[0ms     [Fsuperbatch [36m21[0m | time [36m17.7[0ms | running loss [36m0.060382[0m | [36m5662036[0m pos/sec | total time [36m443.7[0ms
Estimated time remaining in training: [36m0[0mh [36m3[0mm [36m10[0ms
LR dropped to [36m0.0000027399997[0m
superbatch [36m22[0m [[35m0.0[0m% ([36m0[0m/[36m763[0m batches, [36m5541092[0m pos/sec)]
Estimated time to end of superbatch: [36minf[0ms     [Fsuperbatch [36m22[0m [[35m16.8[0m% ([36m128[0m/[36m763[0m batches, [36m5686485[0m pos/sec)]
Estimated time to end of superbatch: [36m14.8[0ms     [Fsuperbatch [36m22[0m [[35m33.6[0m% ([36m256[0m/[36m763[0m batches, [36m5687229[0m pos/sec)]
Estimated time to end of superbatch: [36m11.7[0ms     [Fsuperbatch [36m22[0m [[35m50.3[0m% ([36m384[0m/[36m763[0m batches, [36m5683641[0m pos/sec)]
Estimated time to end of superbatch: [36m8.8[0ms     [Fsuperbatch [36m22[0m [[35m67.1[0m% ([36m512[0m/[36m763[0m batches, [36m5674535[0m pos/sec)]
Estimated time to end of superbatch: [36m5.8[0ms     [Fsuperbatch [36m22[0m [[35m83.9[0m% ([36m640[0m/[36m763[0m batches, [36m5573760[0m pos/sec)]
Estimated time to end of superbatch: [36m2.9[0ms     [Fsuperbatch [36m22[0m | time [36m18.2[0ms | running loss [36m0.060340[0m | [36m5488576[0m pos/sec | total time [36m461.9[0ms
Estimated time remaining in training: [36m0[0mh [36m2[0mm [36m47[0ms
LR dropped to [36m0.00000241[0m
superbatch [36m23[0m [[35m0.0[0m% ([36m0[0m/[36m763[0m batches, [36m5641600[0m pos/sec)]
Estimated time to end of superbatch: [36minf[0ms     [Fsuperbatch [36m23[0m [[35m16.8[0m% ([36m128[0m/[36m763[0m batches, [36m5078836[0m pos/sec)]
Estimated time to end of superbatch: [36m16.5[0ms     [Fsuperbatch [36m23[0m [[35m33.6[0m% ([36m256[0m/[36m763[0m batches, [36m5001697[0m pos/sec)]
Estimated time to end of superbatch: [36m13.3[0ms     [Fsuperbatch [36m23[0m [[35m50.3[0m% ([36m384[0m/[36m763[0m batches, [36m5022831[0m pos/sec)]
Estimated time to end of superbatch: [36m9.9[0ms     [Fsuperbatch [36m23[0m [[35m67.1[0m% ([36m512[0m/[36m763[0m batches, [36m5027458[0m pos/sec)]
Estimated time to end of superbatch: [36m6.6[0ms     [Fsuperbatch [36m23[0m [[35m83.9[0m% ([36m640[0m/[36m763[0m batches, [36m5027012[0m pos/sec)]
Estimated time to end of superbatch: [36m3.2[0ms     [Fsuperbatch [36m23[0m | time [36m20.0[0ms | running loss [36m0.060184[0m | [36m5012417[0m pos/sec | total time [36m481.9[0ms
Estimated time remaining in training: [36m0[0mh [36m2[0mm [36m26[0ms
LR dropped to [36m0.0000020799998[0m
superbatch [36m24[0m [[35m0.0[0m% ([36m0[0m/[36m763[0m batches, [36m5587224[0m pos/sec)]
Estimated time to end of superbatch: [36minf[0ms     [Fsuperbatch [36m24[0m [[35m16.8[0m% ([36m128[0m/[36m763[0m batches, [36m5054850[0m pos/sec)]
Estimated time to end of superbatch: [36m16.6[0ms     [Fsuperbatch [36m24[0m [[35m33.6[0m% ([36m256[0m/[36m763[0m batches, [36m5060986[0m pos/sec)]
Estimated time to end of superbatch: [36m13.2[0ms     [Fsuperbatch [36m24[0m [[35m50.3[0m% ([36m384[0m/[36m763[0m batches, [36m5054282[0m pos/sec)]
Estimated time to end of superbatch: [36m9.9[0ms     [Fsuperbatch [36m24[0m [[35m67.1[0m% ([36m512[0m/[36m763[0m batches, [36m5044772[0m pos/sec)]
Estimated time to end of superbatch: [36m6.5[0ms     [Fsuperbatch [36m24[0m [[35m83.9[0m% ([36m640[0m/[36m763[0m batches, [36m5038471[0m pos/sec)]
Estimated time to end of superbatch: [36m3.2[0ms     [Fsuperbatch [36m24[0m | time [36m19.8[0ms | running loss [36m0.060090[0m | [36m5051434[0m pos/sec | total time [36m501.7[0ms
Estimated time remaining in training: [36m0[0mh [36m2[0mm [36m5[0ms
LR dropped to [36m0.0000017499997[0m
superbatch [36m25[0m [[35m0.0[0m% ([36m0[0m/[36m763[0m batches, [36m5637725[0m pos/sec)]
Estimated time to end of superbatch: [36minf[0ms     [Fsuperbatch [36m25[0m [[35m16.8[0m% ([36m128[0m/[36m763[0m batches, [36m5097500[0m pos/sec)]
Estimated time to end of superbatch: [36m16.5[0ms     [Fsuperbatch [36m25[0m [[35m33.6[0m% ([36m256[0m/[36m763[0m batches, [36m5046112[0m pos/sec)]
Estimated time to end of superbatch: [36m13.2[0ms     [Fsuperbatch [36m25[0m [[35m50.3[0m% ([36m384[0m/[36m763[0m batches, [36m5031510[0m pos/sec)]
Estimated time to end of superbatch: [36m9.9[0ms     [Fsuperbatch [36m25[0m [[35m67.1[0m% ([36m512[0m/[36m763[0m batches, [36m5033802[0m pos/sec)]
Estimated time to end of superbatch: [36m6.5[0ms     [Fsuperbatch [36m25[0m [[35m83.9[0m% ([36m640[0m/[36m763[0m batches, [36m5034006[0m pos/sec)]
Estimated time to end of superbatch: [36m3.2[0ms     [Fsuperbatch [36m25[0m | time [36m19.9[0ms | running loss [36m0.060043[0m | [36m5025523[0m pos/sec | total time [36m521.6[0ms
Estimated time remaining in training: [36m0[0mh [36m1[0mm [36m44[0ms
LR dropped to [36m0.0000014199995[0m
superbatch [36m26[0m [[35m0.0[0m% ([36m0[0m/[36m763[0m batches, [36m4630941[0m pos/sec)]
Estimated time to end of superbatch: [36minf[0ms     [Fsuperbatch [36m26[0m [[35m16.8[0m% ([36m128[0m/[36m763[0m batches, [36m5070742[0m pos/sec)]
Estimated time to end of superbatch: [36m16.5[0ms     [Fsuperbatch [36m26[0m [[35m33.6[0m% ([36m256[0m/[36m763[0m batches, [36m5060732[0m pos/sec)]
Estimated time to end of superbatch: [36m13.2[0ms     [Fsuperbatch [36m26[0m [[35m50.3[0m% ([36m384[0m/[36m763[0m batches, [36m5067218[0m pos/sec)]
Estimated time to end of superbatch: [36m9.8[0ms     [Fsuperbatch [36m26[0m [[35m67.1[0m% ([36m512[0m/[36m763[0m batches, [36m5035333[0m pos/sec)]
Estimated time to end of superbatch: [36m6.5[0ms     [Fsuperbatch [36m26[0m [[35m83.9[0m% ([36m640[0m/[36m763[0m batches, [36m5032600[0m pos/sec)]
Estimated time to end of superbatch: [36m3.2[0ms     [Fsuperbatch [36m26[0m | time [36m19.8[0ms | running loss [36m0.060157[0m | [36m5040800[0m pos/sec | total time [36m541.4[0ms
Estimated time remaining in training: [36m0[0mh [36m1[0mm [36m23[0ms
LR dropped to [36m0.0000010900003[0m
superbatch [36m27[0m [[35m0.0[0m% ([36m0[0m/[36m763[0m batches, [36m4395218[0m pos/sec)]
Estimated time to end of superbatch: [36minf[0ms     [Fsuperbatch [36m27[0m [[35m16.8[0m% ([36m128[0m/[36m763[0m batches, [36m5074606[0m pos/sec)]
Estimated time to end of superbatch: [36m16.5[0ms     [Fsuperbatch [36m27[0m [[35m33.6[0m% ([36m256[0m/[36m763[0m batches, [36m5037283[0m pos/sec)]
Estimated time to end of superbatch: [36m13.2[0ms     [Fsuperbatch [36m27[0m [[35m50.3[0m% ([36m384[0m/[36m763[0m batches, [36m5038060[0m pos/sec)]
Estimated time to end of superbatch: [36m9.9[0ms     [Fsuperbatch [36m27[0m [[35m67.1[0m% ([36m512[0m/[36m763[0m batches, [36m5049698[0m pos/sec)]
Estimated time to end of superbatch: [36m6.5[0ms     [Fsuperbatch [36m27[0m [[35m83.9[0m% ([36m640[0m/[36m763[0m batches, [36m5062782[0m pos/sec)]
Estimated time to end of superbatch: [36m3.2[0ms     [Fsuperbatch [36m27[0m | time [36m19.8[0ms | running loss [36m0.060122[0m | [36m5044431[0m pos/sec | total time [36m561.3[0ms
Estimated time remaining in training: [36m0[0mh [36m1[0mm [36m2[0ms
LR dropped to [36m0.00000076000015[0m
superbatch [36m28[0m [[35m0.0[0m% ([36m0[0m/[36m763[0m batches, [36m5635320[0m pos/sec)]
Estimated time to end of superbatch: [36minf[0ms     [Fsuperbatch [36m28[0m [[35m16.8[0m% ([36m128[0m/[36m763[0m batches, [36m5099104[0m pos/sec)]
Estimated time to end of superbatch: [36m16.5[0ms     [Fsuperbatch [36m28[0m [[35m33.6[0m% ([36m256[0m/[36m763[0m batches, [36m5070114[0m pos/sec)]
Estimated time to end of superbatch: [36m13.2[0ms     [Fsuperbatch [36m28[0m [[35m50.3[0m% ([36m384[0m/[36m763[0m batches, [36m5076539[0m pos/sec)]
Estimated time to end of superbatch: [36m9.8[0ms     [Fsuperbatch [36m28[0m [[35m67.1[0m% ([36m512[0m/[36m763[0m batches, [36m5072090[0m pos/sec)]
Estimated time to end of superbatch: [36m6.5[0ms     [Fsuperbatch [36m28[0m [[35m83.9[0m% ([36m640[0m/[36m763[0m batches, [36m5060682[0m pos/sec)]
Estimated time to end of superbatch: [36m3.2[0ms     [Fsuperbatch [36m28[0m | time [36m19.8[0ms | running loss [36m0.059877[0m | [36m5061658[0m pos/sec | total time [36m581.0[0ms
Estimated time remaining in training: [36m0[0mh [36m0[0mm [36m41[0ms
LR dropped to [36m0.00000043[0m
superbatch [36m29[0m [[35m0.0[0m% ([36m0[0m/[36m763[0m batches, [36m4787480[0m pos/sec)]
Estimated time to end of superbatch: [36minf[0ms     [Fsuperbatch [36m29[0m [[35m16.8[0m% ([36m128[0m/[36m763[0m batches, [36m5124208[0m pos/sec)]
Estimated time to end of superbatch: [36m16.4[0ms     [Fsuperbatch [36m29[0m [[35m33.6[0m% ([36m256[0m/[36m763[0m batches, [36m5074114[0m pos/sec)]
Estimated time to end of superbatch: [36m13.1[0ms     [Fsuperbatch [36m29[0m [[35m50.3[0m% ([36m384[0m/[36m763[0m batches, [36m5077654[0m pos/sec)]
Estimated time to end of superbatch: [36m9.8[0ms     [Fsuperbatch [36m29[0m [[35m67.1[0m% ([36m512[0m/[36m763[0m batches, [36m5081986[0m pos/sec)]
Estimated time to end of superbatch: [36m6.5[0ms     [Fsuperbatch [36m29[0m [[35m83.9[0m% ([36m640[0m/[36m763[0m batches, [36m5081394[0m pos/sec)]
Estimated time to end of superbatch: [36m3.2[0ms     [Fsuperbatch [36m29[0m | time [36m19.7[0ms | running loss [36m0.060151[0m | [36m5073986[0m pos/sec | total time [36m600.7[0ms
Estimated time remaining in training: [36m0[0mh [36m0[0mm [36m20[0ms
LR dropped to [36m0.0000001[0m
superbatch [36m30[0m [[35m0.0[0m% ([36m0[0m/[36m763[0m batches, [36m5490000[0m pos/sec)]
Estimated time to end of superbatch: [36minf[0ms     [Fsuperbatch [36m30[0m [[35m16.8[0m% ([36m128[0m/[36m763[0m batches, [36m4979210[0m pos/sec)]
Estimated time to end of superbatch: [36m16.8[0ms     [Fsuperbatch [36m30[0m [[35m33.6[0m% ([36m256[0m/[36m763[0m batches, [36m5046344[0m pos/sec)]
Estimated time to end of superbatch: [36m13.2[0ms     [Fsuperbatch [36m30[0m [[35m50.3[0m% ([36m384[0m/[36m763[0m batches, [36m5053648[0m pos/sec)]
Estimated time to end of superbatch: [36m9.9[0ms     [Fsuperbatch [36m30[0m [[35m67.1[0m% ([36m512[0m/[36m763[0m batches, [36m5052448[0m pos/sec)]
Estimated time to end of superbatch: [36m6.5[0ms     [Fsuperbatch [36m30[0m [[35m83.9[0m% ([36m640[0m/[36m763[0m batches, [36m5044768[0m pos/sec)]
Estimated time to end of superbatch: [36m3.2[0ms     [Fsuperbatch [36m30[0m | time [36m19.8[0ms | running loss [36m0.060080[0m | [36m5045102[0m pos/sec | total time [36m620.5[0ms
Estimated time remaining in training: [36m0[0mh [36m0[0mm [36m0[0ms
Saved [anna-v5f-s2-30]
Total Training Time: [36m0[0mh [36m10[0mm [36m24[0ms
TRAINER EVAL rnbqkbnr/pppppppp/8/8/8/8/PPPPPPPP/RNBQKBNR w KQkq - 0 1 : 29.1
TRAINER EVAL rnbqkbnr/pppppppp/8/8/8/8/PPPPPPPP/RNBQKBN1 w Qkq - 0 1 : -1453.7
TRAINER EVAL rnbqkbn1/pppppppp/8/8/8/8/PPPPPPPP/RNBQKBNR w KQq - 0 1 : 1930.3
TRAINER EVAL r3k2r/p1ppqpb1/bn2pnp1/3PN3/1p2P3/2N2Q1p/PPPBBPPP/R3K2R w KQkq - 0 1 : -508.8
TRAINER EVAL r1bqkb1r/pp2bppp/2n2n2/2pp4/3P4/2PBPN2/PP1N1PPP/R2QK2R w KQ - 0 9 : -2063.7
TRAINER EVAL 8/2p5/3p4/KP5r/1R3p1k/8/4P1P1/8 w - - 0 1 : 15.5
done
=== train end exit=0
