=== train start 2026-09-14T19:38:56Z net=anna-v5 data=/data/binpacks/test80-2024-01-jan-2tb7p.min-v2.v6.binpack,/data/binpacks/test80-2024-02-feb-2tb7p.min-v2.v6.binpack,/data/binpacks/dfrc_n5000.binpack,/data/binpacks/test80-2024-03-mar-2tb7p.min-v2.v6.binpack,/data/binpacks/test80-2024-04-apr-2tb7p.min-v2.v6.binpack,/data/binpacks/nodes5000pv2_UHO.binpack,/data/binpacks/test80-2024-05-may-2tb7p.min-v2.v6.binpack,/data/binpacks/test80-2024-06-jun-2tb7p.min-v2.v6.binpack resume= SB=30/740/30 LR1=1e-3 L1=512 cap=5.5h
name, memory.total [MiB]
NVIDIA L40S, 46068 MiB
anna-v3 trainer | net anna-v5 | data ["/data/binpacks/test80-2024-01-jan-2tb7p.min-v2.v6.binpack", "/data/binpacks/test80-2024-02-feb-2tb7p.min-v2.v6.binpack", "/data/binpacks/dfrc_n5000.binpack", "/data/binpacks/test80-2024-03-mar-2tb7p.min-v2.v6.binpack", "/data/binpacks/test80-2024-04-apr-2tb7p.min-v2.v6.binpack", "/data/binpacks/nodes5000pv2_UHO.binpack", "/data/binpacks/test80-2024-05-may-2tb7p.min-v2.v6.binpack", "/data/binpacks/test80-2024-06-jun-2tb7p.min-v2.v6.binpack"] | stages 30/740/30 SB | batch 131072 x 763 | width 512 L2 16 L3 32
[34;1mTraining on NVIDIA L40S (sm_89)[0m
superbatch [36m1[0m [[35m0.0[0m% ([36m0[0m/[36m763[0m batches, [36m1172707[0m pos/sec)]
Estimated time to end of superbatch: [36minf[0ms     [Fsuperbatch [36m1[0m [[35m16.8[0m% ([36m128[0m/[36m763[0m batches, [36m3545393[0m pos/sec)]
Estimated time to end of superbatch: [36m23.7[0ms     [Fsuperbatch [36m1[0m [[35m33.6[0m% ([36m256[0m/[36m763[0m batches, [36m3527750[0m pos/sec)]
Estimated time to end of superbatch: [36m18.9[0ms     [Fsuperbatch [36m1[0m [[35m50.3[0m% ([36m384[0m/[36m763[0m batches, [36m3546474[0m pos/sec)]
Estimated time to end of superbatch: [36m14.0[0ms     [Fsuperbatch [36m1[0m [[35m67.1[0m% ([36m512[0m/[36m763[0m batches, [36m3547790[0m pos/sec)]
Estimated time to end of superbatch: [36m9.3[0ms     [Fsuperbatch [36m1[0m [[35m83.9[0m% ([36m640[0m/[36m763[0m batches, [36m3551332[0m pos/sec)]
Estimated time to end of superbatch: [36m4.5[0ms     [Fsuperbatch [36m1[0m | time [36m28.2[0ms | running loss [36m0.024134[0m | [36m3541661[0m pos/sec | total time [36m36.0[0ms
Estimated time remaining in training: [36m0[0mh [36m17[0mm [36m24[0ms
LR increased to [36m0.0007533334[0m
superbatch [36m2[0m [[35m0.0[0m% ([36m0[0m/[36m763[0m batches, [36m3341913[0m pos/sec)]
Estimated time to end of superbatch: [36minf[0ms     [Fsuperbatch [36m2[0m [[35m16.8[0m% ([36m128[0m/[36m763[0m batches, [36m3552154[0m pos/sec)]
Estimated time to end of superbatch: [36m23.6[0ms     [Fsuperbatch [36m2[0m [[35m33.6[0m% ([36m256[0m/[36m763[0m batches, [36m3518386[0m pos/sec)]
Estimated time to end of superbatch: [36m19.0[0ms     [Fsuperbatch [36m2[0m [[35m50.3[0m% ([36m384[0m/[36m763[0m batches, [36m3512420[0m pos/sec)]
Estimated time to end of superbatch: [36m14.2[0ms     [Fsuperbatch [36m2[0m [[35m67.1[0m% ([36m512[0m/[36m763[0m batches, [36m3500134[0m pos/sec)]
Estimated time to end of superbatch: [36m9.4[0ms     [Fsuperbatch [36m2[0m [[35m83.9[0m% ([36m640[0m/[36m763[0m batches, [36m3509736[0m pos/sec)]
Estimated time to end of superbatch: [36m4.6[0ms     [Fsuperbatch [36m2[0m | time [36m28.4[0ms | running loss [36m0.016319[0m | [36m3518679[0m pos/sec | total time [36m64.4[0ms
Estimated time remaining in training: [36m0[0mh [36m15[0mm [36m2[0ms
LR increased to [36m0.00108[0m
superbatch [36m3[0m [[35m0.0[0m% ([36m0[0m/[36m763[0m batches, [36m3750079[0m pos/sec)]
Estimated time to end of superbatch: [36minf[0ms     [Fsuperbatch [36m3[0m [[35m16.8[0m% ([36m128[0m/[36m763[0m batches, [36m3619919[0m pos/sec)]
Estimated time to end of superbatch: [36m23.2[0ms     [Fsuperbatch [36m3[0m [[35m33.6[0m% ([36m256[0m/[36m763[0m batches, [36m3629530[0m pos/sec)]
Estimated time to end of superbatch: [36m18.4[0ms     [Fsuperbatch [36m3[0m [[35m50.3[0m% ([36m384[0m/[36m763[0m batches, [36m3593403[0m pos/sec)]
Estimated time to end of superbatch: [36m13.9[0ms     [Fsuperbatch [36m3[0m [[35m67.1[0m% ([36m512[0m/[36m763[0m batches, [36m3562214[0m pos/sec)]
Estimated time to end of superbatch: [36m9.3[0ms     [Fsuperbatch [36m3[0m [[35m83.9[0m% ([36m640[0m/[36m763[0m batches, [36m3549470[0m pos/sec)]
Estimated time to end of superbatch: [36m4.5[0ms     [Fsuperbatch [36m3[0m | time [36m28.2[0ms | running loss [36m0.014451[0m | [36m3540387[0m pos/sec | total time [36m92.7[0ms
Estimated time remaining in training: [36m0[0mh [36m13[0mm [36m54[0ms
LR increased to [36m0.0014066667[0m
superbatch [36m4[0m [[35m0.0[0m% ([36m0[0m/[36m763[0m batches, [36m3617262[0m pos/sec)]
Estimated time to end of superbatch: [36minf[0ms     [Fsuperbatch [36m4[0m [[35m16.8[0m% ([36m128[0m/[36m763[0m batches, [36m3503884[0m pos/sec)]
Estimated time to end of superbatch: [36m23.9[0ms     [Fsuperbatch [36m4[0m [[35m33.6[0m% ([36m256[0m/[36m763[0m batches, [36m3531635[0m pos/sec)]
Estimated time to end of superbatch: [36m18.9[0ms     [Fsuperbatch [36m4[0m [[35m50.3[0m% ([36m384[0m/[36m763[0m batches, [36m3547509[0m pos/sec)]
Estimated time to end of superbatch: [36m14.0[0ms     [Fsuperbatch [36m4[0m [[35m67.1[0m% ([36m512[0m/[36m763[0m batches, [36m3554213[0m pos/sec)]
Estimated time to end of superbatch: [36m9.3[0ms     [Fsuperbatch [36m4[0m [[35m83.9[0m% ([36m640[0m/[36m763[0m batches, [36m3554744[0m pos/sec)]
Estimated time to end of superbatch: [36m4.5[0ms     [Fsuperbatch [36m4[0m | time [36m28.1[0ms | running loss [36m0.013075[0m | [36m3561089[0m pos/sec | total time [36m120.8[0ms
Estimated time remaining in training: [36m0[0mh [36m13[0mm [36m4[0ms
LR increased to [36m0.0017333333[0m
superbatch [36m5[0m [[35m0.0[0m% ([36m0[0m/[36m763[0m batches, [36m3235135[0m pos/sec)]
Estimated time to end of superbatch: [36minf[0ms     [Fsuperbatch [36m5[0m [[35m16.8[0m% ([36m128[0m/[36m763[0m batches, [36m3549932[0m pos/sec)]
Estimated time to end of superbatch: [36m23.6[0ms     [Fsuperbatch [36m5[0m [[35m33.6[0m% ([36m256[0m/[36m763[0m batches, [36m3559752[0m pos/sec)]
Estimated time to end of superbatch: [36m18.7[0ms     [Fsuperbatch [36m5[0m [[35m50.3[0m% ([36m384[0m/[36m763[0m batches, [36m3539633[0m pos/sec)]
Estimated time to end of superbatch: [36m14.1[0ms     [Fsuperbatch [36m5[0m [[35m67.1[0m% ([36m512[0m/[36m763[0m batches, [36m3538072[0m pos/sec)]
Estimated time to end of superbatch: [36m9.3[0ms     [Fsuperbatch [36m5[0m [[35m83.9[0m% ([36m640[0m/[36m763[0m batches, [36m3538029[0m pos/sec)]
Estimated time to end of superbatch: [36m4.6[0ms     [Fsuperbatch [36m5[0m | time [36m28.3[0ms | running loss [36m0.012566[0m | [36m3536913[0m pos/sec | total time [36m149.0[0ms
Estimated time remaining in training: [36m0[0mh [36m12[0mm [36m25[0ms
LR increased to [36m0.00206[0m
superbatch [36m6[0m [[35m0.0[0m% ([36m0[0m/[36m763[0m batches, [36m3694731[0m pos/sec)]
Estimated time to end of superbatch: [36minf[0ms     [Fsuperbatch [36m6[0m [[35m16.8[0m% ([36m128[0m/[36m763[0m batches, [36m3527911[0m pos/sec)]
Estimated time to end of superbatch: [36m23.8[0ms     [Fsuperbatch [36m6[0m [[35m33.6[0m% ([36m256[0m/[36m763[0m batches, [36m3517049[0m pos/sec)]
Estimated time to end of superbatch: [36m19.0[0ms     [Fsuperbatch [36m6[0m [[35m50.3[0m% ([36m384[0m/[36m763[0m batches, [36m3502865[0m pos/sec)]
Estimated time to end of superbatch: [36m14.2[0ms     [Fsuperbatch [36m6[0m [[35m67.1[0m% ([36m512[0m/[36m763[0m batches, [36m3512442[0m pos/sec)]
Estimated time to end of superbatch: [36m9.4[0ms     [Fsuperbatch [36m6[0m [[35m83.9[0m% ([36m640[0m/[36m763[0m batches, [36m3512099[0m pos/sec)]
Estimated time to end of superbatch: [36m4.6[0ms     [Fsuperbatch [36m6[0m | time [36m28.4[0ms | running loss [36m0.011857[0m | [36m3517369[0m pos/sec | total time [36m177.5[0ms
Estimated time remaining in training: [36m0[0mh [36m11[0mm [36m49[0ms
LR increased to [36m0.0023866668[0m
superbatch [36m7[0m [[35m0.0[0m% ([36m0[0m/[36m763[0m batches, [36m3839832[0m pos/sec)]
Estimated time to end of superbatch: [36minf[0ms     [Fsuperbatch [36m7[0m [[35m16.8[0m% ([36m128[0m/[36m763[0m batches, [36m3523894[0m pos/sec)]
Estimated time to end of superbatch: [36m23.8[0ms     [Fsuperbatch [36m7[0m [[35m33.6[0m% ([36m256[0m/[36m763[0m batches, [36m3533390[0m pos/sec)]
Estimated time to end of superbatch: [36m18.9[0ms     [Fsuperbatch [36m7[0m [[35m50.3[0m% ([36m384[0m/[36m763[0m batches, [36m3526574[0m pos/sec)]
Estimated time to end of superbatch: [36m14.1[0ms     [Fsuperbatch [36m7[0m [[35m67.1[0m% ([36m512[0m/[36m763[0m batches, [36m3525454[0m pos/sec)]
Estimated time to end of superbatch: [36m9.4[0ms     [Fsuperbatch [36m7[0m [[35m83.9[0m% ([36m640[0m/[36m763[0m batches, [36m3525254[0m pos/sec)]
Estimated time to end of superbatch: [36m4.6[0ms     [Fsuperbatch [36m7[0m | time [36m28.3[0ms | running loss [36m0.011786[0m | [36m3533604[0m pos/sec | total time [36m205.8[0ms
Estimated time remaining in training: [36m0[0mh [36m11[0mm [36m16[0ms
LR increased to [36m0.0027133336[0m
superbatch [36m8[0m [[35m0.0[0m% ([36m0[0m/[36m763[0m batches, [36m3581033[0m pos/sec)]
Estimated time to end of superbatch: [36minf[0ms     [Fsuperbatch [36m8[0m [[35m16.8[0m% ([36m128[0m/[36m763[0m batches, [36m3531021[0m pos/sec)]
Estimated time to end of superbatch: [36m23.8[0ms     [Fsuperbatch [36m8[0m [[35m33.6[0m% ([36m256[0m/[36m763[0m batches, [36m3558509[0m pos/sec)]
Estimated time to end of superbatch: [36m18.7[0ms     [Fsuperbatch [36m8[0m [[35m50.3[0m% ([36m384[0m/[36m763[0m batches, [36m3561993[0m pos/sec)]
Estimated time to end of superbatch: [36m14.0[0ms     [Fsuperbatch [36m8[0m [[35m67.1[0m% ([36m512[0m/[36m763[0m batches, [36m3556615[0m pos/sec)]
Estimated time to end of superbatch: [36m9.3[0ms     [Fsuperbatch [36m8[0m [[35m83.9[0m% ([36m640[0m/[36m763[0m batches, [36m3557682[0m pos/sec)]
Estimated time to end of superbatch: [36m4.5[0ms     [Fsuperbatch [36m8[0m | time [36m28.2[0ms | running loss [36m0.011326[0m | [36m3546896[0m pos/sec | total time [36m234.0[0ms
Estimated time remaining in training: [36m0[0mh [36m10[0mm [36m43[0ms
LR increased to [36m0.0030400003[0m
superbatch [36m9[0m [[35m0.0[0m% ([36m0[0m/[36m763[0m batches, [36m3282046[0m pos/sec)]
Estimated time to end of superbatch: [36minf[0ms     [Fsuperbatch [36m9[0m [[35m16.8[0m% ([36m128[0m/[36m763[0m batches, [36m3509212[0m pos/sec)]
Estimated time to end of superbatch: [36m23.9[0ms     [Fsuperbatch [36m9[0m [[35m33.6[0m% ([36m256[0m/[36m763[0m batches, [36m3528485[0m pos/sec)]
Estimated time to end of superbatch: [36m18.9[0ms     [Fsuperbatch [36m9[0m [[35m50.3[0m% ([36m384[0m/[36m763[0m batches, [36m3518150[0m pos/sec)]
Estimated time to end of superbatch: [36m14.2[0ms     [Fsuperbatch [36m9[0m [[35m67.1[0m% ([36m512[0m/[36m763[0m batches, [36m3529984[0m pos/sec)]
Estimated time to end of superbatch: [36m9.3[0ms     [Fsuperbatch [36m9[0m [[35m83.9[0m% ([36m640[0m/[36m763[0m batches, [36m3535228[0m pos/sec)]
Estimated time to end of superbatch: [36m4.6[0ms     [Fsuperbatch [36m9[0m | time [36m28.3[0ms | running loss [36m0.011483[0m | [36m3539075[0m pos/sec | total time [36m262.2[0ms
Estimated time remaining in training: [36m0[0mh [36m10[0mm [36m11[0ms
LR increased to [36m0.0033666668[0m
superbatch [36m10[0m [[35m0.0[0m% ([36m0[0m/[36m763[0m batches, [36m3986131[0m pos/sec)]
Estimated time to end of superbatch: [36minf[0ms     [Fsuperbatch [36m10[0m [[35m16.8[0m% ([36m128[0m/[36m763[0m batches, [36m3579075[0m pos/sec)]
Estimated time to end of superbatch: [36m23.4[0ms     [Fsuperbatch [36m10[0m [[35m33.6[0m% ([36m256[0m/[36m763[0m batches, [36m3553880[0m pos/sec)]
Estimated time to end of superbatch: [36m18.8[0ms     [Fsuperbatch [36m10[0m [[35m50.3[0m% ([36m384[0m/[36m763[0m batches, [36m3540128[0m pos/sec)]
Estimated time to end of superbatch: [36m14.1[0ms     [Fsuperbatch [36m10[0m [[35m67.1[0m% ([36m512[0m/[36m763[0m batches, [36m3544208[0m pos/sec)]
Estimated time to end of superbatch: [36m9.3[0ms     [Fsuperbatch [36m10[0m [[35m83.9[0m% ([36m640[0m/[36m763[0m batches, [36m3541318[0m pos/sec)]
Estimated time to end of superbatch: [36m4.6[0ms     [Fsuperbatch [36m10[0m | time [36m28.3[0ms | running loss [36m0.011155[0m | [36m3536407[0m pos/sec | total time [36m290.5[0ms
Estimated time remaining in training: [36m0[0mh [36m9[0mm [36m41[0ms
Saved [anna-v5-s0-10]
LR increased to [36m0.0036933336[0m
superbatch [36m11[0m [[35m0.0[0m% ([36m0[0m/[36m763[0m batches, [36m3353814[0m pos/sec)]
Estimated time to end of superbatch: [36minf[0ms     [Fsuperbatch [36m11[0m [[35m16.8[0m% ([36m128[0m/[36m763[0m batches, [36m3500511[0m pos/sec)]
Estimated time to end of superbatch: [36m24.0[0ms     [Fsuperbatch [36m11[0m [[35m33.6[0m% ([36m256[0m/[36m763[0m batches, [36m3502412[0m pos/sec)]
Estimated time to end of superbatch: [36m19.0[0ms     [Fsuperbatch [36m11[0m [[35m50.3[0m% ([36m384[0m/[36m763[0m batches, [36m3503707[0m pos/sec)]
Estimated time to end of superbatch: [36m14.2[0ms     [Fsuperbatch [36m11[0m [[35m67.1[0m% ([36m512[0m/[36m763[0m batches, [36m3514459[0m pos/sec)]
Estimated time to end of superbatch: [36m9.4[0ms     [Fsuperbatch [36m11[0m [[35m83.9[0m% ([36m640[0m/[36m763[0m batches, [36m3511990[0m pos/sec)]
Estimated time to end of superbatch: [36m4.6[0ms     [Fsuperbatch [36m11[0m | time [36m28.5[0ms | running loss [36m0.011374[0m | [36m3510294[0m pos/sec | total time [36m322.1[0ms
Estimated time remaining in training: [36m0[0mh [36m9[0mm [36m16[0ms
LR increased to [36m0.00402[0m
superbatch [36m12[0m [[35m0.0[0m% ([36m0[0m/[36m763[0m batches, [36m3698371[0m pos/sec)]
Estimated time to end of superbatch: [36minf[0ms     [Fsuperbatch [36m12[0m [[35m16.8[0m% ([36m128[0m/[36m763[0m batches, [36m3506247[0m pos/sec)]
Estimated time to end of superbatch: [36m23.9[0ms     [Fsuperbatch [36m12[0m [[35m33.6[0m% ([36m256[0m/[36m763[0m batches, [36m3512446[0m pos/sec)]
Estimated time to end of superbatch: [36m19.0[0ms     [Fsuperbatch [36m12[0m [[35m50.3[0m% ([36m384[0m/[36m763[0m batches, [36m3510425[0m pos/sec)]
Estimated time to end of superbatch: [36m14.2[0ms     [Fsuperbatch [36m12[0m [[35m67.1[0m% ([36m512[0m/[36m763[0m batches, [36m3507687[0m pos/sec)]
Estimated time to end of superbatch: [36m9.4[0ms     [Fsuperbatch [36m12[0m [[35m83.9[0m% ([36m640[0m/[36m763[0m batches, [36m3524633[0m pos/sec)]
Estimated time to end of superbatch: [36m4.6[0ms     [Fsuperbatch [36m12[0m | time [36m28.3[0ms | running loss [36m0.011110[0m | [36m3528382[0m pos/sec | total time [36m350.4[0ms
Estimated time remaining in training: [36m0[0mh [36m8[0mm [36m45[0ms
LR increased to [36m0.0043466664[0m
superbatch [36m13[0m [[35m0.0[0m% ([36m0[0m/[36m763[0m batches, [36m3269167[0m pos/sec)]
Estimated time to end of superbatch: [36minf[0ms     [Fsuperbatch [36m13[0m [[35m16.8[0m% ([36m128[0m/[36m763[0m batches, [36m3508914[0m pos/sec)]
Estimated time to end of superbatch: [36m23.9[0ms     [Fsuperbatch [36m13[0m [[35m33.6[0m% ([36m256[0m/[36m763[0m batches, [36m3520595[0m pos/sec)]
Estimated time to end of superbatch: [36m18.9[0ms     [Fsuperbatch [36m13[0m [[35m50.3[0m% ([36m384[0m/[36m763[0m batches, [36m3525770[0m pos/sec)]
Estimated time to end of superbatch: [36m14.1[0ms     [Fsuperbatch [36m13[0m [[35m67.1[0m% ([36m512[0m/[36m763[0m batches, [36m3525654[0m pos/sec)]
Estimated time to end of superbatch: [36m9.3[0ms     [Fsuperbatch [36m13[0m [[35m83.9[0m% ([36m640[0m/[36m763[0m batches, [36m3520120[0m pos/sec)]
Estimated time to end of superbatch: [36m4.6[0ms     [Fsuperbatch [36m13[0m | time [36m28.4[0ms | running loss [36m0.011362[0m | [36m3517680[0m pos/sec | total time [36m378.8[0ms
Estimated time remaining in training: [36m0[0mh [36m8[0mm [36m15[0ms
LR increased to [36m0.0046733334[0m
superbatch [36m14[0m [[35m0.0[0m% ([36m0[0m/[36m763[0m batches, [36m3255088[0m pos/sec)]
Estimated time to end of superbatch: [36minf[0ms     [Fsuperbatch [36m14[0m [[35m16.8[0m% ([36m128[0m/[36m763[0m batches, [36m3507984[0m pos/sec)]
Estimated time to end of superbatch: [36m23.9[0ms     [Fsuperbatch [36m14[0m [[35m33.6[0m% ([36m256[0m/[36m763[0m batches, [36m3526221[0m pos/sec)]
Estimated time to end of superbatch: [36m18.9[0ms     [Fsuperbatch [36m14[0m [[35m50.3[0m% ([36m384[0m/[36m763[0m batches, [36m3526966[0m pos/sec)]
Estimated time to end of superbatch: [36m14.1[0ms     [Fsuperbatch [36m14[0m [[35m67.1[0m% ([36m512[0m/[36m763[0m batches, [36m3533985[0m pos/sec)]
Estimated time to end of superbatch: [36m9.3[0ms     [Fsuperbatch [36m14[0m [[35m83.9[0m% ([36m640[0m/[36m763[0m batches, [36m3545958[0m pos/sec)]
Estimated time to end of superbatch: [36m4.6[0ms     [Fsuperbatch [36m14[0m | time [36m28.2[0ms | running loss [36m0.011192[0m | [36m3550514[0m pos/sec | total time [36m407.0[0ms
Estimated time remaining in training: [36m0[0mh [36m7[0mm [36m45[0ms
LR increased to [36m0.005[0m
superbatch [36m15[0m [[35m0.0[0m% ([36m0[0m/[36m763[0m batches, [36m4011426[0m pos/sec)]
Estimated time to end of superbatch: [36minf[0ms     [Fsuperbatch [36m15[0m [[35m16.8[0m% ([36m128[0m/[36m763[0m batches, [36m3481785[0m pos/sec)]
Estimated time to end of superbatch: [36m24.1[0ms     [Fsuperbatch [36m15[0m [[35m33.6[0m% ([36m256[0m/[36m763[0m batches, [36m3479666[0m pos/sec)]
Estimated time to end of superbatch: [36m19.2[0ms     [Fsuperbatch [36m15[0m [[35m50.3[0m% ([36m384[0m/[36m763[0m batches, [36m3507843[0m pos/sec)]
Estimated time to end of superbatch: [36m14.2[0ms     [Fsuperbatch [36m15[0m [[35m67.1[0m% ([36m512[0m/[36m763[0m batches, [36m3515072[0m pos/sec)]
Estimated time to end of superbatch: [36m9.4[0ms     [Fsuperbatch [36m15[0m [[35m83.9[0m% ([36m640[0m/[36m763[0m batches, [36m3521314[0m pos/sec)]
Estimated time to end of superbatch: [36m4.6[0ms     [Fsuperbatch [36m15[0m | time [36m28.5[0ms | running loss [36m0.011449[0m | [36m3515122[0m pos/sec | total time [36m435.4[0ms
Estimated time remaining in training: [36m0[0mh [36m7[0mm [36m15[0ms
LR dropped to [36m0.0046733334[0m
superbatch [36m16[0m [[35m0.0[0m% ([36m0[0m/[36m763[0m batches, [36m3820998[0m pos/sec)]
Estimated time to end of superbatch: [36minf[0ms     [Fsuperbatch [36m16[0m [[35m16.8[0m% ([36m128[0m/[36m763[0m batches, [36m3559999[0m pos/sec)]
Estimated time to end of superbatch: [36m23.6[0ms     [Fsuperbatch [36m16[0m [[35m33.6[0m% ([36m256[0m/[36m763[0m batches, [36m3563358[0m pos/sec)]
Estimated time to end of superbatch: [36m18.7[0ms     [Fsuperbatch [36m16[0m [[35m50.3[0m% ([36m384[0m/[36m763[0m batches, [36m3548587[0m pos/sec)]
Estimated time to end of superbatch: [36m14.0[0ms     [Fsuperbatch [36m16[0m [[35m67.1[0m% ([36m512[0m/[36m763[0m batches, [36m3533711[0m pos/sec)]
Estimated time to end of superbatch: [36m9.3[0ms     [Fsuperbatch [36m16[0m [[35m83.9[0m% ([36m640[0m/[36m763[0m batches, [36m3531405[0m pos/sec)]
Estimated time to end of superbatch: [36m4.6[0ms     [Fsuperbatch [36m16[0m | time [36m28.3[0ms | running loss [36m0.011229[0m | [36m3529658[0m pos/sec | total time [36m463.8[0ms
Estimated time remaining in training: [36m0[0mh [36m6[0mm [36m45[0ms
LR dropped to [36m0.0043466664[0m
superbatch [36m17[0m [[35m0.0[0m% ([36m0[0m/[36m763[0m batches, [36m3352332[0m pos/sec)]
Estimated time to end of superbatch: [36minf[0ms     [Fsuperbatch [36m17[0m [[35m16.8[0m% ([36m128[0m/[36m763[0m batches, [36m3041995[0m pos/sec)]
Estimated time to end of superbatch: [36m27.6[0ms     [Fsuperbatch [36m17[0m [[35m33.6[0m% ([36m256[0m/[36m763[0m batches, [36m3240245[0m pos/sec)]
Estimated time to end of superbatch: [36m20.6[0ms     [Fsuperbatch [36m17[0m [[35m50.3[0m% ([36m384[0m/[36m763[0m batches, [36m3320125[0m pos/sec)]
Estimated time to end of superbatch: [36m15.0[0ms     [Fsuperbatch [36m17[0m [[35m67.1[0m% ([36m512[0m/[36m763[0m batches, [36m3365296[0m pos/sec)]
Estimated time to end of superbatch: [36m9.8[0ms     [Fsuperbatch [36m17[0m [[35m83.9[0m% ([36m640[0m/[36m763[0m batches, [36m3387749[0m pos/sec)]
Estimated time to end of superbatch: [36m4.8[0ms     [Fsuperbatch [36m17[0m | time [36m29.3[0ms | running loss [36m0.011371[0m | [36m3409465[0m pos/sec | total time [36m493.1[0ms
Estimated time remaining in training: [36m0[0mh [36m6[0mm [36m17[0ms
LR dropped to [36m0.00402[0m
superbatch [36m18[0m [[35m0.0[0m% ([36m0[0m/[36m763[0m batches, [36m3405624[0m pos/sec)]
Estimated time to end of superbatch: [36minf[0ms     [Fsuperbatch [36m18[0m [[35m16.8[0m% ([36m128[0m/[36m763[0m batches, [36m3470770[0m pos/sec)]
Estimated time to end of superbatch: [36m24.2[0ms     [Fsuperbatch [36m18[0m [[35m33.6[0m% ([36m256[0m/[36m763[0m batches, [36m3496897[0m pos/sec)]
Estimated time to end of superbatch: [36m19.1[0ms     [Fsuperbatch [36m18[0m [[35m50.3[0m% ([36m384[0m/[36m763[0m batches, [36m3503417[0m pos/sec)]
Estimated time to end of superbatch: [36m14.2[0ms     [Fsuperbatch [36m18[0m [[35m67.1[0m% ([36m512[0m/[36m763[0m batches, [36m3510741[0m pos/sec)]
Estimated time to end of superbatch: [36m9.4[0ms     [Fsuperbatch [36m18[0m [[35m83.9[0m% ([36m640[0m/[36m763[0m batches, [36m3508110[0m pos/sec)]
Estimated time to end of superbatch: [36m4.6[0ms     [Fsuperbatch [36m18[0m | time [36m28.5[0ms | running loss [36m0.011176[0m | [36m3507851[0m pos/sec | total time [36m521.6[0ms
Estimated time remaining in training: [36m0[0mh [36m5[0mm [36m47[0ms
LR dropped to [36m0.0036933331[0m
superbatch [36m19[0m [[35m0.0[0m% ([36m0[0m/[36m763[0m batches, [36m3301261[0m pos/sec)]
Estimated time to end of superbatch: [36minf[0ms     [Fsuperbatch [36m19[0m [[35m16.8[0m% ([36m128[0m/[36m763[0m batches, [36m3530135[0m pos/sec)]
Estimated time to end of superbatch: [36m23.8[0ms     [Fsuperbatch [36m19[0m [[35m33.6[0m% ([36m256[0m/[36m763[0m batches, [36m3552496[0m pos/sec)]
Estimated time to end of superbatch: [36m18.8[0ms     [Fsuperbatch [36m19[0m [[35m50.3[0m% ([36m384[0m/[36m763[0m batches, [36m3564068[0m pos/sec)]
Estimated time to end of superbatch: [36m14.0[0ms     [Fsuperbatch [36m19[0m [[35m67.1[0m% ([36m512[0m/[36m763[0m batches, [36m3557608[0m pos/sec)]
Estimated time to end of superbatch: [36m9.3[0ms     [Fsuperbatch [36m19[0m [[35m83.9[0m% ([36m640[0m/[36m763[0m batches, [36m3549498[0m pos/sec)]
Estimated time to end of superbatch: [36m4.5[0ms     [Fsuperbatch [36m19[0m | time [36m28.2[0ms | running loss [36m0.011289[0m | [36m3547314[0m pos/sec | total time [36m549.8[0ms
Estimated time remaining in training: [36m0[0mh [36m5[0mm [36m18[0ms
LR dropped to [36m0.0033666664[0m
superbatch [36m20[0m [[35m0.0[0m% ([36m0[0m/[36m763[0m batches, [36m3619989[0m pos/sec)]
Estimated time to end of superbatch: [36minf[0ms     [Fsuperbatch [36m20[0m [[35m16.8[0m% ([36m128[0m/[36m763[0m batches, [36m3536806[0m pos/sec)]
Estimated time to end of superbatch: [36m23.7[0ms     [Fsuperbatch [36m20[0m [[35m33.6[0m% ([36m256[0m/[36m763[0m batches, [36m3540932[0m pos/sec)]
Estimated time to end of superbatch: [36m18.8[0ms     [Fsuperbatch [36m20[0m [[35m50.3[0m% ([36m384[0m/[36m763[0m batches, [36m3546768[0m pos/sec)]
Estimated time to end of superbatch: [36m14.0[0ms     [Fsuperbatch [36m20[0m [[35m67.1[0m% ([36m512[0m/[36m763[0m batches, [36m3535600[0m pos/sec)]
Estimated time to end of superbatch: [36m9.3[0ms     [Fsuperbatch [36m20[0m [[35m83.9[0m% ([36m640[0m/[36m763[0m batches, [36m3530904[0m pos/sec)]
Estimated time to end of superbatch: [36m4.6[0ms     [Fsuperbatch [36m20[0m | time [36m28.4[0ms | running loss [36m0.011096[0m | [36m3526118[0m pos/sec | total time [36m578.2[0ms
Estimated time remaining in training: [36m0[0mh [36m4[0mm [36m49[0ms
Saved [anna-v5-s0-20]
LR dropped to [36m0.0030399999[0m
superbatch [36m21[0m [[35m0.0[0m% ([36m0[0m/[36m763[0m batches, [36m3284073[0m pos/sec)]
Estimated time to end of superbatch: [36minf[0ms     [Fsuperbatch [36m21[0m [[35m16.8[0m% ([36m128[0m/[36m763[0m batches, [36m3491350[0m pos/sec)]
Estimated time to end of superbatch: [36m24.0[0ms     [Fsuperbatch [36m21[0m [[35m33.6[0m% ([36m256[0m/[36m763[0m batches, [36m3492438[0m pos/sec)]
Estimated time to end of superbatch: [36m19.1[0ms     [Fsuperbatch [36m21[0m [[35m50.3[0m% ([36m384[0m/[36m763[0m batches, [36m3510930[0m pos/sec)]
Estimated time to end of superbatch: [36m14.2[0ms     [Fsuperbatch [36m21[0m [[35m67.1[0m% ([36m512[0m/[36m763[0m batches, [36m3528311[0m pos/sec)]
Estimated time to end of superbatch: [36m9.3[0ms     [Fsuperbatch [36m21[0m [[35m83.9[0m% ([36m640[0m/[36m763[0m batches, [36m3523391[0m pos/sec)]
Estimated time to end of superbatch: [36m4.6[0ms     [Fsuperbatch [36m21[0m | time [36m28.4[0ms | running loss [36m0.011174[0m | [36m3520482[0m pos/sec | total time [36m609.6[0ms
Estimated time remaining in training: [36m0[0mh [36m4[0mm [36m21[0ms
LR dropped to [36m0.0027133331[0m
superbatch [36m22[0m [[35m0.0[0m% ([36m0[0m/[36m763[0m batches, [36m3700484[0m pos/sec)]
Estimated time to end of superbatch: [36minf[0ms     [Fsuperbatch [36m22[0m [[35m16.8[0m% ([36m128[0m/[36m763[0m batches, [36m3533406[0m pos/sec)]
Estimated time to end of superbatch: [36m23.7[0ms     [Fsuperbatch [36m22[0m [[35m33.6[0m% ([36m256[0m/[36m763[0m batches, [36m3531816[0m pos/sec)]
Estimated time to end of superbatch: [36m18.9[0ms     [Fsuperbatch [36m22[0m [[35m50.3[0m% ([36m384[0m/[36m763[0m batches, [36m3524026[0m pos/sec)]
Estimated time to end of superbatch: [36m14.1[0ms     [Fsuperbatch [36m22[0m [[35m67.1[0m% ([36m512[0m/[36m763[0m batches, [36m3522474[0m pos/sec)]
Estimated time to end of superbatch: [36m9.4[0ms     [Fsuperbatch [36m22[0m [[35m83.9[0m% ([36m640[0m/[36m763[0m batches, [36m3524224[0m pos/sec)]
Estimated time to end of superbatch: [36m4.6[0ms     [Fsuperbatch [36m22[0m | time [36m28.4[0ms | running loss [36m0.011006[0m | [36m3522969[0m pos/sec | total time [36m638.0[0ms
Estimated time remaining in training: [36m0[0mh [36m3[0mm [36m52[0ms
LR dropped to [36m0.0023866664[0m
superbatch [36m23[0m [[35m0.0[0m% ([36m0[0m/[36m763[0m batches, [36m3504642[0m pos/sec)]
Estimated time to end of superbatch: [36minf[0ms     [Fsuperbatch [36m23[0m [[35m16.8[0m% ([36m128[0m/[36m763[0m batches, [36m3523363[0m pos/sec)]
Estimated time to end of superbatch: [36m23.8[0ms     [Fsuperbatch [36m23[0m [[35m33.6[0m% ([36m256[0m/[36m763[0m batches, [36m3551414[0m pos/sec)]
Estimated time to end of superbatch: [36m18.8[0ms     [Fsuperbatch [36m23[0m [[35m50.3[0m% ([36m384[0m/[36m763[0m batches, [36m3557739[0m pos/sec)]
Estimated time to end of superbatch: [36m14.0[0ms     [Fsuperbatch [36m23[0m [[35m67.1[0m% ([36m512[0m/[36m763[0m batches, [36m3555812[0m pos/sec)]
Estimated time to end of superbatch: [36m9.3[0ms     [Fsuperbatch [36m23[0m [[35m83.9[0m% ([36m640[0m/[36m763[0m batches, [36m3559048[0m pos/sec)]
Estimated time to end of superbatch: [36m4.5[0ms     [Fsuperbatch [36m23[0m | time [36m28.1[0ms | running loss [36m0.011004[0m | [36m3564724[0m pos/sec | total time [36m666.1[0ms
Estimated time remaining in training: [36m0[0mh [36m3[0mm [36m22[0ms
LR dropped to [36m0.0020599996[0m
superbatch [36m24[0m [[35m0.0[0m% ([36m0[0m/[36m763[0m batches, [36m3566066[0m pos/sec)]
Estimated time to end of superbatch: [36minf[0ms     [Fsuperbatch [36m24[0m [[35m16.8[0m% ([36m128[0m/[36m763[0m batches, [36m3498812[0m pos/sec)]
Estimated time to end of superbatch: [36m24.0[0ms     [Fsuperbatch [36m24[0m [[35m33.6[0m% ([36m256[0m/[36m763[0m batches, [36m3518273[0m pos/sec)]
Estimated time to end of superbatch: [36m19.0[0ms     [Fsuperbatch [36m24[0m [[35m50.3[0m% ([36m384[0m/[36m763[0m batches, [36m3512504[0m pos/sec)]
Estimated time to end of superbatch: [36m14.2[0ms     [Fsuperbatch [36m24[0m [[35m67.1[0m% ([36m512[0m/[36m763[0m batches, [36m3505042[0m pos/sec)]
Estimated time to end of superbatch: [36m9.4[0ms     [Fsuperbatch [36m24[0m [[35m83.9[0m% ([36m640[0m/[36m763[0m batches, [36m3507122[0m pos/sec)]
Estimated time to end of superbatch: [36m4.6[0ms     [Fsuperbatch [36m24[0m | time [36m28.5[0ms | running loss [36m0.010865[0m | [36m3509256[0m pos/sec | total time [36m694.6[0ms
Estimated time remaining in training: [36m0[0mh [36m2[0mm [36m53[0ms
LR dropped to [36m0.0017333331[0m
superbatch [36m25[0m [[35m0.0[0m% ([36m0[0m/[36m763[0m batches, [36m3578387[0m pos/sec)]
Estimated time to end of superbatch: [36minf[0ms     [Fsuperbatch [36m25[0m [[35m16.8[0m% ([36m128[0m/[36m763[0m batches, [36m3515586[0m pos/sec)]
Estimated time to end of superbatch: [36m23.9[0ms     [Fsuperbatch [36m25[0m [[35m33.6[0m% ([36m256[0m/[36m763[0m batches, [36m3507555[0m pos/sec)]
Estimated time to end of superbatch: [36m19.0[0ms     [Fsuperbatch [36m25[0m [[35m50.3[0m% ([36m384[0m/[36m763[0m batches, [36m3510580[0m pos/sec)]
Estimated time to end of superbatch: [36m14.2[0ms     [Fsuperbatch [36m25[0m [[35m67.1[0m% ([36m512[0m/[36m763[0m batches, [36m3511324[0m pos/sec)]
Estimated time to end of superbatch: [36m9.4[0ms     [Fsuperbatch [36m25[0m [[35m83.9[0m% ([36m640[0m/[36m763[0m batches, [36m3509149[0m pos/sec)]
Estimated time to end of superbatch: [36m4.6[0ms     [Fsuperbatch [36m25[0m | time [36m28.5[0ms | running loss [36m0.010864[0m | [36m3506613[0m pos/sec | total time [36m723.1[0ms
Estimated time remaining in training: [36m0[0mh [36m2[0mm [36m24[0ms
LR dropped to [36m0.0014066664[0m
superbatch [36m26[0m [[35m0.0[0m% ([36m0[0m/[36m763[0m batches, [36m3540928[0m pos/sec)]
Estimated time to end of superbatch: [36minf[0ms     [Fsuperbatch [36m26[0m [[35m16.8[0m% ([36m128[0m/[36m763[0m batches, [36m3528515[0m pos/sec)]
Estimated time to end of superbatch: [36m23.8[0ms     [Fsuperbatch [36m26[0m [[35m33.6[0m% ([36m256[0m/[36m763[0m batches, [36m3533048[0m pos/sec)]
Estimated time to end of superbatch: [36m18.9[0ms     [Fsuperbatch [36m26[0m [[35m50.3[0m% ([36m384[0m/[36m763[0m batches, [36m3533704[0m pos/sec)]
Estimated time to end of superbatch: [36m14.1[0ms     [Fsuperbatch [36m26[0m [[35m67.1[0m% ([36m512[0m/[36m763[0m batches, [36m3529045[0m pos/sec)]
Estimated time to end of superbatch: [36m9.3[0ms     [Fsuperbatch [36m26[0m [[35m83.9[0m% ([36m640[0m/[36m763[0m batches, [36m3524842[0m pos/sec)]
Estimated time to end of superbatch: [36m4.6[0ms     [Fsuperbatch [36m26[0m | time [36m28.4[0ms | running loss [36m0.010802[0m | [36m3526552[0m pos/sec | total time [36m751.4[0ms
Estimated time remaining in training: [36m0[0mh [36m1[0mm [36m55[0ms
LR dropped to [36m0.0010799998[0m
superbatch [36m27[0m [[35m0.0[0m% ([36m0[0m/[36m763[0m batches, [36m3463052[0m pos/sec)]
Estimated time to end of superbatch: [36minf[0ms     [Fsuperbatch [36m27[0m [[35m16.8[0m% ([36m128[0m/[36m763[0m batches, [36m3529125[0m pos/sec)]
Estimated time to end of superbatch: [36m23.8[0ms     [Fsuperbatch [36m27[0m [[35m33.6[0m% ([36m256[0m/[36m763[0m batches, [36m3540757[0m pos/sec)]
Estimated time to end of superbatch: [36m18.8[0ms     [Fsuperbatch [36m27[0m [[35m50.3[0m% ([36m384[0m/[36m763[0m batches, [36m3557170[0m pos/sec)]
Estimated time to end of superbatch: [36m14.0[0ms     [Fsuperbatch [36m27[0m [[35m67.1[0m% ([36m512[0m/[36m763[0m batches, [36m3569740[0m pos/sec)]
Estimated time to end of superbatch: [36m9.2[0ms     [Fsuperbatch [36m27[0m [[35m83.9[0m% ([36m640[0m/[36m763[0m batches, [36m3555846[0m pos/sec)]
Estimated time to end of superbatch: [36m4.5[0ms     [Fsuperbatch [36m27[0m | time [36m28.2[0ms | running loss [36m0.010817[0m | [36m3550853[0m pos/sec | total time [36m779.6[0ms
Estimated time remaining in training: [36m0[0mh [36m1[0mm [36m26[0ms
LR dropped to [36m0.0007533333[0m
superbatch [36m28[0m [[35m0.0[0m% ([36m0[0m/[36m763[0m batches, [36m3516962[0m pos/sec)]
Estimated time to end of superbatch: [36minf[0ms     [Fsuperbatch [36m28[0m [[35m16.8[0m% ([36m128[0m/[36m763[0m batches, [36m3642809[0m pos/sec)]
Estimated time to end of superbatch: [36m23.0[0ms     [Fsuperbatch [36m28[0m [[35m33.6[0m% ([36m256[0m/[36m763[0m batches, [36m3640576[0m pos/sec)]
Estimated time to end of superbatch: [36m18.3[0ms     [Fsuperbatch [36m28[0m [[35m50.3[0m% ([36m384[0m/[36m763[0m batches, [36m3609316[0m pos/sec)]
Estimated time to end of superbatch: [36m13.8[0ms     [Fsuperbatch [36m28[0m [[35m67.1[0m% ([36m512[0m/[36m763[0m batches, [36m3587799[0m pos/sec)]
Estimated time to end of superbatch: [36m9.2[0ms     [Fsuperbatch [36m28[0m [[35m83.9[0m% ([36m640[0m/[36m763[0m batches, [36m3590004[0m pos/sec)]
Estimated time to end of superbatch: [36m4.5[0ms     [Fsuperbatch [36m28[0m | time [36m27.9[0ms | running loss [36m0.010784[0m | [36m3588018[0m pos/sec | total time [36m807.5[0ms
Estimated time remaining in training: [36m0[0mh [36m0[0mm [36m57[0ms
LR dropped to [36m0.00042666635[0m
superbatch [36m29[0m [[35m0.0[0m% ([36m0[0m/[36m763[0m batches, [36m3653925[0m pos/sec)]
Estimated time to end of superbatch: [36minf[0ms     [Fsuperbatch [36m29[0m [[35m16.8[0m% ([36m128[0m/[36m763[0m batches, [36m3587297[0m pos/sec)]
Estimated time to end of superbatch: [36m23.4[0ms     [Fsuperbatch [36m29[0m [[35m33.6[0m% ([36m256[0m/[36m763[0m batches, [36m3545860[0m pos/sec)]
Estimated time to end of superbatch: [36m18.8[0ms     [Fsuperbatch [36m29[0m [[35m50.3[0m% ([36m384[0m/[36m763[0m batches, [36m3538110[0m pos/sec)]
Estimated time to end of superbatch: [36m14.1[0ms     [Fsuperbatch [36m29[0m [[35m67.1[0m% ([36m512[0m/[36m763[0m batches, [36m3531726[0m pos/sec)]
Estimated time to end of superbatch: [36m9.3[0ms     [Fsuperbatch [36m29[0m [[35m83.9[0m% ([36m640[0m/[36m763[0m batches, [36m3533742[0m pos/sec)]
Estimated time to end of superbatch: [36m4.6[0ms     [Fsuperbatch [36m29[0m | time [36m28.3[0ms | running loss [36m0.010880[0m | [36m3529918[0m pos/sec | total time [36m835.8[0ms
Estimated time remaining in training: [36m0[0mh [36m0[0mm [36m28[0ms
LR dropped to [36m0.0001[0m
superbatch [36m30[0m [[35m0.0[0m% ([36m0[0m/[36m763[0m batches, [36m3694132[0m pos/sec)]
Estimated time to end of superbatch: [36minf[0ms     [Fsuperbatch [36m30[0m [[35m16.8[0m% ([36m128[0m/[36m763[0m batches, [36m3560601[0m pos/sec)]
Estimated time to end of superbatch: [36m23.6[0ms     [Fsuperbatch [36m30[0m [[35m33.6[0m% ([36m256[0m/[36m763[0m batches, [36m3541674[0m pos/sec)]
Estimated time to end of superbatch: [36m18.8[0ms     [Fsuperbatch [36m30[0m [[35m50.3[0m% ([36m384[0m/[36m763[0m batches, [36m3520381[0m pos/sec)]
Estimated time to end of superbatch: [36m14.1[0ms     [Fsuperbatch [36m30[0m [[35m67.1[0m% ([36m512[0m/[36m763[0m batches, [36m3518135[0m pos/sec)]
Estimated time to end of superbatch: [36m9.4[0ms     [Fsuperbatch [36m30[0m [[35m83.9[0m% ([36m640[0m/[36m763[0m batches, [36m3512739[0m pos/sec)]
Estimated time to end of superbatch: [36m4.6[0ms     [Fsuperbatch [36m30[0m | time [36m28.5[0ms | running loss [36m0.011002[0m | [36m3510991[0m pos/sec | total time [36m864.3[0ms
Estimated time remaining in training: [36m0[0mh [36m0[0mm [36m0[0ms
Saved [anna-v5-s0-30]
Total Training Time: [36m0[0mh [36m14[0mm [36m27[0ms
[34;1mTraining on NVIDIA L40S (sm_89)[0m
superbatch [36m1[0m [[35m0.0[0m% ([36m0[0m/[36m763[0m batches, [36m3374954[0m pos/sec)]
Estimated time to end of superbatch: [36minf[0ms     [Fsuperbatch [36m1[0m [[35m16.8[0m% ([36m128[0m/[36m763[0m batches, [36m3492305[0m pos/sec)]
Estimated time to end of superbatch: [36m24.0[0ms     [Fsuperbatch [36m1[0m [[35m33.6[0m% ([36m256[0m/[36m763[0m batches, [36m3512332[0m pos/sec)]
Estimated time to end of superbatch: [36m19.0[0ms     [Fsuperbatch [36m1[0m [[35m50.3[0m% ([36m384[0m/[36m763[0m batches, [36m3542836[0m pos/sec)]
Estimated time to end of superbatch: [36m14.1[0ms     [Fsuperbatch [36m1[0m [[35m67.1[0m% ([36m512[0m/[36m763[0m batches, [36m3542958[0m pos/sec)]
Estimated time to end of superbatch: [36m9.3[0ms     [Fsuperbatch [36m1[0m [[35m83.9[0m% ([36m640[0m/[36m763[0m batches, [36m3520612[0m pos/sec)]
Estimated time to end of superbatch: [36m4.6[0ms     [Fsuperbatch [36m1[0m | time [36m28.3[0ms | running loss [36m0.010711[0m | [36m3535791[0m pos/sec | total time [36m36.1[0ms
Estimated time remaining in training: [36m7[0mh [36m25[0mm [36m0[0ms
LR dropped to [36m0.0009973[0m
superbatch [36m2[0m [[35m0.0[0m% ([36m0[0m/[36m763[0m batches, [36m3423518[0m pos/sec)]
Estimated time to end of superbatch: [36minf[0ms     [Fsuperbatch [36m2[0m [[35m16.8[0m% ([36m128[0m/[36m763[0m batches, [36m3602212[0m pos/sec)]
Estimated time to end of superbatch: [36m23.3[0ms     [Fsuperbatch [36m2[0m [[35m33.6[0m% ([36m256[0m/[36m763[0m batches, [36m3579442[0m pos/sec)]
Estimated time to end of superbatch: [36m18.6[0ms     [Fsuperbatch [36m2[0m [[35m50.3[0m% ([36m384[0m/[36m763[0m batches, [36m3570929[0m pos/sec)]
Estimated time to end of superbatch: [36m13.9[0ms     [Fsuperbatch [36m2[0m [[35m67.1[0m% ([36m512[0m/[36m763[0m batches, [36m3548272[0m pos/sec)]
Estimated time to end of superbatch: [36m9.3[0ms     [Fsuperbatch [36m2[0m [[35m83.9[0m% ([36m640[0m/[36m763[0m batches, [36m3547013[0m pos/sec)]
Estimated time to end of superbatch: [36m4.6[0ms     [Fsuperbatch [36m2[0m | time [36m28.2[0ms | running loss [36m0.010544[0m | [36m3543990[0m pos/sec | total time [36m64.4[0ms
Estimated time remaining in training: [36m6[0mh [36m35[0mm [36m45[0ms
LR dropped to [36m0.0009959501[0m
superbatch [36m3[0m [[35m0.0[0m% ([36m0[0m/[36m763[0m batches, [36m3676236[0m pos/sec)]
Estimated time to end of superbatch: [36minf[0ms     [Fsuperbatch [36m3[0m [[35m16.8[0m% ([36m128[0m/[36m763[0m batches, [36m3604609[0m pos/sec)]
Estimated time to end of superbatch: [36m23.3[0ms     [Fsuperbatch [36m3[0m [[35m33.6[0m% ([36m256[0m/[36m763[0m batches, [36m3532174[0m pos/sec)]
Estimated time to end of superbatch: [36m18.9[0ms     [Fsuperbatch [36m3[0m [[35m50.3[0m% ([36m384[0m/[36m763[0m batches, [36m3508776[0m pos/sec)]
Estimated time to end of superbatch: [36m14.2[0ms     [Fsuperbatch [36m3[0m [[35m67.1[0m% ([36m512[0m/[36m763[0m batches, [36m3508979[0m pos/sec)]
Estimated time to end of superbatch: [36m9.4[0ms     [Fsuperbatch [36m3[0m [[35m83.9[0m% ([36m640[0m/[36m763[0m batches, [36m3508393[0m pos/sec)]
Estimated time to end of superbatch: [36m4.6[0ms     [Fsuperbatch [36m3[0m | time [36m28.5[0ms | running loss [36m0.010692[0m | [36m3507723[0m pos/sec | total time [36m92.9[0ms
Estimated time remaining in training: [36m6[0mh [36m20[0mm [36m12[0ms
LR dropped to [36m0.0009946[0m
superbatch [36m4[0m [[35m0.0[0m% ([36m0[0m/[36m763[0m batches, [36m3206691[0m pos/sec)]
Estimated time to end of superbatch: [36minf[0ms     [Fsuperbatch [36m4[0m [[35m16.8[0m% ([36m128[0m/[36m763[0m batches, [36m3498470[0m pos/sec)]
Estimated time to end of superbatch: [36m24.0[0ms     [Fsuperbatch [36m4[0m [[35m33.6[0m% ([36m256[0m/[36m763[0m batches, [36m3500180[0m pos/sec)]
Estimated time to end of superbatch: [36m19.1[0ms     [Fsuperbatch [36m4[0m [[35m50.3[0m% ([36m384[0m/[36m763[0m batches, [36m3483949[0m pos/sec)]
Estimated time to end of superbatch: [36m14.3[0ms     [Fsuperbatch [36m4[0m [[35m67.1[0m% ([36m512[0m/[36m763[0m batches, [36m3505850[0m pos/sec)]
Estimated time to end of superbatch: [36m9.4[0ms     [Fsuperbatch [36m4[0m [[35m83.9[0m% ([36m640[0m/[36m763[0m batches, [36m3504946[0m pos/sec)]
Estimated time to end of superbatch: [36m4.6[0ms     [Fsuperbatch [36m4[0m | time [36m28.5[0ms | running loss [36m0.010474[0m | [36m3505743[0m pos/sec | total time [36m121.4[0ms
Estimated time remaining in training: [36m6[0mh [36m12[0mm [36m15[0ms
LR dropped to [36m0.00099325[0m
superbatch [36m5[0m [[35m0.0[0m% ([36m0[0m/[36m763[0m batches, [36m3597976[0m pos/sec)]
Estimated time to end of superbatch: [36minf[0ms     [Fsuperbatch [36m5[0m [[35m16.8[0m% ([36m128[0m/[36m763[0m batches, [36m3492956[0m pos/sec)]
Estimated time to end of superbatch: [36m24.0[0ms     [Fsuperbatch [36m5[0m [[35m33.6[0m% ([36m256[0m/[36m763[0m batches, [36m3480082[0m pos/sec)]
Estimated time to end of superbatch: [36m19.2[0ms     [Fsuperbatch [36m5[0m [[35m50.3[0m% ([36m384[0m/[36m763[0m batches, [36m3491592[0m pos/sec)]
Estimated time to end of superbatch: [36m14.3[0ms     [Fsuperbatch [36m5[0m [[35m67.1[0m% ([36m512[0m/[36m763[0m batches, [36m3503976[0m pos/sec)]
Estimated time to end of superbatch: [36m9.4[0ms     [Fsuperbatch [36m5[0m [[35m83.9[0m% ([36m640[0m/[36m763[0m batches, [36m3513230[0m pos/sec)]
Estimated time to end of superbatch: [36m4.6[0ms     [Fsuperbatch [36m5[0m | time [36m28.4[0ms | running loss [36m0.010594[0m | [36m3519180[0m pos/sec | total time [36m149.8[0ms
Estimated time remaining in training: [36m6[0mh [36m7[0mm [36m1[0ms
LR dropped to [36m0.0009919001[0m
superbatch [36m6[0m [[35m0.0[0m% ([36m0[0m/[36m763[0m batches, [36m3733520[0m pos/sec)]
Estimated time to end of superbatch: [36minf[0ms     [Fsuperbatch [36m6[0m [[35m16.8[0m% ([36m128[0m/[36m763[0m batches, [36m3497558[0m pos/sec)]
Estimated time to end of superbatch: [36m24.0[0ms     [Fsuperbatch [36m6[0m [[35m33.6[0m% ([36m256[0m/[36m763[0m batches, [36m3507378[0m pos/sec)]
Estimated time to end of superbatch: [36m19.0[0ms     [Fsuperbatch [36m6[0m [[35m50.3[0m% ([36m384[0m/[36m763[0m batches, [36m3505158[0m pos/sec)]
Estimated time to end of superbatch: [36m14.2[0ms     [Fsuperbatch [36m6[0m [[35m67.1[0m% ([36m512[0m/[36m763[0m batches, [36m3502548[0m pos/sec)]
Estimated time to end of superbatch: [36m9.4[0ms     [Fsuperbatch [36m6[0m [[35m83.9[0m% ([36m640[0m/[36m763[0m batches, [36m3495342[0m pos/sec)]
Estimated time to end of superbatch: [36m4.6[0ms     [Fsuperbatch [36m6[0m | time [36m28.6[0ms | running loss [36m0.010415[0m | [36m3490846[0m pos/sec | total time [36m178.5[0ms
Estimated time remaining in training: [36m6[0mh [36m3[0mm [36m50[0ms
LR dropped to [36m0.00099055[0m
superbatch [36m7[0m [[35m0.0[0m% ([36m0[0m/[36m763[0m batches, [36m3549412[0m pos/sec)]
Estimated time to end of superbatch: [36minf[0ms     [Fsuperbatch [36m7[0m [[35m16.8[0m% ([36m128[0m/[36m763[0m batches, [36m3490434[0m pos/sec)]
Estimated time to end of superbatch: [36m24.0[0ms     [Fsuperbatch [36m7[0m [[35m33.6[0m% ([36m256[0m/[36m763[0m batches, [36m3508635[0m pos/sec)]
Estimated time to end of superbatch: [36m19.0[0ms     [Fsuperbatch [36m7[0m [[35m50.3[0m% ([36m384[0m/[36m763[0m batches, [36m3511931[0m pos/sec)]
Estimated time to end of superbatch: [36m14.2[0ms     [Fsuperbatch [36m7[0m [[35m67.1[0m% ([36m512[0m/[36m763[0m batches, [36m3507260[0m pos/sec)]
Estimated time to end of superbatch: [36m9.4[0ms     [Fsuperbatch [36m7[0m [[35m83.9[0m% ([36m640[0m/[36m763[0m batches, [36m3501336[0m pos/sec)]
Estimated time to end of superbatch: [36m4.6[0ms     [Fsuperbatch [36m7[0m | time [36m28.6[0ms | running loss [36m0.010518[0m | [36m3499369[0m pos/sec | total time [36m207.0[0ms
Estimated time remaining in training: [36m6[0mh [36m1[0mm [36m19[0ms
LR dropped to [36m0.0009892001[0m
superbatch [36m8[0m [[35m0.0[0m% ([36m0[0m/[36m763[0m batches, [36m3426956[0m pos/sec)]
Estimated time to end of superbatch: [36minf[0ms     [Fsuperbatch [36m8[0m [[35m16.8[0m% ([36m128[0m/[36m763[0m batches, [36m3515459[0m pos/sec)]
Estimated time to end of superbatch: [36m23.9[0ms     [Fsuperbatch [36m8[0m [[35m33.6[0m% ([36m256[0m/[36m763[0m batches, [36m3507304[0m pos/sec)]
Estimated time to end of superbatch: [36m19.0[0ms     [Fsuperbatch [36m8[0m [[35m50.3[0m% ([36m384[0m/[36m763[0m batches, [36m3495246[0m pos/sec)]
Estimated time to end of superbatch: [36m14.2[0ms     [Fsuperbatch [36m8[0m [[35m67.1[0m% ([36m512[0m/[36m763[0m batches, [36m3498940[0m pos/sec)]
Estimated time to end of superbatch: [36m9.4[0ms     [Fsuperbatch [36m8[0m [[35m83.9[0m% ([36m640[0m/[36m763[0m batches, [36m3489859[0m pos/sec)]
Estimated time to end of superbatch: [36m4.6[0ms     [Fsuperbatch [36m8[0m | time [36m28.7[0ms | running loss [36m0.010339[0m | [36m3489632[0m pos/sec | total time [36m235.7[0ms
Estimated time remaining in training: [36m5[0mh [36m59[0mm [36m25[0ms
LR dropped to [36m0.00098785[0m
superbatch [36m9[0m [[35m0.0[0m% ([36m0[0m/[36m763[0m batches, [36m3431926[0m pos/sec)]
Estimated time to end of superbatch: [36minf[0ms     [Fsuperbatch [36m9[0m [[35m16.8[0m% ([36m128[0m/[36m763[0m batches, [36m3496616[0m pos/sec)]
Estimated time to end of superbatch: [36m24.0[0ms     [Fsuperbatch [36m9[0m [[35m33.6[0m% ([36m256[0m/[36m763[0m batches, [36m3477531[0m pos/sec)]
Estimated time to end of superbatch: [36m19.2[0ms     [Fsuperbatch [36m9[0m [[35m50.3[0m% ([36m384[0m/[36m763[0m batches, [36m3477186[0m pos/sec)]
Estimated time to end of superbatch: [36m14.3[0ms     [Fsuperbatch [36m9[0m [[35m67.1[0m% ([36m512[0m/[36m763[0m batches, [36m3469986[0m pos/sec)]
Estimated time to end of superbatch: [36m9.5[0ms     [Fsuperbatch [36m9[0m [[35m83.9[0m% ([36m640[0m/[36m763[0m batches, [36m3478774[0m pos/sec)]
Estimated time to end of superbatch: [36m4.6[0ms     [Fsuperbatch [36m9[0m | time [36m28.7[0ms | running loss [36m0.010469[0m | [36m3487742[0m pos/sec | total time [36m264.4[0ms
Estimated time remaining in training: [36m5[0mh [36m57[0mm [36m52[0ms
LR dropped to [36m0.0009865001[0m
superbatch [36m10[0m [[35m0.0[0m% ([36m0[0m/[36m763[0m batches, [36m3842796[0m pos/sec)]
Estimated time to end of superbatch: [36minf[0ms     [Fsuperbatch [36m10[0m [[35m16.8[0m% ([36m128[0m/[36m763[0m batches, [36m3489741[0m pos/sec)]
Estimated time to end of superbatch: [36m24.0[0ms     [Fsuperbatch [36m10[0m [[35m33.6[0m% ([36m256[0m/[36m763[0m batches, [36m3479806[0m pos/sec)]
Estimated time to end of superbatch: [36m19.2[0ms     [Fsuperbatch [36m10[0m [[35m50.3[0m% ([36m384[0m/[36m763[0m batches, [36m3476197[0m pos/sec)]
Estimated time to end of superbatch: [36m14.3[0ms     [Fsuperbatch [36m10[0m [[35m67.1[0m% ([36m512[0m/[36m763[0m batches, [36m3472999[0m pos/sec)]
Estimated time to end of superbatch: [36m9.5[0ms     [Fsuperbatch [36m10[0m [[35m83.9[0m% ([36m640[0m/[36m763[0m batches, [36m3477005[0m pos/sec)]
Estimated time to end of superbatch: [36m4.6[0ms     [Fsuperbatch [36m10[0m | time [36m28.7[0ms | running loss [36m0.010302[0m | [36m3478712[0m pos/sec | total time [36m293.1[0ms
Estimated time remaining in training: [36m5[0mh [36m56[0mm [36m37[0ms
Saved [anna-v5-s1-10]
LR dropped to [36m0.00098515[0m
superbatch [36m11[0m [[35m0.0[0m% ([36m0[0m/[36m763[0m batches, [36m3661940[0m pos/sec)]
Estimated time to end of superbatch: [36minf[0ms     [Fsuperbatch [36m11[0m [[35m16.8[0m% ([36m128[0m/[36m763[0m batches, [36m3444497[0m pos/sec)]
Estimated time to end of superbatch: [36m24.4[0ms     [Fsuperbatch [36m11[0m [[35m33.6[0m% ([36m256[0m/[36m763[0m batches, [36m3470148[0m pos/sec)]
Estimated time to end of superbatch: [36m19.2[0ms     [Fsuperbatch [36m11[0m [[35m50.3[0m% ([36m384[0m/[36m763[0m batches, [36m3482969[0m pos/sec)]
Estimated time to end of superbatch: [36m14.3[0ms     [Fsuperbatch [36m11[0m [[35m67.1[0m% ([36m512[0m/[36m763[0m batches, [36m3484790[0m pos/sec)]
Estimated time to end of superbatch: [36m9.5[0ms     [Fsuperbatch [36m11[0m [[35m83.9[0m% ([36m640[0m/[36m763[0m batches, [36m3495909[0m pos/sec)]
Estimated time to end of superbatch: [36m4.6[0ms     [Fsuperbatch [36m11[0m | time [36m28.6[0ms | running loss [36m0.010398[0m | [36m3500257[0m pos/sec | total time [36m324.7[0ms
Estimated time remaining in training: [36m5[0mh [36m58[0mm [36m41[0ms
LR dropped to [36m0.0009838[0m
superbatch [36m12[0m [[35m0.0[0m% ([36m0[0m/[36m763[0m batches, [36m3331633[0m pos/sec)]
Estimated time to end of superbatch: [36minf[0ms     [Fsuperbatch [36m12[0m [[35m16.8[0m% ([36m128[0m/[36m763[0m batches, [36m3486999[0m pos/sec)]
Estimated time to end of superbatch: [36m24.1[0ms     [Fsuperbatch [36m12[0m [[35m33.6[0m% ([36m256[0m/[36m763[0m batches, [36m3500444[0m pos/sec)]
Estimated time to end of superbatch: [36m19.1[0ms     [Fsuperbatch [36m12[0m [[35m50.3[0m% ([36m384[0m/[36m763[0m batches, [36m3500698[0m pos/sec)]
Estimated time to end of superbatch: [36m14.2[0ms     [Fsuperbatch [36m12[0m [[35m67.1[0m% ([36m512[0m/[36m763[0m batches, [36m3503796[0m pos/sec)]
Estimated time to end of superbatch: [36m9.4[0ms     [Fsuperbatch [36m12[0m [[35m83.9[0m% ([36m640[0m/[36m763[0m batches, [36m3499379[0m pos/sec)]
Estimated time to end of superbatch: [36m4.6[0ms     [Fsuperbatch [36m12[0m | time [36m28.6[0ms | running loss [36m0.010227[0m | [36m3495789[0m pos/sec | total time [36m353.4[0ms
Estimated time remaining in training: [36m5[0mh [36m57[0mm [36m16[0ms
LR dropped to [36m0.0009824501[0m
superbatch [36m13[0m [[35m0.0[0m% ([36m0[0m/[36m763[0m batches, [36m3887267[0m pos/sec)]
Estimated time to end of superbatch: [36minf[0ms     [Fsuperbatch [36m13[0m [[35m16.8[0m% ([36m128[0m/[36m763[0m batches, [36m3437726[0m pos/sec)]
Estimated time to end of superbatch: [36m24.4[0ms     [Fsuperbatch [36m13[0m [[35m33.6[0m% ([36m256[0m/[36m763[0m batches, [36m3450196[0m pos/sec)]
Estimated time to end of superbatch: [36m19.3[0ms     [Fsuperbatch [36m13[0m [[35m50.3[0m% ([36m384[0m/[36m763[0m batches, [36m3445722[0m pos/sec)]
Estimated time to end of superbatch: [36m14.5[0ms     [Fsuperbatch [36m13[0m [[35m67.1[0m% ([36m512[0m/[36m763[0m batches, [36m3456113[0m pos/sec)]
Estimated time to end of superbatch: [36m9.5[0ms     [Fsuperbatch [36m13[0m [[35m83.9[0m% ([36m640[0m/[36m763[0m batches, [36m3458112[0m pos/sec)]
Estimated time to end of superbatch: [36m4.7[0ms     [Fsuperbatch [36m13[0m | time [36m28.9[0ms | running loss [36m0.010319[0m | [36m3461405[0m pos/sec | total time [36m382.2[0ms
Estimated time remaining in training: [36m5[0mh [36m56[0mm [36m16[0ms
LR dropped to [36m0.0009811[0m
superbatch [36m14[0m [[35m0.0[0m% ([36m0[0m/[36m763[0m batches, [36m3947478[0m pos/sec)]
Estimated time to end of superbatch: [36minf[0ms     [Fsuperbatch [36m14[0m [[35m16.8[0m% ([36m128[0m/[36m763[0m batches, [36m3465899[0m pos/sec)]
Estimated time to end of superbatch: [36m24.2[0ms     [Fsuperbatch [36m14[0m [[35m33.6[0m% ([36m256[0m/[36m763[0m batches, [36m3473280[0m pos/sec)]
Estimated time to end of superbatch: [36m19.2[0ms     [Fsuperbatch [36m14[0m [[35m50.3[0m% ([36m384[0m/[36m763[0m batches, [36m3468962[0m pos/sec)]
Estimated time to end of superbatch: [36m14.4[0ms     [Fsuperbatch [36m14[0m [[35m67.1[0m% ([36m512[0m/[36m763[0m batches, [36m3470929[0m pos/sec)]
Estimated time to end of superbatch: [36m9.5[0ms     [Fsuperbatch [36m14[0m [[35m83.9[0m% ([36m640[0m/[36m763[0m batches, [36m3464533[0m pos/sec)]
Estimated time to end of superbatch: [36m4.7[0ms     [Fsuperbatch [36m14[0m | time [36m28.9[0ms | running loss [36m0.010166[0m | [36m3466203[0m pos/sec | total time [36m411.1[0ms
Estimated time remaining in training: [36m5[0mh [36m55[0mm [36m18[0ms
LR dropped to [36m0.0009797501[0m
superbatch [36m15[0m [[35m0.0[0m% ([36m0[0m/[36m763[0m batches, [36m3412495[0m pos/sec)]
Estimated time to end of superbatch: [36minf[0ms     [Fsuperbatch [36m15[0m [[35m16.8[0m% ([36m128[0m/[36m763[0m batches, [36m3499514[0m pos/sec)]
Estimated time to end of superbatch: [36m24.0[0ms     [Fsuperbatch [36m15[0m [[35m33.6[0m% ([36m256[0m/[36m763[0m batches, [36m3485861[0m pos/sec)]
Estimated time to end of superbatch: [36m19.1[0ms     [Fsuperbatch [36m15[0m [[35m50.3[0m% ([36m384[0m/[36m763[0m batches, [36m3494334[0m pos/sec)]
Estimated time to end of superbatch: [36m14.3[0ms     [Fsuperbatch [36m15[0m [[35m67.1[0m% ([36m512[0m/[36m763[0m batches, [36m3490804[0m pos/sec)]
Estimated time to end of superbatch: [36m9.4[0ms     [Fsuperbatch [36m15[0m [[35m83.9[0m% ([36m640[0m/[36m763[0m batches, [36m3487802[0m pos/sec)]
Estimated time to end of superbatch: [36m4.6[0ms     [Fsuperbatch [36m15[0m | time [36m28.7[0ms | running loss [36m0.010243[0m | [36m3489162[0m pos/sec | total time [36m439.8[0ms
Estimated time remaining in training: [36m5[0mh [36m54[0mm [36m15[0ms
LR dropped to [36m0.0009784[0m
superbatch [36m16[0m [[35m0.0[0m% ([36m0[0m/[36m763[0m batches, [36m3687486[0m pos/sec)]
Estimated time to end of superbatch: [36minf[0ms     [Fsuperbatch [36m16[0m [[35m16.8[0m% ([36m128[0m/[36m763[0m batches, [36m3483829[0m pos/sec)]
Estimated time to end of superbatch: [36m24.1[0ms     [Fsuperbatch [36m16[0m [[35m33.6[0m% ([36m256[0m/[36m763[0m batches, [36m3477863[0m pos/sec)]
Estimated time to end of superbatch: [36m19.2[0ms     [Fsuperbatch [36m16[0m [[35m50.3[0m% ([36m384[0m/[36m763[0m batches, [36m3477902[0m pos/sec)]
Estimated time to end of superbatch: [36m14.3[0ms     [Fsuperbatch [36m16[0m [[35m67.1[0m% ([36m512[0m/[36m763[0m batches, [36m3482920[0m pos/sec)]
Estimated time to end of superbatch: [36m9.5[0ms     [Fsuperbatch [36m16[0m [[35m83.9[0m% ([36m640[0m/[36m763[0m batches, [36m3483995[0m pos/sec)]
Estimated time to end of superbatch: [36m4.6[0ms     [Fsuperbatch [36m16[0m | time [36m28.7[0ms | running loss [36m0.010096[0m | [36m3485532[0m pos/sec | total time [36m468.5[0ms
Estimated time remaining in training: [36m5[0mh [36m53[0mm [36m17[0ms
LR dropped to [36m0.00097705[0m
superbatch [36m17[0m [[35m0.0[0m% ([36m0[0m/[36m763[0m batches, [36m3752401[0m pos/sec)]
Estimated time to end of superbatch: [36minf[0ms     [Fsuperbatch [36m17[0m [[35m16.8[0m% ([36m128[0m/[36m763[0m batches, [36m3511336[0m pos/sec)]
Estimated time to end of superbatch: [36m23.9[0ms     [Fsuperbatch [36m17[0m [[35m33.6[0m% ([36m256[0m/[36m763[0m batches, [36m3516892[0m pos/sec)]
Estimated time to end of superbatch: [36m19.0[0ms     [Fsuperbatch [36m17[0m [[35m50.3[0m% ([36m384[0m/[36m763[0m batches, [36m3523579[0m pos/sec)]
Estimated time to end of superbatch: [36m14.1[0ms     [Fsuperbatch [36m17[0m [[35m67.1[0m% ([36m512[0m/[36m763[0m batches, [36m3530346[0m pos/sec)]
Estimated time to end of superbatch: [36m9.3[0ms     [Fsuperbatch [36m17[0m [[35m83.9[0m% ([36m640[0m/[36m763[0m batches, [36m3533615[0m pos/sec)]
Estimated time to end of superbatch: [36m4.6[0ms     [Fsuperbatch [36m17[0m | time [36m28.3[0ms | running loss [36m0.010171[0m | [36m3531651[0m pos/sec | total time [36m496.8[0ms
Estimated time remaining in training: [36m5[0mh [36m52[0mm [36m7[0ms
LR dropped to [36m0.00097570004[0m
superbatch [36m18[0m [[35m0.0[0m% ([36m0[0m/[36m763[0m batches, [36m3164582[0m pos/sec)]
Estimated time to end of superbatch: [36minf[0ms     [Fsuperbatch [36m18[0m [[35m16.8[0m% ([36m128[0m/[36m763[0m batches, [36m3484773[0m pos/sec)]
Estimated time to end of superbatch: [36m24.1[0ms     [Fsuperbatch [36m18[0m [[35m33.6[0m% ([36m256[0m/[36m763[0m batches, [36m3467118[0m pos/sec)]
Estimated time to end of superbatch: [36m19.2[0ms     [Fsuperbatch [36m18[0m [[35m50.3[0m% ([36m384[0m/[36m763[0m batches, [36m3456778[0m pos/sec)]
Estimated time to end of superbatch: [36m14.4[0ms     [Fsuperbatch [36m18[0m [[35m67.1[0m% ([36m512[0m/[36m763[0m batches, [36m3460038[0m pos/sec)]
Estimated time to end of superbatch: [36m9.5[0ms     [Fsuperbatch [36m18[0m [[35m83.9[0m% ([36m640[0m/[36m763[0m batches, [36m3467774[0m pos/sec)]
Estimated time to end of superbatch: [36m4.7[0ms     [Fsuperbatch [36m18[0m | time [36m28.8[0ms | running loss [36m0.010086[0m | [36m3469980[0m pos/sec | total time [36m525.6[0ms
Estimated time remaining in training: [36m5[0mh [36m51[0mm [36m22[0ms
LR dropped to [36m0.00097435[0m
superbatch [36m19[0m [[35m0.0[0m% ([36m0[0m/[36m763[0m batches, [36m3198261[0m pos/sec)]
Estimated time to end of superbatch: [36minf[0ms     [Fsuperbatch [36m19[0m [[35m16.8[0m% ([36m128[0m/[36m763[0m batches, [36m3479488[0m pos/sec)]
Estimated time to end of superbatch: [36m24.1[0ms     [Fsuperbatch [36m19[0m [[35m33.6[0m% ([36m256[0m/[36m763[0m batches, [36m3493739[0m pos/sec)]
Estimated time to end of superbatch: [36m19.1[0ms     [Fsuperbatch [36m19[0m [[35m50.3[0m% ([36m384[0m/[36m763[0m batches, [36m3475547[0m pos/sec)]
Estimated time to end of superbatch: [36m14.3[0ms     [Fsuperbatch [36m19[0m [[35m67.1[0m% ([36m512[0m/[36m763[0m batches, [36m3487359[0m pos/sec)]
Estimated time to end of superbatch: [36m9.5[0ms     [Fsuperbatch [36m19[0m [[35m83.9[0m% ([36m640[0m/[36m763[0m batches, [36m3489907[0m pos/sec)]
Estimated time to end of superbatch: [36m4.6[0ms     [Fsuperbatch [36m19[0m | time [36m28.7[0ms | running loss [36m0.010175[0m | [36m3478673[0m pos/sec | total time [36m554.3[0ms
Estimated time remaining in training: [36m5[0mh [36m50[0mm [36m35[0ms
LR dropped to [36m0.0009730001[0m
superbatch [36m20[0m [[35m0.0[0m% ([36m0[0m/[36m763[0m batches, [36m3176848[0m pos/sec)]
Estimated time to end of superbatch: [36minf[0ms     [Fsuperbatch [36m20[0m [[35m16.8[0m% ([36m128[0m/[36m763[0m batches, [36m3436570[0m pos/sec)]
Estimated time to end of superbatch: [36m24.4[0ms     [Fsuperbatch [36m20[0m [[35m33.6[0m% ([36m256[0m/[36m763[0m batches, [36m3439682[0m pos/sec)]
Estimated time to end of superbatch: [36m19.4[0ms     [Fsuperbatch [36m20[0m [[35m50.3[0m% ([36m384[0m/[36m763[0m batches, [36m3446522[0m pos/sec)]
Estimated time to end of superbatch: [36m14.5[0ms     [Fsuperbatch [36m20[0m [[35m67.1[0m% ([36m512[0m/[36m763[0m batches, [36m3453048[0m pos/sec)]
Estimated time to end of superbatch: [36m9.5[0ms     [Fsuperbatch [36m20[0m [[35m83.9[0m% ([36m640[0m/[36m763[0m batches, [36m3487212[0m pos/sec)]
Estimated time to end of superbatch: [36m4.6[0ms     [Fsuperbatch [36m20[0m | time [36m28.6[0ms | running loss [36m0.010084[0m | [36m3497716[0m pos/sec | total time [36m582.9[0ms
Estimated time remaining in training: [36m5[0mh [36m49[0mm [36m45[0ms
Saved [anna-v5-s1-20]
LR dropped to [36m0.00097165006[0m
superbatch [36m21[0m [[35m0.0[0m% ([36m0[0m/[36m763[0m batches, [36m3254440[0m pos/sec)]
Estimated time to end of superbatch: [36minf[0ms     [Fsuperbatch [36m21[0m [[35m16.8[0m% ([36m128[0m/[36m763[0m batches, [36m3538440[0m pos/sec)]
Estimated time to end of superbatch: [36m23.7[0ms     [Fsuperbatch [36m21[0m [[35m33.6[0m% ([36m256[0m/[36m763[0m batches, [36m3528246[0m pos/sec)]
Estimated time to end of superbatch: [36m18.9[0ms     [Fsuperbatch [36m21[0m [[35m50.3[0m% ([36m384[0m/[36m763[0m batches, [36m3519380[0m pos/sec)]
Estimated time to end of superbatch: [36m14.2[0ms     [Fsuperbatch [36m21[0m [[35m67.1[0m% ([36m512[0m/[36m763[0m batches, [36m3513386[0m pos/sec)]
Estimated time to end of superbatch: [36m9.4[0ms     [Fsuperbatch [36m21[0m [[35m83.9[0m% ([36m640[0m/[36m763[0m batches, [36m3504748[0m pos/sec)]
Estimated time to end of superbatch: [36m4.6[0ms     [Fsuperbatch [36m21[0m | time [36m28.6[0ms | running loss [36m0.010166[0m | [36m3493843[0m pos/sec | total time [36m614.6[0ms
Estimated time remaining in training: [36m5[0mh [36m50[0mm [36m44[0ms
LR dropped to [36m0.00097030005[0m
superbatch [36m22[0m [[35m0.0[0m% ([36m0[0m/[36m763[0m batches, [36m3581451[0m pos/sec)]
Estimated time to end of superbatch: [36minf[0ms     [Fsuperbatch [36m22[0m [[35m16.8[0m% ([36m128[0m/[36m763[0m batches, [36m3542312[0m pos/sec)]
Estimated time to end of superbatch: [36m23.7[0ms     [Fsuperbatch [36m22[0m [[35m33.6[0m% ([36m256[0m/[36m763[0m batches, [36m3535160[0m pos/sec)]
Estimated time to end of superbatch: [36m18.9[0ms     [Fsuperbatch [36m22[0m [[35m50.3[0m% ([36m384[0m/[36m763[0m batches, [36m3537138[0m pos/sec)]
Estimated time to end of superbatch: [36m14.1[0ms     [Fsuperbatch [36m22[0m [[35m67.1[0m% ([36m512[0m/[36m763[0m batches, [36m3529124[0m pos/sec)]
Estimated time to end of superbatch: [36m9.3[0ms     [Fsuperbatch [36m22[0m [[35m83.9[0m% ([36m640[0m/[36m763[0m batches, [36m3524724[0m pos/sec)]
Estimated time to end of superbatch: [36m4.6[0ms     [Fsuperbatch [36m22[0m | time [36m28.4[0ms | running loss [36m0.010096[0m | [36m3517951[0m pos/sec | total time [36m643.1[0ms
Estimated time remaining in training: [36m5[0mh [36m49[0mm [36m47[0ms
LR dropped to [36m0.00096895004[0m
superbatch [36m23[0m [[35m0.0[0m% ([36m0[0m/[36m763[0m batches, [36m3282333[0m pos/sec)]
Estimated time to end of superbatch: [36minf[0ms     [Fsuperbatch [36m23[0m [[35m16.8[0m% ([36m128[0m/[36m763[0m batches, [36m3556145[0m pos/sec)]
Estimated time to end of superbatch: [36m23.6[0ms     [Fsuperbatch [36m23[0m [[35m33.6[0m% ([36m256[0m/[36m763[0m batches, [36m3541064[0m pos/sec)]
Estimated time to end of superbatch: [36m18.8[0ms     [Fsuperbatch [36m23[0m [[35m50.3[0m% ([36m384[0m/[36m763[0m batches, [36m3538200[0m pos/sec)]
Estimated time to end of superbatch: [36m14.1[0ms     [Fsuperbatch [36m23[0m [[35m67.1[0m% ([36m512[0m/[36m763[0m batches, [36m3548069[0m pos/sec)]
Estimated time to end of superbatch: [36m9.3[0ms     [Fsuperbatch [36m23[0m [[35m83.9[0m% ([36m640[0m/[36m763[0m batches, [36m3543248[0m pos/sec)]
Estimated time to end of superbatch: [36m4.6[0ms     [Fsuperbatch [36m23[0m | time [36m28.2[0ms | running loss [36m0.010132[0m | [36m3543495[0m pos/sec | total time [36m671.3[0ms
Estimated time remaining in training: [36m5[0mh [36m48[0mm [36m46[0ms
LR dropped to [36m0.00096760003[0m
superbatch [36m24[0m [[35m0.0[0m% ([36m0[0m/[36m763[0m batches, [36m3906420[0m pos/sec)]
Estimated time to end of superbatch: [36minf[0ms     [Fsuperbatch [36m24[0m [[35m16.8[0m% ([36m128[0m/[36m763[0m batches, [36m3533780[0m pos/sec)]
Estimated time to end of superbatch: [36m23.7[0ms     [Fsuperbatch [36m24[0m [[35m33.6[0m% ([36m256[0m/[36m763[0m batches, [36m3554450[0m pos/sec)]
Estimated time to end of superbatch: [36m18.8[0ms     [Fsuperbatch [36m24[0m [[35m50.3[0m% ([36m384[0m/[36m763[0m batches, [36m3562633[0m pos/sec)]
Estimated time to end of superbatch: [36m14.0[0ms     [Fsuperbatch [36m24[0m [[35m67.1[0m% ([36m512[0m/[36m763[0m batches, [36m3553501[0m pos/sec)]
Estimated time to end of superbatch: [36m9.3[0ms     [Fsuperbatch [36m24[0m [[35m83.9[0m% ([36m640[0m/[36m763[0m batches, [36m3561963[0m pos/sec)]
Estimated time to end of superbatch: [36m4.5[0ms     [Fsuperbatch [36m24[0m | time [36m28.1[0ms | running loss [36m0.010076[0m | [36m3560402[0m pos/sec | total time [36m699.4[0ms
Estimated time remaining in training: [36m5[0mh [36m47[0mm [36m44[0ms
LR dropped to [36m0.00096625[0m
superbatch [36m25[0m [[35m0.0[0m% ([36m0[0m/[36m763[0m batches, [36m3888049[0m pos/sec)]
Estimated time to end of superbatch: [36minf[0ms     [Fsuperbatch [36m25[0m [[35m16.8[0m% ([36m128[0m/[36m763[0m batches, [36m3506888[0m pos/sec)]
Estimated time to end of superbatch: [36m23.9[0ms     [Fsuperbatch [36m25[0m [[35m33.6[0m% ([36m256[0m/[36m763[0m batches, [36m3522118[0m pos/sec)]
Estimated time to end of superbatch: [36m18.9[0ms     [Fsuperbatch [36m25[0m [[35m50.3[0m% ([36m384[0m/[36m763[0m batches, [36m3529538[0m pos/sec)]
Estimated time to end of superbatch: [36m14.1[0ms     [Fsuperbatch [36m25[0m [[35m67.1[0m% ([36m512[0m/[36m763[0m batches, [36m3522272[0m pos/sec)]
Estimated time to end of superbatch: [36m9.4[0ms     [Fsuperbatch [36m25[0m [[35m83.9[0m% ([36m640[0m/[36m763[0m batches, [36m3516966[0m pos/sec)]
Estimated time to end of superbatch: [36m4.6[0ms     [Fsuperbatch [36m25[0m | time [36m28.5[0ms | running loss [36m0.010125[0m | [36m3506523[0m pos/sec | total time [36m727.9[0ms
Estimated time remaining in training: [36m5[0mh [36m46[0mm [36m57[0ms
LR dropped to [36m0.0009649001[0m
superbatch [36m26[0m [[35m0.0[0m% ([36m0[0m/[36m763[0m batches, [36m3311269[0m pos/sec)]
Estimated time to end of superbatch: [36minf[0ms     [Fsuperbatch [36m26[0m [[35m16.8[0m% ([36m128[0m/[36m763[0m batches, [36m3557670[0m pos/sec)]
Estimated time to end of superbatch: [36m23.6[0ms     [Fsuperbatch [36m26[0m [[35m33.6[0m% ([36m256[0m/[36m763[0m batches, [36m3541991[0m pos/sec)]
Estimated time to end of superbatch: [36m18.8[0ms     [Fsuperbatch [36m26[0m [[35m50.3[0m% ([36m384[0m/[36m763[0m batches, [36m3539487[0m pos/sec)]
Estimated time to end of superbatch: [36m14.1[0ms     [Fsuperbatch [36m26[0m [[35m67.1[0m% ([36m512[0m/[36m763[0m batches, [36m3531706[0m pos/sec)]
Estimated time to end of superbatch: [36m9.3[0ms     [Fsuperbatch [36m26[0m [[35m83.9[0m% ([36m640[0m/[36m763[0m batches, [36m3522357[0m pos/sec)]
Estimated time to end of superbatch: [36m4.6[0ms     [Fsuperbatch [36m26[0m | time [36m28.4[0ms | running loss [36m0.010125[0m | [36m3518741[0m pos/sec | total time [36m756.3[0ms
Estimated time remaining in training: [36m5[0mh [36m46[0mm [36m9[0ms
LR dropped to [36m0.00096355006[0m
superbatch [36m27[0m [[35m0.0[0m% ([36m0[0m/[36m763[0m batches, [36m3559942[0m pos/sec)]
Estimated time to end of superbatch: [36minf[0ms     [Fsuperbatch [36m27[0m [[35m16.8[0m% ([36m128[0m/[36m763[0m batches, [36m3513286[0m pos/sec)]
Estimated time to end of superbatch: [36m23.9[0ms     [Fsuperbatch [36m27[0m [[35m33.6[0m% ([36m256[0m/[36m763[0m batches, [36m3524293[0m pos/sec)]
Estimated time to end of superbatch: [36m18.9[0ms     [Fsuperbatch [36m27[0m [[35m50.3[0m% ([36m384[0m/[36m763[0m batches, [36m3485504[0m pos/sec)]
Estimated time to end of superbatch: [36m14.3[0ms     [Fsuperbatch [36m27[0m [[35m67.1[0m% ([36m512[0m/[36m763[0m batches, [36m3489141[0m pos/sec)]
Estimated time to end of superbatch: [36m9.4[0ms     [Fsuperbatch [36m27[0m [[35m83.9[0m% ([36m640[0m/[36m763[0m batches, [36m3490681[0m pos/sec)]
Estimated time to end of superbatch: [36m4.6[0ms     [Fsuperbatch [36m27[0m | time [36m28.6[0ms | running loss [36m0.010185[0m | [36m3494254[0m pos/sec | total time [36m784.9[0ms
Estimated time remaining in training: [36m5[0mh [36m45[0mm [36m28[0ms
LR dropped to [36m0.00096220005[0m
superbatch [36m28[0m [[35m0.0[0m% ([36m0[0m/[36m763[0m batches, [36m3876876[0m pos/sec)]
Estimated time to end of superbatch: [36minf[0ms     [Fsuperbatch [36m28[0m [[35m16.8[0m% ([36m128[0m/[36m763[0m batches, [36m3514114[0m pos/sec)]
Estimated time to end of superbatch: [36m23.9[0ms     [Fsuperbatch [36m28[0m [[35m33.6[0m% ([36m256[0m/[36m763[0m batches, [36m3508083[0m pos/sec)]
Estimated time to end of superbatch: [36m19.0[0ms     [Fsuperbatch [36m28[0m [[35m50.3[0m% ([36m384[0m/[36m763[0m batches, [36m3522504[0m pos/sec)]
Estimated time to end of superbatch: [36m14.1[0ms     [Fsuperbatch [36m28[0m [[35m67.1[0m% ([36m512[0m/[36m763[0m batches, [36m3509508[0m pos/sec)]
Estimated time to end of superbatch: [36m9.4[0ms     [Fsuperbatch [36m28[0m [[35m83.9[0m% ([36m640[0m/[36m763[0m batches, [36m3516586[0m pos/sec)]
Estimated time to end of superbatch: [36m4.6[0ms     [Fsuperbatch [36m28[0m | time [36m28.5[0ms | running loss [36m0.010170[0m | [36m3511636[0m pos/sec | total time [36m813.4[0ms
Estimated time remaining in training: [36m5[0mh [36m44[0mm [36m44[0ms
LR dropped to [36m0.00096085004[0m
superbatch [36m29[0m [[35m0.0[0m% ([36m0[0m/[36m763[0m batches, [36m3614884[0m pos/sec)]
Estimated time to end of superbatch: [36minf[0ms     [Fsuperbatch [36m29[0m [[35m16.8[0m% ([36m128[0m/[36m763[0m batches, [36m3516933[0m pos/sec)]
Estimated time to end of superbatch: [36m23.9[0ms     [Fsuperbatch [36m29[0m [[35m33.6[0m% ([36m256[0m/[36m763[0m batches, [36m3481679[0m pos/sec)]
Estimated time to end of superbatch: [36m19.2[0ms     [Fsuperbatch [36m29[0m [[35m50.3[0m% ([36m384[0m/[36m763[0m batches, [36m3483971[0m pos/sec)]
Estimated time to end of superbatch: [36m14.3[0ms     [Fsuperbatch [36m29[0m [[35m67.1[0m% ([36m512[0m/[36m763[0m batches, [36m3495472[0m pos/sec)]
Estimated time to end of superbatch: [36m9.4[0ms     [Fsuperbatch [36m29[0m [[35m83.9[0m% ([36m640[0m/[36m763[0m batches, [36m3490057[0m pos/sec)]
Estimated time to end of superbatch: [36m4.6[0ms     [Fsuperbatch [36m29[0m | time [36m28.7[0ms | running loss [36m0.010255[0m | [36m3488806[0m pos/sec | total time [36m842.1[0ms
Estimated time remaining in training: [36m5[0mh [36m44[0mm [36m5[0ms
LR dropped to [36m0.00095950003[0m
superbatch [36m30[0m [[35m0.0[0m% ([36m0[0m/[36m763[0m batches, [36m3135523[0m pos/sec)]
Estimated time to end of superbatch: [36minf[0ms     [Fsuperbatch [36m30[0m [[35m16.8[0m% ([36m128[0m/[36m763[0m batches, [36m3541764[0m pos/sec)]
Estimated time to end of superbatch: [36m23.7[0ms     [Fsuperbatch [36m30[0m [[35m33.6[0m% ([36m256[0m/[36m763[0m batches, [36m3530752[0m pos/sec)]
Estimated time to end of superbatch: [36m18.9[0ms     [Fsuperbatch [36m30[0m [[35m50.3[0m% ([36m384[0m/[36m763[0m batches, [36m3521228[0m pos/sec)]
Estimated time to end of superbatch: [36m14.1[0ms     [Fsuperbatch [36m30[0m [[35m67.1[0m% ([36m512[0m/[36m763[0m batches, [36m3516036[0m pos/sec)]
Estimated time to end of superbatch: [36m9.4[0ms     [Fsuperbatch [36m30[0m [[35m83.9[0m% ([36m640[0m/[36m763[0m batches, [36m3505254[0m pos/sec)]
Estimated time to end of superbatch: [36m4.6[0ms     [Fsuperbatch [36m30[0m | time [36m28.5[0ms | running loss [36m0.010270[0m | [36m3509765[0m pos/sec | total time [36m870.6[0ms
Estimated time remaining in training: [36m5[0mh [36m43[0mm [36m23[0ms
Saved [anna-v5-s1-30]
LR dropped to [36m0.00095815[0m
superbatch [36m31[0m [[35m0.0[0m% ([36m0[0m/[36m763[0m batches, [36m3417254[0m pos/sec)]
Estimated time to end of superbatch: [36minf[0ms     [Fsuperbatch [36m31[0m [[35m16.8[0m% ([36m128[0m/[36m763[0m batches, [36m3516696[0m pos/sec)]
Estimated time to end of superbatch: [36m23.9[0ms     [Fsuperbatch [36m31[0m [[35m33.6[0m% ([36m256[0m/[36m763[0m batches, [36m3506440[0m pos/sec)]
Estimated time to end of superbatch: [36m19.0[0ms     [Fsuperbatch [36m31[0m [[35m50.3[0m% ([36m384[0m/[36m763[0m batches, [36m3548278[0m pos/sec)]
Estimated time to end of superbatch: [36m14.0[0ms     [Fsuperbatch [36m31[0m [[35m67.1[0m% ([36m512[0m/[36m763[0m batches, [36m3552730[0m pos/sec)]
Estimated time to end of superbatch: [36m9.3[0ms     [Fsuperbatch [36m31[0m [[35m83.9[0m% ([36m640[0m/[36m763[0m batches, [36m3550947[0m pos/sec)]
Estimated time to end of superbatch: [36m4.5[0ms     [Fsuperbatch [36m31[0m | time [36m28.2[0ms | running loss [36m0.010280[0m | [36m3545278[0m pos/sec | total time [36m901.8[0ms
Estimated time remaining in training: [36m5[0mh [36m43[0mm [36m45[0ms
LR dropped to [36m0.00095680007[0m
superbatch [36m32[0m [[35m0.0[0m% ([36m0[0m/[36m763[0m batches, [36m3573520[0m pos/sec)]
Estimated time to end of superbatch: [36minf[0ms     [Fsuperbatch [36m32[0m [[35m16.8[0m% ([36m128[0m/[36m763[0m batches, [36m3554418[0m pos/sec)]
Estimated time to end of superbatch: [36m23.6[0ms     [Fsuperbatch [36m32[0m [[35m33.6[0m% ([36m256[0m/[36m763[0m batches, [36m3517353[0m pos/sec)]
Estimated time to end of superbatch: [36m19.0[0ms     [Fsuperbatch [36m32[0m [[35m50.3[0m% ([36m384[0m/[36m763[0m batches, [36m3516708[0m pos/sec)]
Estimated time to end of superbatch: [36m14.2[0ms     [Fsuperbatch [36m32[0m [[35m67.1[0m% ([36m512[0m/[36m763[0m batches, [36m3268576[0m pos/sec)]
Estimated time to end of superbatch: [36m10.1[0ms     [Fsuperbatch [36m32[0m [[35m83.9[0m% ([36m640[0m/[36m763[0m batches, [36m3275538[0m pos/sec)]
Estimated time to end of superbatch: [36m4.9[0ms     [Fsuperbatch [36m32[0m | time [36m30.5[0ms | running loss [36m0.010267[0m | [36m3278227[0m pos/sec | total time [36m932.3[0ms
Estimated time remaining in training: [36m5[0mh [36m43[0mm [36m47[0ms
LR dropped to [36m0.00095545006[0m
superbatch [36m33[0m [[35m0.0[0m% ([36m0[0m/[36m763[0m batches, [36m3375070[0m pos/sec)]
Estimated time to end of superbatch: [36minf[0ms     [Fsuperbatch [36m33[0m [[35m16.8[0m% ([36m128[0m/[36m763[0m batches, [36m3492544[0m pos/sec)]
Estimated time to end of superbatch: [36m24.0[0ms     [Fsuperbatch [36m33[0m [[35m33.6[0m% ([36m256[0m/[36m763[0m batches, [36m3500672[0m pos/sec)]
Estimated time to end of superbatch: [36m19.1[0ms     [Fsuperbatch [36m33[0m [[35m50.3[0m% ([36m384[0m/[36m763[0m batches, [36m3508675[0m pos/sec)]
Estimated time to end of superbatch: [36m14.2[0ms     [Fsuperbatch [36m33[0m [[35m67.1[0m% ([36m512[0m/[36m763[0m batches, [36m3503639[0m pos/sec)]
Estimated time to end of superbatch: [36m9.4[0ms     [Fsuperbatch [36m33[0m [[35m83.9[0m% ([36m640[0m/[36m763[0m batches, [36m3498142[0m pos/sec)]
Estimated time to end of superbatch: [36m4.6[0ms     [Fsuperbatch [36m33[0m | time [36m28.6[0ms | running loss [36m0.010077[0m | [36m3497241[0m pos/sec | total time [36m960.9[0ms
Estimated time remaining in training: [36m5[0mh [36m43[0mm [36m7[0ms
LR dropped to [36m0.00095410005[0m
superbatch [36m34[0m [[35m0.0[0m% ([36m0[0m/[36m763[0m batches, [36m3178998[0m pos/sec)]
Estimated time to end of superbatch: [36minf[0ms     [Fsuperbatch [36m34[0m [[35m16.8[0m% ([36m128[0m/[36m763[0m batches, [36m3483150[0m pos/sec)]
Estimated time to end of superbatch: [36m24.1[0ms     [Fsuperbatch [36m34[0m [[35m33.6[0m% ([36m256[0m/[36m763[0m batches, [36m3495014[0m pos/sec)]
Estimated time to end of superbatch: [36m19.1[0ms     [Fsuperbatch [36m34[0m [[35m50.3[0m% ([36m384[0m/[36m763[0m batches, [36m3509526[0m pos/sec)]
Estimated time to end of superbatch: [36m14.2[0ms     [Fsuperbatch [36m34[0m [[35m67.1[0m% ([36m512[0m/[36m763[0m batches, [36m3513176[0m pos/sec)]
Estimated time to end of superbatch: [36m9.4[0ms     [Fsuperbatch [36m34[0m [[35m83.9[0m% ([36m640[0m/[36m763[0m batches, [36m3509405[0m pos/sec)]
Estimated time to end of superbatch: [36m4.6[0ms     [Fsuperbatch [36m34[0m | time [36m28.5[0ms | running loss [36m0.009452[0m | [36m3510594[0m pos/sec | total time [36m989.4[0ms
Estimated time remaining in training: [36m5[0mh [36m42[0mm [36m25[0ms
LR dropped to [36m0.00095275004[0m
superbatch [36m35[0m [[35m0.0[0m% ([36m0[0m/[36m763[0m batches, [36m3181524[0m pos/sec)]
Estimated time to end of superbatch: [36minf[0ms     [Fsuperbatch [36m35[0m [[35m16.8[0m% ([36m128[0m/[36m763[0m batches, [36m3542462[0m pos/sec)]
Estimated time to end of superbatch: [36m23.7[0ms     [Fsuperbatch [36m35[0m [[35m33.6[0m% ([36m256[0m/[36m763[0m batches, [36m3515944[0m pos/sec)]
Estimated time to end of superbatch: [36m19.0[0ms     [Fsuperbatch [36m35[0m [[35m50.3[0m% ([36m384[0m/[36m763[0m batches, [36m3527958[0m pos/sec)]
Estimated time to end of superbatch: [36m14.1[0ms     [Fsuperbatch [36m35[0m [[35m67.1[0m% ([36m512[0m/[36m763[0m batches, [36m3526012[0m pos/sec)]
Estimated time to end of superbatch: [36m9.3[0ms     [Fsuperbatch [36m35[0m [[35m83.9[0m% ([36m640[0m/[36m763[0m batches, [36m3521885[0m pos/sec)]
Estimated time to end of superbatch: [36m4.6[0ms     [Fsuperbatch [36m35[0m | time [36m28.5[0ms | running loss [36m0.009294[0m | [36m3514682[0m pos/sec | total time [36m1017.9[0ms
Estimated time remaining in training: [36m5[0mh [36m41[0mm [36m42[0ms
LR dropped to [36m0.0009514[0m
superbatch [36m36[0m [[35m0.0[0m% ([36m0[0m/[36m763[0m batches, [36m3712625[0m pos/sec)]
Estimated time to end of superbatch: [36minf[0ms     [Fsuperbatch [36m36[0m [[35m16.8[0m% ([36m128[0m/[36m763[0m batches, [36m3494090[0m pos/sec)]
Estimated time to end of superbatch: [36m24.0[0ms     [Fsuperbatch [36m36[0m [[35m33.6[0m% ([36m256[0m/[36m763[0m batches, [36m3489479[0m pos/sec)]
Estimated time to end of superbatch: [36m19.1[0ms     [Fsuperbatch [36m36[0m [[35m50.3[0m% ([36m384[0m/[36m763[0m batches, [36m3492762[0m pos/sec)]
Estimated time to end of superbatch: [36m14.3[0ms     [Fsuperbatch [36m36[0m [[35m67.1[0m% ([36m512[0m/[36m763[0m batches, [36m3492198[0m pos/sec)]
Estimated time to end of superbatch: [36m9.4[0ms     [Fsuperbatch [36m36[0m [[35m83.9[0m% ([36m640[0m/[36m763[0m batches, [36m3501708[0m pos/sec)]
Estimated time to end of superbatch: [36m4.6[0ms     [Fsuperbatch [36m36[0m | time [36m28.5[0ms | running loss [36m0.009282[0m | [36m3506676[0m pos/sec | total time [36m1046.4[0ms
Estimated time remaining in training: [36m5[0mh [36m41[0mm [36m2[0ms
LR dropped to [36m0.0009500501[0m
superbatch [36m37[0m [[35m0.0[0m% ([36m0[0m/[36m763[0m batches, [36m4049065[0m pos/sec)]
Estimated time to end of superbatch: [36minf[0ms     [Fsuperbatch [36m37[0m [[35m16.8[0m% ([36m128[0m/[36m763[0m batches, [36m3518144[0m pos/sec)]
Estimated time to end of superbatch: [36m23.8[0ms     [Fsuperbatch [36m37[0m [[35m33.6[0m% ([36m256[0m/[36m763[0m batches, [36m3511618[0m pos/sec)]
Estimated time to end of superbatch: [36m19.0[0ms     [Fsuperbatch [36m37[0m [[35m50.3[0m% ([36m384[0m/[36m763[0m batches, [36m3529955[0m pos/sec)]
Estimated time to end of superbatch: [36m14.1[0ms     [Fsuperbatch [36m37[0m [[35m67.1[0m% ([36m512[0m/[36m763[0m batches, [36m3533947[0m pos/sec)]
Estimated time to end of superbatch: [36m9.3[0ms     [Fsuperbatch [36m37[0m [[35m83.9[0m% ([36m640[0m/[36m763[0m batches, [36m3532825[0m pos/sec)]
Estimated time to end of superbatch: [36m4.6[0ms     [Fsuperbatch [36m37[0m | time [36m28.3[0ms | running loss [36m0.009172[0m | [36m3529160[0m pos/sec | total time [36m1074.7[0ms
Estimated time remaining in training: [36m5[0mh [36m40[0mm [36m19[0ms
LR dropped to [36m0.00094870006[0m
superbatch [36m38[0m [[35m0.0[0m% ([36m0[0m/[36m763[0m batches, [36m3232970[0m pos/sec)]
Estimated time to end of superbatch: [36minf[0ms     [Fsuperbatch [36m38[0m [[35m16.8[0m% ([36m128[0m/[36m763[0m batches, [36m3499502[0m pos/sec)]
Estimated time to end of superbatch: [36m24.0[0ms     [Fsuperbatch [36m38[0m [[35m33.6[0m% ([36m256[0m/[36m763[0m batches, [36m3499284[0m pos/sec)]
Estimated time to end of superbatch: [36m19.1[0ms     [Fsuperbatch [36m38[0m [[35m50.3[0m% ([36m384[0m/[36m763[0m batches, [36m3497941[0m pos/sec)]
Estimated time to end of superbatch: [36m14.2[0ms     [Fsuperbatch [36m38[0m [[35m67.1[0m% ([36m512[0m/[36m763[0m batches, [36m3496158[0m pos/sec)]
Estimated time to end of superbatch: [36m9.4[0ms     [Fsuperbatch [36m38[0m [[35m83.9[0m% ([36m640[0m/[36m763[0m batches, [36m3499501[0m pos/sec)]
Estimated time to end of superbatch: [36m4.6[0ms     [Fsuperbatch [36m38[0m | time [36m28.6[0ms | running loss [36m0.009219[0m | [36m3498322[0m pos/sec | total time [36m1103.3[0ms
Estimated time remaining in training: [36m5[0mh [36m39[0mm [36m42[0ms
LR dropped to [36m0.00094735005[0m
superbatch [36m39[0m [[35m0.0[0m% ([36m0[0m/[36m763[0m batches, [36m3207280[0m pos/sec)]
Estimated time to end of superbatch: [36minf[0ms     [Fsuperbatch [36m39[0m [[35m16.8[0m% ([36m128[0m/[36m763[0m batches, [36m3533647[0m pos/sec)]
Estimated time to end of superbatch: [36m23.7[0ms     [Fsuperbatch [36m39[0m [[35m33.6[0m% ([36m256[0m/[36m763[0m batches, [36m3515828[0m pos/sec)]
Estimated time to end of superbatch: [36m19.0[0ms     [Fsuperbatch [36m39[0m [[35m50.3[0m% ([36m384[0m/[36m763[0m batches, [36m3508306[0m pos/sec)]
Estimated time to end of superbatch: [36m14.2[0ms     [Fsuperbatch [36m39[0m [[35m67.1[0m% ([36m512[0m/[36m763[0m batches, [36m3511190[0m pos/sec)]
Estimated time to end of superbatch: [36m9.4[0ms     [Fsuperbatch [36m39[0m [[35m83.9[0m% ([36m640[0m/[36m763[0m batches, [36m3515896[0m pos/sec)]
Estimated time to end of superbatch: [36m4.6[0ms     [Fsuperbatch [36m39[0m | time [36m28.5[0ms | running loss [36m0.009094[0m | [36m3511073[0m pos/sec | total time [36m1131.8[0ms
Estimated time remaining in training: [36m5[0mh [36m39[0mm [36m3[0ms
LR dropped to [36m0.00094600004[0m
superbatch [36m40[0m [[35m0.0[0m% ([36m0[0m/[36m763[0m batches, [36m3765579[0m pos/sec)]
Estimated time to end of superbatch: [36minf[0ms     [Fsuperbatch [36m40[0m [[35m16.8[0m% ([36m128[0m/[36m763[0m batches, [36m3524319[0m pos/sec)]
Estimated time to end of superbatch: [36m23.8[0ms     [Fsuperbatch [36m40[0m [[35m33.6[0m% ([36m256[0m/[36m763[0m batches, [36m3531733[0m pos/sec)]
Estimated time to end of superbatch: [36m18.9[0ms     [Fsuperbatch [36m40[0m [[35m50.3[0m% ([36m384[0m/[36m763[0m batches, [36m3517723[0m pos/sec)]
Estimated time to end of superbatch: [36m14.2[0ms     [Fsuperbatch [36m40[0m [[35m67.1[0m% ([36m512[0m/[36m763[0m batches, [36m3515836[0m pos/sec)]
Estimated time to end of superbatch: [36m9.4[0ms     [Fsuperbatch [36m40[0m [[35m83.9[0m% ([36m640[0m/[36m763[0m batches, [36m3513390[0m pos/sec)]
Estimated time to end of superbatch: [36m4.6[0ms     [Fsuperbatch [36m40[0m | time [36m28.4[0ms | running loss [36m0.009162[0m | [36m3518284[0m pos/sec | total time [36m1160.2[0ms
Estimated time remaining in training: [36m5[0mh [36m38[0mm [36m24[0ms
Saved [anna-v5-s1-40]
LR dropped to [36m0.00094465003[0m
superbatch [36m41[0m [[35m0.0[0m% ([36m0[0m/[36m763[0m batches, [36m3615019[0m pos/sec)]
Estimated time to end of superbatch: [36minf[0ms     [Fsuperbatch [36m41[0m [[35m16.8[0m% ([36m128[0m/[36m763[0m batches, [36m3516254[0m pos/sec)]
Estimated time to end of superbatch: [36m23.9[0ms     [Fsuperbatch [36m41[0m [[35m33.6[0m% ([36m256[0m/[36m763[0m batches, [36m3493318[0m pos/sec)]
Estimated time to end of superbatch: [36m19.1[0ms     [Fsuperbatch [36m41[0m [[35m50.3[0m% ([36m384[0m/[36m763[0m batches, [36m3506305[0m pos/sec)]
Estimated time to end of superbatch: [36m14.2[0ms     [Fsuperbatch [36m41[0m [[35m67.1[0m% ([36m512[0m/[36m763[0m batches, [36m3512876[0m pos/sec)]
Estimated time to end of superbatch: [36m9.4[0ms     [Fsuperbatch [36m41[0m [[35m83.9[0m% ([36m640[0m/[36m763[0m batches, [36m3512374[0m pos/sec)]
Estimated time to end of superbatch: [36m4.6[0ms     [Fsuperbatch [36m41[0m | time [36m28.6[0ms | running loss [36m0.009023[0m | [36m3501859[0m pos/sec | total time [36m1191.8[0ms
Estimated time remaining in training: [36m5[0mh [36m38[0mm [36m39[0ms
LR dropped to [36m0.0009433[0m
superbatch [36m42[0m [[35m0.0[0m% ([36m0[0m/[36m763[0m batches, [36m3228977[0m pos/sec)]
Estimated time to end of superbatch: [36minf[0ms     [Fsuperbatch [36m42[0m [[35m16.8[0m% ([36m128[0m/[36m763[0m batches, [36m3545348[0m pos/sec)]
Estimated time to end of superbatch: [36m23.7[0ms     [Fsuperbatch [36m42[0m [[35m33.6[0m% ([36m256[0m/[36m763[0m batches, [36m3549410[0m pos/sec)]
Estimated time to end of superbatch: [36m18.8[0ms     [Fsuperbatch [36m42[0m [[35m50.3[0m% ([36m384[0m/[36m763[0m batches, [36m3566492[0m pos/sec)]
Estimated time to end of superbatch: [36m14.0[0ms     [Fsuperbatch [36m42[0m [[35m67.1[0m% ([36m512[0m/[36m763[0m batches, [36m3570478[0m pos/sec)]
Estimated time to end of superbatch: [36m9.2[0ms     [Fsuperbatch [36m42[0m [[35m83.9[0m% ([36m640[0m/[36m763[0m batches, [36m3561297[0m pos/sec)]
Estimated time to end of superbatch: [36m4.5[0ms     [Fsuperbatch [36m42[0m | time [36m27.9[0ms | running loss [36m0.009136[0m | [36m3578800[0m pos/sec | total time [36m1219.8[0ms
Estimated time remaining in training: [36m5[0mh [36m37[0mm [36m51[0ms
LR dropped to [36m0.0009419501[0m
superbatch [36m43[0m [[35m0.0[0m% ([36m0[0m/[36m763[0m batches, [36m3911656[0m pos/sec)]
Estimated time to end of superbatch: [36minf[0ms     [Fsuperbatch [36m43[0m [[35m16.8[0m% ([36m128[0m/[36m763[0m batches, [36m3519565[0m pos/sec)]
Estimated time to end of superbatch: [36m23.8[0ms     [Fsuperbatch [36m43[0m [[35m33.6[0m% ([36m256[0m/[36m763[0m batches, [36m3540479[0m pos/sec)]
Estimated time to end of superbatch: [36m18.8[0ms     [Fsuperbatch [36m43[0m [[35m50.3[0m% ([36m384[0m/[36m763[0m batches, [36m3541888[0m pos/sec)]
Estimated time to end of superbatch: [36m14.1[0ms     [Fsuperbatch [36m43[0m [[35m67.1[0m% ([36m512[0m/[36m763[0m batches, [36m3548636[0m pos/sec)]
Estimated time to end of superbatch: [36m9.3[0ms     [Fsuperbatch [36m43[0m [[35m83.9[0m% ([36m640[0m/[36m763[0m batches, [36m3563304[0m pos/sec)]
Estimated time to end of superbatch: [36m4.5[0ms     [Fsuperbatch [36m43[0m | time [36m28.0[0ms | running loss [36m0.008989[0m | [36m3566764[0m pos/sec | total time [36m1247.8[0ms
Estimated time remaining in training: [36m5[0mh [36m37[0mm [36m6[0ms
LR dropped to [36m0.00094060006[0m
superbatch [36m44[0m [[35m0.0[0m% ([36m0[0m/[36m763[0m batches, [36m3269501[0m pos/sec)]
Estimated time to end of superbatch: [36minf[0ms     [Fsuperbatch [36m44[0m [[35m16.8[0m% ([36m128[0m/[36m763[0m batches, [36m3512369[0m pos/sec)]
Estimated time to end of superbatch: [36m23.9[0ms     [Fsuperbatch [36m44[0m [[35m33.6[0m% ([36m256[0m/[36m763[0m batches, [36m3572132[0m pos/sec)]
Estimated time to end of superbatch: [36m18.7[0ms     [Fsuperbatch [36m44[0m [[35m50.3[0m% ([36m384[0m/[36m763[0m batches, [36m3563828[0m pos/sec)]
Estimated time to end of superbatch: [36m14.0[0ms     [Fsuperbatch [36m44[0m [[35m67.1[0m% ([36m512[0m/[36m763[0m batches, [36m3566614[0m pos/sec)]
Estimated time to end of superbatch: [36m9.2[0ms     [Fsuperbatch [36m44[0m [[35m83.9[0m% ([36m640[0m/[36m763[0m batches, [36m3563732[0m pos/sec)]
Estimated time to end of superbatch: [36m4.5[0ms     [Fsuperbatch [36m44[0m | time [36m28.1[0ms | running loss [36m0.009115[0m | [36m3559731[0m pos/sec | total time [36m1275.9[0ms
Estimated time remaining in training: [36m5[0mh [36m36[0mm [36m22[0ms
LR dropped to [36m0.00093925005[0m
superbatch [36m45[0m [[35m0.0[0m% ([36m0[0m/[36m763[0m batches, [36m3391141[0m pos/sec)]
Estimated time to end of superbatch: [36minf[0ms     [Fsuperbatch [36m45[0m [[35m16.8[0m% ([36m128[0m/[36m763[0m batches, [36m3577882[0m pos/sec)]
Estimated time to end of superbatch: [36m23.4[0ms     [Fsuperbatch [36m45[0m [[35m33.6[0m% ([36m256[0m/[36m763[0m batches, [36m3554926[0m pos/sec)]
Estimated time to end of superbatch: [36m18.8[0ms     [Fsuperbatch [36m45[0m [[35m50.3[0m% ([36m384[0m/[36m763[0m batches, [36m3539364[0m pos/sec)]
Estimated time to end of superbatch: [36m14.1[0ms     [Fsuperbatch [36m45[0m [[35m67.1[0m% ([36m512[0m/[36m763[0m batches, [36m3537507[0m pos/sec)]
Estimated time to end of superbatch: [36m9.3[0ms     [Fsuperbatch [36m45[0m [[35m83.9[0m% ([36m640[0m/[36m763[0m batches, [36m3547256[0m pos/sec)]
Estimated time to end of superbatch: [36m4.6[0ms     [Fsuperbatch [36m45[0m | time [36m28.2[0ms | running loss [36m0.008941[0m | [36m3549740[0m pos/sec | total time [36m1304.1[0ms
Estimated time remaining in training: [36m5[0mh [36m35[0mm [36m40[0ms
LR dropped to [36m0.00093790004[0m
superbatch [36m46[0m [[35m0.0[0m% ([36m0[0m/[36m763[0m batches, [36m3757043[0m pos/sec)]
Estimated time to end of superbatch: [36minf[0ms     [Fsuperbatch [36m46[0m [[35m16.8[0m% ([36m128[0m/[36m763[0m batches, [36m3556274[0m pos/sec)]
Estimated time to end of superbatch: [36m23.6[0ms     [Fsuperbatch [36m46[0m [[35m33.6[0m% ([36m256[0m/[36m763[0m batches, [36m3550471[0m pos/sec)]
Estimated time to end of superbatch: [36m18.8[0ms     [Fsuperbatch [36m46[0m [[35m50.3[0m% ([36m384[0m/[36m763[0m batches, [36m3543527[0m pos/sec)]
Estimated time to end of superbatch: [36m14.1[0ms     [Fsuperbatch [36m46[0m [[35m67.1[0m% ([36m512[0m/[36m763[0m batches, [36m3536407[0m pos/sec)]
Estimated time to end of superbatch: [36m9.3[0ms     [Fsuperbatch [36m46[0m [[35m83.9[0m% ([36m640[0m/[36m763[0m batches, [36m3536534[0m pos/sec)]
Estimated time to end of superbatch: [36m4.6[0ms     [Fsuperbatch [36m46[0m | time [36m28.2[0ms | running loss [36m0.009099[0m | [36m3548080[0m pos/sec | total time [36m1332.3[0ms
Estimated time remaining in training: [36m5[0mh [36m34[0mm [36m59[0ms
LR dropped to [36m0.00093655003[0m
superbatch [36m47[0m [[35m0.0[0m% ([36m0[0m/[36m763[0m batches, [36m3213758[0m pos/sec)]
Estimated time to end of superbatch: [36minf[0ms     [Fsuperbatch [36m47[0m [[35m16.8[0m% ([36m128[0m/[36m763[0m batches, [36m3602397[0m pos/sec)]
Estimated time to end of superbatch: [36m23.3[0ms     [Fsuperbatch [36m47[0m [[35m33.6[0m% ([36m256[0m/[36m763[0m batches, [36m3586802[0m pos/sec)]
Estimated time to end of superbatch: [36m18.6[0ms     [Fsuperbatch [36m47[0m [[35m50.3[0m% ([36m384[0m/[36m763[0m batches, [36m3579299[0m pos/sec)]
Estimated time to end of superbatch: [36m13.9[0ms     [Fsuperbatch [36m47[0m [[35m67.1[0m% ([36m512[0m/[36m763[0m batches, [36m3572321[0m pos/sec)]
Estimated time to end of superbatch: [36m9.2[0ms     [Fsuperbatch [36m47[0m [[35m83.9[0m% ([36m640[0m/[36m763[0m batches, [36m3558842[0m pos/sec)]
Estimated time to end of superbatch: [36m4.5[0ms     [Fsuperbatch [36m47[0m | time [36m28.0[0ms | running loss [36m0.008890[0m | [36m3566246[0m pos/sec | total time [36m1360.3[0ms
Estimated time remaining in training: [36m5[0mh [36m34[0mm [36m17[0ms
LR dropped to [36m0.0009352[0m
superbatch [36m48[0m [[35m0.0[0m% ([36m0[0m/[36m763[0m batches, [36m3381514[0m pos/sec)]
Estimated time to end of superbatch: [36minf[0ms     [Fsuperbatch [36m48[0m [[35m16.8[0m% ([36m128[0m/[36m763[0m batches, [36m3505989[0m pos/sec)]
Estimated time to end of superbatch: [36m23.9[0ms     [Fsuperbatch [36m48[0m [[35m33.6[0m% ([36m256[0m/[36m763[0m batches, [36m3523042[0m pos/sec)]
Estimated time to end of superbatch: [36m18.9[0ms     [Fsuperbatch [36m48[0m [[35m50.3[0m% ([36m384[0m/[36m763[0m batches, [36m3535204[0m pos/sec)]
Estimated time to end of superbatch: [36m14.1[0ms     [Fsuperbatch [36m48[0m [[35m67.1[0m% ([36m512[0m/[36m763[0m batches, [36m3544382[0m pos/sec)]
Estimated time to end of superbatch: [36m9.3[0ms     [Fsuperbatch [36m48[0m [[35m83.9[0m% ([36m640[0m/[36m763[0m batches, [36m3550842[0m pos/sec)]
Estimated time to end of superbatch: [36m4.5[0ms     [Fsuperbatch [36m48[0m | time [36m28.1[0ms | running loss [36m0.009092[0m | [36m3559362[0m pos/sec | total time [36m1388.4[0ms
Estimated time remaining in training: [36m5[0mh [36m33[0mm [36m36[0ms
LR dropped to [36m0.00093385007[0m
superbatch [36m49[0m [[35m0.0[0m% ([36m0[0m/[36m763[0m batches, [36m4060007[0m pos/sec)]
Estimated time to end of superbatch: [36minf[0ms     [Fsuperbatch [36m49[0m [[35m16.8[0m% ([36m128[0m/[36m763[0m batches, [36m3582068[0m pos/sec)]
Estimated time to end of superbatch: [36m23.4[0ms     [Fsuperbatch [36m49[0m [[35m33.6[0m% ([36m256[0m/[36m763[0m batches, [36m3580134[0m pos/sec)]
Estimated time to end of superbatch: [36m18.6[0ms     [Fsuperbatch [36m49[0m [[35m50.3[0m% ([36m384[0m/[36m763[0m batches, [36m3581164[0m pos/sec)]
Estimated time to end of superbatch: [36m13.9[0ms     [Fsuperbatch [36m49[0m [[35m67.1[0m% ([36m512[0m/[36m763[0m batches, [36m3585952[0m pos/sec)]
Estimated time to end of superbatch: [36m9.2[0ms     [Fsuperbatch [36m49[0m [[35m83.9[0m% ([36m640[0m/[36m763[0m batches, [36m3592205[0m pos/sec)]
Estimated time to end of superbatch: [36m4.5[0ms     [Fsuperbatch [36m49[0m | time [36m28.0[0ms | running loss [36m0.008862[0m | [36m3575508[0m pos/sec | total time [36m1416.4[0ms
Estimated time remaining in training: [36m5[0mh [36m32[0mm [36m53[0ms
LR dropped to [36m0.00093250006[0m
superbatch [36m50[0m [[35m0.0[0m% ([36m0[0m/[36m763[0m batches, [36m3645142[0m pos/sec)]
Estimated time to end of superbatch: [36minf[0ms     [Fsuperbatch [36m50[0m [[35m16.8[0m% ([36m128[0m/[36m763[0m batches, [36m3570296[0m pos/sec)]
Estimated time to end of superbatch: [36m23.5[0ms     [Fsuperbatch [36m50[0m [[35m33.6[0m% ([36m256[0m/[36m763[0m batches, [36m3530052[0m pos/sec)]
Estimated time to end of superbatch: [36m18.9[0ms     [Fsuperbatch [36m50[0m [[35m50.3[0m% ([36m384[0m/[36m763[0m batches, [36m3528721[0m pos/sec)]
Estimated time to end of superbatch: [36m14.1[0ms     [Fsuperbatch [36m50[0m [[35m67.1[0m% ([36m512[0m/[36m763[0m batches, [36m3544625[0m pos/sec)]
Estimated time to end of superbatch: [36m9.3[0ms     [Fsuperbatch [36m50[0m [[35m83.9[0m% ([36m640[0m/[36m763[0m batches, [36m3542666[0m pos/sec)]
Estimated time to end of superbatch: [36m4.6[0ms     [Fsuperbatch [36m50[0m | time [36m28.2[0ms | running loss [36m0.009093[0m | [36m3548508[0m pos/sec | total time [36m1444.6[0ms
Estimated time remaining in training: [36m5[0mh [36m32[0mm [36m14[0ms
Saved [anna-v5-s1-50]
LR dropped to [36m0.00093115005[0m
superbatch [36m51[0m [[35m0.0[0m% ([36m0[0m/[36m763[0m batches, [36m3884950[0m pos/sec)]
Estimated time to end of superbatch: [36minf[0ms     [Fsuperbatch [36m51[0m [[35m16.8[0m% ([36m128[0m/[36m763[0m batches, [36m3522623[0m pos/sec)]
Estimated time to end of superbatch: [36m23.8[0ms     [Fsuperbatch [36m51[0m [[35m33.6[0m% ([36m256[0m/[36m763[0m batches, [36m3517335[0m pos/sec)]
Estimated time to end of superbatch: [36m19.0[0ms     [Fsuperbatch [36m51[0m [[35m50.3[0m% ([36m384[0m/[36m763[0m batches, [36m3525514[0m pos/sec)]
Estimated time to end of superbatch: [36m14.1[0ms     [Fsuperbatch [36m51[0m [[35m67.1[0m% ([36m512[0m/[36m763[0m batches, [36m3521344[0m pos/sec)]
Estimated time to end of superbatch: [36m9.4[0ms     [Fsuperbatch [36m51[0m [[35m83.9[0m% ([36m640[0m/[36m763[0m batches, [36m3514102[0m pos/sec)]
Estimated time to end of superbatch: [36m4.6[0ms     [Fsuperbatch [36m51[0m | time [36m28.5[0ms | running loss [36m0.008831[0m | [36m3509206[0m pos/sec | total time [36m1476.1[0ms
Estimated time remaining in training: [36m5[0mh [36m32[0mm [36m22[0ms
LR dropped to [36m0.00092980004[0m
superbatch [36m52[0m [[35m0.0[0m% ([36m0[0m/[36m763[0m batches, [36m3905378[0m pos/sec)]
Estimated time to end of superbatch: [36minf[0ms     [Fsuperbatch [36m52[0m [[35m16.8[0m% ([36m128[0m/[36m763[0m batches, [36m3502042[0m pos/sec)]
Estimated time to end of superbatch: [36m24.0[0ms     [Fsuperbatch [36m52[0m [[35m33.6[0m% ([36m256[0m/[36m763[0m batches, [36m3522560[0m pos/sec)]
Estimated time to end of superbatch: [36m18.9[0ms     [Fsuperbatch [36m52[0m [[35m50.3[0m% ([36m384[0m/[36m763[0m batches, [36m3519749[0m pos/sec)]
Estimated time to end of superbatch: [36m14.2[0ms     [Fsuperbatch [36m52[0m [[35m67.1[0m% ([36m512[0m/[36m763[0m batches, [36m3534685[0m pos/sec)]
Estimated time to end of superbatch: [36m9.3[0ms     [Fsuperbatch [36m52[0m [[35m83.9[0m% ([36m640[0m/[36m763[0m batches, [36m3543112[0m pos/sec)]
Estimated time to end of superbatch: [36m4.6[0ms     [Fsuperbatch [36m52[0m | time [36m28.2[0ms | running loss [36m0.009091[0m | [36m3544123[0m pos/sec | total time [36m1504.3[0ms
Estimated time remaining in training: [36m5[0mh [36m31[0mm [36m43[0ms
LR dropped to [36m0.00092845[0m
superbatch [36m53[0m [[35m0.0[0m% ([36m0[0m/[36m763[0m batches, [36m3432625[0m pos/sec)]
Estimated time to end of superbatch: [36minf[0ms     [Fsuperbatch [36m53[0m [[35m16.8[0m% ([36m128[0m/[36m763[0m batches, [36m3578674[0m pos/sec)]
Estimated time to end of superbatch: [36m23.4[0ms     [Fsuperbatch [36m53[0m [[35m33.6[0m% ([36m256[0m/[36m763[0m batches, [36m3546063[0m pos/sec)]
Estimated time to end of superbatch: [36m18.8[0ms     [Fsuperbatch [36m53[0m [[35m50.3[0m% ([36m384[0m/[36m763[0m batches, [36m3553313[0m pos/sec)]
Estimated time to end of superbatch: [36m14.0[0ms     [Fsuperbatch [36m53[0m [[35m67.1[0m% ([36m512[0m/[36m763[0m batches, [36m3556466[0m pos/sec)]
Estimated time to end of superbatch: [36m9.3[0ms     [Fsuperbatch [36m53[0m [[35m83.9[0m% ([36m640[0m/[36m763[0m batches, [36m3552732[0m pos/sec)]
Estimated time to end of superbatch: [36m4.5[0ms     [Fsuperbatch [36m53[0m | time [36m28.2[0ms | running loss [36m0.008821[0m | [36m3541596[0m pos/sec | total time [36m1532.6[0ms
Estimated time remaining in training: [36m5[0mh [36m31[0mm [36m5[0ms
LR dropped to [36m0.0009271001[0m
superbatch [36m54[0m [[35m0.0[0m% ([36m0[0m/[36m763[0m batches, [36m3346391[0m pos/sec)]
Estimated time to end of superbatch: [36minf[0ms     [Fsuperbatch [36m54[0m [[35m16.8[0m% ([36m128[0m/[36m763[0m batches, [36m3470248[0m pos/sec)]
Estimated time to end of superbatch: [36m24.2[0ms     [Fsuperbatch [36m54[0m [[35m33.6[0m% ([36m256[0m/[36m763[0m batches, [36m3481861[0m pos/sec)]
Estimated time to end of superbatch: [36m19.2[0ms     [Fsuperbatch [36m54[0m [[35m50.3[0m% ([36m384[0m/[36m763[0m batches, [36m3486913[0m pos/sec)]
Estimated time to end of superbatch: [36m14.3[0ms     [Fsuperbatch [36m54[0m [[35m67.1[0m% ([36m512[0m/[36m763[0m batches, [36m3486782[0m pos/sec)]
Estimated time to end of superbatch: [36m9.5[0ms     [Fsuperbatch [36m54[0m [[35m83.9[0m% ([36m640[0m/[36m763[0m batches, [36m3486118[0m pos/sec)]
Estimated time to end of superbatch: [36m4.6[0ms     [Fsuperbatch [36m54[0m | time [36m28.6[0ms | running loss [36m0.009066[0m | [36m3500941[0m pos/sec | total time [36m1561.2[0ms
Estimated time remaining in training: [36m5[0mh [36m30[0mm [36m32[0ms
LR dropped to [36m0.00092575006[0m
superbatch [36m55[0m [[35m0.0[0m% ([36m0[0m/[36m763[0m batches, [36m3340292[0m pos/sec)]
Estimated time to end of superbatch: [36minf[0ms     [Fsuperbatch [36m55[0m [[35m16.8[0m% ([36m128[0m/[36m763[0m batches, [36m3491359[0m pos/sec)]
Estimated time to end of superbatch: [36m24.0[0ms     [Fsuperbatch [36m55[0m [[35m33.6[0m% ([36m256[0m/[36m763[0m batches, [36m3491760[0m pos/sec)]
Estimated time to end of superbatch: [36m19.1[0ms     [Fsuperbatch [36m55[0m [[35m50.3[0m% ([36m384[0m/[36m763[0m batches, [36m3491137[0m pos/sec)]
Estimated time to end of superbatch: [36m14.3[0ms     [Fsuperbatch [36m55[0m [[35m67.1[0m% ([36m512[0m/[36m763[0m batches, [36m3486218[0m pos/sec)]
Estimated time to end of superbatch: [36m9.5[0ms     [Fsuperbatch [36m55[0m [[35m83.9[0m% ([36m640[0m/[36m763[0m batches, [36m3489508[0m pos/sec)]
Estimated time to end of superbatch: [36m4.6[0ms     [Fsuperbatch [36m55[0m | time [36m28.6[0ms | running loss [36m0.008814[0m | [36m3493858[0m pos/sec | total time [36m1589.8[0ms
Estimated time remaining in training: [36m5[0mh [36m29[0mm [36m59[0ms
LR dropped to [36m0.00092440005[0m
superbatch [36m56[0m [[35m0.0[0m% ([36m0[0m/[36m763[0m batches, [36m3295314[0m pos/sec)]
Estimated time to end of superbatch: [36minf[0ms     [Fsuperbatch [36m56[0m [[35m16.8[0m% ([36m128[0m/[36m763[0m batches, [36m3508932[0m pos/sec)]
Estimated time to end of superbatch: [36m23.9[0ms     [Fsuperbatch [36m56[0m [[35m33.6[0m% ([36m256[0m/[36m763[0m batches, [36m3501595[0m pos/sec)]
Estimated time to end of superbatch: [36m19.1[0ms     [Fsuperbatch [36m56[0m [[35m50.3[0m% ([36m384[0m/[36m763[0m batches, [36m3503432[0m pos/sec)]
Estimated time to end of superbatch: [36m14.2[0ms     [Fsuperbatch [36m56[0m [[35m67.1[0m% ([36m512[0m/[36m763[0m batches, [36m3504712[0m pos/sec)]
Estimated time to end of superbatch: [36m9.4[0ms     [Fsuperbatch [36m56[0m [[35m83.9[0m% ([36m640[0m/[36m763[0m batches, [36m3499804[0m pos/sec)]
Estimated time to end of superbatch: [36m4.6[0ms     [Fsuperbatch [36m56[0m | time [36m28.5[0ms | running loss [36m0.009054[0m | [36m3506700[0m pos/sec | total time [36m1618.3[0ms
Estimated time remaining in training: [36m5[0mh [36m29[0mm [36m26[0ms
LR dropped to [36m0.00092305004[0m
superbatch [36m57[0m [[35m0.0[0m% ([36m0[0m/[36m763[0m batches, [36m3401787[0m pos/sec)]
Estimated time to end of superbatch: [36minf[0ms     [Fsuperbatch [36m57[0m [[35m16.8[0m% ([36m128[0m/[36m763[0m batches, [36m3547566[0m pos/sec)]
Estimated time to end of superbatch: [36m23.6[0ms     [Fsuperbatch [36m57[0m [[35m33.6[0m% ([36m256[0m/[36m763[0m batches, [36m3538938[0m pos/sec)]
Estimated time to end of superbatch: [36m18.9[0ms     [Fsuperbatch [36m57[0m [[35m50.3[0m% ([36m384[0m/[36m763[0m batches, [36m3521098[0m pos/sec)]
Estimated time to end of superbatch: [36m14.1[0ms     [Fsuperbatch [36m57[0m [[35m67.1[0m% ([36m512[0m/[36m763[0m batches, [36m3519596[0m pos/sec)]
Estimated time to end of superbatch: [36m9.4[0ms     [Fsuperbatch [36m57[0m [[35m83.9[0m% ([36m640[0m/[36m763[0m batches, [36m3525516[0m pos/sec)]
Estimated time to end of superbatch: [36m4.6[0ms     [Fsuperbatch [36m57[0m | time [36m28.3[0ms | running loss [36m0.008815[0m | [36m3538753[0m pos/sec | total time [36m1646.6[0ms
Estimated time remaining in training: [36m5[0mh [36m28[0mm [36m49[0ms
LR dropped to [36m0.00092170003[0m
superbatch [36m58[0m [[35m0.0[0m% ([36m0[0m/[36m763[0m batches, [36m3576512[0m pos/sec)]
Estimated time to end of superbatch: [36minf[0ms     [Fsuperbatch [36m58[0m [[35m16.8[0m% ([36m128[0m/[36m763[0m batches, [36m3567604[0m pos/sec)]
Estimated time to end of superbatch: [36m23.5[0ms     [Fsuperbatch [36m58[0m [[35m33.6[0m% ([36m256[0m/[36m763[0m batches, [36m3538919[0m pos/sec)]
Estimated time to end of superbatch: [36m18.9[0ms     [Fsuperbatch [36m58[0m [[35m50.3[0m% ([36m384[0m/[36m763[0m batches, [36m3534373[0m pos/sec)]
Estimated time to end of superbatch: [36m14.1[0ms     [Fsuperbatch [36m58[0m [[35m67.1[0m% ([36m512[0m/[36m763[0m batches, [36m3538926[0m pos/sec)]
Estimated time to end of superbatch: [36m9.3[0ms     [Fsuperbatch [36m58[0m [[35m83.9[0m% ([36m640[0m/[36m763[0m batches, [36m3539568[0m pos/sec)]
Estimated time to end of superbatch: [36m4.6[0ms     [Fsuperbatch [36m58[0m | time [36m28.2[0ms | running loss [36m0.009047[0m | [36m3548601[0m pos/sec | total time [36m1674.7[0ms
Estimated time remaining in training: [36m5[0mh [36m28[0mm [36m12[0ms
LR dropped to [36m0.00092035[0m
superbatch [36m59[0m [[35m0.0[0m% ([36m0[0m/[36m763[0m batches, [36m3592653[0m pos/sec)]
Estimated time to end of superbatch: [36minf[0ms     [Fsuperbatch [36m59[0m [[35m16.8[0m% ([36m128[0m/[36m763[0m batches, [36m3592062[0m pos/sec)]
Estimated time to end of superbatch: [36m23.4[0ms     [Fsuperbatch [36m59[0m [[35m33.6[0m% ([36m256[0m/[36m763[0m batches, [36m3578914[0m pos/sec)]
Estimated time to end of superbatch: [36m18.6[0ms     [Fsuperbatch [36m59[0m [[35m50.3[0m% ([36m384[0m/[36m763[0m batches, [36m3582153[0m pos/sec)]
Estimated time to end of superbatch: [36m13.9[0ms     [Fsuperbatch [36m59[0m [[35m67.1[0m% ([36m512[0m/[36m763[0m batches, [36m3569388[0m pos/sec)]
Estimated time to end of superbatch: [36m9.2[0ms     [Fsuperbatch [36m59[0m [[35m83.9[0m% ([36m640[0m/[36m763[0m batches, [36m3571616[0m pos/sec)]
Estimated time to end of superbatch: [36m4.5[0ms     [Fsuperbatch [36m59[0m | time [36m28.1[0ms | running loss [36m0.008826[0m | [36m3557510[0m pos/sec | total time [36m1702.8[0ms
Estimated time remaining in training: [36m5[0mh [36m27[0mm [36m34[0ms
LR dropped to [36m0.0009190001[0m
superbatch [36m60[0m [[35m0.0[0m% ([36m0[0m/[36m763[0m batches, [36m3335532[0m pos/sec)]
Estimated time to end of superbatch: [36minf[0ms     [Fsuperbatch [36m60[0m [[35m16.8[0m% ([36m128[0m/[36m763[0m batches, [36m3498426[0m pos/sec)]
Estimated time to end of superbatch: [36m24.0[0ms     [Fsuperbatch [36m60[0m [[35m33.6[0m% ([36m256[0m/[36m763[0m batches, [36m3522696[0m pos/sec)]
Estimated time to end of superbatch: [36m18.9[0ms     [Fsuperbatch [36m60[0m [[35m50.3[0m% ([36m384[0m/[36m763[0m batches, [36m3520072[0m pos/sec)]
Estimated time to end of superbatch: [36m14.1[0ms     [Fsuperbatch [36m60[0m [[35m67.1[0m% ([36m512[0m/[36m763[0m batches, [36m3518228[0m pos/sec)]
Estimated time to end of superbatch: [36m9.4[0ms     [Fsuperbatch [36m60[0m [[35m83.9[0m% ([36m640[0m/[36m763[0m batches, [36m3510827[0m pos/sec)]
Estimated time to end of superbatch: [36m4.6[0ms     [Fsuperbatch [36m60[0m | time [36m28.5[0ms | running loss [36m0.009029[0m | [36m3509257[0m pos/sec | total time [36m1731.3[0ms
Estimated time remaining in training: [36m5[0mh [36m27[0mm [36m1[0ms
Saved [anna-v5-s1-60]
LR dropped to [36m0.00091765006[0m
superbatch [36m61[0m [[35m0.0[0m% ([36m0[0m/[36m763[0m batches, [36m3128274[0m pos/sec)]
Estimated time to end of superbatch: [36minf[0ms     [Fsuperbatch [36m61[0m [[35m16.8[0m% ([36m128[0m/[36m763[0m batches, [36m3505942[0m pos/sec)]
Estimated time to end of superbatch: [36m23.9[0ms     [Fsuperbatch [36m61[0m [[35m33.6[0m% ([36m256[0m/[36m763[0m batches, [36m3504078[0m pos/sec)]
Estimated time to end of superbatch: [36m19.0[0ms     [Fsuperbatch [36m61[0m [[35m50.3[0m% ([36m384[0m/[36m763[0m batches, [36m3501017[0m pos/sec)]
Estimated time to end of superbatch: [36m14.2[0ms     [Fsuperbatch [36m61[0m [[35m67.1[0m% ([36m512[0m/[36m763[0m batches, [36m3505200[0m pos/sec)]
Estimated time to end of superbatch: [36m9.4[0ms     [Fsuperbatch [36m61[0m [[35m83.9[0m% ([36m640[0m/[36m763[0m batches, [36m3510857[0m pos/sec)]
Estimated time to end of superbatch: [36m4.6[0ms     [Fsuperbatch [36m61[0m | time [36m28.5[0ms | running loss [36m0.008817[0m | [36m3506112[0m pos/sec | total time [36m1762.9[0ms
Estimated time remaining in training: [36m5[0mh [36m27[0mm [36m3[0ms
LR dropped to [36m0.00091630005[0m
superbatch [36m62[0m [[35m0.0[0m% ([36m0[0m/[36m763[0m batches, [36m3360171[0m pos/sec)]
Estimated time to end of superbatch: [36minf[0ms     [Fsuperbatch [36m62[0m [[35m16.8[0m% ([36m128[0m/[36m763[0m batches, [36m3438387[0m pos/sec)]
Estimated time to end of superbatch: [36m24.4[0ms     [Fsuperbatch [36m62[0m [[35m33.6[0m% ([36m256[0m/[36m763[0m batches, [36m3478118[0m pos/sec)]
Estimated time to end of superbatch: [36m19.2[0ms     [Fsuperbatch [36m62[0m [[35m50.3[0m% ([36m384[0m/[36m763[0m batches, [36m3483896[0m pos/sec)]
Estimated time to end of superbatch: [36m14.3[0ms     [Fsuperbatch [36m62[0m [[35m67.1[0m% ([36m512[0m/[36m763[0m batches, [36m3498534[0m pos/sec)]
Estimated time to end of superbatch: [36m9.4[0ms     [Fsuperbatch [36m62[0m [[35m83.9[0m% ([36m640[0m/[36m763[0m batches, [36m3502749[0m pos/sec)]
Estimated time to end of superbatch: [36m4.6[0ms     [Fsuperbatch [36m62[0m | time [36m28.6[0ms | running loss [36m0.009009[0m | [36m3498376[0m pos/sec | total time [36m1791.5[0ms
Estimated time remaining in training: [36m5[0mh [36m26[0mm [36m31[0ms
LR dropped to [36m0.00091495004[0m
superbatch [36m63[0m [[35m0.0[0m% ([36m0[0m/[36m763[0m batches, [36m3359056[0m pos/sec)]
Estimated time to end of superbatch: [36minf[0ms     [Fsuperbatch [36m63[0m [[35m16.8[0m% ([36m128[0m/[36m763[0m batches, [36m3506551[0m pos/sec)]
Estimated time to end of superbatch: [36m23.9[0ms     [Fsuperbatch [36m63[0m [[35m33.6[0m% ([36m256[0m/[36m763[0m batches, [36m3521114[0m pos/sec)]
Estimated time to end of superbatch: [36m18.9[0ms     [Fsuperbatch [36m63[0m [[35m50.3[0m% ([36m384[0m/[36m763[0m batches, [36m3553311[0m pos/sec)]
Estimated time to end of superbatch: [36m14.0[0ms     [Fsuperbatch [36m63[0m [[35m67.1[0m% ([36m512[0m/[36m763[0m batches, [36m3552928[0m pos/sec)]
Estimated time to end of superbatch: [36m9.3[0ms     [Fsuperbatch [36m63[0m [[35m83.9[0m% ([36m640[0m/[36m763[0m batches, [36m3547422[0m pos/sec)]
Estimated time to end of superbatch: [36m4.6[0ms     [Fsuperbatch [36m63[0m | time [36m28.2[0ms | running loss [36m0.008804[0m | [36m3544714[0m pos/sec | total time [36m1819.7[0ms
Estimated time remaining in training: [36m5[0mh [36m25[0mm [36m54[0ms
LR dropped to [36m0.00091360003[0m
superbatch [36m64[0m [[35m0.0[0m% ([36m0[0m/[36m763[0m batches, [36m3822742[0m pos/sec)]
Estimated time to end of superbatch: [36minf[0ms     [Fsuperbatch [36m64[0m [[35m16.8[0m% ([36m128[0m/[36m763[0m batches, [36m3501046[0m pos/sec)]
Estimated time to end of superbatch: [36m24.0[0ms     [Fsuperbatch [36m64[0m [[35m33.6[0m% ([36m256[0m/[36m763[0m batches, [36m3535777[0m pos/sec)]
Estimated time to end of superbatch: [36m18.9[0ms     [Fsuperbatch [36m64[0m [[35m50.3[0m% ([36m384[0m/[36m763[0m batches, [36m3526247[0m pos/sec)]
Estimated time to end of superbatch: [36m14.1[0ms     [Fsuperbatch [36m64[0m [[35m67.1[0m% ([36m512[0m/[36m763[0m batches, [36m3535979[0m pos/sec)]
Estimated time to end of superbatch: [36m9.3[0ms     [Fsuperbatch [36m64[0m [[35m83.9[0m% ([36m640[0m/[36m763[0m batches, [36m3538138[0m pos/sec)]
Estimated time to end of superbatch: [36m4.6[0ms     [Fsuperbatch [36m64[0m | time [36m28.3[0ms | running loss [36m0.008990[0m | [36m3533520[0m pos/sec | total time [36m1848.0[0ms
Estimated time remaining in training: [36m5[0mh [36m25[0mm [36m19[0ms
LR dropped to [36m0.00091225[0m
superbatch [36m65[0m [[35m0.0[0m% ([36m0[0m/[36m763[0m batches, [36m3614400[0m pos/sec)]
Estimated time to end of superbatch: [36minf[0ms     [Fsuperbatch [36m65[0m [[35m16.8[0m% ([36m128[0m/[36m763[0m batches, [36m3517377[0m pos/sec)]
Estimated time to end of superbatch: [36m23.8[0ms     [Fsuperbatch [36m65[0m [[35m33.6[0m% ([36m256[0m/[36m763[0m batches, [36m3501235[0m pos/sec)]
Estimated time to end of superbatch: [36m19.1[0ms     [Fsuperbatch [36m65[0m [[35m50.3[0m% ([36m384[0m/[36m763[0m batches, [36m3494906[0m pos/sec)]
Estimated time to end of superbatch: [36m14.3[0ms     [Fsuperbatch [36m65[0m [[35m67.1[0m% ([36m512[0m/[36m763[0m batches, [36m3496297[0m pos/sec)]
Estimated time to end of superbatch: [36m9.4[0ms     [Fsuperbatch [36m65[0m [[35m83.9[0m% ([36m640[0m/[36m763[0m batches, [36m3511524[0m pos/sec)]
Estimated time to end of superbatch: [36m4.6[0ms     [Fsuperbatch [36m65[0m | time [36m28.4[0ms | running loss [36m0.008805[0m | [36m3522966[0m pos/sec | total time [36m1876.4[0ms
Estimated time remaining in training: [36m5[0mh [36m24[0mm [36m45[0ms
LR dropped to [36m0.00091090007[0m
superbatch [36m66[0m [[35m0.0[0m% ([36m0[0m/[36m763[0m batches, [36m3646920[0m pos/sec)]
Estimated time to end of superbatch: [36minf[0ms     [Fsuperbatch [36m66[0m [[35m16.8[0m% ([36m128[0m/[36m763[0m batches, [36m3522311[0m pos/sec)]
Estimated time to end of superbatch: [36m23.8[0ms     [Fsuperbatch [36m66[0m [[35m33.6[0m% ([36m256[0m/[36m763[0m batches, [36m3506201[0m pos/sec)]
Estimated time to end of superbatch: [36m19.0[0ms     [Fsuperbatch [36m66[0m [[35m50.3[0m% ([36m384[0m/[36m763[0m batches, [36m3512961[0m pos/sec)]
Estimated time to end of superbatch: [36m14.2[0ms     [Fsuperbatch [36m66[0m [[35m67.1[0m% ([36m512[0m/[36m763[0m batches, [36m3513347[0m pos/sec)]
Estimated time to end of superbatch: [36m9.4[0ms     [Fsuperbatch [36m66[0m [[35m83.9[0m% ([36m640[0m/[36m763[0m batches, [36m3511410[0m pos/sec)]
Estimated time to end of superbatch: [36m4.6[0ms     [Fsuperbatch [36m66[0m | time [36m28.5[0ms | running loss [36m0.008979[0m | [36m3509024[0m pos/sec | total time [36m1904.9[0ms
Estimated time remaining in training: [36m5[0mh [36m24[0mm [36m13[0ms
LR dropped to [36m0.00090955006[0m
superbatch [36m67[0m [[35m0.0[0m% ([36m0[0m/[36m763[0m batches, [36m3619604[0m pos/sec)]
Estimated time to end of superbatch: [36minf[0ms     [Fsuperbatch [36m67[0m [[35m16.8[0m% ([36m128[0m/[36m763[0m batches, [36m3533562[0m pos/sec)]
Estimated time to end of superbatch: [36m23.7[0ms     [Fsuperbatch [36m67[0m [[35m33.6[0m% ([36m256[0m/[36m763[0m batches, [36m3533218[0m pos/sec)]
Estimated time to end of superbatch: [36m18.9[0ms     [Fsuperbatch [36m67[0m [[35m50.3[0m% ([36m384[0m/[36m763[0m batches, [36m3525257[0m pos/sec)]
Estimated time to end of superbatch: [36m14.1[0ms     [Fsuperbatch [36m67[0m [[35m67.1[0m% ([36m512[0m/[36m763[0m batches, [36m3531560[0m pos/sec)]
Estimated time to end of superbatch: [36m9.3[0ms     [Fsuperbatch [36m67[0m [[35m83.9[0m% ([36m640[0m/[36m763[0m batches, [36m3542634[0m pos/sec)]
Estimated time to end of superbatch: [36m4.6[0ms     [Fsuperbatch [36m67[0m | time [36m28.2[0ms | running loss [36m0.008816[0m | [36m3547773[0m pos/sec | total time [36m1933.1[0ms
Estimated time remaining in training: [36m5[0mh [36m23[0mm [36m37[0ms
LR dropped to [36m0.00090820005[0m
superbatch [36m68[0m [[35m0.0[0m% ([36m0[0m/[36m763[0m batches, [36m3339195[0m pos/sec)]
Estimated time to end of superbatch: [36minf[0ms     [Fsuperbatch [36m68[0m [[35m16.8[0m% ([36m128[0m/[36m763[0m batches, [36m3524452[0m pos/sec)]
Estimated time to end of superbatch: [36m23.8[0ms     [Fsuperbatch [36m68[0m [[35m33.6[0m% ([36m256[0m/[36m763[0m batches, [36m3541306[0m pos/sec)]
Estimated time to end of superbatch: [36m18.8[0ms     [Fsuperbatch [36m68[0m [[35m50.3[0m% ([36m384[0m/[36m763[0m batches, [36m3525869[0m pos/sec)]
Estimated time to end of superbatch: [36m14.1[0ms     [Fsuperbatch [36m68[0m [[35m67.1[0m% ([36m512[0m/[36m763[0m batches, [36m3533135[0m pos/sec)]
Estimated time to end of superbatch: [36m9.3[0ms     [Fsuperbatch [36m68[0m [[35m83.9[0m% ([36m640[0m/[36m763[0m batches, [36m3529055[0m pos/sec)]
Estimated time to end of superbatch: [36m4.6[0ms     [Fsuperbatch [36m68[0m | time [36m28.4[0ms | running loss [36m0.008987[0m | [36m3520780[0m pos/sec | total time [36m1961.5[0ms
Estimated time remaining in training: [36m5[0mh [36m23[0mm [36m4[0ms
LR dropped to [36m0.00090685004[0m
superbatch [36m69[0m [[35m0.0[0m% ([36m0[0m/[36m763[0m batches, [36m3787864[0m pos/sec)]
Estimated time to end of superbatch: [36minf[0ms     [Fsuperbatch [36m69[0m [[35m16.8[0m% ([36m128[0m/[36m763[0m batches, [36m3535890[0m pos/sec)]
Estimated time to end of superbatch: [36m23.7[0ms     [Fsuperbatch [36m69[0m [[35m33.6[0m% ([36m256[0m/[36m763[0m batches, [36m3523584[0m pos/sec)]
Estimated time to end of superbatch: [36m18.9[0ms     [Fsuperbatch [36m69[0m [[35m50.3[0m% ([36m384[0m/[36m763[0m batches, [36m3518184[0m pos/sec)]
Estimated time to end of superbatch: [36m14.2[0ms     [Fsuperbatch [36m69[0m [[35m67.1[0m% ([36m512[0m/[36m763[0m batches, [36m3524358[0m pos/sec)]
Estimated time to end of superbatch: [36m9.4[0ms     [Fsuperbatch [36m69[0m [[35m83.9[0m% ([36m640[0m/[36m763[0m batches, [36m3536934[0m pos/sec)]
Estimated time to end of superbatch: [36m4.6[0ms     [Fsuperbatch [36m69[0m | time [36m28.3[0ms | running loss [36m0.008835[0m | [36m3534182[0m pos/sec | total time [36m1989.8[0ms
Estimated time remaining in training: [36m5[0mh [36m22[0mm [36m30[0ms
LR dropped to [36m0.0009055[0m
superbatch [36m70[0m [[35m0.0[0m% ([36m0[0m/[36m763[0m batches, [36m3258134[0m pos/sec)]
Estimated time to end of superbatch: [36minf[0ms     [Fsuperbatch [36m70[0m [[35m16.8[0m% ([36m128[0m/[36m763[0m batches, [36m3534156[0m pos/sec)]
Estimated time to end of superbatch: [36m23.7[0ms     [Fsuperbatch [36m70[0m [[35m33.6[0m% ([36m256[0m/[36m763[0m batches, [36m3545489[0m pos/sec)]
Estimated time to end of superbatch: [36m18.8[0ms     [Fsuperbatch [36m70[0m [[35m50.3[0m% ([36m384[0m/[36m763[0m batches, [36m3547609[0m pos/sec)]
Estimated time to end of superbatch: [36m14.0[0ms     [Fsuperbatch [36m70[0m [[35m67.1[0m% ([36m512[0m/[36m763[0m batches, [36m3551590[0m pos/sec)]
Estimated time to end of superbatch: [36m9.3[0ms     [Fsuperbatch [36m70[0m [[35m83.9[0m% ([36m640[0m/[36m763[0m batches, [36m3542395[0m pos/sec)]
Estimated time to end of superbatch: [36m4.6[0ms     [Fsuperbatch [36m70[0m | time [36m28.3[0ms | running loss [36m0.008950[0m | [36m3535405[0m pos/sec | total time [36m2018.1[0ms
Estimated time remaining in training: [36m5[0mh [36m21[0mm [36m56[0ms
Saved [anna-v5-s1-70]
LR dropped to [36m0.0009041501[0m
superbatch [36m71[0m [[35m0.0[0m% ([36m0[0m/[36m763[0m batches, [36m3435523[0m pos/sec)]
Estimated time to end of superbatch: [36minf[0ms     [Fsuperbatch [36m71[0m [[35m16.8[0m% ([36m128[0m/[36m763[0m batches, [36m3525730[0m pos/sec)]
Estimated time to end of superbatch: [36m23.8[0ms     [Fsuperbatch [36m71[0m [[35m33.6[0m% ([36m256[0m/[36m763[0m batches, [36m3511443[0m pos/sec)]
Estimated time to end of superbatch: [36m19.0[0ms     [Fsuperbatch [36m71[0m [[35m50.3[0m% ([36m384[0m/[36m763[0m batches, [36m3510324[0m pos/sec)]
Estimated time to end of superbatch: [36m14.2[0ms     [Fsuperbatch [36m71[0m [[35m67.1[0m% ([36m512[0m/[36m763[0m batches, [36m3515242[0m pos/sec)]
Estimated time to end of superbatch: [36m9.4[0ms     [Fsuperbatch [36m71[0m [[35m83.9[0m% ([36m640[0m/[36m763[0m batches, [36m3511576[0m pos/sec)]
Estimated time to end of superbatch: [36m4.6[0ms     [Fsuperbatch [36m71[0m | time [36m28.5[0ms | running loss [36m0.008845[0m | [36m3513316[0m pos/sec | total time [36m2049.6[0ms
Estimated time remaining in training: [36m5[0mh [36m21[0mm [36m52[0ms
LR dropped to [36m0.00090280006[0m
superbatch [36m72[0m [[35m0.0[0m% ([36m0[0m/[36m763[0m batches, [36m3208626[0m pos/sec)]
Estimated time to end of superbatch: [36minf[0ms     [Fsuperbatch [36m72[0m [[35m16.8[0m% ([36m128[0m/[36m763[0m batches, [36m3519912[0m pos/sec)]
Estimated time to end of superbatch: [36m23.8[0ms     [Fsuperbatch [36m72[0m [[35m33.6[0m% ([36m256[0m/[36m763[0m batches, [36m3515161[0m pos/sec)]
Estimated time to end of superbatch: [36m19.0[0ms     [Fsuperbatch [36m72[0m [[35m50.3[0m% ([36m384[0m/[36m763[0m batches, [36m3523458[0m pos/sec)]
Estimated time to end of superbatch: [36m14.1[0ms     [Fsuperbatch [36m72[0m [[35m67.1[0m% ([36m512[0m/[36m763[0m batches, [36m3533465[0m pos/sec)]
Estimated time to end of superbatch: [36m9.3[0ms     [Fsuperbatch [36m72[0m [[35m83.9[0m% ([36m640[0m/[36m763[0m batches, [36m3550635[0m pos/sec)]
Estimated time to end of superbatch: [36m4.5[0ms     [Fsuperbatch [36m72[0m | time [36m28.1[0ms | running loss [36m0.008942[0m | [36m3553693[0m pos/sec | total time [36m2077.7[0ms
Estimated time remaining in training: [36m5[0mh [36m21[0mm [36m16[0ms
LR dropped to [36m0.00090145005[0m
superbatch [36m73[0m [[35m0.0[0m% ([36m0[0m/[36m763[0m batches, [36m3631407[0m pos/sec)]
Estimated time to end of superbatch: [36minf[0ms     [Fsuperbatch [36m73[0m [[35m16.8[0m% ([36m128[0m/[36m763[0m batches, [36m3592641[0m pos/sec)]
Estimated time to end of superbatch: [36m23.3[0ms     [Fsuperbatch [36m73[0m [[35m33.6[0m% ([36m256[0m/[36m763[0m batches, [36m3576552[0m pos/sec)]
Estimated time to end of superbatch: [36m18.7[0ms     [Fsuperbatch [36m73[0m [[35m50.3[0m% ([36m384[0m/[36m763[0m batches, [36m3568118[0m pos/sec)]
Estimated time to end of superbatch: [36m14.0[0ms     [Fsuperbatch [36m73[0m [[35m67.1[0m% ([36m512[0m/[36m763[0m batches, [36m3582614[0m pos/sec)]
Estimated time to end of superbatch: [36m9.2[0ms     [Fsuperbatch [36m73[0m [[35m83.9[0m% ([36m640[0m/[36m763[0m batches, [36m3596890[0m pos/sec)]
Estimated time to end of superbatch: [36m4.5[0ms     [Fsuperbatch [36m73[0m | time [36m27.8[0ms | running loss [36m0.008855[0m | [36m3593589[0m pos/sec | total time [36m2105.5[0ms
Estimated time remaining in training: [36m5[0mh [36m20[0mm [36m38[0ms
LR dropped to [36m0.00090010004[0m
superbatch [36m74[0m [[35m0.0[0m% ([36m0[0m/[36m763[0m batches, [36m3335340[0m pos/sec)]
Estimated time to end of superbatch: [36minf[0ms     [Fsuperbatch [36m74[0m [[35m16.8[0m% ([36m128[0m/[36m763[0m batches, [36m3553911[0m pos/sec)]
Estimated time to end of superbatch: [36m23.6[0ms     [Fsuperbatch [36m74[0m [[35m33.6[0m% ([36m256[0m/[36m763[0m batches, [36m3546169[0m pos/sec)]
Estimated time to end of superbatch: [36m18.8[0ms     [Fsuperbatch [36m74[0m [[35m50.3[0m% ([36m384[0m/[36m763[0m batches, [36m3551777[0m pos/sec)]
Estimated time to end of superbatch: [36m14.0[0ms     [Fsuperbatch [36m74[0m [[35m67.1[0m% ([36m512[0m/[36m763[0m batches, [36m3534972[0m pos/sec)]
Estimated time to end of superbatch: [36m9.3[0ms     [Fsuperbatch [36m74[0m [[35m83.9[0m% ([36m640[0m/[36m763[0m batches, [36m3533797[0m pos/sec)]
Estimated time to end of superbatch: [36m4.6[0ms     [Fsuperbatch [36m74[0m | time [36m28.4[0ms | running loss [36m0.008939[0m | [36m3524939[0m pos/sec | total time [36m2133.9[0ms
Estimated time remaining in training: [36m5[0mh [36m20[0mm [36m5[0ms
LR dropped to [36m0.00089875003[0m
superbatch [36m75[0m [[35m0.0[0m% ([36m0[0m/[36m763[0m batches, [36m3522588[0m pos/sec)]
Estimated time to end of superbatch: [36minf[0ms     [Fsuperbatch [36m75[0m [[35m16.8[0m% ([36m128[0m/[36m763[0m batches, [36m3477639[0m pos/sec)]
Estimated time to end of superbatch: [36m24.1[0ms     [Fsuperbatch [36m75[0m [[35m33.6[0m% ([36m256[0m/[36m763[0m batches, [36m3505724[0m pos/sec)]
Estimated time to end of superbatch: [36m19.0[0ms     [Fsuperbatch [36m75[0m [[35m50.3[0m% ([36m384[0m/[36m763[0m batches, [36m3510262[0m pos/sec)]
Estimated time to end of superbatch: [36m14.2[0ms     [Fsuperbatch [36m75[0m [[35m67.1[0m% ([36m512[0m/[36m763[0m batches, [36m3503786[0m pos/sec)]
Estimated time to end of superbatch: [36m9.4[0ms     [Fsuperbatch [36m75[0m [[35m83.9[0m% ([36m640[0m/[36m763[0m batches, [36m3505280[0m pos/sec)]
Estimated time to end of superbatch: [36m4.6[0ms     [Fsuperbatch [36m75[0m | time [36m28.5[0ms | running loss [36m0.008865[0m | [36m3511374[0m pos/sec | total time [36m2162.4[0ms
Estimated time remaining in training: [36m5[0mh [36m19[0mm [36m33[0ms
LR dropped to [36m0.0008974[0m
superbatch [36m76[0m [[35m0.0[0m% ([36m0[0m/[36m763[0m batches, [36m3223877[0m pos/sec)]
Estimated time to end of superbatch: [36minf[0ms     [Fsuperbatch [36m76[0m [[35m16.8[0m% ([36m128[0m/[36m763[0m batches, [36m3600013[0m pos/sec)]
Estimated time to end of superbatch: [36m23.3[0ms     [Fsuperbatch [36m76[0m [[35m33.6[0m% ([36m256[0m/[36m763[0m batches, [36m3578461[0m pos/sec)]
Estimated time to end of superbatch: [36m18.6[0ms     [Fsuperbatch [36m76[0m [[35m50.3[0m% ([36m384[0m/[36m763[0m batches, [36m3565791[0m pos/sec)]
Estimated time to end of superbatch: [36m14.0[0ms     [Fsuperbatch [36m76[0m [[35m67.1[0m% ([36m512[0m/[36m763[0m batches, [36m3552363[0m pos/sec)]
Estimated time to end of superbatch: [36m9.3[0ms     [Fsuperbatch [36m76[0m [[35m83.9[0m% ([36m640[0m/[36m763[0m batches, [36m3549102[0m pos/sec)]
Estimated time to end of superbatch: [36m4.5[0ms     [Fsuperbatch [36m76[0m | time [36m28.2[0ms | running loss [36m0.008922[0m | [36m3552582[0m pos/sec | total time [36m2190.5[0ms
Estimated time remaining in training: [36m5[0mh [36m18[0mm [36m58[0ms
LR dropped to [36m0.00089605[0m
superbatch [36m77[0m [[35m0.0[0m% ([36m0[0m/[36m763[0m batches, [36m3270106[0m pos/sec)]
Estimated time to end of superbatch: [36minf[0ms     [Fsuperbatch [36m77[0m [[35m16.8[0m% ([36m128[0m/[36m763[0m batches, [36m3536820[0m pos/sec)]
Estimated time to end of superbatch: [36m23.7[0ms     [Fsuperbatch [36m77[0m [[35m33.6[0m% ([36m256[0m/[36m763[0m batches, [36m3549927[0m pos/sec)]
Estimated time to end of superbatch: [36m18.8[0ms     [Fsuperbatch [36m77[0m [[35m50.3[0m% ([36m384[0m/[36m763[0m batches, [36m3552224[0m pos/sec)]
Estimated time to end of superbatch: [36m14.0[0ms     [Fsuperbatch [36m77[0m [[35m67.1[0m% ([36m512[0m/[36m763[0m batches, [36m3552164[0m pos/sec)]
Estimated time to end of superbatch: [36m9.3[0ms     [Fsuperbatch [36m77[0m [[35m83.9[0m% ([36m640[0m/[36m763[0m batches, [36m3569953[0m pos/sec)]
Estimated time to end of superbatch: [36m4.5[0ms     [Fsuperbatch [36m77[0m | time [36m28.0[0ms | running loss [36m0.008857[0m | [36m3578062[0m pos/sec | total time [36m2218.5[0ms
Estimated time remaining in training: [36m5[0mh [36m18[0mm [36m22[0ms
LR dropped to [36m0.00089470006[0m
superbatch [36m78[0m [[35m0.0[0m% ([36m0[0m/[36m763[0m batches, [36m3394715[0m pos/sec)]
Estimated time to end of superbatch: [36minf[0ms     [Fsuperbatch [36m78[0m [[35m16.8[0m% ([36m128[0m/[36m763[0m batches, [36m3561832[0m pos/sec)]
Estimated time to end of superbatch: [36m23.5[0ms     [Fsuperbatch [36m78[0m [[35m33.6[0m% ([36m256[0m/[36m763[0m batches, [36m3529596[0m pos/sec)]
Estimated time to end of superbatch: [36m18.9[0ms     [Fsuperbatch [36m78[0m [[35m50.3[0m% ([36m384[0m/[36m763[0m batches, [36m3546987[0m pos/sec)]
Estimated time to end of superbatch: [36m14.0[0ms     [Fsuperbatch [36m78[0m [[35m67.1[0m% ([36m512[0m/[36m763[0m batches, [36m3555736[0m pos/sec)]
Estimated time to end of superbatch: [36m9.3[0ms     [Fsuperbatch [36m78[0m [[35m83.9[0m% ([36m640[0m/[36m763[0m batches, [36m3567338[0m pos/sec)]
Estimated time to end of superbatch: [36m4.5[0ms     [Fsuperbatch [36m78[0m | time [36m28.1[0ms | running loss [36m0.008913[0m | [36m3556424[0m pos/sec | total time [36m2246.6[0ms
Estimated time remaining in training: [36m5[0mh [36m17[0mm [36m47[0ms
LR dropped to [36m0.00089335005[0m
superbatch [36m79[0m [[35m0.0[0m% ([36m0[0m/[36m763[0m batches, [36m3260044[0m pos/sec)]
Estimated time to end of superbatch: [36minf[0ms     [Fsuperbatch [36m79[0m [[35m16.8[0m% ([36m128[0m/[36m763[0m batches, [36m3572258[0m pos/sec)]
Estimated time to end of superbatch: [36m23.5[0ms     [Fsuperbatch [36m79[0m [[35m33.6[0m% ([36m256[0m/[36m763[0m batches, [36m3546432[0m pos/sec)]
Estimated time to end of superbatch: [36m18.8[0ms     [Fsuperbatch [36m79[0m [[35m50.3[0m% ([36m384[0m/[36m763[0m batches, [36m3531695[0m pos/sec)]
Estimated time to end of superbatch: [36m14.1[0ms     [Fsuperbatch [36m79[0m [[35m67.1[0m% ([36m512[0m/[36m763[0m batches, [36m3536821[0m pos/sec)]
Estimated time to end of superbatch: [36m9.3[0ms     [Fsuperbatch [36m79[0m [[35m83.9[0m% ([36m640[0m/[36m763[0m batches, [36m3531282[0m pos/sec)]
Estimated time to end of superbatch: [36m4.6[0ms     [Fsuperbatch [36m79[0m | time [36m28.3[0ms | running loss [36m0.008883[0m | [36m3528788[0m pos/sec | total time [36m2274.9[0ms
Estimated time remaining in training: [36m5[0mh [36m17[0mm [36m14[0ms
LR dropped to [36m0.00089200004[0m
superbatch [36m80[0m [[35m0.0[0m% ([36m0[0m/[36m763[0m batches, [36m3453290[0m pos/sec)]
Estimated time to end of superbatch: [36minf[0ms     [Fsuperbatch [36m80[0m [[35m16.8[0m% ([36m128[0m/[36m763[0m batches, [36m3608270[0m pos/sec)]
Estimated time to end of superbatch: [36m23.2[0ms     [Fsuperbatch [36m80[0m [[35m33.6[0m% ([36m256[0m/[36m763[0m batches, [36m3595610[0m pos/sec)]
Estimated time to end of superbatch: [36m18.6[0ms     [Fsuperbatch [36m80[0m [[35m50.3[0m% ([36m384[0m/[36m763[0m batches, [36m3607378[0m pos/sec)]
Estimated time to end of superbatch: [36m13.8[0ms     [Fsuperbatch [36m80[0m [[35m67.1[0m% ([36m512[0m/[36m763[0m batches, [36m3592895[0m pos/sec)]
Estimated time to end of superbatch: [36m9.2[0ms     [Fsuperbatch [36m80[0m [[35m83.9[0m% ([36m640[0m/[36m763[0m batches, [36m3577340[0m pos/sec)]
Estimated time to end of superbatch: [36m4.5[0ms     [Fsuperbatch [36m80[0m | time [36m28.0[0ms | running loss [36m0.008897[0m | [36m3566194[0m pos/sec | total time [36m2303.0[0ms
Estimated time remaining in training: [36m5[0mh [36m16[0mm [36m39[0ms
Saved [anna-v5-s1-80]
LR dropped to [36m0.00089065003[0m
superbatch [36m81[0m [[35m0.0[0m% ([36m0[0m/[36m763[0m batches, [36m3174808[0m pos/sec)]
Estimated time to end of superbatch: [36minf[0ms     [Fsuperbatch [36m81[0m [[35m16.8[0m% ([36m128[0m/[36m763[0m batches, [36m3519367[0m pos/sec)]
Estimated time to end of superbatch: [36m23.8[0ms     [Fsuperbatch [36m81[0m [[35m33.6[0m% ([36m256[0m/[36m763[0m batches, [36m3525250[0m pos/sec)]
Estimated time to end of superbatch: [36m18.9[0ms     [Fsuperbatch [36m81[0m [[35m50.3[0m% ([36m384[0m/[36m763[0m batches, [36m3525890[0m pos/sec)]
Estimated time to end of superbatch: [36m14.1[0ms     [Fsuperbatch [36m81[0m [[35m67.1[0m% ([36m512[0m/[36m763[0m batches, [36m3509379[0m pos/sec)]
Estimated time to end of superbatch: [36m9.4[0ms     [Fsuperbatch [36m81[0m [[35m83.9[0m% ([36m640[0m/[36m763[0m batches, [36m3507018[0m pos/sec)]
Estimated time to end of superbatch: [36m4.6[0ms     [Fsuperbatch [36m81[0m | time [36m28.6[0ms | running loss [36m0.008885[0m | [36m3501809[0m pos/sec | total time [36m2334.6[0ms
Estimated time remaining in training: [36m5[0mh [36m16[0mm [36m33[0ms
LR dropped to [36m0.0008893[0m
superbatch [36m82[0m [[35m0.0[0m% ([36m0[0m/[36m763[0m batches, [36m3369469[0m pos/sec)]
Estimated time to end of superbatch: [36minf[0ms     [Fsuperbatch [36m82[0m [[35m16.8[0m% ([36m128[0m/[36m763[0m batches, [36m3517324[0m pos/sec)]
Estimated time to end of superbatch: [36m23.8[0ms     [Fsuperbatch [36m82[0m [[35m33.6[0m% ([36m256[0m/[36m763[0m batches, [36m3497322[0m pos/sec)]
Estimated time to end of superbatch: [36m19.1[0ms     [Fsuperbatch [36m82[0m [[35m50.3[0m% ([36m384[0m/[36m763[0m batches, [36m3504852[0m pos/sec)]
Estimated time to end of superbatch: [36m14.2[0ms     [Fsuperbatch [36m82[0m [[35m67.1[0m% ([36m512[0m/[36m763[0m batches, [36m3513650[0m pos/sec)]
Estimated time to end of superbatch: [36m9.4[0ms     [Fsuperbatch [36m82[0m [[35m83.9[0m% ([36m640[0m/[36m763[0m batches, [36m3531748[0m pos/sec)]
Estimated time to end of superbatch: [36m4.6[0ms     [Fsuperbatch [36m82[0m | time [36m28.3[0ms | running loss [36m0.008891[0m | [36m3536234[0m pos/sec | total time [36m2362.9[0ms
Estimated time remaining in training: [36m5[0mh [36m16[0mm [36m0[0ms
LR dropped to [36m0.00088795007[0m
superbatch [36m83[0m [[35m0.0[0m% ([36m0[0m/[36m763[0m batches, [36m3298226[0m pos/sec)]
Estimated time to end of superbatch: [36minf[0ms     [Fsuperbatch [36m83[0m [[35m16.8[0m% ([36m128[0m/[36m763[0m batches, [36m3513840[0m pos/sec)]
Estimated time to end of superbatch: [36m23.9[0ms     [Fsuperbatch [36m83[0m [[35m33.6[0m% ([36m256[0m/[36m763[0m batches, [36m3567618[0m pos/sec)]
Estimated time to end of superbatch: [36m18.7[0ms     [Fsuperbatch [36m83[0m [[35m50.3[0m% ([36m384[0m/[36m763[0m batches, [36m3582558[0m pos/sec)]
Estimated time to end of superbatch: [36m13.9[0ms     [Fsuperbatch [36m83[0m [[35m67.1[0m% ([36m512[0m/[36m763[0m batches, [36m3571068[0m pos/sec)]
Estimated time to end of superbatch: [36m9.2[0ms     [Fsuperbatch [36m83[0m [[35m83.9[0m% ([36m640[0m/[36m763[0m batches, [36m3567993[0m pos/sec)]
Estimated time to end of superbatch: [36m4.5[0ms     [Fsuperbatch [36m83[0m | time [36m28.0[0ms | running loss [36m0.008902[0m | [36m3568728[0m pos/sec | total time [36m2390.9[0ms
Estimated time remaining in training: [36m5[0mh [36m15[0mm [36m25[0ms
LR dropped to [36m0.00088660006[0m
superbatch [36m84[0m [[35m0.0[0m% ([36m0[0m/[36m763[0m batches, [36m3919938[0m pos/sec)]
Estimated time to end of superbatch: [36minf[0ms     [Fsuperbatch [36m84[0m [[35m16.8[0m% ([36m128[0m/[36m763[0m batches, [36m3565036[0m pos/sec)]
Estimated time to end of superbatch: [36m23.5[0ms     [Fsuperbatch [36m84[0m [[35m33.6[0m% ([36m256[0m/[36m763[0m batches, [36m3564994[0m pos/sec)]
Estimated time to end of superbatch: [36m18.7[0ms     [Fsuperbatch [36m84[0m [[35m50.3[0m% ([36m384[0m/[36m763[0m batches, [36m3579896[0m pos/sec)]
Estimated time to end of superbatch: [36m13.9[0ms     [Fsuperbatch [36m84[0m [[35m67.1[0m% ([36m512[0m/[36m763[0m batches, [36m3583891[0m pos/sec)]
Estimated time to end of superbatch: [36m9.2[0ms     [Fsuperbatch [36m84[0m [[35m83.9[0m% ([36m640[0m/[36m763[0m batches, [36m3572678[0m pos/sec)]
Estimated time to end of superbatch: [36m4.5[0ms     [Fsuperbatch [36m84[0m | time [36m28.0[0ms | running loss [36m0.008881[0m | [36m3569010[0m pos/sec | total time [36m2418.9[0ms
Estimated time remaining in training: [36m5[0mh [36m14[0mm [36m50[0ms
LR dropped to [36m0.00088525005[0m
superbatch [36m85[0m [[35m0.0[0m% ([36m0[0m/[36m763[0m batches, [36m3136789[0m pos/sec)]
Estimated time to end of superbatch: [36minf[0ms     [Fsuperbatch [36m85[0m [[35m16.8[0m% ([36m128[0m/[36m763[0m batches, [36m3547272[0m pos/sec)]
Estimated time to end of superbatch: [36m23.6[0ms     [Fsuperbatch [36m85[0m [[35m33.6[0m% ([36m256[0m/[36m763[0m batches, [36m3552578[0m pos/sec)]
Estimated time to end of superbatch: [36m18.8[0ms     [Fsuperbatch [36m85[0m [[35m50.3[0m% ([36m384[0m/[36m763[0m batches, [36m3538589[0m pos/sec)]
Estimated time to end of superbatch: [36m14.1[0ms     [Fsuperbatch [36m85[0m [[35m67.1[0m% ([36m512[0m/[36m763[0m batches, [36m3544644[0m pos/sec)]
Estimated time to end of superbatch: [36m9.3[0ms     [Fsuperbatch [36m85[0m [[35m83.9[0m% ([36m640[0m/[36m763[0m batches, [36m3545442[0m pos/sec)]
Estimated time to end of superbatch: [36m4.6[0ms     [Fsuperbatch [36m85[0m | time [36m28.2[0ms | running loss [36m0.008928[0m | [36m3546914[0m pos/sec | total time [36m2447.1[0ms
Estimated time remaining in training: [36m5[0mh [36m14[0mm [36m17[0ms
LR dropped to [36m0.00088390004[0m
superbatch [36m86[0m [[35m0.0[0m% ([36m0[0m/[36m763[0m batches, [36m3533109[0m pos/sec)]
Estimated time to end of superbatch: [36minf[0ms     [Fsuperbatch [36m86[0m [[35m16.8[0m% ([36m128[0m/[36m763[0m batches, [36m3544804[0m pos/sec)]
Estimated time to end of superbatch: [36m23.7[0ms     [Fsuperbatch [36m86[0m [[35m33.6[0m% ([36m256[0m/[36m763[0m batches, [36m3519847[0m pos/sec)]
Estimated time to end of superbatch: [36m19.0[0ms     [Fsuperbatch [36m86[0m [[35m50.3[0m% ([36m384[0m/[36m763[0m batches, [36m3519749[0m pos/sec)]
Estimated time to end of superbatch: [36m14.2[0ms     [Fsuperbatch [36m86[0m [[35m67.1[0m% ([36m512[0m/[36m763[0m batches, [36m3528522[0m pos/sec)]
Estimated time to end of superbatch: [36m9.3[0ms     [Fsuperbatch [36m86[0m [[35m83.9[0m% ([36m640[0m/[36m763[0m batches, [36m3528341[0m pos/sec)]
Estimated time to end of superbatch: [36m4.6[0ms     [Fsuperbatch [36m86[0m | time [36m28.4[0ms | running loss [36m0.008878[0m | [36m3521103[0m pos/sec | total time [36m2475.5[0ms
Estimated time remaining in training: [36m5[0mh [36m13[0mm [36m45[0ms
LR dropped to [36m0.00088255[0m
superbatch [36m87[0m [[35m0.0[0m% ([36m0[0m/[36m763[0m batches, [36m3703560[0m pos/sec)]
Estimated time to end of superbatch: [36minf[0ms     [Fsuperbatch [36m87[0m [[35m16.8[0m% ([36m128[0m/[36m763[0m batches, [36m3618745[0m pos/sec)]
Estimated time to end of superbatch: [36m23.2[0ms     [Fsuperbatch [36m87[0m [[35m33.6[0m% ([36m256[0m/[36m763[0m batches, [36m3592826[0m pos/sec)]
Estimated time to end of superbatch: [36m18.6[0ms     [Fsuperbatch [36m87[0m [[35m50.3[0m% ([36m384[0m/[36m763[0m batches, [36m3563485[0m pos/sec)]
Estimated time to end of superbatch: [36m14.0[0ms     [Fsuperbatch [36m87[0m [[35m67.1[0m% ([36m512[0m/[36m763[0m batches, [36m3545250[0m pos/sec)]
Estimated time to end of superbatch: [36m9.3[0ms     [Fsuperbatch [36m87[0m [[35m83.9[0m% ([36m640[0m/[36m763[0m batches, [36m3545488[0m pos/sec)]
Estimated time to end of superbatch: [36m4.6[0ms     [Fsuperbatch [36m87[0m | time [36m28.2[0ms | running loss [36m0.008939[0m | [36m3546144[0m pos/sec | total time [36m2503.7[0ms
Estimated time remaining in training: [36m5[0mh [36m13[0mm [36m12[0ms
LR dropped to [36m0.0008812001[0m
superbatch [36m88[0m [[35m0.0[0m% ([36m0[0m/[36m763[0m batches, [36m3824728[0m pos/sec)]
Estimated time to end of superbatch: [36minf[0ms     [Fsuperbatch [36m88[0m [[35m16.8[0m% ([36m128[0m/[36m763[0m batches, [36m3341500[0m pos/sec)]
Estimated time to end of superbatch: [36m25.1[0ms     [Fsuperbatch [36m88[0m [[35m33.6[0m% ([36m256[0m/[36m763[0m batches, [36m3405131[0m pos/sec)]
Estimated time to end of superbatch: [36m19.6[0ms     [Fsuperbatch [36m88[0m [[35m50.3[0m% ([36m384[0m/[36m763[0m batches, [36m3445686[0m pos/sec)]
Estimated time to end of superbatch: [36m14.5[0ms     [Fsuperbatch [36m88[0m [[35m67.1[0m% ([36m512[0m/[36m763[0m batches, [36m3486297[0m pos/sec)]
Estimated time to end of superbatch: [36m9.5[0ms     [Fsuperbatch [36m88[0m [[35m83.9[0m% ([36m640[0m/[36m763[0m batches, [36m3515936[0m pos/sec)]
Estimated time to end of superbatch: [36m4.6[0ms     [Fsuperbatch [36m88[0m | time [36m28.3[0ms | running loss [36m0.008868[0m | [36m3532437[0m pos/sec | total time [36m2532.0[0ms
Estimated time remaining in training: [36m5[0mh [36m12[0mm [36m40[0ms
LR dropped to [36m0.00087985006[0m
superbatch [36m89[0m [[35m0.0[0m% ([36m0[0m/[36m763[0m batches, [36m3159834[0m pos/sec)]
Estimated time to end of superbatch: [36minf[0ms     [Fsuperbatch [36m89[0m [[35m16.8[0m% ([36m128[0m/[36m763[0m batches, [36m3560983[0m pos/sec)]
Estimated time to end of superbatch: [36m23.6[0ms     [Fsuperbatch [36m89[0m [[35m33.6[0m% ([36m256[0m/[36m763[0m batches, [36m3559710[0m pos/sec)]
Estimated time to end of superbatch: [36m18.7[0ms     [Fsuperbatch [36m89[0m [[35m50.3[0m% ([36m384[0m/[36m763[0m batches, [36m3548657[0m pos/sec)]
Estimated time to end of superbatch: [36m14.0[0ms     [Fsuperbatch [36m89[0m [[35m67.1[0m% ([36m512[0m/[36m763[0m batches, [36m3541325[0m pos/sec)]
Estimated time to end of superbatch: [36m9.3[0ms     [Fsuperbatch [36m89[0m [[35m83.9[0m% ([36m640[0m/[36m763[0m batches, [36m3542004[0m pos/sec)]
Estimated time to end of superbatch: [36m4.6[0ms     [Fsuperbatch [36m89[0m | time [36m28.3[0ms | running loss [36m0.008956[0m | [36m3536226[0m pos/sec | total time [36m2560.3[0ms
Estimated time remaining in training: [36m5[0mh [36m12[0mm [36m7[0ms
LR dropped to [36m0.00087850005[0m
superbatch [36m90[0m [[35m0.0[0m% ([36m0[0m/[36m763[0m batches, [36m3296766[0m pos/sec)]
Estimated time to end of superbatch: [36minf[0ms     [Fsuperbatch [36m90[0m [[35m16.8[0m% ([36m128[0m/[36m763[0m batches, [36m3592644[0m pos/sec)]
Estimated time to end of superbatch: [36m23.3[0ms     [Fsuperbatch [36m90[0m [[35m33.6[0m% ([36m256[0m/[36m763[0m batches, [36m3598085[0m pos/sec)]
Estimated time to end of superbatch: [36m18.5[0ms     [Fsuperbatch [36m90[0m [[35m50.3[0m% ([36m384[0m/[36m763[0m batches, [36m3587621[0m pos/sec)]
Estimated time to end of superbatch: [36m13.9[0ms     [Fsuperbatch [36m90[0m [[35m67.1[0m% ([36m512[0m/[36m763[0m batches, [36m3594840[0m pos/sec)]
Estimated time to end of superbatch: [36m9.2[0ms     [Fsuperbatch [36m90[0m [[35m83.9[0m% ([36m640[0m/[36m763[0m batches, [36m3577396[0m pos/sec)]
Estimated time to end of superbatch: [36m4.5[0ms     [Fsuperbatch [36m90[0m | time [36m28.0[0ms | running loss [36m0.008871[0m | [36m3575047[0m pos/sec | total time [36m2588.3[0ms
Estimated time remaining in training: [36m5[0mh [36m11[0mm [36m33[0ms
Saved [anna-v5-s1-90]
LR dropped to [36m0.00087715004[0m
superbatch [36m91[0m [[35m0.0[0m% ([36m0[0m/[36m763[0m batches, [36m3969939[0m pos/sec)]
Estimated time to end of superbatch: [36minf[0ms     [Fsuperbatch [36m91[0m [[35m16.8[0m% ([36m128[0m/[36m763[0m batches, [36m3662876[0m pos/sec)]
Estimated time to end of superbatch: [36m22.9[0ms     [Fsuperbatch [36m91[0m [[35m33.6[0m% ([36m256[0m/[36m763[0m batches, [36m3626234[0m pos/sec)]
Estimated time to end of superbatch: [36m18.4[0ms     [Fsuperbatch [36m91[0m [[35m50.3[0m% ([36m384[0m/[36m763[0m batches, [36m3596952[0m pos/sec)]
Estimated time to end of superbatch: [36m13.8[0ms     [Fsuperbatch [36m91[0m [[35m67.1[0m% ([36m512[0m/[36m763[0m batches, [36m3575374[0m pos/sec)]
Estimated time to end of superbatch: [36m9.2[0ms     [Fsuperbatch [36m91[0m [[35m83.9[0m% ([36m640[0m/[36m763[0m batches, [36m3555998[0m pos/sec)]
Estimated time to end of superbatch: [36m4.5[0ms     [Fsuperbatch [36m91[0m | time [36m28.2[0ms | running loss [36m0.008982[0m | [36m3542761[0m pos/sec | total time [36m2619.6[0ms
Estimated time remaining in training: [36m5[0mh [36m11[0mm [36m22[0ms
LR dropped to [36m0.00087580003[0m
superbatch [36m92[0m [[35m0.0[0m% ([36m0[0m/[36m763[0m batches, [36m3340519[0m pos/sec)]
Estimated time to end of superbatch: [36minf[0ms     [Fsuperbatch [36m92[0m [[35m16.8[0m% ([36m128[0m/[36m763[0m batches, [36m3506086[0m pos/sec)]
Estimated time to end of superbatch: [36m23.9[0ms     [Fsuperbatch [36m92[0m [[35m33.6[0m% ([36m256[0m/[36m763[0m batches, [36m3521317[0m pos/sec)]
Estimated time to end of superbatch: [36m18.9[0ms     [Fsuperbatch [36m92[0m [[35m50.3[0m% ([36m384[0m/[36m763[0m batches, [36m3504120[0m pos/sec)]
Estimated time to end of superbatch: [36m14.2[0ms     [Fsuperbatch [36m92[0m [[35m67.1[0m% ([36m512[0m/[36m763[0m batches, [36m3504110[0m pos/sec)]
Estimated time to end of superbatch: [36m9.4[0ms     [Fsuperbatch [36m92[0m [[35m83.9[0m% ([36m640[0m/[36m763[0m batches, [36m3504038[0m pos/sec)]
Estimated time to end of superbatch: [36m4.6[0ms     [Fsuperbatch [36m92[0m | time [36m28.6[0ms | running loss [36m0.008841[0m | [36m3500889[0m pos/sec | total time [36m2648.2[0ms
Estimated time remaining in training: [36m5[0mh [36m10[0mm [36m52[0ms
LR dropped to [36m0.00087445[0m
superbatch [36m93[0m [[35m0.0[0m% ([36m0[0m/[36m763[0m batches, [36m3552371[0m pos/sec)]
Estimated time to end of superbatch: [36minf[0ms     [Fsuperbatch [36m93[0m [[35m16.8[0m% ([36m128[0m/[36m763[0m batches, [36m3487075[0m pos/sec)]
Estimated time to end of superbatch: [36m24.1[0ms     [Fsuperbatch [36m93[0m [[35m33.6[0m% ([36m256[0m/[36m763[0m batches, [36m3479118[0m pos/sec)]
Estimated time to end of superbatch: [36m19.2[0ms     [Fsuperbatch [36m93[0m [[35m50.3[0m% ([36m384[0m/[36m763[0m batches, [36m3492238[0m pos/sec)]
Estimated time to end of superbatch: [36m14.3[0ms     [Fsuperbatch [36m93[0m [[35m67.1[0m% ([36m512[0m/[36m763[0m batches, [36m3492871[0m pos/sec)]
Estimated time to end of superbatch: [36m9.4[0ms     [Fsuperbatch [36m93[0m [[35m83.9[0m% ([36m640[0m/[36m763[0m batches, [36m3497116[0m pos/sec)]
Estimated time to end of superbatch: [36m4.6[0ms     [Fsuperbatch [36m93[0m | time [36m28.6[0ms | running loss [36m0.008988[0m | [36m3498033[0m pos/sec | total time [36m2676.8[0ms
Estimated time remaining in training: [36m5[0mh [36m10[0mm [36m22[0ms
LR dropped to [36m0.00087310007[0m
superbatch [36m94[0m [[35m0.0[0m% ([36m0[0m/[36m763[0m batches, [36m3707227[0m pos/sec)]
Estimated time to end of superbatch: [36minf[0ms     [Fsuperbatch [36m94[0m [[35m16.8[0m% ([36m128[0m/[36m763[0m batches, [36m3500189[0m pos/sec)]
Estimated time to end of superbatch: [36m24.0[0ms     [Fsuperbatch [36m94[0m [[35m33.6[0m% ([36m256[0m/[36m763[0m batches, [36m3492521[0m pos/sec)]
Estimated time to end of superbatch: [36m19.1[0ms     [Fsuperbatch [36m94[0m [[35m50.3[0m% ([36m384[0m/[36m763[0m batches, [36m3508546[0m pos/sec)]
Estimated time to end of superbatch: [36m14.2[0ms     [Fsuperbatch [36m94[0m [[35m67.1[0m% ([36m512[0m/[36m763[0m batches, [36m3504963[0m pos/sec)]
Estimated time to end of superbatch: [36m9.4[0ms     [Fsuperbatch [36m94[0m [[35m83.9[0m% ([36m640[0m/[36m763[0m batches, [36m3508927[0m pos/sec)]
Estimated time to end of superbatch: [36m4.6[0ms     [Fsuperbatch [36m94[0m | time [36m28.5[0ms | running loss [36m0.008848[0m | [36m3511836[0m pos/sec | total time [36m2705.3[0ms
Estimated time remaining in training: [36m5[0mh [36m9[0mm [36m51[0ms
LR dropped to [36m0.00087175006[0m
superbatch [36m95[0m [[35m0.0[0m% ([36m0[0m/[36m763[0m batches, [36m3502993[0m pos/sec)]
Estimated time to end of superbatch: [36minf[0ms     [Fsuperbatch [36m95[0m [[35m16.8[0m% ([36m128[0m/[36m763[0m batches, [36m3491592[0m pos/sec)]
Estimated time to end of superbatch: [36m24.0[0ms     [Fsuperbatch [36m95[0m [[35m33.6[0m% ([36m256[0m/[36m763[0m batches, [36m3474866[0m pos/sec)]
Estimated time to end of superbatch: [36m19.2[0ms     [Fsuperbatch [36m95[0m [[35m50.3[0m% ([36m384[0m/[36m763[0m batches, [36m3491842[0m pos/sec)]
Estimated time to end of superbatch: [36m14.3[0ms     [Fsuperbatch [36m95[0m [[35m67.1[0m% ([36m512[0m/[36m763[0m batches, [36m3494532[0m pos/sec)]
Estimated time to end of superbatch: [36m9.4[0ms     [Fsuperbatch [36m95[0m [[35m83.9[0m% ([36m640[0m/[36m763[0m batches, [36m3495806[0m pos/sec)]
Estimated time to end of superbatch: [36m4.6[0ms     [Fsuperbatch [36m95[0m | time [36m28.6[0ms | running loss [36m0.009016[0m | [36m3497108[0m pos/sec | total time [36m2733.9[0ms
Estimated time remaining in training: [36m5[0mh [36m9[0mm [36m21[0ms
LR dropped to [36m0.00087040005[0m
superbatch [36m96[0m [[35m0.0[0m% ([36m0[0m/[36m763[0m batches, [36m3705750[0m pos/sec)]
Estimated time to end of superbatch: [36minf[0ms     [Fsuperbatch [36m96[0m [[35m16.8[0m% ([36m128[0m/[36m763[0m batches, [36m3517248[0m pos/sec)]
Estimated time to end of superbatch: [36m23.8[0ms     [Fsuperbatch [36m96[0m [[35m33.6[0m% ([36m256[0m/[36m763[0m batches, [36m3494520[0m pos/sec)]
Estimated time to end of superbatch: [36m19.1[0ms     [Fsuperbatch [36m96[0m [[35m50.3[0m% ([36m384[0m/[36m763[0m batches, [36m3493434[0m pos/sec)]
Estimated time to end of superbatch: [36m14.3[0ms     [Fsuperbatch [36m96[0m [[35m67.1[0m% ([36m512[0m/[36m763[0m batches, [36m3507080[0m pos/sec)]
Estimated time to end of superbatch: [36m9.4[0ms     [Fsuperbatch [36m96[0m [[35m83.9[0m% ([36m640[0m/[36m763[0m batches, [36m3501515[0m pos/sec)]
Estimated time to end of superbatch: [36m4.6[0ms     [Fsuperbatch [36m96[0m | time [36m28.5[0ms | running loss [36m0.008842[0m | [36m3505249[0m pos/sec | total time [36m2762.4[0ms
Estimated time remaining in training: [36m5[0mh [36m8[0mm [36m51[0ms
LR dropped to [36m0.00086905004[0m
superbatch [36m97[0m [[35m0.0[0m% ([36m0[0m/[36m763[0m batches, [36m3350502[0m pos/sec)]
Estimated time to end of superbatch: [36minf[0ms     [Fsuperbatch [36m97[0m [[35m16.8[0m% ([36m128[0m/[36m763[0m batches, [36m3539189[0m pos/sec)]
Estimated time to end of superbatch: [36m23.7[0ms     [Fsuperbatch [36m97[0m [[35m33.6[0m% ([36m256[0m/[36m763[0m batches, [36m3552475[0m pos/sec)]
Estimated time to end of superbatch: [36m18.8[0ms     [Fsuperbatch [36m97[0m [[35m50.3[0m% ([36m384[0m/[36m763[0m batches, [36m3534209[0m pos/sec)]
Estimated time to end of superbatch: [36m14.1[0ms     [Fsuperbatch [36m97[0m [[35m67.1[0m% ([36m512[0m/[36m763[0m batches, [36m3534833[0m pos/sec)]
Estimated time to end of superbatch: [36m9.3[0ms     [Fsuperbatch [36m97[0m [[35m83.9[0m% ([36m640[0m/[36m763[0m batches, [36m3524596[0m pos/sec)]
Estimated time to end of superbatch: [36m4.6[0ms     [Fsuperbatch [36m97[0m | time [36m28.3[0ms | running loss [36m0.009042[0m | [36m3537361[0m pos/sec | total time [36m2790.7[0ms
Estimated time remaining in training: [36m5[0mh [36m8[0mm [36m18[0ms
LR dropped to [36m0.00086770003[0m
superbatch [36m98[0m [[35m0.0[0m% ([36m0[0m/[36m763[0m batches, [36m4074924[0m pos/sec)]
Estimated time to end of superbatch: [36minf[0ms     [Fsuperbatch [36m98[0m [[35m16.8[0m% ([36m128[0m/[36m763[0m batches, [36m3557958[0m pos/sec)]
Estimated time to end of superbatch: [36m23.6[0ms     [Fsuperbatch [36m98[0m [[35m33.6[0m% ([36m256[0m/[36m763[0m batches, [36m3612084[0m pos/sec)]
Estimated time to end of superbatch: [36m18.5[0ms     [Fsuperbatch [36m98[0m [[35m50.3[0m% ([36m384[0m/[36m763[0m batches, [36m3582922[0m pos/sec)]
Estimated time to end of superbatch: [36m13.9[0ms     [Fsuperbatch [36m98[0m [[35m67.1[0m% ([36m512[0m/[36m763[0m batches, [36m3579100[0m pos/sec)]
Estimated time to end of superbatch: [36m9.2[0ms     [Fsuperbatch [36m98[0m [[35m83.9[0m% ([36m640[0m/[36m763[0m batches, [36m3565711[0m pos/sec)]
Estimated time to end of superbatch: [36m4.5[0ms     [Fsuperbatch [36m98[0m | time [36m28.1[0ms | running loss [36m0.008814[0m | [36m3559764[0m pos/sec | total time [36m2818.8[0ms
Estimated time remaining in training: [36m5[0mh [36m7[0mm [36m45[0ms
LR dropped to [36m0.00086635[0m
superbatch [36m99[0m [[35m0.0[0m% ([36m0[0m/[36m763[0m batches, [36m3610775[0m pos/sec)]
Estimated time to end of superbatch: [36minf[0ms     [Fsuperbatch [36m99[0m [[35m16.8[0m% ([36m128[0m/[36m763[0m batches, [36m3508340[0m pos/sec)]
Estimated time to end of superbatch: [36m23.9[0ms     [Fsuperbatch [36m99[0m [[35m33.6[0m% ([36m256[0m/[36m763[0m batches, [36m3530600[0m pos/sec)]
Estimated time to end of superbatch: [36m18.9[0ms     [Fsuperbatch [36m99[0m [[35m50.3[0m% ([36m384[0m/[36m763[0m batches, [36m3528862[0m pos/sec)]
Estimated time to end of superbatch: [36m14.1[0ms     [Fsuperbatch [36m99[0m [[35m67.1[0m% ([36m512[0m/[36m763[0m batches, [36m3512740[0m pos/sec)]
Estimated time to end of superbatch: [36m9.4[0ms     [Fsuperbatch [36m99[0m [[35m83.9[0m% ([36m640[0m/[36m763[0m batches, [36m3508407[0m pos/sec)]
Estimated time to end of superbatch: [36m4.6[0ms     [Fsuperbatch [36m99[0m | time [36m28.5[0ms | running loss [36m0.009051[0m | [36m3508701[0m pos/sec | total time [36m2847.3[0ms
Estimated time remaining in training: [36m5[0mh [36m7[0mm [36m15[0ms
LR dropped to [36m0.00086500007[0m
superbatch [36m100[0m [[35m0.0[0m% ([36m0[0m/[36m763[0m batches, [36m3569247[0m pos/sec)]
Estimated time to end of superbatch: [36minf[0ms     [Fsuperbatch [36m100[0m [[35m16.8[0m% ([36m128[0m/[36m763[0m batches, [36m3487611[0m pos/sec)]
Estimated time to end of superbatch: [36m24.1[0ms     [Fsuperbatch [36m100[0m [[35m33.6[0m% ([36m256[0m/[36m763[0m batches, [36m3519989[0m pos/sec)]
Estimated time to end of superbatch: [36m19.0[0ms     [Fsuperbatch [36m100[0m [[35m50.3[0m% ([36m384[0m/[36m763[0m batches, [36m3516638[0m pos/sec)]
Estimated time to end of superbatch: [36m14.2[0ms     [Fsuperbatch [36m100[0m [[35m67.1[0m% ([36m512[0m/[36m763[0m batches, [36m3518262[0m pos/sec)]
Estimated time to end of superbatch: [36m9.4[0ms     [Fsuperbatch [36m100[0m [[35m83.9[0m% ([36m640[0m/[36m763[0m batches, [36m3508104[0m pos/sec)]
Estimated time to end of superbatch: [36m4.6[0ms     [Fsuperbatch [36m100[0m | time [36m28.6[0ms | running loss [36m0.008805[0m | [36m3501955[0m pos/sec | total time [36m2875.8[0ms
Estimated time remaining in training: [36m5[0mh [36m6[0mm [36m45[0ms
Saved [anna-v5-s1-100]
LR dropped to [36m0.00086365006[0m
superbatch [36m101[0m [[35m0.0[0m% ([36m0[0m/[36m763[0m batches, [36m3380229[0m pos/sec)]
Estimated time to end of superbatch: [36minf[0ms     [Fsuperbatch [36m101[0m [[35m16.8[0m% ([36m128[0m/[36m763[0m batches, [36m3488654[0m pos/sec)]
Estimated time to end of superbatch: [36m24.0[0ms     [Fsuperbatch [36m101[0m [[35m33.6[0m% ([36m256[0m/[36m763[0m batches, [36m3502255[0m pos/sec)]
Estimated time to end of superbatch: [36m19.0[0ms     [Fsuperbatch [36m101[0m [[35m50.3[0m% ([36m384[0m/[36m763[0m batches, [36m3505925[0m pos/sec)]
Estimated time to end of superbatch: [36m14.2[0ms     [Fsuperbatch [36m101[0m [[35m67.1[0m% ([36m512[0m/[36m763[0m batches, [36m3502523[0m pos/sec)]
Estimated time to end of superbatch: [36m9.4[0ms     [Fsuperbatch [36m101[0m [[35m83.9[0m% ([36m640[0m/[36m763[0m batches, [36m3506779[0m pos/sec)]
Estimated time to end of superbatch: [36m4.6[0ms     [Fsuperbatch [36m101[0m | time [36m28.5[0ms | running loss [36m0.009077[0m | [36m3511016[0m pos/sec | total time [36m2907.4[0ms
Estimated time remaining in training: [36m5[0mh [36m6[0mm [36m34[0ms
LR dropped to [36m0.00086230005[0m
superbatch [36m102[0m [[35m0.0[0m% ([36m0[0m/[36m763[0m batches, [36m3515285[0m pos/sec)]
Estimated time to end of superbatch: [36minf[0ms     [Fsuperbatch [36m102[0m [[35m16.8[0m% ([36m128[0m/[36m763[0m batches, [36m3479872[0m pos/sec)]
Estimated time to end of superbatch: [36m24.1[0ms     [Fsuperbatch [36m102[0m [[35m33.6[0m% ([36m256[0m/[36m763[0m batches, [36m3490590[0m pos/sec)]
Estimated time to end of superbatch: [36m19.1[0ms     [Fsuperbatch [36m102[0m [[35m50.3[0m% ([36m384[0m/[36m763[0m batches, [36m3491868[0m pos/sec)]
Estimated time to end of superbatch: [36m14.3[0ms     [Fsuperbatch [36m102[0m [[35m67.1[0m% ([36m512[0m/[36m763[0m batches, [36m3492944[0m pos/sec)]
Estimated time to end of superbatch: [36m9.4[0ms     [Fsuperbatch [36m102[0m [[35m83.9[0m% ([36m640[0m/[36m763[0m batches, [36m3489706[0m pos/sec)]
Estimated time to end of superbatch: [36m4.6[0ms     [Fsuperbatch [36m102[0m | time [36m28.6[0ms | running loss [36m0.008809[0m | [36m3491441[0m pos/sec | total time [36m2936.0[0ms
Estimated time remaining in training: [36m5[0mh [36m6[0mm [36m4[0ms
LR dropped to [36m0.00086095004[0m
superbatch [36m103[0m [[35m0.0[0m% ([36m0[0m/[36m763[0m batches, [36m3160138[0m pos/sec)]
Estimated time to end of superbatch: [36minf[0ms     [Fsuperbatch [36m103[0m [[35m16.8[0m% ([36m128[0m/[36m763[0m batches, [36m3428712[0m pos/sec)]
Estimated time to end of superbatch: [36m24.5[0ms     [Fsuperbatch [36m103[0m [[35m33.6[0m% ([36m256[0m/[36m763[0m batches, [36m3497911[0m pos/sec)]
Estimated time to end of superbatch: [36m19.1[0ms     [Fsuperbatch [36m103[0m [[35m50.3[0m% ([36m384[0m/[36m763[0m batches, [36m3509342[0m pos/sec)]
Estimated time to end of superbatch: [36m14.2[0ms     [Fsuperbatch [36m103[0m [[35m67.1[0m% ([36m512[0m/[36m763[0m batches, [36m3507245[0m pos/sec)]
Estimated time to end of superbatch: [36m9.4[0ms     [Fsuperbatch [36m103[0m [[35m83.9[0m% ([36m640[0m/[36m763[0m batches, [36m3519047[0m pos/sec)]
Estimated time to end of superbatch: [36m4.6[0ms     [Fsuperbatch [36m103[0m | time [36m28.4[0ms | running loss [36m0.009113[0m | [36m3516302[0m pos/sec | total time [36m2964.5[0ms
Estimated time remaining in training: [36m5[0mh [36m5[0mm [36m33[0ms
LR dropped to [36m0.0008596[0m
superbatch [36m104[0m [[35m0.0[0m% ([36m0[0m/[36m763[0m batches, [36m3346730[0m pos/sec)]
Estimated time to end of superbatch: [36minf[0ms     [Fsuperbatch [36m104[0m [[35m16.8[0m% ([36m128[0m/[36m763[0m batches, [36m3619866[0m pos/sec)]
Estimated time to end of superbatch: [36m23.2[0ms     [Fsuperbatch [36m104[0m [[35m33.6[0m% ([36m256[0m/[36m763[0m batches, [36m3625887[0m pos/sec)]
Estimated time to end of superbatch: [36m18.4[0ms     [Fsuperbatch [36m104[0m [[35m50.3[0m% ([36m384[0m/[36m763[0m batches, [36m3615416[0m pos/sec)]
Estimated time to end of superbatch: [36m13.8[0ms     [Fsuperbatch [36m104[0m [[35m67.1[0m% ([36m512[0m/[36m763[0m batches, [36m3601540[0m pos/sec)]
Estimated time to end of superbatch: [36m9.2[0ms     [Fsuperbatch [36m104[0m [[35m83.9[0m% ([36m640[0m/[36m763[0m batches, [36m3586933[0m pos/sec)]
Estimated time to end of superbatch: [36m4.5[0ms     [Fsuperbatch [36m104[0m | time [36m27.9[0ms | running loss [36m0.008803[0m | [36m3587874[0m pos/sec | total time [36m2992.4[0ms
Estimated time remaining in training: [36m5[0mh [36m4[0mm [36m59[0ms
LR dropped to [36m0.00085825[0m
superbatch [36m105[0m [[35m0.0[0m% ([36m0[0m/[36m763[0m batches, [36m3940532[0m pos/sec)]
Estimated time to end of superbatch: [36minf[0ms     [Fsuperbatch [36m105[0m [[35m16.8[0m% ([36m128[0m/[36m763[0m batches, [36m3614126[0m pos/sec)]
Estimated time to end of superbatch: [36m23.2[0ms     [Fsuperbatch [36m105[0m [[35m33.6[0m% ([36m256[0m/[36m763[0m batches, [36m3566329[0m pos/sec)]
Estimated time to end of superbatch: [36m18.7[0ms     [Fsuperbatch [36m105[0m [[35m50.3[0m% ([36m384[0m/[36m763[0m batches, [36m3546551[0m pos/sec)]
Estimated time to end of superbatch: [36m14.0[0ms     [Fsuperbatch [36m105[0m [[35m67.1[0m% ([36m512[0m/[36m763[0m batches, [36m3550713[0m pos/sec)]
Estimated time to end of superbatch: [36m9.3[0ms     [Fsuperbatch [36m105[0m [[35m83.9[0m% ([36m640[0m/[36m763[0m batches, [36m3549157[0m pos/sec)]
Estimated time to end of superbatch: [36m4.5[0ms     [Fsuperbatch [36m105[0m | time [36m28.2[0ms | running loss [36m0.009115[0m | [36m3542742[0m pos/sec | total time [36m3020.6[0ms
Estimated time remaining in training: [36m5[0mh [36m4[0mm [36m27[0ms
LR dropped to [36m0.00085690006[0m
superbatch [36m106[0m [[35m0.0[0m% ([36m0[0m/[36m763[0m batches, [36m3346996[0m pos/sec)]
Estimated time to end of superbatch: [36minf[0ms     [Fsuperbatch [36m106[0m [[35m16.8[0m% ([36m128[0m/[36m763[0m batches, [36m3525902[0m pos/sec)]
Estimated time to end of superbatch: [36m23.8[0ms     [Fsuperbatch [36m106[0m [[35m33.6[0m% ([36m256[0m/[36m763[0m batches, [36m3549258[0m pos/sec)]
Estimated time to end of superbatch: [36m18.8[0ms     [Fsuperbatch [36m106[0m [[35m50.3[0m% ([36m384[0m/[36m763[0m batches, [36m3541294[0m pos/sec)]
Estimated time to end of superbatch: [36m14.1[0ms     [Fsuperbatch [36m106[0m [[35m67.1[0m% ([36m512[0m/[36m763[0m batches, [36m3531777[0m pos/sec)]
Estimated time to end of superbatch: [36m9.3[0ms     [Fsuperbatch [36m106[0m [[35m83.9[0m% ([36m640[0m/[36m763[0m batches, [36m3529904[0m pos/sec)]
Estimated time to end of superbatch: [36m4.6[0ms     [Fsuperbatch [36m106[0m | time [36m28.3[0ms | running loss [36m0.008825[0m | [36m3529268[0m pos/sec | total time [36m3048.9[0ms
Estimated time remaining in training: [36m5[0mh [36m3[0mm [36m56[0ms
LR dropped to [36m0.00085555005[0m
superbatch [36m107[0m [[35m0.0[0m% ([36m0[0m/[36m763[0m batches, [36m3521286[0m pos/sec)]
Estimated time to end of superbatch: [36minf[0ms     [Fsuperbatch [36m107[0m [[35m16.8[0m% ([36m128[0m/[36m763[0m batches, [36m3515892[0m pos/sec)]
Estimated time to end of superbatch: [36m23.9[0ms     [Fsuperbatch [36m107[0m [[35m33.6[0m% ([36m256[0m/[36m763[0m batches, [36m3532656[0m pos/sec)]
Estimated time to end of superbatch: [36m18.9[0ms     [Fsuperbatch [36m107[0m [[35m50.3[0m% ([36m384[0m/[36m763[0m batches, [36m3521500[0m pos/sec)]
Estimated time to end of superbatch: [36m14.1[0ms     [Fsuperbatch [36m107[0m [[35m67.1[0m% ([36m512[0m/[36m763[0m batches, [36m3515720[0m pos/sec)]
Estimated time to end of superbatch: [36m9.4[0ms     [Fsuperbatch [36m107[0m [[35m83.9[0m% ([36m640[0m/[36m763[0m batches, [36m3514676[0m pos/sec)]
Estimated time to end of superbatch: [36m4.6[0ms     [Fsuperbatch [36m107[0m | time [36m28.5[0ms | running loss [36m0.009118[0m | [36m3506674[0m pos/sec | total time [36m3077.4[0ms
Estimated time remaining in training: [36m5[0mh [36m3[0mm [36m25[0ms
LR dropped to [36m0.00085420004[0m
superbatch [36m108[0m [[35m0.0[0m% ([36m0[0m/[36m763[0m batches, [36m3912669[0m pos/sec)]
Estimated time to end of superbatch: [36minf[0ms     [Fsuperbatch [36m108[0m [[35m16.8[0m% ([36m128[0m/[36m763[0m batches, [36m3536968[0m pos/sec)]
Estimated time to end of superbatch: [36m23.7[0ms     [Fsuperbatch [36m108[0m [[35m33.6[0m% ([36m256[0m/[36m763[0m batches, [36m3536537[0m pos/sec)]
Estimated time to end of superbatch: [36m18.9[0ms     [Fsuperbatch [36m108[0m [[35m50.3[0m% ([36m384[0m/[36m763[0m batches, [36m3525226[0m pos/sec)]
Estimated time to end of superbatch: [36m14.1[0ms     [Fsuperbatch [36m108[0m [[35m67.1[0m% ([36m512[0m/[36m763[0m batches, [36m3527248[0m pos/sec)]
Estimated time to end of superbatch: [36m9.3[0ms     [Fsuperbatch [36m108[0m [[35m83.9[0m% ([36m640[0m/[36m763[0m batches, [36m3520893[0m pos/sec)]
Estimated time to end of superbatch: [36m4.6[0ms     [Fsuperbatch [36m108[0m | time [36m28.4[0ms | running loss [36m0.008828[0m | [36m3515900[0m pos/sec | total time [36m3105.9[0ms
Estimated time remaining in training: [36m5[0mh [36m2[0mm [36m55[0ms
LR dropped to [36m0.00085285003[0m
superbatch [36m109[0m [[35m0.0[0m% ([36m0[0m/[36m763[0m batches, [36m3587196[0m pos/sec)]
Estimated time to end of superbatch: [36minf[0ms     [Fsuperbatch [36m109[0m [[35m16.8[0m% ([36m128[0m/[36m763[0m batches, [36m3468476[0m pos/sec)]
Estimated time to end of superbatch: [36m24.2[0ms     [Fsuperbatch [36m109[0m [[35m33.6[0m% ([36m256[0m/[36m763[0m batches, [36m3498050[0m pos/sec)]
Estimated time to end of superbatch: [36m19.1[0ms     [Fsuperbatch [36m109[0m [[35m50.3[0m% ([36m384[0m/[36m763[0m batches, [36m3501181[0m pos/sec)]
Estimated time to end of superbatch: [36m14.2[0ms     [Fsuperbatch [36m109[0m [[35m67.1[0m% ([36m512[0m/[36m763[0m batches, [36m3493570[0m pos/sec)]
Estimated time to end of superbatch: [36m9.4[0ms     [Fsuperbatch [36m109[0m [[35m83.9[0m% ([36m640[0m/[36m763[0m batches, [36m3485634[0m pos/sec)]
Estimated time to end of superbatch: [36m4.6[0ms     [Fsuperbatch [36m109[0m | time [36m28.6[0ms | running loss [36m0.009101[0m | [36m3502218[0m pos/sec | total time [36m3134.4[0ms
Estimated time remaining in training: [36m5[0mh [36m2[0mm [36m25[0ms
LR dropped to [36m0.0008515[0m
superbatch [36m110[0m [[35m0.0[0m% ([36m0[0m/[36m763[0m batches, [36m3280957[0m pos/sec)]
Estimated time to end of superbatch: [36minf[0ms     [Fsuperbatch [36m110[0m [[35m16.8[0m% ([36m128[0m/[36m763[0m batches, [36m3478574[0m pos/sec)]
Estimated time to end of superbatch: [36m24.1[0ms     [Fsuperbatch [36m110[0m [[35m33.6[0m% ([36m256[0m/[36m763[0m batches, [36m3520977[0m pos/sec)]
Estimated time to end of superbatch: [36m18.9[0ms     [Fsuperbatch [36m110[0m [[35m50.3[0m% ([36m384[0m/[36m763[0m batches, [36m3523166[0m pos/sec)]
Estimated time to end of superbatch: [36m14.1[0ms     [Fsuperbatch [36m110[0m [[35m67.1[0m% ([36m512[0m/[36m763[0m batches, [36m3512674[0m pos/sec)]
Estimated time to end of superbatch: [36m9.4[0ms     [Fsuperbatch [36m110[0m [[35m83.9[0m% ([36m640[0m/[36m763[0m batches, [36m3519918[0m pos/sec)]
Estimated time to end of superbatch: [36m4.6[0ms     [Fsuperbatch [36m110[0m | time [36m28.5[0ms | running loss [36m0.008849[0m | [36m3510144[0m pos/sec | total time [36m3162.9[0ms
Estimated time remaining in training: [36m5[0mh [36m1[0mm [36m55[0ms
Saved [anna-v5-s1-110]
LR dropped to [36m0.00085015[0m
superbatch [36m111[0m [[35m0.0[0m% ([36m0[0m/[36m763[0m batches, [36m2917463[0m pos/sec)]
Estimated time to end of superbatch: [36minf[0ms     [Fsuperbatch [36m111[0m [[35m16.8[0m% ([36m128[0m/[36m763[0m batches, [36m3418824[0m pos/sec)]
Estimated time to end of superbatch: [36m24.5[0ms     [Fsuperbatch [36m111[0m [[35m33.6[0m% ([36m256[0m/[36m763[0m batches, [36m3448575[0m pos/sec)]
Estimated time to end of superbatch: [36m19.3[0ms     [Fsuperbatch [36m111[0m [[35m50.3[0m% ([36m384[0m/[36m763[0m batches, [36m3469818[0m pos/sec)]
Estimated time to end of superbatch: [36m14.4[0ms     [Fsuperbatch [36m111[0m [[35m67.1[0m% ([36m512[0m/[36m763[0m batches, [36m3478970[0m pos/sec)]
Estimated time to end of superbatch: [36m9.5[0ms     [Fsuperbatch [36m111[0m [[35m83.9[0m% ([36m640[0m/[36m763[0m batches, [36m3477193[0m pos/sec)]
Estimated time to end of superbatch: [36m4.6[0ms     [Fsuperbatch [36m111[0m | time [36m28.8[0ms | running loss [36m0.009122[0m | [36m3471004[0m pos/sec | total time [36m3195.3[0ms
Estimated time remaining in training: [36m5[0mh [36m1[0mm [36m46[0ms
LR dropped to [36m0.00084880006[0m
superbatch [36m112[0m [[35m0.0[0m% ([36m0[0m/[36m763[0m batches, [36m3464612[0m pos/sec)]
Estimated time to end of superbatch: [36minf[0ms     [Fsuperbatch [36m112[0m [[35m16.8[0m% ([36m128[0m/[36m763[0m batches, [36m3478075[0m pos/sec)]
Estimated time to end of superbatch: [36m24.1[0ms     [Fsuperbatch [36m112[0m [[35m33.6[0m% ([36m256[0m/[36m763[0m batches, [36m3551269[0m pos/sec)]
Estimated time to end of superbatch: [36m18.8[0ms     [Fsuperbatch [36m112[0m [[35m50.3[0m% ([36m384[0m/[36m763[0m batches, [36m3554188[0m pos/sec)]
Estimated time to end of superbatch: [36m14.0[0ms     [Fsuperbatch [36m112[0m [[35m67.1[0m% ([36m512[0m/[36m763[0m batches, [36m3551979[0m pos/sec)]
Estimated time to end of superbatch: [36m9.3[0ms     [Fsuperbatch [36m112[0m [[35m83.9[0m% ([36m640[0m/[36m763[0m batches, [36m3538668[0m pos/sec)]
Estimated time to end of superbatch: [36m4.6[0ms     [Fsuperbatch [36m112[0m | time [36m28.3[0ms | running loss [36m0.008869[0m | [36m3536358[0m pos/sec | total time [36m3223.6[0ms
Estimated time remaining in training: [36m5[0mh [36m1[0mm [36m15[0ms
LR dropped to [36m0.00084745005[0m
superbatch [36m113[0m [[35m0.0[0m% ([36m0[0m/[36m763[0m batches, [36m3366720[0m pos/sec)]
Estimated time to end of superbatch: [36minf[0ms     [Fsuperbatch [36m113[0m [[35m16.8[0m% ([36m128[0m/[36m763[0m batches, [36m3480052[0m pos/sec)]
Estimated time to end of superbatch: [36m24.1[0ms     [Fsuperbatch [36m113[0m [[35m33.6[0m% ([36m256[0m/[36m763[0m batches, [36m3523531[0m pos/sec)]
Estimated time to end of superbatch: [36m18.9[0ms     [Fsuperbatch [36m113[0m [[35m50.3[0m% ([36m384[0m/[36m763[0m batches, [36m3539848[0m pos/sec)]
Estimated time to end of superbatch: [36m14.1[0ms     [Fsuperbatch [36m113[0m [[35m67.1[0m% ([36m512[0m/[36m763[0m batches, [36m3532864[0m pos/sec)]
Estimated time to end of superbatch: [36m9.3[0ms     [Fsuperbatch [36m113[0m [[35m83.9[0m% ([36m640[0m/[36m763[0m batches, [36m3523357[0m pos/sec)]
Estimated time to end of superbatch: [36m4.6[0ms     [Fsuperbatch [36m113[0m | time [36m28.3[0ms | running loss [36m0.009094[0m | [36m3535780[0m pos/sec | total time [36m3251.9[0ms
Estimated time remaining in training: [36m5[0mh [36m0[0mm [36m43[0ms
LR dropped to [36m0.00084610004[0m
superbatch [36m114[0m [[35m0.0[0m% ([36m0[0m/[36m763[0m batches, [36m3358237[0m pos/sec)]
Estimated time to end of superbatch: [36minf[0ms     [Fsuperbatch [36m114[0m [[35m16.8[0m% ([36m128[0m/[36m763[0m batches, [36m3577740[0m pos/sec)]
Estimated time to end of superbatch: [36m23.4[0ms     [Fsuperbatch [36m114[0m [[35m33.6[0m% ([36m256[0m/[36m763[0m batches, [36m3561660[0m pos/sec)]
Estimated time to end of superbatch: [36m18.7[0ms     [Fsuperbatch [36m114[0m [[35m50.3[0m% ([36m384[0m/[36m763[0m batches, [36m3558368[0m pos/sec)]
Estimated time to end of superbatch: [36m14.0[0ms     [Fsuperbatch [36m114[0m [[35m67.1[0m% ([36m512[0m/[36m763[0m batches, [36m3551390[0m pos/sec)]
Estimated time to end of superbatch: [36m9.3[0ms     [Fsuperbatch [36m114[0m [[35m83.9[0m% ([36m640[0m/[36m763[0m batches, [36m3540344[0m pos/sec)]
Estimated time to end of superbatch: [36m4.6[0ms     [Fsuperbatch [36m114[0m | time [36m28.3[0ms | running loss [36m0.008884[0m | [36m3533445[0m pos/sec | total time [36m3280.2[0ms
Estimated time remaining in training: [36m5[0mh [36m0[0mm [36m12[0ms
LR dropped to [36m0.00084475003[0m
superbatch [36m115[0m [[35m0.0[0m% ([36m0[0m/[36m763[0m batches, [36m3162474[0m pos/sec)]
Estimated time to end of superbatch: [36minf[0ms     [Fsuperbatch [36m115[0m [[35m16.8[0m% ([36m128[0m/[36m763[0m batches, [36m3495250[0m pos/sec)]
Estimated time to end of superbatch: [36m24.0[0ms     [Fsuperbatch [36m115[0m [[35m33.6[0m% ([36m256[0m/[36m763[0m batches, [36m3475154[0m pos/sec)]
Estimated time to end of superbatch: [36m19.2[0ms     [Fsuperbatch [36m115[0m [[35m50.3[0m% ([36m384[0m/[36m763[0m batches, [36m3479983[0m pos/sec)]
Estimated time to end of superbatch: [36m14.3[0ms     [Fsuperbatch [36m115[0m [[35m67.1[0m% ([36m512[0m/[36m763[0m batches, [36m3486958[0m pos/sec)]
Estimated time to end of superbatch: [36m9.5[0ms     [Fsuperbatch [36m115[0m [[35m83.9[0m% ([36m640[0m/[36m763[0m batches, [36m3487090[0m pos/sec)]
Estimated time to end of superbatch: [36m4.6[0ms     [Fsuperbatch [36m115[0m | time [36m28.6[0ms | running loss [36m0.009104[0m | [36m3492300[0m pos/sec | total time [36m3308.8[0ms
Estimated time remaining in training: [36m4[0mh [36m59[0mm [36m42[0ms
LR dropped to [36m0.0008434[0m
superbatch [36m116[0m [[35m0.0[0m% ([36m0[0m/[36m763[0m batches, [36m3491871[0m pos/sec)]
Estimated time to end of superbatch: [36minf[0ms     [Fsuperbatch [36m116[0m [[35m16.8[0m% ([36m128[0m/[36m763[0m batches, [36m3528514[0m pos/sec)]
Estimated time to end of superbatch: [36m23.8[0ms     [Fsuperbatch [36m116[0m [[35m33.6[0m% ([36m256[0m/[36m763[0m batches, [36m3524239[0m pos/sec)]
Estimated time to end of superbatch: [36m18.9[0ms     [Fsuperbatch [36m116[0m [[35m50.3[0m% ([36m384[0m/[36m763[0m batches, [36m3510268[0m pos/sec)]
Estimated time to end of superbatch: [36m14.2[0ms     [Fsuperbatch [36m116[0m [[35m67.1[0m% ([36m512[0m/[36m763[0m batches, [36m3518012[0m pos/sec)]
Estimated time to end of superbatch: [36m9.4[0ms     [Fsuperbatch [36m116[0m [[35m83.9[0m% ([36m640[0m/[36m763[0m batches, [36m3517596[0m pos/sec)]
Estimated time to end of superbatch: [36m4.6[0ms     [Fsuperbatch [36m116[0m | time [36m28.4[0ms | running loss [36m0.008917[0m | [36m3519665[0m pos/sec | total time [36m3337.2[0ms
Estimated time remaining in training: [36m4[0mh [36m59[0mm [36m12[0ms
LR dropped to [36m0.00084205007[0m
superbatch [36m117[0m [[35m0.0[0m% ([36m0[0m/[36m763[0m batches, [36m3872032[0m pos/sec)]
Estimated time to end of superbatch: [36minf[0ms     [Fsuperbatch [36m117[0m [[35m16.8[0m% ([36m128[0m/[36m763[0m batches, [36m3532234[0m pos/sec)]
Estimated time to end of superbatch: [36m23.7[0ms     [Fsuperbatch [36m117[0m [[35m33.6[0m% ([36m256[0m/[36m763[0m batches, [36m3553600[0m pos/sec)]
Estimated time to end of superbatch: [36m18.8[0ms     [Fsuperbatch [36m117[0m [[35m50.3[0m% ([36m384[0m/[36m763[0m batches, [36m3553034[0m pos/sec)]
Estimated time to end of superbatch: [36m14.0[0ms     [Fsuperbatch [36m117[0m [[35m67.1[0m% ([36m512[0m/[36m763[0m batches, [36m3550474[0m pos/sec)]
Estimated time to end of superbatch: [36m9.3[0ms     [Fsuperbatch [36m117[0m [[35m83.9[0m% ([36m640[0m/[36m763[0m batches, [36m3541942[0m pos/sec)]
Estimated time to end of superbatch: [36m4.6[0ms     [Fsuperbatch [36m117[0m | time [36m28.4[0ms | running loss [36m0.009110[0m | [36m3523808[0m pos/sec | total time [36m3365.6[0ms
Estimated time remaining in training: [36m4[0mh [36m58[0mm [36m41[0ms
LR dropped to [36m0.00084070006[0m
superbatch [36m118[0m [[35m0.0[0m% ([36m0[0m/[36m763[0m batches, [36m3156884[0m pos/sec)]
Estimated time to end of superbatch: [36minf[0ms     [Fsuperbatch [36m118[0m [[35m16.8[0m% ([36m128[0m/[36m763[0m batches, [36m3521617[0m pos/sec)]
Estimated time to end of superbatch: [36m23.8[0ms     [Fsuperbatch [36m118[0m [[35m33.6[0m% ([36m256[0m/[36m763[0m batches, [36m3520488[0m pos/sec)]
Estimated time to end of superbatch: [36m18.9[0ms     [Fsuperbatch [36m118[0m [[35m50.3[0m% ([36m384[0m/[36m763[0m batches, [36m3523076[0m pos/sec)]
Estimated time to end of superbatch: [36m14.1[0ms     [Fsuperbatch [36m118[0m [[35m67.1[0m% ([36m512[0m/[36m763[0m batches, [36m3521206[0m pos/sec)]
Estimated time to end of superbatch: [36m9.4[0ms     [Fsuperbatch [36m118[0m [[35m83.9[0m% ([36m640[0m/[36m763[0m batches, [36m3521910[0m pos/sec)]
Estimated time to end of superbatch: [36m4.6[0ms     [Fsuperbatch [36m118[0m | time [36m28.4[0ms | running loss [36m0.008939[0m | [36m3520734[0m pos/sec | total time [36m3394.0[0ms
Estimated time remaining in training: [36m4[0mh [36m58[0mm [36m10[0ms
LR dropped to [36m0.00083935005[0m
superbatch [36m119[0m [[35m0.0[0m% ([36m0[0m/[36m763[0m batches, [36m3443347[0m pos/sec)]
Estimated time to end of superbatch: [36minf[0ms     [Fsuperbatch [36m119[0m [[35m16.8[0m% ([36m128[0m/[36m763[0m batches, [36m3485735[0m pos/sec)]
Estimated time to end of superbatch: [36m24.1[0ms     [Fsuperbatch [36m119[0m [[35m33.6[0m% ([36m256[0m/[36m763[0m batches, [36m3504196[0m pos/sec)]
Estimated time to end of superbatch: [36m19.0[0ms     [Fsuperbatch [36m119[0m [[35m50.3[0m% ([36m384[0m/[36m763[0m batches, [36m3511338[0m pos/sec)]
Estimated time to end of superbatch: [36m14.2[0ms     [Fsuperbatch [36m119[0m [[35m67.1[0m% ([36m512[0m/[36m763[0m batches, [36m3536436[0m pos/sec)]
Estimated time to end of superbatch: [36m9.3[0ms     [Fsuperbatch [36m119[0m [[35m83.9[0m% ([36m640[0m/[36m763[0m batches, [36m3539385[0m pos/sec)]
Estimated time to end of superbatch: [36m4.6[0ms     [Fsuperbatch [36m119[0m | time [36m28.3[0ms | running loss [36m0.009104[0m | [36m3535783[0m pos/sec | total time [36m3422.3[0ms
Estimated time remaining in training: [36m4[0mh [36m57[0mm [36m39[0ms
LR dropped to [36m0.00083800004[0m
superbatch [36m120[0m [[35m0.0[0m% ([36m0[0m/[36m763[0m batches, [36m3909885[0m pos/sec)]
Estimated time to end of superbatch: [36minf[0ms     [Fsuperbatch [36m120[0m [[35m16.8[0m% ([36m128[0m/[36m763[0m batches, [36m3605016[0m pos/sec)]
Estimated time to end of superbatch: [36m23.3[0ms     [Fsuperbatch [36m120[0m [[35m33.6[0m% ([36m256[0m/[36m763[0m batches, [36m3589550[0m pos/sec)]
Estimated time to end of superbatch: [36m18.6[0ms     [Fsuperbatch [36m120[0m [[35m50.3[0m% ([36m384[0m/[36m763[0m batches, [36m3564185[0m pos/sec)]
Estimated time to end of superbatch: [36m14.0[0ms     [Fsuperbatch [36m120[0m [[35m67.1[0m% ([36m512[0m/[36m763[0m batches, [36m3565794[0m pos/sec)]
Estimated time to end of superbatch: [36m9.2[0ms     [Fsuperbatch [36m120[0m [[35m83.9[0m% ([36m640[0m/[36m763[0m batches, [36m3562687[0m pos/sec)]
Estimated time to end of superbatch: [36m4.5[0ms     [Fsuperbatch [36m120[0m | time [36m28.1[0ms | running loss [36m0.008948[0m | [36m3562029[0m pos/sec | total time [36m3450.4[0ms
Estimated time remaining in training: [36m4[0mh [36m57[0mm [36m7[0ms
Saved [anna-v5-s1-120]
LR dropped to [36m0.00083665[0m
superbatch [36m121[0m [[35m0.0[0m% ([36m0[0m/[36m763[0m batches, [36m3967221[0m pos/sec)]
Estimated time to end of superbatch: [36minf[0ms     [Fsuperbatch [36m121[0m [[35m16.8[0m% ([36m128[0m/[36m763[0m batches, [36m3398734[0m pos/sec)]
Estimated time to end of superbatch: [36m24.7[0ms     [Fsuperbatch [36m121[0m [[35m33.6[0m% ([36m256[0m/[36m763[0m batches, [36m3393027[0m pos/sec)]
Estimated time to end of superbatch: [36m19.7[0ms     [Fsuperbatch [36m121[0m [[35m50.3[0m% ([36m384[0m/[36m763[0m batches, [36m3447618[0m pos/sec)]
Estimated time to end of superbatch: [36m14.4[0ms     [Fsuperbatch [36m121[0m [[35m67.1[0m% ([36m512[0m/[36m763[0m batches, [36m3485152[0m pos/sec)]
Estimated time to end of superbatch: [36m9.5[0ms     [Fsuperbatch [36m121[0m [[35m83.9[0m% ([36m640[0m/[36m763[0m batches, [36m3491756[0m pos/sec)]
Estimated time to end of superbatch: [36m4.6[0ms     [Fsuperbatch [36m121[0m | time [36m28.6[0ms | running loss [36m0.009099[0m | [36m3496846[0m pos/sec | total time [36m3482.1[0ms
Estimated time remaining in training: [36m4[0mh [36m56[0mm [36m53[0ms
LR dropped to [36m0.0008353001[0m
superbatch [36m122[0m [[35m0.0[0m% ([36m0[0m/[36m763[0m batches, [36m3384702[0m pos/sec)]
Estimated time to end of superbatch: [36minf[0ms     [Fsuperbatch [36m122[0m [[35m16.8[0m% ([36m128[0m/[36m763[0m batches, [36m3413618[0m pos/sec)]
Estimated time to end of superbatch: [36m24.6[0ms     [Fsuperbatch [36m122[0m [[35m33.6[0m% ([36m256[0m/[36m763[0m batches, [36m3463364[0m pos/sec)]
Estimated time to end of superbatch: [36m19.3[0ms     [Fsuperbatch [36m122[0m [[35m50.3[0m% ([36m384[0m/[36m763[0m batches, [36m3241887[0m pos/sec)]
Estimated time to end of superbatch: [36m15.4[0ms     [Fsuperbatch [36m122[0m [[35m67.1[0m% ([36m512[0m/[36m763[0m batches, [36m3275961[0m pos/sec)]
Estimated time to end of superbatch: [36m10.1[0ms     [Fsuperbatch [36m122[0m [[35m83.9[0m% ([36m640[0m/[36m763[0m batches, [36m3326250[0m pos/sec)]
Estimated time to end of superbatch: [36m4.9[0ms     [Fsuperbatch [36m122[0m | time [36m29.8[0ms | running loss [36m0.008963[0m | [36m3357424[0m pos/sec | total time [36m3511.9[0ms
Estimated time remaining in training: [36m4[0mh [36m56[0mm [36m29[0ms
LR dropped to [36m0.00083395006[0m
superbatch [36m123[0m [[35m0.0[0m% ([36m0[0m/[36m763[0m batches, [36m3899614[0m pos/sec)]
Estimated time to end of superbatch: [36minf[0ms     [Fsuperbatch [36m123[0m [[35m16.8[0m% ([36m128[0m/[36m763[0m batches, [36m3531505[0m pos/sec)]
Estimated time to end of superbatch: [36m23.8[0ms     [Fsuperbatch [36m123[0m [[35m33.6[0m% ([36m256[0m/[36m763[0m batches, [36m3540772[0m pos/sec)]
Estimated time to end of superbatch: [36m18.8[0ms     [Fsuperbatch [36m123[0m [[35m50.3[0m% ([36m384[0m/[36m763[0m batches, [36m3541598[0m pos/sec)]
Estimated time to end of superbatch: [36m14.1[0ms     [Fsuperbatch [36m123[0m [[35m67.1[0m% ([36m512[0m/[36m763[0m batches, [36m3535892[0m pos/sec)]
Estimated time to end of superbatch: [36m9.3[0ms     [Fsuperbatch [36m123[0m [[35m83.9[0m% ([36m640[0m/[36m763[0m batches, [36m3526865[0m pos/sec)]
Estimated time to end of superbatch: [36m4.6[0ms     [Fsuperbatch [36m123[0m | time [36m28.4[0ms | running loss [36m0.009906[0m | [36m3521206[0m pos/sec | total time [36m3540.3[0ms
Estimated time remaining in training: [36m4[0mh [36m55[0mm [36m58[0ms
LR dropped to [36m0.00083260005[0m
superbatch [36m124[0m [[35m0.0[0m% ([36m0[0m/[36m763[0m batches, [36m3456329[0m pos/sec)]
Estimated time to end of superbatch: [36minf[0ms     [Fsuperbatch [36m124[0m [[35m16.8[0m% ([36m128[0m/[36m763[0m batches, [36m3556814[0m pos/sec)]
Estimated time to end of superbatch: [36m23.6[0ms     [Fsuperbatch [36m124[0m [[35m33.6[0m% ([36m256[0m/[36m763[0m batches, [36m3557175[0m pos/sec)]
Estimated time to end of superbatch: [36m18.8[0ms     [Fsuperbatch [36m124[0m [[35m50.3[0m% ([36m384[0m/[36m763[0m batches, [36m3541709[0m pos/sec)]
Estimated time to end of superbatch: [36m14.1[0ms     [Fsuperbatch [36m124[0m [[35m67.1[0m% ([36m512[0m/[36m763[0m batches, [36m3553172[0m pos/sec)]
Estimated time to end of superbatch: [36m9.3[0ms     [Fsuperbatch [36m124[0m [[35m83.9[0m% ([36m640[0m/[36m763[0m batches, [36m3546636[0m pos/sec)]
Estimated time to end of superbatch: [36m4.6[0ms     [Fsuperbatch [36m124[0m | time [36m28.1[0ms | running loss [36m0.011026[0m | [36m3552906[0m pos/sec | total time [36m3568.4[0ms
Estimated time remaining in training: [36m4[0mh [36m55[0mm [36m27[0ms
LR dropped to [36m0.00083125004[0m
superbatch [36m125[0m [[35m0.0[0m% ([36m0[0m/[36m763[0m batches, [36m3634838[0m pos/sec)]
Estimated time to end of superbatch: [36minf[0ms     [Fsuperbatch [36m125[0m [[35m16.8[0m% ([36m128[0m/[36m763[0m batches, [36m3561635[0m pos/sec)]
Estimated time to end of superbatch: [36m23.6[0ms     [Fsuperbatch [36m125[0m [[35m33.6[0m% ([36m256[0m/[36m763[0m batches, [36m3550344[0m pos/sec)]
Estimated time to end of superbatch: [36m18.8[0ms     [Fsuperbatch [36m125[0m [[35m50.3[0m% ([36m384[0m/[36m763[0m batches, [36m3557068[0m pos/sec)]
Estimated time to end of superbatch: [36m14.0[0ms     [Fsuperbatch [36m125[0m [[35m67.1[0m% ([36m512[0m/[36m763[0m batches, [36m3552159[0m pos/sec)]
Estimated time to end of superbatch: [36m9.3[0ms     [Fsuperbatch [36m125[0m [[35m83.9[0m% ([36m640[0m/[36m763[0m batches, [36m3543563[0m pos/sec)]
Estimated time to end of superbatch: [36m4.6[0ms     [Fsuperbatch [36m125[0m | time [36m28.3[0ms | running loss [36m0.011009[0m | [36m3539178[0m pos/sec | total time [36m3596.7[0ms
Estimated time remaining in training: [36m4[0mh [36m54[0mm [36m55[0ms
LR dropped to [36m0.00082990003[0m
superbatch [36m126[0m [[35m0.0[0m% ([36m0[0m/[36m763[0m batches, [36m4035704[0m pos/sec)]
Estimated time to end of superbatch: [36minf[0ms     [Fsuperbatch [36m126[0m [[35m16.8[0m% ([36m128[0m/[36m763[0m batches, [36m3589795[0m pos/sec)]
Estimated time to end of superbatch: [36m23.4[0ms     [Fsuperbatch [36m126[0m [[35m33.6[0m% ([36m256[0m/[36m763[0m batches, [36m3616174[0m pos/sec)]
Estimated time to end of superbatch: [36m18.4[0ms     [Fsuperbatch [36m126[0m [[35m50.3[0m% ([36m384[0m/[36m763[0m batches, [36m3586000[0m pos/sec)]
Estimated time to end of superbatch: [36m13.9[0ms     [Fsuperbatch [36m126[0m [[35m67.1[0m% ([36m512[0m/[36m763[0m batches, [36m3571262[0m pos/sec)]
Estimated time to end of superbatch: [36m9.2[0ms     [Fsuperbatch [36m126[0m [[35m83.9[0m% ([36m640[0m/[36m763[0m batches, [36m3566130[0m pos/sec)]
Estimated time to end of superbatch: [36m4.5[0ms     [Fsuperbatch [36m126[0m | time [36m28.0[0ms | running loss [36m0.010881[0m | [36m3566226[0m pos/sec | total time [36m3624.7[0ms
Estimated time remaining in training: [36m4[0mh [36m54[0mm [36m23[0ms
LR dropped to [36m0.00082855[0m
superbatch [36m127[0m [[35m0.0[0m% ([36m0[0m/[36m763[0m batches, [36m3390541[0m pos/sec)]
Estimated time to end of superbatch: [36minf[0ms     [Fsuperbatch [36m127[0m [[35m16.8[0m% ([36m128[0m/[36m763[0m batches, [36m3525484[0m pos/sec)]
Estimated time to end of superbatch: [36m23.8[0ms     [Fsuperbatch [36m127[0m [[35m33.6[0m% ([36m256[0m/[36m763[0m batches, [36m3516108[0m pos/sec)]
Estimated time to end of superbatch: [36m19.0[0ms     [Fsuperbatch [36m127[0m [[35m50.3[0m% ([36m384[0m/[36m763[0m batches, [36m3529326[0m pos/sec)]
Estimated time to end of superbatch: [36m14.1[0ms     [Fsuperbatch [36m127[0m [[35m67.1[0m% ([36m512[0m/[36m763[0m batches, [36m3521032[0m pos/sec)]
Estimated time to end of superbatch: [36m9.4[0ms     [Fsuperbatch [36m127[0m [[35m83.9[0m% ([36m640[0m/[36m763[0m batches, [36m3523932[0m pos/sec)]
Estimated time to end of superbatch: [36m4.6[0ms     [Fsuperbatch [36m127[0m | time [36m28.4[0ms | running loss [36m0.010927[0m | [36m3515400[0m pos/sec | total time [36m3653.2[0ms
Estimated time remaining in training: [36m4[0mh [36m53[0mm [36m53[0ms
LR dropped to [36m0.0008272[0m
superbatch [36m128[0m [[35m0.0[0m% ([36m0[0m/[36m763[0m batches, [36m3749588[0m pos/sec)]
Estimated time to end of superbatch: [36minf[0ms     [Fsuperbatch [36m128[0m [[35m16.8[0m% ([36m128[0m/[36m763[0m batches, [36m3566683[0m pos/sec)]
Estimated time to end of superbatch: [36m23.5[0ms     [Fsuperbatch [36m128[0m [[35m33.6[0m% ([36m256[0m/[36m763[0m batches, [36m3533489[0m pos/sec)]
Estimated time to end of superbatch: [36m18.9[0ms     [Fsuperbatch [36m128[0m [[35m50.3[0m% ([36m384[0m/[36m763[0m batches, [36m3523576[0m pos/sec)]
Estimated time to end of superbatch: [36m14.1[0ms     [Fsuperbatch [36m128[0m [[35m67.1[0m% ([36m512[0m/[36m763[0m batches, [36m3522433[0m pos/sec)]
Estimated time to end of superbatch: [36m9.4[0ms     [Fsuperbatch [36m128[0m [[35m83.9[0m% ([36m640[0m/[36m763[0m batches, [36m3534964[0m pos/sec)]
Estimated time to end of superbatch: [36m4.6[0ms     [Fsuperbatch [36m128[0m | time [36m28.1[0ms | running loss [36m0.010835[0m | [36m3554217[0m pos/sec | total time [36m3681.3[0ms
Estimated time remaining in training: [36m4[0mh [36m53[0mm [36m21[0ms
LR dropped to [36m0.00082585006[0m
superbatch [36m129[0m [[35m0.0[0m% ([36m0[0m/[36m763[0m batches, [36m3623158[0m pos/sec)]
Estimated time to end of superbatch: [36minf[0ms     [Fsuperbatch [36m129[0m [[35m16.8[0m% ([36m128[0m/[36m763[0m batches, [36m3676740[0m pos/sec)]
Estimated time to end of superbatch: [36m22.8[0ms     [Fsuperbatch [36m129[0m [[35m33.6[0m% ([36m256[0m/[36m763[0m batches, [36m3608466[0m pos/sec)]
Estimated time to end of superbatch: [36m18.5[0ms     [Fsuperbatch [36m129[0m [[35m50.3[0m% ([36m384[0m/[36m763[0m batches, [36m3601797[0m pos/sec)]
Estimated time to end of superbatch: [36m13.8[0ms     [Fsuperbatch [36m129[0m [[35m67.1[0m% ([36m512[0m/[36m763[0m batches, [36m3604624[0m pos/sec)]
Estimated time to end of superbatch: [36m9.1[0ms     [Fsuperbatch [36m129[0m [[35m83.9[0m% ([36m640[0m/[36m763[0m batches, [36m3597466[0m pos/sec)]
Estimated time to end of superbatch: [36m4.5[0ms     [Fsuperbatch [36m129[0m | time [36m27.8[0ms | running loss [36m0.010859[0m | [36m3592386[0m pos/sec | total time [36m3709.1[0ms
Estimated time remaining in training: [36m4[0mh [36m52[0mm [36m48[0ms
LR dropped to [36m0.00082450005[0m
superbatch [36m130[0m [[35m0.0[0m% ([36m0[0m/[36m763[0m batches, [36m3711758[0m pos/sec)]
Estimated time to end of superbatch: [36minf[0ms     [Fsuperbatch [36m130[0m [[35m16.8[0m% ([36m128[0m/[36m763[0m batches, [36m3611124[0m pos/sec)]
Estimated time to end of superbatch: [36m23.2[0ms     [Fsuperbatch [36m130[0m [[35m33.6[0m% ([36m256[0m/[36m763[0m batches, [36m3595731[0m pos/sec)]
Estimated time to end of superbatch: [36m18.6[0ms     [Fsuperbatch [36m130[0m [[35m50.3[0m% ([36m384[0m/[36m763[0m batches, [36m3592682[0m pos/sec)]
Estimated time to end of superbatch: [36m13.9[0ms     [Fsuperbatch [36m130[0m [[35m67.1[0m% ([36m512[0m/[36m763[0m batches, [36m3592130[0m pos/sec)]
Estimated time to end of superbatch: [36m9.2[0ms     [Fsuperbatch [36m130[0m [[35m83.9[0m% ([36m640[0m/[36m763[0m batches, [36m3573979[0m pos/sec)]
Estimated time to end of superbatch: [36m4.5[0ms     [Fsuperbatch [36m130[0m | time [36m28.0[0ms | running loss [36m0.010821[0m | [36m3568884[0m pos/sec | total time [36m3737.2[0ms
Estimated time remaining in training: [36m4[0mh [36m52[0mm [36m15[0ms
Saved [anna-v5-s1-130]
LR dropped to [36m0.00082315004[0m
superbatch [36m131[0m [[35m0.0[0m% ([36m0[0m/[36m763[0m batches, [36m3424477[0m pos/sec)]
Estimated time to end of superbatch: [36minf[0ms     [Fsuperbatch [36m131[0m [[35m16.8[0m% ([36m128[0m/[36m763[0m batches, [36m3583506[0m pos/sec)]
Estimated time to end of superbatch: [36m23.4[0ms     [Fsuperbatch [36m131[0m [[35m33.6[0m% ([36m256[0m/[36m763[0m batches, [36m3529800[0m pos/sec)]
Estimated time to end of superbatch: [36m18.9[0ms     [Fsuperbatch [36m131[0m [[35m50.3[0m% ([36m384[0m/[36m763[0m batches, [36m3531443[0m pos/sec)]
Estimated time to end of superbatch: [36m14.1[0ms     [Fsuperbatch [36m131[0m [[35m67.1[0m% ([36m512[0m/[36m763[0m batches, [36m3554829[0m pos/sec)]
Estimated time to end of superbatch: [36m9.3[0ms     [Fsuperbatch [36m131[0m [[35m83.9[0m% ([36m640[0m/[36m763[0m batches, [36m3553968[0m pos/sec)]
Estimated time to end of superbatch: [36m4.5[0ms     [Fsuperbatch [36m131[0m | time [36m28.1[0ms | running loss [36m0.010844[0m | [36m3558157[0m pos/sec | total time [36m3768.4[0ms
Estimated time remaining in training: [36m4[0mh [36m51[0mm [36m58[0ms
LR dropped to [36m0.00082180003[0m
superbatch [36m132[0m [[35m0.0[0m% ([36m0[0m/[36m763[0m batches, [36m3811128[0m pos/sec)]
Estimated time to end of superbatch: [36minf[0ms     [Fsuperbatch [36m132[0m [[35m16.8[0m% ([36m128[0m/[36m763[0m batches, [36m3608118[0m pos/sec)]
Estimated time to end of superbatch: [36m23.2[0ms     [Fsuperbatch [36m132[0m [[35m33.6[0m% ([36m256[0m/[36m763[0m batches, [36m3600561[0m pos/sec)]
Estimated time to end of superbatch: [36m18.5[0ms     [Fsuperbatch [36m132[0m [[35m50.3[0m% ([36m384[0m/[36m763[0m batches, [36m3564284[0m pos/sec)]
Estimated time to end of superbatch: [36m14.0[0ms     [Fsuperbatch [36m132[0m [[35m67.1[0m% ([36m512[0m/[36m763[0m batches, [36m3543865[0m pos/sec)]
Estimated time to end of superbatch: [36m9.3[0ms     [Fsuperbatch [36m132[0m [[35m83.9[0m% ([36m640[0m/[36m763[0m batches, [36m3548204[0m pos/sec)]
Estimated time to end of superbatch: [36m4.6[0ms     [Fsuperbatch [36m132[0m | time [36m28.2[0ms | running loss [36m0.010830[0m | [36m3548919[0m pos/sec | total time [36m3796.6[0ms
Estimated time remaining in training: [36m4[0mh [36m51[0mm [36m27[0ms
LR dropped to [36m0.00082045[0m
superbatch [36m133[0m [[35m0.0[0m% ([36m0[0m/[36m763[0m batches, [36m3510572[0m pos/sec)]
Estimated time to end of superbatch: [36minf[0ms     [Fsuperbatch [36m133[0m [[35m16.8[0m% ([36m128[0m/[36m763[0m batches, [36m3519088[0m pos/sec)]
Estimated time to end of superbatch: [36m23.8[0ms     [Fsuperbatch [36m133[0m [[35m33.6[0m% ([36m256[0m/[36m763[0m batches, [36m3513525[0m pos/sec)]
Estimated time to end of superbatch: [36m19.0[0ms     [Fsuperbatch [36m133[0m [[35m50.3[0m% ([36m384[0m/[36m763[0m batches, [36m3526670[0m pos/sec)]
Estimated time to end of superbatch: [36m14.1[0ms     [Fsuperbatch [36m133[0m [[35m67.1[0m% ([36m512[0m/[36m763[0m batches, [36m3530125[0m pos/sec)]
Estimated time to end of superbatch: [36m9.3[0ms     [Fsuperbatch [36m133[0m [[35m83.9[0m% ([36m640[0m/[36m763[0m batches, [36m3534875[0m pos/sec)]
Estimated time to end of superbatch: [36m4.6[0ms     [Fsuperbatch [36m133[0m | time [36m28.2[0ms | running loss [36m0.010834[0m | [36m3542702[0m pos/sec | total time [36m3824.8[0ms
Estimated time remaining in training: [36m4[0mh [36m50[0mm [36m55[0ms
LR dropped to [36m0.00081910007[0m
superbatch [36m134[0m [[35m0.0[0m% ([36m0[0m/[36m763[0m batches, [36m3807535[0m pos/sec)]
Estimated time to end of superbatch: [36minf[0ms     [Fsuperbatch [36m134[0m [[35m16.8[0m% ([36m128[0m/[36m763[0m batches, [36m3554569[0m pos/sec)]
Estimated time to end of superbatch: [36m23.6[0ms     [Fsuperbatch [36m134[0m [[35m33.6[0m% ([36m256[0m/[36m763[0m batches, [36m3554226[0m pos/sec)]
Estimated time to end of superbatch: [36m18.8[0ms     [Fsuperbatch [36m134[0m [[35m50.3[0m% ([36m384[0m/[36m763[0m batches, [36m3571845[0m pos/sec)]
Estimated time to end of superbatch: [36m13.9[0ms     [Fsuperbatch [36m134[0m [[35m67.1[0m% ([36m512[0m/[36m763[0m batches, [36m3565448[0m pos/sec)]
Estimated time to end of superbatch: [36m9.2[0ms     [Fsuperbatch [36m134[0m [[35m83.9[0m% ([36m640[0m/[36m763[0m batches, [36m3557583[0m pos/sec)]
Estimated time to end of superbatch: [36m4.5[0ms     [Fsuperbatch [36m134[0m | time [36m28.1[0ms | running loss [36m0.010831[0m | [36m3553654[0m pos/sec | total time [36m3852.9[0ms
Estimated time remaining in training: [36m4[0mh [36m50[0mm [36m24[0ms
LR dropped to [36m0.00081775006[0m
superbatch [36m135[0m [[35m0.0[0m% ([36m0[0m/[36m763[0m batches, [36m3429017[0m pos/sec)]
Estimated time to end of superbatch: [36minf[0ms     [Fsuperbatch [36m135[0m [[35m16.8[0m% ([36m128[0m/[36m763[0m batches, [36m3574457[0m pos/sec)]
Estimated time to end of superbatch: [36m23.5[0ms     [Fsuperbatch [36m135[0m [[35m33.6[0m% ([36m256[0m/[36m763[0m batches, [36m3575524[0m pos/sec)]
Estimated time to end of superbatch: [36m18.7[0ms     [Fsuperbatch [36m135[0m [[35m50.3[0m% ([36m384[0m/[36m763[0m batches, [36m3554311[0m pos/sec)]
Estimated time to end of superbatch: [36m14.0[0ms     [Fsuperbatch [36m135[0m [[35m67.1[0m% ([36m512[0m/[36m763[0m batches, [36m3546876[0m pos/sec)]
Estimated time to end of superbatch: [36m9.3[0ms     [Fsuperbatch [36m135[0m [[35m83.9[0m% ([36m640[0m/[36m763[0m batches, [36m3541336[0m pos/sec)]
Estimated time to end of superbatch: [36m4.6[0ms     [Fsuperbatch [36m135[0m | time [36m28.3[0ms | running loss [36m0.010810[0m | [36m3536534[0m pos/sec | total time [36m3881.2[0ms
Estimated time remaining in training: [36m4[0mh [36m49[0mm [36m53[0ms
LR dropped to [36m0.00081640005[0m
superbatch [36m136[0m [[35m0.0[0m% ([36m0[0m/[36m763[0m batches, [36m3782522[0m pos/sec)]
Estimated time to end of superbatch: [36minf[0ms     [Fsuperbatch [36m136[0m [[35m16.8[0m% ([36m128[0m/[36m763[0m batches, [36m3495642[0m pos/sec)]
Estimated time to end of superbatch: [36m24.0[0ms     [Fsuperbatch [36m136[0m [[35m33.6[0m% ([36m256[0m/[36m763[0m batches, [36m3532400[0m pos/sec)]
Estimated time to end of superbatch: [36m18.9[0ms     [Fsuperbatch [36m136[0m [[35m50.3[0m% ([36m384[0m/[36m763[0m batches, [36m3525126[0m pos/sec)]
Estimated time to end of superbatch: [36m14.1[0ms     [Fsuperbatch [36m136[0m [[35m67.1[0m% ([36m512[0m/[36m763[0m batches, [36m3494585[0m pos/sec)]
Estimated time to end of superbatch: [36m9.4[0ms     [Fsuperbatch [36m136[0m [[35m83.9[0m% ([36m640[0m/[36m763[0m batches, [36m3519301[0m pos/sec)]
Estimated time to end of superbatch: [36m4.6[0ms     [Fsuperbatch [36m136[0m | time [36m28.3[0ms | running loss [36m0.010828[0m | [36m3531752[0m pos/sec | total time [36m3909.5[0ms
Estimated time remaining in training: [36m4[0mh [36m49[0mm [36m22[0ms
LR dropped to [36m0.00081505004[0m
superbatch [36m137[0m [[35m0.0[0m% ([36m0[0m/[36m763[0m batches, [36m3751227[0m pos/sec)]
Estimated time to end of superbatch: [36minf[0ms     [Fsuperbatch [36m137[0m [[35m16.8[0m% ([36m128[0m/[36m763[0m batches, [36m3564086[0m pos/sec)]
Estimated time to end of superbatch: [36m23.5[0ms     [Fsuperbatch [36m137[0m [[35m33.6[0m% ([36m256[0m/[36m763[0m batches, [36m3557442[0m pos/sec)]
Estimated time to end of superbatch: [36m18.8[0ms     [Fsuperbatch [36m137[0m [[35m50.3[0m% ([36m384[0m/[36m763[0m batches, [36m3543562[0m pos/sec)]
Estimated time to end of superbatch: [36m14.1[0ms     [Fsuperbatch [36m137[0m [[35m67.1[0m% ([36m512[0m/[36m763[0m batches, [36m3565167[0m pos/sec)]
Estimated time to end of superbatch: [36m9.2[0ms     [Fsuperbatch [36m137[0m [[35m83.9[0m% ([36m640[0m/[36m763[0m batches, [36m3561491[0m pos/sec)]
Estimated time to end of superbatch: [36m4.5[0ms     [Fsuperbatch [36m137[0m | time [36m28.1[0ms | running loss [36m0.010794[0m | [36m3557578[0m pos/sec | total time [36m3937.6[0ms
Estimated time remaining in training: [36m4[0mh [36m48[0mm [36m51[0ms
LR dropped to [36m0.0008137[0m
superbatch [36m138[0m [[35m0.0[0m% ([36m0[0m/[36m763[0m batches, [36m3243970[0m pos/sec)]
Estimated time to end of superbatch: [36minf[0ms     [Fsuperbatch [36m138[0m [[35m16.8[0m% ([36m128[0m/[36m763[0m batches, [36m3549072[0m pos/sec)]
Estimated time to end of superbatch: [36m23.6[0ms     [Fsuperbatch [36m138[0m [[35m33.6[0m% ([36m256[0m/[36m763[0m batches, [36m3545738[0m pos/sec)]
Estimated time to end of superbatch: [36m18.8[0ms     [Fsuperbatch [36m138[0m [[35m50.3[0m% ([36m384[0m/[36m763[0m batches, [36m3544083[0m pos/sec)]
Estimated time to end of superbatch: [36m14.1[0ms     [Fsuperbatch [36m138[0m [[35m67.1[0m% ([36m512[0m/[36m763[0m batches, [36m3559167[0m pos/sec)]
Estimated time to end of superbatch: [36m9.3[0ms     [Fsuperbatch [36m138[0m [[35m83.9[0m% ([36m640[0m/[36m763[0m batches, [36m3553566[0m pos/sec)]
Estimated time to end of superbatch: [36m4.5[0ms     [Fsuperbatch [36m138[0m | time [36m28.2[0ms | running loss [36m0.010860[0m | [36m3548482[0m pos/sec | total time [36m3965.8[0ms
Estimated time remaining in training: [36m4[0mh [36m48[0mm [36m20[0ms
LR dropped to [36m0.0008123501[0m
superbatch [36m139[0m [[35m0.0[0m% ([36m0[0m/[36m763[0m batches, [36m3286284[0m pos/sec)]
Estimated time to end of superbatch: [36minf[0ms     [Fsuperbatch [36m139[0m [[35m16.8[0m% ([36m128[0m/[36m763[0m batches, [36m3518628[0m pos/sec)]
Estimated time to end of superbatch: [36m23.8[0ms     [Fsuperbatch [36m139[0m [[35m33.6[0m% ([36m256[0m/[36m763[0m batches, [36m3521495[0m pos/sec)]
Estimated time to end of superbatch: [36m18.9[0ms     [Fsuperbatch [36m139[0m [[35m50.3[0m% ([36m384[0m/[36m763[0m batches, [36m3495693[0m pos/sec)]
Estimated time to end of superbatch: [36m14.2[0ms     [Fsuperbatch [36m139[0m [[35m67.1[0m% ([36m512[0m/[36m763[0m batches, [36m3534378[0m pos/sec)]
Estimated time to end of superbatch: [36m9.3[0ms     [Fsuperbatch [36m139[0m [[35m83.9[0m% ([36m640[0m/[36m763[0m batches, [36m3547988[0m pos/sec)]
Estimated time to end of superbatch: [36m4.6[0ms     [Fsuperbatch [36m139[0m | time [36m28.2[0ms | running loss [36m0.010804[0m | [36m3548829[0m pos/sec | total time [36m3994.0[0ms
Estimated time remaining in training: [36m4[0mh [36m47[0mm [36m49[0ms
LR dropped to [36m0.000811[0m
superbatch [36m140[0m [[35m0.0[0m% ([36m0[0m/[36m763[0m batches, [36m3499632[0m pos/sec)]
Estimated time to end of superbatch: [36minf[0ms     [Fsuperbatch [36m140[0m [[35m16.8[0m% ([36m128[0m/[36m763[0m batches, [36m3529480[0m pos/sec)]
Estimated time to end of superbatch: [36m23.8[0ms     [Fsuperbatch [36m140[0m [[35m33.6[0m% ([36m256[0m/[36m763[0m batches, [36m3539030[0m pos/sec)]
Estimated time to end of superbatch: [36m18.9[0ms     [Fsuperbatch [36m140[0m [[35m50.3[0m% ([36m384[0m/[36m763[0m batches, [36m3532566[0m pos/sec)]
Estimated time to end of superbatch: [36m14.1[0ms     [Fsuperbatch [36m140[0m [[35m67.1[0m% ([36m512[0m/[36m763[0m batches, [36m3526158[0m pos/sec)]
Estimated time to end of superbatch: [36m9.3[0ms     [Fsuperbatch [36m140[0m [[35m83.9[0m% ([36m640[0m/[36m763[0m batches, [36m3544822[0m pos/sec)]
Estimated time to end of superbatch: [36m4.6[0ms     [Fsuperbatch [36m140[0m | time [36m28.2[0ms | running loss [36m0.010889[0m | [36m3543282[0m pos/sec | total time [36m4022.2[0ms
Estimated time remaining in training: [36m4[0mh [36m47[0mm [36m18[0ms
Saved [anna-v5-s1-140]
LR dropped to [36m0.00080965005[0m
superbatch [36m141[0m [[35m0.0[0m% ([36m0[0m/[36m763[0m batches, [36m3431005[0m pos/sec)]
Estimated time to end of superbatch: [36minf[0ms     [Fsuperbatch [36m141[0m [[35m16.8[0m% ([36m128[0m/[36m763[0m batches, [36m3550289[0m pos/sec)]
Estimated time to end of superbatch: [36m23.6[0ms     [Fsuperbatch [36m141[0m [[35m33.6[0m% ([36m256[0m/[36m763[0m batches, [36m3590453[0m pos/sec)]
Estimated time to end of superbatch: [36m18.6[0ms     [Fsuperbatch [36m141[0m [[35m50.3[0m% ([36m384[0m/[36m763[0m batches, [36m3571683[0m pos/sec)]
Estimated time to end of superbatch: [36m13.9[0ms     [Fsuperbatch [36m141[0m [[35m67.1[0m% ([36m512[0m/[36m763[0m batches, [36m3594826[0m pos/sec)]
Estimated time to end of superbatch: [36m9.2[0ms     [Fsuperbatch [36m141[0m [[35m83.9[0m% ([36m640[0m/[36m763[0m batches, [36m3601296[0m pos/sec)]
Estimated time to end of superbatch: [36m4.5[0ms     [Fsuperbatch [36m141[0m | time [36m27.8[0ms | running loss [36m0.010794[0m | [36m3597851[0m pos/sec | total time [36m4053.1[0ms
Estimated time remaining in training: [36m4[0mh [36m46[0mm [36m58[0ms
LR dropped to [36m0.00080830004[0m
superbatch [36m142[0m [[35m0.0[0m% ([36m0[0m/[36m763[0m batches, [36m2347729[0m pos/sec)]
Estimated time to end of superbatch: [36minf[0ms     [Fsuperbatch [36m142[0m [[35m16.8[0m% ([36m128[0m/[36m763[0m batches, [36m3220042[0m pos/sec)]
Estimated time to end of superbatch: [36m26.0[0ms     [Fsuperbatch [36m142[0m [[35m33.6[0m% ([36m256[0m/[36m763[0m batches, [36m3421850[0m pos/sec)]
Estimated time to end of superbatch: [36m19.5[0ms     [Fsuperbatch [36m142[0m [[35m50.3[0m% ([36m384[0m/[36m763[0m batches, [36m3483415[0m pos/sec)]
Estimated time to end of superbatch: [36m14.3[0ms     [Fsuperbatch [36m142[0m [[35m67.1[0m% ([36m512[0m/[36m763[0m batches, [36m3508079[0m pos/sec)]
Estimated time to end of superbatch: [36m9.4[0ms     [Fsuperbatch [36m142[0m [[35m83.9[0m% ([36m640[0m/[36m763[0m batches, [36m3509118[0m pos/sec)]
Estimated time to end of superbatch: [36m4.6[0ms     [Fsuperbatch [36m142[0m | time [36m28.5[0ms | running loss [36m0.010887[0m | [36m3510270[0m pos/sec | total time [36m4082.2[0ms
Estimated time remaining in training: [36m4[0mh [36m46[0mm [36m31[0ms
LR dropped to [36m0.00080695003[0m
superbatch [36m143[0m [[35m0.0[0m% ([36m0[0m/[36m763[0m batches, [36m3831223[0m pos/sec)]
Estimated time to end of superbatch: [36minf[0ms     [Fsuperbatch [36m143[0m [[35m16.8[0m% ([36m128[0m/[36m763[0m batches, [36m3561400[0m pos/sec)]
Estimated time to end of superbatch: [36m23.6[0ms     [Fsuperbatch [36m143[0m [[35m33.6[0m% ([36m256[0m/[36m763[0m batches, [36m3544104[0m pos/sec)]
Estimated time to end of superbatch: [36m18.8[0ms     [Fsuperbatch [36m143[0m [[35m50.3[0m% ([36m384[0m/[36m763[0m batches, [36m3544727[0m pos/sec)]
Estimated time to end of superbatch: [36m14.1[0ms     [Fsuperbatch [36m143[0m [[35m67.1[0m% ([36m512[0m/[36m763[0m batches, [36m3555208[0m pos/sec)]
Estimated time to end of superbatch: [36m9.3[0ms     [Fsuperbatch [36m143[0m [[35m83.9[0m% ([36m640[0m/[36m763[0m batches, [36m3559308[0m pos/sec)]
Estimated time to end of superbatch: [36m4.5[0ms     [Fsuperbatch [36m143[0m | time [36m28.1[0ms | running loss [36m0.010824[0m | [36m3559203[0m pos/sec | total time [36m4110.3[0ms
Estimated time remaining in training: [36m4[0mh [36m45[0mm [36m59[0ms
LR dropped to [36m0.0008056[0m
superbatch [36m144[0m [[35m0.0[0m% ([36m0[0m/[36m763[0m batches, [36m3520400[0m pos/sec)]
Estimated time to end of superbatch: [36minf[0ms     [Fsuperbatch [36m144[0m [[35m16.8[0m% ([36m128[0m/[36m763[0m batches, [36m3480015[0m pos/sec)]
Estimated time to end of superbatch: [36m24.1[0ms     [Fsuperbatch [36m144[0m [[35m33.6[0m% ([36m256[0m/[36m763[0m batches, [36m3486629[0m pos/sec)]
Estimated time to end of superbatch: [36m19.1[0ms     [Fsuperbatch [36m144[0m [[35m50.3[0m% ([36m384[0m/[36m763[0m batches, [36m3508436[0m pos/sec)]
Estimated time to end of superbatch: [36m14.2[0ms     [Fsuperbatch [36m144[0m [[35m67.1[0m% ([36m512[0m/[36m763[0m batches, [36m3525052[0m pos/sec)]
Estimated time to end of superbatch: [36m9.4[0ms     [Fsuperbatch [36m144[0m [[35m83.9[0m% ([36m640[0m/[36m763[0m batches, [36m3541108[0m pos/sec)]
Estimated time to end of superbatch: [36m4.6[0ms     [Fsuperbatch [36m144[0m | time [36m28.2[0ms | running loss [36m0.010985[0m | [36m3542544[0m pos/sec | total time [36m4138.5[0ms
Estimated time remaining in training: [36m4[0mh [36m45[0mm [36m28[0ms
LR dropped to [36m0.00080425[0m
superbatch [36m145[0m [[35m0.0[0m% ([36m0[0m/[36m763[0m batches, [36m3490361[0m pos/sec)]
Estimated time to end of superbatch: [36minf[0ms     [Fsuperbatch [36m145[0m [[35m16.8[0m% ([36m128[0m/[36m763[0m batches, [36m3566648[0m pos/sec)]
Estimated time to end of superbatch: [36m23.5[0ms     [Fsuperbatch [36m145[0m [[35m33.6[0m% ([36m256[0m/[36m763[0m batches, [36m3556208[0m pos/sec)]
Estimated time to end of superbatch: [36m18.8[0ms     [Fsuperbatch [36m145[0m [[35m50.3[0m% ([36m384[0m/[36m763[0m batches, [36m3543260[0m pos/sec)]
Estimated time to end of superbatch: [36m14.1[0ms     [Fsuperbatch [36m145[0m [[35m67.1[0m% ([36m512[0m/[36m763[0m batches, [36m3540855[0m pos/sec)]
Estimated time to end of superbatch: [36m9.3[0ms     [Fsuperbatch [36m145[0m [[35m83.9[0m% ([36m640[0m/[36m763[0m batches, [36m3535131[0m pos/sec)]
Estimated time to end of superbatch: [36m4.6[0ms     [Fsuperbatch [36m145[0m | time [36m28.3[0ms | running loss [36m0.010875[0m | [36m3535238[0m pos/sec | total time [36m4166.8[0ms
Estimated time remaining in training: [36m4[0mh [36m44[0mm [36m58[0ms
LR dropped to [36m0.00080290006[0m
superbatch [36m146[0m [[35m0.0[0m% ([36m0[0m/[36m763[0m batches, [36m3520395[0m pos/sec)]
Estimated time to end of superbatch: [36minf[0ms     [Fsuperbatch [36m146[0m [[35m16.8[0m% ([36m128[0m/[36m763[0m batches, [36m3537704[0m pos/sec)]
Estimated time to end of superbatch: [36m23.7[0ms     [Fsuperbatch [36m146[0m [[35m33.6[0m% ([36m256[0m/[36m763[0m batches, [36m3495524[0m pos/sec)]
Estimated time to end of superbatch: [36m19.1[0ms     [Fsuperbatch [36m146[0m [[35m50.3[0m% ([36m384[0m/[36m763[0m batches, [36m3502862[0m pos/sec)]
Estimated time to end of superbatch: [36m14.2[0ms     [Fsuperbatch [36m146[0m [[35m67.1[0m% ([36m512[0m/[36m763[0m batches, [36m3498780[0m pos/sec)]
Estimated time to end of superbatch: [36m9.4[0ms     [Fsuperbatch [36m146[0m [[35m83.9[0m% ([36m640[0m/[36m763[0m batches, [36m3499637[0m pos/sec)]
Estimated time to end of superbatch: [36m4.6[0ms     [Fsuperbatch [36m146[0m | time [36m28.5[0ms | running loss [36m0.011021[0m | [36m3506307[0m pos/sec | total time [36m4195.3[0ms
Estimated time remaining in training: [36m4[0mh [36m44[0mm [36m28[0ms
LR dropped to [36m0.00080155005[0m
superbatch [36m147[0m [[35m0.0[0m% ([36m0[0m/[36m763[0m batches, [36m3982107[0m pos/sec)]
Estimated time to end of superbatch: [36minf[0ms     [Fsuperbatch [36m147[0m [[35m16.8[0m% ([36m128[0m/[36m763[0m batches, [36m3614948[0m pos/sec)]
Estimated time to end of superbatch: [36m23.2[0ms     [Fsuperbatch [36m147[0m [[35m33.6[0m% ([36m256[0m/[36m763[0m batches, [36m3581040[0m pos/sec)]
Estimated time to end of superbatch: [36m18.6[0ms     [Fsuperbatch [36m147[0m [[35m50.3[0m% ([36m384[0m/[36m763[0m batches, [36m3584932[0m pos/sec)]
Estimated time to end of superbatch: [36m13.9[0ms     [Fsuperbatch [36m147[0m [[35m67.1[0m% ([36m512[0m/[36m763[0m batches, [36m3594671[0m pos/sec)]
Estimated time to end of superbatch: [36m9.2[0ms     [Fsuperbatch [36m147[0m [[35m83.9[0m% ([36m640[0m/[36m763[0m batches, [36m3625950[0m pos/sec)]
Estimated time to end of superbatch: [36m4.5[0ms     [Fsuperbatch [36m147[0m | time [36m27.5[0ms | running loss [36m0.010861[0m | [36m3633149[0m pos/sec | total time [36m4222.8[0ms
Estimated time remaining in training: [36m4[0mh [36m43[0mm [36m54[0ms
LR dropped to [36m0.00080020004[0m
superbatch [36m148[0m [[35m0.0[0m% ([36m0[0m/[36m763[0m batches, [36m3834902[0m pos/sec)]
Estimated time to end of superbatch: [36minf[0ms     [Fsuperbatch [36m148[0m [[35m16.8[0m% ([36m128[0m/[36m763[0m batches, [36m3550751[0m pos/sec)]
Estimated time to end of superbatch: [36m23.6[0ms     [Fsuperbatch [36m148[0m [[35m33.6[0m% ([36m256[0m/[36m763[0m batches, [36m3575840[0m pos/sec)]
Estimated time to end of superbatch: [36m18.7[0ms     [Fsuperbatch [36m148[0m [[35m50.3[0m% ([36m384[0m/[36m763[0m batches, [36m3567473[0m pos/sec)]
Estimated time to end of superbatch: [36m14.0[0ms     [Fsuperbatch [36m148[0m [[35m67.1[0m% ([36m512[0m/[36m763[0m batches, [36m3571707[0m pos/sec)]
Estimated time to end of superbatch: [36m9.2[0ms     [Fsuperbatch [36m148[0m [[35m83.9[0m% ([36m640[0m/[36m763[0m batches, [36m3560184[0m pos/sec)]
Estimated time to end of superbatch: [36m4.5[0ms     [Fsuperbatch [36m148[0m | time [36m28.1[0ms | running loss [36m0.011051[0m | [36m3559800[0m pos/sec | total time [36m4250.9[0ms
Estimated time remaining in training: [36m4[0mh [36m43[0mm [36m23[0ms
LR dropped to [36m0.00079885003[0m
superbatch [36m149[0m [[35m0.0[0m% ([36m0[0m/[36m763[0m batches, [36m3826356[0m pos/sec)]
Estimated time to end of superbatch: [36minf[0ms     [Fsuperbatch [36m149[0m [[35m16.8[0m% ([36m128[0m/[36m763[0m batches, [36m3611145[0m pos/sec)]
Estimated time to end of superbatch: [36m23.2[0ms     [Fsuperbatch [36m149[0m [[35m33.6[0m% ([36m256[0m/[36m763[0m batches, [36m3569365[0m pos/sec)]
Estimated time to end of superbatch: [36m18.7[0ms     [Fsuperbatch [36m149[0m [[35m50.3[0m% ([36m384[0m/[36m763[0m batches, [36m3566290[0m pos/sec)]
Estimated time to end of superbatch: [36m14.0[0ms     [Fsuperbatch [36m149[0m [[35m67.1[0m% ([36m512[0m/[36m763[0m batches, [36m3552822[0m pos/sec)]
Estimated time to end of superbatch: [36m9.3[0ms     [Fsuperbatch [36m149[0m [[35m83.9[0m% ([36m640[0m/[36m763[0m batches, [36m3550372[0m pos/sec)]
Estimated time to end of superbatch: [36m4.5[0ms     [Fsuperbatch [36m149[0m | time [36m28.2[0ms | running loss [36m0.010867[0m | [36m3550749[0m pos/sec | total time [36m4279.1[0ms
Estimated time remaining in training: [36m4[0mh [36m42[0mm [36m52[0ms
LR dropped to [36m0.0007975[0m
superbatch [36m150[0m [[35m0.0[0m% ([36m0[0m/[36m763[0m batches, [36m3394885[0m pos/sec)]
Estimated time to end of superbatch: [36minf[0ms     [Fsuperbatch [36m150[0m [[35m16.8[0m% ([36m128[0m/[36m763[0m batches, [36m3537851[0m pos/sec)]
Estimated time to end of superbatch: [36m23.7[0ms     [Fsuperbatch [36m150[0m [[35m33.6[0m% ([36m256[0m/[36m763[0m batches, [36m3539732[0m pos/sec)]
Estimated time to end of superbatch: [36m18.8[0ms     [Fsuperbatch [36m150[0m [[35m50.3[0m% ([36m384[0m/[36m763[0m batches, [36m3556774[0m pos/sec)]
Estimated time to end of superbatch: [36m14.0[0ms     [Fsuperbatch [36m150[0m [[35m67.1[0m% ([36m512[0m/[36m763[0m batches, [36m3559375[0m pos/sec)]
Estimated time to end of superbatch: [36m9.3[0ms     [Fsuperbatch [36m150[0m [[35m83.9[0m% ([36m640[0m/[36m763[0m batches, [36m3559048[0m pos/sec)]
Estimated time to end of superbatch: [36m4.5[0ms     [Fsuperbatch [36m150[0m | time [36m28.1[0ms | running loss [36m0.011074[0m | [36m3562296[0m pos/sec | total time [36m4307.2[0ms
Estimated time remaining in training: [36m4[0mh [36m42[0mm [36m21[0ms
Saved [anna-v5-s1-150]
LR dropped to [36m0.00079615007[0m
superbatch [36m151[0m [[35m0.0[0m% ([36m0[0m/[36m763[0m batches, [36m3319734[0m pos/sec)]
Estimated time to end of superbatch: [36minf[0ms     [Fsuperbatch [36m151[0m [[35m16.8[0m% ([36m128[0m/[36m763[0m batches, [36m3558366[0m pos/sec)]
Estimated time to end of superbatch: [36m23.6[0ms     [Fsuperbatch [36m151[0m [[35m33.6[0m% ([36m256[0m/[36m763[0m batches, [36m3516373[0m pos/sec)]
Estimated time to end of superbatch: [36m19.0[0ms     [Fsuperbatch [36m151[0m [[35m50.3[0m% ([36m384[0m/[36m763[0m batches, [36m3511434[0m pos/sec)]
Estimated time to end of superbatch: [36m14.2[0ms     [Fsuperbatch [36m151[0m [[35m67.1[0m% ([36m512[0m/[36m763[0m batches, [36m3521422[0m pos/sec)]
Estimated time to end of superbatch: [36m9.4[0ms     [Fsuperbatch [36m151[0m [[35m83.9[0m% ([36m640[0m/[36m763[0m batches, [36m3530527[0m pos/sec)]
Estimated time to end of superbatch: [36m4.6[0ms     [Fsuperbatch [36m151[0m | time [36m28.3[0ms | running loss [36m0.010822[0m | [36m3534494[0m pos/sec | total time [36m4338.5[0ms
Estimated time remaining in training: [36m4[0mh [36m42[0mm [36m3[0ms
LR dropped to [36m0.00079480006[0m
superbatch [36m152[0m [[35m0.0[0m% ([36m0[0m/[36m763[0m batches, [36m3432049[0m pos/sec)]
Estimated time to end of superbatch: [36minf[0ms     [Fsuperbatch [36m152[0m [[35m16.8[0m% ([36m128[0m/[36m763[0m batches, [36m3582877[0m pos/sec)]
Estimated time to end of superbatch: [36m23.4[0ms     [Fsuperbatch [36m152[0m [[35m33.6[0m% ([36m256[0m/[36m763[0m batches, [36m3603284[0m pos/sec)]
Estimated time to end of superbatch: [36m18.5[0ms     [Fsuperbatch [36m152[0m [[35m50.3[0m% ([36m384[0m/[36m763[0m batches, [36m3585626[0m pos/sec)]
Estimated time to end of superbatch: [36m13.9[0ms     [Fsuperbatch [36m152[0m [[35m67.1[0m% ([36m512[0m/[36m763[0m batches, [36m3582952[0m pos/sec)]
Estimated time to end of superbatch: [36m9.2[0ms     [Fsuperbatch [36m152[0m [[35m83.9[0m% ([36m640[0m/[36m763[0m batches, [36m3582946[0m pos/sec)]
Estimated time to end of superbatch: [36m4.5[0ms     [Fsuperbatch [36m152[0m | time [36m27.9[0ms | running loss [36m0.011083[0m | [36m3579011[0m pos/sec | total time [36m4366.5[0ms
Estimated time remaining in training: [36m4[0mh [36m41[0mm [36m31[0ms
LR dropped to [36m0.00079345005[0m
superbatch [36m153[0m [[35m0.0[0m% ([36m0[0m/[36m763[0m batches, [36m3539330[0m pos/sec)]
Estimated time to end of superbatch: [36minf[0ms     [Fsuperbatch [36m153[0m [[35m16.8[0m% ([36m128[0m/[36m763[0m batches, [36m3520550[0m pos/sec)]
Estimated time to end of superbatch: [36m23.8[0ms     [Fsuperbatch [36m153[0m [[35m33.6[0m% ([36m256[0m/[36m763[0m batches, [36m3508892[0m pos/sec)]
Estimated time to end of superbatch: [36m19.0[0ms     [Fsuperbatch [36m153[0m [[35m50.3[0m% ([36m384[0m/[36m763[0m batches, [36m3505947[0m pos/sec)]
Estimated time to end of superbatch: [36m14.2[0ms     [Fsuperbatch [36m153[0m [[35m67.1[0m% ([36m512[0m/[36m763[0m batches, [36m3523897[0m pos/sec)]
Estimated time to end of superbatch: [36m9.4[0ms     [Fsuperbatch [36m153[0m [[35m83.9[0m% ([36m640[0m/[36m763[0m batches, [36m3542029[0m pos/sec)]
Estimated time to end of superbatch: [36m4.6[0ms     [Fsuperbatch [36m153[0m | time [36m28.2[0ms | running loss [36m0.010816[0m | [36m3550800[0m pos/sec | total time [36m4394.6[0ms
Estimated time remaining in training: [36m4[0mh [36m41[0mm [36m0[0ms
LR dropped to [36m0.00079210004[0m
superbatch [36m154[0m [[35m0.0[0m% ([36m0[0m/[36m763[0m batches, [36m3687974[0m pos/sec)]
Estimated time to end of superbatch: [36minf[0ms     [Fsuperbatch [36m154[0m [[35m16.8[0m% ([36m128[0m/[36m763[0m batches, [36m3523972[0m pos/sec)]
Estimated time to end of superbatch: [36m23.8[0ms     [Fsuperbatch [36m154[0m [[35m33.6[0m% ([36m256[0m/[36m763[0m batches, [36m3529938[0m pos/sec)]
Estimated time to end of superbatch: [36m18.9[0ms     [Fsuperbatch [36m154[0m [[35m50.3[0m% ([36m384[0m/[36m763[0m batches, [36m3545147[0m pos/sec)]
Estimated time to end of superbatch: [36m14.0[0ms     [Fsuperbatch [36m154[0m [[35m67.1[0m% ([36m512[0m/[36m763[0m batches, [36m3546190[0m pos/sec)]
Estimated time to end of superbatch: [36m9.3[0ms     [Fsuperbatch [36m154[0m [[35m83.9[0m% ([36m640[0m/[36m763[0m batches, [36m3555471[0m pos/sec)]
Estimated time to end of superbatch: [36m4.5[0ms     [Fsuperbatch [36m154[0m | time [36m28.0[0ms | running loss [36m0.011090[0m | [36m3566197[0m pos/sec | total time [36m4422.7[0ms
Estimated time remaining in training: [36m4[0mh [36m40[0mm [36m29[0ms
LR dropped to [36m0.00079075[0m
superbatch [36m155[0m [[35m0.0[0m% ([36m0[0m/[36m763[0m batches, [36m3146609[0m pos/sec)]
Estimated time to end of superbatch: [36minf[0ms     [Fsuperbatch [36m155[0m [[35m16.8[0m% ([36m128[0m/[36m763[0m batches, [36m3624806[0m pos/sec)]
Estimated time to end of superbatch: [36m23.1[0ms     [Fsuperbatch [36m155[0m [[35m33.6[0m% ([36m256[0m/[36m763[0m batches, [36m3601210[0m pos/sec)]
Estimated time to end of superbatch: [36m18.5[0ms     [Fsuperbatch [36m155[0m [[35m50.3[0m% ([36m384[0m/[36m763[0m batches, [36m3571039[0m pos/sec)]
Estimated time to end of superbatch: [36m13.9[0ms     [Fsuperbatch [36m155[0m [[35m67.1[0m% ([36m512[0m/[36m763[0m batches, [36m3584892[0m pos/sec)]
Estimated time to end of superbatch: [36m9.2[0ms     [Fsuperbatch [36m155[0m [[35m83.9[0m% ([36m640[0m/[36m763[0m batches, [36m3573212[0m pos/sec)]
Estimated time to end of superbatch: [36m4.5[0ms     [Fsuperbatch [36m155[0m | time [36m27.9[0ms | running loss [36m0.010830[0m | [36m3587180[0m pos/sec | total time [36m4450.5[0ms
Estimated time remaining in training: [36m4[0mh [36m39[0mm [36m57[0ms
LR dropped to [36m0.0007894001[0m
superbatch [36m156[0m [[35m0.0[0m% ([36m0[0m/[36m763[0m batches, [36m3429307[0m pos/sec)]
Estimated time to end of superbatch: [36minf[0ms     [Fsuperbatch [36m156[0m [[35m16.8[0m% ([36m128[0m/[36m763[0m batches, [36m3667830[0m pos/sec)]
Estimated time to end of superbatch: [36m22.9[0ms     [Fsuperbatch [36m156[0m [[35m33.6[0m% ([36m256[0m/[36m763[0m batches, [36m3662129[0m pos/sec)]
Estimated time to end of superbatch: [36m18.2[0ms     [Fsuperbatch [36m156[0m [[35m50.3[0m% ([36m384[0m/[36m763[0m batches, [36m3673381[0m pos/sec)]
Estimated time to end of superbatch: [36m13.6[0ms     [Fsuperbatch [36m156[0m [[35m67.1[0m% ([36m512[0m/[36m763[0m batches, [36m3681346[0m pos/sec)]
Estimated time to end of superbatch: [36m9.0[0ms     [Fsuperbatch [36m156[0m [[35m83.9[0m% ([36m640[0m/[36m763[0m batches, [36m3686486[0m pos/sec)]
Estimated time to end of superbatch: [36m4.4[0ms     [Fsuperbatch [36m156[0m | time [36m27.1[0ms | running loss [36m0.011115[0m | [36m3692250[0m pos/sec | total time [36m4477.6[0ms
Estimated time remaining in training: [36m4[0mh [36m39[0mm [36m22[0ms
LR dropped to [36m0.00078805[0m
superbatch [36m157[0m [[35m0.0[0m% ([36m0[0m/[36m763[0m batches, [36m3706758[0m pos/sec)]
Estimated time to end of superbatch: [36minf[0ms     [Fsuperbatch [36m157[0m [[35m16.8[0m% ([36m128[0m/[36m763[0m batches, [36m3733268[0m pos/sec)]
Estimated time to end of superbatch: [36m22.5[0ms     [Fsuperbatch [36m157[0m [[35m33.6[0m% ([36m256[0m/[36m763[0m batches, [36m3743577[0m pos/sec)]
Estimated time to end of superbatch: [36m17.8[0ms     [Fsuperbatch [36m157[0m [[35m50.3[0m% ([36m384[0m/[36m763[0m batches, [36m3727686[0m pos/sec)]
Estimated time to end of superbatch: [36m13.4[0ms     [Fsuperbatch [36m157[0m [[35m67.1[0m% ([36m512[0m/[36m763[0m batches, [36m3721634[0m pos/sec)]
Estimated time to end of superbatch: [36m8.9[0ms     [Fsuperbatch [36m157[0m [[35m83.9[0m% ([36m640[0m/[36m763[0m batches, [36m3723213[0m pos/sec)]
Estimated time to end of superbatch: [36m4.3[0ms     [Fsuperbatch [36m157[0m | time [36m26.8[0ms | running loss [36m0.010858[0m | [36m3729186[0m pos/sec | total time [36m4504.4[0ms
Estimated time remaining in training: [36m4[0mh [36m38[0mm [36m46[0ms
LR dropped to [36m0.00078670005[0m
superbatch [36m158[0m [[35m0.0[0m% ([36m0[0m/[36m763[0m batches, [36m3524906[0m pos/sec)]
Estimated time to end of superbatch: [36minf[0ms     [Fsuperbatch [36m158[0m [[35m16.8[0m% ([36m128[0m/[36m763[0m batches, [36m3668660[0m pos/sec)]
Estimated time to end of superbatch: [36m22.9[0ms     [Fsuperbatch [36m158[0m [[35m33.6[0m% ([36m256[0m/[36m763[0m batches, [36m3684465[0m pos/sec)]
Estimated time to end of superbatch: [36m18.1[0ms     [Fsuperbatch [36m158[0m [[35m50.3[0m% ([36m384[0m/[36m763[0m batches, [36m3700387[0m pos/sec)]
Estimated time to end of superbatch: [36m13.5[0ms     [Fsuperbatch [36m158[0m [[35m67.1[0m% ([36m512[0m/[36m763[0m batches, [36m3703634[0m pos/sec)]
Estimated time to end of superbatch: [36m8.9[0ms     [Fsuperbatch [36m158[0m [[35m83.9[0m% ([36m640[0m/[36m763[0m batches, [36m3683884[0m pos/sec)]
Estimated time to end of superbatch: [36m4.4[0ms     [Fsuperbatch [36m158[0m | time [36m27.3[0ms | running loss [36m0.011122[0m | [36m3661426[0m pos/sec | total time [36m4531.8[0ms
Estimated time remaining in training: [36m4[0mh [36m38[0mm [36m12[0ms
LR dropped to [36m0.00078535004[0m
superbatch [36m159[0m [[35m0.0[0m% ([36m0[0m/[36m763[0m batches, [36m3693535[0m pos/sec)]
Estimated time to end of superbatch: [36minf[0ms     [Fsuperbatch [36m159[0m [[35m16.8[0m% ([36m128[0m/[36m763[0m batches, [36m3730412[0m pos/sec)]
Estimated time to end of superbatch: [36m22.5[0ms     [Fsuperbatch [36m159[0m [[35m33.6[0m% ([36m256[0m/[36m763[0m batches, [36m3726453[0m pos/sec)]
Estimated time to end of superbatch: [36m17.9[0ms     [Fsuperbatch [36m159[0m [[35m50.3[0m% ([36m384[0m/[36m763[0m batches, [36m3715982[0m pos/sec)]
Estimated time to end of superbatch: [36m13.4[0ms     [Fsuperbatch [36m159[0m [[35m67.1[0m% ([36m512[0m/[36m763[0m batches, [36m3720917[0m pos/sec)]
Estimated time to end of superbatch: [36m8.9[0ms     [Fsuperbatch [36m159[0m [[35m83.9[0m% ([36m640[0m/[36m763[0m batches, [36m3728254[0m pos/sec)]
Estimated time to end of superbatch: [36m4.3[0ms     [Fsuperbatch [36m159[0m | time [36m26.8[0ms | running loss [36m0.010865[0m | [36m3732812[0m pos/sec | total time [36m4558.5[0ms
Estimated time remaining in training: [36m4[0mh [36m37[0mm [36m37[0ms
LR dropped to [36m0.00078400003[0m
superbatch [36m160[0m [[35m0.0[0m% ([36m0[0m/[36m763[0m batches, [36m3609884[0m pos/sec)]
Estimated time to end of superbatch: [36minf[0ms     [Fsuperbatch [36m160[0m [[35m16.8[0m% ([36m128[0m/[36m763[0m batches, [36m3669650[0m pos/sec)]
Estimated time to end of superbatch: [36m22.9[0ms     [Fsuperbatch [36m160[0m [[35m33.6[0m% ([36m256[0m/[36m763[0m batches, [36m3700217[0m pos/sec)]
Estimated time to end of superbatch: [36m18.0[0ms     [Fsuperbatch [36m160[0m [[35m50.3[0m% ([36m384[0m/[36m763[0m batches, [36m3717637[0m pos/sec)]
Estimated time to end of superbatch: [36m13.4[0ms     [Fsuperbatch [36m160[0m [[35m67.1[0m% ([36m512[0m/[36m763[0m batches, [36m3730446[0m pos/sec)]
Estimated time to end of superbatch: [36m8.8[0ms     [Fsuperbatch [36m160[0m [[35m83.9[0m% ([36m640[0m/[36m763[0m batches, [36m3723259[0m pos/sec)]
Estimated time to end of superbatch: [36m4.3[0ms     [Fsuperbatch [36m160[0m | time [36m26.9[0ms | running loss [36m0.011128[0m | [36m3712338[0m pos/sec | total time [36m4585.5[0ms
Estimated time remaining in training: [36m4[0mh [36m37[0mm [36m2[0ms
Saved [anna-v5-s1-160]
LR dropped to [36m0.00078265[0m
superbatch [36m161[0m [[35m0.0[0m% ([36m0[0m/[36m763[0m batches, [36m3609054[0m pos/sec)]
Estimated time to end of superbatch: [36minf[0ms     [Fsuperbatch [36m161[0m [[35m16.8[0m% ([36m128[0m/[36m763[0m batches, [36m3657975[0m pos/sec)]
Estimated time to end of superbatch: [36m22.9[0ms     [Fsuperbatch [36m161[0m [[35m33.6[0m% ([36m256[0m/[36m763[0m batches, [36m3697824[0m pos/sec)]
Estimated time to end of superbatch: [36m18.0[0ms     [Fsuperbatch [36m161[0m [[35m50.3[0m% ([36m384[0m/[36m763[0m batches, [36m3680683[0m pos/sec)]
Estimated time to end of superbatch: [36m13.5[0ms     [Fsuperbatch [36m161[0m [[35m67.1[0m% ([36m512[0m/[36m763[0m batches, [36m3684095[0m pos/sec)]
Estimated time to end of superbatch: [36m8.9[0ms     [Fsuperbatch [36m161[0m [[35m83.9[0m% ([36m640[0m/[36m763[0m batches, [36m3694414[0m pos/sec)]
Estimated time to end of superbatch: [36m4.4[0ms     [Fsuperbatch [36m161[0m | time [36m27.0[0ms | running loss [36m0.010895[0m | [36m3703036[0m pos/sec | total time [36m4615.5[0ms
Estimated time remaining in training: [36m4[0mh [36m36[0mm [36m38[0ms
LR dropped to [36m0.0007813[0m
superbatch [36m162[0m [[35m0.0[0m% ([36m0[0m/[36m763[0m batches, [36m3574210[0m pos/sec)]
Estimated time to end of superbatch: [36minf[0ms     [Fsuperbatch [36m162[0m [[35m16.8[0m% ([36m128[0m/[36m763[0m batches, [36m3711908[0m pos/sec)]
Estimated time to end of superbatch: [36m22.6[0ms     [Fsuperbatch [36m162[0m [[35m33.6[0m% ([36m256[0m/[36m763[0m batches, [36m3723898[0m pos/sec)]
Estimated time to end of superbatch: [36m17.9[0ms     [Fsuperbatch [36m162[0m [[35m50.3[0m% ([36m384[0m/[36m763[0m batches, [36m3734332[0m pos/sec)]
Estimated time to end of superbatch: [36m13.3[0ms     [Fsuperbatch [36m162[0m [[35m67.1[0m% ([36m512[0m/[36m763[0m batches, [36m3739617[0m pos/sec)]
Estimated time to end of superbatch: [36m8.8[0ms     [Fsuperbatch [36m162[0m [[35m83.9[0m% ([36m640[0m/[36m763[0m batches, [36m3737815[0m pos/sec)]
Estimated time to end of superbatch: [36m4.3[0ms     [Fsuperbatch [36m162[0m | time [36m26.8[0ms | running loss [36m0.011146[0m | [36m3737976[0m pos/sec | total time [36m4642.2[0ms
Estimated time remaining in training: [36m4[0mh [36m36[0mm [36m3[0ms
LR dropped to [36m0.00077995006[0m
superbatch [36m163[0m [[35m0.0[0m% ([36m0[0m/[36m763[0m batches, [36m4098374[0m pos/sec)]
Estimated time to end of superbatch: [36minf[0ms     [Fsuperbatch [36m163[0m [[35m16.8[0m% ([36m128[0m/[36m763[0m batches, [36m3724691[0m pos/sec)]
Estimated time to end of superbatch: [36m22.5[0ms     [Fsuperbatch [36m163[0m [[35m33.6[0m% ([36m256[0m/[36m763[0m batches, [36m3743069[0m pos/sec)]
Estimated time to end of superbatch: [36m17.8[0ms     [Fsuperbatch [36m163[0m [[35m50.3[0m% ([36m384[0m/[36m763[0m batches, [36m3730988[0m pos/sec)]
Estimated time to end of superbatch: [36m13.3[0ms     [Fsuperbatch [36m163[0m [[35m67.1[0m% ([36m512[0m/[36m763[0m batches, [36m3737758[0m pos/sec)]
Estimated time to end of superbatch: [36m8.8[0ms     [Fsuperbatch [36m163[0m [[35m83.9[0m% ([36m640[0m/[36m763[0m batches, [36m3744530[0m pos/sec)]
Estimated time to end of superbatch: [36m4.3[0ms     [Fsuperbatch [36m163[0m | time [36m26.7[0ms | running loss [36m0.010916[0m | [36m3745032[0m pos/sec | total time [36m4668.9[0ms
Estimated time remaining in training: [36m4[0mh [36m35[0mm [36m27[0ms
LR dropped to [36m0.00077860005[0m
superbatch [36m164[0m [[35m0.0[0m% ([36m0[0m/[36m763[0m batches, [36m4131632[0m pos/sec)]
Estimated time to end of superbatch: [36minf[0ms     [Fsuperbatch [36m164[0m [[35m16.8[0m% ([36m128[0m/[36m763[0m batches, [36m3695611[0m pos/sec)]
Estimated time to end of superbatch: [36m22.7[0ms     [Fsuperbatch [36m164[0m [[35m33.6[0m% ([36m256[0m/[36m763[0m batches, [36m3676134[0m pos/sec)]
Estimated time to end of superbatch: [36m18.1[0ms     [Fsuperbatch [36m164[0m [[35m50.3[0m% ([36m384[0m/[36m763[0m batches, [36m3697477[0m pos/sec)]
Estimated time to end of superbatch: [36m13.5[0ms     [Fsuperbatch [36m164[0m [[35m67.1[0m% ([36m512[0m/[36m763[0m batches, [36m3706018[0m pos/sec)]
Estimated time to end of superbatch: [36m8.9[0ms     [Fsuperbatch [36m164[0m [[35m83.9[0m% ([36m640[0m/[36m763[0m batches, [36m3713807[0m pos/sec)]
Estimated time to end of superbatch: [36m4.3[0ms     [Fsuperbatch [36m164[0m | time [36m26.9[0ms | running loss [36m0.011141[0m | [36m3718018[0m pos/sec | total time [36m4695.8[0ms
Estimated time remaining in training: [36m4[0mh [36m34[0mm [36m52[0ms
LR dropped to [36m0.00077725004[0m
superbatch [36m165[0m [[35m0.0[0m% ([36m0[0m/[36m763[0m batches, [36m3198350[0m pos/sec)]
Estimated time to end of superbatch: [36minf[0ms     [Fsuperbatch [36m165[0m [[35m16.8[0m% ([36m128[0m/[36m763[0m batches, [36m3745573[0m pos/sec)]
Estimated time to end of superbatch: [36m22.4[0ms     [Fsuperbatch [36m165[0m [[35m33.6[0m% ([36m256[0m/[36m763[0m batches, [36m3734013[0m pos/sec)]
Estimated time to end of superbatch: [36m17.9[0ms     [Fsuperbatch [36m165[0m [[35m50.3[0m% ([36m384[0m/[36m763[0m batches, [36m3702441[0m pos/sec)]
Estimated time to end of superbatch: [36m13.5[0ms     [Fsuperbatch [36m165[0m [[35m67.1[0m% ([36m512[0m/[36m763[0m batches, [36m3715211[0m pos/sec)]
Estimated time to end of superbatch: [36m8.9[0ms     [Fsuperbatch [36m165[0m [[35m83.9[0m% ([36m640[0m/[36m763[0m batches, [36m3720081[0m pos/sec)]
Estimated time to end of superbatch: [36m4.3[0ms     [Fsuperbatch [36m165[0m | time [36m26.9[0ms | running loss [36m0.010957[0m | [36m3716206[0m pos/sec | total time [36m4722.7[0ms
Estimated time remaining in training: [36m4[0mh [36m34[0mm [36m18[0ms
LR dropped to [36m0.00077590003[0m
superbatch [36m166[0m [[35m0.0[0m% ([36m0[0m/[36m763[0m batches, [36m4125722[0m pos/sec)]
Estimated time to end of superbatch: [36minf[0ms     [Fsuperbatch [36m166[0m [[35m16.8[0m% ([36m128[0m/[36m763[0m batches, [36m3721518[0m pos/sec)]
Estimated time to end of superbatch: [36m22.5[0ms     [Fsuperbatch [36m166[0m [[35m33.6[0m% ([36m256[0m/[36m763[0m batches, [36m3722344[0m pos/sec)]
Estimated time to end of superbatch: [36m17.9[0ms     [Fsuperbatch [36m166[0m [[35m50.3[0m% ([36m384[0m/[36m763[0m batches, [36m3736959[0m pos/sec)]
Estimated time to end of superbatch: [36m13.3[0ms     [Fsuperbatch [36m166[0m [[35m67.1[0m% ([36m512[0m/[36m763[0m batches, [36m3739575[0m pos/sec)]
Estimated time to end of superbatch: [36m8.8[0ms     [Fsuperbatch [36m166[0m [[35m83.9[0m% ([36m640[0m/[36m763[0m batches, [36m3742361[0m pos/sec)]
Estimated time to end of superbatch: [36m4.3[0ms     [Fsuperbatch [36m166[0m | time [36m26.7[0ms | running loss [36m0.011159[0m | [36m3741839[0m pos/sec | total time [36m4749.5[0ms
Estimated time remaining in training: [36m4[0mh [36m33[0mm [36m42[0ms
LR dropped to [36m0.00077455[0m
superbatch [36m167[0m [[35m0.0[0m% ([36m0[0m/[36m763[0m batches, [36m3396534[0m pos/sec)]
Estimated time to end of superbatch: [36minf[0ms     [Fsuperbatch [36m167[0m [[35m16.8[0m% ([36m128[0m/[36m763[0m batches, [36m3757304[0m pos/sec)]
Estimated time to end of superbatch: [36m22.3[0ms     [Fsuperbatch [36m167[0m [[35m33.6[0m% ([36m256[0m/[36m763[0m batches, [36m3701874[0m pos/sec)]
Estimated time to end of superbatch: [36m18.0[0ms     [Fsuperbatch [36m167[0m [[35m50.3[0m% ([36m384[0m/[36m763[0m batches, [36m3718663[0m pos/sec)]
Estimated time to end of superbatch: [36m13.4[0ms     [Fsuperbatch [36m167[0m [[35m67.1[0m% ([36m512[0m/[36m763[0m batches, [36m3725286[0m pos/sec)]
Estimated time to end of superbatch: [36m8.8[0ms     [Fsuperbatch [36m167[0m [[35m83.9[0m% ([36m640[0m/[36m763[0m batches, [36m3730972[0m pos/sec)]
Estimated time to end of superbatch: [36m4.3[0ms     [Fsuperbatch [36m167[0m | time [36m26.8[0ms | running loss [36m0.010981[0m | [36m3731298[0m pos/sec | total time [36m4776.3[0ms
Estimated time remaining in training: [36m4[0mh [36m33[0mm [36m8[0ms
LR dropped to [36m0.00077320007[0m
superbatch [36m168[0m [[35m0.0[0m% ([36m0[0m/[36m763[0m batches, [36m3787756[0m pos/sec)]
Estimated time to end of superbatch: [36minf[0ms     [Fsuperbatch [36m168[0m [[35m16.8[0m% ([36m128[0m/[36m763[0m batches, [36m3664792[0m pos/sec)]
Estimated time to end of superbatch: [36m22.9[0ms     [Fsuperbatch [36m168[0m [[35m33.6[0m% ([36m256[0m/[36m763[0m batches, [36m3703131[0m pos/sec)]
Estimated time to end of superbatch: [36m18.0[0ms     [Fsuperbatch [36m168[0m [[35m50.3[0m% ([36m384[0m/[36m763[0m batches, [36m3721826[0m pos/sec)]
Estimated time to end of superbatch: [36m13.4[0ms     [Fsuperbatch [36m168[0m [[35m67.1[0m% ([36m512[0m/[36m763[0m batches, [36m3724358[0m pos/sec)]
Estimated time to end of superbatch: [36m8.9[0ms     [Fsuperbatch [36m168[0m [[35m83.9[0m% ([36m640[0m/[36m763[0m batches, [36m3721505[0m pos/sec)]
Estimated time to end of superbatch: [36m4.3[0ms     [Fsuperbatch [36m168[0m | time [36m26.8[0ms | running loss [36m0.011155[0m | [36m3727216[0m pos/sec | total time [36m4803.1[0ms
Estimated time remaining in training: [36m4[0mh [36m32[0mm [36m33[0ms
LR dropped to [36m0.00077185[0m
superbatch [36m169[0m [[35m0.0[0m% ([36m0[0m/[36m763[0m batches, [36m3365025[0m pos/sec)]
Estimated time to end of superbatch: [36minf[0ms     [Fsuperbatch [36m169[0m [[35m16.8[0m% ([36m128[0m/[36m763[0m batches, [36m3764244[0m pos/sec)]
Estimated time to end of superbatch: [36m22.3[0ms     [Fsuperbatch [36m169[0m [[35m33.6[0m% ([36m256[0m/[36m763[0m batches, [36m3735408[0m pos/sec)]
Estimated time to end of superbatch: [36m17.9[0ms     [Fsuperbatch [36m169[0m [[35m50.3[0m% ([36m384[0m/[36m763[0m batches, [36m3726856[0m pos/sec)]
Estimated time to end of superbatch: [36m13.4[0ms     [Fsuperbatch [36m169[0m [[35m67.1[0m% ([36m512[0m/[36m763[0m batches, [36m3282198[0m pos/sec)]
Estimated time to end of superbatch: [36m10.0[0ms     [Fsuperbatch [36m169[0m [[35m83.9[0m% ([36m640[0m/[36m763[0m batches, [36m3320488[0m pos/sec)]
Estimated time to end of superbatch: [36m4.9[0ms     [Fsuperbatch [36m169[0m | time [36m30.1[0ms | running loss [36m0.011021[0m | [36m3319072[0m pos/sec | total time [36m4833.2[0ms
Estimated time remaining in training: [36m4[0mh [36m32[0mm [36m10[0ms
LR dropped to [36m0.00077050005[0m
superbatch [36m170[0m [[35m0.0[0m% ([36m0[0m/[36m763[0m batches, [36m2849604[0m pos/sec)]
Estimated time to end of superbatch: [36minf[0ms     [Fsuperbatch [36m170[0m [[35m16.8[0m% ([36m128[0m/[36m763[0m batches, [36m3569829[0m pos/sec)]
Estimated time to end of superbatch: [36m23.5[0ms     [Fsuperbatch [36m170[0m [[35m33.6[0m% ([36m256[0m/[36m763[0m batches, [36m3696501[0m pos/sec)]
Estimated time to end of superbatch: [36m18.0[0ms     [Fsuperbatch [36m170[0m [[35m50.3[0m% ([36m384[0m/[36m763[0m batches, [36m3716306[0m pos/sec)]
Estimated time to end of superbatch: [36m13.4[0ms     [Fsuperbatch [36m170[0m [[35m67.1[0m% ([36m512[0m/[36m763[0m batches, [36m3725348[0m pos/sec)]
Estimated time to end of superbatch: [36m8.8[0ms     [Fsuperbatch [36m170[0m [[35m83.9[0m% ([36m640[0m/[36m763[0m batches, [36m3723905[0m pos/sec)]
Estimated time to end of superbatch: [36m4.3[0ms     [Fsuperbatch [36m170[0m | time [36m26.9[0ms | running loss [36m0.010354[0m | [36m3724300[0m pos/sec | total time [36m4860.1[0ms
Estimated time remaining in training: [36m4[0mh [36m31[0mm [36m35[0ms
Saved [anna-v5-s1-170]
LR dropped to [36m0.00076915004[0m
superbatch [36m171[0m [[35m0.0[0m% ([36m0[0m/[36m763[0m batches, [36m3291346[0m pos/sec)]
Estimated time to end of superbatch: [36minf[0ms     [Fsuperbatch [36m171[0m [[35m16.8[0m% ([36m128[0m/[36m763[0m batches, [36m3725112[0m pos/sec)]
Estimated time to end of superbatch: [36m22.5[0ms     [Fsuperbatch [36m171[0m [[35m33.6[0m% ([36m256[0m/[36m763[0m batches, [36m3735950[0m pos/sec)]
Estimated time to end of superbatch: [36m17.9[0ms     [Fsuperbatch [36m171[0m [[35m50.3[0m% ([36m384[0m/[36m763[0m batches, [36m3742331[0m pos/sec)]
Estimated time to end of superbatch: [36m13.3[0ms     [Fsuperbatch [36m171[0m [[35m67.1[0m% ([36m512[0m/[36m763[0m batches, [36m3748970[0m pos/sec)]
Estimated time to end of superbatch: [36m8.8[0ms     [Fsuperbatch [36m171[0m [[35m83.9[0m% ([36m640[0m/[36m763[0m batches, [36m3751071[0m pos/sec)]
Estimated time to end of superbatch: [36m4.3[0ms     [Fsuperbatch [36m171[0m | time [36m26.6[0ms | running loss [36m0.008141[0m | [36m3752985[0m pos/sec | total time [36m4889.7[0ms
Estimated time remaining in training: [36m4[0mh [36m31[0mm [36m10[0ms
LR dropped to [36m0.0007678[0m
superbatch [36m172[0m [[35m0.0[0m% ([36m0[0m/[36m763[0m batches, [36m3721550[0m pos/sec)]
Estimated time to end of superbatch: [36minf[0ms     [Fsuperbatch [36m172[0m [[35m16.8[0m% ([36m128[0m/[36m763[0m batches, [36m3738202[0m pos/sec)]
Estimated time to end of superbatch: [36m22.4[0ms     [Fsuperbatch [36m172[0m [[35m33.6[0m% ([36m256[0m/[36m763[0m batches, [36m3743521[0m pos/sec)]
Estimated time to end of superbatch: [36m17.8[0ms     [Fsuperbatch [36m172[0m [[35m50.3[0m% ([36m384[0m/[36m763[0m batches, [36m3749757[0m pos/sec)]
Estimated time to end of superbatch: [36m13.3[0ms     [Fsuperbatch [36m172[0m [[35m67.1[0m% ([36m512[0m/[36m763[0m batches, [36m3753743[0m pos/sec)]
Estimated time to end of superbatch: [36m8.8[0ms     [Fsuperbatch [36m172[0m [[35m83.9[0m% ([36m640[0m/[36m763[0m batches, [36m3753976[0m pos/sec)]
Estimated time to end of superbatch: [36m4.3[0ms     [Fsuperbatch [36m172[0m | time [36m26.7[0ms | running loss [36m0.008193[0m | [36m3752238[0m pos/sec | total time [36m4916.4[0ms
Estimated time remaining in training: [36m4[0mh [36m30[0mm [36m35[0ms
LR dropped to [36m0.0007664501[0m
superbatch [36m173[0m [[35m0.0[0m% ([36m0[0m/[36m763[0m batches, [36m3996037[0m pos/sec)]
Estimated time to end of superbatch: [36minf[0ms     [Fsuperbatch [36m173[0m [[35m16.8[0m% ([36m128[0m/[36m763[0m batches, [36m3753918[0m pos/sec)]
Estimated time to end of superbatch: [36m22.3[0ms     [Fsuperbatch [36m173[0m [[35m33.6[0m% ([36m256[0m/[36m763[0m batches, [36m3762526[0m pos/sec)]
Estimated time to end of superbatch: [36m17.7[0ms     [Fsuperbatch [36m173[0m [[35m50.3[0m% ([36m384[0m/[36m763[0m batches, [36m3763504[0m pos/sec)]
Estimated time to end of superbatch: [36m13.2[0ms     [Fsuperbatch [36m173[0m [[35m67.1[0m% ([36m512[0m/[36m763[0m batches, [36m3760526[0m pos/sec)]
Estimated time to end of superbatch: [36m8.8[0ms     [Fsuperbatch [36m173[0m [[35m83.9[0m% ([36m640[0m/[36m763[0m batches, [36m3756113[0m pos/sec)]
Estimated time to end of superbatch: [36m4.3[0ms     [Fsuperbatch [36m173[0m | time [36m26.6[0ms | running loss [36m0.008038[0m | [36m3756690[0m pos/sec | total time [36m4943.0[0ms
Estimated time remaining in training: [36m4[0mh [36m30[0mm [36m0[0ms
LR dropped to [36m0.0007651[0m
superbatch [36m174[0m [[35m0.0[0m% ([36m0[0m/[36m763[0m batches, [36m3447498[0m pos/sec)]
Estimated time to end of superbatch: [36minf[0ms     [Fsuperbatch [36m174[0m [[35m16.8[0m% ([36m128[0m/[36m763[0m batches, [36m3735423[0m pos/sec)]
Estimated time to end of superbatch: [36m22.5[0ms     [Fsuperbatch [36m174[0m [[35m33.6[0m% ([36m256[0m/[36m763[0m batches, [36m3744489[0m pos/sec)]
Estimated time to end of superbatch: [36m17.8[0ms     [Fsuperbatch [36m174[0m [[35m50.3[0m% ([36m384[0m/[36m763[0m batches, [36m3756076[0m pos/sec)]
Estimated time to end of superbatch: [36m13.3[0ms     [Fsuperbatch [36m174[0m [[35m67.1[0m% ([36m512[0m/[36m763[0m batches, [36m3756840[0m pos/sec)]
Estimated time to end of superbatch: [36m8.8[0ms     [Fsuperbatch [36m174[0m [[35m83.9[0m% ([36m640[0m/[36m763[0m batches, [36m3758035[0m pos/sec)]
Estimated time to end of superbatch: [36m4.3[0ms     [Fsuperbatch [36m174[0m | time [36m26.6[0ms | running loss [36m0.008127[0m | [36m3757424[0m pos/sec | total time [36m4969.6[0ms
Estimated time remaining in training: [36m4[0mh [36m29[0mm [36m25[0ms
LR dropped to [36m0.00076375005[0m
superbatch [36m175[0m [[35m0.0[0m% ([36m0[0m/[36m763[0m batches, [36m3859353[0m pos/sec)]
Estimated time to end of superbatch: [36minf[0ms     [Fsuperbatch [36m175[0m [[35m16.8[0m% ([36m128[0m/[36m763[0m batches, [36m3755226[0m pos/sec)]
Estimated time to end of superbatch: [36m22.3[0ms     [Fsuperbatch [36m175[0m [[35m33.6[0m% ([36m256[0m/[36m763[0m batches, [36m3762656[0m pos/sec)]
Estimated time to end of superbatch: [36m17.7[0ms     [Fsuperbatch [36m175[0m [[35m50.3[0m% ([36m384[0m/[36m763[0m batches, [36m3755326[0m pos/sec)]
Estimated time to end of superbatch: [36m13.3[0ms     [Fsuperbatch [36m175[0m [[35m67.1[0m% ([36m512[0m/[36m763[0m batches, [36m3747295[0m pos/sec)]
Estimated time to end of superbatch: [36m8.8[0ms     [Fsuperbatch [36m175[0m [[35m83.9[0m% ([36m640[0m/[36m763[0m batches, [36m3746623[0m pos/sec)]
Estimated time to end of superbatch: [36m4.3[0ms     [Fsuperbatch [36m175[0m | time [36m26.7[0ms | running loss [36m0.008028[0m | [36m3751986[0m pos/sec | total time [36m4996.3[0ms
Estimated time remaining in training: [36m4[0mh [36m28[0mm [36m50[0ms
LR dropped to [36m0.00076240004[0m
superbatch [36m176[0m [[35m0.0[0m% ([36m0[0m/[36m763[0m batches, [36m3633923[0m pos/sec)]
Estimated time to end of superbatch: [36minf[0ms     [Fsuperbatch [36m176[0m [[35m16.8[0m% ([36m128[0m/[36m763[0m batches, [36m3752876[0m pos/sec)]
Estimated time to end of superbatch: [36m22.4[0ms     [Fsuperbatch [36m176[0m [[35m33.6[0m% ([36m256[0m/[36m763[0m batches, [36m3754700[0m pos/sec)]
Estimated time to end of superbatch: [36m17.8[0ms     [Fsuperbatch [36m176[0m [[35m50.3[0m% ([36m384[0m/[36m763[0m batches, [36m3763014[0m pos/sec)]
Estimated time to end of superbatch: [36m13.2[0ms     [Fsuperbatch [36m176[0m [[35m67.1[0m% ([36m512[0m/[36m763[0m batches, [36m3765496[0m pos/sec)]
Estimated time to end of superbatch: [36m8.8[0ms     [Fsuperbatch [36m176[0m [[35m83.9[0m% ([36m640[0m/[36m763[0m batches, [36m3767114[0m pos/sec)]
Estimated time to end of superbatch: [36m4.3[0ms     [Fsuperbatch [36m176[0m | time [36m26.5[0ms | running loss [36m0.008121[0m | [36m3767845[0m pos/sec | total time [36m5022.8[0ms
Estimated time remaining in training: [36m4[0mh [36m28[0mm [36m15[0ms
LR dropped to [36m0.00076105003[0m
superbatch [36m177[0m [[35m0.0[0m% ([36m0[0m/[36m763[0m batches, [36m3225802[0m pos/sec)]
Estimated time to end of superbatch: [36minf[0ms     [Fsuperbatch [36m177[0m [[35m16.8[0m% ([36m128[0m/[36m763[0m batches, [36m3767450[0m pos/sec)]
Estimated time to end of superbatch: [36m22.3[0ms     [Fsuperbatch [36m177[0m [[35m33.6[0m% ([36m256[0m/[36m763[0m batches, [36m3772112[0m pos/sec)]
Estimated time to end of superbatch: [36m17.7[0ms     [Fsuperbatch [36m177[0m [[35m50.3[0m% ([36m384[0m/[36m763[0m batches, [36m3769889[0m pos/sec)]
Estimated time to end of superbatch: [36m13.2[0ms     [Fsuperbatch [36m177[0m [[35m67.1[0m% ([36m512[0m/[36m763[0m batches, [36m3766828[0m pos/sec)]
Estimated time to end of superbatch: [36m8.8[0ms     [Fsuperbatch [36m177[0m [[35m83.9[0m% ([36m640[0m/[36m763[0m batches, [36m3769368[0m pos/sec)]
Estimated time to end of superbatch: [36m4.3[0ms     [Fsuperbatch [36m177[0m | time [36m26.5[0ms | running loss [36m0.008028[0m | [36m3769092[0m pos/sec | total time [36m5049.3[0ms
Estimated time remaining in training: [36m4[0mh [36m27[0mm [36m40[0ms
LR dropped to [36m0.0007597001[0m
superbatch [36m178[0m [[35m0.0[0m% ([36m0[0m/[36m763[0m batches, [36m4005616[0m pos/sec)]
Estimated time to end of superbatch: [36minf[0ms     [Fsuperbatch [36m178[0m [[35m16.8[0m% ([36m128[0m/[36m763[0m batches, [36m3766576[0m pos/sec)]
Estimated time to end of superbatch: [36m22.3[0ms     [Fsuperbatch [36m178[0m [[35m33.6[0m% ([36m256[0m/[36m763[0m batches, [36m3755662[0m pos/sec)]
Estimated time to end of superbatch: [36m17.8[0ms     [Fsuperbatch [36m178[0m [[35m50.3[0m% ([36m384[0m/[36m763[0m batches, [36m3761466[0m pos/sec)]
Estimated time to end of superbatch: [36m13.2[0ms     [Fsuperbatch [36m178[0m [[35m67.1[0m% ([36m512[0m/[36m763[0m batches, [36m3765131[0m pos/sec)]
Estimated time to end of superbatch: [36m8.8[0ms     [Fsuperbatch [36m178[0m [[35m83.9[0m% ([36m640[0m/[36m763[0m batches, [36m3767717[0m pos/sec)]
Estimated time to end of superbatch: [36m4.3[0ms     [Fsuperbatch [36m178[0m | time [36m26.6[0ms | running loss [36m0.008111[0m | [36m3766310[0m pos/sec | total time [36m5075.9[0ms
Estimated time remaining in training: [36m4[0mh [36m27[0mm [36m6[0ms
LR dropped to [36m0.00075835[0m
superbatch [36m179[0m [[35m0.0[0m% ([36m0[0m/[36m763[0m batches, [36m3868906[0m pos/sec)]
Estimated time to end of superbatch: [36minf[0ms     [Fsuperbatch [36m179[0m [[35m16.8[0m% ([36m128[0m/[36m763[0m batches, [36m3777716[0m pos/sec)]
Estimated time to end of superbatch: [36m22.2[0ms     [Fsuperbatch [36m179[0m [[35m33.6[0m% ([36m256[0m/[36m763[0m batches, [36m3785412[0m pos/sec)]
Estimated time to end of superbatch: [36m17.6[0ms     [Fsuperbatch [36m179[0m [[35m50.3[0m% ([36m384[0m/[36m763[0m batches, [36m3786536[0m pos/sec)]
Estimated time to end of superbatch: [36m13.2[0ms     [Fsuperbatch [36m179[0m [[35m67.1[0m% ([36m512[0m/[36m763[0m batches, [36m3758071[0m pos/sec)]
Estimated time to end of superbatch: [36m8.8[0ms     [Fsuperbatch [36m179[0m [[35m83.9[0m% ([36m640[0m/[36m763[0m batches, [36m3730453[0m pos/sec)]
Estimated time to end of superbatch: [36m4.3[0ms     [Fsuperbatch [36m179[0m | time [36m26.9[0ms | running loss [36m0.008047[0m | [36m3715860[0m pos/sec | total time [36m5102.8[0ms
Estimated time remaining in training: [36m4[0mh [36m26[0mm [36m32[0ms
LR dropped to [36m0.00075700006[0m
superbatch [36m180[0m [[35m0.0[0m% ([36m0[0m/[36m763[0m batches, [36m3607123[0m pos/sec)]
Estimated time to end of superbatch: [36minf[0ms     [Fsuperbatch [36m180[0m [[35m16.8[0m% ([36m128[0m/[36m763[0m batches, [36m3762995[0m pos/sec)]
Estimated time to end of superbatch: [36m22.3[0ms     [Fsuperbatch [36m180[0m [[35m33.6[0m% ([36m256[0m/[36m763[0m batches, [36m3759373[0m pos/sec)]
Estimated time to end of superbatch: [36m17.7[0ms     [Fsuperbatch [36m180[0m [[35m50.3[0m% ([36m384[0m/[36m763[0m batches, [36m3749818[0m pos/sec)]
Estimated time to end of superbatch: [36m13.3[0ms     [Fsuperbatch [36m180[0m [[35m67.1[0m% ([36m512[0m/[36m763[0m batches, [36m3746339[0m pos/sec)]
Estimated time to end of superbatch: [36m8.8[0ms     [Fsuperbatch [36m180[0m [[35m83.9[0m% ([36m640[0m/[36m763[0m batches, [36m3750513[0m pos/sec)]
Estimated time to end of superbatch: [36m4.3[0ms     [Fsuperbatch [36m180[0m | time [36m26.7[0ms | running loss [36m0.008100[0m | [36m3745208[0m pos/sec | total time [36m5129.5[0ms
Estimated time remaining in training: [36m4[0mh [36m25[0mm [36m58[0ms
Saved [anna-v5-s1-180]
LR dropped to [36m0.00075565005[0m
superbatch [36m181[0m [[35m0.0[0m% ([36m0[0m/[36m763[0m batches, [36m3979226[0m pos/sec)]
Estimated time to end of superbatch: [36minf[0ms     [Fsuperbatch [36m181[0m [[35m16.8[0m% ([36m128[0m/[36m763[0m batches, [36m3707956[0m pos/sec)]
Estimated time to end of superbatch: [36m22.6[0ms     [Fsuperbatch [36m181[0m [[35m33.6[0m% ([36m256[0m/[36m763[0m batches, [36m3738694[0m pos/sec)]
Estimated time to end of superbatch: [36m17.8[0ms     [Fsuperbatch [36m181[0m [[35m50.3[0m% ([36m384[0m/[36m763[0m batches, [36m3743119[0m pos/sec)]
Estimated time to end of superbatch: [36m13.3[0ms     [Fsuperbatch [36m181[0m [[35m67.1[0m% ([36m512[0m/[36m763[0m batches, [36m3744747[0m pos/sec)]
Estimated time to end of superbatch: [36m8.8[0ms     [Fsuperbatch [36m181[0m [[35m83.9[0m% ([36m640[0m/[36m763[0m batches, [36m3749085[0m pos/sec)]
Estimated time to end of superbatch: [36m4.3[0ms     [Fsuperbatch [36m181[0m | time [36m26.6[0ms | running loss [36m0.008063[0m | [36m3760523[0m pos/sec | total time [36m5159.1[0ms
Estimated time remaining in training: [36m4[0mh [36m25[0mm [36m33[0ms
LR dropped to [36m0.00075430004[0m
superbatch [36m182[0m [[35m0.0[0m% ([36m0[0m/[36m763[0m batches, [36m3488838[0m pos/sec)]
Estimated time to end of superbatch: [36minf[0ms     [Fsuperbatch [36m182[0m [[35m16.8[0m% ([36m128[0m/[36m763[0m batches, [36m3763114[0m pos/sec)]
Estimated time to end of superbatch: [36m22.3[0ms     [Fsuperbatch [36m182[0m [[35m33.6[0m% ([36m256[0m/[36m763[0m batches, [36m3752041[0m pos/sec)]
Estimated time to end of superbatch: [36m17.8[0ms     [Fsuperbatch [36m182[0m [[35m50.3[0m% ([36m384[0m/[36m763[0m batches, [36m3768505[0m pos/sec)]
Estimated time to end of superbatch: [36m13.2[0ms     [Fsuperbatch [36m182[0m [[35m67.1[0m% ([36m512[0m/[36m763[0m batches, [36m3774263[0m pos/sec)]
Estimated time to end of superbatch: [36m8.7[0ms     [Fsuperbatch [36m182[0m [[35m83.9[0m% ([36m640[0m/[36m763[0m batches, [36m3773718[0m pos/sec)]
Estimated time to end of superbatch: [36m4.3[0ms     [Fsuperbatch [36m182[0m | time [36m26.5[0ms | running loss [36m0.008099[0m | [36m3768557[0m pos/sec | total time [36m5185.7[0ms
Estimated time remaining in training: [36m4[0mh [36m24[0mm [36m58[0ms
LR dropped to [36m0.00075295[0m
superbatch [36m183[0m [[35m0.0[0m% ([36m0[0m/[36m763[0m batches, [36m3519723[0m pos/sec)]
Estimated time to end of superbatch: [36minf[0ms     [Fsuperbatch [36m183[0m [[35m16.8[0m% ([36m128[0m/[36m763[0m batches, [36m3759843[0m pos/sec)]
Estimated time to end of superbatch: [36m22.3[0ms     [Fsuperbatch [36m183[0m [[35m33.6[0m% ([36m256[0m/[36m763[0m batches, [36m3768006[0m pos/sec)]
Estimated time to end of superbatch: [36m17.7[0ms     [Fsuperbatch [36m183[0m [[35m50.3[0m% ([36m384[0m/[36m763[0m batches, [36m3767554[0m pos/sec)]
Estimated time to end of superbatch: [36m13.2[0ms     [Fsuperbatch [36m183[0m [[35m67.1[0m% ([36m512[0m/[36m763[0m batches, [36m3764374[0m pos/sec)]
Estimated time to end of superbatch: [36m8.8[0ms     [Fsuperbatch [36m183[0m [[35m83.9[0m% ([36m640[0m/[36m763[0m batches, [36m3765778[0m pos/sec)]
Estimated time to end of superbatch: [36m4.3[0ms     [Fsuperbatch [36m183[0m | time [36m26.5[0ms | running loss [36m0.008082[0m | [36m3768320[0m pos/sec | total time [36m5212.2[0ms
Estimated time remaining in training: [36m4[0mh [36m24[0mm [36m24[0ms
LR dropped to [36m0.0007516[0m
superbatch [36m184[0m [[35m0.0[0m% ([36m0[0m/[36m763[0m batches, [36m3690648[0m pos/sec)]
Estimated time to end of superbatch: [36minf[0ms     [Fsuperbatch [36m184[0m [[35m16.8[0m% ([36m128[0m/[36m763[0m batches, [36m3770240[0m pos/sec)]
Estimated time to end of superbatch: [36m22.2[0ms     [Fsuperbatch [36m184[0m [[35m33.6[0m% ([36m256[0m/[36m763[0m batches, [36m3771443[0m pos/sec)]
Estimated time to end of superbatch: [36m17.7[0ms     [Fsuperbatch [36m184[0m [[35m50.3[0m% ([36m384[0m/[36m763[0m batches, [36m3774864[0m pos/sec)]
Estimated time to end of superbatch: [36m13.2[0ms     [Fsuperbatch [36m184[0m [[35m67.1[0m% ([36m512[0m/[36m763[0m batches, [36m3773832[0m pos/sec)]
Estimated time to end of superbatch: [36m8.7[0ms     [Fsuperbatch [36m184[0m [[35m83.9[0m% ([36m640[0m/[36m763[0m batches, [36m3772504[0m pos/sec)]
Estimated time to end of superbatch: [36m4.3[0ms     [Fsuperbatch [36m184[0m | time [36m26.5[0ms | running loss [36m0.008093[0m | [36m3768389[0m pos/sec | total time [36m5238.7[0ms
Estimated time remaining in training: [36m4[0mh [36m23[0mm [36m50[0ms
LR dropped to [36m0.00075025007[0m
superbatch [36m185[0m [[35m0.0[0m% ([36m0[0m/[36m763[0m batches, [36m3978766[0m pos/sec)]
Estimated time to end of superbatch: [36minf[0ms     [Fsuperbatch [36m185[0m [[35m16.8[0m% ([36m128[0m/[36m763[0m batches, [36m3756515[0m pos/sec)]
Estimated time to end of superbatch: [36m22.3[0ms     [Fsuperbatch [36m185[0m [[35m33.6[0m% ([36m256[0m/[36m763[0m batches, [36m3762174[0m pos/sec)]
Estimated time to end of superbatch: [36m17.7[0ms     [Fsuperbatch [36m185[0m [[35m50.3[0m% ([36m384[0m/[36m763[0m batches, [36m3755905[0m pos/sec)]
Estimated time to end of superbatch: [36m13.3[0ms     [Fsuperbatch [36m185[0m [[35m67.1[0m% ([36m512[0m/[36m763[0m batches, [36m3728006[0m pos/sec)]
Estimated time to end of superbatch: [36m8.8[0ms     [Fsuperbatch [36m185[0m [[35m83.9[0m% ([36m640[0m/[36m763[0m batches, [36m3734178[0m pos/sec)]
Estimated time to end of superbatch: [36m4.3[0ms     [Fsuperbatch [36m185[0m | time [36m26.7[0ms | running loss [36m0.008096[0m | [36m3739592[0m pos/sec | total time [36m5265.5[0ms
Estimated time remaining in training: [36m4[0mh [36m23[0mm [36m16[0ms
LR dropped to [36m0.0007489[0m
superbatch [36m186[0m [[35m0.0[0m% ([36m0[0m/[36m763[0m batches, [36m3874131[0m pos/sec)]
Estimated time to end of superbatch: [36minf[0ms     [Fsuperbatch [36m186[0m [[35m16.8[0m% ([36m128[0m/[36m763[0m batches, [36m3753198[0m pos/sec)]
Estimated time to end of superbatch: [36m22.3[0ms     [Fsuperbatch [36m186[0m [[35m33.6[0m% ([36m256[0m/[36m763[0m batches, [36m3759714[0m pos/sec)]
Estimated time to end of superbatch: [36m17.7[0ms     [Fsuperbatch [36m186[0m [[35m50.3[0m% ([36m384[0m/[36m763[0m batches, [36m3681830[0m pos/sec)]
Estimated time to end of superbatch: [36m13.5[0ms     [Fsuperbatch [36m186[0m [[35m67.1[0m% ([36m512[0m/[36m763[0m batches, [36m3648667[0m pos/sec)]
Estimated time to end of superbatch: [36m9.0[0ms     [Fsuperbatch [36m186[0m [[35m83.9[0m% ([36m640[0m/[36m763[0m batches, [36m3669354[0m pos/sec)]
Estimated time to end of superbatch: [36m4.4[0ms     [Fsuperbatch [36m186[0m | time [36m27.2[0ms | running loss [36m0.008077[0m | [36m3678742[0m pos/sec | total time [36m5292.7[0ms
Estimated time remaining in training: [36m4[0mh [36m22[0mm [36m44[0ms
LR dropped to [36m0.00074755005[0m
superbatch [36m187[0m [[35m0.0[0m% ([36m0[0m/[36m763[0m batches, [36m4173013[0m pos/sec)]
Estimated time to end of superbatch: [36minf[0ms     [Fsuperbatch [36m187[0m [[35m16.8[0m% ([36m128[0m/[36m763[0m batches, [36m3762229[0m pos/sec)]
Estimated time to end of superbatch: [36m22.3[0ms     [Fsuperbatch [36m187[0m [[35m33.6[0m% ([36m256[0m/[36m763[0m batches, [36m3765276[0m pos/sec)]
Estimated time to end of superbatch: [36m17.7[0ms     [Fsuperbatch [36m187[0m [[35m50.3[0m% ([36m384[0m/[36m763[0m batches, [36m3762007[0m pos/sec)]
Estimated time to end of superbatch: [36m13.2[0ms     [Fsuperbatch [36m187[0m [[35m67.1[0m% ([36m512[0m/[36m763[0m batches, [36m3754860[0m pos/sec)]
Estimated time to end of superbatch: [36m8.8[0ms     [Fsuperbatch [36m187[0m [[35m83.9[0m% ([36m640[0m/[36m763[0m batches, [36m3756118[0m pos/sec)]
Estimated time to end of superbatch: [36m4.3[0ms     [Fsuperbatch [36m187[0m | time [36m26.6[0ms | running loss [36m0.008117[0m | [36m3756605[0m pos/sec | total time [36m5319.3[0ms
Estimated time remaining in training: [36m4[0mh [36m22[0mm [36m10[0ms
LR dropped to [36m0.0007462001[0m
superbatch [36m188[0m [[35m0.0[0m% ([36m0[0m/[36m763[0m batches, [36m3909198[0m pos/sec)]
Estimated time to end of superbatch: [36minf[0ms     [Fsuperbatch [36m188[0m [[35m16.8[0m% ([36m128[0m/[36m763[0m batches, [36m3745364[0m pos/sec)]
Estimated time to end of superbatch: [36m22.4[0ms     [Fsuperbatch [36m188[0m [[35m33.6[0m% ([36m256[0m/[36m763[0m batches, [36m3735505[0m pos/sec)]
Estimated time to end of superbatch: [36m17.9[0ms     [Fsuperbatch [36m188[0m [[35m50.3[0m% ([36m384[0m/[36m763[0m batches, [36m3722422[0m pos/sec)]
Estimated time to end of superbatch: [36m13.4[0ms     [Fsuperbatch [36m188[0m [[35m67.1[0m% ([36m512[0m/[36m763[0m batches, [36m3725216[0m pos/sec)]
Estimated time to end of superbatch: [36m8.8[0ms     [Fsuperbatch [36m188[0m [[35m83.9[0m% ([36m640[0m/[36m763[0m batches, [36m3736436[0m pos/sec)]
Estimated time to end of superbatch: [36m4.3[0ms     [Fsuperbatch [36m188[0m | time [36m26.7[0ms | running loss [36m0.008074[0m | [36m3738876[0m pos/sec | total time [36m5346.0[0ms
Estimated time remaining in training: [36m4[0mh [36m21[0mm [36m36[0ms
LR dropped to [36m0.00074485[0m
superbatch [36m189[0m [[35m0.0[0m% ([36m0[0m/[36m763[0m batches, [36m3737088[0m pos/sec)]
Estimated time to end of superbatch: [36minf[0ms     [Fsuperbatch [36m189[0m [[35m16.8[0m% ([36m128[0m/[36m763[0m batches, [36m3781315[0m pos/sec)]
Estimated time to end of superbatch: [36m22.2[0ms     [Fsuperbatch [36m189[0m [[35m33.6[0m% ([36m256[0m/[36m763[0m batches, [36m3778096[0m pos/sec)]
Estimated time to end of superbatch: [36m17.7[0ms     [Fsuperbatch [36m189[0m [[35m50.3[0m% ([36m384[0m/[36m763[0m batches, [36m3777488[0m pos/sec)]
Estimated time to end of superbatch: [36m13.2[0ms     [Fsuperbatch [36m189[0m [[35m67.1[0m% ([36m512[0m/[36m763[0m batches, [36m3770084[0m pos/sec)]
Estimated time to end of superbatch: [36m8.7[0ms     [Fsuperbatch [36m189[0m [[35m83.9[0m% ([36m640[0m/[36m763[0m batches, [36m3768786[0m pos/sec)]
Estimated time to end of superbatch: [36m4.3[0ms     [Fsuperbatch [36m189[0m | time [36m26.5[0ms | running loss [36m0.008138[0m | [36m3768152[0m pos/sec | total time [36m5372.6[0ms
Estimated time remaining in training: [36m4[0mh [36m21[0mm [36m2[0ms
LR dropped to [36m0.0007435001[0m
superbatch [36m190[0m [[35m0.0[0m% ([36m0[0m/[36m763[0m batches, [36m3828128[0m pos/sec)]
Estimated time to end of superbatch: [36minf[0ms     [Fsuperbatch [36m190[0m [[35m16.8[0m% ([36m128[0m/[36m763[0m batches, [36m3773828[0m pos/sec)]
Estimated time to end of superbatch: [36m22.2[0ms     [Fsuperbatch [36m190[0m [[35m33.6[0m% ([36m256[0m/[36m763[0m batches, [36m3766204[0m pos/sec)]
Estimated time to end of superbatch: [36m17.7[0ms     [Fsuperbatch [36m190[0m [[35m50.3[0m% ([36m384[0m/[36m763[0m batches, [36m3767195[0m pos/sec)]
Estimated time to end of superbatch: [36m13.2[0ms     [Fsuperbatch [36m190[0m [[35m67.1[0m% ([36m512[0m/[36m763[0m batches, [36m3760164[0m pos/sec)]
Estimated time to end of superbatch: [36m8.8[0ms     [Fsuperbatch [36m190[0m [[35m83.9[0m% ([36m640[0m/[36m763[0m batches, [36m3755484[0m pos/sec)]
Estimated time to end of superbatch: [36m4.3[0ms     [Fsuperbatch [36m190[0m | time [36m26.7[0ms | running loss [36m0.008067[0m | [36m3752604[0m pos/sec | total time [36m5399.2[0ms
Estimated time remaining in training: [36m4[0mh [36m20[0mm [36m29[0ms
Saved [anna-v5-s1-190]
LR dropped to [36m0.00074215[0m
superbatch [36m191[0m [[35m0.0[0m% ([36m0[0m/[36m763[0m batches, [36m3719560[0m pos/sec)]
Estimated time to end of superbatch: [36minf[0ms     [Fsuperbatch [36m191[0m [[35m16.8[0m% ([36m128[0m/[36m763[0m batches, [36m3742996[0m pos/sec)]
Estimated time to end of superbatch: [36m22.4[0ms     [Fsuperbatch [36m191[0m [[35m33.6[0m% ([36m256[0m/[36m763[0m batches, [36m3755154[0m pos/sec)]
Estimated time to end of superbatch: [36m17.8[0ms     [Fsuperbatch [36m191[0m [[35m50.3[0m% ([36m384[0m/[36m763[0m batches, [36m3759892[0m pos/sec)]
Estimated time to end of superbatch: [36m13.2[0ms     [Fsuperbatch [36m191[0m [[35m67.1[0m% ([36m512[0m/[36m763[0m batches, [36m3761421[0m pos/sec)]
Estimated time to end of superbatch: [36m8.8[0ms     [Fsuperbatch [36m191[0m [[35m83.9[0m% ([36m640[0m/[36m763[0m batches, [36m3763494[0m pos/sec)]
Estimated time to end of superbatch: [36m4.3[0ms     [Fsuperbatch [36m191[0m | time [36m26.6[0ms | running loss [36m0.008144[0m | [36m3764799[0m pos/sec | total time [36m5428.8[0ms
Estimated time remaining in training: [36m4[0mh [36m20[0mm [36m4[0ms
LR dropped to [36m0.00074080005[0m
superbatch [36m192[0m [[35m0.0[0m% ([36m0[0m/[36m763[0m batches, [36m3649084[0m pos/sec)]
Estimated time to end of superbatch: [36minf[0ms     [Fsuperbatch [36m192[0m [[35m16.8[0m% ([36m128[0m/[36m763[0m batches, [36m3771476[0m pos/sec)]
Estimated time to end of superbatch: [36m22.2[0ms     [Fsuperbatch [36m192[0m [[35m33.6[0m% ([36m256[0m/[36m763[0m batches, [36m3765436[0m pos/sec)]
Estimated time to end of superbatch: [36m17.7[0ms     [Fsuperbatch [36m192[0m [[35m50.3[0m% ([36m384[0m/[36m763[0m batches, [36m3764074[0m pos/sec)]
Estimated time to end of superbatch: [36m13.2[0ms     [Fsuperbatch [36m192[0m [[35m67.1[0m% ([36m512[0m/[36m763[0m batches, [36m3762667[0m pos/sec)]
Estimated time to end of superbatch: [36m8.8[0ms     [Fsuperbatch [36m192[0m [[35m83.9[0m% ([36m640[0m/[36m763[0m batches, [36m3770924[0m pos/sec)]
Estimated time to end of superbatch: [36m4.3[0ms     [Fsuperbatch [36m192[0m | time [36m26.6[0ms | running loss [36m0.008087[0m | [36m3763380[0m pos/sec | total time [36m5455.4[0ms
Estimated time remaining in training: [36m4[0mh [36m19[0mm [36m30[0ms
LR dropped to [36m0.00073945[0m
superbatch [36m193[0m [[35m0.0[0m% ([36m0[0m/[36m763[0m batches, [36m3478768[0m pos/sec)]
Estimated time to end of superbatch: [36minf[0ms     [Fsuperbatch [36m193[0m [[35m16.8[0m% ([36m128[0m/[36m763[0m batches, [36m3743868[0m pos/sec)]
Estimated time to end of superbatch: [36m22.4[0ms     [Fsuperbatch [36m193[0m [[35m33.6[0m% ([36m256[0m/[36m763[0m batches, [36m3751834[0m pos/sec)]
Estimated time to end of superbatch: [36m17.8[0ms     [Fsuperbatch [36m193[0m [[35m50.3[0m% ([36m384[0m/[36m763[0m batches, [36m3755914[0m pos/sec)]
Estimated time to end of superbatch: [36m13.3[0ms     [Fsuperbatch [36m193[0m [[35m67.1[0m% ([36m512[0m/[36m763[0m batches, [36m3749488[0m pos/sec)]
Estimated time to end of superbatch: [36m8.8[0ms     [Fsuperbatch [36m193[0m [[35m83.9[0m% ([36m640[0m/[36m763[0m batches, [36m3750554[0m pos/sec)]
Estimated time to end of superbatch: [36m4.3[0ms     [Fsuperbatch [36m193[0m | time [36m26.7[0ms | running loss [36m0.008180[0m | [36m3752489[0m pos/sec | total time [36m5482.0[0ms
Estimated time remaining in training: [36m4[0mh [36m18[0mm [36m57[0ms
LR dropped to [36m0.00073810003[0m
superbatch [36m194[0m [[35m0.0[0m% ([36m0[0m/[36m763[0m batches, [36m4103005[0m pos/sec)]
Estimated time to end of superbatch: [36minf[0ms     [Fsuperbatch [36m194[0m [[35m16.8[0m% ([36m128[0m/[36m763[0m batches, [36m3767778[0m pos/sec)]
Estimated time to end of superbatch: [36m22.3[0ms     [Fsuperbatch [36m194[0m [[35m33.6[0m% ([36m256[0m/[36m763[0m batches, [36m3751828[0m pos/sec)]
Estimated time to end of superbatch: [36m17.8[0ms     [Fsuperbatch [36m194[0m [[35m50.3[0m% ([36m384[0m/[36m763[0m batches, [36m3747592[0m pos/sec)]
Estimated time to end of superbatch: [36m13.3[0ms     [Fsuperbatch [36m194[0m [[35m67.1[0m% ([36m512[0m/[36m763[0m batches, [36m3757614[0m pos/sec)]
Estimated time to end of superbatch: [36m8.8[0ms     [Fsuperbatch [36m194[0m [[35m83.9[0m% ([36m640[0m/[36m763[0m batches, [36m3725474[0m pos/sec)]
Estimated time to end of superbatch: [36m4.3[0ms     [Fsuperbatch [36m194[0m | time [36m26.9[0ms | running loss [36m0.008079[0m | [36m3717010[0m pos/sec | total time [36m5508.9[0ms
Estimated time remaining in training: [36m4[0mh [36m18[0mm [36m24[0ms
LR dropped to [36m0.0007367501[0m
superbatch [36m195[0m [[35m0.0[0m% ([36m0[0m/[36m763[0m batches, [36m3809729[0m pos/sec)]
Estimated time to end of superbatch: [36minf[0ms     [Fsuperbatch [36m195[0m [[35m16.8[0m% ([36m128[0m/[36m763[0m batches, [36m3738170[0m pos/sec)]
Estimated time to end of superbatch: [36m22.4[0ms     [Fsuperbatch [36m195[0m [[35m33.6[0m% ([36m256[0m/[36m763[0m batches, [36m3763635[0m pos/sec)]
Estimated time to end of superbatch: [36m17.7[0ms     [Fsuperbatch [36m195[0m [[35m50.3[0m% ([36m384[0m/[36m763[0m batches, [36m3769977[0m pos/sec)]
Estimated time to end of superbatch: [36m13.2[0ms     [Fsuperbatch [36m195[0m [[35m67.1[0m% ([36m512[0m/[36m763[0m batches, [36m3767312[0m pos/sec)]
Estimated time to end of superbatch: [36m8.7[0ms     [Fsuperbatch [36m195[0m [[35m83.9[0m% ([36m640[0m/[36m763[0m batches, [36m3765043[0m pos/sec)]
Estimated time to end of superbatch: [36m4.3[0ms     [Fsuperbatch [36m195[0m | time [36m26.5[0ms | running loss [36m0.008201[0m | [36m3769896[0m pos/sec | total time [36m5535.5[0ms
Estimated time remaining in training: [36m4[0mh [36m17[0mm [36m50[0ms
LR dropped to [36m0.0007354[0m
superbatch [36m196[0m [[35m0.0[0m% ([36m0[0m/[36m763[0m batches, [36m4071904[0m pos/sec)]
Estimated time to end of superbatch: [36minf[0ms     [Fsuperbatch [36m196[0m [[35m16.8[0m% ([36m128[0m/[36m763[0m batches, [36m3777822[0m pos/sec)]
Estimated time to end of superbatch: [36m22.2[0ms     [Fsuperbatch [36m196[0m [[35m33.6[0m% ([36m256[0m/[36m763[0m batches, [36m3766392[0m pos/sec)]
Estimated time to end of superbatch: [36m17.7[0ms     [Fsuperbatch [36m196[0m [[35m50.3[0m% ([36m384[0m/[36m763[0m batches, [36m3756682[0m pos/sec)]
Estimated time to end of superbatch: [36m13.3[0ms     [Fsuperbatch [36m196[0m [[35m67.1[0m% ([36m512[0m/[36m763[0m batches, [36m3761178[0m pos/sec)]
Estimated time to end of superbatch: [36m8.8[0ms     [Fsuperbatch [36m196[0m [[35m83.9[0m% ([36m640[0m/[36m763[0m batches, [36m3764543[0m pos/sec)]
Estimated time to end of superbatch: [36m4.3[0ms     [Fsuperbatch [36m196[0m | time [36m26.6[0ms | running loss [36m0.008076[0m | [36m3760584[0m pos/sec | total time [36m5562.1[0ms
Estimated time remaining in training: [36m4[0mh [36m17[0mm [36m17[0ms
LR dropped to [36m0.00073405006[0m
superbatch [36m197[0m [[35m0.0[0m% ([36m0[0m/[36m763[0m batches, [36m4004570[0m pos/sec)]
Estimated time to end of superbatch: [36minf[0ms     [Fsuperbatch [36m197[0m [[35m16.8[0m% ([36m128[0m/[36m763[0m batches, [36m3742734[0m pos/sec)]
Estimated time to end of superbatch: [36m22.4[0ms     [Fsuperbatch [36m197[0m [[35m33.6[0m% ([36m256[0m/[36m763[0m batches, [36m3760886[0m pos/sec)]
Estimated time to end of superbatch: [36m17.7[0ms     [Fsuperbatch [36m197[0m [[35m50.3[0m% ([36m384[0m/[36m763[0m batches, [36m3769494[0m pos/sec)]
Estimated time to end of superbatch: [36m13.2[0ms     [Fsuperbatch [36m197[0m [[35m67.1[0m% ([36m512[0m/[36m763[0m batches, [36m3767882[0m pos/sec)]
Estimated time to end of superbatch: [36m8.7[0ms     [Fsuperbatch [36m197[0m [[35m83.9[0m% ([36m640[0m/[36m763[0m batches, [36m3762041[0m pos/sec)]
Estimated time to end of superbatch: [36m4.3[0ms     [Fsuperbatch [36m197[0m | time [36m26.5[0ms | running loss [36m0.008231[0m | [36m3766918[0m pos/sec | total time [36m5588.6[0ms
Estimated time remaining in training: [36m4[0mh [36m16[0mm [36m44[0ms
LR dropped to [36m0.0007327[0m
superbatch [36m198[0m [[35m0.0[0m% ([36m0[0m/[36m763[0m batches, [36m3422132[0m pos/sec)]
Estimated time to end of superbatch: [36minf[0ms     [Fsuperbatch [36m198[0m [[35m16.8[0m% ([36m128[0m/[36m763[0m batches, [36m3783748[0m pos/sec)]
Estimated time to end of superbatch: [36m22.2[0ms     [Fsuperbatch [36m198[0m [[35m33.6[0m% ([36m256[0m/[36m763[0m batches, [36m3762089[0m pos/sec)]
Estimated time to end of superbatch: [36m17.7[0ms     [Fsuperbatch [36m198[0m [[35m50.3[0m% ([36m384[0m/[36m763[0m batches, [36m3759173[0m pos/sec)]
Estimated time to end of superbatch: [36m13.2[0ms     [Fsuperbatch [36m198[0m [[35m67.1[0m% ([36m512[0m/[36m763[0m batches, [36m3761274[0m pos/sec)]
Estimated time to end of superbatch: [36m8.8[0ms     [Fsuperbatch [36m198[0m [[35m83.9[0m% ([36m640[0m/[36m763[0m batches, [36m3765964[0m pos/sec)]
Estimated time to end of superbatch: [36m4.3[0ms     [Fsuperbatch [36m198[0m | time [36m26.6[0ms | running loss [36m0.008060[0m | [36m3764710[0m pos/sec | total time [36m5615.2[0ms
Estimated time remaining in training: [36m4[0mh [36m16[0mm [36m10[0ms
LR dropped to [36m0.00073135004[0m
superbatch [36m199[0m [[35m0.0[0m% ([36m0[0m/[36m763[0m batches, [36m3944476[0m pos/sec)]
Estimated time to end of superbatch: [36minf[0ms     [Fsuperbatch [36m199[0m [[35m16.8[0m% ([36m128[0m/[36m763[0m batches, [36m3705544[0m pos/sec)]
Estimated time to end of superbatch: [36m22.6[0ms     [Fsuperbatch [36m199[0m [[35m33.6[0m% ([36m256[0m/[36m763[0m batches, [36m3730898[0m pos/sec)]
Estimated time to end of superbatch: [36m17.9[0ms     [Fsuperbatch [36m199[0m [[35m50.3[0m% ([36m384[0m/[36m763[0m batches, [36m3745397[0m pos/sec)]
Estimated time to end of superbatch: [36m13.3[0ms     [Fsuperbatch [36m199[0m [[35m67.1[0m% ([36m512[0m/[36m763[0m batches, [36m3748616[0m pos/sec)]
Estimated time to end of superbatch: [36m8.8[0ms     [Fsuperbatch [36m199[0m [[35m83.9[0m% ([36m640[0m/[36m763[0m batches, [36m3748210[0m pos/sec)]
Estimated time to end of superbatch: [36m4.3[0ms     [Fsuperbatch [36m199[0m | time [36m26.6[0ms | running loss [36m0.008259[0m | [36m3754912[0m pos/sec | total time [36m5641.8[0ms
Estimated time remaining in training: [36m4[0mh [36m15[0mm [36m37[0ms
LR dropped to [36m0.0007300001[0m
superbatch [36m200[0m [[35m0.0[0m% ([36m0[0m/[36m763[0m batches, [36m3744618[0m pos/sec)]
Estimated time to end of superbatch: [36minf[0ms     [Fsuperbatch [36m200[0m [[35m16.8[0m% ([36m128[0m/[36m763[0m batches, [36m3769204[0m pos/sec)]
Estimated time to end of superbatch: [36m22.3[0ms     [Fsuperbatch [36m200[0m [[35m33.6[0m% ([36m256[0m/[36m763[0m batches, [36m3762689[0m pos/sec)]
Estimated time to end of superbatch: [36m17.7[0ms     [Fsuperbatch [36m200[0m [[35m50.3[0m% ([36m384[0m/[36m763[0m batches, [36m3770182[0m pos/sec)]
Estimated time to end of superbatch: [36m13.2[0ms     [Fsuperbatch [36m200[0m [[35m67.1[0m% ([36m512[0m/[36m763[0m batches, [36m3775369[0m pos/sec)]
Estimated time to end of superbatch: [36m8.7[0ms     [Fsuperbatch [36m200[0m [[35m83.9[0m% ([36m640[0m/[36m763[0m batches, [36m3773098[0m pos/sec)]
Estimated time to end of superbatch: [36m4.3[0ms     [Fsuperbatch [36m200[0m | time [36m26.5[0ms | running loss [36m0.008083[0m | [36m3770452[0m pos/sec | total time [36m5668.3[0ms
Estimated time remaining in training: [36m4[0mh [36m15[0mm [36m4[0ms
Saved [anna-v5-s1-200]
LR dropped to [36m0.00072865[0m
superbatch [36m201[0m [[35m0.0[0m% ([36m0[0m/[36m763[0m batches, [36m4046316[0m pos/sec)]
Estimated time to end of superbatch: [36minf[0ms     [Fsuperbatch [36m201[0m [[35m16.8[0m% ([36m128[0m/[36m763[0m batches, [36m3728122[0m pos/sec)]
Estimated time to end of superbatch: [36m22.5[0ms     [Fsuperbatch [36m201[0m [[35m33.6[0m% ([36m256[0m/[36m763[0m batches, [36m3756918[0m pos/sec)]
Estimated time to end of superbatch: [36m17.8[0ms     [Fsuperbatch [36m201[0m [[35m50.3[0m% ([36m384[0m/[36m763[0m batches, [36m3760666[0m pos/sec)]
Estimated time to end of superbatch: [36m13.2[0ms     [Fsuperbatch [36m201[0m [[35m67.1[0m% ([36m512[0m/[36m763[0m batches, [36m3753660[0m pos/sec)]
Estimated time to end of superbatch: [36m8.8[0ms     [Fsuperbatch [36m201[0m [[35m83.9[0m% ([36m640[0m/[36m763[0m batches, [36m3722948[0m pos/sec)]
Estimated time to end of superbatch: [36m4.3[0ms     [Fsuperbatch [36m201[0m | time [36m26.9[0ms | running loss [36m0.008280[0m | [36m3719971[0m pos/sec | total time [36m5698.3[0ms
Estimated time remaining in training: [36m4[0mh [36m14[0mm [36m40[0ms
LR dropped to [36m0.00072730007[0m
superbatch [36m202[0m [[35m0.0[0m% ([36m0[0m/[36m763[0m batches, [36m3945266[0m pos/sec)]
Estimated time to end of superbatch: [36minf[0ms     [Fsuperbatch [36m202[0m [[35m16.8[0m% ([36m128[0m/[36m763[0m batches, [36m3763782[0m pos/sec)]
Estimated time to end of superbatch: [36m22.3[0ms     [Fsuperbatch [36m202[0m [[35m33.6[0m% ([36m256[0m/[36m763[0m batches, [36m3762656[0m pos/sec)]
Estimated time to end of superbatch: [36m17.7[0ms     [Fsuperbatch [36m202[0m [[35m50.3[0m% ([36m384[0m/[36m763[0m batches, [36m3734998[0m pos/sec)]
Estimated time to end of superbatch: [36m13.3[0ms     [Fsuperbatch [36m202[0m [[35m67.1[0m% ([36m512[0m/[36m763[0m batches, [36m3725450[0m pos/sec)]
Estimated time to end of superbatch: [36m8.8[0ms     [Fsuperbatch [36m202[0m [[35m83.9[0m% ([36m640[0m/[36m763[0m batches, [36m3708510[0m pos/sec)]
Estimated time to end of superbatch: [36m4.4[0ms     [Fsuperbatch [36m202[0m | time [36m26.9[0ms | running loss [36m0.008056[0m | [36m3717338[0m pos/sec | total time [36m5725.2[0ms
Estimated time remaining in training: [36m4[0mh [36m14[0mm [36m8[0ms
LR dropped to [36m0.00072595[0m
superbatch [36m203[0m [[35m0.0[0m% ([36m0[0m/[36m763[0m batches, [36m3488614[0m pos/sec)]
Estimated time to end of superbatch: [36minf[0ms     [Fsuperbatch [36m203[0m [[35m16.8[0m% ([36m128[0m/[36m763[0m batches, [36m3664082[0m pos/sec)]
Estimated time to end of superbatch: [36m22.9[0ms     [Fsuperbatch [36m203[0m [[35m33.6[0m% ([36m256[0m/[36m763[0m batches, [36m3696566[0m pos/sec)]
Estimated time to end of superbatch: [36m18.0[0ms     [Fsuperbatch [36m203[0m [[35m50.3[0m% ([36m384[0m/[36m763[0m batches, [36m3722108[0m pos/sec)]
Estimated time to end of superbatch: [36m13.4[0ms     [Fsuperbatch [36m203[0m [[35m67.1[0m% ([36m512[0m/[36m763[0m batches, [36m3737247[0m pos/sec)]
Estimated time to end of superbatch: [36m8.8[0ms     [Fsuperbatch [36m203[0m [[35m83.9[0m% ([36m640[0m/[36m763[0m batches, [36m3719760[0m pos/sec)]
Estimated time to end of superbatch: [36m4.3[0ms     [Fsuperbatch [36m203[0m | time [36m26.9[0ms | running loss [36m0.008308[0m | [36m3721796[0m pos/sec | total time [36m5752.1[0ms
Estimated time remaining in training: [36m4[0mh [36m13[0mm [36m36[0ms
LR dropped to [36m0.00072460005[0m
superbatch [36m204[0m [[35m0.0[0m% ([36m0[0m/[36m763[0m batches, [36m3618919[0m pos/sec)]
Estimated time to end of superbatch: [36minf[0ms     [Fsuperbatch [36m204[0m [[35m16.8[0m% ([36m128[0m/[36m763[0m batches, [36m3734492[0m pos/sec)]
Estimated time to end of superbatch: [36m22.5[0ms     [Fsuperbatch [36m204[0m [[35m33.6[0m% ([36m256[0m/[36m763[0m batches, [36m3741586[0m pos/sec)]
Estimated time to end of superbatch: [36m17.8[0ms     [Fsuperbatch [36m204[0m [[35m50.3[0m% ([36m384[0m/[36m763[0m batches, [36m3741670[0m pos/sec)]
Estimated time to end of superbatch: [36m13.3[0ms     [Fsuperbatch [36m204[0m [[35m67.1[0m% ([36m512[0m/[36m763[0m batches, [36m3749806[0m pos/sec)]
Estimated time to end of superbatch: [36m8.8[0ms     [Fsuperbatch [36m204[0m [[35m83.9[0m% ([36m640[0m/[36m763[0m batches, [36m3753364[0m pos/sec)]
Estimated time to end of superbatch: [36m4.3[0ms     [Fsuperbatch [36m204[0m | time [36m26.6[0ms | running loss [36m0.008060[0m | [36m3759187[0m pos/sec | total time [36m5778.7[0ms
Estimated time remaining in training: [36m4[0mh [36m13[0mm [36m3[0ms
LR dropped to [36m0.00072325004[0m
superbatch [36m205[0m [[35m0.0[0m% ([36m0[0m/[36m763[0m batches, [36m3284788[0m pos/sec)]
Estimated time to end of superbatch: [36minf[0ms     [Fsuperbatch [36m205[0m [[35m16.8[0m% ([36m128[0m/[36m763[0m batches, [36m3758277[0m pos/sec)]
Estimated time to end of superbatch: [36m22.3[0ms     [Fsuperbatch [36m205[0m [[35m33.6[0m% ([36m256[0m/[36m763[0m batches, [36m3771695[0m pos/sec)]
Estimated time to end of superbatch: [36m17.7[0ms     [Fsuperbatch [36m205[0m [[35m50.3[0m% ([36m384[0m/[36m763[0m batches, [36m3767345[0m pos/sec)]
Estimated time to end of superbatch: [36m13.2[0ms     [Fsuperbatch [36m205[0m [[35m67.1[0m% ([36m512[0m/[36m763[0m batches, [36m3769055[0m pos/sec)]
Estimated time to end of superbatch: [36m8.7[0ms     [Fsuperbatch [36m205[0m [[35m83.9[0m% ([36m640[0m/[36m763[0m batches, [36m3767122[0m pos/sec)]
Estimated time to end of superbatch: [36m4.3[0ms     [Fsuperbatch [36m205[0m | time [36m26.6[0ms | running loss [36m0.008334[0m | [36m3765749[0m pos/sec | total time [36m5805.2[0ms
Estimated time remaining in training: [36m4[0mh [36m12[0mm [36m30[0ms
LR dropped to [36m0.0007219[0m
superbatch [36m206[0m [[35m0.0[0m% ([36m0[0m/[36m763[0m batches, [36m3740418[0m pos/sec)]
Estimated time to end of superbatch: [36minf[0ms     [Fsuperbatch [36m206[0m [[35m16.8[0m% ([36m128[0m/[36m763[0m batches, [36m3767466[0m pos/sec)]
Estimated time to end of superbatch: [36m22.3[0ms     [Fsuperbatch [36m206[0m [[35m33.6[0m% ([36m256[0m/[36m763[0m batches, [36m3763684[0m pos/sec)]
Estimated time to end of superbatch: [36m17.7[0ms     [Fsuperbatch [36m206[0m [[35m50.3[0m% ([36m384[0m/[36m763[0m batches, [36m3766118[0m pos/sec)]
Estimated time to end of superbatch: [36m13.2[0ms     [Fsuperbatch [36m206[0m [[35m67.1[0m% ([36m512[0m/[36m763[0m batches, [36m3761835[0m pos/sec)]
Estimated time to end of superbatch: [36m8.8[0ms     [Fsuperbatch [36m206[0m [[35m83.9[0m% ([36m640[0m/[36m763[0m batches, [36m3767510[0m pos/sec)]
Estimated time to end of superbatch: [36m4.3[0ms     [Fsuperbatch [36m206[0m | time [36m26.6[0ms | running loss [36m0.008063[0m | [36m3766295[0m pos/sec | total time [36m5831.8[0ms
Estimated time remaining in training: [36m4[0mh [36m11[0mm [36m57[0ms
LR dropped to [36m0.0007205501[0m
superbatch [36m207[0m [[35m0.0[0m% ([36m0[0m/[36m763[0m batches, [36m3192694[0m pos/sec)]
Estimated time to end of superbatch: [36minf[0ms     [Fsuperbatch [36m207[0m [[35m16.8[0m% ([36m128[0m/[36m763[0m batches, [36m3695878[0m pos/sec)]
Estimated time to end of superbatch: [36m22.7[0ms     [Fsuperbatch [36m207[0m [[35m33.6[0m% ([36m256[0m/[36m763[0m batches, [36m3739614[0m pos/sec)]
Estimated time to end of superbatch: [36m17.8[0ms     [Fsuperbatch [36m207[0m [[35m50.3[0m% ([36m384[0m/[36m763[0m batches, [36m3743306[0m pos/sec)]
Estimated time to end of superbatch: [36m13.3[0ms     [Fsuperbatch [36m207[0m [[35m67.1[0m% ([36m512[0m/[36m763[0m batches, [36m3744778[0m pos/sec)]
Estimated time to end of superbatch: [36m8.8[0ms     [Fsuperbatch [36m207[0m [[35m83.9[0m% ([36m640[0m/[36m763[0m batches, [36m3742664[0m pos/sec)]
Estimated time to end of superbatch: [36m4.3[0ms     [Fsuperbatch [36m207[0m | time [36m26.8[0ms | running loss [36m0.008351[0m | [36m3735774[0m pos/sec | total time [36m5858.6[0ms
Estimated time remaining in training: [36m4[0mh [36m11[0mm [36m25[0ms
LR dropped to [36m0.0007192[0m
superbatch [36m208[0m [[35m0.0[0m% ([36m0[0m/[36m763[0m batches, [36m3699962[0m pos/sec)]
Estimated time to end of superbatch: [36minf[0ms     [Fsuperbatch [36m208[0m [[35m16.8[0m% ([36m128[0m/[36m763[0m batches, [36m3776914[0m pos/sec)]
Estimated time to end of superbatch: [36m22.2[0ms     [Fsuperbatch [36m208[0m [[35m33.6[0m% ([36m256[0m/[36m763[0m batches, [36m3750702[0m pos/sec)]
Estimated time to end of superbatch: [36m17.8[0ms     [Fsuperbatch [36m208[0m [[35m50.3[0m% ([36m384[0m/[36m763[0m batches, [36m3727318[0m pos/sec)]
Estimated time to end of superbatch: [36m13.4[0ms     [Fsuperbatch [36m208[0m [[35m67.1[0m% ([36m512[0m/[36m763[0m batches, [36m3732122[0m pos/sec)]
Estimated time to end of superbatch: [36m8.8[0ms     [Fsuperbatch [36m208[0m [[35m83.9[0m% ([36m640[0m/[36m763[0m batches, [36m3742603[0m pos/sec)]
Estimated time to end of superbatch: [36m4.3[0ms     [Fsuperbatch [36m208[0m | time [36m26.7[0ms | running loss [36m0.008080[0m | [36m3743997[0m pos/sec | total time [36m5885.3[0ms
Estimated time remaining in training: [36m4[0mh [36m10[0mm [36m52[0ms
LR dropped to [36m0.00071785005[0m
superbatch [36m209[0m [[35m0.0[0m% ([36m0[0m/[36m763[0m batches, [36m4022270[0m pos/sec)]
Estimated time to end of superbatch: [36minf[0ms     [Fsuperbatch [36m209[0m [[35m16.8[0m% ([36m128[0m/[36m763[0m batches, [36m3678294[0m pos/sec)]
Estimated time to end of superbatch: [36m22.8[0ms     [Fsuperbatch [36m209[0m [[35m33.6[0m% ([36m256[0m/[36m763[0m batches, [36m3714151[0m pos/sec)]
Estimated time to end of superbatch: [36m18.0[0ms     [Fsuperbatch [36m209[0m [[35m50.3[0m% ([36m384[0m/[36m763[0m batches, [36m3727197[0m pos/sec)]
Estimated time to end of superbatch: [36m13.4[0ms     [Fsuperbatch [36m209[0m [[35m67.1[0m% ([36m512[0m/[36m763[0m batches, [36m3736022[0m pos/sec)]
Estimated time to end of superbatch: [36m8.8[0ms     [Fsuperbatch [36m209[0m [[35m83.9[0m% ([36m640[0m/[36m763[0m batches, [36m3735774[0m pos/sec)]
Estimated time to end of superbatch: [36m4.3[0ms     [Fsuperbatch [36m209[0m | time [36m26.8[0ms | running loss [36m0.008331[0m | [36m3737165[0m pos/sec | total time [36m5912.0[0ms
Estimated time remaining in training: [36m4[0mh [36m10[0mm [36m20[0ms
LR dropped to [36m0.0007165[0m
superbatch [36m210[0m [[35m0.0[0m% ([36m0[0m/[36m763[0m batches, [36m3538742[0m pos/sec)]
Estimated time to end of superbatch: [36minf[0ms     [Fsuperbatch [36m210[0m [[35m16.8[0m% ([36m128[0m/[36m763[0m batches, [36m3781510[0m pos/sec)]
Estimated time to end of superbatch: [36m22.2[0ms     [Fsuperbatch [36m210[0m [[35m33.6[0m% ([36m256[0m/[36m763[0m batches, [36m3776052[0m pos/sec)]
Estimated time to end of superbatch: [36m17.7[0ms     [Fsuperbatch [36m210[0m [[35m50.3[0m% ([36m384[0m/[36m763[0m batches, [36m3761802[0m pos/sec)]
Estimated time to end of superbatch: [36m13.2[0ms     [Fsuperbatch [36m210[0m [[35m67.1[0m% ([36m512[0m/[36m763[0m batches, [36m3763818[0m pos/sec)]
Estimated time to end of superbatch: [36m8.8[0ms     [Fsuperbatch [36m210[0m [[35m83.9[0m% ([36m640[0m/[36m763[0m batches, [36m3757228[0m pos/sec)]
Estimated time to end of superbatch: [36m4.3[0ms     [Fsuperbatch [36m210[0m | time [36m26.6[0ms | running loss [36m0.008112[0m | [36m3759975[0m pos/sec | total time [36m5938.6[0ms
Estimated time remaining in training: [36m4[0mh [36m9[0mm [36m47[0ms
Saved [anna-v5-s1-210]
LR dropped to [36m0.00071515003[0m
superbatch [36m211[0m [[35m0.0[0m% ([36m0[0m/[36m763[0m batches, [36m2499351[0m pos/sec)]
Estimated time to end of superbatch: [36minf[0ms     [Fsuperbatch [36m211[0m [[35m16.8[0m% ([36m128[0m/[36m763[0m batches, [36m3732339[0m pos/sec)]
Estimated time to end of superbatch: [36m22.5[0ms     [Fsuperbatch [36m211[0m [[35m33.6[0m% ([36m256[0m/[36m763[0m batches, [36m3748028[0m pos/sec)]
Estimated time to end of superbatch: [36m17.8[0ms     [Fsuperbatch [36m211[0m [[35m50.3[0m% ([36m384[0m/[36m763[0m batches, [36m3745835[0m pos/sec)]
Estimated time to end of superbatch: [36m13.3[0ms     [Fsuperbatch [36m211[0m [[35m67.1[0m% ([36m512[0m/[36m763[0m batches, [36m3756179[0m pos/sec)]
Estimated time to end of superbatch: [36m8.8[0ms     [Fsuperbatch [36m211[0m [[35m83.9[0m% ([36m640[0m/[36m763[0m batches, [36m3744011[0m pos/sec)]
Estimated time to end of superbatch: [36m4.3[0ms     [Fsuperbatch [36m211[0m | time [36m26.7[0ms | running loss [36m0.008360[0m | [36m3748772[0m pos/sec | total time [36m5968.4[0ms
Estimated time remaining in training: [36m4[0mh [36m9[0mm [36m23[0ms
LR dropped to [36m0.0007138001[0m
superbatch [36m212[0m [[35m0.0[0m% ([36m0[0m/[36m763[0m batches, [36m3456296[0m pos/sec)]
Estimated time to end of superbatch: [36minf[0ms     [Fsuperbatch [36m212[0m [[35m16.8[0m% ([36m128[0m/[36m763[0m batches, [36m3777481[0m pos/sec)]
Estimated time to end of superbatch: [36m22.2[0ms     [Fsuperbatch [36m212[0m [[35m33.6[0m% ([36m256[0m/[36m763[0m batches, [36m3777143[0m pos/sec)]
Estimated time to end of superbatch: [36m17.7[0ms     [Fsuperbatch [36m212[0m [[35m50.3[0m% ([36m384[0m/[36m763[0m batches, [36m3759641[0m pos/sec)]
Estimated time to end of superbatch: [36m13.2[0ms     [Fsuperbatch [36m212[0m [[35m67.1[0m% ([36m512[0m/[36m763[0m batches, [36m3765209[0m pos/sec)]
Estimated time to end of superbatch: [36m8.8[0ms     [Fsuperbatch [36m212[0m [[35m83.9[0m% ([36m640[0m/[36m763[0m batches, [36m3768215[0m pos/sec)]
Estimated time to end of superbatch: [36m4.3[0ms     [Fsuperbatch [36m212[0m | time [36m26.5[0ms | running loss [36m0.008116[0m | [36m3769747[0m pos/sec | total time [36m5995.0[0ms
Estimated time remaining in training: [36m4[0mh [36m8[0mm [36m50[0ms
LR dropped to [36m0.00071245[0m
superbatch [36m213[0m [[35m0.0[0m% ([36m0[0m/[36m763[0m batches, [36m3597263[0m pos/sec)]
Estimated time to end of superbatch: [36minf[0ms     [Fsuperbatch [36m213[0m [[35m16.8[0m% ([36m128[0m/[36m763[0m batches, [36m3750902[0m pos/sec)]
Estimated time to end of superbatch: [36m22.4[0ms     [Fsuperbatch [36m213[0m [[35m33.6[0m% ([36m256[0m/[36m763[0m batches, [36m3745075[0m pos/sec)]
Estimated time to end of superbatch: [36m17.8[0ms     [Fsuperbatch [36m213[0m [[35m50.3[0m% ([36m384[0m/[36m763[0m batches, [36m3757146[0m pos/sec)]
Estimated time to end of superbatch: [36m13.3[0ms     [Fsuperbatch [36m213[0m [[35m67.1[0m% ([36m512[0m/[36m763[0m batches, [36m3751436[0m pos/sec)]
Estimated time to end of superbatch: [36m8.8[0ms     [Fsuperbatch [36m213[0m [[35m83.9[0m% ([36m640[0m/[36m763[0m batches, [36m3745267[0m pos/sec)]
Estimated time to end of superbatch: [36m4.3[0ms     [Fsuperbatch [36m213[0m | time [36m26.8[0ms | running loss [36m0.008359[0m | [36m3736946[0m pos/sec | total time [36m6021.7[0ms
Estimated time remaining in training: [36m4[0mh [36m8[0mm [36m18[0ms
LR dropped to [36m0.00071110006[0m
superbatch [36m214[0m [[35m0.0[0m% ([36m0[0m/[36m763[0m batches, [36m4011994[0m pos/sec)]
Estimated time to end of superbatch: [36minf[0ms     [Fsuperbatch [36m214[0m [[35m16.8[0m% ([36m128[0m/[36m763[0m batches, [36m3743810[0m pos/sec)]
Estimated time to end of superbatch: [36m22.4[0ms     [Fsuperbatch [36m214[0m [[35m33.6[0m% ([36m256[0m/[36m763[0m batches, [36m3757743[0m pos/sec)]
Estimated time to end of superbatch: [36m17.8[0ms     [Fsuperbatch [36m214[0m [[35m50.3[0m% ([36m384[0m/[36m763[0m batches, [36m3753039[0m pos/sec)]
Estimated time to end of superbatch: [36m13.3[0ms     [Fsuperbatch [36m214[0m [[35m67.1[0m% ([36m512[0m/[36m763[0m batches, [36m3741546[0m pos/sec)]
Estimated time to end of superbatch: [36m8.8[0ms     [Fsuperbatch [36m214[0m [[35m83.9[0m% ([36m640[0m/[36m763[0m batches, [36m3745649[0m pos/sec)]
Estimated time to end of superbatch: [36m4.3[0ms     [Fsuperbatch [36m214[0m | time [36m26.7[0ms | running loss [36m0.008145[0m | [36m3749480[0m pos/sec | total time [36m6048.4[0ms
Estimated time remaining in training: [36m4[0mh [36m7[0mm [36m46[0ms
LR dropped to [36m0.00070975[0m
superbatch [36m215[0m [[35m0.0[0m% ([36m0[0m/[36m763[0m batches, [36m4205736[0m pos/sec)]
Estimated time to end of superbatch: [36minf[0ms     [Fsuperbatch [36m215[0m [[35m16.8[0m% ([36m128[0m/[36m763[0m batches, [36m3719484[0m pos/sec)]
Estimated time to end of superbatch: [36m22.6[0ms     [Fsuperbatch [36m215[0m [[35m33.6[0m% ([36m256[0m/[36m763[0m batches, [36m3738698[0m pos/sec)]
Estimated time to end of superbatch: [36m17.8[0ms     [Fsuperbatch [36m215[0m [[35m50.3[0m% ([36m384[0m/[36m763[0m batches, [36m3744407[0m pos/sec)]
Estimated time to end of superbatch: [36m13.3[0ms     [Fsuperbatch [36m215[0m [[35m67.1[0m% ([36m512[0m/[36m763[0m batches, [36m3748468[0m pos/sec)]
Estimated time to end of superbatch: [36m8.8[0ms     [Fsuperbatch [36m215[0m [[35m83.9[0m% ([36m640[0m/[36m763[0m batches, [36m3751500[0m pos/sec)]
Estimated time to end of superbatch: [36m4.3[0ms     [Fsuperbatch [36m215[0m | time [36m26.6[0ms | running loss [36m0.008363[0m | [36m3758178[0m pos/sec | total time [36m6075.0[0ms
Estimated time remaining in training: [36m4[0mh [36m7[0mm [36m14[0ms
LR dropped to [36m0.00070840004[0m
superbatch [36m216[0m [[35m0.0[0m% ([36m0[0m/[36m763[0m batches, [36m3523639[0m pos/sec)]
Estimated time to end of superbatch: [36minf[0ms     [Fsuperbatch [36m216[0m [[35m16.8[0m% ([36m128[0m/[36m763[0m batches, [36m3772622[0m pos/sec)]
Estimated time to end of superbatch: [36m22.2[0ms     [Fsuperbatch [36m216[0m [[35m33.6[0m% ([36m256[0m/[36m763[0m batches, [36m3773426[0m pos/sec)]
Estimated time to end of superbatch: [36m17.7[0ms     [Fsuperbatch [36m216[0m [[35m50.3[0m% ([36m384[0m/[36m763[0m batches, [36m3773048[0m pos/sec)]
Estimated time to end of superbatch: [36m13.2[0ms     [Fsuperbatch [36m216[0m [[35m67.1[0m% ([36m512[0m/[36m763[0m batches, [36m3772592[0m pos/sec)]
Estimated time to end of superbatch: [36m8.7[0ms     [Fsuperbatch [36m216[0m [[35m83.9[0m% ([36m640[0m/[36m763[0m batches, [36m3774589[0m pos/sec)]
Estimated time to end of superbatch: [36m4.3[0ms     [Fsuperbatch [36m216[0m | time [36m26.5[0ms | running loss [36m0.008175[0m | [36m3773761[0m pos/sec | total time [36m6101.5[0ms
Estimated time remaining in training: [36m4[0mh [36m6[0mm [36m41[0ms
LR dropped to [36m0.0007070501[0m
superbatch [36m217[0m [[35m0.0[0m% ([36m0[0m/[36m763[0m batches, [36m3773785[0m pos/sec)]
Estimated time to end of superbatch: [36minf[0ms     [Fsuperbatch [36m217[0m [[35m16.8[0m% ([36m128[0m/[36m763[0m batches, [36m3769509[0m pos/sec)]
Estimated time to end of superbatch: [36m22.3[0ms     [Fsuperbatch [36m217[0m [[35m33.6[0m% ([36m256[0m/[36m763[0m batches, [36m3769629[0m pos/sec)]
Estimated time to end of superbatch: [36m17.7[0ms     [Fsuperbatch [36m217[0m [[35m50.3[0m% ([36m384[0m/[36m763[0m batches, [36m3775047[0m pos/sec)]
Estimated time to end of superbatch: [36m13.2[0ms     [Fsuperbatch [36m217[0m [[35m67.1[0m% ([36m512[0m/[36m763[0m batches, [36m3778798[0m pos/sec)]
Estimated time to end of superbatch: [36m8.7[0ms     [Fsuperbatch [36m217[0m [[35m83.9[0m% ([36m640[0m/[36m763[0m batches, [36m3779124[0m pos/sec)]
Estimated time to end of superbatch: [36m4.3[0ms     [Fsuperbatch [36m217[0m | time [36m26.5[0ms | running loss [36m0.008368[0m | [36m3777254[0m pos/sec | total time [36m6128.0[0ms
Estimated time remaining in training: [36m4[0mh [36m6[0mm [36m9[0ms
LR dropped to [36m0.0007057[0m
superbatch [36m218[0m [[35m0.0[0m% ([36m0[0m/[36m763[0m batches, [36m3678296[0m pos/sec)]
Estimated time to end of superbatch: [36minf[0ms     [Fsuperbatch [36m218[0m [[35m16.8[0m% ([36m128[0m/[36m763[0m batches, [36m3780016[0m pos/sec)]
Estimated time to end of superbatch: [36m22.2[0ms     [Fsuperbatch [36m218[0m [[35m33.6[0m% ([36m256[0m/[36m763[0m batches, [36m3767252[0m pos/sec)]
Estimated time to end of superbatch: [36m17.7[0ms     [Fsuperbatch [36m218[0m [[35m50.3[0m% ([36m384[0m/[36m763[0m batches, [36m3768890[0m pos/sec)]
Estimated time to end of superbatch: [36m13.2[0ms     [Fsuperbatch [36m218[0m [[35m67.1[0m% ([36m512[0m/[36m763[0m batches, [36m3769801[0m pos/sec)]
Estimated time to end of superbatch: [36m8.7[0ms     [Fsuperbatch [36m218[0m [[35m83.9[0m% ([36m640[0m/[36m763[0m batches, [36m3769156[0m pos/sec)]
Estimated time to end of superbatch: [36m4.3[0ms     [Fsuperbatch [36m218[0m | time [36m26.5[0ms | running loss [36m0.008194[0m | [36m3771482[0m pos/sec | total time [36m6154.5[0ms
Estimated time remaining in training: [36m4[0mh [36m5[0mm [36m36[0ms
LR dropped to [36m0.00070435007[0m
superbatch [36m219[0m [[35m0.0[0m% ([36m0[0m/[36m763[0m batches, [36m4186320[0m pos/sec)]
Estimated time to end of superbatch: [36minf[0ms     [Fsuperbatch [36m219[0m [[35m16.8[0m% ([36m128[0m/[36m763[0m batches, [36m3757755[0m pos/sec)]
Estimated time to end of superbatch: [36m22.3[0ms     [Fsuperbatch [36m219[0m [[35m33.6[0m% ([36m256[0m/[36m763[0m batches, [36m3763313[0m pos/sec)]
Estimated time to end of superbatch: [36m17.7[0ms     [Fsuperbatch [36m219[0m [[35m50.3[0m% ([36m384[0m/[36m763[0m batches, [36m3767672[0m pos/sec)]
Estimated time to end of superbatch: [36m13.2[0ms     [Fsuperbatch [36m219[0m [[35m67.1[0m% ([36m512[0m/[36m763[0m batches, [36m3771210[0m pos/sec)]
Estimated time to end of superbatch: [36m8.7[0ms     [Fsuperbatch [36m219[0m [[35m83.9[0m% ([36m640[0m/[36m763[0m batches, [36m3768495[0m pos/sec)]
Estimated time to end of superbatch: [36m4.3[0ms     [Fsuperbatch [36m219[0m | time [36m26.5[0ms | running loss [36m0.008362[0m | [36m3768386[0m pos/sec | total time [36m6181.1[0ms
Estimated time remaining in training: [36m4[0mh [36m5[0mm [36m4[0ms
LR dropped to [36m0.000703[0m
superbatch [36m220[0m [[35m0.0[0m% ([36m0[0m/[36m763[0m batches, [36m3843325[0m pos/sec)]
Estimated time to end of superbatch: [36minf[0ms     [Fsuperbatch [36m220[0m [[35m16.8[0m% ([36m128[0m/[36m763[0m batches, [36m3762112[0m pos/sec)]
Estimated time to end of superbatch: [36m22.3[0ms     [Fsuperbatch [36m220[0m [[35m33.6[0m% ([36m256[0m/[36m763[0m batches, [36m3772341[0m pos/sec)]
Estimated time to end of superbatch: [36m17.7[0ms     [Fsuperbatch [36m220[0m [[35m50.3[0m% ([36m384[0m/[36m763[0m batches, [36m3762751[0m pos/sec)]
Estimated time to end of superbatch: [36m13.2[0ms     [Fsuperbatch [36m220[0m [[35m67.1[0m% ([36m512[0m/[36m763[0m batches, [36m3763136[0m pos/sec)]
Estimated time to end of superbatch: [36m8.8[0ms     [Fsuperbatch [36m220[0m [[35m83.9[0m% ([36m640[0m/[36m763[0m batches, [36m3765218[0m pos/sec)]
Estimated time to end of superbatch: [36m4.3[0ms     [Fsuperbatch [36m220[0m | time [36m26.6[0ms | running loss [36m0.008215[0m | [36m3764550[0m pos/sec | total time [36m6207.6[0ms
Estimated time remaining in training: [36m4[0mh [36m4[0mm [36m32[0ms
Saved [anna-v5-s1-220]
LR dropped to [36m0.00070165005[0m
superbatch [36m221[0m [[35m0.0[0m% ([36m0[0m/[36m763[0m batches, [36m3738714[0m pos/sec)]
Estimated time to end of superbatch: [36minf[0ms     [Fsuperbatch [36m221[0m [[35m16.8[0m% ([36m128[0m/[36m763[0m batches, [36m3670678[0m pos/sec)]
Estimated time to end of superbatch: [36m22.9[0ms     [Fsuperbatch [36m221[0m [[35m33.6[0m% ([36m256[0m/[36m763[0m batches, [36m3699024[0m pos/sec)]
Estimated time to end of superbatch: [36m18.0[0ms     [Fsuperbatch [36m221[0m [[35m50.3[0m% ([36m384[0m/[36m763[0m batches, [36m3721742[0m pos/sec)]
Estimated time to end of superbatch: [36m13.4[0ms     [Fsuperbatch [36m221[0m [[35m67.1[0m% ([36m512[0m/[36m763[0m batches, [36m3734318[0m pos/sec)]
Estimated time to end of superbatch: [36m8.8[0ms     [Fsuperbatch [36m221[0m [[35m83.9[0m% ([36m640[0m/[36m763[0m batches, [36m3736071[0m pos/sec)]
Estimated time to end of superbatch: [36m4.3[0ms     [Fsuperbatch [36m221[0m | time [36m26.8[0ms | running loss [36m0.008382[0m | [36m3737596[0m pos/sec | total time [36m6237.3[0ms
Estimated time remaining in training: [36m4[0mh [36m4[0mm [36m7[0ms
LR dropped to [36m0.00070030004[0m
superbatch [36m222[0m [[35m0.0[0m% ([36m0[0m/[36m763[0m batches, [36m4014768[0m pos/sec)]
Estimated time to end of superbatch: [36minf[0ms     [Fsuperbatch [36m222[0m [[35m16.8[0m% ([36m128[0m/[36m763[0m batches, [36m3760274[0m pos/sec)]
Estimated time to end of superbatch: [36m22.3[0ms     [Fsuperbatch [36m222[0m [[35m33.6[0m% ([36m256[0m/[36m763[0m batches, [36m3767324[0m pos/sec)]
Estimated time to end of superbatch: [36m17.7[0ms     [Fsuperbatch [36m222[0m [[35m50.3[0m% ([36m384[0m/[36m763[0m batches, [36m3765174[0m pos/sec)]
Estimated time to end of superbatch: [36m13.2[0ms     [Fsuperbatch [36m222[0m [[35m67.1[0m% ([36m512[0m/[36m763[0m batches, [36m3766011[0m pos/sec)]
Estimated time to end of superbatch: [36m8.8[0ms     [Fsuperbatch [36m222[0m [[35m83.9[0m% ([36m640[0m/[36m763[0m batches, [36m3767708[0m pos/sec)]
Estimated time to end of superbatch: [36m4.3[0ms     [Fsuperbatch [36m222[0m | time [36m26.5[0ms | running loss [36m0.008226[0m | [36m3769929[0m pos/sec | total time [36m6263.9[0ms
Estimated time remaining in training: [36m4[0mh [36m3[0mm [36m35[0ms
LR dropped to [36m0.00069895[0m
superbatch [36m223[0m [[35m0.0[0m% ([36m0[0m/[36m763[0m batches, [36m4276761[0m pos/sec)]
Estimated time to end of superbatch: [36minf[0ms     [Fsuperbatch [36m223[0m [[35m16.8[0m% ([36m128[0m/[36m763[0m batches, [36m3771260[0m pos/sec)]
Estimated time to end of superbatch: [36m22.2[0ms     [Fsuperbatch [36m223[0m [[35m33.6[0m% ([36m256[0m/[36m763[0m batches, [36m3767446[0m pos/sec)]
Estimated time to end of superbatch: [36m17.7[0ms     [Fsuperbatch [36m223[0m [[35m50.3[0m% ([36m384[0m/[36m763[0m batches, [36m3767282[0m pos/sec)]
Estimated time to end of superbatch: [36m13.2[0ms     [Fsuperbatch [36m223[0m [[35m67.1[0m% ([36m512[0m/[36m763[0m batches, [36m3768334[0m pos/sec)]
Estimated time to end of superbatch: [36m8.7[0ms     [Fsuperbatch [36m223[0m [[35m83.9[0m% ([36m640[0m/[36m763[0m batches, [36m3761536[0m pos/sec)]
Estimated time to end of superbatch: [36m4.3[0ms     [Fsuperbatch [36m223[0m | time [36m26.6[0ms | running loss [36m0.008385[0m | [36m3761532[0m pos/sec | total time [36m6290.5[0ms
Estimated time remaining in training: [36m4[0mh [36m3[0mm [36m3[0ms
LR dropped to [36m0.0006976001[0m
superbatch [36m224[0m [[35m0.0[0m% ([36m0[0m/[36m763[0m batches, [36m3353531[0m pos/sec)]
Estimated time to end of superbatch: [36minf[0ms     [Fsuperbatch [36m224[0m [[35m16.8[0m% ([36m128[0m/[36m763[0m batches, [36m3770534[0m pos/sec)]
Estimated time to end of superbatch: [36m22.2[0ms     [Fsuperbatch [36m224[0m [[35m33.6[0m% ([36m256[0m/[36m763[0m batches, [36m3750356[0m pos/sec)]
Estimated time to end of superbatch: [36m17.8[0ms     [Fsuperbatch [36m224[0m [[35m50.3[0m% ([36m384[0m/[36m763[0m batches, [36m3747972[0m pos/sec)]
Estimated time to end of superbatch: [36m13.3[0ms     [Fsuperbatch [36m224[0m [[35m67.1[0m% ([36m512[0m/[36m763[0m batches, [36m3742733[0m pos/sec)]
Estimated time to end of superbatch: [36m8.8[0ms     [Fsuperbatch [36m224[0m [[35m83.9[0m% ([36m640[0m/[36m763[0m batches, [36m3750483[0m pos/sec)]
Estimated time to end of superbatch: [36m4.3[0ms     [Fsuperbatch [36m224[0m | time [36m26.6[0ms | running loss [36m0.008252[0m | [36m3754988[0m pos/sec | total time [36m6317.1[0ms
Estimated time remaining in training: [36m4[0mh [36m2[0mm [36m31[0ms
LR dropped to [36m0.00069625[0m
superbatch [36m225[0m [[35m0.0[0m% ([36m0[0m/[36m763[0m batches, [36m3850198[0m pos/sec)]
Estimated time to end of superbatch: [36minf[0ms     [Fsuperbatch [36m225[0m [[35m16.8[0m% ([36m128[0m/[36m763[0m batches, [36m3774880[0m pos/sec)]
Estimated time to end of superbatch: [36m22.2[0ms     [Fsuperbatch [36m225[0m [[35m33.6[0m% ([36m256[0m/[36m763[0m batches, [36m3772068[0m pos/sec)]
Estimated time to end of superbatch: [36m17.7[0ms     [Fsuperbatch [36m225[0m [[35m50.3[0m% ([36m384[0m/[36m763[0m batches, [36m3780088[0m pos/sec)]
Estimated time to end of superbatch: [36m13.2[0ms     [Fsuperbatch [36m225[0m [[35m67.1[0m% ([36m512[0m/[36m763[0m batches, [36m3781634[0m pos/sec)]
Estimated time to end of superbatch: [36m8.7[0ms     [Fsuperbatch [36m225[0m [[35m83.9[0m% ([36m640[0m/[36m763[0m batches, [36m3771376[0m pos/sec)]
Estimated time to end of superbatch: [36m4.3[0ms     [Fsuperbatch [36m225[0m | time [36m26.5[0ms | running loss [36m0.008377[0m | [36m3769506[0m pos/sec | total time [36m6343.6[0ms
Estimated time remaining in training: [36m4[0mh [36m1[0mm [36m59[0ms
LR dropped to [36m0.00069490005[0m
superbatch [36m226[0m [[35m0.0[0m% ([36m0[0m/[36m763[0m batches, [36m4172584[0m pos/sec)]
Estimated time to end of superbatch: [36minf[0ms     [Fsuperbatch [36m226[0m [[35m16.8[0m% ([36m128[0m/[36m763[0m batches, [36m3778075[0m pos/sec)]
Estimated time to end of superbatch: [36m22.2[0ms     [Fsuperbatch [36m226[0m [[35m33.6[0m% ([36m256[0m/[36m763[0m batches, [36m3777942[0m pos/sec)]
Estimated time to end of superbatch: [36m17.7[0ms     [Fsuperbatch [36m226[0m [[35m50.3[0m% ([36m384[0m/[36m763[0m batches, [36m3772584[0m pos/sec)]
Estimated time to end of superbatch: [36m13.2[0ms     [Fsuperbatch [36m226[0m [[35m67.1[0m% ([36m512[0m/[36m763[0m batches, [36m3770112[0m pos/sec)]
Estimated time to end of superbatch: [36m8.7[0ms     [Fsuperbatch [36m226[0m [[35m83.9[0m% ([36m640[0m/[36m763[0m batches, [36m3771072[0m pos/sec)]
Estimated time to end of superbatch: [36m4.3[0ms     [Fsuperbatch [36m226[0m | time [36m26.6[0ms | running loss [36m0.008280[0m | [36m3760804[0m pos/sec | total time [36m6370.2[0ms
Estimated time remaining in training: [36m4[0mh [36m1[0mm [36m27[0ms
LR dropped to [36m0.00069355[0m
superbatch [36m227[0m [[35m0.0[0m% ([36m0[0m/[36m763[0m batches, [36m3502947[0m pos/sec)]
Estimated time to end of superbatch: [36minf[0ms     [Fsuperbatch [36m227[0m [[35m16.8[0m% ([36m128[0m/[36m763[0m batches, [36m3696527[0m pos/sec)]
Estimated time to end of superbatch: [36m22.7[0ms     [Fsuperbatch [36m227[0m [[35m33.6[0m% ([36m256[0m/[36m763[0m batches, [36m3681142[0m pos/sec)]
Estimated time to end of superbatch: [36m18.1[0ms     [Fsuperbatch [36m227[0m [[35m50.3[0m% ([36m384[0m/[36m763[0m batches, [36m3682082[0m pos/sec)]
Estimated time to end of superbatch: [36m13.5[0ms     [Fsuperbatch [36m227[0m [[35m67.1[0m% ([36m512[0m/[36m763[0m batches, [36m3671678[0m pos/sec)]
Estimated time to end of superbatch: [36m9.0[0ms     [Fsuperbatch [36m227[0m [[35m83.9[0m% ([36m640[0m/[36m763[0m batches, [36m3647975[0m pos/sec)]
Estimated time to end of superbatch: [36m4.4[0ms     [Fsuperbatch [36m227[0m | time [36m27.5[0ms | running loss [36m0.008372[0m | [36m3635210[0m pos/sec | total time [36m6397.7[0ms
Estimated time remaining in training: [36m4[0mh [36m0[0mm [36m58[0ms
LR dropped to [36m0.00069220003[0m
superbatch [36m228[0m [[35m0.0[0m% ([36m0[0m/[36m763[0m batches, [36m3804377[0m pos/sec)]
Estimated time to end of superbatch: [36minf[0ms     [Fsuperbatch [36m228[0m [[35m16.8[0m% ([36m128[0m/[36m763[0m batches, [36m3685785[0m pos/sec)]
Estimated time to end of superbatch: [36m22.8[0ms     [Fsuperbatch [36m228[0m [[35m33.6[0m% ([36m256[0m/[36m763[0m batches, [36m3684008[0m pos/sec)]
Estimated time to end of superbatch: [36m18.1[0ms     [Fsuperbatch [36m228[0m [[35m50.3[0m% ([36m384[0m/[36m763[0m batches, [36m3671232[0m pos/sec)]
Estimated time to end of superbatch: [36m13.6[0ms     [Fsuperbatch [36m228[0m [[35m67.1[0m% ([36m512[0m/[36m763[0m batches, [36m3645457[0m pos/sec)]
Estimated time to end of superbatch: [36m9.0[0ms     [Fsuperbatch [36m228[0m [[35m83.9[0m% ([36m640[0m/[36m763[0m batches, [36m3613555[0m pos/sec)]
Estimated time to end of superbatch: [36m4.5[0ms     [Fsuperbatch [36m228[0m | time [36m27.8[0ms | running loss [36m0.008291[0m | [36m3600824[0m pos/sec | total time [36m6425.5[0ms
Estimated time remaining in training: [36m4[0mh [36m0[0mm [36m29[0ms
LR dropped to [36m0.0006908501[0m
superbatch [36m229[0m [[35m0.0[0m% ([36m0[0m/[36m763[0m batches, [36m3555471[0m pos/sec)]
Estimated time to end of superbatch: [36minf[0ms     [Fsuperbatch [36m229[0m [[35m16.8[0m% ([36m128[0m/[36m763[0m batches, [36m3594444[0m pos/sec)]
Estimated time to end of superbatch: [36m23.3[0ms     [Fsuperbatch [36m229[0m [[35m33.6[0m% ([36m256[0m/[36m763[0m batches, [36m3549101[0m pos/sec)]
Estimated time to end of superbatch: [36m18.8[0ms     [Fsuperbatch [36m229[0m [[35m50.3[0m% ([36m384[0m/[36m763[0m batches, [36m3542519[0m pos/sec)]
Estimated time to end of superbatch: [36m14.1[0ms     [Fsuperbatch [36m229[0m [[35m67.1[0m% ([36m512[0m/[36m763[0m batches, [36m3535311[0m pos/sec)]
Estimated time to end of superbatch: [36m9.3[0ms     [Fsuperbatch [36m229[0m [[35m83.9[0m% ([36m640[0m/[36m763[0m batches, [36m3528890[0m pos/sec)]
Estimated time to end of superbatch: [36m4.6[0ms     [Fsuperbatch [36m229[0m | time [36m28.4[0ms | running loss [36m0.008400[0m | [36m3522441[0m pos/sec | total time [36m6453.9[0ms
Estimated time remaining in training: [36m4[0mh [36m0[0mm [36m1[0ms
LR dropped to [36m0.0006895[0m
superbatch [36m230[0m [[35m0.0[0m% ([36m0[0m/[36m763[0m batches, [36m3693245[0m pos/sec)]
Estimated time to end of superbatch: [36minf[0ms     [Fsuperbatch [36m230[0m [[35m16.8[0m% ([36m128[0m/[36m763[0m batches, [36m3565160[0m pos/sec)]
Estimated time to end of superbatch: [36m23.5[0ms     [Fsuperbatch [36m230[0m [[35m33.6[0m% ([36m256[0m/[36m763[0m batches, [36m3540869[0m pos/sec)]
Estimated time to end of superbatch: [36m18.8[0ms     [Fsuperbatch [36m230[0m [[35m50.3[0m% ([36m384[0m/[36m763[0m batches, [36m3526610[0m pos/sec)]
Estimated time to end of superbatch: [36m14.1[0ms     [Fsuperbatch [36m230[0m [[35m67.1[0m% ([36m512[0m/[36m763[0m batches, [36m3524838[0m pos/sec)]
Estimated time to end of superbatch: [36m9.4[0ms     [Fsuperbatch [36m230[0m [[35m83.9[0m% ([36m640[0m/[36m763[0m batches, [36m3529456[0m pos/sec)]
Estimated time to end of superbatch: [36m4.6[0ms     [Fsuperbatch [36m230[0m | time [36m28.3[0ms | running loss [36m0.008330[0m | [36m3538756[0m pos/sec | total time [36m6482.1[0ms
Estimated time remaining in training: [36m3[0mh [36m59[0mm [36m33[0ms
Saved [anna-v5-s1-230]
LR dropped to [36m0.00068815006[0m
superbatch [36m231[0m [[35m0.0[0m% ([36m0[0m/[36m763[0m batches, [36m3182467[0m pos/sec)]
Estimated time to end of superbatch: [36minf[0ms     [Fsuperbatch [36m231[0m [[35m16.8[0m% ([36m128[0m/[36m763[0m batches, [36m3482418[0m pos/sec)]
Estimated time to end of superbatch: [36m24.1[0ms     [Fsuperbatch [36m231[0m [[35m33.6[0m% ([36m256[0m/[36m763[0m batches, [36m3473188[0m pos/sec)]
Estimated time to end of superbatch: [36m19.2[0ms     [Fsuperbatch [36m231[0m [[35m50.3[0m% ([36m384[0m/[36m763[0m batches, [36m3492716[0m pos/sec)]
Estimated time to end of superbatch: [36m14.3[0ms     [Fsuperbatch [36m231[0m [[35m67.1[0m% ([36m512[0m/[36m763[0m batches, [36m3506884[0m pos/sec)]
Estimated time to end of superbatch: [36m9.4[0ms     [Fsuperbatch [36m231[0m [[35m83.9[0m% ([36m640[0m/[36m763[0m batches, [36m3502268[0m pos/sec)]
Estimated time to end of superbatch: [36m4.6[0ms     [Fsuperbatch [36m231[0m | time [36m28.6[0ms | running loss [36m0.008379[0m | [36m3501175[0m pos/sec | total time [36m6513.8[0ms
Estimated time remaining in training: [36m3[0mh [36m59[0mm [36m12[0ms
LR dropped to [36m0.0006868[0m
superbatch [36m232[0m [[35m0.0[0m% ([36m0[0m/[36m763[0m batches, [36m3506466[0m pos/sec)]
Estimated time to end of superbatch: [36minf[0ms     [Fsuperbatch [36m232[0m [[35m16.8[0m% ([36m128[0m/[36m763[0m batches, [36m3499741[0m pos/sec)]
Estimated time to end of superbatch: [36m24.0[0ms     [Fsuperbatch [36m232[0m [[35m33.6[0m% ([36m256[0m/[36m763[0m batches, [36m3526744[0m pos/sec)]
Estimated time to end of superbatch: [36m18.9[0ms     [Fsuperbatch [36m232[0m [[35m50.3[0m% ([36m384[0m/[36m763[0m batches, [36m3518574[0m pos/sec)]
Estimated time to end of superbatch: [36m14.2[0ms     [Fsuperbatch [36m232[0m [[35m67.1[0m% ([36m512[0m/[36m763[0m batches, [36m3508293[0m pos/sec)]
Estimated time to end of superbatch: [36m9.4[0ms     [Fsuperbatch [36m232[0m [[35m83.9[0m% ([36m640[0m/[36m763[0m batches, [36m3508759[0m pos/sec)]
Estimated time to end of superbatch: [36m4.6[0ms     [Fsuperbatch [36m232[0m | time [36m28.5[0ms | running loss [36m0.008352[0m | [36m3507733[0m pos/sec | total time [36m6542.3[0ms
Estimated time remaining in training: [36m3[0mh [36m58[0mm [36m45[0ms
LR dropped to [36m0.00068545004[0m
superbatch [36m233[0m [[35m0.0[0m% ([36m0[0m/[36m763[0m batches, [36m3514218[0m pos/sec)]
Estimated time to end of superbatch: [36minf[0ms     [Fsuperbatch [36m233[0m [[35m16.8[0m% ([36m128[0m/[36m763[0m batches, [36m3484620[0m pos/sec)]
Estimated time to end of superbatch: [36m24.1[0ms     [Fsuperbatch [36m233[0m [[35m33.6[0m% ([36m256[0m/[36m763[0m batches, [36m3467460[0m pos/sec)]
Estimated time to end of superbatch: [36m19.2[0ms     [Fsuperbatch [36m233[0m [[35m50.3[0m% ([36m384[0m/[36m763[0m batches, [36m3478326[0m pos/sec)]
Estimated time to end of superbatch: [36m14.3[0ms     [Fsuperbatch [36m233[0m [[35m67.1[0m% ([36m512[0m/[36m763[0m batches, [36m3481424[0m pos/sec)]
Estimated time to end of superbatch: [36m9.5[0ms     [Fsuperbatch [36m233[0m [[35m83.9[0m% ([36m640[0m/[36m763[0m batches, [36m3481749[0m pos/sec)]
Estimated time to end of superbatch: [36m4.6[0ms     [Fsuperbatch [36m233[0m | time [36m28.7[0ms | running loss [36m0.008393[0m | [36m3481366[0m pos/sec | total time [36m6571.0[0ms
Estimated time remaining in training: [36m3[0mh [36m58[0mm [36m18[0ms
LR dropped to [36m0.0006841[0m
superbatch [36m234[0m [[35m0.0[0m% ([36m0[0m/[36m763[0m batches, [36m3221596[0m pos/sec)]
Estimated time to end of superbatch: [36minf[0ms     [Fsuperbatch [36m234[0m [[35m16.8[0m% ([36m128[0m/[36m763[0m batches, [36m3498620[0m pos/sec)]
Estimated time to end of superbatch: [36m24.0[0ms     [Fsuperbatch [36m234[0m [[35m33.6[0m% ([36m256[0m/[36m763[0m batches, [36m3500061[0m pos/sec)]
Estimated time to end of superbatch: [36m19.1[0ms     [Fsuperbatch [36m234[0m [[35m50.3[0m% ([36m384[0m/[36m763[0m batches, [36m3498130[0m pos/sec)]
Estimated time to end of superbatch: [36m14.2[0ms     [Fsuperbatch [36m234[0m [[35m67.1[0m% ([36m512[0m/[36m763[0m batches, [36m3494190[0m pos/sec)]
Estimated time to end of superbatch: [36m9.4[0ms     [Fsuperbatch [36m234[0m [[35m83.9[0m% ([36m640[0m/[36m763[0m batches, [36m3484894[0m pos/sec)]
Estimated time to end of superbatch: [36m4.6[0ms     [Fsuperbatch [36m234[0m | time [36m28.7[0ms | running loss [36m0.008361[0m | [36m3485684[0m pos/sec | total time [36m6599.7[0ms
Estimated time remaining in training: [36m3[0mh [36m57[0mm [36m51[0ms
LR dropped to [36m0.00068275[0m
superbatch [36m235[0m [[35m0.0[0m% ([36m0[0m/[36m763[0m batches, [36m3606585[0m pos/sec)]
Estimated time to end of superbatch: [36minf[0ms     [Fsuperbatch [36m235[0m [[35m16.8[0m% ([36m128[0m/[36m763[0m batches, [36m3516940[0m pos/sec)]
Estimated time to end of superbatch: [36m23.9[0ms     [Fsuperbatch [36m235[0m [[35m33.6[0m% ([36m256[0m/[36m763[0m batches, [36m3500588[0m pos/sec)]
Estimated time to end of superbatch: [36m19.1[0ms     [Fsuperbatch [36m235[0m [[35m50.3[0m% ([36m384[0m/[36m763[0m batches, [36m3493915[0m pos/sec)]
Estimated time to end of superbatch: [36m14.3[0ms     [Fsuperbatch [36m235[0m [[35m67.1[0m% ([36m512[0m/[36m763[0m batches, [36m3495901[0m pos/sec)]
Estimated time to end of superbatch: [36m9.4[0ms     [Fsuperbatch [36m235[0m [[35m83.9[0m% ([36m640[0m/[36m763[0m batches, [36m3497056[0m pos/sec)]
Estimated time to end of superbatch: [36m4.6[0ms     [Fsuperbatch [36m235[0m | time [36m28.6[0ms | running loss [36m0.008399[0m | [36m3492138[0m pos/sec | total time [36m6628.3[0ms
Estimated time remaining in training: [36m3[0mh [36m57[0mm [36m23[0ms
LR dropped to [36m0.00068140007[0m
superbatch [36m236[0m [[35m0.0[0m% ([36m0[0m/[36m763[0m batches, [36m3152808[0m pos/sec)]
Estimated time to end of superbatch: [36minf[0ms     [Fsuperbatch [36m236[0m [[35m16.8[0m% ([36m128[0m/[36m763[0m batches, [36m3477316[0m pos/sec)]
Estimated time to end of superbatch: [36m24.1[0ms     [Fsuperbatch [36m236[0m [[35m33.6[0m% ([36m256[0m/[36m763[0m batches, [36m3492064[0m pos/sec)]
Estimated time to end of superbatch: [36m19.1[0ms     [Fsuperbatch [36m236[0m [[35m50.3[0m% ([36m384[0m/[36m763[0m batches, [36m3500770[0m pos/sec)]
Estimated time to end of superbatch: [36m14.2[0ms     [Fsuperbatch [36m236[0m [[35m67.1[0m% ([36m512[0m/[36m763[0m batches, [36m3503237[0m pos/sec)]
Estimated time to end of superbatch: [36m9.4[0ms     [Fsuperbatch [36m236[0m [[35m83.9[0m% ([36m640[0m/[36m763[0m batches, [36m3505430[0m pos/sec)]
Estimated time to end of superbatch: [36m4.6[0ms     [Fsuperbatch [36m236[0m | time [36m28.6[0ms | running loss [36m0.008401[0m | [36m3498721[0m pos/sec | total time [36m6656.9[0ms
Estimated time remaining in training: [36m3[0mh [36m56[0mm [36m56[0ms
LR dropped to [36m0.00068005[0m
superbatch [36m237[0m [[35m0.0[0m% ([36m0[0m/[36m763[0m batches, [36m3428248[0m pos/sec)]
Estimated time to end of superbatch: [36minf[0ms     [Fsuperbatch [36m237[0m [[35m16.8[0m% ([36m128[0m/[36m763[0m batches, [36m3493520[0m pos/sec)]
Estimated time to end of superbatch: [36m24.0[0ms     [Fsuperbatch [36m237[0m [[35m33.6[0m% ([36m256[0m/[36m763[0m batches, [36m3484410[0m pos/sec)]
Estimated time to end of superbatch: [36m19.1[0ms     [Fsuperbatch [36m237[0m [[35m50.3[0m% ([36m384[0m/[36m763[0m batches, [36m3482869[0m pos/sec)]
Estimated time to end of superbatch: [36m14.3[0ms     [Fsuperbatch [36m237[0m [[35m67.1[0m% ([36m512[0m/[36m763[0m batches, [36m3479243[0m pos/sec)]
Estimated time to end of superbatch: [36m9.5[0ms     [Fsuperbatch [36m237[0m [[35m83.9[0m% ([36m640[0m/[36m763[0m batches, [36m3484172[0m pos/sec)]
Estimated time to end of superbatch: [36m4.6[0ms     [Fsuperbatch [36m237[0m | time [36m28.7[0ms | running loss [36m0.008392[0m | [36m3481456[0m pos/sec | total time [36m6685.6[0ms
Estimated time remaining in training: [36m3[0mh [36m56[0mm [36m29[0ms
LR dropped to [36m0.00067870005[0m
superbatch [36m238[0m [[35m0.0[0m% ([36m0[0m/[36m763[0m batches, [36m3415642[0m pos/sec)]
Estimated time to end of superbatch: [36minf[0ms     [Fsuperbatch [36m238[0m [[35m16.8[0m% ([36m128[0m/[36m763[0m batches, [36m3499972[0m pos/sec)]
Estimated time to end of superbatch: [36m24.0[0ms     [Fsuperbatch [36m238[0m [[35m33.6[0m% ([36m256[0m/[36m763[0m batches, [36m3511327[0m pos/sec)]
Estimated time to end of superbatch: [36m19.0[0ms     [Fsuperbatch [36m238[0m [[35m50.3[0m% ([36m384[0m/[36m763[0m batches, [36m3499984[0m pos/sec)]
Estimated time to end of superbatch: [36m14.2[0ms     [Fsuperbatch [36m238[0m [[35m67.1[0m% ([36m512[0m/[36m763[0m batches, [36m3493386[0m pos/sec)]
Estimated time to end of superbatch: [36m9.4[0ms     [Fsuperbatch [36m238[0m [[35m83.9[0m% ([36m640[0m/[36m763[0m batches, [36m3495172[0m pos/sec)]
Estimated time to end of superbatch: [36m4.6[0ms     [Fsuperbatch [36m238[0m | time [36m28.6[0ms | running loss [36m0.008431[0m | [36m3494429[0m pos/sec | total time [36m6714.3[0ms
Estimated time remaining in training: [36m3[0mh [36m56[0mm [36m2[0ms
LR dropped to [36m0.00067735004[0m
superbatch [36m239[0m [[35m0.0[0m% ([36m0[0m/[36m763[0m batches, [36m3551479[0m pos/sec)]
Estimated time to end of superbatch: [36minf[0ms     [Fsuperbatch [36m239[0m [[35m16.8[0m% ([36m128[0m/[36m763[0m batches, [36m3463304[0m pos/sec)]
Estimated time to end of superbatch: [36m24.2[0ms     [Fsuperbatch [36m239[0m [[35m33.6[0m% ([36m256[0m/[36m763[0m batches, [36m3471409[0m pos/sec)]
Estimated time to end of superbatch: [36m19.2[0ms     [Fsuperbatch [36m239[0m [[35m50.3[0m% ([36m384[0m/[36m763[0m batches, [36m3473090[0m pos/sec)]
Estimated time to end of superbatch: [36m14.3[0ms     [Fsuperbatch [36m239[0m [[35m67.1[0m% ([36m512[0m/[36m763[0m batches, [36m3472494[0m pos/sec)]
Estimated time to end of superbatch: [36m9.5[0ms     [Fsuperbatch [36m239[0m [[35m83.9[0m% ([36m640[0m/[36m763[0m batches, [36m3477501[0m pos/sec)]
Estimated time to end of superbatch: [36m4.6[0ms     [Fsuperbatch [36m239[0m | time [36m28.8[0ms | running loss [36m0.008411[0m | [36m3470414[0m pos/sec | total time [36m6743.1[0ms
Estimated time remaining in training: [36m3[0mh [36m55[0mm [36m35[0ms
LR dropped to [36m0.000676[0m
superbatch [36m240[0m [[35m0.0[0m% ([36m0[0m/[36m763[0m batches, [36m3356869[0m pos/sec)]
Estimated time to end of superbatch: [36minf[0ms     [Fsuperbatch [36m240[0m [[35m16.8[0m% ([36m128[0m/[36m763[0m batches, [36m3487202[0m pos/sec)]
Estimated time to end of superbatch: [36m24.1[0ms     [Fsuperbatch [36m240[0m [[35m33.6[0m% ([36m256[0m/[36m763[0m batches, [36m3487929[0m pos/sec)]
Estimated time to end of superbatch: [36m19.1[0ms     [Fsuperbatch [36m240[0m [[35m50.3[0m% ([36m384[0m/[36m763[0m batches, [36m3493864[0m pos/sec)]
Estimated time to end of superbatch: [36m14.3[0ms     [Fsuperbatch [36m240[0m [[35m67.1[0m% ([36m512[0m/[36m763[0m batches, [36m3504708[0m pos/sec)]
Estimated time to end of superbatch: [36m9.4[0ms     [Fsuperbatch [36m240[0m [[35m83.9[0m% ([36m640[0m/[36m763[0m batches, [36m3508740[0m pos/sec)]
Estimated time to end of superbatch: [36m4.6[0ms     [Fsuperbatch [36m240[0m | time [36m28.5[0ms | running loss [36m0.008448[0m | [36m3509788[0m pos/sec | total time [36m6771.6[0ms
Estimated time remaining in training: [36m3[0mh [36m55[0mm [36m7[0ms
Saved [anna-v5-s1-240]
LR dropped to [36m0.0006746501[0m
superbatch [36m241[0m [[35m0.0[0m% ([36m0[0m/[36m763[0m batches, [36m3099291[0m pos/sec)]
Estimated time to end of superbatch: [36minf[0ms     [Fsuperbatch [36m241[0m [[35m16.8[0m% ([36m128[0m/[36m763[0m batches, [36m3502010[0m pos/sec)]
Estimated time to end of superbatch: [36m24.0[0ms     [Fsuperbatch [36m241[0m [[35m33.6[0m% ([36m256[0m/[36m763[0m batches, [36m3479679[0m pos/sec)]
Estimated time to end of superbatch: [36m19.2[0ms     [Fsuperbatch [36m241[0m [[35m50.3[0m% ([36m384[0m/[36m763[0m batches, [36m3470686[0m pos/sec)]
Estimated time to end of superbatch: [36m14.4[0ms     [Fsuperbatch [36m241[0m [[35m67.1[0m% ([36m512[0m/[36m763[0m batches, [36m3474125[0m pos/sec)]
Estimated time to end of superbatch: [36m9.5[0ms     [Fsuperbatch [36m241[0m [[35m83.9[0m% ([36m640[0m/[36m763[0m batches, [36m3478330[0m pos/sec)]
Estimated time to end of superbatch: [36m4.6[0ms     [Fsuperbatch [36m241[0m | time [36m28.8[0ms | running loss [36m0.008396[0m | [36m3471315[0m pos/sec | total time [36m6803.4[0ms
Estimated time remaining in training: [36m3[0mh [36m54[0mm [36m46[0ms
LR dropped to [36m0.0006733[0m
superbatch [36m242[0m [[35m0.0[0m% ([36m0[0m/[36m763[0m batches, [36m3525844[0m pos/sec)]
Estimated time to end of superbatch: [36minf[0ms     [Fsuperbatch [36m242[0m [[35m16.8[0m% ([36m128[0m/[36m763[0m batches, [36m3466025[0m pos/sec)]
Estimated time to end of superbatch: [36m24.2[0ms     [Fsuperbatch [36m242[0m [[35m33.6[0m% ([36m256[0m/[36m763[0m batches, [36m3474316[0m pos/sec)]
Estimated time to end of superbatch: [36m19.2[0ms     [Fsuperbatch [36m242[0m [[35m50.3[0m% ([36m384[0m/[36m763[0m batches, [36m3487297[0m pos/sec)]
Estimated time to end of superbatch: [36m14.3[0ms     [Fsuperbatch [36m242[0m [[35m67.1[0m% ([36m512[0m/[36m763[0m batches, [36m3483532[0m pos/sec)]
Estimated time to end of superbatch: [36m9.5[0ms     [Fsuperbatch [36m242[0m [[35m83.9[0m% ([36m640[0m/[36m763[0m batches, [36m3495492[0m pos/sec)]
Estimated time to end of superbatch: [36m4.6[0ms     [Fsuperbatch [36m242[0m | time [36m28.6[0ms | running loss [36m0.008465[0m | [36m3500464[0m pos/sec | total time [36m6832.0[0ms
Estimated time remaining in training: [36m3[0mh [36m54[0mm [36m19[0ms
LR dropped to [36m0.00067195005[0m
superbatch [36m243[0m [[35m0.0[0m% ([36m0[0m/[36m763[0m batches, [36m3845574[0m pos/sec)]
Estimated time to end of superbatch: [36minf[0ms     [Fsuperbatch [36m243[0m [[35m16.8[0m% ([36m128[0m/[36m763[0m batches, [36m3475930[0m pos/sec)]
Estimated time to end of superbatch: [36m24.1[0ms     [Fsuperbatch [36m243[0m [[35m33.6[0m% ([36m256[0m/[36m763[0m batches, [36m3504336[0m pos/sec)]
Estimated time to end of superbatch: [36m19.0[0ms     [Fsuperbatch [36m243[0m [[35m50.3[0m% ([36m384[0m/[36m763[0m batches, [36m3504414[0m pos/sec)]
Estimated time to end of superbatch: [36m14.2[0ms     [Fsuperbatch [36m243[0m [[35m67.1[0m% ([36m512[0m/[36m763[0m batches, [36m3500541[0m pos/sec)]
Estimated time to end of superbatch: [36m9.4[0ms     [Fsuperbatch [36m243[0m [[35m83.9[0m% ([36m640[0m/[36m763[0m batches, [36m3503767[0m pos/sec)]
Estimated time to end of superbatch: [36m4.6[0ms     [Fsuperbatch [36m243[0m | time [36m28.5[0ms | running loss [36m0.008382[0m | [36m3510372[0m pos/sec | total time [36m6860.5[0ms
Estimated time remaining in training: [36m3[0mh [36m53[0mm [36m51[0ms
LR dropped to [36m0.00067060004[0m
superbatch [36m244[0m [[35m0.0[0m% ([36m0[0m/[36m763[0m batches, [36m3711635[0m pos/sec)]
Estimated time to end of superbatch: [36minf[0ms     [Fsuperbatch [36m244[0m [[35m16.8[0m% ([36m128[0m/[36m763[0m batches, [36m3515621[0m pos/sec)]
Estimated time to end of superbatch: [36m23.9[0ms     [Fsuperbatch [36m244[0m [[35m33.6[0m% ([36m256[0m/[36m763[0m batches, [36m3509862[0m pos/sec)]
Estimated time to end of superbatch: [36m19.0[0ms     [Fsuperbatch [36m244[0m [[35m50.3[0m% ([36m384[0m/[36m763[0m batches, [36m3510191[0m pos/sec)]
Estimated time to end of superbatch: [36m14.2[0ms     [Fsuperbatch [36m244[0m [[35m67.1[0m% ([36m512[0m/[36m763[0m batches, [36m3501882[0m pos/sec)]
Estimated time to end of superbatch: [36m9.4[0ms     [Fsuperbatch [36m244[0m [[35m83.9[0m% ([36m640[0m/[36m763[0m batches, [36m3497520[0m pos/sec)]
Estimated time to end of superbatch: [36m4.6[0ms     [Fsuperbatch [36m244[0m | time [36m28.6[0ms | running loss [36m0.008506[0m | [36m3492278[0m pos/sec | total time [36m6889.1[0ms
Estimated time remaining in training: [36m3[0mh [36m53[0mm [36m24[0ms
LR dropped to [36m0.00066925003[0m
superbatch [36m245[0m [[35m0.0[0m% ([36m0[0m/[36m763[0m batches, [36m3465822[0m pos/sec)]
Estimated time to end of superbatch: [36minf[0ms     [Fsuperbatch [36m245[0m [[35m16.8[0m% ([36m128[0m/[36m763[0m batches, [36m3502104[0m pos/sec)]
Estimated time to end of superbatch: [36m24.0[0ms     [Fsuperbatch [36m245[0m [[35m33.6[0m% ([36m256[0m/[36m763[0m batches, [36m3474400[0m pos/sec)]
Estimated time to end of superbatch: [36m19.2[0ms     [Fsuperbatch [36m245[0m [[35m50.3[0m% ([36m384[0m/[36m763[0m batches, [36m3479074[0m pos/sec)]
Estimated time to end of superbatch: [36m14.3[0ms     [Fsuperbatch [36m245[0m [[35m67.1[0m% ([36m512[0m/[36m763[0m batches, [36m3478102[0m pos/sec)]
Estimated time to end of superbatch: [36m9.5[0ms     [Fsuperbatch [36m245[0m [[35m83.9[0m% ([36m640[0m/[36m763[0m batches, [36m3486404[0m pos/sec)]
Estimated time to end of superbatch: [36m4.6[0ms     [Fsuperbatch [36m245[0m | time [36m28.6[0ms | running loss [36m0.008406[0m | [36m3492113[0m pos/sec | total time [36m6917.7[0ms
Estimated time remaining in training: [36m3[0mh [36m52[0mm [36m56[0ms
LR dropped to [36m0.0006679001[0m
superbatch [36m246[0m [[35m0.0[0m% ([36m0[0m/[36m763[0m batches, [36m3203095[0m pos/sec)]
Estimated time to end of superbatch: [36minf[0ms     [Fsuperbatch [36m246[0m [[35m16.8[0m% ([36m128[0m/[36m763[0m batches, [36m3490994[0m pos/sec)]
Estimated time to end of superbatch: [36m24.0[0ms     [Fsuperbatch [36m246[0m [[35m33.6[0m% ([36m256[0m/[36m763[0m batches, [36m3505170[0m pos/sec)]
Estimated time to end of superbatch: [36m19.0[0ms     [Fsuperbatch [36m246[0m [[35m50.3[0m% ([36m384[0m/[36m763[0m batches, [36m3501764[0m pos/sec)]
Estimated time to end of superbatch: [36m14.2[0ms     [Fsuperbatch [36m246[0m [[35m67.1[0m% ([36m512[0m/[36m763[0m batches, [36m3498868[0m pos/sec)]
Estimated time to end of superbatch: [36m9.4[0ms     [Fsuperbatch [36m246[0m [[35m83.9[0m% ([36m640[0m/[36m763[0m batches, [36m3503881[0m pos/sec)]
Estimated time to end of superbatch: [36m4.6[0ms     [Fsuperbatch [36m246[0m | time [36m28.5[0ms | running loss [36m0.008527[0m | [36m3506154[0m pos/sec | total time [36m6946.3[0ms
Estimated time remaining in training: [36m3[0mh [36m52[0mm [36m29[0ms
LR dropped to [36m0.00066655[0m
superbatch [36m247[0m [[35m0.0[0m% ([36m0[0m/[36m763[0m batches, [36m3698264[0m pos/sec)]
Estimated time to end of superbatch: [36minf[0ms     [Fsuperbatch [36m247[0m [[35m16.8[0m% ([36m128[0m/[36m763[0m batches, [36m3533506[0m pos/sec)]
Estimated time to end of superbatch: [36m23.7[0ms     [Fsuperbatch [36m247[0m [[35m33.6[0m% ([36m256[0m/[36m763[0m batches, [36m3498212[0m pos/sec)]
Estimated time to end of superbatch: [36m19.1[0ms     [Fsuperbatch [36m247[0m [[35m50.3[0m% ([36m384[0m/[36m763[0m batches, [36m3497632[0m pos/sec)]
Estimated time to end of superbatch: [36m14.2[0ms     [Fsuperbatch [36m247[0m [[35m67.1[0m% ([36m512[0m/[36m763[0m batches, [36m3501484[0m pos/sec)]
Estimated time to end of superbatch: [36m9.4[0ms     [Fsuperbatch [36m247[0m [[35m83.9[0m% ([36m640[0m/[36m763[0m batches, [36m3502288[0m pos/sec)]
Estimated time to end of superbatch: [36m4.6[0ms     [Fsuperbatch [36m247[0m | time [36m28.6[0ms | running loss [36m0.008416[0m | [36m3502560[0m pos/sec | total time [36m6974.8[0ms
Estimated time remaining in training: [36m3[0mh [36m52[0mm [36m1[0ms
LR dropped to [36m0.00066520006[0m
superbatch [36m248[0m [[35m0.0[0m% ([36m0[0m/[36m763[0m batches, [36m3379986[0m pos/sec)]
Estimated time to end of superbatch: [36minf[0ms     [Fsuperbatch [36m248[0m [[35m16.8[0m% ([36m128[0m/[36m763[0m batches, [36m3485623[0m pos/sec)]
Estimated time to end of superbatch: [36m24.1[0ms     [Fsuperbatch [36m248[0m [[35m33.6[0m% ([36m256[0m/[36m763[0m batches, [36m3494787[0m pos/sec)]
Estimated time to end of superbatch: [36m19.1[0ms     [Fsuperbatch [36m248[0m [[35m50.3[0m% ([36m384[0m/[36m763[0m batches, [36m3502179[0m pos/sec)]
Estimated time to end of superbatch: [36m14.2[0ms     [Fsuperbatch [36m248[0m [[35m67.1[0m% ([36m512[0m/[36m763[0m batches, [36m3502257[0m pos/sec)]
Estimated time to end of superbatch: [36m9.4[0ms     [Fsuperbatch [36m248[0m [[35m83.9[0m% ([36m640[0m/[36m763[0m batches, [36m3504940[0m pos/sec)]
Estimated time to end of superbatch: [36m4.6[0ms     [Fsuperbatch [36m248[0m | time [36m28.5[0ms | running loss [36m0.008538[0m | [36m3505092[0m pos/sec | total time [36m7003.4[0ms
Estimated time remaining in training: [36m3[0mh [36m51[0mm [36m33[0ms
LR dropped to [36m0.00066385[0m
superbatch [36m249[0m [[35m0.0[0m% ([36m0[0m/[36m763[0m batches, [36m3871891[0m pos/sec)]
Estimated time to end of superbatch: [36minf[0ms     [Fsuperbatch [36m249[0m [[35m16.8[0m% ([36m128[0m/[36m763[0m batches, [36m3477134[0m pos/sec)]
Estimated time to end of superbatch: [36m24.1[0ms     [Fsuperbatch [36m249[0m [[35m33.6[0m% ([36m256[0m/[36m763[0m batches, [36m3492401[0m pos/sec)]
Estimated time to end of superbatch: [36m19.1[0ms     [Fsuperbatch [36m249[0m [[35m50.3[0m% ([36m384[0m/[36m763[0m batches, [36m3492121[0m pos/sec)]
Estimated time to end of superbatch: [36m14.3[0ms     [Fsuperbatch [36m249[0m [[35m67.1[0m% ([36m512[0m/[36m763[0m batches, [36m3497078[0m pos/sec)]
Estimated time to end of superbatch: [36m9.4[0ms     [Fsuperbatch [36m249[0m [[35m83.9[0m% ([36m640[0m/[36m763[0m batches, [36m3505932[0m pos/sec)]
Estimated time to end of superbatch: [36m4.6[0ms     [Fsuperbatch [36m249[0m | time [36m28.5[0ms | running loss [36m0.008402[0m | [36m3508364[0m pos/sec | total time [36m7031.9[0ms
Estimated time remaining in training: [36m3[0mh [36m51[0mm [36m6[0ms
LR dropped to [36m0.00066250004[0m
superbatch [36m250[0m [[35m0.0[0m% ([36m0[0m/[36m763[0m batches, [36m3732062[0m pos/sec)]
Estimated time to end of superbatch: [36minf[0ms     [Fsuperbatch [36m250[0m [[35m16.8[0m% ([36m128[0m/[36m763[0m batches, [36m3470838[0m pos/sec)]
Estimated time to end of superbatch: [36m24.2[0ms     [Fsuperbatch [36m250[0m [[35m33.6[0m% ([36m256[0m/[36m763[0m batches, [36m3488907[0m pos/sec)]
Estimated time to end of superbatch: [36m19.1[0ms     [Fsuperbatch [36m250[0m [[35m50.3[0m% ([36m384[0m/[36m763[0m batches, [36m3489736[0m pos/sec)]
Estimated time to end of superbatch: [36m14.3[0ms     [Fsuperbatch [36m250[0m [[35m67.1[0m% ([36m512[0m/[36m763[0m batches, [36m3490779[0m pos/sec)]
Estimated time to end of superbatch: [36m9.4[0ms     [Fsuperbatch [36m250[0m [[35m83.9[0m% ([36m640[0m/[36m763[0m batches, [36m3488902[0m pos/sec)]
Estimated time to end of superbatch: [36m4.6[0ms     [Fsuperbatch [36m250[0m | time [36m28.7[0ms | running loss [36m0.008592[0m | [36m3489277[0m pos/sec | total time [36m7060.5[0ms
Estimated time remaining in training: [36m3[0mh [36m50[0mm [36m38[0ms
Saved [anna-v5-s1-250]
LR dropped to [36m0.00066115[0m
superbatch [36m251[0m [[35m0.0[0m% ([36m0[0m/[36m763[0m batches, [36m3584787[0m pos/sec)]
Estimated time to end of superbatch: [36minf[0ms     [Fsuperbatch [36m251[0m [[35m16.8[0m% ([36m128[0m/[36m763[0m batches, [36m3482559[0m pos/sec)]
Estimated time to end of superbatch: [36m24.1[0ms     [Fsuperbatch [36m251[0m [[35m33.6[0m% ([36m256[0m/[36m763[0m batches, [36m3489487[0m pos/sec)]
Estimated time to end of superbatch: [36m19.1[0ms     [Fsuperbatch [36m251[0m [[35m50.3[0m% ([36m384[0m/[36m763[0m batches, [36m3492432[0m pos/sec)]
Estimated time to end of superbatch: [36m14.3[0ms     [Fsuperbatch [36m251[0m [[35m67.1[0m% ([36m512[0m/[36m763[0m batches, [36m3493280[0m pos/sec)]
Estimated time to end of superbatch: [36m9.4[0ms     [Fsuperbatch [36m251[0m [[35m83.9[0m% ([36m640[0m/[36m763[0m batches, [36m3493394[0m pos/sec)]
Estimated time to end of superbatch: [36m4.6[0ms     [Fsuperbatch [36m251[0m | time [36m28.7[0ms | running loss [36m0.008404[0m | [36m3489699[0m pos/sec | total time [36m7092.3[0ms
Estimated time remaining in training: [36m3[0mh [36m50[0mm [36m17[0ms
LR dropped to [36m0.0006598[0m
superbatch [36m252[0m [[35m0.0[0m% ([36m0[0m/[36m763[0m batches, [36m3208534[0m pos/sec)]
Estimated time to end of superbatch: [36minf[0ms     [Fsuperbatch [36m252[0m [[35m16.8[0m% ([36m128[0m/[36m763[0m batches, [36m3509682[0m pos/sec)]
Estimated time to end of superbatch: [36m23.9[0ms     [Fsuperbatch [36m252[0m [[35m33.6[0m% ([36m256[0m/[36m763[0m batches, [36m3521479[0m pos/sec)]
Estimated time to end of superbatch: [36m18.9[0ms     [Fsuperbatch [36m252[0m [[35m50.3[0m% ([36m384[0m/[36m763[0m batches, [36m3512764[0m pos/sec)]
Estimated time to end of superbatch: [36m14.2[0ms     [Fsuperbatch [36m252[0m [[35m67.1[0m% ([36m512[0m/[36m763[0m batches, [36m3519760[0m pos/sec)]
Estimated time to end of superbatch: [36m9.4[0ms     [Fsuperbatch [36m252[0m [[35m83.9[0m% ([36m640[0m/[36m763[0m batches, [36m3511370[0m pos/sec)]
Estimated time to end of superbatch: [36m4.6[0ms     [Fsuperbatch [36m252[0m | time [36m28.5[0ms | running loss [36m0.008602[0m | [36m3505856[0m pos/sec | total time [36m7120.8[0ms
Estimated time remaining in training: [36m3[0mh [36m49[0mm [36m49[0ms
LR dropped to [36m0.00065845007[0m
superbatch [36m253[0m [[35m0.0[0m% ([36m0[0m/[36m763[0m batches, [36m3797470[0m pos/sec)]
Estimated time to end of superbatch: [36minf[0ms     [Fsuperbatch [36m253[0m [[35m16.8[0m% ([36m128[0m/[36m763[0m batches, [36m3510028[0m pos/sec)]
Estimated time to end of superbatch: [36m23.9[0ms     [Fsuperbatch [36m253[0m [[35m33.6[0m% ([36m256[0m/[36m763[0m batches, [36m3498124[0m pos/sec)]
Estimated time to end of superbatch: [36m19.1[0ms     [Fsuperbatch [36m253[0m [[35m50.3[0m% ([36m384[0m/[36m763[0m batches, [36m3494590[0m pos/sec)]
Estimated time to end of superbatch: [36m14.3[0ms     [Fsuperbatch [36m253[0m [[35m67.1[0m% ([36m512[0m/[36m763[0m batches, [36m3493462[0m pos/sec)]
Estimated time to end of superbatch: [36m9.4[0ms     [Fsuperbatch [36m253[0m [[35m83.9[0m% ([36m640[0m/[36m763[0m batches, [36m3492707[0m pos/sec)]
Estimated time to end of superbatch: [36m4.6[0ms     [Fsuperbatch [36m253[0m | time [36m28.6[0ms | running loss [36m0.008385[0m | [36m3493877[0m pos/sec | total time [36m7149.4[0ms
Estimated time remaining in training: [36m3[0mh [36m49[0mm [36m21[0ms
LR dropped to [36m0.0006571[0m
superbatch [36m254[0m [[35m0.0[0m% ([36m0[0m/[36m763[0m batches, [36m3345062[0m pos/sec)]
Estimated time to end of superbatch: [36minf[0ms     [Fsuperbatch [36m254[0m [[35m16.8[0m% ([36m128[0m/[36m763[0m batches, [36m3460270[0m pos/sec)]
Estimated time to end of superbatch: [36m24.2[0ms     [Fsuperbatch [36m254[0m [[35m33.6[0m% ([36m256[0m/[36m763[0m batches, [36m3473772[0m pos/sec)]
Estimated time to end of superbatch: [36m19.2[0ms     [Fsuperbatch [36m254[0m [[35m50.3[0m% ([36m384[0m/[36m763[0m batches, [36m3483131[0m pos/sec)]
Estimated time to end of superbatch: [36m14.3[0ms     [Fsuperbatch [36m254[0m [[35m67.1[0m% ([36m512[0m/[36m763[0m batches, [36m3485953[0m pos/sec)]
Estimated time to end of superbatch: [36m9.5[0ms     [Fsuperbatch [36m254[0m [[35m83.9[0m% ([36m640[0m/[36m763[0m batches, [36m3487601[0m pos/sec)]
Estimated time to end of superbatch: [36m4.6[0ms     [Fsuperbatch [36m254[0m | time [36m28.6[0ms | running loss [36m0.008642[0m | [36m3498602[0m pos/sec | total time [36m7178.0[0ms
Estimated time remaining in training: [36m3[0mh [36m48[0mm [36m54[0ms
LR dropped to [36m0.00065575005[0m
superbatch [36m255[0m [[35m0.0[0m% ([36m0[0m/[36m763[0m batches, [36m3305056[0m pos/sec)]
Estimated time to end of superbatch: [36minf[0ms     [Fsuperbatch [36m255[0m [[35m16.8[0m% ([36m128[0m/[36m763[0m batches, [36m3506113[0m pos/sec)]
Estimated time to end of superbatch: [36m23.9[0ms     [Fsuperbatch [36m255[0m [[35m33.6[0m% ([36m256[0m/[36m763[0m batches, [36m3495356[0m pos/sec)]
Estimated time to end of superbatch: [36m19.1[0ms     [Fsuperbatch [36m255[0m [[35m50.3[0m% ([36m384[0m/[36m763[0m batches, [36m3510288[0m pos/sec)]
Estimated time to end of superbatch: [36m14.2[0ms     [Fsuperbatch [36m255[0m [[35m67.1[0m% ([36m512[0m/[36m763[0m batches, [36m3507109[0m pos/sec)]
Estimated time to end of superbatch: [36m9.4[0ms     [Fsuperbatch [36m255[0m [[35m83.9[0m% ([36m640[0m/[36m763[0m batches, [36m3511863[0m pos/sec)]
Estimated time to end of superbatch: [36m4.6[0ms     [Fsuperbatch [36m255[0m | time [36m28.5[0ms | running loss [36m0.008401[0m | [36m3513492[0m pos/sec | total time [36m7206.5[0ms
Estimated time remaining in training: [36m3[0mh [36m48[0mm [36m26[0ms
LR dropped to [36m0.00065440004[0m
superbatch [36m256[0m [[35m0.0[0m% ([36m0[0m/[36m763[0m batches, [36m3453187[0m pos/sec)]
Estimated time to end of superbatch: [36minf[0ms     [Fsuperbatch [36m256[0m [[35m16.8[0m% ([36m128[0m/[36m763[0m batches, [36m3479736[0m pos/sec)]
Estimated time to end of superbatch: [36m24.1[0ms     [Fsuperbatch [36m256[0m [[35m33.6[0m% ([36m256[0m/[36m763[0m batches, [36m3516998[0m pos/sec)]
Estimated time to end of superbatch: [36m19.0[0ms     [Fsuperbatch [36m256[0m [[35m50.3[0m% ([36m384[0m/[36m763[0m batches, [36m3530033[0m pos/sec)]
Estimated time to end of superbatch: [36m14.1[0ms     [Fsuperbatch [36m256[0m [[35m67.1[0m% ([36m512[0m/[36m763[0m batches, [36m3517278[0m pos/sec)]
Estimated time to end of superbatch: [36m9.4[0ms     [Fsuperbatch [36m256[0m [[35m83.9[0m% ([36m640[0m/[36m763[0m batches, [36m3515636[0m pos/sec)]
Estimated time to end of superbatch: [36m4.6[0ms     [Fsuperbatch [36m256[0m | time [36m28.5[0ms | running loss [36m0.008676[0m | [36m3513214[0m pos/sec | total time [36m7234.9[0ms
Estimated time remaining in training: [36m3[0mh [36m47[0mm [36m58[0ms
LR dropped to [36m0.00065305[0m
superbatch [36m257[0m [[35m0.0[0m% ([36m0[0m/[36m763[0m batches, [36m3653248[0m pos/sec)]
Estimated time to end of superbatch: [36minf[0ms     [Fsuperbatch [36m257[0m [[35m16.8[0m% ([36m128[0m/[36m763[0m batches, [36m3503171[0m pos/sec)]
Estimated time to end of superbatch: [36m23.9[0ms     [Fsuperbatch [36m257[0m [[35m33.6[0m% ([36m256[0m/[36m763[0m batches, [36m3488450[0m pos/sec)]
Estimated time to end of superbatch: [36m19.1[0ms     [Fsuperbatch [36m257[0m [[35m50.3[0m% ([36m384[0m/[36m763[0m batches, [36m3486580[0m pos/sec)]
Estimated time to end of superbatch: [36m14.3[0ms     [Fsuperbatch [36m257[0m [[35m67.1[0m% ([36m512[0m/[36m763[0m batches, [36m3485314[0m pos/sec)]
Estimated time to end of superbatch: [36m9.5[0ms     [Fsuperbatch [36m257[0m [[35m83.9[0m% ([36m640[0m/[36m763[0m batches, [36m3490222[0m pos/sec)]
Estimated time to end of superbatch: [36m4.6[0ms     [Fsuperbatch [36m257[0m | time [36m28.6[0ms | running loss [36m0.008414[0m | [36m3497618[0m pos/sec | total time [36m7263.5[0ms
Estimated time remaining in training: [36m3[0mh [36m47[0mm [36m30[0ms
LR dropped to [36m0.0006517001[0m
superbatch [36m258[0m [[35m0.0[0m% ([36m0[0m/[36m763[0m batches, [36m3209040[0m pos/sec)]
Estimated time to end of superbatch: [36minf[0ms     [Fsuperbatch [36m258[0m [[35m16.8[0m% ([36m128[0m/[36m763[0m batches, [36m3462619[0m pos/sec)]
Estimated time to end of superbatch: [36m24.2[0ms     [Fsuperbatch [36m258[0m [[35m33.6[0m% ([36m256[0m/[36m763[0m batches, [36m3463105[0m pos/sec)]
Estimated time to end of superbatch: [36m19.3[0ms     [Fsuperbatch [36m258[0m [[35m50.3[0m% ([36m384[0m/[36m763[0m batches, [36m3478804[0m pos/sec)]
Estimated time to end of superbatch: [36m14.3[0ms     [Fsuperbatch [36m258[0m [[35m67.1[0m% ([36m512[0m/[36m763[0m batches, [36m3478080[0m pos/sec)]
Estimated time to end of superbatch: [36m9.5[0ms     [Fsuperbatch [36m258[0m [[35m83.9[0m% ([36m640[0m/[36m763[0m batches, [36m3480382[0m pos/sec)]
Estimated time to end of superbatch: [36m4.6[0ms     [Fsuperbatch [36m258[0m | time [36m28.7[0ms | running loss [36m0.008700[0m | [36m3479981[0m pos/sec | total time [36m7292.2[0ms
Estimated time remaining in training: [36m3[0mh [36m47[0mm [36m3[0ms
LR dropped to [36m0.00065035[0m
superbatch [36m259[0m [[35m0.0[0m% ([36m0[0m/[36m763[0m batches, [36m3242342[0m pos/sec)]
Estimated time to end of superbatch: [36minf[0ms     [Fsuperbatch [36m259[0m [[35m16.8[0m% ([36m128[0m/[36m763[0m batches, [36m3478954[0m pos/sec)]
Estimated time to end of superbatch: [36m24.1[0ms     [Fsuperbatch [36m259[0m [[35m33.6[0m% ([36m256[0m/[36m763[0m batches, [36m3504978[0m pos/sec)]
Estimated time to end of superbatch: [36m19.0[0ms     [Fsuperbatch [36m259[0m [[35m50.3[0m% ([36m384[0m/[36m763[0m batches, [36m3516068[0m pos/sec)]
Estimated time to end of superbatch: [36m14.2[0ms     [Fsuperbatch [36m259[0m [[35m67.1[0m% ([36m512[0m/[36m763[0m batches, [36m3506346[0m pos/sec)]
Estimated time to end of superbatch: [36m9.4[0ms     [Fsuperbatch [36m259[0m [[35m83.9[0m% ([36m640[0m/[36m763[0m batches, [36m3512734[0m pos/sec)]
Estimated time to end of superbatch: [36m4.6[0ms     [Fsuperbatch [36m259[0m | time [36m28.4[0ms | running loss [36m0.008410[0m | [36m3523488[0m pos/sec | total time [36m7320.6[0ms
Estimated time remaining in training: [36m3[0mh [36m46[0mm [36m35[0ms
LR dropped to [36m0.00064900005[0m
superbatch [36m260[0m [[35m0.0[0m% ([36m0[0m/[36m763[0m batches, [36m3187450[0m pos/sec)]
Estimated time to end of superbatch: [36minf[0ms     [Fsuperbatch [36m260[0m [[35m16.8[0m% ([36m128[0m/[36m763[0m batches, [36m3500498[0m pos/sec)]
Estimated time to end of superbatch: [36m24.0[0ms     [Fsuperbatch [36m260[0m [[35m33.6[0m% ([36m256[0m/[36m763[0m batches, [36m3500456[0m pos/sec)]
Estimated time to end of superbatch: [36m19.1[0ms     [Fsuperbatch [36m260[0m [[35m50.3[0m% ([36m384[0m/[36m763[0m batches, [36m3495408[0m pos/sec)]
Estimated time to end of superbatch: [36m14.2[0ms     [Fsuperbatch [36m260[0m [[35m67.1[0m% ([36m512[0m/[36m763[0m batches, [36m3510944[0m pos/sec)]
Estimated time to end of superbatch: [36m9.4[0ms     [Fsuperbatch [36m260[0m [[35m83.9[0m% ([36m640[0m/[36m763[0m batches, [36m3503056[0m pos/sec)]
Estimated time to end of superbatch: [36m4.6[0ms     [Fsuperbatch [36m260[0m | time [36m28.5[0ms | running loss [36m0.008695[0m | [36m3504819[0m pos/sec | total time [36m7349.2[0ms
Estimated time remaining in training: [36m3[0mh [36m46[0mm [36m7[0ms
Saved [anna-v5-s1-260]
LR dropped to [36m0.00064765004[0m
superbatch [36m261[0m [[35m0.0[0m% ([36m0[0m/[36m763[0m batches, [36m3263438[0m pos/sec)]
Estimated time to end of superbatch: [36minf[0ms     [Fsuperbatch [36m261[0m [[35m16.8[0m% ([36m128[0m/[36m763[0m batches, [36m3507261[0m pos/sec)]
Estimated time to end of superbatch: [36m23.9[0ms     [Fsuperbatch [36m261[0m [[35m33.6[0m% ([36m256[0m/[36m763[0m batches, [36m3512077[0m pos/sec)]
Estimated time to end of superbatch: [36m19.0[0ms     [Fsuperbatch [36m261[0m [[35m50.3[0m% ([36m384[0m/[36m763[0m batches, [36m3504993[0m pos/sec)]
Estimated time to end of superbatch: [36m14.2[0ms     [Fsuperbatch [36m261[0m [[35m67.1[0m% ([36m512[0m/[36m763[0m batches, [36m3501436[0m pos/sec)]
Estimated time to end of superbatch: [36m9.4[0ms     [Fsuperbatch [36m261[0m [[35m83.9[0m% ([36m640[0m/[36m763[0m batches, [36m3501385[0m pos/sec)]
Estimated time to end of superbatch: [36m4.6[0ms     [Fsuperbatch [36m261[0m | time [36m28.6[0ms | running loss [36m0.008441[0m | [36m3497693[0m pos/sec | total time [36m7380.8[0ms
Estimated time remaining in training: [36m3[0mh [36m45[0mm [36m45[0ms
LR dropped to [36m0.00064630003[0m
superbatch [36m262[0m [[35m0.0[0m% ([36m0[0m/[36m763[0m batches, [36m3631226[0m pos/sec)]
Estimated time to end of superbatch: [36minf[0ms     [Fsuperbatch [36m262[0m [[35m16.8[0m% ([36m128[0m/[36m763[0m batches, [36m3452291[0m pos/sec)]
Estimated time to end of superbatch: [36m24.3[0ms     [Fsuperbatch [36m262[0m [[35m33.6[0m% ([36m256[0m/[36m763[0m batches, [36m3492446[0m pos/sec)]
Estimated time to end of superbatch: [36m19.1[0ms     [Fsuperbatch [36m262[0m [[35m50.3[0m% ([36m384[0m/[36m763[0m batches, [36m3498812[0m pos/sec)]
Estimated time to end of superbatch: [36m14.2[0ms     [Fsuperbatch [36m262[0m [[35m67.1[0m% ([36m512[0m/[36m763[0m batches, [36m3509694[0m pos/sec)]
Estimated time to end of superbatch: [36m9.4[0ms     [Fsuperbatch [36m262[0m [[35m83.9[0m% ([36m640[0m/[36m763[0m batches, [36m3505338[0m pos/sec)]
Estimated time to end of superbatch: [36m4.6[0ms     [Fsuperbatch [36m262[0m | time [36m28.5[0ms | running loss [36m0.008704[0m | [36m3504450[0m pos/sec | total time [36m7409.4[0ms
Estimated time remaining in training: [36m3[0mh [36m45[0mm [36m17[0ms
LR dropped to [36m0.00064495[0m
superbatch [36m263[0m [[35m0.0[0m% ([36m0[0m/[36m763[0m batches, [36m3213939[0m pos/sec)]
Estimated time to end of superbatch: [36minf[0ms     [Fsuperbatch [36m263[0m [[35m16.8[0m% ([36m128[0m/[36m763[0m batches, [36m3526444[0m pos/sec)]
Estimated time to end of superbatch: [36m23.8[0ms     [Fsuperbatch [36m263[0m [[35m33.6[0m% ([36m256[0m/[36m763[0m batches, [36m3514536[0m pos/sec)]
Estimated time to end of superbatch: [36m19.0[0ms     [Fsuperbatch [36m263[0m [[35m50.3[0m% ([36m384[0m/[36m763[0m batches, [36m3533362[0m pos/sec)]
Estimated time to end of superbatch: [36m14.1[0ms     [Fsuperbatch [36m263[0m [[35m67.1[0m% ([36m512[0m/[36m763[0m batches, [36m3552100[0m pos/sec)]
Estimated time to end of superbatch: [36m9.3[0ms     [Fsuperbatch [36m263[0m [[35m83.9[0m% ([36m640[0m/[36m763[0m batches, [36m3541218[0m pos/sec)]
Estimated time to end of superbatch: [36m4.6[0ms     [Fsuperbatch [36m263[0m | time [36m28.2[0ms | running loss [36m0.008457[0m | [36m3550405[0m pos/sec | total time [36m7437.5[0ms
Estimated time remaining in training: [36m3[0mh [36m44[0mm [36m49[0ms
LR dropped to [36m0.0006436[0m
superbatch [36m264[0m [[35m0.0[0m% ([36m0[0m/[36m763[0m batches, [36m3458636[0m pos/sec)]
Estimated time to end of superbatch: [36minf[0ms     [Fsuperbatch [36m264[0m [[35m16.8[0m% ([36m128[0m/[36m763[0m batches, [36m3538606[0m pos/sec)]
Estimated time to end of superbatch: [36m23.7[0ms     [Fsuperbatch [36m264[0m [[35m33.6[0m% ([36m256[0m/[36m763[0m batches, [36m3530705[0m pos/sec)]
Estimated time to end of superbatch: [36m18.9[0ms     [Fsuperbatch [36m264[0m [[35m50.3[0m% ([36m384[0m/[36m763[0m batches, [36m3515464[0m pos/sec)]
Estimated time to end of superbatch: [36m14.2[0ms     [Fsuperbatch [36m264[0m [[35m67.1[0m% ([36m512[0m/[36m763[0m batches, [36m3519227[0m pos/sec)]
Estimated time to end of superbatch: [36m9.4[0ms     [Fsuperbatch [36m264[0m [[35m83.9[0m% ([36m640[0m/[36m763[0m batches, [36m3512652[0m pos/sec)]
Estimated time to end of superbatch: [36m4.6[0ms     [Fsuperbatch [36m264[0m | time [36m28.4[0ms | running loss [36m0.008705[0m | [36m3515594[0m pos/sec | total time [36m7466.0[0ms
Estimated time remaining in training: [36m3[0mh [36m44[0mm [36m21[0ms
LR dropped to [36m0.00064225006[0m
superbatch [36m265[0m [[35m0.0[0m% ([36m0[0m/[36m763[0m batches, [36m3807306[0m pos/sec)]
Estimated time to end of superbatch: [36minf[0ms     [Fsuperbatch [36m265[0m [[35m16.8[0m% ([36m128[0m/[36m763[0m batches, [36m3568333[0m pos/sec)]
Estimated time to end of superbatch: [36m23.5[0ms     [Fsuperbatch [36m265[0m [[35m33.6[0m% ([36m256[0m/[36m763[0m batches, [36m3603826[0m pos/sec)]
Estimated time to end of superbatch: [36m18.5[0ms     [Fsuperbatch [36m265[0m [[35m50.3[0m% ([36m384[0m/[36m763[0m batches, [36m3559084[0m pos/sec)]
Estimated time to end of superbatch: [36m14.0[0ms     [Fsuperbatch [36m265[0m [[35m67.1[0m% ([36m512[0m/[36m763[0m batches, [36m3553030[0m pos/sec)]
Estimated time to end of superbatch: [36m9.3[0ms     [Fsuperbatch [36m265[0m [[35m83.9[0m% ([36m640[0m/[36m763[0m batches, [36m3548580[0m pos/sec)]
Estimated time to end of superbatch: [36m4.6[0ms     [Fsuperbatch [36m265[0m | time [36m28.2[0ms | running loss [36m0.008483[0m | [36m3543230[0m pos/sec | total time [36m7494.2[0ms
Estimated time remaining in training: [36m3[0mh [36m43[0mm [36m53[0ms
LR dropped to [36m0.0006409[0m
superbatch [36m266[0m [[35m0.0[0m% ([36m0[0m/[36m763[0m batches, [36m3379524[0m pos/sec)]
Estimated time to end of superbatch: [36minf[0ms     [Fsuperbatch [36m266[0m [[35m16.8[0m% ([36m128[0m/[36m763[0m batches, [36m3504476[0m pos/sec)]
Estimated time to end of superbatch: [36m23.9[0ms     [Fsuperbatch [36m266[0m [[35m33.6[0m% ([36m256[0m/[36m763[0m batches, [36m3523242[0m pos/sec)]
Estimated time to end of superbatch: [36m18.9[0ms     [Fsuperbatch [36m266[0m [[35m50.3[0m% ([36m384[0m/[36m763[0m batches, [36m3521468[0m pos/sec)]
Estimated time to end of superbatch: [36m14.1[0ms     [Fsuperbatch [36m266[0m [[35m67.1[0m% ([36m512[0m/[36m763[0m batches, [36m3520469[0m pos/sec)]
Estimated time to end of superbatch: [36m9.4[0ms     [Fsuperbatch [36m266[0m [[35m83.9[0m% ([36m640[0m/[36m763[0m batches, [36m3509726[0m pos/sec)]
Estimated time to end of superbatch: [36m4.6[0ms     [Fsuperbatch [36m266[0m | time [36m28.5[0ms | running loss [36m0.008721[0m | [36m3508260[0m pos/sec | total time [36m7522.7[0ms
Estimated time remaining in training: [36m3[0mh [36m43[0mm [36m25[0ms
LR dropped to [36m0.00063955004[0m
superbatch [36m267[0m [[35m0.0[0m% ([36m0[0m/[36m763[0m batches, [36m3680469[0m pos/sec)]
Estimated time to end of superbatch: [36minf[0ms     [Fsuperbatch [36m267[0m [[35m16.8[0m% ([36m128[0m/[36m763[0m batches, [36m3468648[0m pos/sec)]
Estimated time to end of superbatch: [36m24.2[0ms     [Fsuperbatch [36m267[0m [[35m33.6[0m% ([36m256[0m/[36m763[0m batches, [36m3491212[0m pos/sec)]
Estimated time to end of superbatch: [36m19.1[0ms     [Fsuperbatch [36m267[0m [[35m50.3[0m% ([36m384[0m/[36m763[0m batches, [36m3539683[0m pos/sec)]
Estimated time to end of superbatch: [36m14.1[0ms     [Fsuperbatch [36m267[0m [[35m67.1[0m% ([36m512[0m/[36m763[0m batches, [36m3521026[0m pos/sec)]
Estimated time to end of superbatch: [36m9.4[0ms     [Fsuperbatch [36m267[0m [[35m83.9[0m% ([36m640[0m/[36m763[0m batches, [36m3502697[0m pos/sec)]
Estimated time to end of superbatch: [36m4.6[0ms     [Fsuperbatch [36m267[0m | time [36m28.5[0ms | running loss [36m0.008526[0m | [36m3503418[0m pos/sec | total time [36m7551.3[0ms
Estimated time remaining in training: [36m3[0mh [36m42[0mm [36m57[0ms
LR dropped to [36m0.0006382[0m
superbatch [36m268[0m [[35m0.0[0m% ([36m0[0m/[36m763[0m batches, [36m3355792[0m pos/sec)]
Estimated time to end of superbatch: [36minf[0ms     [Fsuperbatch [36m268[0m [[35m16.8[0m% ([36m128[0m/[36m763[0m batches, [36m3495688[0m pos/sec)]
Estimated time to end of superbatch: [36m24.0[0ms     [Fsuperbatch [36m268[0m [[35m33.6[0m% ([36m256[0m/[36m763[0m batches, [36m3481993[0m pos/sec)]
Estimated time to end of superbatch: [36m19.2[0ms     [Fsuperbatch [36m268[0m [[35m50.3[0m% ([36m384[0m/[36m763[0m batches, [36m3481500[0m pos/sec)]
Estimated time to end of superbatch: [36m14.3[0ms     [Fsuperbatch [36m268[0m [[35m67.1[0m% ([36m512[0m/[36m763[0m batches, [36m3490760[0m pos/sec)]
Estimated time to end of superbatch: [36m9.4[0ms     [Fsuperbatch [36m268[0m [[35m83.9[0m% ([36m640[0m/[36m763[0m batches, [36m3499730[0m pos/sec)]
Estimated time to end of superbatch: [36m4.6[0ms     [Fsuperbatch [36m268[0m | time [36m28.5[0ms | running loss [36m0.008709[0m | [36m3505586[0m pos/sec | total time [36m7579.8[0ms
Estimated time remaining in training: [36m3[0mh [36m42[0mm [36m29[0ms
LR dropped to [36m0.00063685[0m
superbatch [36m269[0m [[35m0.0[0m% ([36m0[0m/[36m763[0m batches, [36m3685301[0m pos/sec)]
Estimated time to end of superbatch: [36minf[0ms     [Fsuperbatch [36m269[0m [[35m16.8[0m% ([36m128[0m/[36m763[0m batches, [36m3479662[0m pos/sec)]
Estimated time to end of superbatch: [36m24.1[0ms     [Fsuperbatch [36m269[0m [[35m33.6[0m% ([36m256[0m/[36m763[0m batches, [36m3481462[0m pos/sec)]
Estimated time to end of superbatch: [36m19.2[0ms     [Fsuperbatch [36m269[0m [[35m50.3[0m% ([36m384[0m/[36m763[0m batches, [36m3480630[0m pos/sec)]
Estimated time to end of superbatch: [36m14.3[0ms     [Fsuperbatch [36m269[0m [[35m67.1[0m% ([36m512[0m/[36m763[0m batches, [36m3480019[0m pos/sec)]
Estimated time to end of superbatch: [36m9.5[0ms     [Fsuperbatch [36m269[0m [[35m83.9[0m% ([36m640[0m/[36m763[0m batches, [36m3481860[0m pos/sec)]
Estimated time to end of superbatch: [36m4.6[0ms     [Fsuperbatch [36m269[0m | time [36m28.7[0ms | running loss [36m0.008539[0m | [36m3486953[0m pos/sec | total time [36m7608.5[0ms
Estimated time remaining in training: [36m3[0mh [36m42[0mm [36m1[0ms
LR dropped to [36m0.00063550007[0m
superbatch [36m270[0m [[35m0.0[0m% ([36m0[0m/[36m763[0m batches, [36m3121920[0m pos/sec)]
Estimated time to end of superbatch: [36minf[0ms     [Fsuperbatch [36m270[0m [[35m16.8[0m% ([36m128[0m/[36m763[0m batches, [36m3505525[0m pos/sec)]
Estimated time to end of superbatch: [36m23.9[0ms     [Fsuperbatch [36m270[0m [[35m33.6[0m% ([36m256[0m/[36m763[0m batches, [36m3547661[0m pos/sec)]
Estimated time to end of superbatch: [36m18.8[0ms     [Fsuperbatch [36m270[0m [[35m50.3[0m% ([36m384[0m/[36m763[0m batches, [36m3521220[0m pos/sec)]
Estimated time to end of superbatch: [36m14.1[0ms     [Fsuperbatch [36m270[0m [[35m67.1[0m% ([36m512[0m/[36m763[0m batches, [36m3512135[0m pos/sec)]
Estimated time to end of superbatch: [36m9.4[0ms     [Fsuperbatch [36m270[0m [[35m83.9[0m% ([36m640[0m/[36m763[0m batches, [36m3505163[0m pos/sec)]
Estimated time to end of superbatch: [36m4.6[0ms     [Fsuperbatch [36m270[0m | time [36m28.5[0ms | running loss [36m0.008731[0m | [36m3510114[0m pos/sec | total time [36m7637.0[0ms
Estimated time remaining in training: [36m3[0mh [36m41[0mm [36m33[0ms
Saved [anna-v5-s1-270]
LR dropped to [36m0.00063415[0m
superbatch [36m271[0m [[35m0.0[0m% ([36m0[0m/[36m763[0m batches, [36m3267623[0m pos/sec)]
Estimated time to end of superbatch: [36minf[0ms     [Fsuperbatch [36m271[0m [[35m16.8[0m% ([36m128[0m/[36m763[0m batches, [36m3468900[0m pos/sec)]
Estimated time to end of superbatch: [36m24.2[0ms     [Fsuperbatch [36m271[0m [[35m33.6[0m% ([36m256[0m/[36m763[0m batches, [36m3487591[0m pos/sec)]
Estimated time to end of superbatch: [36m19.1[0ms     [Fsuperbatch [36m271[0m [[35m50.3[0m% ([36m384[0m/[36m763[0m batches, [36m3493672[0m pos/sec)]
Estimated time to end of superbatch: [36m14.3[0ms     [Fsuperbatch [36m271[0m [[35m67.1[0m% ([36m512[0m/[36m763[0m batches, [36m3496853[0m pos/sec)]
Estimated time to end of superbatch: [36m9.4[0ms     [Fsuperbatch [36m271[0m [[35m83.9[0m% ([36m640[0m/[36m763[0m batches, [36m3500412[0m pos/sec)]
Estimated time to end of superbatch: [36m4.6[0ms     [Fsuperbatch [36m271[0m | time [36m28.5[0ms | running loss [36m0.008581[0m | [36m3504122[0m pos/sec | total time [36m7668.6[0ms
Estimated time remaining in training: [36m3[0mh [36m41[0mm [36m11[0ms
LR dropped to [36m0.00063280005[0m
superbatch [36m272[0m [[35m0.0[0m% ([36m0[0m/[36m763[0m batches, [36m3213090[0m pos/sec)]
Estimated time to end of superbatch: [36minf[0ms     [Fsuperbatch [36m272[0m [[35m16.8[0m% ([36m128[0m/[36m763[0m batches, [36m3328809[0m pos/sec)]
Estimated time to end of superbatch: [36m25.2[0ms     [Fsuperbatch [36m272[0m [[35m33.6[0m% ([36m256[0m/[36m763[0m batches, [36m3472796[0m pos/sec)]
Estimated time to end of superbatch: [36m19.2[0ms     [Fsuperbatch [36m272[0m [[35m50.3[0m% ([36m384[0m/[36m763[0m batches, [36m3483816[0m pos/sec)]
Estimated time to end of superbatch: [36m14.3[0ms     [Fsuperbatch [36m272[0m [[35m67.1[0m% ([36m512[0m/[36m763[0m batches, [36m3502533[0m pos/sec)]
Estimated time to end of superbatch: [36m9.4[0ms     [Fsuperbatch [36m272[0m [[35m83.9[0m% ([36m640[0m/[36m763[0m batches, [36m3501098[0m pos/sec)]
Estimated time to end of superbatch: [36m4.6[0ms     [Fsuperbatch [36m272[0m | time [36m28.5[0ms | running loss [36m0.009281[0m | [36m3507456[0m pos/sec | total time [36m7697.1[0ms
Estimated time remaining in training: [36m3[0mh [36m40[0mm [36m43[0ms
LR dropped to [36m0.00063145004[0m
superbatch [36m273[0m [[35m0.0[0m% ([36m0[0m/[36m763[0m batches, [36m3641816[0m pos/sec)]
Estimated time to end of superbatch: [36minf[0ms     [Fsuperbatch [36m273[0m [[35m16.8[0m% ([36m128[0m/[36m763[0m batches, [36m3527837[0m pos/sec)]
Estimated time to end of superbatch: [36m23.8[0ms     [Fsuperbatch [36m273[0m [[35m33.6[0m% ([36m256[0m/[36m763[0m batches, [36m3491846[0m pos/sec)]
Estimated time to end of superbatch: [36m19.1[0ms     [Fsuperbatch [36m273[0m [[35m50.3[0m% ([36m384[0m/[36m763[0m batches, [36m3499336[0m pos/sec)]
Estimated time to end of superbatch: [36m14.2[0ms     [Fsuperbatch [36m273[0m [[35m67.1[0m% ([36m512[0m/[36m763[0m batches, [36m3500511[0m pos/sec)]
Estimated time to end of superbatch: [36m9.4[0ms     [Fsuperbatch [36m273[0m [[35m83.9[0m% ([36m640[0m/[36m763[0m batches, [36m3503913[0m pos/sec)]
Estimated time to end of superbatch: [36m4.6[0ms     [Fsuperbatch [36m273[0m | time [36m28.5[0ms | running loss [36m0.011804[0m | [36m3504032[0m pos/sec | total time [36m7725.7[0ms
Estimated time remaining in training: [36m3[0mh [36m40[0mm [36m15[0ms
LR dropped to [36m0.0006301[0m
superbatch [36m274[0m [[35m0.0[0m% ([36m0[0m/[36m763[0m batches, [36m3555459[0m pos/sec)]
Estimated time to end of superbatch: [36minf[0ms     [Fsuperbatch [36m274[0m [[35m16.8[0m% ([36m128[0m/[36m763[0m batches, [36m3485870[0m pos/sec)]
Estimated time to end of superbatch: [36m24.1[0ms     [Fsuperbatch [36m274[0m [[35m33.6[0m% ([36m256[0m/[36m763[0m batches, [36m3476877[0m pos/sec)]
Estimated time to end of superbatch: [36m19.2[0ms     [Fsuperbatch [36m274[0m [[35m50.3[0m% ([36m384[0m/[36m763[0m batches, [36m3489490[0m pos/sec)]
Estimated time to end of superbatch: [36m14.3[0ms     [Fsuperbatch [36m274[0m [[35m67.1[0m% ([36m512[0m/[36m763[0m batches, [36m3494121[0m pos/sec)]
Estimated time to end of superbatch: [36m9.4[0ms     [Fsuperbatch [36m274[0m [[35m83.9[0m% ([36m640[0m/[36m763[0m batches, [36m3488602[0m pos/sec)]
Estimated time to end of superbatch: [36m4.6[0ms     [Fsuperbatch [36m274[0m | time [36m28.7[0ms | running loss [36m0.012627[0m | [36m3489765[0m pos/sec | total time [36m7754.3[0ms
Estimated time remaining in training: [36m3[0mh [36m39[0mm [36m47[0ms
LR dropped to [36m0.0006287501[0m
superbatch [36m275[0m [[35m0.0[0m% ([36m0[0m/[36m763[0m batches, [36m3278517[0m pos/sec)]
Estimated time to end of superbatch: [36minf[0ms     [Fsuperbatch [36m275[0m [[35m16.8[0m% ([36m128[0m/[36m763[0m batches, [36m3514062[0m pos/sec)]
Estimated time to end of superbatch: [36m23.9[0ms     [Fsuperbatch [36m275[0m [[35m33.6[0m% ([36m256[0m/[36m763[0m batches, [36m3533132[0m pos/sec)]
Estimated time to end of superbatch: [36m18.9[0ms     [Fsuperbatch [36m275[0m [[35m50.3[0m% ([36m384[0m/[36m763[0m batches, [36m3550386[0m pos/sec)]
Estimated time to end of superbatch: [36m14.0[0ms     [Fsuperbatch [36m275[0m [[35m67.1[0m% ([36m512[0m/[36m763[0m batches, [36m3536929[0m pos/sec)]
Estimated time to end of superbatch: [36m9.3[0ms     [Fsuperbatch [36m275[0m [[35m83.9[0m% ([36m640[0m/[36m763[0m batches, [36m3533120[0m pos/sec)]
Estimated time to end of superbatch: [36m4.6[0ms     [Fsuperbatch [36m275[0m | time [36m28.3[0ms | running loss [36m0.012475[0m | [36m3536103[0m pos/sec | total time [36m7782.6[0ms
Estimated time remaining in training: [36m3[0mh [36m39[0mm [36m19[0ms
LR dropped to [36m0.0006274[0m
superbatch [36m276[0m [[35m0.0[0m% ([36m0[0m/[36m763[0m batches, [36m3142796[0m pos/sec)]
Estimated time to end of superbatch: [36minf[0ms     [Fsuperbatch [36m276[0m [[35m16.8[0m% ([36m128[0m/[36m763[0m batches, [36m3501024[0m pos/sec)]
Estimated time to end of superbatch: [36m24.0[0ms     [Fsuperbatch [36m276[0m [[35m33.6[0m% ([36m256[0m/[36m763[0m batches, [36m3504475[0m pos/sec)]
Estimated time to end of superbatch: [36m19.0[0ms     [Fsuperbatch [36m276[0m [[35m50.3[0m% ([36m384[0m/[36m763[0m batches, [36m3502635[0m pos/sec)]
Estimated time to end of superbatch: [36m14.2[0ms     [Fsuperbatch [36m276[0m [[35m67.1[0m% ([36m512[0m/[36m763[0m batches, [36m3494646[0m pos/sec)]
Estimated time to end of superbatch: [36m9.4[0ms     [Fsuperbatch [36m276[0m [[35m83.9[0m% ([36m640[0m/[36m763[0m batches, [36m3492484[0m pos/sec)]
Estimated time to end of superbatch: [36m4.6[0ms     [Fsuperbatch [36m276[0m | time [36m28.7[0ms | running loss [36m0.012585[0m | [36m3488246[0m pos/sec | total time [36m7811.3[0ms
Estimated time remaining in training: [36m3[0mh [36m38[0mm [36m51[0ms
LR dropped to [36m0.00062605005[0m
superbatch [36m277[0m [[35m0.0[0m% ([36m0[0m/[36m763[0m batches, [36m3259212[0m pos/sec)]
Estimated time to end of superbatch: [36minf[0ms     [Fsuperbatch [36m277[0m [[35m16.8[0m% ([36m128[0m/[36m763[0m batches, [36m3524385[0m pos/sec)]
Estimated time to end of superbatch: [36m23.8[0ms     [Fsuperbatch [36m277[0m [[35m33.6[0m% ([36m256[0m/[36m763[0m batches, [36m3524563[0m pos/sec)]
Estimated time to end of superbatch: [36m18.9[0ms     [Fsuperbatch [36m277[0m [[35m50.3[0m% ([36m384[0m/[36m763[0m batches, [36m3507199[0m pos/sec)]
Estimated time to end of superbatch: [36m14.2[0ms     [Fsuperbatch [36m277[0m [[35m67.1[0m% ([36m512[0m/[36m763[0m batches, [36m3500839[0m pos/sec)]
Estimated time to end of superbatch: [36m9.4[0ms     [Fsuperbatch [36m277[0m [[35m83.9[0m% ([36m640[0m/[36m763[0m batches, [36m3496306[0m pos/sec)]
Estimated time to end of superbatch: [36m4.6[0ms     [Fsuperbatch [36m277[0m | time [36m28.6[0ms | running loss [36m0.012456[0m | [36m3497157[0m pos/sec | total time [36m7839.9[0ms
Estimated time remaining in training: [36m3[0mh [36m38[0mm [36m24[0ms
LR dropped to [36m0.00062470004[0m
superbatch [36m278[0m [[35m0.0[0m% ([36m0[0m/[36m763[0m batches, [36m3551868[0m pos/sec)]
Estimated time to end of superbatch: [36minf[0ms     [Fsuperbatch [36m278[0m [[35m16.8[0m% ([36m128[0m/[36m763[0m batches, [36m3508182[0m pos/sec)]
Estimated time to end of superbatch: [36m23.9[0ms     [Fsuperbatch [36m278[0m [[35m33.6[0m% ([36m256[0m/[36m763[0m batches, [36m3540525[0m pos/sec)]
Estimated time to end of superbatch: [36m18.8[0ms     [Fsuperbatch [36m278[0m [[35m50.3[0m% ([36m384[0m/[36m763[0m batches, [36m3542786[0m pos/sec)]
Estimated time to end of superbatch: [36m14.1[0ms     [Fsuperbatch [36m278[0m [[35m67.1[0m% ([36m512[0m/[36m763[0m batches, [36m3540572[0m pos/sec)]
Estimated time to end of superbatch: [36m9.3[0ms     [Fsuperbatch [36m278[0m [[35m83.9[0m% ([36m640[0m/[36m763[0m batches, [36m3531064[0m pos/sec)]
Estimated time to end of superbatch: [36m4.6[0ms     [Fsuperbatch [36m278[0m | time [36m28.4[0ms | running loss [36m0.012535[0m | [36m3523928[0m pos/sec | total time [36m7868.2[0ms
Estimated time remaining in training: [36m3[0mh [36m37[0mm [36m55[0ms
LR dropped to [36m0.00062335003[0m
superbatch [36m279[0m [[35m0.0[0m% ([36m0[0m/[36m763[0m batches, [36m3538682[0m pos/sec)]
Estimated time to end of superbatch: [36minf[0ms     [Fsuperbatch [36m279[0m [[35m16.8[0m% ([36m128[0m/[36m763[0m batches, [36m3476346[0m pos/sec)]
Estimated time to end of superbatch: [36m24.1[0ms     [Fsuperbatch [36m279[0m [[35m33.6[0m% ([36m256[0m/[36m763[0m batches, [36m3510718[0m pos/sec)]
Estimated time to end of superbatch: [36m19.0[0ms     [Fsuperbatch [36m279[0m [[35m50.3[0m% ([36m384[0m/[36m763[0m batches, [36m3508352[0m pos/sec)]
Estimated time to end of superbatch: [36m14.2[0ms     [Fsuperbatch [36m279[0m [[35m67.1[0m% ([36m512[0m/[36m763[0m batches, [36m3507079[0m pos/sec)]
Estimated time to end of superbatch: [36m9.4[0ms     [Fsuperbatch [36m279[0m [[35m83.9[0m% ([36m640[0m/[36m763[0m batches, [36m3505992[0m pos/sec)]
Estimated time to end of superbatch: [36m4.6[0ms     [Fsuperbatch [36m279[0m | time [36m28.6[0ms | running loss [36m0.012441[0m | [36m3502084[0m pos/sec | total time [36m7896.8[0ms
Estimated time remaining in training: [36m3[0mh [36m37[0mm [36m28[0ms
LR dropped to [36m0.000622[0m
superbatch [36m280[0m [[35m0.0[0m% ([36m0[0m/[36m763[0m batches, [36m3316477[0m pos/sec)]
Estimated time to end of superbatch: [36minf[0ms     [Fsuperbatch [36m280[0m [[35m16.8[0m% ([36m128[0m/[36m763[0m batches, [36m3495502[0m pos/sec)]
Estimated time to end of superbatch: [36m24.0[0ms     [Fsuperbatch [36m280[0m [[35m33.6[0m% ([36m256[0m/[36m763[0m batches, [36m3480932[0m pos/sec)]
Estimated time to end of superbatch: [36m19.2[0ms     [Fsuperbatch [36m280[0m [[35m50.3[0m% ([36m384[0m/[36m763[0m batches, [36m3493679[0m pos/sec)]
Estimated time to end of superbatch: [36m14.3[0ms     [Fsuperbatch [36m280[0m [[35m67.1[0m% ([36m512[0m/[36m763[0m batches, [36m3489255[0m pos/sec)]
Estimated time to end of superbatch: [36m9.4[0ms     [Fsuperbatch [36m280[0m [[35m83.9[0m% ([36m640[0m/[36m763[0m batches, [36m3490745[0m pos/sec)]
Estimated time to end of superbatch: [36m4.6[0ms     [Fsuperbatch [36m280[0m | time [36m28.6[0ms | running loss [36m0.012527[0m | [36m3496704[0m pos/sec | total time [36m7925.4[0ms
Estimated time remaining in training: [36m3[0mh [36m37[0mm [36m0[0ms
Saved [anna-v5-s1-280]
LR dropped to [36m0.00062065[0m
superbatch [36m281[0m [[35m0.0[0m% ([36m0[0m/[36m763[0m batches, [36m3494114[0m pos/sec)]
Estimated time to end of superbatch: [36minf[0ms     [Fsuperbatch [36m281[0m [[35m16.8[0m% ([36m128[0m/[36m763[0m batches, [36m3493472[0m pos/sec)]
Estimated time to end of superbatch: [36m24.0[0ms     [Fsuperbatch [36m281[0m [[35m33.6[0m% ([36m256[0m/[36m763[0m batches, [36m3512660[0m pos/sec)]
Estimated time to end of superbatch: [36m19.0[0ms     [Fsuperbatch [36m281[0m [[35m50.3[0m% ([36m384[0m/[36m763[0m batches, [36m3519003[0m pos/sec)]
Estimated time to end of superbatch: [36m14.2[0ms     [Fsuperbatch [36m281[0m [[35m67.1[0m% ([36m512[0m/[36m763[0m batches, [36m3518140[0m pos/sec)]
Estimated time to end of superbatch: [36m9.4[0ms     [Fsuperbatch [36m281[0m [[35m83.9[0m% ([36m640[0m/[36m763[0m batches, [36m3519122[0m pos/sec)]
Estimated time to end of superbatch: [36m4.6[0ms     [Fsuperbatch [36m281[0m | time [36m28.5[0ms | running loss [36m0.012448[0m | [36m3508512[0m pos/sec | total time [36m7957.0[0ms
Estimated time remaining in training: [36m3[0mh [36m36[0mm [36m37[0ms
LR dropped to [36m0.00061930006[0m
superbatch [36m282[0m [[35m0.0[0m% ([36m0[0m/[36m763[0m batches, [36m3803884[0m pos/sec)]
Estimated time to end of superbatch: [36minf[0ms     [Fsuperbatch [36m282[0m [[35m16.8[0m% ([36m128[0m/[36m763[0m batches, [36m3488236[0m pos/sec)]
Estimated time to end of superbatch: [36m24.0[0ms     [Fsuperbatch [36m282[0m [[35m33.6[0m% ([36m256[0m/[36m763[0m batches, [36m3495827[0m pos/sec)]
Estimated time to end of superbatch: [36m19.1[0ms     [Fsuperbatch [36m282[0m [[35m50.3[0m% ([36m384[0m/[36m763[0m batches, [36m3501746[0m pos/sec)]
Estimated time to end of superbatch: [36m14.2[0ms     [Fsuperbatch [36m282[0m [[35m67.1[0m% ([36m512[0m/[36m763[0m batches, [36m3492607[0m pos/sec)]
Estimated time to end of superbatch: [36m9.4[0ms     [Fsuperbatch [36m282[0m [[35m83.9[0m% ([36m640[0m/[36m763[0m batches, [36m3483100[0m pos/sec)]
Estimated time to end of superbatch: [36m4.6[0ms     [Fsuperbatch [36m282[0m | time [36m28.7[0ms | running loss [36m0.012507[0m | [36m3484092[0m pos/sec | total time [36m7985.7[0ms
Estimated time remaining in training: [36m3[0mh [36m36[0mm [36m9[0ms
LR dropped to [36m0.00061795[0m
superbatch [36m283[0m [[35m0.0[0m% ([36m0[0m/[36m763[0m batches, [36m3698401[0m pos/sec)]
Estimated time to end of superbatch: [36minf[0ms     [Fsuperbatch [36m283[0m [[35m16.8[0m% ([36m128[0m/[36m763[0m batches, [36m3552947[0m pos/sec)]
Estimated time to end of superbatch: [36m23.6[0ms     [Fsuperbatch [36m283[0m [[35m33.6[0m% ([36m256[0m/[36m763[0m batches, [36m3500302[0m pos/sec)]
Estimated time to end of superbatch: [36m19.1[0ms     [Fsuperbatch [36m283[0m [[35m50.3[0m% ([36m384[0m/[36m763[0m batches, [36m3511468[0m pos/sec)]
Estimated time to end of superbatch: [36m14.2[0ms     [Fsuperbatch [36m283[0m [[35m67.1[0m% ([36m512[0m/[36m763[0m batches, [36m3507931[0m pos/sec)]
Estimated time to end of superbatch: [36m9.4[0ms     [Fsuperbatch [36m283[0m [[35m83.9[0m% ([36m640[0m/[36m763[0m batches, [36m3505924[0m pos/sec)]
Estimated time to end of superbatch: [36m4.6[0ms     [Fsuperbatch [36m283[0m | time [36m28.6[0ms | running loss [36m0.012461[0m | [36m3502072[0m pos/sec | total time [36m8014.2[0ms
Estimated time remaining in training: [36m3[0mh [36m35[0mm [36m41[0ms
LR dropped to [36m0.00061660004[0m
superbatch [36m284[0m [[35m0.0[0m% ([36m0[0m/[36m763[0m batches, [36m3431864[0m pos/sec)]
Estimated time to end of superbatch: [36minf[0ms     [Fsuperbatch [36m284[0m [[35m16.8[0m% ([36m128[0m/[36m763[0m batches, [36m3493093[0m pos/sec)]
Estimated time to end of superbatch: [36m24.0[0ms     [Fsuperbatch [36m284[0m [[35m33.6[0m% ([36m256[0m/[36m763[0m batches, [36m3474812[0m pos/sec)]
Estimated time to end of superbatch: [36m19.2[0ms     [Fsuperbatch [36m284[0m [[35m50.3[0m% ([36m384[0m/[36m763[0m batches, [36m3478688[0m pos/sec)]
Estimated time to end of superbatch: [36m14.3[0ms     [Fsuperbatch [36m284[0m [[35m67.1[0m% ([36m512[0m/[36m763[0m batches, [36m3479750[0m pos/sec)]
Estimated time to end of superbatch: [36m9.5[0ms     [Fsuperbatch [36m284[0m [[35m83.9[0m% ([36m640[0m/[36m763[0m batches, [36m3483126[0m pos/sec)]
Estimated time to end of superbatch: [36m4.6[0ms     [Fsuperbatch [36m284[0m | time [36m28.8[0ms | running loss [36m0.012540[0m | [36m3478135[0m pos/sec | total time [36m8043.0[0ms
Estimated time remaining in training: [36m3[0mh [36m35[0mm [36m14[0ms
LR dropped to [36m0.00061525[0m
superbatch [36m285[0m [[35m0.0[0m% ([36m0[0m/[36m763[0m batches, [36m3116634[0m pos/sec)]
Estimated time to end of superbatch: [36minf[0ms     [Fsuperbatch [36m285[0m [[35m16.8[0m% ([36m128[0m/[36m763[0m batches, [36m3486312[0m pos/sec)]
Estimated time to end of superbatch: [36m24.1[0ms     [Fsuperbatch [36m285[0m [[35m33.6[0m% ([36m256[0m/[36m763[0m batches, [36m3513233[0m pos/sec)]
Estimated time to end of superbatch: [36m19.0[0ms     [Fsuperbatch [36m285[0m [[35m50.3[0m% ([36m384[0m/[36m763[0m batches, [36m3528908[0m pos/sec)]
Estimated time to end of superbatch: [36m14.1[0ms     [Fsuperbatch [36m285[0m [[35m67.1[0m% ([36m512[0m/[36m763[0m batches, [36m3532879[0m pos/sec)]
Estimated time to end of superbatch: [36m9.3[0ms     [Fsuperbatch [36m285[0m [[35m83.9[0m% ([36m640[0m/[36m763[0m batches, [36m3544589[0m pos/sec)]
Estimated time to end of superbatch: [36m4.6[0ms     [Fsuperbatch [36m285[0m | time [36m28.1[0ms | running loss [36m0.012516[0m | [36m3556328[0m pos/sec | total time [36m8071.1[0ms
Estimated time remaining in training: [36m3[0mh [36m34[0mm [36m45[0ms
LR dropped to [36m0.0006139[0m
superbatch [36m286[0m [[35m0.0[0m% ([36m0[0m/[36m763[0m batches, [36m3282288[0m pos/sec)]
Estimated time to end of superbatch: [36minf[0ms     [Fsuperbatch [36m286[0m [[35m16.8[0m% ([36m128[0m/[36m763[0m batches, [36m3503345[0m pos/sec)]
Estimated time to end of superbatch: [36m23.9[0ms     [Fsuperbatch [36m286[0m [[35m33.6[0m% ([36m256[0m/[36m763[0m batches, [36m3490678[0m pos/sec)]
Estimated time to end of superbatch: [36m19.1[0ms     [Fsuperbatch [36m286[0m [[35m50.3[0m% ([36m384[0m/[36m763[0m batches, [36m3505563[0m pos/sec)]
Estimated time to end of superbatch: [36m14.2[0ms     [Fsuperbatch [36m286[0m [[35m67.1[0m% ([36m512[0m/[36m763[0m batches, [36m3526265[0m pos/sec)]
Estimated time to end of superbatch: [36m9.3[0ms     [Fsuperbatch [36m286[0m [[35m83.9[0m% ([36m640[0m/[36m763[0m batches, [36m3529850[0m pos/sec)]
Estimated time to end of superbatch: [36m4.6[0ms     [Fsuperbatch [36m286[0m | time [36m28.4[0ms | running loss [36m0.012514[0m | [36m3523041[0m pos/sec | total time [36m8099.5[0ms
Estimated time remaining in training: [36m3[0mh [36m34[0mm [36m17[0ms
LR dropped to [36m0.00061255007[0m
superbatch [36m287[0m [[35m0.0[0m% ([36m0[0m/[36m763[0m batches, [36m3625221[0m pos/sec)]
Estimated time to end of superbatch: [36minf[0ms     [Fsuperbatch [36m287[0m [[35m16.8[0m% ([36m128[0m/[36m763[0m batches, [36m3498636[0m pos/sec)]
Estimated time to end of superbatch: [36m24.0[0ms     [Fsuperbatch [36m287[0m [[35m33.6[0m% ([36m256[0m/[36m763[0m batches, [36m3539798[0m pos/sec)]
Estimated time to end of superbatch: [36m18.8[0ms     [Fsuperbatch [36m287[0m [[35m50.3[0m% ([36m384[0m/[36m763[0m batches, [36m3525760[0m pos/sec)]
Estimated time to end of superbatch: [36m14.1[0ms     [Fsuperbatch [36m287[0m [[35m67.1[0m% ([36m512[0m/[36m763[0m batches, [36m3509620[0m pos/sec)]
Estimated time to end of superbatch: [36m9.4[0ms     [Fsuperbatch [36m287[0m [[35m83.9[0m% ([36m640[0m/[36m763[0m batches, [36m3512481[0m pos/sec)]
Estimated time to end of superbatch: [36m4.6[0ms     [Fsuperbatch [36m287[0m | time [36m28.3[0ms | running loss [36m0.012513[0m | [36m3533869[0m pos/sec | total time [36m8127.8[0ms
Estimated time remaining in training: [36m3[0mh [36m33[0mm [36m48[0ms
LR dropped to [36m0.0006112[0m
superbatch [36m288[0m [[35m0.0[0m% ([36m0[0m/[36m763[0m batches, [36m3475194[0m pos/sec)]
Estimated time to end of superbatch: [36minf[0ms     [Fsuperbatch [36m288[0m [[35m16.8[0m% ([36m128[0m/[36m763[0m batches, [36m3509432[0m pos/sec)]
Estimated time to end of superbatch: [36m23.9[0ms     [Fsuperbatch [36m288[0m [[35m33.6[0m% ([36m256[0m/[36m763[0m batches, [36m3504391[0m pos/sec)]
Estimated time to end of superbatch: [36m19.0[0ms     [Fsuperbatch [36m288[0m [[35m50.3[0m% ([36m384[0m/[36m763[0m batches, [36m3550272[0m pos/sec)]
Estimated time to end of superbatch: [36m14.0[0ms     [Fsuperbatch [36m288[0m [[35m67.1[0m% ([36m512[0m/[36m763[0m batches, [36m3567863[0m pos/sec)]
Estimated time to end of superbatch: [36m9.2[0ms     [Fsuperbatch [36m288[0m [[35m83.9[0m% ([36m640[0m/[36m763[0m batches, [36m3555416[0m pos/sec)]
Estimated time to end of superbatch: [36m4.5[0ms     [Fsuperbatch [36m288[0m | time [36m28.1[0ms | running loss [36m0.012516[0m | [36m3565002[0m pos/sec | total time [36m8155.9[0ms
Estimated time remaining in training: [36m3[0mh [36m33[0mm [36m20[0ms
LR dropped to [36m0.00060985005[0m
superbatch [36m289[0m [[35m0.0[0m% ([36m0[0m/[36m763[0m batches, [36m3815632[0m pos/sec)]
Estimated time to end of superbatch: [36minf[0ms     [Fsuperbatch [36m289[0m [[35m16.8[0m% ([36m128[0m/[36m763[0m batches, [36m3555828[0m pos/sec)]
Estimated time to end of superbatch: [36m23.6[0ms     [Fsuperbatch [36m289[0m [[35m33.6[0m% ([36m256[0m/[36m763[0m batches, [36m3605033[0m pos/sec)]
Estimated time to end of superbatch: [36m18.5[0ms     [Fsuperbatch [36m289[0m [[35m50.3[0m% ([36m384[0m/[36m763[0m batches, [36m3620857[0m pos/sec)]
Estimated time to end of superbatch: [36m13.8[0ms     [Fsuperbatch [36m289[0m [[35m67.1[0m% ([36m512[0m/[36m763[0m batches, [36m3605218[0m pos/sec)]
Estimated time to end of superbatch: [36m9.1[0ms     [Fsuperbatch [36m289[0m [[35m83.9[0m% ([36m640[0m/[36m763[0m batches, [36m3597519[0m pos/sec)]
Estimated time to end of superbatch: [36m4.5[0ms     [Fsuperbatch [36m289[0m | time [36m27.7[0ms | running loss [36m0.012568[0m | [36m3609899[0m pos/sec | total time [36m8183.6[0ms
Estimated time remaining in training: [36m3[0mh [36m32[0mm [36m50[0ms
LR dropped to [36m0.00060850004[0m
superbatch [36m290[0m [[35m0.0[0m% ([36m0[0m/[36m763[0m batches, [36m3813644[0m pos/sec)]
Estimated time to end of superbatch: [36minf[0ms     [Fsuperbatch [36m290[0m [[35m16.8[0m% ([36m128[0m/[36m763[0m batches, [36m3726884[0m pos/sec)]
Estimated time to end of superbatch: [36m22.5[0ms     [Fsuperbatch [36m290[0m [[35m33.6[0m% ([36m256[0m/[36m763[0m batches, [36m3683025[0m pos/sec)]
Estimated time to end of superbatch: [36m18.1[0ms     [Fsuperbatch [36m290[0m [[35m50.3[0m% ([36m384[0m/[36m763[0m batches, [36m3668319[0m pos/sec)]
Estimated time to end of superbatch: [36m13.6[0ms     [Fsuperbatch [36m290[0m [[35m67.1[0m% ([36m512[0m/[36m763[0m batches, [36m3678158[0m pos/sec)]
Estimated time to end of superbatch: [36m9.0[0ms     [Fsuperbatch [36m290[0m [[35m83.9[0m% ([36m640[0m/[36m763[0m batches, [36m3685933[0m pos/sec)]
Estimated time to end of superbatch: [36m4.4[0ms     [Fsuperbatch [36m290[0m | time [36m27.2[0ms | running loss [36m0.012534[0m | [36m3676012[0m pos/sec | total time [36m8210.8[0ms
Estimated time remaining in training: [36m3[0mh [36m32[0mm [36m20[0ms
Saved [anna-v5-s1-290]
LR dropped to [36m0.00060715[0m
superbatch [36m291[0m [[35m0.0[0m% ([36m0[0m/[36m763[0m batches, [36m3644094[0m pos/sec)]
Estimated time to end of superbatch: [36minf[0ms     [Fsuperbatch [36m291[0m [[35m16.8[0m% ([36m128[0m/[36m763[0m batches, [36m3621314[0m pos/sec)]
Estimated time to end of superbatch: [36m23.2[0ms     [Fsuperbatch [36m291[0m [[35m33.6[0m% ([36m256[0m/[36m763[0m batches, [36m3623270[0m pos/sec)]
Estimated time to end of superbatch: [36m18.4[0ms     [Fsuperbatch [36m291[0m [[35m50.3[0m% ([36m384[0m/[36m763[0m batches, [36m3635643[0m pos/sec)]
Estimated time to end of superbatch: [36m13.7[0ms     [Fsuperbatch [36m291[0m [[35m67.1[0m% ([36m512[0m/[36m763[0m batches, [36m3610598[0m pos/sec)]
Estimated time to end of superbatch: [36m9.1[0ms     [Fsuperbatch [36m291[0m [[35m83.9[0m% ([36m640[0m/[36m763[0m batches, [36m3604890[0m pos/sec)]
Estimated time to end of superbatch: [36m4.5[0ms     [Fsuperbatch [36m291[0m | time [36m27.7[0ms | running loss [36m0.012559[0m | [36m3614132[0m pos/sec | total time [36m8241.5[0ms
Estimated time remaining in training: [36m3[0mh [36m31[0mm [36m56[0ms
LR dropped to [36m0.0006058001[0m
superbatch [36m292[0m [[35m0.0[0m% ([36m0[0m/[36m763[0m batches, [36m3527230[0m pos/sec)]
Estimated time to end of superbatch: [36minf[0ms     [Fsuperbatch [36m292[0m [[35m16.8[0m% ([36m128[0m/[36m763[0m batches, [36m3740736[0m pos/sec)]
Estimated time to end of superbatch: [36m22.4[0ms     [Fsuperbatch [36m292[0m [[35m33.6[0m% ([36m256[0m/[36m763[0m batches, [36m3679675[0m pos/sec)]
Estimated time to end of superbatch: [36m18.1[0ms     [Fsuperbatch [36m292[0m [[35m50.3[0m% ([36m384[0m/[36m763[0m batches, [36m3655935[0m pos/sec)]
Estimated time to end of superbatch: [36m13.6[0ms     [Fsuperbatch [36m292[0m [[35m67.1[0m% ([36m512[0m/[36m763[0m batches, [36m3676075[0m pos/sec)]
Estimated time to end of superbatch: [36m9.0[0ms     [Fsuperbatch [36m292[0m [[35m83.9[0m% ([36m640[0m/[36m763[0m batches, [36m3690659[0m pos/sec)]
Estimated time to end of superbatch: [36m4.4[0ms     [Fsuperbatch [36m292[0m | time [36m27.2[0ms | running loss [36m0.012530[0m | [36m3670837[0m pos/sec | total time [36m8268.8[0ms
Estimated time remaining in training: [36m3[0mh [36m31[0mm [36m26[0ms
LR dropped to [36m0.00060445[0m
superbatch [36m293[0m [[35m0.0[0m% ([36m0[0m/[36m763[0m batches, [36m3462189[0m pos/sec)]
Estimated time to end of superbatch: [36minf[0ms     [Fsuperbatch [36m293[0m [[35m16.8[0m% ([36m128[0m/[36m763[0m batches, [36m3623966[0m pos/sec)]
Estimated time to end of superbatch: [36m23.1[0ms     [Fsuperbatch [36m293[0m [[35m33.6[0m% ([36m256[0m/[36m763[0m batches, [36m3656283[0m pos/sec)]
Estimated time to end of superbatch: [36m18.2[0ms     [Fsuperbatch [36m293[0m [[35m50.3[0m% ([36m384[0m/[36m763[0m batches, [36m3673619[0m pos/sec)]
Estimated time to end of superbatch: [36m13.6[0ms     [Fsuperbatch [36m293[0m [[35m67.1[0m% ([36m512[0m/[36m763[0m batches, [36m3656200[0m pos/sec)]
Estimated time to end of superbatch: [36m9.0[0ms     [Fsuperbatch [36m293[0m [[35m83.9[0m% ([36m640[0m/[36m763[0m batches, [36m3646603[0m pos/sec)]
Estimated time to end of superbatch: [36m4.4[0ms     [Fsuperbatch [36m293[0m | time [36m27.4[0ms | running loss [36m0.012670[0m | [36m3648330[0m pos/sec | total time [36m8296.2[0ms
Estimated time remaining in training: [36m3[0mh [36m30[0mm [36m56[0ms
LR dropped to [36m0.00060310005[0m
superbatch [36m294[0m [[35m0.0[0m% ([36m0[0m/[36m763[0m batches, [36m3701470[0m pos/sec)]
Estimated time to end of superbatch: [36minf[0ms     [Fsuperbatch [36m294[0m [[35m16.8[0m% ([36m128[0m/[36m763[0m batches, [36m3669112[0m pos/sec)]
Estimated time to end of superbatch: [36m22.9[0ms     [Fsuperbatch [36m294[0m [[35m33.6[0m% ([36m256[0m/[36m763[0m batches, [36m3615466[0m pos/sec)]
Estimated time to end of superbatch: [36m18.5[0ms     [Fsuperbatch [36m294[0m [[35m50.3[0m% ([36m384[0m/[36m763[0m batches, [36m3592688[0m pos/sec)]
Estimated time to end of superbatch: [36m13.9[0ms     [Fsuperbatch [36m294[0m [[35m67.1[0m% ([36m512[0m/[36m763[0m batches, [36m3593678[0m pos/sec)]
Estimated time to end of superbatch: [36m9.2[0ms     [Fsuperbatch [36m294[0m [[35m83.9[0m% ([36m640[0m/[36m763[0m batches, [36m3609845[0m pos/sec)]
Estimated time to end of superbatch: [36m4.5[0ms     [Fsuperbatch [36m294[0m | time [36m27.6[0ms | running loss [36m0.012595[0m | [36m3627196[0m pos/sec | total time [36m8323.7[0ms
Estimated time remaining in training: [36m3[0mh [36m30[0mm [36m27[0ms
LR dropped to [36m0.00060175004[0m
superbatch [36m295[0m [[35m0.0[0m% ([36m0[0m/[36m763[0m batches, [36m3587181[0m pos/sec)]
Estimated time to end of superbatch: [36minf[0ms     [Fsuperbatch [36m295[0m [[35m16.8[0m% ([36m128[0m/[36m763[0m batches, [36m3636017[0m pos/sec)]
Estimated time to end of superbatch: [36m23.1[0ms     [Fsuperbatch [36m295[0m [[35m33.6[0m% ([36m256[0m/[36m763[0m batches, [36m3676552[0m pos/sec)]
Estimated time to end of superbatch: [36m18.1[0ms     [Fsuperbatch [36m295[0m [[35m50.3[0m% ([36m384[0m/[36m763[0m batches, [36m3681042[0m pos/sec)]
Estimated time to end of superbatch: [36m13.5[0ms     [Fsuperbatch [36m295[0m [[35m67.1[0m% ([36m512[0m/[36m763[0m batches, [36m3657430[0m pos/sec)]
Estimated time to end of superbatch: [36m9.0[0ms     [Fsuperbatch [36m295[0m [[35m83.9[0m% ([36m640[0m/[36m763[0m batches, [36m3634474[0m pos/sec)]
Estimated time to end of superbatch: [36m4.4[0ms     [Fsuperbatch [36m295[0m | time [36m27.6[0ms | running loss [36m0.012694[0m | [36m3629752[0m pos/sec | total time [36m8351.3[0ms
Estimated time remaining in training: [36m3[0mh [36m29[0mm [36m57[0ms
LR dropped to [36m0.00060040003[0m
superbatch [36m296[0m [[35m0.0[0m% ([36m0[0m/[36m763[0m batches, [36m3262000[0m pos/sec)]
Estimated time to end of superbatch: [36minf[0ms     [Fsuperbatch [36m296[0m [[35m16.8[0m% ([36m128[0m/[36m763[0m batches, [36m3589487[0m pos/sec)]
Estimated time to end of superbatch: [36m23.4[0ms     [Fsuperbatch [36m296[0m [[35m33.6[0m% ([36m256[0m/[36m763[0m batches, [36m3620476[0m pos/sec)]
Estimated time to end of superbatch: [36m18.4[0ms     [Fsuperbatch [36m296[0m [[35m50.3[0m% ([36m384[0m/[36m763[0m batches, [36m3596032[0m pos/sec)]
Estimated time to end of superbatch: [36m13.9[0ms     [Fsuperbatch [36m296[0m [[35m67.1[0m% ([36m512[0m/[36m763[0m batches, [36m3601095[0m pos/sec)]
Estimated time to end of superbatch: [36m9.2[0ms     [Fsuperbatch [36m296[0m [[35m83.9[0m% ([36m640[0m/[36m763[0m batches, [36m3598154[0m pos/sec)]
Estimated time to end of superbatch: [36m4.5[0ms     [Fsuperbatch [36m296[0m | time [36m27.8[0ms | running loss [36m0.012585[0m | [36m3603494[0m pos/sec | total time [36m8379.1[0ms
Estimated time remaining in training: [36m3[0mh [36m29[0mm [36m28[0ms
LR dropped to [36m0.00059905[0m
superbatch [36m297[0m [[35m0.0[0m% ([36m0[0m/[36m763[0m batches, [36m3247193[0m pos/sec)]
Estimated time to end of superbatch: [36minf[0ms     [Fsuperbatch [36m297[0m [[35m16.8[0m% ([36m128[0m/[36m763[0m batches, [36m3566013[0m pos/sec)]
Estimated time to end of superbatch: [36m23.5[0ms     [Fsuperbatch [36m297[0m [[35m33.6[0m% ([36m256[0m/[36m763[0m batches, [36m3593904[0m pos/sec)]
Estimated time to end of superbatch: [36m18.6[0ms     [Fsuperbatch [36m297[0m [[35m50.3[0m% ([36m384[0m/[36m763[0m batches, [36m3635799[0m pos/sec)]
Estimated time to end of superbatch: [36m13.7[0ms     [Fsuperbatch [36m297[0m [[35m67.1[0m% ([36m512[0m/[36m763[0m batches, [36m3636142[0m pos/sec)]
Estimated time to end of superbatch: [36m9.1[0ms     [Fsuperbatch [36m297[0m [[35m83.9[0m% ([36m640[0m/[36m763[0m batches, [36m3632543[0m pos/sec)]
Estimated time to end of superbatch: [36m4.4[0ms     [Fsuperbatch [36m297[0m | time [36m27.5[0ms | running loss [36m0.012728[0m | [36m3638570[0m pos/sec | total time [36m8406.5[0ms
Estimated time remaining in training: [36m3[0mh [36m28[0mm [36m59[0ms
LR dropped to [36m0.0005977[0m
superbatch [36m298[0m [[35m0.0[0m% ([36m0[0m/[36m763[0m batches, [36m3198352[0m pos/sec)]
Estimated time to end of superbatch: [36minf[0ms     [Fsuperbatch [36m298[0m [[35m16.8[0m% ([36m128[0m/[36m763[0m batches, [36m3667452[0m pos/sec)]
Estimated time to end of superbatch: [36m22.9[0ms     [Fsuperbatch [36m298[0m [[35m33.6[0m% ([36m256[0m/[36m763[0m batches, [36m3668191[0m pos/sec)]
Estimated time to end of superbatch: [36m18.2[0ms     [Fsuperbatch [36m298[0m [[35m50.3[0m% ([36m384[0m/[36m763[0m batches, [36m3626548[0m pos/sec)]
Estimated time to end of superbatch: [36m13.7[0ms     [Fsuperbatch [36m298[0m [[35m67.1[0m% ([36m512[0m/[36m763[0m batches, [36m3621859[0m pos/sec)]
Estimated time to end of superbatch: [36m9.1[0ms     [Fsuperbatch [36m298[0m [[35m83.9[0m% ([36m640[0m/[36m763[0m batches, [36m3618837[0m pos/sec)]
Estimated time to end of superbatch: [36m4.5[0ms     [Fsuperbatch [36m298[0m | time [36m27.7[0ms | running loss [36m0.012595[0m | [36m3616039[0m pos/sec | total time [36m8434.2[0ms
Estimated time remaining in training: [36m3[0mh [36m28[0mm [36m29[0ms
LR dropped to [36m0.00059635006[0m
superbatch [36m299[0m [[35m0.0[0m% ([36m0[0m/[36m763[0m batches, [36m3222413[0m pos/sec)]
Estimated time to end of superbatch: [36minf[0ms     [Fsuperbatch [36m299[0m [[35m16.8[0m% ([36m128[0m/[36m763[0m batches, [36m3571166[0m pos/sec)]
Estimated time to end of superbatch: [36m23.5[0ms     [Fsuperbatch [36m299[0m [[35m33.6[0m% ([36m256[0m/[36m763[0m batches, [36m3600938[0m pos/sec)]
Estimated time to end of superbatch: [36m18.5[0ms     [Fsuperbatch [36m299[0m [[35m50.3[0m% ([36m384[0m/[36m763[0m batches, [36m3606355[0m pos/sec)]
Estimated time to end of superbatch: [36m13.8[0ms     [Fsuperbatch [36m299[0m [[35m67.1[0m% ([36m512[0m/[36m763[0m batches, [36m3586045[0m pos/sec)]
Estimated time to end of superbatch: [36m9.2[0ms     [Fsuperbatch [36m299[0m [[35m83.9[0m% ([36m640[0m/[36m763[0m batches, [36m3585656[0m pos/sec)]
Estimated time to end of superbatch: [36m4.5[0ms     [Fsuperbatch [36m299[0m | time [36m27.9[0ms | running loss [36m0.012765[0m | [36m3581876[0m pos/sec | total time [36m8462.1[0ms
Estimated time remaining in training: [36m3[0mh [36m28[0mm [36m0[0ms
LR dropped to [36m0.00059500005[0m
superbatch [36m300[0m [[35m0.0[0m% ([36m0[0m/[36m763[0m batches, [36m3618544[0m pos/sec)]
Estimated time to end of superbatch: [36minf[0ms     [Fsuperbatch [36m300[0m [[35m16.8[0m% ([36m128[0m/[36m763[0m batches, [36m3595132[0m pos/sec)]
Estimated time to end of superbatch: [36m23.3[0ms     [Fsuperbatch [36m300[0m [[35m33.6[0m% ([36m256[0m/[36m763[0m batches, [36m3570310[0m pos/sec)]
Estimated time to end of superbatch: [36m18.7[0ms     [Fsuperbatch [36m300[0m [[35m50.3[0m% ([36m384[0m/[36m763[0m batches, [36m3559384[0m pos/sec)]
Estimated time to end of superbatch: [36m14.0[0ms     [Fsuperbatch [36m300[0m [[35m67.1[0m% ([36m512[0m/[36m763[0m batches, [36m3574864[0m pos/sec)]
Estimated time to end of superbatch: [36m9.2[0ms     [Fsuperbatch [36m300[0m [[35m83.9[0m% ([36m640[0m/[36m763[0m batches, [36m3594033[0m pos/sec)]
Estimated time to end of superbatch: [36m4.5[0ms     [Fsuperbatch [36m300[0m | time [36m27.8[0ms | running loss [36m0.012576[0m | [36m3598686[0m pos/sec | total time [36m8489.9[0ms
Estimated time remaining in training: [36m3[0mh [36m27[0mm [36m31[0ms
Saved [anna-v5-s1-300]
LR dropped to [36m0.00059365004[0m
superbatch [36m301[0m [[35m0.0[0m% ([36m0[0m/[36m763[0m batches, [36m3495949[0m pos/sec)]
Estimated time to end of superbatch: [36minf[0ms     [Fsuperbatch [36m301[0m [[35m16.8[0m% ([36m128[0m/[36m763[0m batches, [36m3580065[0m pos/sec)]
Estimated time to end of superbatch: [36m23.4[0ms     [Fsuperbatch [36m301[0m [[35m33.6[0m% ([36m256[0m/[36m763[0m batches, [36m3568764[0m pos/sec)]
Estimated time to end of superbatch: [36m18.7[0ms     [Fsuperbatch [36m301[0m [[35m50.3[0m% ([36m384[0m/[36m763[0m batches, [36m3579067[0m pos/sec)]
Estimated time to end of superbatch: [36m13.9[0ms     [Fsuperbatch [36m301[0m [[35m67.1[0m% ([36m512[0m/[36m763[0m batches, [36m3572339[0m pos/sec)]
Estimated time to end of superbatch: [36m9.2[0ms     [Fsuperbatch [36m301[0m [[35m83.9[0m% ([36m640[0m/[36m763[0m batches, [36m3559870[0m pos/sec)]
Estimated time to end of superbatch: [36m4.5[0ms     [Fsuperbatch [36m301[0m | time [36m28.0[0ms | running loss [36m0.012781[0m | [36m3567259[0m pos/sec | total time [36m8521.1[0ms
Estimated time remaining in training: [36m3[0mh [36m27[0mm [36m7[0ms
LR dropped to [36m0.0005923[0m
superbatch [36m302[0m [[35m0.0[0m% ([36m0[0m/[36m763[0m batches, [36m4147750[0m pos/sec)]
Estimated time to end of superbatch: [36minf[0ms     [Fsuperbatch [36m302[0m [[35m16.8[0m% ([36m128[0m/[36m763[0m batches, [36m3637242[0m pos/sec)]
Estimated time to end of superbatch: [36m23.1[0ms     [Fsuperbatch [36m302[0m [[35m33.6[0m% ([36m256[0m/[36m763[0m batches, [36m3639252[0m pos/sec)]
Estimated time to end of superbatch: [36m18.3[0ms     [Fsuperbatch [36m302[0m [[35m50.3[0m% ([36m384[0m/[36m763[0m batches, [36m3634916[0m pos/sec)]
Estimated time to end of superbatch: [36m13.7[0ms     [Fsuperbatch [36m302[0m [[35m67.1[0m% ([36m512[0m/[36m763[0m batches, [36m3623192[0m pos/sec)]
Estimated time to end of superbatch: [36m9.1[0ms     [Fsuperbatch [36m302[0m [[35m83.9[0m% ([36m640[0m/[36m763[0m batches, [36m3619370[0m pos/sec)]
Estimated time to end of superbatch: [36m4.5[0ms     [Fsuperbatch [36m302[0m | time [36m27.6[0ms | running loss [36m0.012576[0m | [36m3625479[0m pos/sec | total time [36m8548.6[0ms
Estimated time remaining in training: [36m3[0mh [36m26[0mm [36m38[0ms
LR dropped to [36m0.00059095[0m
superbatch [36m303[0m [[35m0.0[0m% ([36m0[0m/[36m763[0m batches, [36m4024181[0m pos/sec)]
Estimated time to end of superbatch: [36minf[0ms     [Fsuperbatch [36m303[0m [[35m16.8[0m% ([36m128[0m/[36m763[0m batches, [36m3540084[0m pos/sec)]
Estimated time to end of superbatch: [36m23.7[0ms     [Fsuperbatch [36m303[0m [[35m33.6[0m% ([36m256[0m/[36m763[0m batches, [36m3603677[0m pos/sec)]
Estimated time to end of superbatch: [36m18.5[0ms     [Fsuperbatch [36m303[0m [[35m50.3[0m% ([36m384[0m/[36m763[0m batches, [36m3617755[0m pos/sec)]
Estimated time to end of superbatch: [36m13.8[0ms     [Fsuperbatch [36m303[0m [[35m67.1[0m% ([36m512[0m/[36m763[0m batches, [36m3641487[0m pos/sec)]
Estimated time to end of superbatch: [36m9.1[0ms     [Fsuperbatch [36m303[0m [[35m83.9[0m% ([36m640[0m/[36m763[0m batches, [36m3647581[0m pos/sec)]
Estimated time to end of superbatch: [36m4.4[0ms     [Fsuperbatch [36m303[0m | time [36m27.4[0ms | running loss [36m0.012806[0m | [36m3650753[0m pos/sec | total time [36m8576.0[0ms
Estimated time remaining in training: [36m3[0mh [36m26[0mm [36m8[0ms
LR dropped to [36m0.00058960007[0m
superbatch [36m304[0m [[35m0.0[0m% ([36m0[0m/[36m763[0m batches, [36m3684684[0m pos/sec)]
Estimated time to end of superbatch: [36minf[0ms     [Fsuperbatch [36m304[0m [[35m16.8[0m% ([36m128[0m/[36m763[0m batches, [36m3694605[0m pos/sec)]
Estimated time to end of superbatch: [36m22.7[0ms     [Fsuperbatch [36m304[0m [[35m33.6[0m% ([36m256[0m/[36m763[0m batches, [36m3670738[0m pos/sec)]
Estimated time to end of superbatch: [36m18.2[0ms     [Fsuperbatch [36m304[0m [[35m50.3[0m% ([36m384[0m/[36m763[0m batches, [36m3647744[0m pos/sec)]
Estimated time to end of superbatch: [36m13.7[0ms     [Fsuperbatch [36m304[0m [[35m67.1[0m% ([36m512[0m/[36m763[0m batches, [36m3649602[0m pos/sec)]
Estimated time to end of superbatch: [36m9.0[0ms     [Fsuperbatch [36m304[0m [[35m83.9[0m% ([36m640[0m/[36m763[0m batches, [36m3643786[0m pos/sec)]
Estimated time to end of superbatch: [36m4.4[0ms     [Fsuperbatch [36m304[0m | time [36m27.4[0ms | running loss [36m0.012574[0m | [36m3651973[0m pos/sec | total time [36m8603.4[0ms
Estimated time remaining in training: [36m3[0mh [36m25[0mm [36m39[0ms
LR dropped to [36m0.00058825[0m
superbatch [36m305[0m [[35m0.0[0m% ([36m0[0m/[36m763[0m batches, [36m3994238[0m pos/sec)]
Estimated time to end of superbatch: [36minf[0ms     [Fsuperbatch [36m305[0m [[35m16.8[0m% ([36m128[0m/[36m763[0m batches, [36m3585850[0m pos/sec)]
Estimated time to end of superbatch: [36m23.4[0ms     [Fsuperbatch [36m305[0m [[35m33.6[0m% ([36m256[0m/[36m763[0m batches, [36m3608272[0m pos/sec)]
Estimated time to end of superbatch: [36m18.5[0ms     [Fsuperbatch [36m305[0m [[35m50.3[0m% ([36m384[0m/[36m763[0m batches, [36m3580536[0m pos/sec)]
Estimated time to end of superbatch: [36m13.9[0ms     [Fsuperbatch [36m305[0m [[35m67.1[0m% ([36m512[0m/[36m763[0m batches, [36m3580520[0m pos/sec)]
Estimated time to end of superbatch: [36m9.2[0ms     [Fsuperbatch [36m305[0m [[35m83.9[0m% ([36m640[0m/[36m763[0m batches, [36m3592573[0m pos/sec)]
Estimated time to end of superbatch: [36m4.5[0ms     [Fsuperbatch [36m305[0m | time [36m27.8[0ms | running loss [36m0.012855[0m | [36m3598533[0m pos/sec | total time [36m8631.2[0ms
Estimated time remaining in training: [36m3[0mh [36m25[0mm [36m10[0ms
LR dropped to [36m0.00058690005[0m
superbatch [36m306[0m [[35m0.0[0m% ([36m0[0m/[36m763[0m batches, [36m4139480[0m pos/sec)]
Estimated time to end of superbatch: [36minf[0ms     [Fsuperbatch [36m306[0m [[35m16.8[0m% ([36m128[0m/[36m763[0m batches, [36m3622930[0m pos/sec)]
Estimated time to end of superbatch: [36m23.2[0ms     [Fsuperbatch [36m306[0m [[35m33.6[0m% ([36m256[0m/[36m763[0m batches, [36m3605301[0m pos/sec)]
Estimated time to end of superbatch: [36m18.5[0ms     [Fsuperbatch [36m306[0m [[35m50.3[0m% ([36m384[0m/[36m763[0m batches, [36m3572637[0m pos/sec)]
Estimated time to end of superbatch: [36m13.9[0ms     [Fsuperbatch [36m306[0m [[35m67.1[0m% ([36m512[0m/[36m763[0m batches, [36m3584618[0m pos/sec)]
Estimated time to end of superbatch: [36m9.2[0ms     [Fsuperbatch [36m306[0m [[35m83.9[0m% ([36m640[0m/[36m763[0m batches, [36m3594528[0m pos/sec)]
Estimated time to end of superbatch: [36m4.5[0ms     [Fsuperbatch [36m306[0m | time [36m27.8[0ms | running loss [36m0.012586[0m | [36m3595882[0m pos/sec | total time [36m8659.0[0ms
Estimated time remaining in training: [36m3[0mh [36m24[0mm [36m41[0ms
LR dropped to [36m0.00058555003[0m
superbatch [36m307[0m [[35m0.0[0m% ([36m0[0m/[36m763[0m batches, [36m3862298[0m pos/sec)]
Estimated time to end of superbatch: [36minf[0ms     [Fsuperbatch [36m307[0m [[35m16.8[0m% ([36m128[0m/[36m763[0m batches, [36m3653325[0m pos/sec)]
Estimated time to end of superbatch: [36m23.0[0ms     [Fsuperbatch [36m307[0m [[35m33.6[0m% ([36m256[0m/[36m763[0m batches, [36m3638086[0m pos/sec)]
Estimated time to end of superbatch: [36m18.3[0ms     [Fsuperbatch [36m307[0m [[35m50.3[0m% ([36m384[0m/[36m763[0m batches, [36m3617304[0m pos/sec)]
Estimated time to end of superbatch: [36m13.8[0ms     [Fsuperbatch [36m307[0m [[35m67.1[0m% ([36m512[0m/[36m763[0m batches, [36m3618586[0m pos/sec)]
Estimated time to end of superbatch: [36m9.1[0ms     [Fsuperbatch [36m307[0m [[35m83.9[0m% ([36m640[0m/[36m763[0m batches, [36m3611108[0m pos/sec)]
Estimated time to end of superbatch: [36m4.5[0ms     [Fsuperbatch [36m307[0m | time [36m27.7[0ms | running loss [36m0.012892[0m | [36m3609313[0m pos/sec | total time [36m8686.7[0ms
Estimated time remaining in training: [36m3[0mh [36m24[0mm [36m11[0ms
LR dropped to [36m0.0005842[0m
superbatch [36m308[0m [[35m0.0[0m% ([36m0[0m/[36m763[0m batches, [36m3224416[0m pos/sec)]
Estimated time to end of superbatch: [36minf[0ms     [Fsuperbatch [36m308[0m [[35m16.8[0m% ([36m128[0m/[36m763[0m batches, [36m3632608[0m pos/sec)]
Estimated time to end of superbatch: [36m23.1[0ms     [Fsuperbatch [36m308[0m [[35m33.6[0m% ([36m256[0m/[36m763[0m batches, [36m3630844[0m pos/sec)]
Estimated time to end of superbatch: [36m18.4[0ms     [Fsuperbatch [36m308[0m [[35m50.3[0m% ([36m384[0m/[36m763[0m batches, [36m3591075[0m pos/sec)]
Estimated time to end of superbatch: [36m13.9[0ms     [Fsuperbatch [36m308[0m [[35m67.1[0m% ([36m512[0m/[36m763[0m batches, [36m3585101[0m pos/sec)]
Estimated time to end of superbatch: [36m9.2[0ms     [Fsuperbatch [36m308[0m [[35m83.9[0m% ([36m640[0m/[36m763[0m batches, [36m3578746[0m pos/sec)]
Estimated time to end of superbatch: [36m4.5[0ms     [Fsuperbatch [36m308[0m | time [36m27.9[0ms | running loss [36m0.012613[0m | [36m3582640[0m pos/sec | total time [36m8714.6[0ms
Estimated time remaining in training: [36m3[0mh [36m23[0mm [36m43[0ms
LR dropped to [36m0.00058285[0m
superbatch [36m309[0m [[35m0.0[0m% ([36m0[0m/[36m763[0m batches, [36m3591437[0m pos/sec)]
Estimated time to end of superbatch: [36minf[0ms     [Fsuperbatch [36m309[0m [[35m16.8[0m% ([36m128[0m/[36m763[0m batches, [36m3539605[0m pos/sec)]
Estimated time to end of superbatch: [36m23.7[0ms     [Fsuperbatch [36m309[0m [[35m33.6[0m% ([36m256[0m/[36m763[0m batches, [36m3551603[0m pos/sec)]
Estimated time to end of superbatch: [36m18.8[0ms     [Fsuperbatch [36m309[0m [[35m50.3[0m% ([36m384[0m/[36m763[0m batches, [36m3577759[0m pos/sec)]
Estimated time to end of superbatch: [36m13.9[0ms     [Fsuperbatch [36m309[0m [[35m67.1[0m% ([36m512[0m/[36m763[0m batches, [36m3564084[0m pos/sec)]
Estimated time to end of superbatch: [36m9.2[0ms     [Fsuperbatch [36m309[0m [[35m83.9[0m% ([36m640[0m/[36m763[0m batches, [36m3569485[0m pos/sec)]
Estimated time to end of superbatch: [36m4.5[0ms     [Fsuperbatch [36m309[0m | time [36m28.0[0ms | running loss [36m0.012910[0m | [36m3578056[0m pos/sec | total time [36m8742.6[0ms
Estimated time remaining in training: [36m3[0mh [36m23[0mm [36m14[0ms
LR dropped to [36m0.0005815[0m
superbatch [36m310[0m [[35m0.0[0m% ([36m0[0m/[36m763[0m batches, [36m3670444[0m pos/sec)]
Estimated time to end of superbatch: [36minf[0ms     [Fsuperbatch [36m310[0m [[35m16.8[0m% ([36m128[0m/[36m763[0m batches, [36m3668211[0m pos/sec)]
Estimated time to end of superbatch: [36m22.9[0ms     [Fsuperbatch [36m310[0m [[35m33.6[0m% ([36m256[0m/[36m763[0m batches, [36m3706090[0m pos/sec)]
Estimated time to end of superbatch: [36m18.0[0ms     [Fsuperbatch [36m310[0m [[35m50.3[0m% ([36m384[0m/[36m763[0m batches, [36m3690707[0m pos/sec)]
Estimated time to end of superbatch: [36m13.5[0ms     [Fsuperbatch [36m310[0m [[35m67.1[0m% ([36m512[0m/[36m763[0m batches, [36m3697518[0m pos/sec)]
Estimated time to end of superbatch: [36m8.9[0ms     [Fsuperbatch [36m310[0m [[35m83.9[0m% ([36m640[0m/[36m763[0m batches, [36m3680735[0m pos/sec)]
Estimated time to end of superbatch: [36m4.4[0ms     [Fsuperbatch [36m310[0m | time [36m27.2[0ms | running loss [36m0.012656[0m | [36m3671800[0m pos/sec | total time [36m8769.8[0ms
Estimated time remaining in training: [36m3[0mh [36m22[0mm [36m44[0ms
Saved [anna-v5-s1-310]
LR dropped to [36m0.00058015005[0m
superbatch [36m311[0m [[35m0.0[0m% ([36m0[0m/[36m763[0m batches, [36m3554966[0m pos/sec)]
Estimated time to end of superbatch: [36minf[0ms     [Fsuperbatch [36m311[0m [[35m16.8[0m% ([36m128[0m/[36m763[0m batches, [36m3585946[0m pos/sec)]
Estimated time to end of superbatch: [36m23.4[0ms     [Fsuperbatch [36m311[0m [[35m33.6[0m% ([36m256[0m/[36m763[0m batches, [36m3608345[0m pos/sec)]
Estimated time to end of superbatch: [36m18.5[0ms     [Fsuperbatch [36m311[0m [[35m50.3[0m% ([36m384[0m/[36m763[0m batches, [36m3601080[0m pos/sec)]
Estimated time to end of superbatch: [36m13.8[0ms     [Fsuperbatch [36m311[0m [[35m67.1[0m% ([36m512[0m/[36m763[0m batches, [36m3610324[0m pos/sec)]
Estimated time to end of superbatch: [36m9.1[0ms     [Fsuperbatch [36m311[0m [[35m83.9[0m% ([36m640[0m/[36m763[0m batches, [36m3605736[0m pos/sec)]
Estimated time to end of superbatch: [36m4.5[0ms     [Fsuperbatch [36m311[0m | time [36m27.8[0ms | running loss [36m0.013004[0m | [36m3600321[0m pos/sec | total time [36m8800.7[0ms
Estimated time remaining in training: [36m3[0mh [36m22[0mm [36m19[0ms
LR dropped to [36m0.00057880004[0m
superbatch [36m312[0m [[35m0.0[0m% ([36m0[0m/[36m763[0m batches, [36m3658043[0m pos/sec)]
Estimated time to end of superbatch: [36minf[0ms     [Fsuperbatch [36m312[0m [[35m16.8[0m% ([36m128[0m/[36m763[0m batches, [36m3511288[0m pos/sec)]
Estimated time to end of superbatch: [36m23.9[0ms     [Fsuperbatch [36m312[0m [[35m33.6[0m% ([36m256[0m/[36m763[0m batches, [36m3539528[0m pos/sec)]
Estimated time to end of superbatch: [36m18.8[0ms     [Fsuperbatch [36m312[0m [[35m50.3[0m% ([36m384[0m/[36m763[0m batches, [36m3571598[0m pos/sec)]
Estimated time to end of superbatch: [36m13.9[0ms     [Fsuperbatch [36m312[0m [[35m67.1[0m% ([36m512[0m/[36m763[0m batches, [36m3575273[0m pos/sec)]
Estimated time to end of superbatch: [36m9.2[0ms     [Fsuperbatch [36m312[0m [[35m83.9[0m% ([36m640[0m/[36m763[0m batches, [36m3579992[0m pos/sec)]
Estimated time to end of superbatch: [36m4.5[0ms     [Fsuperbatch [36m312[0m | time [36m27.9[0ms | running loss [36m0.012736[0m | [36m3582378[0m pos/sec | total time [36m8828.6[0ms
Estimated time remaining in training: [36m3[0mh [36m21[0mm [36m51[0ms
LR dropped to [36m0.00057745003[0m
superbatch [36m313[0m [[35m0.0[0m% ([36m0[0m/[36m763[0m batches, [36m3594696[0m pos/sec)]
Estimated time to end of superbatch: [36minf[0ms     [Fsuperbatch [36m313[0m [[35m16.8[0m% ([36m128[0m/[36m763[0m batches, [36m3568184[0m pos/sec)]
Estimated time to end of superbatch: [36m23.5[0ms     [Fsuperbatch [36m313[0m [[35m33.6[0m% ([36m256[0m/[36m763[0m batches, [36m3616018[0m pos/sec)]
Estimated time to end of superbatch: [36m18.4[0ms     [Fsuperbatch [36m313[0m [[35m50.3[0m% ([36m384[0m/[36m763[0m batches, [36m3637147[0m pos/sec)]
Estimated time to end of superbatch: [36m13.7[0ms     [Fsuperbatch [36m313[0m [[35m67.1[0m% ([36m512[0m/[36m763[0m batches, [36m3658322[0m pos/sec)]
Estimated time to end of superbatch: [36m9.0[0ms     [Fsuperbatch [36m313[0m [[35m83.9[0m% ([36m640[0m/[36m763[0m batches, [36m3643353[0m pos/sec)]
Estimated time to end of superbatch: [36m4.4[0ms     [Fsuperbatch [36m313[0m | time [36m27.5[0ms | running loss [36m0.013019[0m | [36m3635364[0m pos/sec | total time [36m8856.1[0ms
Estimated time remaining in training: [36m3[0mh [36m21[0mm [36m21[0ms
LR dropped to [36m0.0005761[0m
superbatch [36m314[0m [[35m0.0[0m% ([36m0[0m/[36m763[0m batches, [36m3350196[0m pos/sec)]
Estimated time to end of superbatch: [36minf[0ms     [Fsuperbatch [36m314[0m [[35m16.8[0m% ([36m128[0m/[36m763[0m batches, [36m3663538[0m pos/sec)]
Estimated time to end of superbatch: [36m22.9[0ms     [Fsuperbatch [36m314[0m [[35m33.6[0m% ([36m256[0m/[36m763[0m batches, [36m3635598[0m pos/sec)]
Estimated time to end of superbatch: [36m18.3[0ms     [Fsuperbatch [36m314[0m [[35m50.3[0m% ([36m384[0m/[36m763[0m batches, [36m3626027[0m pos/sec)]
Estimated time to end of superbatch: [36m13.7[0ms     [Fsuperbatch [36m314[0m [[35m67.1[0m% ([36m512[0m/[36m763[0m batches, [36m3634881[0m pos/sec)]
Estimated time to end of superbatch: [36m9.1[0ms     [Fsuperbatch [36m314[0m [[35m83.9[0m% ([36m640[0m/[36m763[0m batches, [36m3645372[0m pos/sec)]
Estimated time to end of superbatch: [36m4.4[0ms     [Fsuperbatch [36m314[0m | time [36m27.3[0ms | running loss [36m0.012733[0m | [36m3664366[0m pos/sec | total time [36m8883.4[0ms
Estimated time remaining in training: [36m3[0mh [36m20[0mm [36m52[0ms
LR dropped to [36m0.00057475[0m
superbatch [36m315[0m [[35m0.0[0m% ([36m0[0m/[36m763[0m batches, [36m3638092[0m pos/sec)]
Estimated time to end of superbatch: [36minf[0ms     [Fsuperbatch [36m315[0m [[35m16.8[0m% ([36m128[0m/[36m763[0m batches, [36m3697610[0m pos/sec)]
Estimated time to end of superbatch: [36m22.7[0ms     [Fsuperbatch [36m315[0m [[35m33.6[0m% ([36m256[0m/[36m763[0m batches, [36m3641562[0m pos/sec)]
Estimated time to end of superbatch: [36m18.3[0ms     [Fsuperbatch [36m315[0m [[35m50.3[0m% ([36m384[0m/[36m763[0m batches, [36m3624764[0m pos/sec)]
Estimated time to end of superbatch: [36m13.7[0ms     [Fsuperbatch [36m315[0m [[35m67.1[0m% ([36m512[0m/[36m763[0m batches, [36m3634726[0m pos/sec)]
Estimated time to end of superbatch: [36m9.1[0ms     [Fsuperbatch [36m315[0m [[35m83.9[0m% ([36m640[0m/[36m763[0m batches, [36m3634208[0m pos/sec)]
Estimated time to end of superbatch: [36m4.4[0ms     [Fsuperbatch [36m315[0m | time [36m27.4[0ms | running loss [36m0.012995[0m | [36m3643464[0m pos/sec | total time [36m8910.9[0ms
Estimated time remaining in training: [36m3[0mh [36m20[0mm [36m22[0ms
LR dropped to [36m0.00057340006[0m
superbatch [36m316[0m [[35m0.0[0m% ([36m0[0m/[36m763[0m batches, [36m3824592[0m pos/sec)]
Estimated time to end of superbatch: [36minf[0ms     [Fsuperbatch [36m316[0m [[35m16.8[0m% ([36m128[0m/[36m763[0m batches, [36m3688636[0m pos/sec)]
Estimated time to end of superbatch: [36m22.7[0ms     [Fsuperbatch [36m316[0m [[35m33.6[0m% ([36m256[0m/[36m763[0m batches, [36m3647025[0m pos/sec)]
Estimated time to end of superbatch: [36m18.3[0ms     [Fsuperbatch [36m316[0m [[35m50.3[0m% ([36m384[0m/[36m763[0m batches, [36m3643728[0m pos/sec)]
Estimated time to end of superbatch: [36m13.7[0ms     [Fsuperbatch [36m316[0m [[35m67.1[0m% ([36m512[0m/[36m763[0m batches, [36m3637290[0m pos/sec)]
Estimated time to end of superbatch: [36m9.1[0ms     [Fsuperbatch [36m316[0m [[35m83.9[0m% ([36m640[0m/[36m763[0m batches, [36m3656434[0m pos/sec)]
Estimated time to end of superbatch: [36m4.4[0ms     [Fsuperbatch [36m316[0m | time [36m27.2[0ms | running loss [36m0.012761[0m | [36m3671869[0m pos/sec | total time [36m8938.1[0ms
Estimated time remaining in training: [36m3[0mh [36m19[0mm [36m52[0ms
LR dropped to [36m0.00057205005[0m
superbatch [36m317[0m [[35m0.0[0m% ([36m0[0m/[36m763[0m batches, [36m3383868[0m pos/sec)]
Estimated time to end of superbatch: [36minf[0ms     [Fsuperbatch [36m317[0m [[35m16.8[0m% ([36m128[0m/[36m763[0m batches, [36m3723776[0m pos/sec)]
Estimated time to end of superbatch: [36m22.5[0ms     [Fsuperbatch [36m317[0m [[35m33.6[0m% ([36m256[0m/[36m763[0m batches, [36m3721005[0m pos/sec)]
Estimated time to end of superbatch: [36m17.9[0ms     [Fsuperbatch [36m317[0m [[35m50.3[0m% ([36m384[0m/[36m763[0m batches, [36m3725706[0m pos/sec)]
Estimated time to end of superbatch: [36m13.4[0ms     [Fsuperbatch [36m317[0m [[35m67.1[0m% ([36m512[0m/[36m763[0m batches, [36m3731446[0m pos/sec)]
Estimated time to end of superbatch: [36m8.8[0ms     [Fsuperbatch [36m317[0m [[35m83.9[0m% ([36m640[0m/[36m763[0m batches, [36m3723625[0m pos/sec)]
Estimated time to end of superbatch: [36m4.3[0ms     [Fsuperbatch [36m317[0m | time [36m26.9[0ms | running loss [36m0.012995[0m | [36m3716983[0m pos/sec | total time [36m8965.0[0ms
Estimated time remaining in training: [36m3[0mh [36m19[0mm [36m22[0ms
LR dropped to [36m0.00057070004[0m
superbatch [36m318[0m [[35m0.0[0m% ([36m0[0m/[36m763[0m batches, [36m3369084[0m pos/sec)]
Estimated time to end of superbatch: [36minf[0ms     [Fsuperbatch [36m318[0m [[35m16.8[0m% ([36m128[0m/[36m763[0m batches, [36m3718515[0m pos/sec)]
Estimated time to end of superbatch: [36m22.6[0ms     [Fsuperbatch [36m318[0m [[35m33.6[0m% ([36m256[0m/[36m763[0m batches, [36m3704620[0m pos/sec)]
Estimated time to end of superbatch: [36m18.0[0ms     [Fsuperbatch [36m318[0m [[35m50.3[0m% ([36m384[0m/[36m763[0m batches, [36m3697151[0m pos/sec)]
Estimated time to end of superbatch: [36m13.5[0ms     [Fsuperbatch [36m318[0m [[35m67.1[0m% ([36m512[0m/[36m763[0m batches, [36m3667226[0m pos/sec)]
Estimated time to end of superbatch: [36m9.0[0ms     [Fsuperbatch [36m318[0m [[35m83.9[0m% ([36m640[0m/[36m763[0m batches, [36m3654067[0m pos/sec)]
Estimated time to end of superbatch: [36m4.4[0ms     [Fsuperbatch [36m318[0m | time [36m27.5[0ms | running loss [36m0.012796[0m | [36m3633222[0m pos/sec | total time [36m8992.5[0ms
Estimated time remaining in training: [36m3[0mh [36m18[0mm [36m53[0ms
LR dropped to [36m0.00056935[0m
superbatch [36m319[0m [[35m0.0[0m% ([36m0[0m/[36m763[0m batches, [36m3701963[0m pos/sec)]
Estimated time to end of superbatch: [36minf[0ms     [Fsuperbatch [36m319[0m [[35m16.8[0m% ([36m128[0m/[36m763[0m batches, [36m3574066[0m pos/sec)]
Estimated time to end of superbatch: [36m23.5[0ms     [Fsuperbatch [36m319[0m [[35m33.6[0m% ([36m256[0m/[36m763[0m batches, [36m3572057[0m pos/sec)]
Estimated time to end of superbatch: [36m18.7[0ms     [Fsuperbatch [36m319[0m [[35m50.3[0m% ([36m384[0m/[36m763[0m batches, [36m3564773[0m pos/sec)]
Estimated time to end of superbatch: [36m14.0[0ms     [Fsuperbatch [36m319[0m [[35m67.1[0m% ([36m512[0m/[36m763[0m batches, [36m3566875[0m pos/sec)]
Estimated time to end of superbatch: [36m9.2[0ms     [Fsuperbatch [36m319[0m [[35m83.9[0m% ([36m640[0m/[36m763[0m batches, [36m3565594[0m pos/sec)]
Estimated time to end of superbatch: [36m4.5[0ms     [Fsuperbatch [36m319[0m | time [36m28.0[0ms | running loss [36m0.013017[0m | [36m3571473[0m pos/sec | total time [36m9020.5[0ms
Estimated time remaining in training: [36m3[0mh [36m18[0mm [36m24[0ms
LR dropped to [36m0.000568[0m
superbatch [36m320[0m [[35m0.0[0m% ([36m0[0m/[36m763[0m batches, [36m3681258[0m pos/sec)]
Estimated time to end of superbatch: [36minf[0ms     [Fsuperbatch [36m320[0m [[35m16.8[0m% ([36m128[0m/[36m763[0m batches, [36m3653211[0m pos/sec)]
Estimated time to end of superbatch: [36m23.0[0ms     [Fsuperbatch [36m320[0m [[35m33.6[0m% ([36m256[0m/[36m763[0m batches, [36m3649172[0m pos/sec)]
Estimated time to end of superbatch: [36m18.3[0ms     [Fsuperbatch [36m320[0m [[35m50.3[0m% ([36m384[0m/[36m763[0m batches, [36m3615825[0m pos/sec)]
Estimated time to end of superbatch: [36m13.8[0ms     [Fsuperbatch [36m320[0m [[35m67.1[0m% ([36m512[0m/[36m763[0m batches, [36m3595591[0m pos/sec)]
Estimated time to end of superbatch: [36m9.2[0ms     [Fsuperbatch [36m320[0m [[35m83.9[0m% ([36m640[0m/[36m763[0m batches, [36m3587720[0m pos/sec)]
Estimated time to end of superbatch: [36m4.5[0ms     [Fsuperbatch [36m320[0m | time [36m27.9[0ms | running loss [36m0.012845[0m | [36m3580237[0m pos/sec | total time [36m9048.5[0ms
Estimated time remaining in training: [36m3[0mh [36m17[0mm [36m56[0ms
Saved [anna-v5-s1-320]
LR dropped to [36m0.00056665007[0m
superbatch [36m321[0m [[35m0.0[0m% ([36m0[0m/[36m763[0m batches, [36m3359748[0m pos/sec)]
Estimated time to end of superbatch: [36minf[0ms     [Fsuperbatch [36m321[0m [[35m16.8[0m% ([36m128[0m/[36m763[0m batches, [36m3591138[0m pos/sec)]
Estimated time to end of superbatch: [36m23.4[0ms     [Fsuperbatch [36m321[0m [[35m33.6[0m% ([36m256[0m/[36m763[0m batches, [36m3549630[0m pos/sec)]
Estimated time to end of superbatch: [36m18.8[0ms     [Fsuperbatch [36m321[0m [[35m50.3[0m% ([36m384[0m/[36m763[0m batches, [36m3559503[0m pos/sec)]
Estimated time to end of superbatch: [36m14.0[0ms     [Fsuperbatch [36m321[0m [[35m67.1[0m% ([36m512[0m/[36m763[0m batches, [36m3558292[0m pos/sec)]
Estimated time to end of superbatch: [36m9.3[0ms     [Fsuperbatch [36m321[0m [[35m83.9[0m% ([36m640[0m/[36m763[0m batches, [36m3553643[0m pos/sec)]
Estimated time to end of superbatch: [36m4.5[0ms     [Fsuperbatch [36m321[0m | time [36m28.2[0ms | running loss [36m0.013029[0m | [36m3552188[0m pos/sec | total time [36m9079.7[0ms
Estimated time remaining in training: [36m3[0mh [36m17[0mm [36m31[0ms
LR dropped to [36m0.0005653[0m
superbatch [36m322[0m [[35m0.0[0m% ([36m0[0m/[36m763[0m batches, [36m3420772[0m pos/sec)]
Estimated time to end of superbatch: [36minf[0ms     [Fsuperbatch [36m322[0m [[35m16.8[0m% ([36m128[0m/[36m763[0m batches, [36m3512324[0m pos/sec)]
Estimated time to end of superbatch: [36m23.9[0ms     [Fsuperbatch [36m322[0m [[35m33.6[0m% ([36m256[0m/[36m763[0m batches, [36m3619682[0m pos/sec)]
Estimated time to end of superbatch: [36m18.4[0ms     [Fsuperbatch [36m322[0m [[35m50.3[0m% ([36m384[0m/[36m763[0m batches, [36m3610873[0m pos/sec)]
Estimated time to end of superbatch: [36m13.8[0ms     [Fsuperbatch [36m322[0m [[35m67.1[0m% ([36m512[0m/[36m763[0m batches, [36m3594692[0m pos/sec)]
Estimated time to end of superbatch: [36m9.2[0ms     [Fsuperbatch [36m322[0m [[35m83.9[0m% ([36m640[0m/[36m763[0m batches, [36m3608135[0m pos/sec)]
Estimated time to end of superbatch: [36m4.5[0ms     [Fsuperbatch [36m322[0m | time [36m27.6[0ms | running loss [36m0.012849[0m | [36m3621643[0m pos/sec | total time [36m9107.3[0ms
Estimated time remaining in training: [36m3[0mh [36m17[0mm [36m2[0ms
LR dropped to [36m0.00056395005[0m
superbatch [36m323[0m [[35m0.0[0m% ([36m0[0m/[36m763[0m batches, [36m4142743[0m pos/sec)]
Estimated time to end of superbatch: [36minf[0ms     [Fsuperbatch [36m323[0m [[35m16.8[0m% ([36m128[0m/[36m763[0m batches, [36m3625975[0m pos/sec)]
Estimated time to end of superbatch: [36m23.1[0ms     [Fsuperbatch [36m323[0m [[35m33.6[0m% ([36m256[0m/[36m763[0m batches, [36m3568824[0m pos/sec)]
Estimated time to end of superbatch: [36m18.7[0ms     [Fsuperbatch [36m323[0m [[35m50.3[0m% ([36m384[0m/[36m763[0m batches, [36m3561182[0m pos/sec)]
Estimated time to end of superbatch: [36m14.0[0ms     [Fsuperbatch [36m323[0m [[35m67.1[0m% ([36m512[0m/[36m763[0m batches, [36m3577476[0m pos/sec)]
Estimated time to end of superbatch: [36m9.2[0ms     [Fsuperbatch [36m323[0m [[35m83.9[0m% ([36m640[0m/[36m763[0m batches, [36m3597897[0m pos/sec)]
Estimated time to end of superbatch: [36m4.5[0ms     [Fsuperbatch [36m323[0m | time [36m27.7[0ms | running loss [36m0.013041[0m | [36m3610655[0m pos/sec | total time [36m9135.0[0ms
Estimated time remaining in training: [36m3[0mh [36m16[0mm [36m33[0ms
LR dropped to [36m0.00056260003[0m
superbatch [36m324[0m [[35m0.0[0m% ([36m0[0m/[36m763[0m batches, [36m3433220[0m pos/sec)]
Estimated time to end of superbatch: [36minf[0ms     [Fsuperbatch [36m324[0m [[35m16.8[0m% ([36m128[0m/[36m763[0m batches, [36m3705870[0m pos/sec)]
Estimated time to end of superbatch: [36m22.6[0ms     [Fsuperbatch [36m324[0m [[35m33.6[0m% ([36m256[0m/[36m763[0m batches, [36m3695652[0m pos/sec)]
Estimated time to end of superbatch: [36m18.1[0ms     [Fsuperbatch [36m324[0m [[35m50.3[0m% ([36m384[0m/[36m763[0m batches, [36m3700712[0m pos/sec)]
Estimated time to end of superbatch: [36m13.5[0ms     [Fsuperbatch [36m324[0m [[35m67.1[0m% ([36m512[0m/[36m763[0m batches, [36m3691446[0m pos/sec)]
Estimated time to end of superbatch: [36m8.9[0ms     [Fsuperbatch [36m324[0m [[35m83.9[0m% ([36m640[0m/[36m763[0m batches, [36m3692790[0m pos/sec)]
Estimated time to end of superbatch: [36m4.4[0ms     [Fsuperbatch [36m324[0m | time [36m27.1[0ms | running loss [36m0.012901[0m | [36m3691088[0m pos/sec | total time [36m9162.1[0ms
Estimated time remaining in training: [36m3[0mh [36m16[0mm [36m3[0ms
LR dropped to [36m0.00056125[0m
superbatch [36m325[0m [[35m0.0[0m% ([36m0[0m/[36m763[0m batches, [36m3676314[0m pos/sec)]
Estimated time to end of superbatch: [36minf[0ms     [Fsuperbatch [36m325[0m [[35m16.8[0m% ([36m128[0m/[36m763[0m batches, [36m3584814[0m pos/sec)]
Estimated time to end of superbatch: [36m23.4[0ms     [Fsuperbatch [36m325[0m [[35m33.6[0m% ([36m256[0m/[36m763[0m batches, [36m3620804[0m pos/sec)]
Estimated time to end of superbatch: [36m18.4[0ms     [Fsuperbatch [36m325[0m [[35m50.3[0m% ([36m384[0m/[36m763[0m batches, [36m3614460[0m pos/sec)]
Estimated time to end of superbatch: [36m13.8[0ms     [Fsuperbatch [36m325[0m [[35m67.1[0m% ([36m512[0m/[36m763[0m batches, [36m3601701[0m pos/sec)]
Estimated time to end of superbatch: [36m9.2[0ms     [Fsuperbatch [36m325[0m [[35m83.9[0m% ([36m640[0m/[36m763[0m batches, [36m3589333[0m pos/sec)]
Estimated time to end of superbatch: [36m4.5[0ms     [Fsuperbatch [36m325[0m | time [36m27.9[0ms | running loss [36m0.013037[0m | [36m3587703[0m pos/sec | total time [36m9190.0[0ms
Estimated time remaining in training: [36m3[0mh [36m15[0mm [36m34[0ms
LR dropped to [36m0.0005599[0m
superbatch [36m326[0m [[35m0.0[0m% ([36m0[0m/[36m763[0m batches, [36m4073255[0m pos/sec)]
Estimated time to end of superbatch: [36minf[0ms     [Fsuperbatch [36m326[0m [[35m16.8[0m% ([36m128[0m/[36m763[0m batches, [36m3585206[0m pos/sec)]
Estimated time to end of superbatch: [36m23.4[0ms     [Fsuperbatch [36m326[0m [[35m33.6[0m% ([36m256[0m/[36m763[0m batches, [36m3645029[0m pos/sec)]
Estimated time to end of superbatch: [36m18.3[0ms     [Fsuperbatch [36m326[0m [[35m50.3[0m% ([36m384[0m/[36m763[0m batches, [36m3640299[0m pos/sec)]
Estimated time to end of superbatch: [36m13.7[0ms     [Fsuperbatch [36m326[0m [[35m67.1[0m% ([36m512[0m/[36m763[0m batches, [36m3636848[0m pos/sec)]
Estimated time to end of superbatch: [36m9.1[0ms     [Fsuperbatch [36m326[0m [[35m83.9[0m% ([36m640[0m/[36m763[0m batches, [36m3628655[0m pos/sec)]
Estimated time to end of superbatch: [36m4.4[0ms     [Fsuperbatch [36m326[0m | time [36m27.7[0ms | running loss [36m0.012918[0m | [36m3616317[0m pos/sec | total time [36m9217.6[0ms
Estimated time remaining in training: [36m3[0mh [36m15[0mm [36m5[0ms
LR dropped to [36m0.00055855[0m
superbatch [36m327[0m [[35m0.0[0m% ([36m0[0m/[36m763[0m batches, [36m3755694[0m pos/sec)]
Estimated time to end of superbatch: [36minf[0ms     [Fsuperbatch [36m327[0m [[35m16.8[0m% ([36m128[0m/[36m763[0m batches, [36m3575834[0m pos/sec)]
Estimated time to end of superbatch: [36m23.5[0ms     [Fsuperbatch [36m327[0m [[35m33.6[0m% ([36m256[0m/[36m763[0m batches, [36m3571334[0m pos/sec)]
Estimated time to end of superbatch: [36m18.7[0ms     [Fsuperbatch [36m327[0m [[35m50.3[0m% ([36m384[0m/[36m763[0m batches, [36m3602326[0m pos/sec)]
Estimated time to end of superbatch: [36m13.8[0ms     [Fsuperbatch [36m327[0m [[35m67.1[0m% ([36m512[0m/[36m763[0m batches, [36m3609690[0m pos/sec)]
Estimated time to end of superbatch: [36m9.1[0ms     [Fsuperbatch [36m327[0m [[35m83.9[0m% ([36m640[0m/[36m763[0m batches, [36m3622484[0m pos/sec)]
Estimated time to end of superbatch: [36m4.5[0ms     [Fsuperbatch [36m327[0m | time [36m27.6[0ms | running loss [36m0.013047[0m | [36m3620714[0m pos/sec | total time [36m9245.3[0ms
Estimated time remaining in training: [36m3[0mh [36m14[0mm [36m36[0ms
LR dropped to [36m0.00055720005[0m
superbatch [36m328[0m [[35m0.0[0m% ([36m0[0m/[36m763[0m batches, [36m4067430[0m pos/sec)]
Estimated time to end of superbatch: [36minf[0ms     [Fsuperbatch [36m328[0m [[35m16.8[0m% ([36m128[0m/[36m763[0m batches, [36m3653410[0m pos/sec)]
Estimated time to end of superbatch: [36m23.0[0ms     [Fsuperbatch [36m328[0m [[35m33.6[0m% ([36m256[0m/[36m763[0m batches, [36m3676564[0m pos/sec)]
Estimated time to end of superbatch: [36m18.1[0ms     [Fsuperbatch [36m328[0m [[35m50.3[0m% ([36m384[0m/[36m763[0m batches, [36m3681388[0m pos/sec)]
Estimated time to end of superbatch: [36m13.5[0ms     [Fsuperbatch [36m328[0m [[35m67.1[0m% ([36m512[0m/[36m763[0m batches, [36m3666454[0m pos/sec)]
Estimated time to end of superbatch: [36m9.0[0ms     [Fsuperbatch [36m328[0m [[35m83.9[0m% ([36m640[0m/[36m763[0m batches, [36m3678094[0m pos/sec)]
Estimated time to end of superbatch: [36m4.4[0ms     [Fsuperbatch [36m328[0m | time [36m27.2[0ms | running loss [36m0.012985[0m | [36m3683484[0m pos/sec | total time [36m9272.4[0ms
Estimated time remaining in training: [36m3[0mh [36m14[0mm [36m7[0ms
LR dropped to [36m0.00055585004[0m
superbatch [36m329[0m [[35m0.0[0m% ([36m0[0m/[36m763[0m batches, [36m4195296[0m pos/sec)]
Estimated time to end of superbatch: [36minf[0ms     [Fsuperbatch [36m329[0m [[35m16.8[0m% ([36m128[0m/[36m763[0m batches, [36m3765687[0m pos/sec)]
Estimated time to end of superbatch: [36m22.3[0ms     [Fsuperbatch [36m329[0m [[35m33.6[0m% ([36m256[0m/[36m763[0m batches, [36m3746706[0m pos/sec)]
Estimated time to end of superbatch: [36m17.8[0ms     [Fsuperbatch [36m329[0m [[35m50.3[0m% ([36m384[0m/[36m763[0m batches, [36m3726753[0m pos/sec)]
Estimated time to end of superbatch: [36m13.4[0ms     [Fsuperbatch [36m329[0m [[35m67.1[0m% ([36m512[0m/[36m763[0m batches, [36m3699230[0m pos/sec)]
Estimated time to end of superbatch: [36m8.9[0ms     [Fsuperbatch [36m329[0m [[35m83.9[0m% ([36m640[0m/[36m763[0m batches, [36m3684281[0m pos/sec)]
Estimated time to end of superbatch: [36m4.4[0ms     [Fsuperbatch [36m329[0m | time [36m27.3[0ms | running loss [36m0.013113[0m | [36m3656948[0m pos/sec | total time [36m9299.8[0ms
Estimated time remaining in training: [36m3[0mh [36m13[0mm [36m37[0ms
LR dropped to [36m0.00055450003[0m
superbatch [36m330[0m [[35m0.0[0m% ([36m0[0m/[36m763[0m batches, [36m3487906[0m pos/sec)]
Estimated time to end of superbatch: [36minf[0ms     [Fsuperbatch [36m330[0m [[35m16.8[0m% ([36m128[0m/[36m763[0m batches, [36m3546557[0m pos/sec)]
Estimated time to end of superbatch: [36m23.7[0ms     [Fsuperbatch [36m330[0m [[35m33.6[0m% ([36m256[0m/[36m763[0m batches, [36m3604118[0m pos/sec)]
Estimated time to end of superbatch: [36m18.5[0ms     [Fsuperbatch [36m330[0m [[35m50.3[0m% ([36m384[0m/[36m763[0m batches, [36m3604936[0m pos/sec)]
Estimated time to end of superbatch: [36m13.8[0ms     [Fsuperbatch [36m330[0m [[35m67.1[0m% ([36m512[0m/[36m763[0m batches, [36m3582362[0m pos/sec)]
Estimated time to end of superbatch: [36m9.2[0ms     [Fsuperbatch [36m330[0m [[35m83.9[0m% ([36m640[0m/[36m763[0m batches, [36m3584041[0m pos/sec)]
Estimated time to end of superbatch: [36m4.5[0ms     [Fsuperbatch [36m330[0m | time [36m28.0[0ms | running loss [36m0.013042[0m | [36m3572452[0m pos/sec | total time [36m9327.8[0ms
Estimated time remaining in training: [36m3[0mh [36m13[0mm [36m9[0ms
Saved [anna-v5-s1-330]
LR dropped to [36m0.00055315[0m
superbatch [36m331[0m [[35m0.0[0m% ([36m0[0m/[36m763[0m batches, [36m3637468[0m pos/sec)]
Estimated time to end of superbatch: [36minf[0ms     [Fsuperbatch [36m331[0m [[35m16.8[0m% ([36m128[0m/[36m763[0m batches, [36m3598131[0m pos/sec)]
Estimated time to end of superbatch: [36m23.3[0ms     [Fsuperbatch [36m331[0m [[35m33.6[0m% ([36m256[0m/[36m763[0m batches, [36m3547254[0m pos/sec)]
Estimated time to end of superbatch: [36m18.8[0ms     [Fsuperbatch [36m331[0m [[35m50.3[0m% ([36m384[0m/[36m763[0m batches, [36m3556066[0m pos/sec)]
Estimated time to end of superbatch: [36m14.0[0ms     [Fsuperbatch [36m331[0m [[35m67.1[0m% ([36m512[0m/[36m763[0m batches, [36m3560530[0m pos/sec)]
Estimated time to end of superbatch: [36m9.3[0ms     [Fsuperbatch [36m331[0m [[35m83.9[0m% ([36m640[0m/[36m763[0m batches, [36m3568481[0m pos/sec)]
Estimated time to end of superbatch: [36m4.5[0ms     [Fsuperbatch [36m331[0m | time [36m28.1[0ms | running loss [36m0.013146[0m | [36m3559572[0m pos/sec | total time [36m9358.9[0ms
Estimated time remaining in training: [36m3[0mh [36m12[0mm [36m44[0ms
LR dropped to [36m0.0005518[0m
superbatch [36m332[0m [[35m0.0[0m% ([36m0[0m/[36m763[0m batches, [36m4130872[0m pos/sec)]
Estimated time to end of superbatch: [36minf[0ms     [Fsuperbatch [36m332[0m [[35m16.8[0m% ([36m128[0m/[36m763[0m batches, [36m3620404[0m pos/sec)]
Estimated time to end of superbatch: [36m23.2[0ms     [Fsuperbatch [36m332[0m [[35m33.6[0m% ([36m256[0m/[36m763[0m batches, [36m3638493[0m pos/sec)]
Estimated time to end of superbatch: [36m18.3[0ms     [Fsuperbatch [36m332[0m [[35m50.3[0m% ([36m384[0m/[36m763[0m batches, [36m3617769[0m pos/sec)]
Estimated time to end of superbatch: [36m13.8[0ms     [Fsuperbatch [36m332[0m [[35m67.1[0m% ([36m512[0m/[36m763[0m batches, [36m3573760[0m pos/sec)]
Estimated time to end of superbatch: [36m9.2[0ms     [Fsuperbatch [36m332[0m [[35m83.9[0m% ([36m640[0m/[36m763[0m batches, [36m3557341[0m pos/sec)]
Estimated time to end of superbatch: [36m4.5[0ms     [Fsuperbatch [36m332[0m | time [36m28.1[0ms | running loss [36m0.013077[0m | [36m3556912[0m pos/sec | total time [36m9387.0[0ms
Estimated time remaining in training: [36m3[0mh [36m12[0mm [36m15[0ms
LR dropped to [36m0.00055045006[0m
superbatch [36m333[0m [[35m0.0[0m% ([36m0[0m/[36m763[0m batches, [36m3546657[0m pos/sec)]
Estimated time to end of superbatch: [36minf[0ms     [Fsuperbatch [36m333[0m [[35m16.8[0m% ([36m128[0m/[36m763[0m batches, [36m3593801[0m pos/sec)]
Estimated time to end of superbatch: [36m23.3[0ms     [Fsuperbatch [36m333[0m [[35m33.6[0m% ([36m256[0m/[36m763[0m batches, [36m3559466[0m pos/sec)]
Estimated time to end of superbatch: [36m18.7[0ms     [Fsuperbatch [36m333[0m [[35m50.3[0m% ([36m384[0m/[36m763[0m batches, [36m3570877[0m pos/sec)]
Estimated time to end of superbatch: [36m13.9[0ms     [Fsuperbatch [36m333[0m [[35m67.1[0m% ([36m512[0m/[36m763[0m batches, [36m3570142[0m pos/sec)]
Estimated time to end of superbatch: [36m9.2[0ms     [Fsuperbatch [36m333[0m [[35m83.9[0m% ([36m640[0m/[36m763[0m batches, [36m3588549[0m pos/sec)]
Estimated time to end of superbatch: [36m4.5[0ms     [Fsuperbatch [36m333[0m | time [36m27.8[0ms | running loss [36m0.013110[0m | [36m3592284[0m pos/sec | total time [36m9414.8[0ms
Estimated time remaining in training: [36m3[0mh [36m11[0mm [36m47[0ms
LR dropped to [36m0.00054910005[0m
superbatch [36m334[0m [[35m0.0[0m% ([36m0[0m/[36m763[0m batches, [36m3550460[0m pos/sec)]
Estimated time to end of superbatch: [36minf[0ms     [Fsuperbatch [36m334[0m [[35m16.8[0m% ([36m128[0m/[36m763[0m batches, [36m3605906[0m pos/sec)]
Estimated time to end of superbatch: [36m23.3[0ms     [Fsuperbatch [36m334[0m [[35m33.6[0m% ([36m256[0m/[36m763[0m batches, [36m3653603[0m pos/sec)]
Estimated time to end of superbatch: [36m18.3[0ms     [Fsuperbatch [36m334[0m [[35m50.3[0m% ([36m384[0m/[36m763[0m batches, [36m3678276[0m pos/sec)]
Estimated time to end of superbatch: [36m13.5[0ms     [Fsuperbatch [36m334[0m [[35m67.1[0m% ([36m512[0m/[36m763[0m batches, [36m3643045[0m pos/sec)]
Estimated time to end of superbatch: [36m9.0[0ms     [Fsuperbatch [36m334[0m [[35m83.9[0m% ([36m640[0m/[36m763[0m batches, [36m3632819[0m pos/sec)]
Estimated time to end of superbatch: [36m4.4[0ms     [Fsuperbatch [36m334[0m | time [36m27.6[0ms | running loss [36m0.013070[0m | [36m3626123[0m pos/sec | total time [36m9442.4[0ms
Estimated time remaining in training: [36m3[0mh [36m11[0mm [36m17[0ms
LR dropped to [36m0.00054775004[0m
superbatch [36m335[0m [[35m0.0[0m% ([36m0[0m/[36m763[0m batches, [36m3347847[0m pos/sec)]
Estimated time to end of superbatch: [36minf[0ms     [Fsuperbatch [36m335[0m [[35m16.8[0m% ([36m128[0m/[36m763[0m batches, [36m3572077[0m pos/sec)]
Estimated time to end of superbatch: [36m23.5[0ms     [Fsuperbatch [36m335[0m [[35m33.6[0m% ([36m256[0m/[36m763[0m batches, [36m3583926[0m pos/sec)]
Estimated time to end of superbatch: [36m18.6[0ms     [Fsuperbatch [36m335[0m [[35m50.3[0m% ([36m384[0m/[36m763[0m batches, [36m3589824[0m pos/sec)]
Estimated time to end of superbatch: [36m13.9[0ms     [Fsuperbatch [36m335[0m [[35m67.1[0m% ([36m512[0m/[36m763[0m batches, [36m3601847[0m pos/sec)]
Estimated time to end of superbatch: [36m9.2[0ms     [Fsuperbatch [36m335[0m [[35m83.9[0m% ([36m640[0m/[36m763[0m batches, [36m3607956[0m pos/sec)]
Estimated time to end of superbatch: [36m4.5[0ms     [Fsuperbatch [36m335[0m | time [36m27.8[0ms | running loss [36m0.013120[0m | [36m3598520[0m pos/sec | total time [36m9470.2[0ms
Estimated time remaining in training: [36m3[0mh [36m10[0mm [36m49[0ms
LR dropped to [36m0.0005464[0m
superbatch [36m336[0m [[35m0.0[0m% ([36m0[0m/[36m763[0m batches, [36m3744654[0m pos/sec)]
Estimated time to end of superbatch: [36minf[0ms     [Fsuperbatch [36m336[0m [[35m16.8[0m% ([36m128[0m/[36m763[0m batches, [36m3559250[0m pos/sec)]
Estimated time to end of superbatch: [36m23.6[0ms     [Fsuperbatch [36m336[0m [[35m33.6[0m% ([36m256[0m/[36m763[0m batches, [36m3556773[0m pos/sec)]
Estimated time to end of superbatch: [36m18.8[0ms     [Fsuperbatch [36m336[0m [[35m50.3[0m% ([36m384[0m/[36m763[0m batches, [36m3549837[0m pos/sec)]
Estimated time to end of superbatch: [36m14.0[0ms     [Fsuperbatch [36m336[0m [[35m67.1[0m% ([36m512[0m/[36m763[0m batches, [36m3540375[0m pos/sec)]
Estimated time to end of superbatch: [36m9.3[0ms     [Fsuperbatch [36m336[0m [[35m83.9[0m% ([36m640[0m/[36m763[0m batches, [36m3539397[0m pos/sec)]
Estimated time to end of superbatch: [36m4.6[0ms     [Fsuperbatch [36m336[0m | time [36m28.2[0ms | running loss [36m0.013126[0m | [36m3543540[0m pos/sec | total time [36m9498.4[0ms
Estimated time remaining in training: [36m3[0mh [36m10[0mm [36m20[0ms
LR dropped to [36m0.00054505[0m
superbatch [36m337[0m [[35m0.0[0m% ([36m0[0m/[36m763[0m batches, [36m3966138[0m pos/sec)]
Estimated time to end of superbatch: [36minf[0ms     [Fsuperbatch [36m337[0m [[35m16.8[0m% ([36m128[0m/[36m763[0m batches, [36m3618930[0m pos/sec)]
Estimated time to end of superbatch: [36m23.2[0ms     [Fsuperbatch [36m337[0m [[35m33.6[0m% ([36m256[0m/[36m763[0m batches, [36m3617358[0m pos/sec)]
Estimated time to end of superbatch: [36m18.4[0ms     [Fsuperbatch [36m337[0m [[35m50.3[0m% ([36m384[0m/[36m763[0m batches, [36m3611935[0m pos/sec)]
Estimated time to end of superbatch: [36m13.8[0ms     [Fsuperbatch [36m337[0m [[35m67.1[0m% ([36m512[0m/[36m763[0m batches, [36m3601875[0m pos/sec)]
Estimated time to end of superbatch: [36m9.2[0ms     [Fsuperbatch [36m337[0m [[35m83.9[0m% ([36m640[0m/[36m763[0m batches, [36m3608549[0m pos/sec)]
Estimated time to end of superbatch: [36m4.5[0ms     [Fsuperbatch [36m337[0m | time [36m27.8[0ms | running loss [36m0.013114[0m | [36m3594355[0m pos/sec | total time [36m9526.2[0ms
Estimated time remaining in training: [36m3[0mh [36m9[0mm [36m51[0ms
LR dropped to [36m0.0005437[0m
superbatch [36m338[0m [[35m0.0[0m% ([36m0[0m/[36m763[0m batches, [36m3177964[0m pos/sec)]
Estimated time to end of superbatch: [36minf[0ms     [Fsuperbatch [36m338[0m [[35m16.8[0m% ([36m128[0m/[36m763[0m batches, [36m3534970[0m pos/sec)]
Estimated time to end of superbatch: [36m23.7[0ms     [Fsuperbatch [36m338[0m [[35m33.6[0m% ([36m256[0m/[36m763[0m batches, [36m3537759[0m pos/sec)]
Estimated time to end of superbatch: [36m18.9[0ms     [Fsuperbatch [36m338[0m [[35m50.3[0m% ([36m384[0m/[36m763[0m batches, [36m3533956[0m pos/sec)]
Estimated time to end of superbatch: [36m14.1[0ms     [Fsuperbatch [36m338[0m [[35m67.1[0m% ([36m512[0m/[36m763[0m batches, [36m3525735[0m pos/sec)]
Estimated time to end of superbatch: [36m9.3[0ms     [Fsuperbatch [36m338[0m [[35m83.9[0m% ([36m640[0m/[36m763[0m batches, [36m3537707[0m pos/sec)]
Estimated time to end of superbatch: [36m4.6[0ms     [Fsuperbatch [36m338[0m | time [36m28.2[0ms | running loss [36m0.013137[0m | [36m3551415[0m pos/sec | total time [36m9554.4[0ms
Estimated time remaining in training: [36m3[0mh [36m9[0mm [36m23[0ms
LR dropped to [36m0.00054235[0m
superbatch [36m339[0m [[35m0.0[0m% ([36m0[0m/[36m763[0m batches, [36m3990373[0m pos/sec)]
Estimated time to end of superbatch: [36minf[0ms     [Fsuperbatch [36m339[0m [[35m16.8[0m% ([36m128[0m/[36m763[0m batches, [36m3547529[0m pos/sec)]
Estimated time to end of superbatch: [36m23.6[0ms     [Fsuperbatch [36m339[0m [[35m33.6[0m% ([36m256[0m/[36m763[0m batches, [36m3581012[0m pos/sec)]
Estimated time to end of superbatch: [36m18.6[0ms     [Fsuperbatch [36m339[0m [[35m50.3[0m% ([36m384[0m/[36m763[0m batches, [36m3608302[0m pos/sec)]
Estimated time to end of superbatch: [36m13.8[0ms     [Fsuperbatch [36m339[0m [[35m67.1[0m% ([36m512[0m/[36m763[0m batches, [36m3630089[0m pos/sec)]
Estimated time to end of superbatch: [36m9.1[0ms     [Fsuperbatch [36m339[0m [[35m83.9[0m% ([36m640[0m/[36m763[0m batches, [36m3647092[0m pos/sec)]
Estimated time to end of superbatch: [36m4.4[0ms     [Fsuperbatch [36m339[0m | time [36m27.4[0ms | running loss [36m0.013167[0m | [36m3655784[0m pos/sec | total time [36m9581.8[0ms
Estimated time remaining in training: [36m3[0mh [36m8[0mm [36m54[0ms
LR dropped to [36m0.00054100004[0m
superbatch [36m340[0m [[35m0.0[0m% ([36m0[0m/[36m763[0m batches, [36m3823742[0m pos/sec)]
Estimated time to end of superbatch: [36minf[0ms     [Fsuperbatch [36m340[0m [[35m16.8[0m% ([36m128[0m/[36m763[0m batches, [36m3646488[0m pos/sec)]
Estimated time to end of superbatch: [36m23.0[0ms     [Fsuperbatch [36m340[0m [[35m33.6[0m% ([36m256[0m/[36m763[0m batches, [36m3672210[0m pos/sec)]
Estimated time to end of superbatch: [36m18.2[0ms     [Fsuperbatch [36m340[0m [[35m50.3[0m% ([36m384[0m/[36m763[0m batches, [36m3693098[0m pos/sec)]
Estimated time to end of superbatch: [36m13.5[0ms     [Fsuperbatch [36m340[0m [[35m67.1[0m% ([36m512[0m/[36m763[0m batches, [36m3693364[0m pos/sec)]
Estimated time to end of superbatch: [36m8.9[0ms     [Fsuperbatch [36m340[0m [[35m83.9[0m% ([36m640[0m/[36m763[0m batches, [36m3676441[0m pos/sec)]
Estimated time to end of superbatch: [36m4.4[0ms     [Fsuperbatch [36m340[0m | time [36m27.3[0ms | running loss [36m0.013190[0m | [36m3668629[0m pos/sec | total time [36m9609.0[0ms
Estimated time remaining in training: [36m3[0mh [36m8[0mm [36m24[0ms
Saved [anna-v5-s1-340]
LR dropped to [36m0.00053965003[0m
superbatch [36m341[0m [[35m0.0[0m% ([36m0[0m/[36m763[0m batches, [36m3497596[0m pos/sec)]
Estimated time to end of superbatch: [36minf[0ms     [Fsuperbatch [36m341[0m [[35m16.8[0m% ([36m128[0m/[36m763[0m batches, [36m3592762[0m pos/sec)]
Estimated time to end of superbatch: [36m23.3[0ms     [Fsuperbatch [36m341[0m [[35m33.6[0m% ([36m256[0m/[36m763[0m batches, [36m3561529[0m pos/sec)]
Estimated time to end of superbatch: [36m18.7[0ms     [Fsuperbatch [36m341[0m [[35m50.3[0m% ([36m384[0m/[36m763[0m batches, [36m3542842[0m pos/sec)]
Estimated time to end of superbatch: [36m14.1[0ms     [Fsuperbatch [36m341[0m [[35m67.1[0m% ([36m512[0m/[36m763[0m batches, [36m3568080[0m pos/sec)]
Estimated time to end of superbatch: [36m9.2[0ms     [Fsuperbatch [36m341[0m [[35m83.9[0m% ([36m640[0m/[36m763[0m batches, [36m3593402[0m pos/sec)]
Estimated time to end of superbatch: [36m4.5[0ms     [Fsuperbatch [36m341[0m | time [36m27.7[0ms | running loss [36m0.013156[0m | [36m3604274[0m pos/sec | total time [36m9639.8[0ms
Estimated time remaining in training: [36m3[0mh [36m7[0mm [36m59[0ms
LR dropped to [36m0.0005383[0m
superbatch [36m342[0m [[35m0.0[0m% ([36m0[0m/[36m763[0m batches, [36m3257916[0m pos/sec)]
Estimated time to end of superbatch: [36minf[0ms     [Fsuperbatch [36m342[0m [[35m16.8[0m% ([36m128[0m/[36m763[0m batches, [36m3579586[0m pos/sec)]
Estimated time to end of superbatch: [36m23.4[0ms     [Fsuperbatch [36m342[0m [[35m33.6[0m% ([36m256[0m/[36m763[0m batches, [36m3626630[0m pos/sec)]
Estimated time to end of superbatch: [36m18.4[0ms     [Fsuperbatch [36m342[0m [[35m50.3[0m% ([36m384[0m/[36m763[0m batches, [36m3669212[0m pos/sec)]
Estimated time to end of superbatch: [36m13.6[0ms     [Fsuperbatch [36m342[0m [[35m67.1[0m% ([36m512[0m/[36m763[0m batches, [36m3669422[0m pos/sec)]
Estimated time to end of superbatch: [36m9.0[0ms     [Fsuperbatch [36m342[0m [[35m83.9[0m% ([36m640[0m/[36m763[0m batches, [36m3686168[0m pos/sec)]
Estimated time to end of superbatch: [36m4.4[0ms     [Fsuperbatch [36m342[0m | time [36m27.1[0ms | running loss [36m0.013051[0m | [36m3689972[0m pos/sec | total time [36m9666.9[0ms
Estimated time remaining in training: [36m3[0mh [36m7[0mm [36m29[0ms
LR dropped to [36m0.00053695[0m
superbatch [36m343[0m [[35m0.0[0m% ([36m0[0m/[36m763[0m batches, [36m3635993[0m pos/sec)]
Estimated time to end of superbatch: [36minf[0ms     [Fsuperbatch [36m343[0m [[35m16.8[0m% ([36m128[0m/[36m763[0m batches, [36m3702171[0m pos/sec)]
Estimated time to end of superbatch: [36m22.7[0ms     [Fsuperbatch [36m343[0m [[35m33.6[0m% ([36m256[0m/[36m763[0m batches, [36m3650110[0m pos/sec)]
Estimated time to end of superbatch: [36m18.3[0ms     [Fsuperbatch [36m343[0m [[35m50.3[0m% ([36m384[0m/[36m763[0m batches, [36m3641948[0m pos/sec)]
Estimated time to end of superbatch: [36m13.7[0ms     [Fsuperbatch [36m343[0m [[35m67.1[0m% ([36m512[0m/[36m763[0m batches, [36m3648407[0m pos/sec)]
Estimated time to end of superbatch: [36m9.0[0ms     [Fsuperbatch [36m343[0m [[35m83.9[0m% ([36m640[0m/[36m763[0m batches, [36m3667418[0m pos/sec)]
Estimated time to end of superbatch: [36m4.4[0ms     [Fsuperbatch [36m343[0m | time [36m27.3[0ms | running loss [36m0.011619[0m | [36m3660231[0m pos/sec | total time [36m9694.2[0ms
Estimated time remaining in training: [36m3[0mh [36m7[0mm [36m0[0ms
LR dropped to [36m0.0005356[0m
superbatch [36m344[0m [[35m0.0[0m% ([36m0[0m/[36m763[0m batches, [36m3608625[0m pos/sec)]
Estimated time to end of superbatch: [36minf[0ms     [Fsuperbatch [36m344[0m [[35m16.8[0m% ([36m128[0m/[36m763[0m batches, [36m3639556[0m pos/sec)]
Estimated time to end of superbatch: [36m23.0[0ms     [Fsuperbatch [36m344[0m [[35m33.6[0m% ([36m256[0m/[36m763[0m batches, [36m3651712[0m pos/sec)]
Estimated time to end of superbatch: [36m18.3[0ms     [Fsuperbatch [36m344[0m [[35m50.3[0m% ([36m384[0m/[36m763[0m batches, [36m3673036[0m pos/sec)]
Estimated time to end of superbatch: [36m13.6[0ms     [Fsuperbatch [36m344[0m [[35m67.1[0m% ([36m512[0m/[36m763[0m batches, [36m3678694[0m pos/sec)]
Estimated time to end of superbatch: [36m9.0[0ms     [Fsuperbatch [36m344[0m [[35m83.9[0m% ([36m640[0m/[36m763[0m batches, [36m3665768[0m pos/sec)]
Estimated time to end of superbatch: [36m4.4[0ms     [Fsuperbatch [36m344[0m | time [36m27.4[0ms | running loss [36m0.011276[0m | [36m3651554[0m pos/sec | total time [36m9721.6[0ms
Estimated time remaining in training: [36m3[0mh [36m6[0mm [36m31[0ms
LR dropped to [36m0.00053425005[0m
superbatch [36m345[0m [[35m0.0[0m% ([36m0[0m/[36m763[0m batches, [36m3777886[0m pos/sec)]
Estimated time to end of superbatch: [36minf[0ms     [Fsuperbatch [36m345[0m [[35m16.8[0m% ([36m128[0m/[36m763[0m batches, [36m3560085[0m pos/sec)]
Estimated time to end of superbatch: [36m23.6[0ms     [Fsuperbatch [36m345[0m [[35m33.6[0m% ([36m256[0m/[36m763[0m batches, [36m3563470[0m pos/sec)]
Estimated time to end of superbatch: [36m18.7[0ms     [Fsuperbatch [36m345[0m [[35m50.3[0m% ([36m384[0m/[36m763[0m batches, [36m3554210[0m pos/sec)]
Estimated time to end of superbatch: [36m14.0[0ms     [Fsuperbatch [36m345[0m [[35m67.1[0m% ([36m512[0m/[36m763[0m batches, [36m3584623[0m pos/sec)]
Estimated time to end of superbatch: [36m9.2[0ms     [Fsuperbatch [36m345[0m [[35m83.9[0m% ([36m640[0m/[36m763[0m batches, [36m3611810[0m pos/sec)]
Estimated time to end of superbatch: [36m4.5[0ms     [Fsuperbatch [36m345[0m | time [36m27.6[0ms | running loss [36m0.011124[0m | [36m3625242[0m pos/sec | total time [36m9749.2[0ms
Estimated time remaining in training: [36m3[0mh [36m6[0mm [36m2[0ms
LR dropped to [36m0.00053290004[0m
superbatch [36m346[0m [[35m0.0[0m% ([36m0[0m/[36m763[0m batches, [36m3882552[0m pos/sec)]
Estimated time to end of superbatch: [36minf[0ms     [Fsuperbatch [36m346[0m [[35m16.8[0m% ([36m128[0m/[36m763[0m batches, [36m3602700[0m pos/sec)]
Estimated time to end of superbatch: [36m23.3[0ms     [Fsuperbatch [36m346[0m [[35m33.6[0m% ([36m256[0m/[36m763[0m batches, [36m3679590[0m pos/sec)]
Estimated time to end of superbatch: [36m18.1[0ms     [Fsuperbatch [36m346[0m [[35m50.3[0m% ([36m384[0m/[36m763[0m batches, [36m3700300[0m pos/sec)]
Estimated time to end of superbatch: [36m13.5[0ms     [Fsuperbatch [36m346[0m [[35m67.1[0m% ([36m512[0m/[36m763[0m batches, [36m3700507[0m pos/sec)]
Estimated time to end of superbatch: [36m8.9[0ms     [Fsuperbatch [36m346[0m [[35m83.9[0m% ([36m640[0m/[36m763[0m batches, [36m3699984[0m pos/sec)]
Estimated time to end of superbatch: [36m4.4[0ms     [Fsuperbatch [36m346[0m | time [36m27.0[0ms | running loss [36m0.011224[0m | [36m3708986[0m pos/sec | total time [36m9776.2[0ms
Estimated time remaining in training: [36m3[0mh [36m5[0mm [36m32[0ms
LR dropped to [36m0.00053155003[0m
superbatch [36m347[0m [[35m0.0[0m% ([36m0[0m/[36m763[0m batches, [36m3898429[0m pos/sec)]
Estimated time to end of superbatch: [36minf[0ms     [Fsuperbatch [36m347[0m [[35m16.8[0m% ([36m128[0m/[36m763[0m batches, [36m3776208[0m pos/sec)]
Estimated time to end of superbatch: [36m22.2[0ms     [Fsuperbatch [36m347[0m [[35m33.6[0m% ([36m256[0m/[36m763[0m batches, [36m3732337[0m pos/sec)]
Estimated time to end of superbatch: [36m17.9[0ms     [Fsuperbatch [36m347[0m [[35m50.3[0m% ([36m384[0m/[36m763[0m batches, [36m3708672[0m pos/sec)]
Estimated time to end of superbatch: [36m13.4[0ms     [Fsuperbatch [36m347[0m [[35m67.1[0m% ([36m512[0m/[36m763[0m batches, [36m3709458[0m pos/sec)]
Estimated time to end of superbatch: [36m8.9[0ms     [Fsuperbatch [36m347[0m [[35m83.9[0m% ([36m640[0m/[36m763[0m batches, [36m3710448[0m pos/sec)]
Estimated time to end of superbatch: [36m4.4[0ms     [Fsuperbatch [36m347[0m | time [36m27.0[0ms | running loss [36m0.011053[0m | [36m3703642[0m pos/sec | total time [36m9803.2[0ms
Estimated time remaining in training: [36m3[0mh [36m5[0mm [36m2[0ms
LR dropped to [36m0.0005302[0m
superbatch [36m348[0m [[35m0.0[0m% ([36m0[0m/[36m763[0m batches, [36m3503360[0m pos/sec)]
Estimated time to end of superbatch: [36minf[0ms     [Fsuperbatch [36m348[0m [[35m16.8[0m% ([36m128[0m/[36m763[0m batches, [36m3658244[0m pos/sec)]
Estimated time to end of superbatch: [36m22.9[0ms     [Fsuperbatch [36m348[0m [[35m33.6[0m% ([36m256[0m/[36m763[0m batches, [36m3653402[0m pos/sec)]
Estimated time to end of superbatch: [36m18.3[0ms     [Fsuperbatch [36m348[0m [[35m50.3[0m% ([36m384[0m/[36m763[0m batches, [36m3677488[0m pos/sec)]
Estimated time to end of superbatch: [36m13.5[0ms     [Fsuperbatch [36m348[0m [[35m67.1[0m% ([36m512[0m/[36m763[0m batches, [36m3691261[0m pos/sec)]
Estimated time to end of superbatch: [36m8.9[0ms     [Fsuperbatch [36m348[0m [[35m83.9[0m% ([36m640[0m/[36m763[0m batches, [36m3691189[0m pos/sec)]
Estimated time to end of superbatch: [36m4.4[0ms     [Fsuperbatch [36m348[0m | time [36m27.1[0ms | running loss [36m0.011204[0m | [36m3689876[0m pos/sec | total time [36m9830.3[0ms
Estimated time remaining in training: [36m3[0mh [36m4[0mm [36m33[0ms
LR dropped to [36m0.00052885[0m
superbatch [36m349[0m [[35m0.0[0m% ([36m0[0m/[36m763[0m batches, [36m3541279[0m pos/sec)]
Estimated time to end of superbatch: [36minf[0ms     [Fsuperbatch [36m349[0m [[35m16.8[0m% ([36m128[0m/[36m763[0m batches, [36m3748965[0m pos/sec)]
Estimated time to end of superbatch: [36m22.4[0ms     [Fsuperbatch [36m349[0m [[35m33.6[0m% ([36m256[0m/[36m763[0m batches, [36m3747428[0m pos/sec)]
Estimated time to end of superbatch: [36m17.8[0ms     [Fsuperbatch [36m349[0m [[35m50.3[0m% ([36m384[0m/[36m763[0m batches, [36m3738064[0m pos/sec)]
Estimated time to end of superbatch: [36m13.3[0ms     [Fsuperbatch [36m349[0m [[35m67.1[0m% ([36m512[0m/[36m763[0m batches, [36m3733750[0m pos/sec)]
Estimated time to end of superbatch: [36m8.8[0ms     [Fsuperbatch [36m349[0m [[35m83.9[0m% ([36m640[0m/[36m763[0m batches, [36m3733716[0m pos/sec)]
Estimated time to end of superbatch: [36m4.3[0ms     [Fsuperbatch [36m349[0m | time [36m26.8[0ms | running loss [36m0.011031[0m | [36m3730486[0m pos/sec | total time [36m9857.1[0ms
Estimated time remaining in training: [36m3[0mh [36m4[0mm [36m3[0ms
LR dropped to [36m0.00052750006[0m
superbatch [36m350[0m [[35m0.0[0m% ([36m0[0m/[36m763[0m batches, [36m3279240[0m pos/sec)]
Estimated time to end of superbatch: [36minf[0ms     [Fsuperbatch [36m350[0m [[35m16.8[0m% ([36m128[0m/[36m763[0m batches, [36m3754796[0m pos/sec)]
Estimated time to end of superbatch: [36m22.3[0ms     [Fsuperbatch [36m350[0m [[35m33.6[0m% ([36m256[0m/[36m763[0m batches, [36m3741672[0m pos/sec)]
Estimated time to end of superbatch: [36m17.8[0ms     [Fsuperbatch [36m350[0m [[35m50.3[0m% ([36m384[0m/[36m763[0m batches, [36m3743542[0m pos/sec)]
Estimated time to end of superbatch: [36m13.3[0ms     [Fsuperbatch [36m350[0m [[35m67.1[0m% ([36m512[0m/[36m763[0m batches, [36m3747986[0m pos/sec)]
Estimated time to end of superbatch: [36m8.8[0ms     [Fsuperbatch [36m350[0m [[35m83.9[0m% ([36m640[0m/[36m763[0m batches, [36m3750472[0m pos/sec)]
Estimated time to end of superbatch: [36m4.3[0ms     [Fsuperbatch [36m350[0m | time [36m26.7[0ms | running loss [36m0.011208[0m | [36m3750636[0m pos/sec | total time [36m9883.7[0ms
Estimated time remaining in training: [36m3[0mh [36m3[0mm [36m33[0ms
Saved [anna-v5-s1-350]
LR dropped to [36m0.00052615005[0m
superbatch [36m351[0m [[35m0.0[0m% ([36m0[0m/[36m763[0m batches, [36m3710604[0m pos/sec)]
Estimated time to end of superbatch: [36minf[0ms     [Fsuperbatch [36m351[0m [[35m16.8[0m% ([36m128[0m/[36m763[0m batches, [36m3705772[0m pos/sec)]
Estimated time to end of superbatch: [36m22.6[0ms     [Fsuperbatch [36m351[0m [[35m33.6[0m% ([36m256[0m/[36m763[0m batches, [36m3717102[0m pos/sec)]
Estimated time to end of superbatch: [36m17.9[0ms     [Fsuperbatch [36m351[0m [[35m50.3[0m% ([36m384[0m/[36m763[0m batches, [36m3713476[0m pos/sec)]
Estimated time to end of superbatch: [36m13.4[0ms     [Fsuperbatch [36m351[0m [[35m67.1[0m% ([36m512[0m/[36m763[0m batches, [36m3699701[0m pos/sec)]
Estimated time to end of superbatch: [36m8.9[0ms     [Fsuperbatch [36m351[0m [[35m83.9[0m% ([36m640[0m/[36m763[0m batches, [36m3695785[0m pos/sec)]
Estimated time to end of superbatch: [36m4.4[0ms     [Fsuperbatch [36m351[0m | time [36m27.1[0ms | running loss [36m0.010997[0m | [36m3691114[0m pos/sec | total time [36m9913.9[0ms
Estimated time remaining in training: [36m3[0mh [36m3[0mm [36m7[0ms
LR dropped to [36m0.00052480004[0m
superbatch [36m352[0m [[35m0.0[0m% ([36m0[0m/[36m763[0m batches, [36m3310683[0m pos/sec)]
Estimated time to end of superbatch: [36minf[0ms     [Fsuperbatch [36m352[0m [[35m16.8[0m% ([36m128[0m/[36m763[0m batches, [36m3663119[0m pos/sec)]
Estimated time to end of superbatch: [36m22.9[0ms     [Fsuperbatch [36m352[0m [[35m33.6[0m% ([36m256[0m/[36m763[0m batches, [36m3677145[0m pos/sec)]
Estimated time to end of superbatch: [36m18.1[0ms     [Fsuperbatch [36m352[0m [[35m50.3[0m% ([36m384[0m/[36m763[0m batches, [36m3699064[0m pos/sec)]
Estimated time to end of superbatch: [36m13.5[0ms     [Fsuperbatch [36m352[0m [[35m67.1[0m% ([36m512[0m/[36m763[0m batches, [36m3712780[0m pos/sec)]
Estimated time to end of superbatch: [36m8.9[0ms     [Fsuperbatch [36m352[0m [[35m83.9[0m% ([36m640[0m/[36m763[0m batches, [36m3698766[0m pos/sec)]
Estimated time to end of superbatch: [36m4.4[0ms     [Fsuperbatch [36m352[0m | time [36m27.0[0ms | running loss [36m0.011232[0m | [36m3708034[0m pos/sec | total time [36m9940.9[0ms
Estimated time remaining in training: [36m3[0mh [36m2[0mm [36m37[0ms
LR dropped to [36m0.00052345[0m
superbatch [36m353[0m [[35m0.0[0m% ([36m0[0m/[36m763[0m batches, [36m4005460[0m pos/sec)]
Estimated time to end of superbatch: [36minf[0ms     [Fsuperbatch [36m353[0m [[35m16.8[0m% ([36m128[0m/[36m763[0m batches, [36m3773205[0m pos/sec)]
Estimated time to end of superbatch: [36m22.2[0ms     [Fsuperbatch [36m353[0m [[35m33.6[0m% ([36m256[0m/[36m763[0m batches, [36m3752205[0m pos/sec)]
Estimated time to end of superbatch: [36m17.8[0ms     [Fsuperbatch [36m353[0m [[35m50.3[0m% ([36m384[0m/[36m763[0m batches, [36m3742874[0m pos/sec)]
Estimated time to end of superbatch: [36m13.3[0ms     [Fsuperbatch [36m353[0m [[35m67.1[0m% ([36m512[0m/[36m763[0m batches, [36m3742814[0m pos/sec)]
Estimated time to end of superbatch: [36m8.8[0ms     [Fsuperbatch [36m353[0m [[35m83.9[0m% ([36m640[0m/[36m763[0m batches, [36m3735710[0m pos/sec)]
Estimated time to end of superbatch: [36m4.3[0ms     [Fsuperbatch [36m353[0m | time [36m26.8[0ms | running loss [36m0.010979[0m | [36m3728597[0m pos/sec | total time [36m9967.7[0ms
Estimated time remaining in training: [36m3[0mh [36m2[0mm [36m7[0ms
LR dropped to [36m0.0005221[0m
superbatch [36m354[0m [[35m0.0[0m% ([36m0[0m/[36m763[0m batches, [36m4079786[0m pos/sec)]
Estimated time to end of superbatch: [36minf[0ms     [Fsuperbatch [36m354[0m [[35m16.8[0m% ([36m128[0m/[36m763[0m batches, [36m3748082[0m pos/sec)]
Estimated time to end of superbatch: [36m22.4[0ms     [Fsuperbatch [36m354[0m [[35m33.6[0m% ([36m256[0m/[36m763[0m batches, [36m3710360[0m pos/sec)]
Estimated time to end of superbatch: [36m18.0[0ms     [Fsuperbatch [36m354[0m [[35m50.3[0m% ([36m384[0m/[36m763[0m batches, [36m3691138[0m pos/sec)]
Estimated time to end of superbatch: [36m13.5[0ms     [Fsuperbatch [36m354[0m [[35m67.1[0m% ([36m512[0m/[36m763[0m batches, [36m3662585[0m pos/sec)]
Estimated time to end of superbatch: [36m9.0[0ms     [Fsuperbatch [36m354[0m [[35m83.9[0m% ([36m640[0m/[36m763[0m batches, [36m3641646[0m pos/sec)]
Estimated time to end of superbatch: [36m4.4[0ms     [Fsuperbatch [36m354[0m | time [36m27.4[0ms | running loss [36m0.011236[0m | [36m3643602[0m pos/sec | total time [36m9995.1[0ms
Estimated time remaining in training: [36m3[0mh [36m1[0mm [36m38[0ms
LR dropped to [36m0.00052075[0m
superbatch [36m355[0m [[35m0.0[0m% ([36m0[0m/[36m763[0m batches, [36m3936294[0m pos/sec)]
Estimated time to end of superbatch: [36minf[0ms     [Fsuperbatch [36m355[0m [[35m16.8[0m% ([36m128[0m/[36m763[0m batches, [36m3690838[0m pos/sec)]
Estimated time to end of superbatch: [36m22.7[0ms     [Fsuperbatch [36m355[0m [[35m33.6[0m% ([36m256[0m/[36m763[0m batches, [36m3715251[0m pos/sec)]
Estimated time to end of superbatch: [36m18.0[0ms     [Fsuperbatch [36m355[0m [[35m50.3[0m% ([36m384[0m/[36m763[0m batches, [36m3689647[0m pos/sec)]
Estimated time to end of superbatch: [36m13.5[0ms     [Fsuperbatch [36m355[0m [[35m67.1[0m% ([36m512[0m/[36m763[0m batches, [36m3686289[0m pos/sec)]
Estimated time to end of superbatch: [36m8.9[0ms     [Fsuperbatch [36m355[0m [[35m83.9[0m% ([36m640[0m/[36m763[0m batches, [36m3688496[0m pos/sec)]
Estimated time to end of superbatch: [36m4.4[0ms     [Fsuperbatch [36m355[0m | time [36m27.1[0ms | running loss [36m0.010965[0m | [36m3689475[0m pos/sec | total time [36m10022.2[0ms
Estimated time remaining in training: [36m3[0mh [36m1[0mm [36m9[0ms
LR dropped to [36m0.00051940006[0m
superbatch [36m356[0m [[35m0.0[0m% ([36m0[0m/[36m763[0m batches, [36m3699899[0m pos/sec)]
Estimated time to end of superbatch: [36minf[0ms     [Fsuperbatch [36m356[0m [[35m16.8[0m% ([36m128[0m/[36m763[0m batches, [36m3564968[0m pos/sec)]
Estimated time to end of superbatch: [36m23.5[0ms     [Fsuperbatch [36m356[0m [[35m33.6[0m% ([36m256[0m/[36m763[0m batches, [36m3594325[0m pos/sec)]
Estimated time to end of superbatch: [36m18.6[0ms     [Fsuperbatch [36m356[0m [[35m50.3[0m% ([36m384[0m/[36m763[0m batches, [36m3636390[0m pos/sec)]
Estimated time to end of superbatch: [36m13.7[0ms     [Fsuperbatch [36m356[0m [[35m67.1[0m% ([36m512[0m/[36m763[0m batches, [36m3648754[0m pos/sec)]
Estimated time to end of superbatch: [36m9.0[0ms     [Fsuperbatch [36m356[0m [[35m83.9[0m% ([36m640[0m/[36m763[0m batches, [36m3597626[0m pos/sec)]
Estimated time to end of superbatch: [36m4.5[0ms     [Fsuperbatch [36m356[0m | time [36m27.7[0ms | running loss [36m0.011279[0m | [36m3604708[0m pos/sec | total time [36m10050.0[0ms
Estimated time remaining in training: [36m3[0mh [36m0[0mm [36m40[0ms
LR dropped to [36m0.00051805004[0m
superbatch [36m357[0m [[35m0.0[0m% ([36m0[0m/[36m763[0m batches, [36m3842252[0m pos/sec)]
Estimated time to end of superbatch: [36minf[0ms     [Fsuperbatch [36m357[0m [[35m16.8[0m% ([36m128[0m/[36m763[0m batches, [36m3738969[0m pos/sec)]
Estimated time to end of superbatch: [36m22.4[0ms     [Fsuperbatch [36m357[0m [[35m33.6[0m% ([36m256[0m/[36m763[0m batches, [36m3746874[0m pos/sec)]
Estimated time to end of superbatch: [36m17.8[0ms     [Fsuperbatch [36m357[0m [[35m50.3[0m% ([36m384[0m/[36m763[0m batches, [36m3727628[0m pos/sec)]
Estimated time to end of superbatch: [36m13.4[0ms     [Fsuperbatch [36m357[0m [[35m67.1[0m% ([36m512[0m/[36m763[0m batches, [36m3704949[0m pos/sec)]
Estimated time to end of superbatch: [36m8.9[0ms     [Fsuperbatch [36m357[0m [[35m83.9[0m% ([36m640[0m/[36m763[0m batches, [36m3693550[0m pos/sec)]
Estimated time to end of superbatch: [36m4.4[0ms     [Fsuperbatch [36m357[0m | time [36m27.1[0ms | running loss [36m0.010946[0m | [36m3687262[0m pos/sec | total time [36m10077.1[0ms
Estimated time remaining in training: [36m3[0mh [36m0[0mm [36m11[0ms
LR dropped to [36m0.00051670003[0m
superbatch [36m358[0m [[35m0.0[0m% ([36m0[0m/[36m763[0m batches, [36m3708408[0m pos/sec)]
Estimated time to end of superbatch: [36minf[0ms     [Fsuperbatch [36m358[0m [[35m16.8[0m% ([36m128[0m/[36m763[0m batches, [36m3660200[0m pos/sec)]
Estimated time to end of superbatch: [36m22.9[0ms     [Fsuperbatch [36m358[0m [[35m33.6[0m% ([36m256[0m/[36m763[0m batches, [36m3688773[0m pos/sec)]
Estimated time to end of superbatch: [36m18.1[0ms     [Fsuperbatch [36m358[0m [[35m50.3[0m% ([36m384[0m/[36m763[0m batches, [36m3718063[0m pos/sec)]
Estimated time to end of superbatch: [36m13.4[0ms     [Fsuperbatch [36m358[0m [[35m67.1[0m% ([36m512[0m/[36m763[0m batches, [36m3734186[0m pos/sec)]
Estimated time to end of superbatch: [36m8.8[0ms     [Fsuperbatch [36m358[0m [[35m83.9[0m% ([36m640[0m/[36m763[0m batches, [36m3734486[0m pos/sec)]
Estimated time to end of superbatch: [36m4.3[0ms     [Fsuperbatch [36m358[0m | time [36m26.8[0ms | running loss [36m0.011310[0m | [36m3732892[0m pos/sec | total time [36m10103.9[0ms
Estimated time remaining in training: [36m2[0mh [36m59[0mm [36m41[0ms
LR dropped to [36m0.00051535[0m
superbatch [36m359[0m [[35m0.0[0m% ([36m0[0m/[36m763[0m batches, [36m3632977[0m pos/sec)]
Estimated time to end of superbatch: [36minf[0ms     [Fsuperbatch [36m359[0m [[35m16.8[0m% ([36m128[0m/[36m763[0m batches, [36m3681680[0m pos/sec)]
Estimated time to end of superbatch: [36m22.8[0ms     [Fsuperbatch [36m359[0m [[35m33.6[0m% ([36m256[0m/[36m763[0m batches, [36m3656420[0m pos/sec)]
Estimated time to end of superbatch: [36m18.2[0ms     [Fsuperbatch [36m359[0m [[35m50.3[0m% ([36m384[0m/[36m763[0m batches, [36m3675597[0m pos/sec)]
Estimated time to end of superbatch: [36m13.6[0ms     [Fsuperbatch [36m359[0m [[35m67.1[0m% ([36m512[0m/[36m763[0m batches, [36m3684484[0m pos/sec)]
Estimated time to end of superbatch: [36m8.9[0ms     [Fsuperbatch [36m359[0m [[35m83.9[0m% ([36m640[0m/[36m763[0m batches, [36m3685327[0m pos/sec)]
Estimated time to end of superbatch: [36m4.4[0ms     [Fsuperbatch [36m359[0m | time [36m27.1[0ms | running loss [36m0.010970[0m | [36m3687814[0m pos/sec | total time [36m10131.0[0ms
Estimated time remaining in training: [36m2[0mh [36m59[0mm [36m11[0ms
LR dropped to [36m0.000514[0m
superbatch [36m360[0m [[35m0.0[0m% ([36m0[0m/[36m763[0m batches, [36m4207016[0m pos/sec)]
Estimated time to end of superbatch: [36minf[0ms     [Fsuperbatch [36m360[0m [[35m16.8[0m% ([36m128[0m/[36m763[0m batches, [36m3714381[0m pos/sec)]
Estimated time to end of superbatch: [36m22.6[0ms     [Fsuperbatch [36m360[0m [[35m33.6[0m% ([36m256[0m/[36m763[0m batches, [36m3654096[0m pos/sec)]
Estimated time to end of superbatch: [36m18.3[0ms     [Fsuperbatch [36m360[0m [[35m50.3[0m% ([36m384[0m/[36m763[0m batches, [36m3646927[0m pos/sec)]
Estimated time to end of superbatch: [36m13.7[0ms     [Fsuperbatch [36m360[0m [[35m67.1[0m% ([36m512[0m/[36m763[0m batches, [36m3657069[0m pos/sec)]
Estimated time to end of superbatch: [36m9.0[0ms     [Fsuperbatch [36m360[0m [[35m83.9[0m% ([36m640[0m/[36m763[0m batches, [36m3643145[0m pos/sec)]
Estimated time to end of superbatch: [36m4.4[0ms     [Fsuperbatch [36m360[0m | time [36m27.5[0ms | running loss [36m0.011340[0m | [36m3636507[0m pos/sec | total time [36m10158.5[0ms
Estimated time remaining in training: [36m2[0mh [36m58[0mm [36m42[0ms
Saved [anna-v5-s1-360]
LR dropped to [36m0.00051265[0m
superbatch [36m361[0m [[35m0.0[0m% ([36m0[0m/[36m763[0m batches, [36m3855749[0m pos/sec)]
Estimated time to end of superbatch: [36minf[0ms     [Fsuperbatch [36m361[0m [[35m16.8[0m% ([36m128[0m/[36m763[0m batches, [36m3601497[0m pos/sec)]
Estimated time to end of superbatch: [36m23.3[0ms     [Fsuperbatch [36m361[0m [[35m33.6[0m% ([36m256[0m/[36m763[0m batches, [36m3682237[0m pos/sec)]
Estimated time to end of superbatch: [36m18.1[0ms     [Fsuperbatch [36m361[0m [[35m50.3[0m% ([36m384[0m/[36m763[0m batches, [36m3670011[0m pos/sec)]
Estimated time to end of superbatch: [36m13.6[0ms     [Fsuperbatch [36m361[0m [[35m67.1[0m% ([36m512[0m/[36m763[0m batches, [36m3659854[0m pos/sec)]
Estimated time to end of superbatch: [36m9.0[0ms     [Fsuperbatch [36m361[0m [[35m83.9[0m% ([36m640[0m/[36m763[0m batches, [36m3669352[0m pos/sec)]
Estimated time to end of superbatch: [36m4.4[0ms     [Fsuperbatch [36m361[0m | time [36m27.2[0ms | running loss [36m0.010978[0m | [36m3670842[0m pos/sec | total time [36m10188.8[0ms
Estimated time remaining in training: [36m2[0mh [36m58[0mm [36m16[0ms
LR dropped to [36m0.00051130005[0m
superbatch [36m362[0m [[35m0.0[0m% ([36m0[0m/[36m763[0m batches, [36m4172617[0m pos/sec)]
Estimated time to end of superbatch: [36minf[0ms     [Fsuperbatch [36m362[0m [[35m16.8[0m% ([36m128[0m/[36m763[0m batches, [36m3699970[0m pos/sec)]
Estimated time to end of superbatch: [36m22.7[0ms     [Fsuperbatch [36m362[0m [[35m33.6[0m% ([36m256[0m/[36m763[0m batches, [36m3737115[0m pos/sec)]
Estimated time to end of superbatch: [36m17.9[0ms     [Fsuperbatch [36m362[0m [[35m50.3[0m% ([36m384[0m/[36m763[0m batches, [36m3750866[0m pos/sec)]
Estimated time to end of superbatch: [36m13.3[0ms     [Fsuperbatch [36m362[0m [[35m67.1[0m% ([36m512[0m/[36m763[0m batches, [36m3756140[0m pos/sec)]
Estimated time to end of superbatch: [36m8.8[0ms     [Fsuperbatch [36m362[0m [[35m83.9[0m% ([36m640[0m/[36m763[0m batches, [36m3742086[0m pos/sec)]
Estimated time to end of superbatch: [36m4.3[0ms     [Fsuperbatch [36m362[0m | time [36m26.7[0ms | running loss [36m0.011339[0m | [36m3743544[0m pos/sec | total time [36m10215.5[0ms
Estimated time remaining in training: [36m2[0mh [36m57[0mm [36m47[0ms
LR dropped to [36m0.00050995004[0m
superbatch [36m363[0m [[35m0.0[0m% ([36m0[0m/[36m763[0m batches, [36m3937828[0m pos/sec)]
Estimated time to end of superbatch: [36minf[0ms     [Fsuperbatch [36m363[0m [[35m16.8[0m% ([36m128[0m/[36m763[0m batches, [36m3688447[0m pos/sec)]
Estimated time to end of superbatch: [36m22.7[0ms     [Fsuperbatch [36m363[0m [[35m33.6[0m% ([36m256[0m/[36m763[0m batches, [36m3716869[0m pos/sec)]
Estimated time to end of superbatch: [36m17.9[0ms     [Fsuperbatch [36m363[0m [[35m50.3[0m% ([36m384[0m/[36m763[0m batches, [36m3709498[0m pos/sec)]
Estimated time to end of superbatch: [36m13.4[0ms     [Fsuperbatch [36m363[0m [[35m67.1[0m% ([36m512[0m/[36m763[0m batches, [36m3706026[0m pos/sec)]
Estimated time to end of superbatch: [36m8.9[0ms     [Fsuperbatch [36m363[0m [[35m83.9[0m% ([36m640[0m/[36m763[0m batches, [36m3709200[0m pos/sec)]
Estimated time to end of superbatch: [36m4.4[0ms     [Fsuperbatch [36m363[0m | time [36m26.9[0ms | running loss [36m0.010997[0m | [36m3722094[0m pos/sec | total time [36m10242.4[0ms
Estimated time remaining in training: [36m2[0mh [36m57[0mm [36m17[0ms
LR dropped to [36m0.00050860003[0m
superbatch [36m364[0m [[35m0.0[0m% ([36m0[0m/[36m763[0m batches, [36m3452907[0m pos/sec)]
Estimated time to end of superbatch: [36minf[0ms     [Fsuperbatch [36m364[0m [[35m16.8[0m% ([36m128[0m/[36m763[0m batches, [36m3689014[0m pos/sec)]
Estimated time to end of superbatch: [36m22.7[0ms     [Fsuperbatch [36m364[0m [[35m33.6[0m% ([36m256[0m/[36m763[0m batches, [36m3674723[0m pos/sec)]
Estimated time to end of superbatch: [36m18.2[0ms     [Fsuperbatch [36m364[0m [[35m50.3[0m% ([36m384[0m/[36m763[0m batches, [36m3684600[0m pos/sec)]
Estimated time to end of superbatch: [36m13.5[0ms     [Fsuperbatch [36m364[0m [[35m67.1[0m% ([36m512[0m/[36m763[0m batches, [36m3705736[0m pos/sec)]
Estimated time to end of superbatch: [36m8.9[0ms     [Fsuperbatch [36m364[0m [[35m83.9[0m% ([36m640[0m/[36m763[0m batches, [36m3708142[0m pos/sec)]
Estimated time to end of superbatch: [36m4.4[0ms     [Fsuperbatch [36m364[0m | time [36m26.9[0ms | running loss [36m0.011345[0m | [36m3720232[0m pos/sec | total time [36m10269.3[0ms
Estimated time remaining in training: [36m2[0mh [36m56[0mm [36m47[0ms
LR dropped to [36m0.00050725[0m
superbatch [36m365[0m [[35m0.0[0m% ([36m0[0m/[36m763[0m batches, [36m4134166[0m pos/sec)]
Estimated time to end of superbatch: [36minf[0ms     [Fsuperbatch [36m365[0m [[35m16.8[0m% ([36m128[0m/[36m763[0m batches, [36m3781417[0m pos/sec)]
Estimated time to end of superbatch: [36m22.2[0ms     [Fsuperbatch [36m365[0m [[35m33.6[0m% ([36m256[0m/[36m763[0m batches, [36m3780129[0m pos/sec)]
Estimated time to end of superbatch: [36m17.6[0ms     [Fsuperbatch [36m365[0m [[35m50.3[0m% ([36m384[0m/[36m763[0m batches, [36m3755708[0m pos/sec)]
Estimated time to end of superbatch: [36m13.3[0ms     [Fsuperbatch [36m365[0m [[35m67.1[0m% ([36m512[0m/[36m763[0m batches, [36m3737274[0m pos/sec)]
Estimated time to end of superbatch: [36m8.8[0ms     [Fsuperbatch [36m365[0m [[35m83.9[0m% ([36m640[0m/[36m763[0m batches, [36m3743916[0m pos/sec)]
Estimated time to end of superbatch: [36m4.3[0ms     [Fsuperbatch [36m365[0m | time [36m26.7[0ms | running loss [36m0.011033[0m | [36m3749105[0m pos/sec | total time [36m10295.9[0ms
Estimated time remaining in training: [36m2[0mh [36m56[0mm [36m18[0ms
LR dropped to [36m0.0005059[0m
superbatch [36m366[0m [[35m0.0[0m% ([36m0[0m/[36m763[0m batches, [36m3735061[0m pos/sec)]
Estimated time to end of superbatch: [36minf[0ms     [Fsuperbatch [36m366[0m [[35m16.8[0m% ([36m128[0m/[36m763[0m batches, [36m3733859[0m pos/sec)]
Estimated time to end of superbatch: [36m22.5[0ms     [Fsuperbatch [36m366[0m [[35m33.6[0m% ([36m256[0m/[36m763[0m batches, [36m3716820[0m pos/sec)]
Estimated time to end of superbatch: [36m17.9[0ms     [Fsuperbatch [36m366[0m [[35m50.3[0m% ([36m384[0m/[36m763[0m batches, [36m3730455[0m pos/sec)]
Estimated time to end of superbatch: [36m13.4[0ms     [Fsuperbatch [36m366[0m [[35m67.1[0m% ([36m512[0m/[36m763[0m batches, [36m3741444[0m pos/sec)]
Estimated time to end of superbatch: [36m8.8[0ms     [Fsuperbatch [36m366[0m [[35m83.9[0m% ([36m640[0m/[36m763[0m batches, [36m3738034[0m pos/sec)]
Estimated time to end of superbatch: [36m4.3[0ms     [Fsuperbatch [36m366[0m | time [36m26.8[0ms | running loss [36m0.011363[0m | [36m3736957[0m pos/sec | total time [36m10322.7[0ms
Estimated time remaining in training: [36m2[0mh [36m55[0mm [36m48[0ms
LR dropped to [36m0.00050455[0m
superbatch [36m367[0m [[35m0.0[0m% ([36m0[0m/[36m763[0m batches, [36m3354096[0m pos/sec)]
Estimated time to end of superbatch: [36minf[0ms     [Fsuperbatch [36m367[0m [[35m16.8[0m% ([36m128[0m/[36m763[0m batches, [36m3686844[0m pos/sec)]
Estimated time to end of superbatch: [36m22.8[0ms     [Fsuperbatch [36m367[0m [[35m33.6[0m% ([36m256[0m/[36m763[0m batches, [36m3711213[0m pos/sec)]
Estimated time to end of superbatch: [36m18.0[0ms     [Fsuperbatch [36m367[0m [[35m50.3[0m% ([36m384[0m/[36m763[0m batches, [36m3705404[0m pos/sec)]
Estimated time to end of superbatch: [36m13.4[0ms     [Fsuperbatch [36m367[0m [[35m67.1[0m% ([36m512[0m/[36m763[0m batches, [36m3699168[0m pos/sec)]
Estimated time to end of superbatch: [36m8.9[0ms     [Fsuperbatch [36m367[0m [[35m83.9[0m% ([36m640[0m/[36m763[0m batches, [36m3705110[0m pos/sec)]
Estimated time to end of superbatch: [36m4.4[0ms     [Fsuperbatch [36m367[0m | time [36m27.0[0ms | running loss [36m0.011069[0m | [36m3699149[0m pos/sec | total time [36m10349.7[0ms
Estimated time remaining in training: [36m2[0mh [36m55[0mm [36m18[0ms
LR dropped to [36m0.00050320005[0m
superbatch [36m368[0m [[35m0.0[0m% ([36m0[0m/[36m763[0m batches, [36m3988620[0m pos/sec)]
Estimated time to end of superbatch: [36minf[0ms     [Fsuperbatch [36m368[0m [[35m16.8[0m% ([36m128[0m/[36m763[0m batches, [36m3706865[0m pos/sec)]
Estimated time to end of superbatch: [36m22.6[0ms     [Fsuperbatch [36m368[0m [[35m33.6[0m% ([36m256[0m/[36m763[0m batches, [36m3707027[0m pos/sec)]
Estimated time to end of superbatch: [36m18.0[0ms     [Fsuperbatch [36m368[0m [[35m50.3[0m% ([36m384[0m/[36m763[0m batches, [36m3730357[0m pos/sec)]
Estimated time to end of superbatch: [36m13.4[0ms     [Fsuperbatch [36m368[0m [[35m67.1[0m% ([36m512[0m/[36m763[0m batches, [36m3733766[0m pos/sec)]
Estimated time to end of superbatch: [36m8.8[0ms     [Fsuperbatch [36m368[0m [[35m83.9[0m% ([36m640[0m/[36m763[0m batches, [36m3722086[0m pos/sec)]
Estimated time to end of superbatch: [36m4.3[0ms     [Fsuperbatch [36m368[0m | time [36m26.9[0ms | running loss [36m0.011368[0m | [36m3722469[0m pos/sec | total time [36m10376.6[0ms
Estimated time remaining in training: [36m2[0mh [36m54[0mm [36m49[0ms
LR dropped to [36m0.00050185004[0m
superbatch [36m369[0m [[35m0.0[0m% ([36m0[0m/[36m763[0m batches, [36m3381152[0m pos/sec)]
Estimated time to end of superbatch: [36minf[0ms     [Fsuperbatch [36m369[0m [[35m16.8[0m% ([36m128[0m/[36m763[0m batches, [36m3703041[0m pos/sec)]
Estimated time to end of superbatch: [36m22.7[0ms     [Fsuperbatch [36m369[0m [[35m33.6[0m% ([36m256[0m/[36m763[0m batches, [36m3680956[0m pos/sec)]
Estimated time to end of superbatch: [36m18.1[0ms     [Fsuperbatch [36m369[0m [[35m50.3[0m% ([36m384[0m/[36m763[0m batches, [36m3683160[0m pos/sec)]
Estimated time to end of superbatch: [36m13.5[0ms     [Fsuperbatch [36m369[0m [[35m67.1[0m% ([36m512[0m/[36m763[0m batches, [36m3682010[0m pos/sec)]
Estimated time to end of superbatch: [36m9.0[0ms     [Fsuperbatch [36m369[0m [[35m83.9[0m% ([36m640[0m/[36m763[0m batches, [36m3667018[0m pos/sec)]
Estimated time to end of superbatch: [36m4.4[0ms     [Fsuperbatch [36m369[0m | time [36m27.2[0ms | running loss [36m0.011086[0m | [36m3674840[0m pos/sec | total time [36m10403.8[0ms
Estimated time remaining in training: [36m2[0mh [36m54[0mm [36m20[0ms
LR dropped to [36m0.0005005[0m
superbatch [36m370[0m [[35m0.0[0m% ([36m0[0m/[36m763[0m batches, [36m3599990[0m pos/sec)]
Estimated time to end of superbatch: [36minf[0ms     [Fsuperbatch [36m370[0m [[35m16.8[0m% ([36m128[0m/[36m763[0m batches, [36m3676453[0m pos/sec)]
Estimated time to end of superbatch: [36m22.8[0ms     [Fsuperbatch [36m370[0m [[35m33.6[0m% ([36m256[0m/[36m763[0m batches, [36m3673640[0m pos/sec)]
Estimated time to end of superbatch: [36m18.2[0ms     [Fsuperbatch [36m370[0m [[35m50.3[0m% ([36m384[0m/[36m763[0m batches, [36m3644332[0m pos/sec)]
Estimated time to end of superbatch: [36m13.7[0ms     [Fsuperbatch [36m370[0m [[35m67.1[0m% ([36m512[0m/[36m763[0m batches, [36m3644155[0m pos/sec)]
Estimated time to end of superbatch: [36m9.0[0ms     [Fsuperbatch [36m370[0m [[35m83.9[0m% ([36m640[0m/[36m763[0m batches, [36m3640270[0m pos/sec)]
Estimated time to end of superbatch: [36m4.4[0ms     [Fsuperbatch [36m370[0m | time [36m27.5[0ms | running loss [36m0.011357[0m | [36m3635139[0m pos/sec | total time [36m10431.3[0ms
Estimated time remaining in training: [36m2[0mh [36m53[0mm [36m51[0ms
Saved [anna-v5-s1-370]
LR dropped to [36m0.00049915[0m
superbatch [36m371[0m [[35m0.0[0m% ([36m0[0m/[36m763[0m batches, [36m3979627[0m pos/sec)]
Estimated time to end of superbatch: [36minf[0ms     [Fsuperbatch [36m371[0m [[35m16.8[0m% ([36m128[0m/[36m763[0m batches, [36m3713224[0m pos/sec)]
Estimated time to end of superbatch: [36m22.6[0ms     [Fsuperbatch [36m371[0m [[35m33.6[0m% ([36m256[0m/[36m763[0m batches, [36m3748634[0m pos/sec)]
Estimated time to end of superbatch: [36m17.8[0ms     [Fsuperbatch [36m371[0m [[35m50.3[0m% ([36m384[0m/[36m763[0m batches, [36m3751535[0m pos/sec)]
Estimated time to end of superbatch: [36m13.3[0ms     [Fsuperbatch [36m371[0m [[35m67.1[0m% ([36m512[0m/[36m763[0m batches, [36m3737651[0m pos/sec)]
Estimated time to end of superbatch: [36m8.8[0ms     [Fsuperbatch [36m371[0m [[35m83.9[0m% ([36m640[0m/[36m763[0m batches, [36m3727331[0m pos/sec)]
Estimated time to end of superbatch: [36m4.3[0ms     [Fsuperbatch [36m371[0m | time [36m26.8[0ms | running loss [36m0.011121[0m | [36m3735289[0m pos/sec | total time [36m10461.1[0ms
Estimated time remaining in training: [36m2[0mh [36m53[0mm [36m24[0ms
LR dropped to [36m0.0004978[0m
superbatch [36m372[0m [[35m0.0[0m% ([36m0[0m/[36m763[0m batches, [36m3514367[0m pos/sec)]
Estimated time to end of superbatch: [36minf[0ms     [Fsuperbatch [36m372[0m [[35m16.8[0m% ([36m128[0m/[36m763[0m batches, [36m3652744[0m pos/sec)]
Estimated time to end of superbatch: [36m23.0[0ms     [Fsuperbatch [36m372[0m [[35m33.6[0m% ([36m256[0m/[36m763[0m batches, [36m3630659[0m pos/sec)]
Estimated time to end of superbatch: [36m18.4[0ms     [Fsuperbatch [36m372[0m [[35m50.3[0m% ([36m384[0m/[36m763[0m batches, [36m3668269[0m pos/sec)]
Estimated time to end of superbatch: [36m13.6[0ms     [Fsuperbatch [36m372[0m [[35m67.1[0m% ([36m512[0m/[36m763[0m batches, [36m3695108[0m pos/sec)]
Estimated time to end of superbatch: [36m8.9[0ms     [Fsuperbatch [36m372[0m [[35m83.9[0m% ([36m640[0m/[36m763[0m batches, [36m3680108[0m pos/sec)]
Estimated time to end of superbatch: [36m4.4[0ms     [Fsuperbatch [36m372[0m | time [36m27.3[0ms | running loss [36m0.011357[0m | [36m3668757[0m pos/sec | total time [36m10488.4[0ms
Estimated time remaining in training: [36m2[0mh [36m52[0mm [36m55[0ms
LR dropped to [36m0.00049645[0m
superbatch [36m373[0m [[35m0.0[0m% ([36m0[0m/[36m763[0m batches, [36m3902234[0m pos/sec)]
Estimated time to end of superbatch: [36minf[0ms     [Fsuperbatch [36m373[0m [[35m16.8[0m% ([36m128[0m/[36m763[0m batches, [36m3722783[0m pos/sec)]
Estimated time to end of superbatch: [36m22.5[0ms     [Fsuperbatch [36m373[0m [[35m33.6[0m% ([36m256[0m/[36m763[0m batches, [36m3727766[0m pos/sec)]
Estimated time to end of superbatch: [36m17.9[0ms     [Fsuperbatch [36m373[0m [[35m50.3[0m% ([36m384[0m/[36m763[0m batches, [36m3728540[0m pos/sec)]
Estimated time to end of superbatch: [36m13.4[0ms     [Fsuperbatch [36m373[0m [[35m67.1[0m% ([36m512[0m/[36m763[0m batches, [36m3709160[0m pos/sec)]
Estimated time to end of superbatch: [36m8.9[0ms     [Fsuperbatch [36m373[0m [[35m83.9[0m% ([36m640[0m/[36m763[0m batches, [36m3687457[0m pos/sec)]
Estimated time to end of superbatch: [36m4.4[0ms     [Fsuperbatch [36m373[0m | time [36m27.2[0ms | running loss [36m0.011145[0m | [36m3677591[0m pos/sec | total time [36m10515.6[0ms
Estimated time remaining in training: [36m2[0mh [36m52[0mm [36m26[0ms
LR dropped to [36m0.0004951[0m
superbatch [36m374[0m [[35m0.0[0m% ([36m0[0m/[36m763[0m batches, [36m3973600[0m pos/sec)]
Estimated time to end of superbatch: [36minf[0ms     [Fsuperbatch [36m374[0m [[35m16.8[0m% ([36m128[0m/[36m763[0m batches, [36m3618496[0m pos/sec)]
Estimated time to end of superbatch: [36m23.2[0ms     [Fsuperbatch [36m374[0m [[35m33.6[0m% ([36m256[0m/[36m763[0m batches, [36m3613462[0m pos/sec)]
Estimated time to end of superbatch: [36m18.5[0ms     [Fsuperbatch [36m374[0m [[35m50.3[0m% ([36m384[0m/[36m763[0m batches, [36m3644174[0m pos/sec)]
Estimated time to end of superbatch: [36m13.7[0ms     [Fsuperbatch [36m374[0m [[35m67.1[0m% ([36m512[0m/[36m763[0m batches, [36m3641188[0m pos/sec)]
Estimated time to end of superbatch: [36m9.1[0ms     [Fsuperbatch [36m374[0m [[35m83.9[0m% ([36m640[0m/[36m763[0m batches, [36m3640576[0m pos/sec)]
Estimated time to end of superbatch: [36m4.4[0ms     [Fsuperbatch [36m374[0m | time [36m27.5[0ms | running loss [36m0.011355[0m | [36m3639747[0m pos/sec | total time [36m10543.0[0ms
Estimated time remaining in training: [36m2[0mh [36m51[0mm [36m57[0ms
LR dropped to [36m0.00049375[0m
superbatch [36m375[0m [[35m0.0[0m% ([36m0[0m/[36m763[0m batches, [36m3228592[0m pos/sec)]
Estimated time to end of superbatch: [36minf[0ms     [Fsuperbatch [36m375[0m [[35m16.8[0m% ([36m128[0m/[36m763[0m batches, [36m3647768[0m pos/sec)]
Estimated time to end of superbatch: [36m23.0[0ms     [Fsuperbatch [36m375[0m [[35m33.6[0m% ([36m256[0m/[36m763[0m batches, [36m3642488[0m pos/sec)]
Estimated time to end of superbatch: [36m18.3[0ms     [Fsuperbatch [36m375[0m [[35m50.3[0m% ([36m384[0m/[36m763[0m batches, [36m3651942[0m pos/sec)]
Estimated time to end of superbatch: [36m13.6[0ms     [Fsuperbatch [36m375[0m [[35m67.1[0m% ([36m512[0m/[36m763[0m batches, [36m3656737[0m pos/sec)]
Estimated time to end of superbatch: [36m9.0[0ms     [Fsuperbatch [36m375[0m [[35m83.9[0m% ([36m640[0m/[36m763[0m batches, [36m3666562[0m pos/sec)]
Estimated time to end of superbatch: [36m4.4[0ms     [Fsuperbatch [36m375[0m | time [36m27.3[0ms | running loss [36m0.011183[0m | [36m3669303[0m pos/sec | total time [36m10570.3[0ms
Estimated time remaining in training: [36m2[0mh [36m51[0mm [36m28[0ms
LR dropped to [36m0.0004924001[0m
superbatch [36m376[0m [[35m0.0[0m% ([36m0[0m/[36m763[0m batches, [36m3473009[0m pos/sec)]
Estimated time to end of superbatch: [36minf[0ms     [Fsuperbatch [36m376[0m [[35m16.8[0m% ([36m128[0m/[36m763[0m batches, [36m3745293[0m pos/sec)]
Estimated time to end of superbatch: [36m22.4[0ms     [Fsuperbatch [36m376[0m [[35m33.6[0m% ([36m256[0m/[36m763[0m batches, [36m3667641[0m pos/sec)]
Estimated time to end of superbatch: [36m18.2[0ms     [Fsuperbatch [36m376[0m [[35m50.3[0m% ([36m384[0m/[36m763[0m batches, [36m3645446[0m pos/sec)]
Estimated time to end of superbatch: [36m13.7[0ms     [Fsuperbatch [36m376[0m [[35m67.1[0m% ([36m512[0m/[36m763[0m batches, [36m3653336[0m pos/sec)]
Estimated time to end of superbatch: [36m9.0[0ms     [Fsuperbatch [36m376[0m [[35m83.9[0m% ([36m640[0m/[36m763[0m batches, [36m3648377[0m pos/sec)]
Estimated time to end of superbatch: [36m4.4[0ms     [Fsuperbatch [36m376[0m | time [36m27.6[0ms | running loss [36m0.011377[0m | [36m3624928[0m pos/sec | total time [36m10597.9[0ms
Estimated time remaining in training: [36m2[0mh [36m50[0mm [36m59[0ms
LR dropped to [36m0.0004910501[0m
superbatch [36m377[0m [[35m0.0[0m% ([36m0[0m/[36m763[0m batches, [36m3267476[0m pos/sec)]
Estimated time to end of superbatch: [36minf[0ms     [Fsuperbatch [36m377[0m [[35m16.8[0m% ([36m128[0m/[36m763[0m batches, [36m3603389[0m pos/sec)]
Estimated time to end of superbatch: [36m23.3[0ms     [Fsuperbatch [36m377[0m [[35m33.6[0m% ([36m256[0m/[36m763[0m batches, [36m3648361[0m pos/sec)]
Estimated time to end of superbatch: [36m18.3[0ms     [Fsuperbatch [36m377[0m [[35m50.3[0m% ([36m384[0m/[36m763[0m batches, [36m3650052[0m pos/sec)]
Estimated time to end of superbatch: [36m13.6[0ms     [Fsuperbatch [36m377[0m [[35m67.1[0m% ([36m512[0m/[36m763[0m batches, [36m3653523[0m pos/sec)]
Estimated time to end of superbatch: [36m9.0[0ms     [Fsuperbatch [36m377[0m [[35m83.9[0m% ([36m640[0m/[36m763[0m batches, [36m3654198[0m pos/sec)]
Estimated time to end of superbatch: [36m4.4[0ms     [Fsuperbatch [36m377[0m | time [36m27.3[0ms | running loss [36m0.011213[0m | [36m3662128[0m pos/sec | total time [36m10625.2[0ms
Estimated time remaining in training: [36m2[0mh [36m50[0mm [36m30[0ms
LR dropped to [36m0.00048970006[0m
superbatch [36m378[0m [[35m0.0[0m% ([36m0[0m/[36m763[0m batches, [36m3804211[0m pos/sec)]
Estimated time to end of superbatch: [36minf[0ms     [Fsuperbatch [36m378[0m [[35m16.8[0m% ([36m128[0m/[36m763[0m batches, [36m3714251[0m pos/sec)]
Estimated time to end of superbatch: [36m22.6[0ms     [Fsuperbatch [36m378[0m [[35m33.6[0m% ([36m256[0m/[36m763[0m batches, [36m3697686[0m pos/sec)]
Estimated time to end of superbatch: [36m18.0[0ms     [Fsuperbatch [36m378[0m [[35m50.3[0m% ([36m384[0m/[36m763[0m batches, [36m3724016[0m pos/sec)]
Estimated time to end of superbatch: [36m13.4[0ms     [Fsuperbatch [36m378[0m [[35m67.1[0m% ([36m512[0m/[36m763[0m batches, [36m3725810[0m pos/sec)]
Estimated time to end of superbatch: [36m8.8[0ms     [Fsuperbatch [36m378[0m [[35m83.9[0m% ([36m640[0m/[36m763[0m batches, [36m3699202[0m pos/sec)]
Estimated time to end of superbatch: [36m4.4[0ms     [Fsuperbatch [36m378[0m | time [36m27.2[0ms | running loss [36m0.011391[0m | [36m3676318[0m pos/sec | total time [36m10652.4[0ms
Estimated time remaining in training: [36m2[0mh [36m50[0mm [36m1[0ms
LR dropped to [36m0.00048835005[0m
superbatch [36m379[0m [[35m0.0[0m% ([36m0[0m/[36m763[0m batches, [36m3798088[0m pos/sec)]
Estimated time to end of superbatch: [36minf[0ms     [Fsuperbatch [36m379[0m [[35m16.8[0m% ([36m128[0m/[36m763[0m batches, [36m3584632[0m pos/sec)]
Estimated time to end of superbatch: [36m23.4[0ms     [Fsuperbatch [36m379[0m [[35m33.6[0m% ([36m256[0m/[36m763[0m batches, [36m3600572[0m pos/sec)]
Estimated time to end of superbatch: [36m18.5[0ms     [Fsuperbatch [36m379[0m [[35m50.3[0m% ([36m384[0m/[36m763[0m batches, [36m3611282[0m pos/sec)]
Estimated time to end of superbatch: [36m13.8[0ms     [Fsuperbatch [36m379[0m [[35m67.1[0m% ([36m512[0m/[36m763[0m batches, [36m3603699[0m pos/sec)]
Estimated time to end of superbatch: [36m9.1[0ms     [Fsuperbatch [36m379[0m [[35m83.9[0m% ([36m640[0m/[36m763[0m batches, [36m3605577[0m pos/sec)]
Estimated time to end of superbatch: [36m4.5[0ms     [Fsuperbatch [36m379[0m | time [36m27.6[0ms | running loss [36m0.011235[0m | [36m3618325[0m pos/sec | total time [36m10680.0[0ms
Estimated time remaining in training: [36m2[0mh [36m49[0mm [36m32[0ms
LR dropped to [36m0.00048700004[0m
superbatch [36m380[0m [[35m0.0[0m% ([36m0[0m/[36m763[0m batches, [36m3492192[0m pos/sec)]
Estimated time to end of superbatch: [36minf[0ms     [Fsuperbatch [36m380[0m [[35m16.8[0m% ([36m128[0m/[36m763[0m batches, [36m3715265[0m pos/sec)]
Estimated time to end of superbatch: [36m22.6[0ms     [Fsuperbatch [36m380[0m [[35m33.6[0m% ([36m256[0m/[36m763[0m batches, [36m3661748[0m pos/sec)]
Estimated time to end of superbatch: [36m18.2[0ms     [Fsuperbatch [36m380[0m [[35m50.3[0m% ([36m384[0m/[36m763[0m batches, [36m3680847[0m pos/sec)]
Estimated time to end of superbatch: [36m13.5[0ms     [Fsuperbatch [36m380[0m [[35m67.1[0m% ([36m512[0m/[36m763[0m batches, [36m3694106[0m pos/sec)]
Estimated time to end of superbatch: [36m8.9[0ms     [Fsuperbatch [36m380[0m [[35m83.9[0m% ([36m640[0m/[36m763[0m batches, [36m3697107[0m pos/sec)]
Estimated time to end of superbatch: [36m4.4[0ms     [Fsuperbatch [36m380[0m | time [36m27.1[0ms | running loss [36m0.011398[0m | [36m3689830[0m pos/sec | total time [36m10707.1[0ms
Estimated time remaining in training: [36m2[0mh [36m49[0mm [36m3[0ms
Saved [anna-v5-s1-380]
LR dropped to [36m0.00048565003[0m
superbatch [36m381[0m [[35m0.0[0m% ([36m0[0m/[36m763[0m batches, [36m3645966[0m pos/sec)]
Estimated time to end of superbatch: [36minf[0ms     [Fsuperbatch [36m381[0m [[35m16.8[0m% ([36m128[0m/[36m763[0m batches, [36m3641239[0m pos/sec)]
Estimated time to end of superbatch: [36m23.0[0ms     [Fsuperbatch [36m381[0m [[35m33.6[0m% ([36m256[0m/[36m763[0m batches, [36m3620141[0m pos/sec)]
Estimated time to end of superbatch: [36m18.4[0ms     [Fsuperbatch [36m381[0m [[35m50.3[0m% ([36m384[0m/[36m763[0m batches, [36m3625291[0m pos/sec)]
Estimated time to end of superbatch: [36m13.7[0ms     [Fsuperbatch [36m381[0m [[35m67.1[0m% ([36m512[0m/[36m763[0m batches, [36m3621411[0m pos/sec)]
Estimated time to end of superbatch: [36m9.1[0ms     [Fsuperbatch [36m381[0m [[35m83.9[0m% ([36m640[0m/[36m763[0m batches, [36m3618346[0m pos/sec)]
Estimated time to end of superbatch: [36m4.5[0ms     [Fsuperbatch [36m381[0m | time [36m27.6[0ms | running loss [36m0.011297[0m | [36m3620926[0m pos/sec | total time [36m10737.8[0ms
Estimated time remaining in training: [36m2[0mh [36m48[0mm [36m37[0ms
LR dropped to [36m0.00048430002[0m
superbatch [36m382[0m [[35m0.0[0m% ([36m0[0m/[36m763[0m batches, [36m3864306[0m pos/sec)]
Estimated time to end of superbatch: [36minf[0ms     [Fsuperbatch [36m382[0m [[35m16.8[0m% ([36m128[0m/[36m763[0m batches, [36m3593089[0m pos/sec)]
Estimated time to end of superbatch: [36m23.3[0ms     [Fsuperbatch [36m382[0m [[35m33.6[0m% ([36m256[0m/[36m763[0m batches, [36m3625720[0m pos/sec)]
Estimated time to end of superbatch: [36m18.4[0ms     [Fsuperbatch [36m382[0m [[35m50.3[0m% ([36m384[0m/[36m763[0m batches, [36m3657876[0m pos/sec)]
Estimated time to end of superbatch: [36m13.6[0ms     [Fsuperbatch [36m382[0m [[35m67.1[0m% ([36m512[0m/[36m763[0m batches, [36m3674094[0m pos/sec)]
Estimated time to end of superbatch: [36m9.0[0ms     [Fsuperbatch [36m382[0m [[35m83.9[0m% ([36m640[0m/[36m763[0m batches, [36m3691933[0m pos/sec)]
Estimated time to end of superbatch: [36m4.4[0ms     [Fsuperbatch [36m382[0m | time [36m27.0[0ms | running loss [36m0.011388[0m | [36m3702236[0m pos/sec | total time [36m10764.8[0ms
Estimated time remaining in training: [36m2[0mh [36m48[0mm [36m8[0ms
LR dropped to [36m0.00048295[0m
superbatch [36m383[0m [[35m0.0[0m% ([36m0[0m/[36m763[0m batches, [36m3803026[0m pos/sec)]
Estimated time to end of superbatch: [36minf[0ms     [Fsuperbatch [36m383[0m [[35m16.8[0m% ([36m128[0m/[36m763[0m batches, [36m3729998[0m pos/sec)]
Estimated time to end of superbatch: [36m22.5[0ms     [Fsuperbatch [36m383[0m [[35m33.6[0m% ([36m256[0m/[36m763[0m batches, [36m3718068[0m pos/sec)]
Estimated time to end of superbatch: [36m17.9[0ms     [Fsuperbatch [36m383[0m [[35m50.3[0m% ([36m384[0m/[36m763[0m batches, [36m3733766[0m pos/sec)]
Estimated time to end of superbatch: [36m13.3[0ms     [Fsuperbatch [36m383[0m [[35m67.1[0m% ([36m512[0m/[36m763[0m batches, [36m3730559[0m pos/sec)]
Estimated time to end of superbatch: [36m8.8[0ms     [Fsuperbatch [36m383[0m [[35m83.9[0m% ([36m640[0m/[36m763[0m batches, [36m3737235[0m pos/sec)]
Estimated time to end of superbatch: [36m4.3[0ms     [Fsuperbatch [36m383[0m | time [36m26.9[0ms | running loss [36m0.011327[0m | [36m3723724[0m pos/sec | total time [36m10791.7[0ms
Estimated time remaining in training: [36m2[0mh [36m47[0mm [36m39[0ms
LR dropped to [36m0.0004816[0m
superbatch [36m384[0m [[35m0.0[0m% ([36m0[0m/[36m763[0m batches, [36m3805281[0m pos/sec)]
Estimated time to end of superbatch: [36minf[0ms     [Fsuperbatch [36m384[0m [[35m16.8[0m% ([36m128[0m/[36m763[0m batches, [36m3619311[0m pos/sec)]
Estimated time to end of superbatch: [36m23.2[0ms     [Fsuperbatch [36m384[0m [[35m33.6[0m% ([36m256[0m/[36m763[0m batches, [36m3616394[0m pos/sec)]
Estimated time to end of superbatch: [36m18.4[0ms     [Fsuperbatch [36m384[0m [[35m50.3[0m% ([36m384[0m/[36m763[0m batches, [36m3605078[0m pos/sec)]
Estimated time to end of superbatch: [36m13.8[0ms     [Fsuperbatch [36m384[0m [[35m67.1[0m% ([36m512[0m/[36m763[0m batches, [36m3606602[0m pos/sec)]
Estimated time to end of superbatch: [36m9.1[0ms     [Fsuperbatch [36m384[0m [[35m83.9[0m% ([36m640[0m/[36m763[0m batches, [36m3605883[0m pos/sec)]
Estimated time to end of superbatch: [36m4.5[0ms     [Fsuperbatch [36m384[0m | time [36m27.8[0ms | running loss [36m0.011400[0m | [36m3603842[0m pos/sec | total time [36m10819.4[0ms
Estimated time remaining in training: [36m2[0mh [36m47[0mm [36m10[0ms
LR dropped to [36m0.00048025[0m
superbatch [36m385[0m [[35m0.0[0m% ([36m0[0m/[36m763[0m batches, [36m3253217[0m pos/sec)]
Estimated time to end of superbatch: [36minf[0ms     [Fsuperbatch [36m385[0m [[35m16.8[0m% ([36m128[0m/[36m763[0m batches, [36m3646613[0m pos/sec)]
Estimated time to end of superbatch: [36m23.0[0ms     [Fsuperbatch [36m385[0m [[35m33.6[0m% ([36m256[0m/[36m763[0m batches, [36m3688602[0m pos/sec)]
Estimated time to end of superbatch: [36m18.1[0ms     [Fsuperbatch [36m385[0m [[35m50.3[0m% ([36m384[0m/[36m763[0m batches, [36m3707838[0m pos/sec)]
Estimated time to end of superbatch: [36m13.4[0ms     [Fsuperbatch [36m385[0m [[35m67.1[0m% ([36m512[0m/[36m763[0m batches, [36m3683066[0m pos/sec)]
Estimated time to end of superbatch: [36m8.9[0ms     [Fsuperbatch [36m385[0m [[35m83.9[0m% ([36m640[0m/[36m763[0m batches, [36m3697172[0m pos/sec)]
Estimated time to end of superbatch: [36m4.4[0ms     [Fsuperbatch [36m385[0m | time [36m27.0[0ms | running loss [36m0.011340[0m | [36m3707167[0m pos/sec | total time [36m10846.4[0ms
Estimated time remaining in training: [36m2[0mh [36m46[0mm [36m41[0ms
LR dropped to [36m0.00047889998[0m
superbatch [36m386[0m [[35m0.0[0m% ([36m0[0m/[36m763[0m batches, [36m3333744[0m pos/sec)]
Estimated time to end of superbatch: [36minf[0ms     [Fsuperbatch [36m386[0m [[35m16.8[0m% ([36m128[0m/[36m763[0m batches, [36m3719275[0m pos/sec)]
Estimated time to end of superbatch: [36m22.6[0ms     [Fsuperbatch [36m386[0m [[35m33.6[0m% ([36m256[0m/[36m763[0m batches, [36m3712635[0m pos/sec)]
Estimated time to end of superbatch: [36m18.0[0ms     [Fsuperbatch [36m386[0m [[35m50.3[0m% ([36m384[0m/[36m763[0m batches, [36m3723252[0m pos/sec)]
Estimated time to end of superbatch: [36m13.4[0ms     [Fsuperbatch [36m386[0m [[35m67.1[0m% ([36m512[0m/[36m763[0m batches, [36m3730352[0m pos/sec)]
Estimated time to end of superbatch: [36m8.8[0ms     [Fsuperbatch [36m386[0m [[35m83.9[0m% ([36m640[0m/[36m763[0m batches, [36m3729480[0m pos/sec)]
Estimated time to end of superbatch: [36m4.3[0ms     [Fsuperbatch [36m386[0m | time [36m26.8[0ms | running loss [36m0.011393[0m | [36m3728488[0m pos/sec | total time [36m10873.2[0ms
Estimated time remaining in training: [36m2[0mh [36m46[0mm [36m11[0ms
LR dropped to [36m0.00047755003[0m
superbatch [36m387[0m [[35m0.0[0m% ([36m0[0m/[36m763[0m batches, [36m3229519[0m pos/sec)]
Estimated time to end of superbatch: [36minf[0ms     [Fsuperbatch [36m387[0m [[35m16.8[0m% ([36m128[0m/[36m763[0m batches, [36m3571616[0m pos/sec)]
Estimated time to end of superbatch: [36m23.5[0ms     [Fsuperbatch [36m387[0m [[35m33.6[0m% ([36m256[0m/[36m763[0m batches, [36m3606266[0m pos/sec)]
Estimated time to end of superbatch: [36m18.5[0ms     [Fsuperbatch [36m387[0m [[35m50.3[0m% ([36m384[0m/[36m763[0m batches, [36m3600006[0m pos/sec)]
Estimated time to end of superbatch: [36m13.8[0ms     [Fsuperbatch [36m387[0m [[35m67.1[0m% ([36m512[0m/[36m763[0m batches, [36m3593134[0m pos/sec)]
Estimated time to end of superbatch: [36m9.2[0ms     [Fsuperbatch [36m387[0m [[35m83.9[0m% ([36m640[0m/[36m763[0m batches, [36m3604163[0m pos/sec)]
Estimated time to end of superbatch: [36m4.5[0ms     [Fsuperbatch [36m387[0m | time [36m27.7[0ms | running loss [36m0.011378[0m | [36m3605121[0m pos/sec | total time [36m10900.9[0ms
Estimated time remaining in training: [36m2[0mh [36m45[0mm [36m43[0ms
LR dropped to [36m0.00047620008[0m
superbatch [36m388[0m [[35m0.0[0m% ([36m0[0m/[36m763[0m batches, [36m3534623[0m pos/sec)]
Estimated time to end of superbatch: [36minf[0ms     [Fsuperbatch [36m388[0m [[35m16.8[0m% ([36m128[0m/[36m763[0m batches, [36m3705962[0m pos/sec)]
Estimated time to end of superbatch: [36m22.6[0ms     [Fsuperbatch [36m388[0m [[35m33.6[0m% ([36m256[0m/[36m763[0m batches, [36m3669037[0m pos/sec)]
Estimated time to end of superbatch: [36m18.2[0ms     [Fsuperbatch [36m388[0m [[35m50.3[0m% ([36m384[0m/[36m763[0m batches, [36m3673760[0m pos/sec)]
Estimated time to end of superbatch: [36m13.6[0ms     [Fsuperbatch [36m388[0m [[35m67.1[0m% ([36m512[0m/[36m763[0m batches, [36m3678986[0m pos/sec)]
Estimated time to end of superbatch: [36m9.0[0ms     [Fsuperbatch [36m388[0m [[35m83.9[0m% ([36m640[0m/[36m763[0m batches, [36m3673775[0m pos/sec)]
Estimated time to end of superbatch: [36m4.4[0ms     [Fsuperbatch [36m388[0m | time [36m27.2[0ms | running loss [36m0.011401[0m | [36m3671097[0m pos/sec | total time [36m10928.2[0ms
Estimated time remaining in training: [36m2[0mh [36m45[0mm [36m14[0ms
LR dropped to [36m0.00047485007[0m
superbatch [36m389[0m [[35m0.0[0m% ([36m0[0m/[36m763[0m batches, [36m3843382[0m pos/sec)]
Estimated time to end of superbatch: [36minf[0ms     [Fsuperbatch [36m389[0m [[35m16.8[0m% ([36m128[0m/[36m763[0m batches, [36m3753162[0m pos/sec)]
Estimated time to end of superbatch: [36m22.3[0ms     [Fsuperbatch [36m389[0m [[35m33.6[0m% ([36m256[0m/[36m763[0m batches, [36m3760378[0m pos/sec)]
Estimated time to end of superbatch: [36m17.7[0ms     [Fsuperbatch [36m389[0m [[35m50.3[0m% ([36m384[0m/[36m763[0m batches, [36m3743057[0m pos/sec)]
Estimated time to end of superbatch: [36m13.3[0ms     [Fsuperbatch [36m389[0m [[35m67.1[0m% ([36m512[0m/[36m763[0m batches, [36m3734674[0m pos/sec)]
Estimated time to end of superbatch: [36m8.8[0ms     [Fsuperbatch [36m389[0m [[35m83.9[0m% ([36m640[0m/[36m763[0m batches, [36m3724816[0m pos/sec)]
Estimated time to end of superbatch: [36m4.3[0ms     [Fsuperbatch [36m389[0m | time [36m26.9[0ms | running loss [36m0.011422[0m | [36m3723190[0m pos/sec | total time [36m10955.0[0ms
Estimated time remaining in training: [36m2[0mh [36m44[0mm [36m44[0ms
LR dropped to [36m0.00047350005[0m
superbatch [36m390[0m [[35m0.0[0m% ([36m0[0m/[36m763[0m batches, [36m4258624[0m pos/sec)]
Estimated time to end of superbatch: [36minf[0ms     [Fsuperbatch [36m390[0m [[35m16.8[0m% ([36m128[0m/[36m763[0m batches, [36m3773500[0m pos/sec)]
Estimated time to end of superbatch: [36m22.2[0ms     [Fsuperbatch [36m390[0m [[35m33.6[0m% ([36m256[0m/[36m763[0m batches, [36m3707080[0m pos/sec)]
Estimated time to end of superbatch: [36m18.0[0ms     [Fsuperbatch [36m390[0m [[35m50.3[0m% ([36m384[0m/[36m763[0m batches, [36m3702189[0m pos/sec)]
Estimated time to end of superbatch: [36m13.5[0ms     [Fsuperbatch [36m390[0m [[35m67.1[0m% ([36m512[0m/[36m763[0m batches, [36m3697020[0m pos/sec)]
Estimated time to end of superbatch: [36m8.9[0ms     [Fsuperbatch [36m390[0m [[35m83.9[0m% ([36m640[0m/[36m763[0m batches, [36m3705940[0m pos/sec)]
Estimated time to end of superbatch: [36m4.4[0ms     [Fsuperbatch [36m390[0m | time [36m27.0[0ms | running loss [36m0.011410[0m | [36m3706467[0m pos/sec | total time [36m10982.0[0ms
Estimated time remaining in training: [36m2[0mh [36m44[0mm [36m15[0ms
Saved [anna-v5-s1-390]
LR dropped to [36m0.00047215004[0m
superbatch [36m391[0m [[35m0.0[0m% ([36m0[0m/[36m763[0m batches, [36m4148577[0m pos/sec)]
Estimated time to end of superbatch: [36minf[0ms     [Fsuperbatch [36m391[0m [[35m16.8[0m% ([36m128[0m/[36m763[0m batches, [36m3724254[0m pos/sec)]
Estimated time to end of superbatch: [36m22.5[0ms     [Fsuperbatch [36m391[0m [[35m33.6[0m% ([36m256[0m/[36m763[0m batches, [36m3740544[0m pos/sec)]
Estimated time to end of superbatch: [36m17.8[0ms     [Fsuperbatch [36m391[0m [[35m50.3[0m% ([36m384[0m/[36m763[0m batches, [36m3754652[0m pos/sec)]
Estimated time to end of superbatch: [36m13.3[0ms     [Fsuperbatch [36m391[0m [[35m67.1[0m% ([36m512[0m/[36m763[0m batches, [36m3724461[0m pos/sec)]
Estimated time to end of superbatch: [36m8.9[0ms     [Fsuperbatch [36m391[0m [[35m83.9[0m% ([36m640[0m/[36m763[0m batches, [36m3701725[0m pos/sec)]
Estimated time to end of superbatch: [36m4.4[0ms     [Fsuperbatch [36m391[0m | time [36m27.1[0ms | running loss [36m0.011438[0m | [36m3696211[0m pos/sec | total time [36m11012.1[0ms
Estimated time remaining in training: [36m2[0mh [36m43[0mm [36m49[0ms
LR dropped to [36m0.00047080003[0m
superbatch [36m392[0m [[35m0.0[0m% ([36m0[0m/[36m763[0m batches, [36m3340989[0m pos/sec)]
Estimated time to end of superbatch: [36minf[0ms     [Fsuperbatch [36m392[0m [[35m16.8[0m% ([36m128[0m/[36m763[0m batches, [36m3588494[0m pos/sec)]
Estimated time to end of superbatch: [36m23.4[0ms     [Fsuperbatch [36m392[0m [[35m33.6[0m% ([36m256[0m/[36m763[0m batches, [36m3612172[0m pos/sec)]
Estimated time to end of superbatch: [36m18.5[0ms     [Fsuperbatch [36m392[0m [[35m50.3[0m% ([36m384[0m/[36m763[0m batches, [36m3617471[0m pos/sec)]
Estimated time to end of superbatch: [36m13.8[0ms     [Fsuperbatch [36m392[0m [[35m67.1[0m% ([36m512[0m/[36m763[0m batches, [36m3607882[0m pos/sec)]
Estimated time to end of superbatch: [36m9.1[0ms     [Fsuperbatch [36m392[0m [[35m83.9[0m% ([36m640[0m/[36m763[0m batches, [36m3605823[0m pos/sec)]
Estimated time to end of superbatch: [36m4.5[0ms     [Fsuperbatch [36m392[0m | time [36m27.7[0ms | running loss [36m0.011400[0m | [36m3608274[0m pos/sec | total time [36m11039.8[0ms
Estimated time remaining in training: [36m2[0mh [36m43[0mm [36m20[0ms
LR dropped to [36m0.00046945002[0m
superbatch [36m393[0m [[35m0.0[0m% ([36m0[0m/[36m763[0m batches, [36m3306000[0m pos/sec)]
Estimated time to end of superbatch: [36minf[0ms     [Fsuperbatch [36m393[0m [[35m16.8[0m% ([36m128[0m/[36m763[0m batches, [36m3578651[0m pos/sec)]
Estimated time to end of superbatch: [36m23.4[0ms     [Fsuperbatch [36m393[0m [[35m33.6[0m% ([36m256[0m/[36m763[0m batches, [36m3583514[0m pos/sec)]
Estimated time to end of superbatch: [36m18.6[0ms     [Fsuperbatch [36m393[0m [[35m50.3[0m% ([36m384[0m/[36m763[0m batches, [36m3634336[0m pos/sec)]
Estimated time to end of superbatch: [36m13.7[0ms     [Fsuperbatch [36m393[0m [[35m67.1[0m% ([36m512[0m/[36m763[0m batches, [36m3642306[0m pos/sec)]
Estimated time to end of superbatch: [36m9.1[0ms     [Fsuperbatch [36m393[0m [[35m83.9[0m% ([36m640[0m/[36m763[0m batches, [36m3653000[0m pos/sec)]
Estimated time to end of superbatch: [36m4.4[0ms     [Fsuperbatch [36m393[0m | time [36m27.2[0ms | running loss [36m0.011478[0m | [36m3670158[0m pos/sec | total time [36m11067.1[0ms
Estimated time remaining in training: [36m2[0mh [36m42[0mm [36m51[0ms
LR dropped to [36m0.0004681[0m
superbatch [36m394[0m [[35m0.0[0m% ([36m0[0m/[36m763[0m batches, [36m3761818[0m pos/sec)]
Estimated time to end of superbatch: [36minf[0ms     [Fsuperbatch [36m394[0m [[35m16.8[0m% ([36m128[0m/[36m763[0m batches, [36m3724233[0m pos/sec)]
Estimated time to end of superbatch: [36m22.5[0ms     [Fsuperbatch [36m394[0m [[35m33.6[0m% ([36m256[0m/[36m763[0m batches, [36m3699162[0m pos/sec)]
Estimated time to end of superbatch: [36m18.0[0ms     [Fsuperbatch [36m394[0m [[35m50.3[0m% ([36m384[0m/[36m763[0m batches, [36m3690944[0m pos/sec)]
Estimated time to end of superbatch: [36m13.5[0ms     [Fsuperbatch [36m394[0m [[35m67.1[0m% ([36m512[0m/[36m763[0m batches, [36m3691547[0m pos/sec)]
Estimated time to end of superbatch: [36m8.9[0ms     [Fsuperbatch [36m394[0m [[35m83.9[0m% ([36m640[0m/[36m763[0m batches, [36m3699888[0m pos/sec)]
Estimated time to end of superbatch: [36m4.4[0ms     [Fsuperbatch [36m394[0m | time [36m27.0[0ms | running loss [36m0.011428[0m | [36m3700291[0m pos/sec | total time [36m11094.1[0ms
Estimated time remaining in training: [36m2[0mh [36m42[0mm [36m22[0ms
LR dropped to [36m0.00046675[0m
superbatch [36m395[0m [[35m0.0[0m% ([36m0[0m/[36m763[0m batches, [36m3782764[0m pos/sec)]
Estimated time to end of superbatch: [36minf[0ms     [Fsuperbatch [36m395[0m [[35m16.8[0m% ([36m128[0m/[36m763[0m batches, [36m3650734[0m pos/sec)]
Estimated time to end of superbatch: [36m23.0[0ms     [Fsuperbatch [36m395[0m [[35m33.6[0m% ([36m256[0m/[36m763[0m batches, [36m3678249[0m pos/sec)]
Estimated time to end of superbatch: [36m18.1[0ms     [Fsuperbatch [36m395[0m [[35m50.3[0m% ([36m384[0m/[36m763[0m batches, [36m3672964[0m pos/sec)]
Estimated time to end of superbatch: [36m13.6[0ms     [Fsuperbatch [36m395[0m [[35m67.1[0m% ([36m512[0m/[36m763[0m batches, [36m3665724[0m pos/sec)]
Estimated time to end of superbatch: [36m9.0[0ms     [Fsuperbatch [36m395[0m [[35m83.9[0m% ([36m640[0m/[36m763[0m batches, [36m3659036[0m pos/sec)]
Estimated time to end of superbatch: [36m4.4[0ms     [Fsuperbatch [36m395[0m | time [36m27.4[0ms | running loss [36m0.011539[0m | [36m3656522[0m pos/sec | total time [36m11121.4[0ms
Estimated time remaining in training: [36m2[0mh [36m41[0mm [36m53[0ms
LR dropped to [36m0.0004654[0m
superbatch [36m396[0m [[35m0.0[0m% ([36m0[0m/[36m763[0m batches, [36m3707460[0m pos/sec)]
Estimated time to end of superbatch: [36minf[0ms     [Fsuperbatch [36m396[0m [[35m16.8[0m% ([36m128[0m/[36m763[0m batches, [36m3635288[0m pos/sec)]
Estimated time to end of superbatch: [36m23.1[0ms     [Fsuperbatch [36m396[0m [[35m33.6[0m% ([36m256[0m/[36m763[0m batches, [36m3604422[0m pos/sec)]
Estimated time to end of superbatch: [36m18.5[0ms     [Fsuperbatch [36m396[0m [[35m50.3[0m% ([36m384[0m/[36m763[0m batches, [36m3590313[0m pos/sec)]
Estimated time to end of superbatch: [36m13.9[0ms     [Fsuperbatch [36m396[0m [[35m67.1[0m% ([36m512[0m/[36m763[0m batches, [36m3593617[0m pos/sec)]
Estimated time to end of superbatch: [36m9.2[0ms     [Fsuperbatch [36m396[0m [[35m83.9[0m% ([36m640[0m/[36m763[0m batches, [36m3601001[0m pos/sec)]
Estimated time to end of superbatch: [36m4.5[0ms     [Fsuperbatch [36m396[0m | time [36m27.8[0ms | running loss [36m0.011429[0m | [36m3603128[0m pos/sec | total time [36m11149.2[0ms
Estimated time remaining in training: [36m2[0mh [36m41[0mm [36m25[0ms
LR dropped to [36m0.00046404998[0m
superbatch [36m397[0m [[35m0.0[0m% ([36m0[0m/[36m763[0m batches, [36m3337715[0m pos/sec)]
Estimated time to end of superbatch: [36minf[0ms     [Fsuperbatch [36m397[0m [[35m16.8[0m% ([36m128[0m/[36m763[0m batches, [36m3654139[0m pos/sec)]
Estimated time to end of superbatch: [36m23.0[0ms     [Fsuperbatch [36m397[0m [[35m33.6[0m% ([36m256[0m/[36m763[0m batches, [36m3623616[0m pos/sec)]
Estimated time to end of superbatch: [36m18.4[0ms     [Fsuperbatch [36m397[0m [[35m50.3[0m% ([36m384[0m/[36m763[0m batches, [36m3626610[0m pos/sec)]
Estimated time to end of superbatch: [36m13.7[0ms     [Fsuperbatch [36m397[0m [[35m67.1[0m% ([36m512[0m/[36m763[0m batches, [36m3628732[0m pos/sec)]
Estimated time to end of superbatch: [36m9.1[0ms     [Fsuperbatch [36m397[0m [[35m83.9[0m% ([36m640[0m/[36m763[0m batches, [36m3637572[0m pos/sec)]
Estimated time to end of superbatch: [36m4.4[0ms     [Fsuperbatch [36m397[0m | time [36m27.4[0ms | running loss [36m0.011565[0m | [36m3654396[0m pos/sec | total time [36m11176.6[0ms
Estimated time remaining in training: [36m2[0mh [36m40[0mm [36m56[0ms
LR dropped to [36m0.00046269997[0m
superbatch [36m398[0m [[35m0.0[0m% ([36m0[0m/[36m763[0m batches, [36m3660222[0m pos/sec)]
Estimated time to end of superbatch: [36minf[0ms     [Fsuperbatch [36m398[0m [[35m16.8[0m% ([36m128[0m/[36m763[0m batches, [36m3709078[0m pos/sec)]
Estimated time to end of superbatch: [36m22.6[0ms     [Fsuperbatch [36m398[0m [[35m33.6[0m% ([36m256[0m/[36m763[0m batches, [36m3682115[0m pos/sec)]
Estimated time to end of superbatch: [36m18.1[0ms     [Fsuperbatch [36m398[0m [[35m50.3[0m% ([36m384[0m/[36m763[0m batches, [36m3673312[0m pos/sec)]
Estimated time to end of superbatch: [36m13.6[0ms     [Fsuperbatch [36m398[0m [[35m67.1[0m% ([36m512[0m/[36m763[0m batches, [36m3672447[0m pos/sec)]
Estimated time to end of superbatch: [36m9.0[0ms     [Fsuperbatch [36m398[0m [[35m83.9[0m% ([36m640[0m/[36m763[0m batches, [36m3681508[0m pos/sec)]
Estimated time to end of superbatch: [36m4.4[0ms     [Fsuperbatch [36m398[0m | time [36m27.2[0ms | running loss [36m0.011414[0m | [36m3683013[0m pos/sec | total time [36m11203.7[0ms
Estimated time remaining in training: [36m2[0mh [36m40[0mm [36m27[0ms
LR dropped to [36m0.00046135008[0m
superbatch [36m399[0m [[35m0.0[0m% ([36m0[0m/[36m763[0m batches, [36m3592201[0m pos/sec)]
Estimated time to end of superbatch: [36minf[0ms     [Fsuperbatch [36m399[0m [[35m16.8[0m% ([36m128[0m/[36m763[0m batches, [36m3659866[0m pos/sec)]
Estimated time to end of superbatch: [36m22.9[0ms     [Fsuperbatch [36m399[0m [[35m33.6[0m% ([36m256[0m/[36m763[0m batches, [36m3701842[0m pos/sec)]
Estimated time to end of superbatch: [36m18.0[0ms     [Fsuperbatch [36m399[0m [[35m50.3[0m% ([36m384[0m/[36m763[0m batches, [36m3705946[0m pos/sec)]
Estimated time to end of superbatch: [36m13.4[0ms     [Fsuperbatch [36m399[0m [[35m67.1[0m% ([36m512[0m/[36m763[0m batches, [36m3692802[0m pos/sec)]
Estimated time to end of superbatch: [36m8.9[0ms     [Fsuperbatch [36m399[0m [[35m83.9[0m% ([36m640[0m/[36m763[0m batches, [36m3691486[0m pos/sec)]
Estimated time to end of superbatch: [36m4.4[0ms     [Fsuperbatch [36m399[0m | time [36m27.0[0ms | running loss [36m0.011594[0m | [36m3702462[0m pos/sec | total time [36m11230.7[0ms
Estimated time remaining in training: [36m2[0mh [36m39[0mm [36m58[0ms
LR dropped to [36m0.00046000007[0m
superbatch [36m400[0m [[35m0.0[0m% ([36m0[0m/[36m763[0m batches, [36m3685461[0m pos/sec)]
Estimated time to end of superbatch: [36minf[0ms     [Fsuperbatch [36m400[0m [[35m16.8[0m% ([36m128[0m/[36m763[0m batches, [36m3740727[0m pos/sec)]
Estimated time to end of superbatch: [36m22.4[0ms     [Fsuperbatch [36m400[0m [[35m33.6[0m% ([36m256[0m/[36m763[0m batches, [36m3719378[0m pos/sec)]
Estimated time to end of superbatch: [36m17.9[0ms     [Fsuperbatch [36m400[0m [[35m50.3[0m% ([36m384[0m/[36m763[0m batches, [36m3702434[0m pos/sec)]
Estimated time to end of superbatch: [36m13.5[0ms     [Fsuperbatch [36m400[0m [[35m67.1[0m% ([36m512[0m/[36m763[0m batches, [36m3702560[0m pos/sec)]
Estimated time to end of superbatch: [36m8.9[0ms     [Fsuperbatch [36m400[0m [[35m83.9[0m% ([36m640[0m/[36m763[0m batches, [36m3700249[0m pos/sec)]
Estimated time to end of superbatch: [36m4.4[0ms     [Fsuperbatch [36m400[0m | time [36m27.0[0ms | running loss [36m0.011452[0m | [36m3703955[0m pos/sec | total time [36m11257.7[0ms
Estimated time remaining in training: [36m2[0mh [36m39[0mm [36m29[0ms
Saved [anna-v5-s1-400]
LR dropped to [36m0.00045865006[0m
superbatch [36m401[0m [[35m0.0[0m% ([36m0[0m/[36m763[0m batches, [36m3666101[0m pos/sec)]
Estimated time to end of superbatch: [36minf[0ms     [Fsuperbatch [36m401[0m [[35m16.8[0m% ([36m128[0m/[36m763[0m batches, [36m3681665[0m pos/sec)]
Estimated time to end of superbatch: [36m22.8[0ms     [Fsuperbatch [36m401[0m [[35m33.6[0m% ([36m256[0m/[36m763[0m batches, [36m3651534[0m pos/sec)]
Estimated time to end of superbatch: [36m18.3[0ms     [Fsuperbatch [36m401[0m [[35m50.3[0m% ([36m384[0m/[36m763[0m batches, [36m3681917[0m pos/sec)]
Estimated time to end of superbatch: [36m13.5[0ms     [Fsuperbatch [36m401[0m [[35m67.1[0m% ([36m512[0m/[36m763[0m batches, [36m3691662[0m pos/sec)]
Estimated time to end of superbatch: [36m8.9[0ms     [Fsuperbatch [36m401[0m [[35m83.9[0m% ([36m640[0m/[36m763[0m batches, [36m3706904[0m pos/sec)]
Estimated time to end of superbatch: [36m4.4[0ms     [Fsuperbatch [36m401[0m | time [36m26.9[0ms | running loss [36m0.011622[0m | [36m3712348[0m pos/sec | total time [36m11287.7[0ms
Estimated time remaining in training: [36m2[0mh [36m39[0mm [36m2[0ms
LR dropped to [36m0.00045730005[0m
superbatch [36m402[0m [[35m0.0[0m% ([36m0[0m/[36m763[0m batches, [36m3640590[0m pos/sec)]
Estimated time to end of superbatch: [36minf[0ms     [Fsuperbatch [36m402[0m [[35m16.8[0m% ([36m128[0m/[36m763[0m batches, [36m3782207[0m pos/sec)]
Estimated time to end of superbatch: [36m22.2[0ms     [Fsuperbatch [36m402[0m [[35m33.6[0m% ([36m256[0m/[36m763[0m batches, [36m3761665[0m pos/sec)]
Estimated time to end of superbatch: [36m17.7[0ms     [Fsuperbatch [36m402[0m [[35m50.3[0m% ([36m384[0m/[36m763[0m batches, [36m3741926[0m pos/sec)]
Estimated time to end of superbatch: [36m13.3[0ms     [Fsuperbatch [36m402[0m [[35m67.1[0m% ([36m512[0m/[36m763[0m batches, [36m3750924[0m pos/sec)]
Estimated time to end of superbatch: [36m8.8[0ms     [Fsuperbatch [36m402[0m [[35m83.9[0m% ([36m640[0m/[36m763[0m batches, [36m3749665[0m pos/sec)]
Estimated time to end of superbatch: [36m4.3[0ms     [Fsuperbatch [36m402[0m | time [36m26.8[0ms | running loss [36m0.011425[0m | [36m3728684[0m pos/sec | total time [36m11314.5[0ms
Estimated time remaining in training: [36m2[0mh [36m38[0mm [36m33[0ms
LR dropped to [36m0.00045595004[0m
superbatch [36m403[0m [[35m0.0[0m% ([36m0[0m/[36m763[0m batches, [36m3574288[0m pos/sec)]
Estimated time to end of superbatch: [36minf[0ms     [Fsuperbatch [36m403[0m [[35m16.8[0m% ([36m128[0m/[36m763[0m batches, [36m3591218[0m pos/sec)]
Estimated time to end of superbatch: [36m23.4[0ms     [Fsuperbatch [36m403[0m [[35m33.6[0m% ([36m256[0m/[36m763[0m batches, [36m3628298[0m pos/sec)]
Estimated time to end of superbatch: [36m18.4[0ms     [Fsuperbatch [36m403[0m [[35m50.3[0m% ([36m384[0m/[36m763[0m batches, [36m3654668[0m pos/sec)]
Estimated time to end of superbatch: [36m13.6[0ms     [Fsuperbatch [36m403[0m [[35m67.1[0m% ([36m512[0m/[36m763[0m batches, [36m3650128[0m pos/sec)]
Estimated time to end of superbatch: [36m9.0[0ms     [Fsuperbatch [36m403[0m [[35m83.9[0m% ([36m640[0m/[36m763[0m batches, [36m3645657[0m pos/sec)]
Estimated time to end of superbatch: [36m4.4[0ms     [Fsuperbatch [36m403[0m | time [36m27.4[0ms | running loss [36m0.011676[0m | [36m3654021[0m pos/sec | total time [36m11341.9[0ms
Estimated time remaining in training: [36m2[0mh [36m38[0mm [36m4[0ms
LR dropped to [36m0.00045460003[0m
superbatch [36m404[0m [[35m0.0[0m% ([36m0[0m/[36m763[0m batches, [36m4064292[0m pos/sec)]
Estimated time to end of superbatch: [36minf[0ms     [Fsuperbatch [36m404[0m [[35m16.8[0m% ([36m128[0m/[36m763[0m batches, [36m3697094[0m pos/sec)]
Estimated time to end of superbatch: [36m22.7[0ms     [Fsuperbatch [36m404[0m [[35m33.6[0m% ([36m256[0m/[36m763[0m batches, [36m3722093[0m pos/sec)]
Estimated time to end of superbatch: [36m17.9[0ms     [Fsuperbatch [36m404[0m [[35m50.3[0m% ([36m384[0m/[36m763[0m batches, [36m3717204[0m pos/sec)]
Estimated time to end of superbatch: [36m13.4[0ms     [Fsuperbatch [36m404[0m [[35m67.1[0m% ([36m512[0m/[36m763[0m batches, [36m3707552[0m pos/sec)]
Estimated time to end of superbatch: [36m8.9[0ms     [Fsuperbatch [36m404[0m [[35m83.9[0m% ([36m640[0m/[36m763[0m batches, [36m3714421[0m pos/sec)]
Estimated time to end of superbatch: [36m4.3[0ms     [Fsuperbatch [36m404[0m | time [36m26.9[0ms | running loss [36m0.011457[0m | [36m3724386[0m pos/sec | total time [36m11368.8[0ms
Estimated time remaining in training: [36m2[0mh [36m37[0mm [36m35[0ms
LR dropped to [36m0.00045325002[0m
superbatch [36m405[0m [[35m0.0[0m% ([36m0[0m/[36m763[0m batches, [36m4070096[0m pos/sec)]
Estimated time to end of superbatch: [36minf[0ms     [Fsuperbatch [36m405[0m [[35m16.8[0m% ([36m128[0m/[36m763[0m batches, [36m3688961[0m pos/sec)]
Estimated time to end of superbatch: [36m22.7[0ms     [Fsuperbatch [36m405[0m [[35m33.6[0m% ([36m256[0m/[36m763[0m batches, [36m3706718[0m pos/sec)]
Estimated time to end of superbatch: [36m18.0[0ms     [Fsuperbatch [36m405[0m [[35m50.3[0m% ([36m384[0m/[36m763[0m batches, [36m3715940[0m pos/sec)]
Estimated time to end of superbatch: [36m13.4[0ms     [Fsuperbatch [36m405[0m [[35m67.1[0m% ([36m512[0m/[36m763[0m batches, [36m3720064[0m pos/sec)]
Estimated time to end of superbatch: [36m8.9[0ms     [Fsuperbatch [36m405[0m [[35m83.9[0m% ([36m640[0m/[36m763[0m batches, [36m3704548[0m pos/sec)]
Estimated time to end of superbatch: [36m4.4[0ms     [Fsuperbatch [36m405[0m | time [36m27.0[0ms | running loss [36m0.011722[0m | [36m3702108[0m pos/sec | total time [36m11395.8[0ms
Estimated time remaining in training: [36m2[0mh [36m37[0mm [36m6[0ms
LR dropped to [36m0.0004519[0m
superbatch [36m406[0m [[35m0.0[0m% ([36m0[0m/[36m763[0m batches, [36m3270228[0m pos/sec)]
Estimated time to end of superbatch: [36minf[0ms     [Fsuperbatch [36m406[0m [[35m16.8[0m% ([36m128[0m/[36m763[0m batches, [36m3673342[0m pos/sec)]
Estimated time to end of superbatch: [36m22.8[0ms     [Fsuperbatch [36m406[0m [[35m33.6[0m% ([36m256[0m/[36m763[0m batches, [36m3685347[0m pos/sec)]
Estimated time to end of superbatch: [36m18.1[0ms     [Fsuperbatch [36m406[0m [[35m50.3[0m% ([36m384[0m/[36m763[0m batches, [36m3674890[0m pos/sec)]
Estimated time to end of superbatch: [36m13.6[0ms     [Fsuperbatch [36m406[0m [[35m67.1[0m% ([36m512[0m/[36m763[0m batches, [36m3668844[0m pos/sec)]
Estimated time to end of superbatch: [36m9.0[0ms     [Fsuperbatch [36m406[0m [[35m83.9[0m% ([36m640[0m/[36m763[0m batches, [36m3664340[0m pos/sec)]
Estimated time to end of superbatch: [36m4.4[0ms     [Fsuperbatch [36m406[0m | time [36m27.3[0ms | running loss [36m0.011440[0m | [36m3663566[0m pos/sec | total time [36m11423.1[0ms
Estimated time remaining in training: [36m2[0mh [36m36[0mm [36m37[0ms
LR dropped to [36m0.00045055[0m
superbatch [36m407[0m [[35m0.0[0m% ([36m0[0m/[36m763[0m batches, [36m3728782[0m pos/sec)]
Estimated time to end of superbatch: [36minf[0ms     [Fsuperbatch [36m407[0m [[35m16.8[0m% ([36m128[0m/[36m763[0m batches, [36m3593516[0m pos/sec)]
Estimated time to end of superbatch: [36m23.3[0ms     [Fsuperbatch [36m407[0m [[35m33.6[0m% ([36m256[0m/[36m763[0m batches, [36m3619222[0m pos/sec)]
Estimated time to end of superbatch: [36m18.4[0ms     [Fsuperbatch [36m407[0m [[35m50.3[0m% ([36m384[0m/[36m763[0m batches, [36m3665547[0m pos/sec)]
Estimated time to end of superbatch: [36m13.6[0ms     [Fsuperbatch [36m407[0m [[35m67.1[0m% ([36m512[0m/[36m763[0m batches, [36m3679404[0m pos/sec)]
Estimated time to end of superbatch: [36m9.0[0ms     [Fsuperbatch [36m407[0m [[35m83.9[0m% ([36m640[0m/[36m763[0m batches, [36m3667190[0m pos/sec)]
Estimated time to end of superbatch: [36m4.4[0ms     [Fsuperbatch [36m407[0m | time [36m27.2[0ms | running loss [36m0.011763[0m | [36m3681690[0m pos/sec | total time [36m11450.2[0ms
Estimated time remaining in training: [36m2[0mh [36m36[0mm [36m8[0ms
LR dropped to [36m0.0004492[0m
superbatch [36m408[0m [[35m0.0[0m% ([36m0[0m/[36m763[0m batches, [36m4173576[0m pos/sec)]
Estimated time to end of superbatch: [36minf[0ms     [Fsuperbatch [36m408[0m [[35m16.8[0m% ([36m128[0m/[36m763[0m batches, [36m3784315[0m pos/sec)]
Estimated time to end of superbatch: [36m22.2[0ms     [Fsuperbatch [36m408[0m [[35m33.6[0m% ([36m256[0m/[36m763[0m batches, [36m3739833[0m pos/sec)]
Estimated time to end of superbatch: [36m17.8[0ms     [Fsuperbatch [36m408[0m [[35m50.3[0m% ([36m384[0m/[36m763[0m batches, [36m3709504[0m pos/sec)]
Estimated time to end of superbatch: [36m13.4[0ms     [Fsuperbatch [36m408[0m [[35m67.1[0m% ([36m512[0m/[36m763[0m batches, [36m3723763[0m pos/sec)]
Estimated time to end of superbatch: [36m8.9[0ms     [Fsuperbatch [36m408[0m [[35m83.9[0m% ([36m640[0m/[36m763[0m batches, [36m3723294[0m pos/sec)]
Estimated time to end of superbatch: [36m4.3[0ms     [Fsuperbatch [36m408[0m | time [36m26.9[0ms | running loss [36m0.011434[0m | [36m3713952[0m pos/sec | total time [36m11477.2[0ms
Estimated time remaining in training: [36m2[0mh [36m35[0mm [36m39[0ms
LR dropped to [36m0.00044784998[0m
superbatch [36m409[0m [[35m0.0[0m% ([36m0[0m/[36m763[0m batches, [36m3460404[0m pos/sec)]
Estimated time to end of superbatch: [36minf[0ms     [Fsuperbatch [36m409[0m [[35m16.8[0m% ([36m128[0m/[36m763[0m batches, [36m3610806[0m pos/sec)]
Estimated time to end of superbatch: [36m23.2[0ms     [Fsuperbatch [36m409[0m [[35m33.6[0m% ([36m256[0m/[36m763[0m batches, [36m3653611[0m pos/sec)]
Estimated time to end of superbatch: [36m18.3[0ms     [Fsuperbatch [36m409[0m [[35m50.3[0m% ([36m384[0m/[36m763[0m batches, [36m3646188[0m pos/sec)]
Estimated time to end of superbatch: [36m13.7[0ms     [Fsuperbatch [36m409[0m [[35m67.1[0m% ([36m512[0m/[36m763[0m batches, [36m3638256[0m pos/sec)]
Estimated time to end of superbatch: [36m9.1[0ms     [Fsuperbatch [36m409[0m [[35m83.9[0m% ([36m640[0m/[36m763[0m batches, [36m3633621[0m pos/sec)]
Estimated time to end of superbatch: [36m4.4[0ms     [Fsuperbatch [36m409[0m | time [36m27.4[0ms | running loss [36m0.011795[0m | [36m3646503[0m pos/sec | total time [36m11504.6[0ms
Estimated time remaining in training: [36m2[0mh [36m35[0mm [36m10[0ms
LR dropped to [36m0.00044650002[0m
superbatch [36m410[0m [[35m0.0[0m% ([36m0[0m/[36m763[0m batches, [36m3177597[0m pos/sec)]
Estimated time to end of superbatch: [36minf[0ms     [Fsuperbatch [36m410[0m [[35m16.8[0m% ([36m128[0m/[36m763[0m batches, [36m3710377[0m pos/sec)]
Estimated time to end of superbatch: [36m22.6[0ms     [Fsuperbatch [36m410[0m [[35m33.6[0m% ([36m256[0m/[36m763[0m batches, [36m3715668[0m pos/sec)]
Estimated time to end of superbatch: [36m18.0[0ms     [Fsuperbatch [36m410[0m [[35m50.3[0m% ([36m384[0m/[36m763[0m batches, [36m3709451[0m pos/sec)]
Estimated time to end of superbatch: [36m13.4[0ms     [Fsuperbatch [36m410[0m [[35m67.1[0m% ([36m512[0m/[36m763[0m batches, [36m3713104[0m pos/sec)]
Estimated time to end of superbatch: [36m8.9[0ms     [Fsuperbatch [36m410[0m [[35m83.9[0m% ([36m640[0m/[36m763[0m batches, [36m3714338[0m pos/sec)]
Estimated time to end of superbatch: [36m4.3[0ms     [Fsuperbatch [36m410[0m | time [36m27.0[0ms | running loss [36m0.011448[0m | [36m3710568[0m pos/sec | total time [36m11531.5[0ms
Estimated time remaining in training: [36m2[0mh [36m34[0mm [36m41[0ms
Saved [anna-v5-s1-410]
LR dropped to [36m0.00044515007[0m
superbatch [36m411[0m [[35m0.0[0m% ([36m0[0m/[36m763[0m batches, [36m3673677[0m pos/sec)]
Estimated time to end of superbatch: [36minf[0ms     [Fsuperbatch [36m411[0m [[35m16.8[0m% ([36m128[0m/[36m763[0m batches, [36m3579836[0m pos/sec)]
Estimated time to end of superbatch: [36m23.4[0ms     [Fsuperbatch [36m411[0m [[35m33.6[0m% ([36m256[0m/[36m763[0m batches, [36m3590258[0m pos/sec)]
Estimated time to end of superbatch: [36m18.6[0ms     [Fsuperbatch [36m411[0m [[35m50.3[0m% ([36m384[0m/[36m763[0m batches, [36m3605988[0m pos/sec)]
Estimated time to end of superbatch: [36m13.8[0ms     [Fsuperbatch [36m411[0m [[35m67.1[0m% ([36m512[0m/[36m763[0m batches, [36m3629558[0m pos/sec)]
Estimated time to end of superbatch: [36m9.1[0ms     [Fsuperbatch [36m411[0m [[35m83.9[0m% ([36m640[0m/[36m763[0m batches, [36m3619364[0m pos/sec)]
Estimated time to end of superbatch: [36m4.5[0ms     [Fsuperbatch [36m411[0m | time [36m27.7[0ms | running loss [36m0.011842[0m | [36m3613921[0m pos/sec | total time [36m11562.3[0ms
Estimated time remaining in training: [36m2[0mh [36m34[0mm [36m15[0ms
LR dropped to [36m0.00044380006[0m
superbatch [36m412[0m [[35m0.0[0m% ([36m0[0m/[36m763[0m batches, [36m3448845[0m pos/sec)]
Estimated time to end of superbatch: [36minf[0ms     [Fsuperbatch [36m412[0m [[35m16.8[0m% ([36m128[0m/[36m763[0m batches, [36m3551237[0m pos/sec)]
Estimated time to end of superbatch: [36m23.6[0ms     [Fsuperbatch [36m412[0m [[35m33.6[0m% ([36m256[0m/[36m763[0m batches, [36m3552521[0m pos/sec)]
Estimated time to end of superbatch: [36m18.8[0ms     [Fsuperbatch [36m412[0m [[35m50.3[0m% ([36m384[0m/[36m763[0m batches, [36m3541668[0m pos/sec)]
Estimated time to end of superbatch: [36m14.1[0ms     [Fsuperbatch [36m412[0m [[35m67.1[0m% ([36m512[0m/[36m763[0m batches, [36m3561905[0m pos/sec)]
Estimated time to end of superbatch: [36m9.3[0ms     [Fsuperbatch [36m412[0m [[35m83.9[0m% ([36m640[0m/[36m763[0m batches, [36m3572982[0m pos/sec)]
Estimated time to end of superbatch: [36m4.5[0ms     [Fsuperbatch [36m412[0m | time [36m28.0[0ms | running loss [36m0.011477[0m | [36m3577752[0m pos/sec | total time [36m11590.2[0ms
Estimated time remaining in training: [36m2[0mh [36m33[0mm [36m47[0ms
LR dropped to [36m0.00044245005[0m
superbatch [36m413[0m [[35m0.0[0m% ([36m0[0m/[36m763[0m batches, [36m3950430[0m pos/sec)]
Estimated time to end of superbatch: [36minf[0ms     [Fsuperbatch [36m413[0m [[35m16.8[0m% ([36m128[0m/[36m763[0m batches, [36m3605144[0m pos/sec)]
Estimated time to end of superbatch: [36m23.3[0ms     [Fsuperbatch [36m413[0m [[35m33.6[0m% ([36m256[0m/[36m763[0m batches, [36m3617948[0m pos/sec)]
Estimated time to end of superbatch: [36m18.4[0ms     [Fsuperbatch [36m413[0m [[35m50.3[0m% ([36m384[0m/[36m763[0m batches, [36m3624187[0m pos/sec)]
Estimated time to end of superbatch: [36m13.7[0ms     [Fsuperbatch [36m413[0m [[35m67.1[0m% ([36m512[0m/[36m763[0m batches, [36m3604751[0m pos/sec)]
Estimated time to end of superbatch: [36m9.1[0ms     [Fsuperbatch [36m413[0m [[35m83.9[0m% ([36m640[0m/[36m763[0m batches, [36m3595292[0m pos/sec)]
Estimated time to end of superbatch: [36m4.5[0ms     [Fsuperbatch [36m413[0m | time [36m27.8[0ms | running loss [36m0.011839[0m | [36m3592222[0m pos/sec | total time [36m11618.1[0ms
Estimated time remaining in training: [36m2[0mh [36m33[0mm [36m18[0ms
LR dropped to [36m0.00044110004[0m
superbatch [36m414[0m [[35m0.0[0m% ([36m0[0m/[36m763[0m batches, [36m3480611[0m pos/sec)]
Estimated time to end of superbatch: [36minf[0ms     [Fsuperbatch [36m414[0m [[35m16.8[0m% ([36m128[0m/[36m763[0m batches, [36m3540733[0m pos/sec)]
Estimated time to end of superbatch: [36m23.7[0ms     [Fsuperbatch [36m414[0m [[35m33.6[0m% ([36m256[0m/[36m763[0m batches, [36m3589082[0m pos/sec)]
Estimated time to end of superbatch: [36m18.6[0ms     [Fsuperbatch [36m414[0m [[35m50.3[0m% ([36m384[0m/[36m763[0m batches, [36m3607437[0m pos/sec)]
Estimated time to end of superbatch: [36m13.8[0ms     [Fsuperbatch [36m414[0m [[35m67.1[0m% ([36m512[0m/[36m763[0m batches, [36m3633836[0m pos/sec)]
Estimated time to end of superbatch: [36m9.1[0ms     [Fsuperbatch [36m414[0m [[35m83.9[0m% ([36m640[0m/[36m763[0m batches, [36m3639177[0m pos/sec)]
Estimated time to end of superbatch: [36m4.4[0ms     [Fsuperbatch [36m414[0m | time [36m27.4[0ms | running loss [36m0.011507[0m | [36m3656122[0m pos/sec | total time [36m11645.4[0ms
Estimated time remaining in training: [36m2[0mh [36m32[0mm [36m50[0ms
LR dropped to [36m0.00043975003[0m
superbatch [36m415[0m [[35m0.0[0m% ([36m0[0m/[36m763[0m batches, [36m3487819[0m pos/sec)]
Estimated time to end of superbatch: [36minf[0ms     [Fsuperbatch [36m415[0m [[35m16.8[0m% ([36m128[0m/[36m763[0m batches, [36m3723829[0m pos/sec)]
Estimated time to end of superbatch: [36m22.5[0ms     [Fsuperbatch [36m415[0m [[35m33.6[0m% ([36m256[0m/[36m763[0m batches, [36m3738628[0m pos/sec)]
Estimated time to end of superbatch: [36m17.8[0ms     [Fsuperbatch [36m415[0m [[35m50.3[0m% ([36m384[0m/[36m763[0m batches, [36m3740711[0m pos/sec)]
Estimated time to end of superbatch: [36m13.3[0ms     [Fsuperbatch [36m415[0m [[35m67.1[0m% ([36m512[0m/[36m763[0m batches, [36m3739324[0m pos/sec)]
Estimated time to end of superbatch: [36m8.8[0ms     [Fsuperbatch [36m415[0m [[35m83.9[0m% ([36m640[0m/[36m763[0m batches, [36m3734953[0m pos/sec)]
Estimated time to end of superbatch: [36m4.3[0ms     [Fsuperbatch [36m415[0m | time [36m26.8[0ms | running loss [36m0.011865[0m | [36m3731395[0m pos/sec | total time [36m11672.2[0ms
Estimated time remaining in training: [36m2[0mh [36m32[0mm [36m20[0ms
LR dropped to [36m0.00043840002[0m
superbatch [36m416[0m [[35m0.0[0m% ([36m0[0m/[36m763[0m batches, [36m3610287[0m pos/sec)]
Estimated time to end of superbatch: [36minf[0ms     [Fsuperbatch [36m416[0m [[35m16.8[0m% ([36m128[0m/[36m763[0m batches, [36m3764748[0m pos/sec)]
Estimated time to end of superbatch: [36m22.3[0ms     [Fsuperbatch [36m416[0m [[35m33.6[0m% ([36m256[0m/[36m763[0m batches, [36m3758402[0m pos/sec)]
Estimated time to end of superbatch: [36m17.8[0ms     [Fsuperbatch [36m416[0m [[35m50.3[0m% ([36m384[0m/[36m763[0m batches, [36m3750430[0m pos/sec)]
Estimated time to end of superbatch: [36m13.3[0ms     [Fsuperbatch [36m416[0m [[35m67.1[0m% ([36m512[0m/[36m763[0m batches, [36m3750403[0m pos/sec)]
Estimated time to end of superbatch: [36m8.8[0ms     [Fsuperbatch [36m416[0m [[35m83.9[0m% ([36m640[0m/[36m763[0m batches, [36m3740428[0m pos/sec)]
Estimated time to end of superbatch: [36m4.3[0ms     [Fsuperbatch [36m416[0m | time [36m26.7[0ms | running loss [36m0.011555[0m | [36m3748063[0m pos/sec | total time [36m11698.9[0ms
Estimated time remaining in training: [36m2[0mh [36m31[0mm [36m51[0ms
LR dropped to [36m0.00043705[0m
superbatch [36m417[0m [[35m0.0[0m% ([36m0[0m/[36m763[0m batches, [36m3719630[0m pos/sec)]
Estimated time to end of superbatch: [36minf[0ms     [Fsuperbatch [36m417[0m [[35m16.8[0m% ([36m128[0m/[36m763[0m batches, [36m3747386[0m pos/sec)]
Estimated time to end of superbatch: [36m22.4[0ms     [Fsuperbatch [36m417[0m [[35m33.6[0m% ([36m256[0m/[36m763[0m batches, [36m3743167[0m pos/sec)]
Estimated time to end of superbatch: [36m17.8[0ms     [Fsuperbatch [36m417[0m [[35m50.3[0m% ([36m384[0m/[36m763[0m batches, [36m3737856[0m pos/sec)]
Estimated time to end of superbatch: [36m13.3[0ms     [Fsuperbatch [36m417[0m [[35m67.1[0m% ([36m512[0m/[36m763[0m batches, [36m3747844[0m pos/sec)]
Estimated time to end of superbatch: [36m8.8[0ms     [Fsuperbatch [36m417[0m [[35m83.9[0m% ([36m640[0m/[36m763[0m batches, [36m3748967[0m pos/sec)]
Estimated time to end of superbatch: [36m4.3[0ms     [Fsuperbatch [36m417[0m | time [36m26.7[0ms | running loss [36m0.011872[0m | [36m3752078[0m pos/sec | total time [36m11725.6[0ms
Estimated time remaining in training: [36m2[0mh [36m31[0mm [36m22[0ms
LR dropped to [36m0.0004357[0m
superbatch [36m418[0m [[35m0.0[0m% ([36m0[0m/[36m763[0m batches, [36m3974923[0m pos/sec)]
Estimated time to end of superbatch: [36minf[0ms     [Fsuperbatch [36m418[0m [[35m16.8[0m% ([36m128[0m/[36m763[0m batches, [36m3774024[0m pos/sec)]
Estimated time to end of superbatch: [36m22.2[0ms     [Fsuperbatch [36m418[0m [[35m33.6[0m% ([36m256[0m/[36m763[0m batches, [36m3771436[0m pos/sec)]
Estimated time to end of superbatch: [36m17.7[0ms     [Fsuperbatch [36m418[0m [[35m50.3[0m% ([36m384[0m/[36m763[0m batches, [36m3757574[0m pos/sec)]
Estimated time to end of superbatch: [36m13.3[0ms     [Fsuperbatch [36m418[0m [[35m67.1[0m% ([36m512[0m/[36m763[0m batches, [36m3739915[0m pos/sec)]
Estimated time to end of superbatch: [36m8.8[0ms     [Fsuperbatch [36m418[0m [[35m83.9[0m% ([36m640[0m/[36m763[0m batches, [36m3732206[0m pos/sec)]
Estimated time to end of superbatch: [36m4.3[0ms     [Fsuperbatch [36m418[0m | time [36m26.7[0ms | running loss [36m0.011573[0m | [36m3739484[0m pos/sec | total time [36m11752.3[0ms
Estimated time remaining in training: [36m2[0mh [36m30[0mm [36m53[0ms
LR dropped to [36m0.00043435[0m
superbatch [36m419[0m [[35m0.0[0m% ([36m0[0m/[36m763[0m batches, [36m3727404[0m pos/sec)]
Estimated time to end of superbatch: [36minf[0ms     [Fsuperbatch [36m419[0m [[35m16.8[0m% ([36m128[0m/[36m763[0m batches, [36m3696224[0m pos/sec)]
Estimated time to end of superbatch: [36m22.7[0ms     [Fsuperbatch [36m419[0m [[35m33.6[0m% ([36m256[0m/[36m763[0m batches, [36m3691269[0m pos/sec)]
Estimated time to end of superbatch: [36m18.1[0ms     [Fsuperbatch [36m419[0m [[35m50.3[0m% ([36m384[0m/[36m763[0m batches, [36m3703139[0m pos/sec)]
Estimated time to end of superbatch: [36m13.4[0ms     [Fsuperbatch [36m419[0m [[35m67.1[0m% ([36m512[0m/[36m763[0m batches, [36m3701351[0m pos/sec)]
Estimated time to end of superbatch: [36m8.9[0ms     [Fsuperbatch [36m419[0m [[35m83.9[0m% ([36m640[0m/[36m763[0m batches, [36m3701341[0m pos/sec)]
Estimated time to end of superbatch: [36m4.4[0ms     [Fsuperbatch [36m419[0m | time [36m27.0[0ms | running loss [36m0.011858[0m | [36m3707814[0m pos/sec | total time [36m11779.3[0ms
Estimated time remaining in training: [36m2[0mh [36m30[0mm [36m24[0ms
LR dropped to [36m0.00043299998[0m
superbatch [36m420[0m [[35m0.0[0m% ([36m0[0m/[36m763[0m batches, [36m3338001[0m pos/sec)]
Estimated time to end of superbatch: [36minf[0ms     [Fsuperbatch [36m420[0m [[35m16.8[0m% ([36m128[0m/[36m763[0m batches, [36m3741054[0m pos/sec)]
Estimated time to end of superbatch: [36m22.4[0ms     [Fsuperbatch [36m420[0m [[35m33.6[0m% ([36m256[0m/[36m763[0m batches, [36m3767188[0m pos/sec)]
Estimated time to end of superbatch: [36m17.7[0ms     [Fsuperbatch [36m420[0m [[35m50.3[0m% ([36m384[0m/[36m763[0m batches, [36m3749054[0m pos/sec)]
Estimated time to end of superbatch: [36m13.3[0ms     [Fsuperbatch [36m420[0m [[35m67.1[0m% ([36m512[0m/[36m763[0m batches, [36m3741095[0m pos/sec)]
Estimated time to end of superbatch: [36m8.8[0ms     [Fsuperbatch [36m420[0m [[35m83.9[0m% ([36m640[0m/[36m763[0m batches, [36m3722780[0m pos/sec)]
Estimated time to end of superbatch: [36m4.3[0ms     [Fsuperbatch [36m420[0m | time [36m26.8[0ms | running loss [36m0.011622[0m | [36m3730735[0m pos/sec | total time [36m11806.1[0ms
Estimated time remaining in training: [36m2[0mh [36m29[0mm [36m55[0ms
Saved [anna-v5-s1-420]
LR dropped to [36m0.00043165003[0m
superbatch [36m421[0m [[35m0.0[0m% ([36m0[0m/[36m763[0m batches, [36m3843153[0m pos/sec)]
Estimated time to end of superbatch: [36minf[0ms     [Fsuperbatch [36m421[0m [[35m16.8[0m% ([36m128[0m/[36m763[0m batches, [36m3686411[0m pos/sec)]
Estimated time to end of superbatch: [36m22.8[0ms     [Fsuperbatch [36m421[0m [[35m33.6[0m% ([36m256[0m/[36m763[0m batches, [36m3731382[0m pos/sec)]
Estimated time to end of superbatch: [36m17.9[0ms     [Fsuperbatch [36m421[0m [[35m50.3[0m% ([36m384[0m/[36m763[0m batches, [36m3725328[0m pos/sec)]
Estimated time to end of superbatch: [36m13.4[0ms     [Fsuperbatch [36m421[0m [[35m67.1[0m% ([36m512[0m/[36m763[0m batches, [36m3733760[0m pos/sec)]
Estimated time to end of superbatch: [36m8.8[0ms     [Fsuperbatch [36m421[0m [[35m83.9[0m% ([36m640[0m/[36m763[0m batches, [36m3728252[0m pos/sec)]
Estimated time to end of superbatch: [36m4.3[0ms     [Fsuperbatch [36m421[0m | time [36m26.9[0ms | running loss [36m0.011882[0m | [36m3718436[0m pos/sec | total time [36m11835.9[0ms
Estimated time remaining in training: [36m2[0mh [36m29[0mm [36m28[0ms
LR dropped to [36m0.00043030002[0m
superbatch [36m422[0m [[35m0.0[0m% ([36m0[0m/[36m763[0m batches, [36m3346557[0m pos/sec)]
Estimated time to end of superbatch: [36minf[0ms     [Fsuperbatch [36m422[0m [[35m16.8[0m% ([36m128[0m/[36m763[0m batches, [36m3650835[0m pos/sec)]
Estimated time to end of superbatch: [36m23.0[0ms     [Fsuperbatch [36m422[0m [[35m33.6[0m% ([36m256[0m/[36m763[0m batches, [36m3698346[0m pos/sec)]
Estimated time to end of superbatch: [36m18.0[0ms     [Fsuperbatch [36m422[0m [[35m50.3[0m% ([36m384[0m/[36m763[0m batches, [36m3682521[0m pos/sec)]
Estimated time to end of superbatch: [36m13.5[0ms     [Fsuperbatch [36m422[0m [[35m67.1[0m% ([36m512[0m/[36m763[0m batches, [36m3688731[0m pos/sec)]
Estimated time to end of superbatch: [36m8.9[0ms     [Fsuperbatch [36m422[0m [[35m83.9[0m% ([36m640[0m/[36m763[0m batches, [36m3699741[0m pos/sec)]
Estimated time to end of superbatch: [36m4.4[0ms     [Fsuperbatch [36m422[0m | time [36m26.9[0ms | running loss [36m0.011642[0m | [36m3711310[0m pos/sec | total time [36m11862.9[0ms
Estimated time remaining in training: [36m2[0mh [36m28[0mm [36m59[0ms
LR dropped to [36m0.00042895006[0m
superbatch [36m423[0m [[35m0.0[0m% ([36m0[0m/[36m763[0m batches, [36m3652567[0m pos/sec)]
Estimated time to end of superbatch: [36minf[0ms     [Fsuperbatch [36m423[0m [[35m16.8[0m% ([36m128[0m/[36m763[0m batches, [36m3675046[0m pos/sec)]
Estimated time to end of superbatch: [36m22.8[0ms     [Fsuperbatch [36m423[0m [[35m33.6[0m% ([36m256[0m/[36m763[0m batches, [36m3626376[0m pos/sec)]
Estimated time to end of superbatch: [36m18.4[0ms     [Fsuperbatch [36m423[0m [[35m50.3[0m% ([36m384[0m/[36m763[0m batches, [36m3644147[0m pos/sec)]
Estimated time to end of superbatch: [36m13.7[0ms     [Fsuperbatch [36m423[0m [[35m67.1[0m% ([36m512[0m/[36m763[0m batches, [36m3663492[0m pos/sec)]
Estimated time to end of superbatch: [36m9.0[0ms     [Fsuperbatch [36m423[0m [[35m83.9[0m% ([36m640[0m/[36m763[0m batches, [36m3683695[0m pos/sec)]
Estimated time to end of superbatch: [36m4.4[0ms     [Fsuperbatch [36m423[0m | time [36m27.0[0ms | running loss [36m0.011889[0m | [36m3697962[0m pos/sec | total time [36m11889.9[0ms
Estimated time remaining in training: [36m2[0mh [36m28[0mm [36m30[0ms
LR dropped to [36m0.00042760005[0m
superbatch [36m424[0m [[35m0.0[0m% ([36m0[0m/[36m763[0m batches, [36m3886205[0m pos/sec)]
Estimated time to end of superbatch: [36minf[0ms     [Fsuperbatch [36m424[0m [[35m16.8[0m% ([36m128[0m/[36m763[0m batches, [36m3743074[0m pos/sec)]
Estimated time to end of superbatch: [36m22.4[0ms     [Fsuperbatch [36m424[0m [[35m33.6[0m% ([36m256[0m/[36m763[0m batches, [36m3757124[0m pos/sec)]
Estimated time to end of superbatch: [36m17.8[0ms     [Fsuperbatch [36m424[0m [[35m50.3[0m% ([36m384[0m/[36m763[0m batches, [36m3713731[0m pos/sec)]
Estimated time to end of superbatch: [36m13.4[0ms     [Fsuperbatch [36m424[0m [[35m67.1[0m% ([36m512[0m/[36m763[0m batches, [36m3704608[0m pos/sec)]
Estimated time to end of superbatch: [36m8.9[0ms     [Fsuperbatch [36m424[0m [[35m83.9[0m% ([36m640[0m/[36m763[0m batches, [36m3707308[0m pos/sec)]
Estimated time to end of superbatch: [36m4.4[0ms     [Fsuperbatch [36m424[0m | time [36m27.1[0ms | running loss [36m0.011685[0m | [36m3695459[0m pos/sec | total time [36m11917.0[0ms
Estimated time remaining in training: [36m2[0mh [36m28[0mm [36m1[0ms
LR dropped to [36m0.00042625004[0m
superbatch [36m425[0m [[35m0.0[0m% ([36m0[0m/[36m763[0m batches, [36m4252642[0m pos/sec)]
Estimated time to end of superbatch: [36minf[0ms     [Fsuperbatch [36m425[0m [[35m16.8[0m% ([36m128[0m/[36m763[0m batches, [36m3738316[0m pos/sec)]
Estimated time to end of superbatch: [36m22.4[0ms     [Fsuperbatch [36m425[0m [[35m33.6[0m% ([36m256[0m/[36m763[0m batches, [36m3721713[0m pos/sec)]
Estimated time to end of superbatch: [36m17.9[0ms     [Fsuperbatch [36m425[0m [[35m50.3[0m% ([36m384[0m/[36m763[0m batches, [36m3742158[0m pos/sec)]
Estimated time to end of superbatch: [36m13.3[0ms     [Fsuperbatch [36m425[0m [[35m67.1[0m% ([36m512[0m/[36m763[0m batches, [36m3749860[0m pos/sec)]
Estimated time to end of superbatch: [36m8.8[0ms     [Fsuperbatch [36m425[0m [[35m83.9[0m% ([36m640[0m/[36m763[0m batches, [36m3725950[0m pos/sec)]
Estimated time to end of superbatch: [36m4.3[0ms     [Fsuperbatch [36m425[0m | time [36m26.9[0ms | running loss [36m0.011919[0m | [36m3720508[0m pos/sec | total time [36m11943.9[0ms
Estimated time remaining in training: [36m2[0mh [36m27[0mm [36m32[0ms
LR dropped to [36m0.00042490003[0m
superbatch [36m426[0m [[35m0.0[0m% ([36m0[0m/[36m763[0m batches, [36m3461281[0m pos/sec)]
Estimated time to end of superbatch: [36minf[0ms     [Fsuperbatch [36m426[0m [[35m16.8[0m% ([36m128[0m/[36m763[0m batches, [36m3783088[0m pos/sec)]
Estimated time to end of superbatch: [36m22.2[0ms     [Fsuperbatch [36m426[0m [[35m33.6[0m% ([36m256[0m/[36m763[0m batches, [36m3776132[0m pos/sec)]
Estimated time to end of superbatch: [36m17.7[0ms     [Fsuperbatch [36m426[0m [[35m50.3[0m% ([36m384[0m/[36m763[0m batches, [36m3763830[0m pos/sec)]
Estimated time to end of superbatch: [36m13.2[0ms     [Fsuperbatch [36m426[0m [[35m67.1[0m% ([36m512[0m/[36m763[0m batches, [36m3743762[0m pos/sec)]
Estimated time to end of superbatch: [36m8.8[0ms     [Fsuperbatch [36m426[0m [[35m83.9[0m% ([36m640[0m/[36m763[0m batches, [36m3742838[0m pos/sec)]
Estimated time to end of superbatch: [36m4.3[0ms     [Fsuperbatch [36m426[0m | time [36m26.7[0ms | running loss [36m0.011713[0m | [36m3742988[0m pos/sec | total time [36m11970.6[0ms
Estimated time remaining in training: [36m2[0mh [36m27[0mm [36m3[0ms
LR dropped to [36m0.00042355002[0m
superbatch [36m427[0m [[35m0.0[0m% ([36m0[0m/[36m763[0m batches, [36m3777060[0m pos/sec)]
Estimated time to end of superbatch: [36minf[0ms     [Fsuperbatch [36m427[0m [[35m16.8[0m% ([36m128[0m/[36m763[0m batches, [36m3715572[0m pos/sec)]
Estimated time to end of superbatch: [36m22.6[0ms     [Fsuperbatch [36m427[0m [[35m33.6[0m% ([36m256[0m/[36m763[0m batches, [36m3695380[0m pos/sec)]
Estimated time to end of superbatch: [36m18.1[0ms     [Fsuperbatch [36m427[0m [[35m50.3[0m% ([36m384[0m/[36m763[0m batches, [36m3715826[0m pos/sec)]
Estimated time to end of superbatch: [36m13.4[0ms     [Fsuperbatch [36m427[0m [[35m67.1[0m% ([36m512[0m/[36m763[0m batches, [36m3728662[0m pos/sec)]
Estimated time to end of superbatch: [36m8.8[0ms     [Fsuperbatch [36m427[0m [[35m83.9[0m% ([36m640[0m/[36m763[0m batches, [36m3735778[0m pos/sec)]
Estimated time to end of superbatch: [36m4.3[0ms     [Fsuperbatch [36m427[0m | time [36m26.7[0ms | running loss [36m0.011918[0m | [36m3738950[0m pos/sec | total time [36m11997.3[0ms
Estimated time remaining in training: [36m2[0mh [36m26[0mm [36m34[0ms
LR dropped to [36m0.0004222[0m
superbatch [36m428[0m [[35m0.0[0m% ([36m0[0m/[36m763[0m batches, [36m3704198[0m pos/sec)]
Estimated time to end of superbatch: [36minf[0ms     [Fsuperbatch [36m428[0m [[35m16.8[0m% ([36m128[0m/[36m763[0m batches, [36m3769942[0m pos/sec)]
Estimated time to end of superbatch: [36m22.2[0ms     [Fsuperbatch [36m428[0m [[35m33.6[0m% ([36m256[0m/[36m763[0m batches, [36m3772320[0m pos/sec)]
Estimated time to end of superbatch: [36m17.7[0ms     [Fsuperbatch [36m428[0m [[35m50.3[0m% ([36m384[0m/[36m763[0m batches, [36m3760532[0m pos/sec)]
Estimated time to end of superbatch: [36m13.2[0ms     [Fsuperbatch [36m428[0m [[35m67.1[0m% ([36m512[0m/[36m763[0m batches, [36m3747696[0m pos/sec)]
Estimated time to end of superbatch: [36m8.8[0ms     [Fsuperbatch [36m428[0m [[35m83.9[0m% ([36m640[0m/[36m763[0m batches, [36m3730242[0m pos/sec)]
Estimated time to end of superbatch: [36m4.3[0ms     [Fsuperbatch [36m428[0m | time [36m26.8[0ms | running loss [36m0.011746[0m | [36m3735221[0m pos/sec | total time [36m12024.1[0ms
Estimated time remaining in training: [36m2[0mh [36m26[0mm [36m5[0ms
LR dropped to [36m0.00042085[0m
superbatch [36m429[0m [[35m0.0[0m% ([36m0[0m/[36m763[0m batches, [36m3503769[0m pos/sec)]
Estimated time to end of superbatch: [36minf[0ms     [Fsuperbatch [36m429[0m [[35m16.8[0m% ([36m128[0m/[36m763[0m batches, [36m3775113[0m pos/sec)]
Estimated time to end of superbatch: [36m22.2[0ms     [Fsuperbatch [36m429[0m [[35m33.6[0m% ([36m256[0m/[36m763[0m batches, [36m3768533[0m pos/sec)]
Estimated time to end of superbatch: [36m17.7[0ms     [Fsuperbatch [36m429[0m [[35m50.3[0m% ([36m384[0m/[36m763[0m batches, [36m3756328[0m pos/sec)]
Estimated time to end of superbatch: [36m13.3[0ms     [Fsuperbatch [36m429[0m [[35m67.1[0m% ([36m512[0m/[36m763[0m batches, [36m3758925[0m pos/sec)]
Estimated time to end of superbatch: [36m8.8[0ms     [Fsuperbatch [36m429[0m [[35m83.9[0m% ([36m640[0m/[36m763[0m batches, [36m3760580[0m pos/sec)]
Estimated time to end of superbatch: [36m4.3[0ms     [Fsuperbatch [36m429[0m | time [36m26.7[0ms | running loss [36m0.011928[0m | [36m3742206[0m pos/sec | total time [36m12050.8[0ms
Estimated time remaining in training: [36m2[0mh [36m25[0mm [36m36[0ms
LR dropped to [36m0.0004195[0m
superbatch [36m430[0m [[35m0.0[0m% ([36m0[0m/[36m763[0m batches, [36m3662720[0m pos/sec)]
Estimated time to end of superbatch: [36minf[0ms     [Fsuperbatch [36m430[0m [[35m16.8[0m% ([36m128[0m/[36m763[0m batches, [36m3696419[0m pos/sec)]
Estimated time to end of superbatch: [36m22.7[0ms     [Fsuperbatch [36m430[0m [[35m33.6[0m% ([36m256[0m/[36m763[0m batches, [36m3735946[0m pos/sec)]
Estimated time to end of superbatch: [36m17.9[0ms     [Fsuperbatch [36m430[0m [[35m50.3[0m% ([36m384[0m/[36m763[0m batches, [36m3743250[0m pos/sec)]
Estimated time to end of superbatch: [36m13.3[0ms     [Fsuperbatch [36m430[0m [[35m67.1[0m% ([36m512[0m/[36m763[0m batches, [36m3738861[0m pos/sec)]
Estimated time to end of superbatch: [36m8.8[0ms     [Fsuperbatch [36m430[0m [[35m83.9[0m% ([36m640[0m/[36m763[0m batches, [36m3721166[0m pos/sec)]
Estimated time to end of superbatch: [36m4.3[0ms     [Fsuperbatch [36m430[0m | time [36m26.9[0ms | running loss [36m0.011791[0m | [36m3722142[0m pos/sec | total time [36m12077.7[0ms
Estimated time remaining in training: [36m2[0mh [36m25[0mm [36m7[0ms
Saved [anna-v5-s1-430]
LR dropped to [36m0.00041814998[0m
superbatch [36m431[0m [[35m0.0[0m% ([36m0[0m/[36m763[0m batches, [36m3672404[0m pos/sec)]
Estimated time to end of superbatch: [36minf[0ms     [Fsuperbatch [36m431[0m [[35m16.8[0m% ([36m128[0m/[36m763[0m batches, [36m3742994[0m pos/sec)]
Estimated time to end of superbatch: [36m22.4[0ms     [Fsuperbatch [36m431[0m [[35m33.6[0m% ([36m256[0m/[36m763[0m batches, [36m3697206[0m pos/sec)]
Estimated time to end of superbatch: [36m18.0[0ms     [Fsuperbatch [36m431[0m [[35m50.3[0m% ([36m384[0m/[36m763[0m batches, [36m3698589[0m pos/sec)]
Estimated time to end of superbatch: [36m13.5[0ms     [Fsuperbatch [36m431[0m [[35m67.1[0m% ([36m512[0m/[36m763[0m batches, [36m3698024[0m pos/sec)]
Estimated time to end of superbatch: [36m8.9[0ms     [Fsuperbatch [36m431[0m [[35m83.9[0m% ([36m640[0m/[36m763[0m batches, [36m3691959[0m pos/sec)]
Estimated time to end of superbatch: [36m4.4[0ms     [Fsuperbatch [36m431[0m | time [36m27.1[0ms | running loss [36m0.011923[0m | [36m3684517[0m pos/sec | total time [36m12107.8[0ms
Estimated time remaining in training: [36m2[0mh [36m24[0mm [36m40[0ms
LR dropped to [36m0.00041680003[0m
superbatch [36m432[0m [[35m0.0[0m% ([36m0[0m/[36m763[0m batches, [36m3279820[0m pos/sec)]
Estimated time to end of superbatch: [36minf[0ms     [Fsuperbatch [36m432[0m [[35m16.8[0m% ([36m128[0m/[36m763[0m batches, [36m3642391[0m pos/sec)]
Estimated time to end of superbatch: [36m23.0[0ms     [Fsuperbatch [36m432[0m [[35m33.6[0m% ([36m256[0m/[36m763[0m batches, [36m3639310[0m pos/sec)]
Estimated time to end of superbatch: [36m18.3[0ms     [Fsuperbatch [36m432[0m [[35m50.3[0m% ([36m384[0m/[36m763[0m batches, [36m3628993[0m pos/sec)]
Estimated time to end of superbatch: [36m13.7[0ms     [Fsuperbatch [36m432[0m [[35m67.1[0m% ([36m512[0m/[36m763[0m batches, [36m3608697[0m pos/sec)]
Estimated time to end of superbatch: [36m9.1[0ms     [Fsuperbatch [36m432[0m [[35m83.9[0m% ([36m640[0m/[36m763[0m batches, [36m3605832[0m pos/sec)]
Estimated time to end of superbatch: [36m4.5[0ms     [Fsuperbatch [36m432[0m | time [36m27.7[0ms | running loss [36m0.012021[0m | [36m3605274[0m pos/sec | total time [36m12135.6[0ms
Estimated time remaining in training: [36m2[0mh [36m24[0mm [36m12[0ms
LR dropped to [36m0.00041545002[0m
superbatch [36m433[0m [[35m0.0[0m% ([36m0[0m/[36m763[0m batches, [36m3753021[0m pos/sec)]
Estimated time to end of superbatch: [36minf[0ms     [Fsuperbatch [36m433[0m [[35m16.8[0m% ([36m128[0m/[36m763[0m batches, [36m3597162[0m pos/sec)]
Estimated time to end of superbatch: [36m23.3[0ms     [Fsuperbatch [36m433[0m [[35m33.6[0m% ([36m256[0m/[36m763[0m batches, [36m3597814[0m pos/sec)]
Estimated time to end of superbatch: [36m18.5[0ms     [Fsuperbatch [36m433[0m [[35m50.3[0m% ([36m384[0m/[36m763[0m batches, [36m3615500[0m pos/sec)]
Estimated time to end of superbatch: [36m13.8[0ms     [Fsuperbatch [36m433[0m [[35m67.1[0m% ([36m512[0m/[36m763[0m batches, [36m3635008[0m pos/sec)]
Estimated time to end of superbatch: [36m9.1[0ms     [Fsuperbatch [36m433[0m [[35m83.9[0m% ([36m640[0m/[36m763[0m batches, [36m3652428[0m pos/sec)]
Estimated time to end of superbatch: [36m4.4[0ms     [Fsuperbatch [36m433[0m | time [36m27.4[0ms | running loss [36m0.014722[0m | [36m3646620[0m pos/sec | total time [36m12163.0[0ms
Estimated time remaining in training: [36m2[0mh [36m23[0mm [36m43[0ms
LR dropped to [36m0.00041410007[0m
superbatch [36m434[0m [[35m0.0[0m% ([36m0[0m/[36m763[0m batches, [36m3967304[0m pos/sec)]
Estimated time to end of superbatch: [36minf[0ms     [Fsuperbatch [36m434[0m [[35m16.8[0m% ([36m128[0m/[36m763[0m batches, [36m3702499[0m pos/sec)]
Estimated time to end of superbatch: [36m22.7[0ms     [Fsuperbatch [36m434[0m [[35m33.6[0m% ([36m256[0m/[36m763[0m batches, [36m3713955[0m pos/sec)]
Estimated time to end of superbatch: [36m18.0[0ms     [Fsuperbatch [36m434[0m [[35m50.3[0m% ([36m384[0m/[36m763[0m batches, [36m3715466[0m pos/sec)]
Estimated time to end of superbatch: [36m13.4[0ms     [Fsuperbatch [36m434[0m [[35m67.1[0m% ([36m512[0m/[36m763[0m batches, [36m3675292[0m pos/sec)]
Estimated time to end of superbatch: [36m9.0[0ms     [Fsuperbatch [36m434[0m [[35m83.9[0m% ([36m640[0m/[36m763[0m batches, [36m3666703[0m pos/sec)]
Estimated time to end of superbatch: [36m4.4[0ms     [Fsuperbatch [36m434[0m | time [36m27.3[0ms | running loss [36m0.014973[0m | [36m3663671[0m pos/sec | total time [36m12190.3[0ms
Estimated time remaining in training: [36m2[0mh [36m23[0mm [36m15[0ms
LR dropped to [36m0.00041275006[0m
superbatch [36m435[0m [[35m0.0[0m% ([36m0[0m/[36m763[0m batches, [36m4038473[0m pos/sec)]
Estimated time to end of superbatch: [36minf[0ms     [Fsuperbatch [36m435[0m [[35m16.8[0m% ([36m128[0m/[36m763[0m batches, [36m3594020[0m pos/sec)]
Estimated time to end of superbatch: [36m23.3[0ms     [Fsuperbatch [36m435[0m [[35m33.6[0m% ([36m256[0m/[36m763[0m batches, [36m3600003[0m pos/sec)]
Estimated time to end of superbatch: [36m18.5[0ms     [Fsuperbatch [36m435[0m [[35m50.3[0m% ([36m384[0m/[36m763[0m batches, [36m3584807[0m pos/sec)]
Estimated time to end of superbatch: [36m13.9[0ms     [Fsuperbatch [36m435[0m [[35m67.1[0m% ([36m512[0m/[36m763[0m batches, [36m3579272[0m pos/sec)]
Estimated time to end of superbatch: [36m9.2[0ms     [Fsuperbatch [36m435[0m [[35m83.9[0m% ([36m640[0m/[36m763[0m batches, [36m3598004[0m pos/sec)]
Estimated time to end of superbatch: [36m4.5[0ms     [Fsuperbatch [36m435[0m | time [36m27.7[0ms | running loss [36m0.014941[0m | [36m3609421[0m pos/sec | total time [36m12218.0[0ms
Estimated time remaining in training: [36m2[0mh [36m22[0mm [36m46[0ms
LR dropped to [36m0.00041140005[0m
superbatch [36m436[0m [[35m0.0[0m% ([36m0[0m/[36m763[0m batches, [36m3335102[0m pos/sec)]
Estimated time to end of superbatch: [36minf[0ms     [Fsuperbatch [36m436[0m [[35m16.8[0m% ([36m128[0m/[36m763[0m batches, [36m3724371[0m pos/sec)]
Estimated time to end of superbatch: [36m22.5[0ms     [Fsuperbatch [36m436[0m [[35m33.6[0m% ([36m256[0m/[36m763[0m batches, [36m3718340[0m pos/sec)]
Estimated time to end of superbatch: [36m17.9[0ms     [Fsuperbatch [36m436[0m [[35m50.3[0m% ([36m384[0m/[36m763[0m batches, [36m3720005[0m pos/sec)]
Estimated time to end of superbatch: [36m13.4[0ms     [Fsuperbatch [36m436[0m [[35m67.1[0m% ([36m512[0m/[36m763[0m batches, [36m3691009[0m pos/sec)]
Estimated time to end of superbatch: [36m8.9[0ms     [Fsuperbatch [36m436[0m [[35m83.9[0m% ([36m640[0m/[36m763[0m batches, [36m3698340[0m pos/sec)]
Estimated time to end of superbatch: [36m4.4[0ms     [Fsuperbatch [36m436[0m | time [36m27.0[0ms | running loss [36m0.014869[0m | [36m3705397[0m pos/sec | total time [36m12245.0[0ms
Estimated time remaining in training: [36m2[0mh [36m22[0mm [36m17[0ms
LR dropped to [36m0.00041005004[0m
superbatch [36m437[0m [[35m0.0[0m% ([36m0[0m/[36m763[0m batches, [36m3586114[0m pos/sec)]
Estimated time to end of superbatch: [36minf[0ms     [Fsuperbatch [36m437[0m [[35m16.8[0m% ([36m128[0m/[36m763[0m batches, [36m3764256[0m pos/sec)]
Estimated time to end of superbatch: [36m22.3[0ms     [Fsuperbatch [36m437[0m [[35m33.6[0m% ([36m256[0m/[36m763[0m batches, [36m3724871[0m pos/sec)]
Estimated time to end of superbatch: [36m17.9[0ms     [Fsuperbatch [36m437[0m [[35m50.3[0m% ([36m384[0m/[36m763[0m batches, [36m3700678[0m pos/sec)]
Estimated time to end of superbatch: [36m13.5[0ms     [Fsuperbatch [36m437[0m [[35m67.1[0m% ([36m512[0m/[36m763[0m batches, [36m3692860[0m pos/sec)]
Estimated time to end of superbatch: [36m8.9[0ms     [Fsuperbatch [36m437[0m [[35m83.9[0m% ([36m640[0m/[36m763[0m batches, [36m3691316[0m pos/sec)]
Estimated time to end of superbatch: [36m4.4[0ms     [Fsuperbatch [36m437[0m | time [36m27.2[0ms | running loss [36m0.014879[0m | [36m3675574[0m pos/sec | total time [36m12272.2[0ms
Estimated time remaining in training: [36m2[0mh [36m21[0mm [36m49[0ms
LR dropped to [36m0.00040870003[0m
superbatch [36m438[0m [[35m0.0[0m% ([36m0[0m/[36m763[0m batches, [36m3619240[0m pos/sec)]
Estimated time to end of superbatch: [36minf[0ms     [Fsuperbatch [36m438[0m [[35m16.8[0m% ([36m128[0m/[36m763[0m batches, [36m3681322[0m pos/sec)]
Estimated time to end of superbatch: [36m22.8[0ms     [Fsuperbatch [36m438[0m [[35m33.6[0m% ([36m256[0m/[36m763[0m batches, [36m3673581[0m pos/sec)]
Estimated time to end of superbatch: [36m18.2[0ms     [Fsuperbatch [36m438[0m [[35m50.3[0m% ([36m384[0m/[36m763[0m batches, [36m3661915[0m pos/sec)]
Estimated time to end of superbatch: [36m13.6[0ms     [Fsuperbatch [36m438[0m [[35m67.1[0m% ([36m512[0m/[36m763[0m batches, [36m3658788[0m pos/sec)]
Estimated time to end of superbatch: [36m9.0[0ms     [Fsuperbatch [36m438[0m [[35m83.9[0m% ([36m640[0m/[36m763[0m batches, [36m3660312[0m pos/sec)]
Estimated time to end of superbatch: [36m4.4[0ms     [Fsuperbatch [36m438[0m | time [36m27.2[0ms | running loss [36m0.014828[0m | [36m3676405[0m pos/sec | total time [36m12299.4[0ms
Estimated time remaining in training: [36m2[0mh [36m21[0mm [36m20[0ms
LR dropped to [36m0.00040735002[0m
superbatch [36m439[0m [[35m0.0[0m% ([36m0[0m/[36m763[0m batches, [36m4229905[0m pos/sec)]
Estimated time to end of superbatch: [36minf[0ms     [Fsuperbatch [36m439[0m [[35m16.8[0m% ([36m128[0m/[36m763[0m batches, [36m3743611[0m pos/sec)]
Estimated time to end of superbatch: [36m22.4[0ms     [Fsuperbatch [36m439[0m [[35m33.6[0m% ([36m256[0m/[36m763[0m batches, [36m3722781[0m pos/sec)]
Estimated time to end of superbatch: [36m17.9[0ms     [Fsuperbatch [36m439[0m [[35m50.3[0m% ([36m384[0m/[36m763[0m batches, [36m3717342[0m pos/sec)]
Estimated time to end of superbatch: [36m13.4[0ms     [Fsuperbatch [36m439[0m [[35m67.1[0m% ([36m512[0m/[36m763[0m batches, [36m3717185[0m pos/sec)]
Estimated time to end of superbatch: [36m8.9[0ms     [Fsuperbatch [36m439[0m [[35m83.9[0m% ([36m640[0m/[36m763[0m batches, [36m3724994[0m pos/sec)]
Estimated time to end of superbatch: [36m4.3[0ms     [Fsuperbatch [36m439[0m | time [36m26.8[0ms | running loss [36m0.014818[0m | [36m3726568[0m pos/sec | total time [36m12326.3[0ms
Estimated time remaining in training: [36m2[0mh [36m20[0mm [36m51[0ms
LR dropped to [36m0.000406[0m
superbatch [36m440[0m [[35m0.0[0m% ([36m0[0m/[36m763[0m batches, [36m3620596[0m pos/sec)]
Estimated time to end of superbatch: [36minf[0ms     [Fsuperbatch [36m440[0m [[35m16.8[0m% ([36m128[0m/[36m763[0m batches, [36m3720445[0m pos/sec)]
Estimated time to end of superbatch: [36m22.5[0ms     [Fsuperbatch [36m440[0m [[35m33.6[0m% ([36m256[0m/[36m763[0m batches, [36m3748848[0m pos/sec)]
Estimated time to end of superbatch: [36m17.8[0ms     [Fsuperbatch [36m440[0m [[35m50.3[0m% ([36m384[0m/[36m763[0m batches, [36m3757394[0m pos/sec)]
Estimated time to end of superbatch: [36m13.3[0ms     [Fsuperbatch [36m440[0m [[35m67.1[0m% ([36m512[0m/[36m763[0m batches, [36m3743378[0m pos/sec)]
Estimated time to end of superbatch: [36m8.8[0ms     [Fsuperbatch [36m440[0m [[35m83.9[0m% ([36m640[0m/[36m763[0m batches, [36m3724983[0m pos/sec)]
Estimated time to end of superbatch: [36m4.3[0ms     [Fsuperbatch [36m440[0m | time [36m26.9[0ms | running loss [36m0.014834[0m | [36m3719624[0m pos/sec | total time [36m12353.1[0ms
Estimated time remaining in training: [36m2[0mh [36m20[0mm [36m22[0ms
Saved [anna-v5-s1-440]
LR dropped to [36m0.00040465[0m
superbatch [36m441[0m [[35m0.0[0m% ([36m0[0m/[36m763[0m batches, [36m3858274[0m pos/sec)]
Estimated time to end of superbatch: [36minf[0ms     [Fsuperbatch [36m441[0m [[35m16.8[0m% ([36m128[0m/[36m763[0m batches, [36m3667089[0m pos/sec)]
Estimated time to end of superbatch: [36m22.9[0ms     [Fsuperbatch [36m441[0m [[35m33.6[0m% ([36m256[0m/[36m763[0m batches, [36m3632297[0m pos/sec)]
Estimated time to end of superbatch: [36m18.4[0ms     [Fsuperbatch [36m441[0m [[35m50.3[0m% ([36m384[0m/[36m763[0m batches, [36m3661482[0m pos/sec)]
Estimated time to end of superbatch: [36m13.6[0ms     [Fsuperbatch [36m441[0m [[35m67.1[0m% ([36m512[0m/[36m763[0m batches, [36m3677185[0m pos/sec)]
Estimated time to end of superbatch: [36m9.0[0ms     [Fsuperbatch [36m441[0m [[35m83.9[0m% ([36m640[0m/[36m763[0m batches, [36m3694404[0m pos/sec)]
Estimated time to end of superbatch: [36m4.4[0ms     [Fsuperbatch [36m441[0m | time [36m27.1[0ms | running loss [36m0.014828[0m | [36m3693223[0m pos/sec | total time [36m12383.2[0ms
Estimated time remaining in training: [36m2[0mh [36m19[0mm [36m55[0ms
LR dropped to [36m0.0004033[0m
superbatch [36m442[0m [[35m0.0[0m% ([36m0[0m/[36m763[0m batches, [36m3161025[0m pos/sec)]
Estimated time to end of superbatch: [36minf[0ms     [Fsuperbatch [36m442[0m [[35m16.8[0m% ([36m128[0m/[36m763[0m batches, [36m3702401[0m pos/sec)]
Estimated time to end of superbatch: [36m22.7[0ms     [Fsuperbatch [36m442[0m [[35m33.6[0m% ([36m256[0m/[36m763[0m batches, [36m3687380[0m pos/sec)]
Estimated time to end of superbatch: [36m18.1[0ms     [Fsuperbatch [36m442[0m [[35m50.3[0m% ([36m384[0m/[36m763[0m batches, [36m3696817[0m pos/sec)]
Estimated time to end of superbatch: [36m13.5[0ms     [Fsuperbatch [36m442[0m [[35m67.1[0m% ([36m512[0m/[36m763[0m batches, [36m3702853[0m pos/sec)]
Estimated time to end of superbatch: [36m8.9[0ms     [Fsuperbatch [36m442[0m [[35m83.9[0m% ([36m640[0m/[36m763[0m batches, [36m3715377[0m pos/sec)]
Estimated time to end of superbatch: [36m4.3[0ms     [Fsuperbatch [36m442[0m | time [36m26.9[0ms | running loss [36m0.014845[0m | [36m3721865[0m pos/sec | total time [36m12410.1[0ms
Estimated time remaining in training: [36m2[0mh [36m19[0mm [36m26[0ms
LR dropped to [36m0.00040195003[0m
superbatch [36m443[0m [[35m0.0[0m% ([36m0[0m/[36m763[0m batches, [36m3887345[0m pos/sec)]
Estimated time to end of superbatch: [36minf[0ms     [Fsuperbatch [36m443[0m [[35m16.8[0m% ([36m128[0m/[36m763[0m batches, [36m3781274[0m pos/sec)]
Estimated time to end of superbatch: [36m22.2[0ms     [Fsuperbatch [36m443[0m [[35m33.6[0m% ([36m256[0m/[36m763[0m batches, [36m3771445[0m pos/sec)]
Estimated time to end of superbatch: [36m17.7[0ms     [Fsuperbatch [36m443[0m [[35m50.3[0m% ([36m384[0m/[36m763[0m batches, [36m3754192[0m pos/sec)]
Estimated time to end of superbatch: [36m13.3[0ms     [Fsuperbatch [36m443[0m [[35m67.1[0m% ([36m512[0m/[36m763[0m batches, [36m3759140[0m pos/sec)]
Estimated time to end of superbatch: [36m8.8[0ms     [Fsuperbatch [36m443[0m [[35m83.9[0m% ([36m640[0m/[36m763[0m batches, [36m3757552[0m pos/sec)]
Estimated time to end of superbatch: [36m4.3[0ms     [Fsuperbatch [36m443[0m | time [36m26.7[0ms | running loss [36m0.014805[0m | [36m3740325[0m pos/sec | total time [36m12436.9[0ms
Estimated time remaining in training: [36m2[0mh [36m18[0mm [36m58[0ms
LR dropped to [36m0.00040060002[0m
superbatch [36m444[0m [[35m0.0[0m% ([36m0[0m/[36m763[0m batches, [36m3198851[0m pos/sec)]
Estimated time to end of superbatch: [36minf[0ms     [Fsuperbatch [36m444[0m [[35m16.8[0m% ([36m128[0m/[36m763[0m batches, [36m3669738[0m pos/sec)]
Estimated time to end of superbatch: [36m22.9[0ms     [Fsuperbatch [36m444[0m [[35m33.6[0m% ([36m256[0m/[36m763[0m batches, [36m3648180[0m pos/sec)]
Estimated time to end of superbatch: [36m18.3[0ms     [Fsuperbatch [36m444[0m [[35m50.3[0m% ([36m384[0m/[36m763[0m batches, [36m3655494[0m pos/sec)]
Estimated time to end of superbatch: [36m13.6[0ms     [Fsuperbatch [36m444[0m [[35m67.1[0m% ([36m512[0m/[36m763[0m batches, [36m3637498[0m pos/sec)]
Estimated time to end of superbatch: [36m9.1[0ms     [Fsuperbatch [36m444[0m [[35m83.9[0m% ([36m640[0m/[36m763[0m batches, [36m3638798[0m pos/sec)]
Estimated time to end of superbatch: [36m4.4[0ms     [Fsuperbatch [36m444[0m | time [36m27.4[0ms | running loss [36m0.014860[0m | [36m3650870[0m pos/sec | total time [36m12464.2[0ms
Estimated time remaining in training: [36m2[0mh [36m18[0mm [36m29[0ms
LR dropped to [36m0.00039925[0m
superbatch [36m445[0m [[35m0.0[0m% ([36m0[0m/[36m763[0m batches, [36m3446023[0m pos/sec)]
Estimated time to end of superbatch: [36minf[0ms     [Fsuperbatch [36m445[0m [[35m16.8[0m% ([36m128[0m/[36m763[0m batches, [36m3703926[0m pos/sec)]
Estimated time to end of superbatch: [36m22.6[0ms     [Fsuperbatch [36m445[0m [[35m33.6[0m% ([36m256[0m/[36m763[0m batches, [36m3683020[0m pos/sec)]
Estimated time to end of superbatch: [36m18.1[0ms     [Fsuperbatch [36m445[0m [[35m50.3[0m% ([36m384[0m/[36m763[0m batches, [36m3682502[0m pos/sec)]
Estimated time to end of superbatch: [36m13.5[0ms     [Fsuperbatch [36m445[0m [[35m67.1[0m% ([36m512[0m/[36m763[0m batches, [36m3689067[0m pos/sec)]
Estimated time to end of superbatch: [36m8.9[0ms     [Fsuperbatch [36m445[0m [[35m83.9[0m% ([36m640[0m/[36m763[0m batches, [36m3698114[0m pos/sec)]
Estimated time to end of superbatch: [36m4.4[0ms     [Fsuperbatch [36m445[0m | time [36m27.0[0ms | running loss [36m0.014784[0m | [36m3705576[0m pos/sec | total time [36m12491.2[0ms
Estimated time remaining in training: [36m2[0mh [36m18[0mm [36m0[0ms
LR dropped to [36m0.00039790006[0m
superbatch [36m446[0m [[35m0.0[0m% ([36m0[0m/[36m763[0m batches, [36m3622413[0m pos/sec)]
Estimated time to end of superbatch: [36minf[0ms     [Fsuperbatch [36m446[0m [[35m16.8[0m% ([36m128[0m/[36m763[0m batches, [36m3676484[0m pos/sec)]
Estimated time to end of superbatch: [36m22.8[0ms     [Fsuperbatch [36m446[0m [[35m33.6[0m% ([36m256[0m/[36m763[0m batches, [36m3696903[0m pos/sec)]
Estimated time to end of superbatch: [36m18.0[0ms     [Fsuperbatch [36m446[0m [[35m50.3[0m% ([36m384[0m/[36m763[0m batches, [36m3704277[0m pos/sec)]
Estimated time to end of superbatch: [36m13.4[0ms     [Fsuperbatch [36m446[0m [[35m67.1[0m% ([36m512[0m/[36m763[0m batches, [36m3677143[0m pos/sec)]
Estimated time to end of superbatch: [36m9.0[0ms     [Fsuperbatch [36m446[0m [[35m83.9[0m% ([36m640[0m/[36m763[0m batches, [36m3670487[0m pos/sec)]
Estimated time to end of superbatch: [36m4.4[0ms     [Fsuperbatch [36m446[0m | time [36m27.2[0ms | running loss [36m0.014864[0m | [36m3671344[0m pos/sec | total time [36m12518.5[0ms
Estimated time remaining in training: [36m2[0mh [36m17[0mm [36m32[0ms
LR dropped to [36m0.00039655005[0m
superbatch [36m447[0m [[35m0.0[0m% ([36m0[0m/[36m763[0m batches, [36m4163237[0m pos/sec)]
Estimated time to end of superbatch: [36minf[0ms     [Fsuperbatch [36m447[0m [[35m16.8[0m% ([36m128[0m/[36m763[0m batches, [36m3742896[0m pos/sec)]
Estimated time to end of superbatch: [36m22.4[0ms     [Fsuperbatch [36m447[0m [[35m33.6[0m% ([36m256[0m/[36m763[0m batches, [36m3736454[0m pos/sec)]
Estimated time to end of superbatch: [36m17.9[0ms     [Fsuperbatch [36m447[0m [[35m50.3[0m% ([36m384[0m/[36m763[0m batches, [36m3732316[0m pos/sec)]
Estimated time to end of superbatch: [36m13.3[0ms     [Fsuperbatch [36m447[0m [[35m67.1[0m% ([36m512[0m/[36m763[0m batches, [36m3743627[0m pos/sec)]
Estimated time to end of superbatch: [36m8.8[0ms     [Fsuperbatch [36m447[0m [[35m83.9[0m% ([36m640[0m/[36m763[0m batches, [36m3733307[0m pos/sec)]
Estimated time to end of superbatch: [36m4.3[0ms     [Fsuperbatch [36m447[0m | time [36m26.9[0ms | running loss [36m0.014793[0m | [36m3718901[0m pos/sec | total time [36m12545.4[0ms
Estimated time remaining in training: [36m2[0mh [36m17[0mm [36m3[0ms
LR dropped to [36m0.00039520004[0m
superbatch [36m448[0m [[35m0.0[0m% ([36m0[0m/[36m763[0m batches, [36m3713672[0m pos/sec)]
Estimated time to end of superbatch: [36minf[0ms     [Fsuperbatch [36m448[0m [[35m16.8[0m% ([36m128[0m/[36m763[0m batches, [36m3611562[0m pos/sec)]
Estimated time to end of superbatch: [36m23.2[0ms     [Fsuperbatch [36m448[0m [[35m33.6[0m% ([36m256[0m/[36m763[0m batches, [36m3620681[0m pos/sec)]
Estimated time to end of superbatch: [36m18.4[0ms     [Fsuperbatch [36m448[0m [[35m50.3[0m% ([36m384[0m/[36m763[0m batches, [36m3643078[0m pos/sec)]
Estimated time to end of superbatch: [36m13.7[0ms     [Fsuperbatch [36m448[0m [[35m67.1[0m% ([36m512[0m/[36m763[0m batches, [36m3640908[0m pos/sec)]
Estimated time to end of superbatch: [36m9.1[0ms     [Fsuperbatch [36m448[0m [[35m83.9[0m% ([36m640[0m/[36m763[0m batches, [36m3629846[0m pos/sec)]
Estimated time to end of superbatch: [36m4.4[0ms     [Fsuperbatch [36m448[0m | time [36m27.6[0ms | running loss [36m0.014909[0m | [36m3626396[0m pos/sec | total time [36m12572.9[0ms
Estimated time remaining in training: [36m2[0mh [36m16[0mm [36m34[0ms
LR dropped to [36m0.00039385003[0m
superbatch [36m449[0m [[35m0.0[0m% ([36m0[0m/[36m763[0m batches, [36m3578081[0m pos/sec)]
Estimated time to end of superbatch: [36minf[0ms     [Fsuperbatch [36m449[0m [[35m16.8[0m% ([36m128[0m/[36m763[0m batches, [36m3679594[0m pos/sec)]
Estimated time to end of superbatch: [36m22.8[0ms     [Fsuperbatch [36m449[0m [[35m33.6[0m% ([36m256[0m/[36m763[0m batches, [36m3638584[0m pos/sec)]
Estimated time to end of superbatch: [36m18.3[0ms     [Fsuperbatch [36m449[0m [[35m50.3[0m% ([36m384[0m/[36m763[0m batches, [36m3619822[0m pos/sec)]
Estimated time to end of superbatch: [36m13.8[0ms     [Fsuperbatch [36m449[0m [[35m67.1[0m% ([36m512[0m/[36m763[0m batches, [36m3617382[0m pos/sec)]
Estimated time to end of superbatch: [36m9.1[0ms     [Fsuperbatch [36m449[0m [[35m83.9[0m% ([36m640[0m/[36m763[0m batches, [36m3633542[0m pos/sec)]
Estimated time to end of superbatch: [36m4.4[0ms     [Fsuperbatch [36m449[0m | time [36m27.4[0ms | running loss [36m0.014813[0m | [36m3644302[0m pos/sec | total time [36m12600.4[0ms
Estimated time remaining in training: [36m2[0mh [36m16[0mm [36m6[0ms
LR dropped to [36m0.00039250002[0m
superbatch [36m450[0m [[35m0.0[0m% ([36m0[0m/[36m763[0m batches, [36m3367165[0m pos/sec)]
Estimated time to end of superbatch: [36minf[0ms     [Fsuperbatch [36m450[0m [[35m16.8[0m% ([36m128[0m/[36m763[0m batches, [36m3592243[0m pos/sec)]
Estimated time to end of superbatch: [36m23.4[0ms     [Fsuperbatch [36m450[0m [[35m33.6[0m% ([36m256[0m/[36m763[0m batches, [36m3637683[0m pos/sec)]
Estimated time to end of superbatch: [36m18.3[0ms     [Fsuperbatch [36m450[0m [[35m50.3[0m% ([36m384[0m/[36m763[0m batches, [36m3648916[0m pos/sec)]
Estimated time to end of superbatch: [36m13.6[0ms     [Fsuperbatch [36m450[0m [[35m67.1[0m% ([36m512[0m/[36m763[0m batches, [36m3654051[0m pos/sec)]
Estimated time to end of superbatch: [36m9.0[0ms     [Fsuperbatch [36m450[0m [[35m83.9[0m% ([36m640[0m/[36m763[0m batches, [36m3641748[0m pos/sec)]
Estimated time to end of superbatch: [36m4.4[0ms     [Fsuperbatch [36m450[0m | time [36m27.4[0ms | running loss [36m0.014959[0m | [36m3647513[0m pos/sec | total time [36m12627.8[0ms
Estimated time remaining in training: [36m2[0mh [36m15[0mm [36m37[0ms
Saved [anna-v5-s1-450]
LR dropped to [36m0.00039115[0m
superbatch [36m451[0m [[35m0.0[0m% ([36m0[0m/[36m763[0m batches, [36m3574053[0m pos/sec)]
Estimated time to end of superbatch: [36minf[0ms     [Fsuperbatch [36m451[0m [[35m16.8[0m% ([36m128[0m/[36m763[0m batches, [36m3722623[0m pos/sec)]
Estimated time to end of superbatch: [36m22.5[0ms     [Fsuperbatch [36m451[0m [[35m33.6[0m% ([36m256[0m/[36m763[0m batches, [36m3671048[0m pos/sec)]
Estimated time to end of superbatch: [36m18.2[0ms     [Fsuperbatch [36m451[0m [[35m50.3[0m% ([36m384[0m/[36m763[0m batches, [36m3634246[0m pos/sec)]
Estimated time to end of superbatch: [36m13.7[0ms     [Fsuperbatch [36m451[0m [[35m67.1[0m% ([36m512[0m/[36m763[0m batches, [36m3644386[0m pos/sec)]
Estimated time to end of superbatch: [36m9.0[0ms     [Fsuperbatch [36m451[0m [[35m83.9[0m% ([36m640[0m/[36m763[0m batches, [36m3670625[0m pos/sec)]
Estimated time to end of superbatch: [36m4.4[0ms     [Fsuperbatch [36m451[0m | time [36m27.2[0ms | running loss [36m0.014793[0m | [36m3674446[0m pos/sec | total time [36m12658.1[0ms
Estimated time remaining in training: [36m2[0mh [36m15[0mm [36m11[0ms
LR dropped to [36m0.0003898[0m
superbatch [36m452[0m [[35m0.0[0m% ([36m0[0m/[36m763[0m batches, [36m3549803[0m pos/sec)]
Estimated time to end of superbatch: [36minf[0ms     [Fsuperbatch [36m452[0m [[35m16.8[0m% ([36m128[0m/[36m763[0m batches, [36m3665390[0m pos/sec)]
Estimated time to end of superbatch: [36m22.9[0ms     [Fsuperbatch [36m452[0m [[35m33.6[0m% ([36m256[0m/[36m763[0m batches, [36m3696700[0m pos/sec)]
Estimated time to end of superbatch: [36m18.0[0ms     [Fsuperbatch [36m452[0m [[35m50.3[0m% ([36m384[0m/[36m763[0m batches, [36m3707715[0m pos/sec)]
Estimated time to end of superbatch: [36m13.4[0ms     [Fsuperbatch [36m452[0m [[35m67.1[0m% ([36m512[0m/[36m763[0m batches, [36m3685845[0m pos/sec)]
Estimated time to end of superbatch: [36m8.9[0ms     [Fsuperbatch [36m452[0m [[35m83.9[0m% ([36m640[0m/[36m763[0m batches, [36m3662117[0m pos/sec)]
Estimated time to end of superbatch: [36m4.4[0ms     [Fsuperbatch [36m452[0m | time [36m27.4[0ms | running loss [36m0.014993[0m | [36m3652351[0m pos/sec | total time [36m12685.5[0ms
Estimated time remaining in training: [36m2[0mh [36m14[0mm [36m42[0ms
LR dropped to [36m0.00038845[0m
superbatch [36m453[0m [[35m0.0[0m% ([36m0[0m/[36m763[0m batches, [36m3567238[0m pos/sec)]
Estimated time to end of superbatch: [36minf[0ms     [Fsuperbatch [36m453[0m [[35m16.8[0m% ([36m128[0m/[36m763[0m batches, [36m3627242[0m pos/sec)]
Estimated time to end of superbatch: [36m23.1[0ms     [Fsuperbatch [36m453[0m [[35m33.6[0m% ([36m256[0m/[36m763[0m batches, [36m3663631[0m pos/sec)]
Estimated time to end of superbatch: [36m18.2[0ms     [Fsuperbatch [36m453[0m [[35m50.3[0m% ([36m384[0m/[36m763[0m batches, [36m3617740[0m pos/sec)]
Estimated time to end of superbatch: [36m13.8[0ms     [Fsuperbatch [36m453[0m [[35m67.1[0m% ([36m512[0m/[36m763[0m batches, [36m3612968[0m pos/sec)]
Estimated time to end of superbatch: [36m9.1[0ms     [Fsuperbatch [36m453[0m [[35m83.9[0m% ([36m640[0m/[36m763[0m batches, [36m3623154[0m pos/sec)]
Estimated time to end of superbatch: [36m4.5[0ms     [Fsuperbatch [36m453[0m | time [36m27.7[0ms | running loss [36m0.014891[0m | [36m3615954[0m pos/sec | total time [36m12713.1[0ms
Estimated time remaining in training: [36m2[0mh [36m14[0mm [36m14[0ms
LR dropped to [36m0.00038709998[0m
superbatch [36m454[0m [[35m0.0[0m% ([36m0[0m/[36m763[0m batches, [36m3312848[0m pos/sec)]
Estimated time to end of superbatch: [36minf[0ms     [Fsuperbatch [36m454[0m [[35m16.8[0m% ([36m128[0m/[36m763[0m batches, [36m3614217[0m pos/sec)]
Estimated time to end of superbatch: [36m23.2[0ms     [Fsuperbatch [36m454[0m [[35m33.6[0m% ([36m256[0m/[36m763[0m batches, [36m3635565[0m pos/sec)]
Estimated time to end of superbatch: [36m18.4[0ms     [Fsuperbatch [36m454[0m [[35m50.3[0m% ([36m384[0m/[36m763[0m batches, [36m3657479[0m pos/sec)]
Estimated time to end of superbatch: [36m13.6[0ms     [Fsuperbatch [36m454[0m [[35m67.1[0m% ([36m512[0m/[36m763[0m batches, [36m3669951[0m pos/sec)]
Estimated time to end of superbatch: [36m9.0[0ms     [Fsuperbatch [36m454[0m [[35m83.9[0m% ([36m640[0m/[36m763[0m batches, [36m3662187[0m pos/sec)]
Estimated time to end of superbatch: [36m4.4[0ms     [Fsuperbatch [36m454[0m | time [36m27.3[0ms | running loss [36m0.015123[0m | [36m3658025[0m pos/sec | total time [36m12740.5[0ms
Estimated time remaining in training: [36m2[0mh [36m13[0mm [36m45[0ms
LR dropped to [36m0.00038575003[0m
superbatch [36m455[0m [[35m0.0[0m% ([36m0[0m/[36m763[0m batches, [36m3766982[0m pos/sec)]
Estimated time to end of superbatch: [36minf[0ms     [Fsuperbatch [36m455[0m [[35m16.8[0m% ([36m128[0m/[36m763[0m batches, [36m3705074[0m pos/sec)]
Estimated time to end of superbatch: [36m22.6[0ms     [Fsuperbatch [36m455[0m [[35m33.6[0m% ([36m256[0m/[36m763[0m batches, [36m3644042[0m pos/sec)]
Estimated time to end of superbatch: [36m18.3[0ms     [Fsuperbatch [36m455[0m [[35m50.3[0m% ([36m384[0m/[36m763[0m batches, [36m3639204[0m pos/sec)]
Estimated time to end of superbatch: [36m13.7[0ms     [Fsuperbatch [36m455[0m [[35m67.1[0m% ([36m512[0m/[36m763[0m batches, [36m3640434[0m pos/sec)]
Estimated time to end of superbatch: [36m9.1[0ms     [Fsuperbatch [36m455[0m [[35m83.9[0m% ([36m640[0m/[36m763[0m batches, [36m3650228[0m pos/sec)]
Estimated time to end of superbatch: [36m4.4[0ms     [Fsuperbatch [36m455[0m | time [36m27.4[0ms | running loss [36m0.014943[0m | [36m3654538[0m pos/sec | total time [36m12767.8[0ms
Estimated time remaining in training: [36m2[0mh [36m13[0mm [36m17[0ms
LR dropped to [36m0.00038440002[0m
superbatch [36m456[0m [[35m0.0[0m% ([36m0[0m/[36m763[0m batches, [36m3710836[0m pos/sec)]
Estimated time to end of superbatch: [36minf[0ms     [Fsuperbatch [36m456[0m [[35m16.8[0m% ([36m128[0m/[36m763[0m batches, [36m3580143[0m pos/sec)]
Estimated time to end of superbatch: [36m23.4[0ms     [Fsuperbatch [36m456[0m [[35m33.6[0m% ([36m256[0m/[36m763[0m batches, [36m3663838[0m pos/sec)]
Estimated time to end of superbatch: [36m18.2[0ms     [Fsuperbatch [36m456[0m [[35m50.3[0m% ([36m384[0m/[36m763[0m batches, [36m3664647[0m pos/sec)]
Estimated time to end of superbatch: [36m13.6[0ms     [Fsuperbatch [36m456[0m [[35m67.1[0m% ([36m512[0m/[36m763[0m batches, [36m3686931[0m pos/sec)]
Estimated time to end of superbatch: [36m8.9[0ms     [Fsuperbatch [36m456[0m [[35m83.9[0m% ([36m640[0m/[36m763[0m batches, [36m3679811[0m pos/sec)]
Estimated time to end of superbatch: [36m4.4[0ms     [Fsuperbatch [36m456[0m | time [36m27.1[0ms | running loss [36m0.015152[0m | [36m3685294[0m pos/sec | total time [36m12795.0[0ms
Estimated time remaining in training: [36m2[0mh [36m12[0mm [36m48[0ms
LR dropped to [36m0.00038305006[0m
superbatch [36m457[0m [[35m0.0[0m% ([36m0[0m/[36m763[0m batches, [36m3855088[0m pos/sec)]
Estimated time to end of superbatch: [36minf[0ms     [Fsuperbatch [36m457[0m [[35m16.8[0m% ([36m128[0m/[36m763[0m batches, [36m3760237[0m pos/sec)]
Estimated time to end of superbatch: [36m22.3[0ms     [Fsuperbatch [36m457[0m [[35m33.6[0m% ([36m256[0m/[36m763[0m batches, [36m3765544[0m pos/sec)]
Estimated time to end of superbatch: [36m17.7[0ms     [Fsuperbatch [36m457[0m [[35m50.3[0m% ([36m384[0m/[36m763[0m batches, [36m3738267[0m pos/sec)]
Estimated time to end of superbatch: [36m13.3[0ms     [Fsuperbatch [36m457[0m [[35m67.1[0m% ([36m512[0m/[36m763[0m batches, [36m3739506[0m pos/sec)]
Estimated time to end of superbatch: [36m8.8[0ms     [Fsuperbatch [36m457[0m [[35m83.9[0m% ([36m640[0m/[36m763[0m batches, [36m3742254[0m pos/sec)]
Estimated time to end of superbatch: [36m4.3[0ms     [Fsuperbatch [36m457[0m | time [36m26.7[0ms | running loss [36m0.014924[0m | [36m3745546[0m pos/sec | total time [36m12821.7[0ms
Estimated time remaining in training: [36m2[0mh [36m12[0mm [36m19[0ms
LR dropped to [36m0.00038170005[0m
superbatch [36m458[0m [[35m0.0[0m% ([36m0[0m/[36m763[0m batches, [36m3678740[0m pos/sec)]
Estimated time to end of superbatch: [36minf[0ms     [Fsuperbatch [36m458[0m [[35m16.8[0m% ([36m128[0m/[36m763[0m batches, [36m3641257[0m pos/sec)]
Estimated time to end of superbatch: [36m23.0[0ms     [Fsuperbatch [36m458[0m [[35m33.6[0m% ([36m256[0m/[36m763[0m batches, [36m3672592[0m pos/sec)]
Estimated time to end of superbatch: [36m18.2[0ms     [Fsuperbatch [36m458[0m [[35m50.3[0m% ([36m384[0m/[36m763[0m batches, [36m3696782[0m pos/sec)]
Estimated time to end of superbatch: [36m13.5[0ms     [Fsuperbatch [36m458[0m [[35m67.1[0m% ([36m512[0m/[36m763[0m batches, [36m3711228[0m pos/sec)]
Estimated time to end of superbatch: [36m8.9[0ms     [Fsuperbatch [36m458[0m [[35m83.9[0m% ([36m640[0m/[36m763[0m batches, [36m3699241[0m pos/sec)]
Estimated time to end of superbatch: [36m4.4[0ms     [Fsuperbatch [36m458[0m | time [36m27.1[0ms | running loss [36m0.015207[0m | [36m3697022[0m pos/sec | total time [36m12848.7[0ms
Estimated time remaining in training: [36m2[0mh [36m11[0mm [36m51[0ms
LR dropped to [36m0.00038035004[0m
superbatch [36m459[0m [[35m0.0[0m% ([36m0[0m/[36m763[0m batches, [36m4051656[0m pos/sec)]
Estimated time to end of superbatch: [36minf[0ms     [Fsuperbatch [36m459[0m [[35m16.8[0m% ([36m128[0m/[36m763[0m batches, [36m3662518[0m pos/sec)]
Estimated time to end of superbatch: [36m22.9[0ms     [Fsuperbatch [36m459[0m [[35m33.6[0m% ([36m256[0m/[36m763[0m batches, [36m3696195[0m pos/sec)]
Estimated time to end of superbatch: [36m18.0[0ms     [Fsuperbatch [36m459[0m [[35m50.3[0m% ([36m384[0m/[36m763[0m batches, [36m3698471[0m pos/sec)]
Estimated time to end of superbatch: [36m13.5[0ms     [Fsuperbatch [36m459[0m [[35m67.1[0m% ([36m512[0m/[36m763[0m batches, [36m3701253[0m pos/sec)]
Estimated time to end of superbatch: [36m8.9[0ms     [Fsuperbatch [36m459[0m [[35m83.9[0m% ([36m640[0m/[36m763[0m batches, [36m3703592[0m pos/sec)]
Estimated time to end of superbatch: [36m4.4[0ms     [Fsuperbatch [36m459[0m | time [36m27.0[0ms | running loss [36m0.014957[0m | [36m3699878[0m pos/sec | total time [36m12875.8[0ms
Estimated time remaining in training: [36m2[0mh [36m11[0mm [36m22[0ms
LR dropped to [36m0.00037900003[0m
superbatch [36m460[0m [[35m0.0[0m% ([36m0[0m/[36m763[0m batches, [36m3430226[0m pos/sec)]
Estimated time to end of superbatch: [36minf[0ms     [Fsuperbatch [36m460[0m [[35m16.8[0m% ([36m128[0m/[36m763[0m batches, [36m3645442[0m pos/sec)]
Estimated time to end of superbatch: [36m23.0[0ms     [Fsuperbatch [36m460[0m [[35m33.6[0m% ([36m256[0m/[36m763[0m batches, [36m3675996[0m pos/sec)]
Estimated time to end of superbatch: [36m18.1[0ms     [Fsuperbatch [36m460[0m [[35m50.3[0m% ([36m384[0m/[36m763[0m batches, [36m3706522[0m pos/sec)]
Estimated time to end of superbatch: [36m13.4[0ms     [Fsuperbatch [36m460[0m [[35m67.1[0m% ([36m512[0m/[36m763[0m batches, [36m3712033[0m pos/sec)]
Estimated time to end of superbatch: [36m8.9[0ms     [Fsuperbatch [36m460[0m [[35m83.9[0m% ([36m640[0m/[36m763[0m batches, [36m3705901[0m pos/sec)]
Estimated time to end of superbatch: [36m4.4[0ms     [Fsuperbatch [36m460[0m | time [36m27.0[0ms | running loss [36m0.015202[0m | [36m3700756[0m pos/sec | total time [36m12902.8[0ms
Estimated time remaining in training: [36m2[0mh [36m10[0mm [36m53[0ms
Saved [anna-v5-s1-460]
LR dropped to [36m0.00037765002[0m
superbatch [36m461[0m [[35m0.0[0m% ([36m0[0m/[36m763[0m batches, [36m3891545[0m pos/sec)]
Estimated time to end of superbatch: [36minf[0ms     [Fsuperbatch [36m461[0m [[35m16.8[0m% ([36m128[0m/[36m763[0m batches, [36m3759694[0m pos/sec)]
Estimated time to end of superbatch: [36m22.3[0ms     [Fsuperbatch [36m461[0m [[35m33.6[0m% ([36m256[0m/[36m763[0m batches, [36m3761709[0m pos/sec)]
Estimated time to end of superbatch: [36m17.7[0ms     [Fsuperbatch [36m461[0m [[35m50.3[0m% ([36m384[0m/[36m763[0m batches, [36m3751288[0m pos/sec)]
Estimated time to end of superbatch: [36m13.3[0ms     [Fsuperbatch [36m461[0m [[35m67.1[0m% ([36m512[0m/[36m763[0m batches, [36m3728407[0m pos/sec)]
Estimated time to end of superbatch: [36m8.8[0ms     [Fsuperbatch [36m461[0m [[35m83.9[0m% ([36m640[0m/[36m763[0m batches, [36m3729040[0m pos/sec)]
Estimated time to end of superbatch: [36m4.3[0ms     [Fsuperbatch [36m461[0m | time [36m26.9[0ms | running loss [36m0.014922[0m | [36m3713489[0m pos/sec | total time [36m12932.7[0ms
Estimated time remaining in training: [36m2[0mh [36m10[0mm [36m26[0ms
LR dropped to [36m0.0003763[0m
superbatch [36m462[0m [[35m0.0[0m% ([36m0[0m/[36m763[0m batches, [36m3222954[0m pos/sec)]
Estimated time to end of superbatch: [36minf[0ms     [Fsuperbatch [36m462[0m [[35m16.8[0m% ([36m128[0m/[36m763[0m batches, [36m3597838[0m pos/sec)]
Estimated time to end of superbatch: [36m23.3[0ms     [Fsuperbatch [36m462[0m [[35m33.6[0m% ([36m256[0m/[36m763[0m batches, [36m3615613[0m pos/sec)]
Estimated time to end of superbatch: [36m18.5[0ms     [Fsuperbatch [36m462[0m [[35m50.3[0m% ([36m384[0m/[36m763[0m batches, [36m3620243[0m pos/sec)]
Estimated time to end of superbatch: [36m13.8[0ms     [Fsuperbatch [36m462[0m [[35m67.1[0m% ([36m512[0m/[36m763[0m batches, [36m3620898[0m pos/sec)]
Estimated time to end of superbatch: [36m9.1[0ms     [Fsuperbatch [36m462[0m [[35m83.9[0m% ([36m640[0m/[36m763[0m batches, [36m3616082[0m pos/sec)]
Estimated time to end of superbatch: [36m4.5[0ms     [Fsuperbatch [36m462[0m | time [36m27.6[0ms | running loss [36m0.015229[0m | [36m3621833[0m pos/sec | total time [36m12960.3[0ms
Estimated time remaining in training: [36m2[0mh [36m9[0mm [36m58[0ms
LR dropped to [36m0.00037495[0m
superbatch [36m463[0m [[35m0.0[0m% ([36m0[0m/[36m763[0m batches, [36m3770080[0m pos/sec)]
Estimated time to end of superbatch: [36minf[0ms     [Fsuperbatch [36m463[0m [[35m16.8[0m% ([36m128[0m/[36m763[0m batches, [36m3726977[0m pos/sec)]
Estimated time to end of superbatch: [36m22.5[0ms     [Fsuperbatch [36m463[0m [[35m33.6[0m% ([36m256[0m/[36m763[0m batches, [36m3706966[0m pos/sec)]
Estimated time to end of superbatch: [36m18.0[0ms     [Fsuperbatch [36m463[0m [[35m50.3[0m% ([36m384[0m/[36m763[0m batches, [36m3663457[0m pos/sec)]
Estimated time to end of superbatch: [36m13.6[0ms     [Fsuperbatch [36m463[0m [[35m67.1[0m% ([36m512[0m/[36m763[0m batches, [36m3664280[0m pos/sec)]
Estimated time to end of superbatch: [36m9.0[0ms     [Fsuperbatch [36m463[0m [[35m83.9[0m% ([36m640[0m/[36m763[0m batches, [36m3678060[0m pos/sec)]
Estimated time to end of superbatch: [36m4.4[0ms     [Fsuperbatch [36m463[0m | time [36m27.1[0ms | running loss [36m0.014936[0m | [36m3686254[0m pos/sec | total time [36m12987.5[0ms
Estimated time remaining in training: [36m2[0mh [36m9[0mm [36m30[0ms
LR dropped to [36m0.0003736[0m
superbatch [36m464[0m [[35m0.0[0m% ([36m0[0m/[36m763[0m batches, [36m3834001[0m pos/sec)]
Estimated time to end of superbatch: [36minf[0ms     [Fsuperbatch [36m464[0m [[35m16.8[0m% ([36m128[0m/[36m763[0m batches, [36m3653090[0m pos/sec)]
Estimated time to end of superbatch: [36m23.0[0ms     [Fsuperbatch [36m464[0m [[35m33.6[0m% ([36m256[0m/[36m763[0m batches, [36m3709636[0m pos/sec)]
Estimated time to end of superbatch: [36m18.0[0ms     [Fsuperbatch [36m464[0m [[35m50.3[0m% ([36m384[0m/[36m763[0m batches, [36m3730671[0m pos/sec)]
Estimated time to end of superbatch: [36m13.4[0ms     [Fsuperbatch [36m464[0m [[35m67.1[0m% ([36m512[0m/[36m763[0m batches, [36m3744411[0m pos/sec)]
Estimated time to end of superbatch: [36m8.8[0ms     [Fsuperbatch [36m464[0m [[35m83.9[0m% ([36m640[0m/[36m763[0m batches, [36m3744184[0m pos/sec)]
Estimated time to end of superbatch: [36m4.3[0ms     [Fsuperbatch [36m464[0m | time [36m26.8[0ms | running loss [36m0.015237[0m | [36m3736827[0m pos/sec | total time [36m13014.2[0ms
Estimated time remaining in training: [36m2[0mh [36m9[0mm [36m1[0ms
LR dropped to [36m0.00037224998[0m
superbatch [36m465[0m [[35m0.0[0m% ([36m0[0m/[36m763[0m batches, [36m3824554[0m pos/sec)]
Estimated time to end of superbatch: [36minf[0ms     [Fsuperbatch [36m465[0m [[35m16.8[0m% ([36m128[0m/[36m763[0m batches, [36m3764532[0m pos/sec)]
Estimated time to end of superbatch: [36m22.3[0ms     [Fsuperbatch [36m465[0m [[35m33.6[0m% ([36m256[0m/[36m763[0m batches, [36m3770064[0m pos/sec)]
Estimated time to end of superbatch: [36m17.7[0ms     [Fsuperbatch [36m465[0m [[35m50.3[0m% ([36m384[0m/[36m763[0m batches, [36m3763924[0m pos/sec)]
Estimated time to end of superbatch: [36m13.2[0ms     [Fsuperbatch [36m465[0m [[35m67.1[0m% ([36m512[0m/[36m763[0m batches, [36m3769384[0m pos/sec)]
Estimated time to end of superbatch: [36m8.7[0ms     [Fsuperbatch [36m465[0m [[35m83.9[0m% ([36m640[0m/[36m763[0m batches, [36m3773021[0m pos/sec)]
Estimated time to end of superbatch: [36m4.3[0ms     [Fsuperbatch [36m465[0m | time [36m26.6[0ms | running loss [36m0.014980[0m | [36m3765223[0m pos/sec | total time [36m13040.8[0ms
Estimated time remaining in training: [36m2[0mh [36m8[0mm [36m32[0ms
LR dropped to [36m0.00037090003[0m
superbatch [36m466[0m [[35m0.0[0m% ([36m0[0m/[36m763[0m batches, [36m3561864[0m pos/sec)]
Estimated time to end of superbatch: [36minf[0ms     [Fsuperbatch [36m466[0m [[35m16.8[0m% ([36m128[0m/[36m763[0m batches, [36m3612100[0m pos/sec)]
Estimated time to end of superbatch: [36m23.2[0ms     [Fsuperbatch [36m466[0m [[35m33.6[0m% ([36m256[0m/[36m763[0m batches, [36m3690911[0m pos/sec)]
Estimated time to end of superbatch: [36m18.1[0ms     [Fsuperbatch [36m466[0m [[35m50.3[0m% ([36m384[0m/[36m763[0m batches, [36m3719338[0m pos/sec)]
Estimated time to end of superbatch: [36m13.4[0ms     [Fsuperbatch [36m466[0m [[35m67.1[0m% ([36m512[0m/[36m763[0m batches, [36m3736317[0m pos/sec)]
Estimated time to end of superbatch: [36m8.8[0ms     [Fsuperbatch [36m466[0m [[35m83.9[0m% ([36m640[0m/[36m763[0m batches, [36m3722330[0m pos/sec)]
Estimated time to end of superbatch: [36m4.3[0ms     [Fsuperbatch [36m466[0m | time [36m27.0[0ms | running loss [36m0.015249[0m | [36m3710749[0m pos/sec | total time [36m13067.7[0ms
Estimated time remaining in training: [36m2[0mh [36m8[0mm [36m3[0ms
LR dropped to [36m0.00036955002[0m
superbatch [36m467[0m [[35m0.0[0m% ([36m0[0m/[36m763[0m batches, [36m3608265[0m pos/sec)]
Estimated time to end of superbatch: [36minf[0ms     [Fsuperbatch [36m467[0m [[35m16.8[0m% ([36m128[0m/[36m763[0m batches, [36m3700113[0m pos/sec)]
Estimated time to end of superbatch: [36m22.7[0ms     [Fsuperbatch [36m467[0m [[35m33.6[0m% ([36m256[0m/[36m763[0m batches, [36m3717252[0m pos/sec)]
Estimated time to end of superbatch: [36m17.9[0ms     [Fsuperbatch [36m467[0m [[35m50.3[0m% ([36m384[0m/[36m763[0m batches, [36m3717368[0m pos/sec)]
Estimated time to end of superbatch: [36m13.4[0ms     [Fsuperbatch [36m467[0m [[35m67.1[0m% ([36m512[0m/[36m763[0m batches, [36m3708467[0m pos/sec)]
Estimated time to end of superbatch: [36m8.9[0ms     [Fsuperbatch [36m467[0m [[35m83.9[0m% ([36m640[0m/[36m763[0m batches, [36m3685266[0m pos/sec)]
Estimated time to end of superbatch: [36m4.4[0ms     [Fsuperbatch [36m467[0m | time [36m27.2[0ms | running loss [36m0.015022[0m | [36m3671129[0m pos/sec | total time [36m13095.0[0ms
Estimated time remaining in training: [36m2[0mh [36m7[0mm [36m35[0ms
LR dropped to [36m0.0003682[0m
superbatch [36m468[0m [[35m0.0[0m% ([36m0[0m/[36m763[0m batches, [36m4203092[0m pos/sec)]
Estimated time to end of superbatch: [36minf[0ms     [Fsuperbatch [36m468[0m [[35m16.8[0m% ([36m128[0m/[36m763[0m batches, [36m3669595[0m pos/sec)]
Estimated time to end of superbatch: [36m22.9[0ms     [Fsuperbatch [36m468[0m [[35m33.6[0m% ([36m256[0m/[36m763[0m batches, [36m3660780[0m pos/sec)]
Estimated time to end of superbatch: [36m18.2[0ms     [Fsuperbatch [36m468[0m [[35m50.3[0m% ([36m384[0m/[36m763[0m batches, [36m3682598[0m pos/sec)]
Estimated time to end of superbatch: [36m13.5[0ms     [Fsuperbatch [36m468[0m [[35m67.1[0m% ([36m512[0m/[36m763[0m batches, [36m3703602[0m pos/sec)]
Estimated time to end of superbatch: [36m8.9[0ms     [Fsuperbatch [36m468[0m [[35m83.9[0m% ([36m640[0m/[36m763[0m batches, [36m3698256[0m pos/sec)]
Estimated time to end of superbatch: [36m4.4[0ms     [Fsuperbatch [36m468[0m | time [36m27.0[0ms | running loss [36m0.015269[0m | [36m3701598[0m pos/sec | total time [36m13122.0[0ms
Estimated time remaining in training: [36m2[0mh [36m7[0mm [36m6[0ms
LR dropped to [36m0.00036685006[0m
superbatch [36m469[0m [[35m0.0[0m% ([36m0[0m/[36m763[0m batches, [36m3649932[0m pos/sec)]
Estimated time to end of superbatch: [36minf[0ms     [Fsuperbatch [36m469[0m [[35m16.8[0m% ([36m128[0m/[36m763[0m batches, [36m3704093[0m pos/sec)]
Estimated time to end of superbatch: [36m22.6[0ms     [Fsuperbatch [36m469[0m [[35m33.6[0m% ([36m256[0m/[36m763[0m batches, [36m3726514[0m pos/sec)]
Estimated time to end of superbatch: [36m17.9[0ms     [Fsuperbatch [36m469[0m [[35m50.3[0m% ([36m384[0m/[36m763[0m batches, [36m3683174[0m pos/sec)]
Estimated time to end of superbatch: [36m13.5[0ms     [Fsuperbatch [36m469[0m [[35m67.1[0m% ([36m512[0m/[36m763[0m batches, [36m3664676[0m pos/sec)]
Estimated time to end of superbatch: [36m9.0[0ms     [Fsuperbatch [36m469[0m [[35m83.9[0m% ([36m640[0m/[36m763[0m batches, [36m3653649[0m pos/sec)]
Estimated time to end of superbatch: [36m4.4[0ms     [Fsuperbatch [36m469[0m | time [36m27.4[0ms | running loss [36m0.015038[0m | [36m3652214[0m pos/sec | total time [36m13149.4[0ms
Estimated time remaining in training: [36m2[0mh [36m6[0mm [36m38[0ms
LR dropped to [36m0.00036550005[0m
superbatch [36m470[0m [[35m0.0[0m% ([36m0[0m/[36m763[0m batches, [36m3697855[0m pos/sec)]
Estimated time to end of superbatch: [36minf[0ms     [Fsuperbatch [36m470[0m [[35m16.8[0m% ([36m128[0m/[36m763[0m batches, [36m3662642[0m pos/sec)]
Estimated time to end of superbatch: [36m22.9[0ms     [Fsuperbatch [36m470[0m [[35m33.6[0m% ([36m256[0m/[36m763[0m batches, [36m3655952[0m pos/sec)]
Estimated time to end of superbatch: [36m18.2[0ms     [Fsuperbatch [36m470[0m [[35m50.3[0m% ([36m384[0m/[36m763[0m batches, [36m3651112[0m pos/sec)]
Estimated time to end of superbatch: [36m13.6[0ms     [Fsuperbatch [36m470[0m [[35m67.1[0m% ([36m512[0m/[36m763[0m batches, [36m3641691[0m pos/sec)]
Estimated time to end of superbatch: [36m9.1[0ms     [Fsuperbatch [36m470[0m [[35m83.9[0m% ([36m640[0m/[36m763[0m batches, [36m3646815[0m pos/sec)]
Estimated time to end of superbatch: [36m4.4[0ms     [Fsuperbatch [36m470[0m | time [36m27.4[0ms | running loss [36m0.015286[0m | [36m3644234[0m pos/sec | total time [36m13176.8[0ms
Estimated time remaining in training: [36m2[0mh [36m6[0mm [36m9[0ms
Saved [anna-v5-s1-470]
LR dropped to [36m0.00036415004[0m
superbatch [36m471[0m [[35m0.0[0m% ([36m0[0m/[36m763[0m batches, [36m3369394[0m pos/sec)]
Estimated time to end of superbatch: [36minf[0ms     [Fsuperbatch [36m471[0m [[35m16.8[0m% ([36m128[0m/[36m763[0m batches, [36m3649881[0m pos/sec)]
Estimated time to end of superbatch: [36m23.0[0ms     [Fsuperbatch [36m471[0m [[35m33.6[0m% ([36m256[0m/[36m763[0m batches, [36m3672915[0m pos/sec)]
Estimated time to end of superbatch: [36m18.2[0ms     [Fsuperbatch [36m471[0m [[35m50.3[0m% ([36m384[0m/[36m763[0m batches, [36m3634484[0m pos/sec)]
Estimated time to end of superbatch: [36m13.7[0ms     [Fsuperbatch [36m471[0m [[35m67.1[0m% ([36m512[0m/[36m763[0m batches, [36m3636271[0m pos/sec)]
Estimated time to end of superbatch: [36m9.1[0ms     [Fsuperbatch [36m471[0m [[35m83.9[0m% ([36m640[0m/[36m763[0m batches, [36m3647648[0m pos/sec)]
Estimated time to end of superbatch: [36m4.4[0ms     [Fsuperbatch [36m471[0m | time [36m27.4[0ms | running loss [36m0.015089[0m | [36m3651423[0m pos/sec | total time [36m13207.3[0ms
Estimated time remaining in training: [36m2[0mh [36m5[0mm [36m43[0ms
LR dropped to [36m0.00036280003[0m
superbatch [36m472[0m [[35m0.0[0m% ([36m0[0m/[36m763[0m batches, [36m3698084[0m pos/sec)]
Estimated time to end of superbatch: [36minf[0ms     [Fsuperbatch [36m472[0m [[35m16.8[0m% ([36m128[0m/[36m763[0m batches, [36m3603042[0m pos/sec)]
Estimated time to end of superbatch: [36m23.3[0ms     [Fsuperbatch [36m472[0m [[35m33.6[0m% ([36m256[0m/[36m763[0m batches, [36m3568004[0m pos/sec)]
Estimated time to end of superbatch: [36m18.7[0ms     [Fsuperbatch [36m472[0m [[35m50.3[0m% ([36m384[0m/[36m763[0m batches, [36m3610363[0m pos/sec)]
Estimated time to end of superbatch: [36m13.8[0ms     [Fsuperbatch [36m472[0m [[35m67.1[0m% ([36m512[0m/[36m763[0m batches, [36m3637932[0m pos/sec)]
Estimated time to end of superbatch: [36m9.1[0ms     [Fsuperbatch [36m472[0m [[35m83.9[0m% ([36m640[0m/[36m763[0m batches, [36m3638965[0m pos/sec)]
Estimated time to end of superbatch: [36m4.4[0ms     [Fsuperbatch [36m472[0m | time [36m27.5[0ms | running loss [36m0.015318[0m | [36m3641853[0m pos/sec | total time [36m13234.7[0ms
Estimated time remaining in training: [36m2[0mh [36m5[0mm [36m14[0ms
LR dropped to [36m0.00036145002[0m
superbatch [36m473[0m [[35m0.0[0m% ([36m0[0m/[36m763[0m batches, [36m4120023[0m pos/sec)]
Estimated time to end of superbatch: [36minf[0ms     [Fsuperbatch [36m473[0m [[35m16.8[0m% ([36m128[0m/[36m763[0m batches, [36m3613802[0m pos/sec)]
Estimated time to end of superbatch: [36m23.2[0ms     [Fsuperbatch [36m473[0m [[35m33.6[0m% ([36m256[0m/[36m763[0m batches, [36m3651720[0m pos/sec)]
Estimated time to end of superbatch: [36m18.3[0ms     [Fsuperbatch [36m473[0m [[35m50.3[0m% ([36m384[0m/[36m763[0m batches, [36m3625754[0m pos/sec)]
Estimated time to end of superbatch: [36m13.7[0ms     [Fsuperbatch [36m473[0m [[35m67.1[0m% ([36m512[0m/[36m763[0m batches, [36m3621288[0m pos/sec)]
Estimated time to end of superbatch: [36m9.1[0ms     [Fsuperbatch [36m473[0m [[35m83.9[0m% ([36m640[0m/[36m763[0m batches, [36m3620893[0m pos/sec)]
Estimated time to end of superbatch: [36m4.5[0ms     [Fsuperbatch [36m473[0m | time [36m27.5[0ms | running loss [36m0.015107[0m | [36m3632946[0m pos/sec | total time [36m13262.3[0ms
Estimated time remaining in training: [36m2[0mh [36m4[0mm [36m46[0ms
LR dropped to [36m0.0003601[0m
superbatch [36m474[0m [[35m0.0[0m% ([36m0[0m/[36m763[0m batches, [36m3972160[0m pos/sec)]
Estimated time to end of superbatch: [36minf[0ms     [Fsuperbatch [36m474[0m [[35m16.8[0m% ([36m128[0m/[36m763[0m batches, [36m3692881[0m pos/sec)]
Estimated time to end of superbatch: [36m22.7[0ms     [Fsuperbatch [36m474[0m [[35m33.6[0m% ([36m256[0m/[36m763[0m batches, [36m3709984[0m pos/sec)]
Estimated time to end of superbatch: [36m18.0[0ms     [Fsuperbatch [36m474[0m [[35m50.3[0m% ([36m384[0m/[36m763[0m batches, [36m3715728[0m pos/sec)]
Estimated time to end of superbatch: [36m13.4[0ms     [Fsuperbatch [36m474[0m [[35m67.1[0m% ([36m512[0m/[36m763[0m batches, [36m3715528[0m pos/sec)]
Estimated time to end of superbatch: [36m8.9[0ms     [Fsuperbatch [36m474[0m [[35m83.9[0m% ([36m640[0m/[36m763[0m batches, [36m3704912[0m pos/sec)]
Estimated time to end of superbatch: [36m4.4[0ms     [Fsuperbatch [36m474[0m | time [36m27.1[0ms | running loss [36m0.015333[0m | [36m3687475[0m pos/sec | total time [36m13289.4[0ms
Estimated time remaining in training: [36m2[0mh [36m4[0mm [36m17[0ms
LR dropped to [36m0.00035875[0m
superbatch [36m475[0m [[35m0.0[0m% ([36m0[0m/[36m763[0m batches, [36m3963552[0m pos/sec)]
Estimated time to end of superbatch: [36minf[0ms     [Fsuperbatch [36m475[0m [[35m16.8[0m% ([36m128[0m/[36m763[0m batches, [36m3636058[0m pos/sec)]
Estimated time to end of superbatch: [36m23.1[0ms     [Fsuperbatch [36m475[0m [[35m33.6[0m% ([36m256[0m/[36m763[0m batches, [36m3671638[0m pos/sec)]
Estimated time to end of superbatch: [36m18.2[0ms     [Fsuperbatch [36m475[0m [[35m50.3[0m% ([36m384[0m/[36m763[0m batches, [36m3673433[0m pos/sec)]
Estimated time to end of superbatch: [36m13.6[0ms     [Fsuperbatch [36m475[0m [[35m67.1[0m% ([36m512[0m/[36m763[0m batches, [36m3653122[0m pos/sec)]
Estimated time to end of superbatch: [36m9.0[0ms     [Fsuperbatch [36m475[0m [[35m83.9[0m% ([36m640[0m/[36m763[0m batches, [36m3640739[0m pos/sec)]
Estimated time to end of superbatch: [36m4.4[0ms     [Fsuperbatch [36m475[0m | time [36m27.5[0ms | running loss [36m0.015167[0m | [36m3642768[0m pos/sec | total time [36m13316.8[0ms
Estimated time remaining in training: [36m2[0mh [36m3[0mm [36m49[0ms
LR dropped to [36m0.0003574[0m
superbatch [36m476[0m [[35m0.0[0m% ([36m0[0m/[36m763[0m batches, [36m3818648[0m pos/sec)]
Estimated time to end of superbatch: [36minf[0ms     [Fsuperbatch [36m476[0m [[35m16.8[0m% ([36m128[0m/[36m763[0m batches, [36m3528308[0m pos/sec)]
Estimated time to end of superbatch: [36m23.8[0ms     [Fsuperbatch [36m476[0m [[35m33.6[0m% ([36m256[0m/[36m763[0m batches, [36m3537016[0m pos/sec)]
Estimated time to end of superbatch: [36m18.9[0ms     [Fsuperbatch [36m476[0m [[35m50.3[0m% ([36m384[0m/[36m763[0m batches, [36m3574373[0m pos/sec)]
Estimated time to end of superbatch: [36m13.9[0ms     [Fsuperbatch [36m476[0m [[35m67.1[0m% ([36m512[0m/[36m763[0m batches, [36m3592806[0m pos/sec)]
Estimated time to end of superbatch: [36m9.2[0ms     [Fsuperbatch [36m476[0m [[35m83.9[0m% ([36m640[0m/[36m763[0m batches, [36m3601065[0m pos/sec)]
Estimated time to end of superbatch: [36m4.5[0ms     [Fsuperbatch [36m476[0m | time [36m27.7[0ms | running loss [36m0.015346[0m | [36m3608883[0m pos/sec | total time [36m13344.5[0ms
Estimated time remaining in training: [36m2[0mh [36m3[0mm [36m21[0ms
LR dropped to [36m0.00035605003[0m
superbatch [36m477[0m [[35m0.0[0m% ([36m0[0m/[36m763[0m batches, [36m3400617[0m pos/sec)]
Estimated time to end of superbatch: [36minf[0ms     [Fsuperbatch [36m477[0m [[35m16.8[0m% ([36m128[0m/[36m763[0m batches, [36m3669558[0m pos/sec)]
Estimated time to end of superbatch: [36m22.9[0ms     [Fsuperbatch [36m477[0m [[35m33.6[0m% ([36m256[0m/[36m763[0m batches, [36m3657103[0m pos/sec)]
Estimated time to end of superbatch: [36m18.2[0ms     [Fsuperbatch [36m477[0m [[35m50.3[0m% ([36m384[0m/[36m763[0m batches, [36m3635332[0m pos/sec)]
Estimated time to end of superbatch: [36m13.7[0ms     [Fsuperbatch [36m477[0m [[35m67.1[0m% ([36m512[0m/[36m763[0m batches, [36m3646349[0m pos/sec)]
Estimated time to end of superbatch: [36m9.0[0ms     [Fsuperbatch [36m477[0m [[35m83.9[0m% ([36m640[0m/[36m763[0m batches, [36m3658873[0m pos/sec)]
Estimated time to end of superbatch: [36m4.4[0ms     [Fsuperbatch [36m477[0m | time [36m27.3[0ms | running loss [36m0.015197[0m | [36m3660961[0m pos/sec | total time [36m13371.9[0ms
Estimated time remaining in training: [36m2[0mh [36m2[0mm [36m52[0ms
LR dropped to [36m0.00035470002[0m
superbatch [36m478[0m [[35m0.0[0m% ([36m0[0m/[36m763[0m batches, [36m3394600[0m pos/sec)]
Estimated time to end of superbatch: [36minf[0ms     [Fsuperbatch [36m478[0m [[35m16.8[0m% ([36m128[0m/[36m763[0m batches, [36m3673706[0m pos/sec)]
Estimated time to end of superbatch: [36m22.8[0ms     [Fsuperbatch [36m478[0m [[35m33.6[0m% ([36m256[0m/[36m763[0m batches, [36m3615435[0m pos/sec)]
Estimated time to end of superbatch: [36m18.5[0ms     [Fsuperbatch [36m478[0m [[35m50.3[0m% ([36m384[0m/[36m763[0m batches, [36m3639080[0m pos/sec)]
Estimated time to end of superbatch: [36m13.7[0ms     [Fsuperbatch [36m478[0m [[35m67.1[0m% ([36m512[0m/[36m763[0m batches, [36m3640253[0m pos/sec)]
Estimated time to end of superbatch: [36m9.1[0ms     [Fsuperbatch [36m478[0m [[35m83.9[0m% ([36m640[0m/[36m763[0m batches, [36m3644358[0m pos/sec)]
Estimated time to end of superbatch: [36m4.4[0ms     [Fsuperbatch [36m478[0m | time [36m27.5[0ms | running loss [36m0.015377[0m | [36m3633253[0m pos/sec | total time [36m13399.4[0ms
Estimated time remaining in training: [36m2[0mh [36m2[0mm [36m24[0ms
LR dropped to [36m0.00035335[0m
superbatch [36m479[0m [[35m0.0[0m% ([36m0[0m/[36m763[0m batches, [36m3654864[0m pos/sec)]
Estimated time to end of superbatch: [36minf[0ms     [Fsuperbatch [36m479[0m [[35m16.8[0m% ([36m128[0m/[36m763[0m batches, [36m3589337[0m pos/sec)]
Estimated time to end of superbatch: [36m23.4[0ms     [Fsuperbatch [36m479[0m [[35m33.6[0m% ([36m256[0m/[36m763[0m batches, [36m3592642[0m pos/sec)]
Estimated time to end of superbatch: [36m18.6[0ms     [Fsuperbatch [36m479[0m [[35m50.3[0m% ([36m384[0m/[36m763[0m batches, [36m3594899[0m pos/sec)]
Estimated time to end of superbatch: [36m13.9[0ms     [Fsuperbatch [36m479[0m [[35m67.1[0m% ([36m512[0m/[36m763[0m batches, [36m3589799[0m pos/sec)]
Estimated time to end of superbatch: [36m9.2[0ms     [Fsuperbatch [36m479[0m [[35m83.9[0m% ([36m640[0m/[36m763[0m batches, [36m3596792[0m pos/sec)]
Estimated time to end of superbatch: [36m4.5[0ms     [Fsuperbatch [36m479[0m | time [36m27.8[0ms | running loss [36m0.015240[0m | [36m3596830[0m pos/sec | total time [36m13427.2[0ms
Estimated time remaining in training: [36m2[0mh [36m1[0mm [36m56[0ms
LR dropped to [36m0.00035200006[0m
superbatch [36m480[0m [[35m0.0[0m% ([36m0[0m/[36m763[0m batches, [36m3458338[0m pos/sec)]
Estimated time to end of superbatch: [36minf[0ms     [Fsuperbatch [36m480[0m [[35m16.8[0m% ([36m128[0m/[36m763[0m batches, [36m3638350[0m pos/sec)]
Estimated time to end of superbatch: [36m23.1[0ms     [Fsuperbatch [36m480[0m [[35m33.6[0m% ([36m256[0m/[36m763[0m batches, [36m3640897[0m pos/sec)]
Estimated time to end of superbatch: [36m18.3[0ms     [Fsuperbatch [36m480[0m [[35m50.3[0m% ([36m384[0m/[36m763[0m batches, [36m3646856[0m pos/sec)]
Estimated time to end of superbatch: [36m13.7[0ms     [Fsuperbatch [36m480[0m [[35m67.1[0m% ([36m512[0m/[36m763[0m batches, [36m3626884[0m pos/sec)]
Estimated time to end of superbatch: [36m9.1[0ms     [Fsuperbatch [36m480[0m [[35m83.9[0m% ([36m640[0m/[36m763[0m batches, [36m3625704[0m pos/sec)]
Estimated time to end of superbatch: [36m4.5[0ms     [Fsuperbatch [36m480[0m | time [36m27.7[0ms | running loss [36m0.011478[0m | [36m3616683[0m pos/sec | total time [36m13454.8[0ms
Estimated time remaining in training: [36m2[0mh [36m1[0mm [36m28[0ms
Saved [anna-v5-s1-480]
LR dropped to [36m0.00035065005[0m
superbatch [36m481[0m [[35m0.0[0m% ([36m0[0m/[36m763[0m batches, [36m4061445[0m pos/sec)]
Estimated time to end of superbatch: [36minf[0ms     [Fsuperbatch [36m481[0m [[35m16.8[0m% ([36m128[0m/[36m763[0m batches, [36m3631416[0m pos/sec)]
Estimated time to end of superbatch: [36m23.1[0ms     [Fsuperbatch [36m481[0m [[35m33.6[0m% ([36m256[0m/[36m763[0m batches, [36m3615254[0m pos/sec)]
Estimated time to end of superbatch: [36m18.5[0ms     [Fsuperbatch [36m481[0m [[35m50.3[0m% ([36m384[0m/[36m763[0m batches, [36m3624346[0m pos/sec)]
Estimated time to end of superbatch: [36m13.7[0ms     [Fsuperbatch [36m481[0m [[35m67.1[0m% ([36m512[0m/[36m763[0m batches, [36m3620690[0m pos/sec)]
Estimated time to end of superbatch: [36m9.1[0ms     [Fsuperbatch [36m481[0m [[35m83.9[0m% ([36m640[0m/[36m763[0m batches, [36m3633010[0m pos/sec)]
Estimated time to end of superbatch: [36m4.4[0ms     [Fsuperbatch [36m481[0m | time [36m27.5[0ms | running loss [36m0.010685[0m | [36m3641172[0m pos/sec | total time [36m13485.4[0ms
Estimated time remaining in training: [36m2[0mh [36m1[0mm [36m1[0ms
LR dropped to [36m0.00034930004[0m
superbatch [36m482[0m [[35m0.0[0m% ([36m0[0m/[36m763[0m batches, [36m3953553[0m pos/sec)]
Estimated time to end of superbatch: [36minf[0ms     [Fsuperbatch [36m482[0m [[35m16.8[0m% ([36m128[0m/[36m763[0m batches, [36m3651947[0m pos/sec)]
Estimated time to end of superbatch: [36m23.0[0ms     [Fsuperbatch [36m482[0m [[35m33.6[0m% ([36m256[0m/[36m763[0m batches, [36m3616774[0m pos/sec)]
Estimated time to end of superbatch: [36m18.4[0ms     [Fsuperbatch [36m482[0m [[35m50.3[0m% ([36m384[0m/[36m763[0m batches, [36m3616208[0m pos/sec)]
Estimated time to end of superbatch: [36m13.8[0ms     [Fsuperbatch [36m482[0m [[35m67.1[0m% ([36m512[0m/[36m763[0m batches, [36m3622092[0m pos/sec)]
Estimated time to end of superbatch: [36m9.1[0ms     [Fsuperbatch [36m482[0m [[35m83.9[0m% ([36m640[0m/[36m763[0m batches, [36m3626858[0m pos/sec)]
Estimated time to end of superbatch: [36m4.5[0ms     [Fsuperbatch [36m482[0m | time [36m27.7[0ms | running loss [36m0.010729[0m | [36m3615928[0m pos/sec | total time [36m13513.0[0ms
Estimated time remaining in training: [36m2[0mh [36m0[0mm [36m33[0ms
LR dropped to [36m0.00034795003[0m
superbatch [36m483[0m [[35m0.0[0m% ([36m0[0m/[36m763[0m batches, [36m3783764[0m pos/sec)]
Estimated time to end of superbatch: [36minf[0ms     [Fsuperbatch [36m483[0m [[35m16.8[0m% ([36m128[0m/[36m763[0m batches, [36m3618781[0m pos/sec)]
Estimated time to end of superbatch: [36m23.2[0ms     [Fsuperbatch [36m483[0m [[35m33.6[0m% ([36m256[0m/[36m763[0m batches, [36m3671341[0m pos/sec)]
Estimated time to end of superbatch: [36m18.2[0ms     [Fsuperbatch [36m483[0m [[35m50.3[0m% ([36m384[0m/[36m763[0m batches, [36m3682853[0m pos/sec)]
Estimated time to end of superbatch: [36m13.5[0ms     [Fsuperbatch [36m483[0m [[35m67.1[0m% ([36m512[0m/[36m763[0m batches, [36m3689196[0m pos/sec)]
Estimated time to end of superbatch: [36m8.9[0ms     [Fsuperbatch [36m483[0m [[35m83.9[0m% ([36m640[0m/[36m763[0m batches, [36m3703230[0m pos/sec)]
Estimated time to end of superbatch: [36m4.4[0ms     [Fsuperbatch [36m483[0m | time [36m26.9[0ms | running loss [36m0.010614[0m | [36m3713452[0m pos/sec | total time [36m13540.0[0ms
Estimated time remaining in training: [36m2[0mh [36m0[0mm [36m4[0ms
LR dropped to [36m0.00034660002[0m
superbatch [36m484[0m [[35m0.0[0m% ([36m0[0m/[36m763[0m batches, [36m3641067[0m pos/sec)]
Estimated time to end of superbatch: [36minf[0ms     [Fsuperbatch [36m484[0m [[35m16.8[0m% ([36m128[0m/[36m763[0m batches, [36m3769502[0m pos/sec)]
Estimated time to end of superbatch: [36m22.3[0ms     [Fsuperbatch [36m484[0m [[35m33.6[0m% ([36m256[0m/[36m763[0m batches, [36m3735913[0m pos/sec)]
Estimated time to end of superbatch: [36m17.9[0ms     [Fsuperbatch [36m484[0m [[35m50.3[0m% ([36m384[0m/[36m763[0m batches, [36m3737802[0m pos/sec)]
Estimated time to end of superbatch: [36m13.3[0ms     [Fsuperbatch [36m484[0m [[35m67.1[0m% ([36m512[0m/[36m763[0m batches, [36m3748493[0m pos/sec)]
Estimated time to end of superbatch: [36m8.8[0ms     [Fsuperbatch [36m484[0m [[35m83.9[0m% ([36m640[0m/[36m763[0m batches, [36m3754233[0m pos/sec)]
Estimated time to end of superbatch: [36m4.3[0ms     [Fsuperbatch [36m484[0m | time [36m26.6[0ms | running loss [36m0.010715[0m | [36m3755710[0m pos/sec | total time [36m13566.6[0ms
Estimated time remaining in training: [36m1[0mh [36m59[0mm [36m35[0ms
LR dropped to [36m0.00034525[0m
superbatch [36m485[0m [[35m0.0[0m% ([36m0[0m/[36m763[0m batches, [36m3663640[0m pos/sec)]
Estimated time to end of superbatch: [36minf[0ms     [Fsuperbatch [36m485[0m [[35m16.8[0m% ([36m128[0m/[36m763[0m batches, [36m3727564[0m pos/sec)]
Estimated time to end of superbatch: [36m22.5[0ms     [Fsuperbatch [36m485[0m [[35m33.6[0m% ([36m256[0m/[36m763[0m batches, [36m3717609[0m pos/sec)]
Estimated time to end of superbatch: [36m17.9[0ms     [Fsuperbatch [36m485[0m [[35m50.3[0m% ([36m384[0m/[36m763[0m batches, [36m3718218[0m pos/sec)]
Estimated time to end of superbatch: [36m13.4[0ms     [Fsuperbatch [36m485[0m [[35m67.1[0m% ([36m512[0m/[36m763[0m batches, [36m3701786[0m pos/sec)]
Estimated time to end of superbatch: [36m8.9[0ms     [Fsuperbatch [36m485[0m [[35m83.9[0m% ([36m640[0m/[36m763[0m batches, [36m3686571[0m pos/sec)]
Estimated time to end of superbatch: [36m4.4[0ms     [Fsuperbatch [36m485[0m | time [36m27.3[0ms | running loss [36m0.010629[0m | [36m3669306[0m pos/sec | total time [36m13593.8[0ms
Estimated time remaining in training: [36m1[0mh [36m59[0mm [36m7[0ms
LR dropped to [36m0.0003439[0m
superbatch [36m486[0m [[35m0.0[0m% ([36m0[0m/[36m763[0m batches, [36m3763132[0m pos/sec)]
Estimated time to end of superbatch: [36minf[0ms     [Fsuperbatch [36m486[0m [[35m16.8[0m% ([36m128[0m/[36m763[0m batches, [36m3630215[0m pos/sec)]
Estimated time to end of superbatch: [36m23.1[0ms     [Fsuperbatch [36m486[0m [[35m33.6[0m% ([36m256[0m/[36m763[0m batches, [36m3614519[0m pos/sec)]
Estimated time to end of superbatch: [36m18.5[0ms     [Fsuperbatch [36m486[0m [[35m50.3[0m% ([36m384[0m/[36m763[0m batches, [36m3639225[0m pos/sec)]
Estimated time to end of superbatch: [36m13.7[0ms     [Fsuperbatch [36m486[0m [[35m67.1[0m% ([36m512[0m/[36m763[0m batches, [36m3635160[0m pos/sec)]
Estimated time to end of superbatch: [36m9.1[0ms     [Fsuperbatch [36m486[0m [[35m83.9[0m% ([36m640[0m/[36m763[0m batches, [36m3650899[0m pos/sec)]
Estimated time to end of superbatch: [36m4.4[0ms     [Fsuperbatch [36m486[0m | time [36m27.3[0ms | running loss [36m0.010706[0m | [36m3657446[0m pos/sec | total time [36m13621.2[0ms
Estimated time remaining in training: [36m1[0mh [36m58[0mm [36m38[0ms
LR dropped to [36m0.00034255[0m
superbatch [36m487[0m [[35m0.0[0m% ([36m0[0m/[36m763[0m batches, [36m3714582[0m pos/sec)]
Estimated time to end of superbatch: [36minf[0ms     [Fsuperbatch [36m487[0m [[35m16.8[0m% ([36m128[0m/[36m763[0m batches, [36m3756890[0m pos/sec)]
Estimated time to end of superbatch: [36m22.3[0ms     [Fsuperbatch [36m487[0m [[35m33.6[0m% ([36m256[0m/[36m763[0m batches, [36m3745789[0m pos/sec)]
Estimated time to end of superbatch: [36m17.8[0ms     [Fsuperbatch [36m487[0m [[35m50.3[0m% ([36m384[0m/[36m763[0m batches, [36m3743542[0m pos/sec)]
Estimated time to end of superbatch: [36m13.3[0ms     [Fsuperbatch [36m487[0m [[35m67.1[0m% ([36m512[0m/[36m763[0m batches, [36m3738571[0m pos/sec)]
Estimated time to end of superbatch: [36m8.8[0ms     [Fsuperbatch [36m487[0m [[35m83.9[0m% ([36m640[0m/[36m763[0m batches, [36m3713988[0m pos/sec)]
Estimated time to end of superbatch: [36m4.3[0ms     [Fsuperbatch [36m487[0m | time [36m27.0[0ms | running loss [36m0.010643[0m | [36m3708578[0m pos/sec | total time [36m13648.1[0ms
Estimated time remaining in training: [36m1[0mh [36m58[0mm [36m10[0ms
LR dropped to [36m0.00034120004[0m
superbatch [36m488[0m [[35m0.0[0m% ([36m0[0m/[36m763[0m batches, [36m3336438[0m pos/sec)]
Estimated time to end of superbatch: [36minf[0ms     [Fsuperbatch [36m488[0m [[35m16.8[0m% ([36m128[0m/[36m763[0m batches, [36m3668732[0m pos/sec)]
Estimated time to end of superbatch: [36m22.9[0ms     [Fsuperbatch [36m488[0m [[35m33.6[0m% ([36m256[0m/[36m763[0m batches, [36m3637633[0m pos/sec)]
Estimated time to end of superbatch: [36m18.3[0ms     [Fsuperbatch [36m488[0m [[35m50.3[0m% ([36m384[0m/[36m763[0m batches, [36m3647799[0m pos/sec)]
Estimated time to end of superbatch: [36m13.7[0ms     [Fsuperbatch [36m488[0m [[35m67.1[0m% ([36m512[0m/[36m763[0m batches, [36m3634675[0m pos/sec)]
Estimated time to end of superbatch: [36m9.1[0ms     [Fsuperbatch [36m488[0m [[35m83.9[0m% ([36m640[0m/[36m763[0m batches, [36m3638084[0m pos/sec)]
Estimated time to end of superbatch: [36m4.4[0ms     [Fsuperbatch [36m488[0m | time [36m27.5[0ms | running loss [36m0.010697[0m | [36m3640250[0m pos/sec | total time [36m13675.6[0ms
Estimated time remaining in training: [36m1[0mh [36m57[0mm [36m42[0ms
LR dropped to [36m0.00033985003[0m
superbatch [36m489[0m [[35m0.0[0m% ([36m0[0m/[36m763[0m batches, [36m3927514[0m pos/sec)]
Estimated time to end of superbatch: [36minf[0ms     [Fsuperbatch [36m489[0m [[35m16.8[0m% ([36m128[0m/[36m763[0m batches, [36m3593755[0m pos/sec)]
Estimated time to end of superbatch: [36m23.3[0ms     [Fsuperbatch [36m489[0m [[35m33.6[0m% ([36m256[0m/[36m763[0m batches, [36m3577286[0m pos/sec)]
Estimated time to end of superbatch: [36m18.6[0ms     [Fsuperbatch [36m489[0m [[35m50.3[0m% ([36m384[0m/[36m763[0m batches, [36m3570342[0m pos/sec)]
Estimated time to end of superbatch: [36m13.9[0ms     [Fsuperbatch [36m489[0m [[35m67.1[0m% ([36m512[0m/[36m763[0m batches, [36m3570699[0m pos/sec)]
Estimated time to end of superbatch: [36m9.2[0ms     [Fsuperbatch [36m489[0m [[35m83.9[0m% ([36m640[0m/[36m763[0m batches, [36m3575286[0m pos/sec)]
Estimated time to end of superbatch: [36m4.5[0ms     [Fsuperbatch [36m489[0m | time [36m28.0[0ms | running loss [36m0.010684[0m | [36m3572542[0m pos/sec | total time [36m13703.6[0ms
Estimated time remaining in training: [36m1[0mh [36m57[0mm [36m13[0ms
LR dropped to [36m0.00033850002[0m
superbatch [36m490[0m [[35m0.0[0m% ([36m0[0m/[36m763[0m batches, [36m3255714[0m pos/sec)]
Estimated time to end of superbatch: [36minf[0ms     [Fsuperbatch [36m490[0m [[35m16.8[0m% ([36m128[0m/[36m763[0m batches, [36m3599480[0m pos/sec)]
Estimated time to end of superbatch: [36m23.3[0ms     [Fsuperbatch [36m490[0m [[35m33.6[0m% ([36m256[0m/[36m763[0m batches, [36m3586539[0m pos/sec)]
Estimated time to end of superbatch: [36m18.6[0ms     [Fsuperbatch [36m490[0m [[35m50.3[0m% ([36m384[0m/[36m763[0m batches, [36m3573901[0m pos/sec)]
Estimated time to end of superbatch: [36m13.9[0ms     [Fsuperbatch [36m490[0m [[35m67.1[0m% ([36m512[0m/[36m763[0m batches, [36m3580393[0m pos/sec)]
Estimated time to end of superbatch: [36m9.2[0ms     [Fsuperbatch [36m490[0m [[35m83.9[0m% ([36m640[0m/[36m763[0m batches, [36m3593359[0m pos/sec)]
Estimated time to end of superbatch: [36m4.5[0ms     [Fsuperbatch [36m490[0m | time [36m27.8[0ms | running loss [36m0.010706[0m | [36m3596019[0m pos/sec | total time [36m13731.4[0ms
Estimated time remaining in training: [36m1[0mh [36m56[0mm [36m45[0ms
Saved [anna-v5-s1-490]
LR dropped to [36m0.00033715[0m
superbatch [36m491[0m [[35m0.0[0m% ([36m0[0m/[36m763[0m batches, [36m3956110[0m pos/sec)]
Estimated time to end of superbatch: [36minf[0ms     [Fsuperbatch [36m491[0m [[35m16.8[0m% ([36m128[0m/[36m763[0m batches, [36m3556011[0m pos/sec)]
Estimated time to end of superbatch: [36m23.6[0ms     [Fsuperbatch [36m491[0m [[35m33.6[0m% ([36m256[0m/[36m763[0m batches, [36m3571134[0m pos/sec)]
Estimated time to end of superbatch: [36m18.7[0ms     [Fsuperbatch [36m491[0m [[35m50.3[0m% ([36m384[0m/[36m763[0m batches, [36m3577258[0m pos/sec)]
Estimated time to end of superbatch: [36m13.9[0ms     [Fsuperbatch [36m491[0m [[35m67.1[0m% ([36m512[0m/[36m763[0m batches, [36m3573434[0m pos/sec)]
Estimated time to end of superbatch: [36m9.2[0ms     [Fsuperbatch [36m491[0m [[35m83.9[0m% ([36m640[0m/[36m763[0m batches, [36m3568844[0m pos/sec)]
Estimated time to end of superbatch: [36m4.5[0ms     [Fsuperbatch [36m491[0m | time [36m28.0[0ms | running loss [36m0.010715[0m | [36m3571848[0m pos/sec | total time [36m13762.4[0ms
Estimated time remaining in training: [36m1[0mh [36m56[0mm [36m19[0ms
LR dropped to [36m0.00033580005[0m
superbatch [36m492[0m [[35m0.0[0m% ([36m0[0m/[36m763[0m batches, [36m3891614[0m pos/sec)]
Estimated time to end of superbatch: [36minf[0ms     [Fsuperbatch [36m492[0m [[35m16.8[0m% ([36m128[0m/[36m763[0m batches, [36m3601700[0m pos/sec)]
Estimated time to end of superbatch: [36m23.3[0ms     [Fsuperbatch [36m492[0m [[35m33.6[0m% ([36m256[0m/[36m763[0m batches, [36m3574439[0m pos/sec)]
Estimated time to end of superbatch: [36m18.7[0ms     [Fsuperbatch [36m492[0m [[35m50.3[0m% ([36m384[0m/[36m763[0m batches, [36m3583138[0m pos/sec)]
Estimated time to end of superbatch: [36m13.9[0ms     [Fsuperbatch [36m492[0m [[35m67.1[0m% ([36m512[0m/[36m763[0m batches, [36m3587941[0m pos/sec)]
Estimated time to end of superbatch: [36m9.2[0ms     [Fsuperbatch [36m492[0m [[35m83.9[0m% ([36m640[0m/[36m763[0m batches, [36m3582211[0m pos/sec)]
Estimated time to end of superbatch: [36m4.5[0ms     [Fsuperbatch [36m492[0m | time [36m28.0[0ms | running loss [36m0.010725[0m | [36m3577210[0m pos/sec | total time [36m13790.4[0ms
Estimated time remaining in training: [36m1[0mh [36m55[0mm [36m51[0ms
LR dropped to [36m0.00033445004[0m
superbatch [36m493[0m [[35m0.0[0m% ([36m0[0m/[36m763[0m batches, [36m3177576[0m pos/sec)]
Estimated time to end of superbatch: [36minf[0ms     [Fsuperbatch [36m493[0m [[35m16.8[0m% ([36m128[0m/[36m763[0m batches, [36m3585362[0m pos/sec)]
Estimated time to end of superbatch: [36m23.4[0ms     [Fsuperbatch [36m493[0m [[35m33.6[0m% ([36m256[0m/[36m763[0m batches, [36m3587316[0m pos/sec)]
Estimated time to end of superbatch: [36m18.6[0ms     [Fsuperbatch [36m493[0m [[35m50.3[0m% ([36m384[0m/[36m763[0m batches, [36m3609826[0m pos/sec)]
Estimated time to end of superbatch: [36m13.8[0ms     [Fsuperbatch [36m493[0m [[35m67.1[0m% ([36m512[0m/[36m763[0m batches, [36m3594590[0m pos/sec)]
Estimated time to end of superbatch: [36m9.2[0ms     [Fsuperbatch [36m493[0m [[35m83.9[0m% ([36m640[0m/[36m763[0m batches, [36m3590951[0m pos/sec)]
Estimated time to end of superbatch: [36m4.5[0ms     [Fsuperbatch [36m493[0m | time [36m27.9[0ms | running loss [36m0.010729[0m | [36m3583360[0m pos/sec | total time [36m13818.3[0ms
Estimated time remaining in training: [36m1[0mh [36m55[0mm [36m23[0ms
LR dropped to [36m0.00033310003[0m
superbatch [36m494[0m [[35m0.0[0m% ([36m0[0m/[36m763[0m batches, [36m3509312[0m pos/sec)]
Estimated time to end of superbatch: [36minf[0ms     [Fsuperbatch [36m494[0m [[35m16.8[0m% ([36m128[0m/[36m763[0m batches, [36m3470228[0m pos/sec)]
Estimated time to end of superbatch: [36m24.2[0ms     [Fsuperbatch [36m494[0m [[35m33.6[0m% ([36m256[0m/[36m763[0m batches, [36m3504043[0m pos/sec)]
Estimated time to end of superbatch: [36m19.0[0ms     [Fsuperbatch [36m494[0m [[35m50.3[0m% ([36m384[0m/[36m763[0m batches, [36m3557409[0m pos/sec)]
Estimated time to end of superbatch: [36m14.0[0ms     [Fsuperbatch [36m494[0m [[35m67.1[0m% ([36m512[0m/[36m763[0m batches, [36m3591846[0m pos/sec)]
Estimated time to end of superbatch: [36m9.2[0ms     [Fsuperbatch [36m494[0m [[35m83.9[0m% ([36m640[0m/[36m763[0m batches, [36m3597540[0m pos/sec)]
Estimated time to end of superbatch: [36m4.5[0ms     [Fsuperbatch [36m494[0m | time [36m27.9[0ms | running loss [36m0.010715[0m | [36m3584628[0m pos/sec | total time [36m13846.2[0ms
Estimated time remaining in training: [36m1[0mh [36m54[0mm [36m55[0ms
LR dropped to [36m0.00033175002[0m
superbatch [36m495[0m [[35m0.0[0m% ([36m0[0m/[36m763[0m batches, [36m3578983[0m pos/sec)]
Estimated time to end of superbatch: [36minf[0ms     [Fsuperbatch [36m495[0m [[35m16.8[0m% ([36m128[0m/[36m763[0m batches, [36m3516830[0m pos/sec)]
Estimated time to end of superbatch: [36m23.9[0ms     [Fsuperbatch [36m495[0m [[35m33.6[0m% ([36m256[0m/[36m763[0m batches, [36m3541928[0m pos/sec)]
Estimated time to end of superbatch: [36m18.8[0ms     [Fsuperbatch [36m495[0m [[35m50.3[0m% ([36m384[0m/[36m763[0m batches, [36m3538490[0m pos/sec)]
Estimated time to end of superbatch: [36m14.1[0ms     [Fsuperbatch [36m495[0m [[35m67.1[0m% ([36m512[0m/[36m763[0m batches, [36m3528568[0m pos/sec)]
Estimated time to end of superbatch: [36m9.3[0ms     [Fsuperbatch [36m495[0m [[35m83.9[0m% ([36m640[0m/[36m763[0m batches, [36m3534880[0m pos/sec)]
Estimated time to end of superbatch: [36m4.6[0ms     [Fsuperbatch [36m495[0m | time [36m28.2[0ms | running loss [36m0.010748[0m | [36m3541128[0m pos/sec | total time [36m13874.4[0ms
Estimated time remaining in training: [36m1[0mh [36m54[0mm [36m27[0ms
LR dropped to [36m0.0003304[0m
superbatch [36m496[0m [[35m0.0[0m% ([36m0[0m/[36m763[0m batches, [36m3781895[0m pos/sec)]
Estimated time to end of superbatch: [36minf[0ms     [Fsuperbatch [36m496[0m [[35m16.8[0m% ([36m128[0m/[36m763[0m batches, [36m3532552[0m pos/sec)]
Estimated time to end of superbatch: [36m23.7[0ms     [Fsuperbatch [36m496[0m [[35m33.6[0m% ([36m256[0m/[36m763[0m batches, [36m3542102[0m pos/sec)]
Estimated time to end of superbatch: [36m18.8[0ms     [Fsuperbatch [36m496[0m [[35m50.3[0m% ([36m384[0m/[36m763[0m batches, [36m3554766[0m pos/sec)]
Estimated time to end of superbatch: [36m14.0[0ms     [Fsuperbatch [36m496[0m [[35m67.1[0m% ([36m512[0m/[36m763[0m batches, [36m3553579[0m pos/sec)]
Estimated time to end of superbatch: [36m9.3[0ms     [Fsuperbatch [36m496[0m [[35m83.9[0m% ([36m640[0m/[36m763[0m batches, [36m3551824[0m pos/sec)]
Estimated time to end of superbatch: [36m4.5[0ms     [Fsuperbatch [36m496[0m | time [36m28.2[0ms | running loss [36m0.010720[0m | [36m3549507[0m pos/sec | total time [36m13902.6[0ms
Estimated time remaining in training: [36m1[0mh [36m53[0mm [36m59[0ms
LR dropped to [36m0.00032905[0m
superbatch [36m497[0m [[35m0.0[0m% ([36m0[0m/[36m763[0m batches, [36m3198914[0m pos/sec)]
Estimated time to end of superbatch: [36minf[0ms     [Fsuperbatch [36m497[0m [[35m16.8[0m% ([36m128[0m/[36m763[0m batches, [36m3542195[0m pos/sec)]
Estimated time to end of superbatch: [36m23.7[0ms     [Fsuperbatch [36m497[0m [[35m33.6[0m% ([36m256[0m/[36m763[0m batches, [36m3577090[0m pos/sec)]
Estimated time to end of superbatch: [36m18.7[0ms     [Fsuperbatch [36m497[0m [[35m50.3[0m% ([36m384[0m/[36m763[0m batches, [36m3597051[0m pos/sec)]
Estimated time to end of superbatch: [36m13.8[0ms     [Fsuperbatch [36m497[0m [[35m67.1[0m% ([36m512[0m/[36m763[0m batches, [36m3573470[0m pos/sec)]
Estimated time to end of superbatch: [36m9.2[0ms     [Fsuperbatch [36m497[0m [[35m83.9[0m% ([36m640[0m/[36m763[0m batches, [36m3569650[0m pos/sec)]
Estimated time to end of superbatch: [36m4.5[0ms     [Fsuperbatch [36m497[0m | time [36m28.1[0ms | running loss [36m0.010787[0m | [36m3563747[0m pos/sec | total time [36m13930.7[0ms
Estimated time remaining in training: [36m1[0mh [36m53[0mm [36m31[0ms
LR dropped to [36m0.0003277[0m
superbatch [36m498[0m [[35m0.0[0m% ([36m0[0m/[36m763[0m batches, [36m3131612[0m pos/sec)]
Estimated time to end of superbatch: [36minf[0ms     [Fsuperbatch [36m498[0m [[35m16.8[0m% ([36m128[0m/[36m763[0m batches, [36m3507980[0m pos/sec)]
Estimated time to end of superbatch: [36m23.9[0ms     [Fsuperbatch [36m498[0m [[35m33.6[0m% ([36m256[0m/[36m763[0m batches, [36m3516833[0m pos/sec)]
Estimated time to end of superbatch: [36m19.0[0ms     [Fsuperbatch [36m498[0m [[35m50.3[0m% ([36m384[0m/[36m763[0m batches, [36m3517917[0m pos/sec)]
Estimated time to end of superbatch: [36m14.2[0ms     [Fsuperbatch [36m498[0m [[35m67.1[0m% ([36m512[0m/[36m763[0m batches, [36m3521383[0m pos/sec)]
Estimated time to end of superbatch: [36m9.4[0ms     [Fsuperbatch [36m498[0m [[35m83.9[0m% ([36m640[0m/[36m763[0m batches, [36m3532216[0m pos/sec)]
Estimated time to end of superbatch: [36m4.6[0ms     [Fsuperbatch [36m498[0m | time [36m28.3[0ms | running loss [36m0.010723[0m | [36m3533986[0m pos/sec | total time [36m13959.0[0ms
Estimated time remaining in training: [36m1[0mh [36m53[0mm [36m3[0ms
LR dropped to [36m0.00032635004[0m
superbatch [36m499[0m [[35m0.0[0m% ([36m0[0m/[36m763[0m batches, [36m3374670[0m pos/sec)]
Estimated time to end of superbatch: [36minf[0ms     [Fsuperbatch [36m499[0m [[35m16.8[0m% ([36m128[0m/[36m763[0m batches, [36m3508002[0m pos/sec)]
Estimated time to end of superbatch: [36m23.9[0ms     [Fsuperbatch [36m499[0m [[35m33.6[0m% ([36m256[0m/[36m763[0m batches, [36m3536569[0m pos/sec)]
Estimated time to end of superbatch: [36m18.9[0ms     [Fsuperbatch [36m499[0m [[35m50.3[0m% ([36m384[0m/[36m763[0m batches, [36m3535265[0m pos/sec)]
Estimated time to end of superbatch: [36m14.1[0ms     [Fsuperbatch [36m499[0m [[35m67.1[0m% ([36m512[0m/[36m763[0m batches, [36m3536638[0m pos/sec)]
Estimated time to end of superbatch: [36m9.3[0ms     [Fsuperbatch [36m499[0m [[35m83.9[0m% ([36m640[0m/[36m763[0m batches, [36m3531340[0m pos/sec)]
Estimated time to end of superbatch: [36m4.6[0ms     [Fsuperbatch [36m499[0m | time [36m28.4[0ms | running loss [36m0.010822[0m | [36m3522801[0m pos/sec | total time [36m13987.4[0ms
Estimated time remaining in training: [36m1[0mh [36m52[0mm [36m35[0ms
LR dropped to [36m0.00032500003[0m
superbatch [36m500[0m [[35m0.0[0m% ([36m0[0m/[36m763[0m batches, [36m3730779[0m pos/sec)]
Estimated time to end of superbatch: [36minf[0ms     [Fsuperbatch [36m500[0m [[35m16.8[0m% ([36m128[0m/[36m763[0m batches, [36m3550045[0m pos/sec)]
Estimated time to end of superbatch: [36m23.6[0ms     [Fsuperbatch [36m500[0m [[35m33.6[0m% ([36m256[0m/[36m763[0m batches, [36m3549580[0m pos/sec)]
Estimated time to end of superbatch: [36m18.8[0ms     [Fsuperbatch [36m500[0m [[35m50.3[0m% ([36m384[0m/[36m763[0m batches, [36m3541484[0m pos/sec)]
Estimated time to end of superbatch: [36m14.1[0ms     [Fsuperbatch [36m500[0m [[35m67.1[0m% ([36m512[0m/[36m763[0m batches, [36m3547105[0m pos/sec)]
Estimated time to end of superbatch: [36m9.3[0ms     [Fsuperbatch [36m500[0m [[35m83.9[0m% ([36m640[0m/[36m763[0m batches, [36m3546957[0m pos/sec)]
Estimated time to end of superbatch: [36m4.6[0ms     [Fsuperbatch [36m500[0m | time [36m28.2[0ms | running loss [36m0.010712[0m | [36m3542076[0m pos/sec | total time [36m14015.6[0ms
Estimated time remaining in training: [36m1[0mh [36m52[0mm [36m7[0ms
Saved [anna-v5-s1-500]
LR dropped to [36m0.00032365002[0m
superbatch [36m501[0m [[35m0.0[0m% ([36m0[0m/[36m763[0m batches, [36m3646956[0m pos/sec)]
Estimated time to end of superbatch: [36minf[0ms     [Fsuperbatch [36m501[0m [[35m16.8[0m% ([36m128[0m/[36m763[0m batches, [36m3530874[0m pos/sec)]
Estimated time to end of superbatch: [36m23.8[0ms     [Fsuperbatch [36m501[0m [[35m33.6[0m% ([36m256[0m/[36m763[0m batches, [36m3545121[0m pos/sec)]
Estimated time to end of superbatch: [36m18.8[0ms     [Fsuperbatch [36m501[0m [[35m50.3[0m% ([36m384[0m/[36m763[0m batches, [36m3542017[0m pos/sec)]
Estimated time to end of superbatch: [36m14.1[0ms     [Fsuperbatch [36m501[0m [[35m67.1[0m% ([36m512[0m/[36m763[0m batches, [36m3534327[0m pos/sec)]
Estimated time to end of superbatch: [36m9.3[0ms     [Fsuperbatch [36m501[0m [[35m83.9[0m% ([36m640[0m/[36m763[0m batches, [36m3543182[0m pos/sec)]
Estimated time to end of superbatch: [36m4.6[0ms     [Fsuperbatch [36m501[0m | time [36m28.2[0ms | running loss [36m0.010853[0m | [36m3551381[0m pos/sec | total time [36m14046.9[0ms
Estimated time remaining in training: [36m1[0mh [36m51[0mm [36m41[0ms
LR dropped to [36m0.0003223[0m
superbatch [36m502[0m [[35m0.0[0m% ([36m0[0m/[36m763[0m batches, [36m3377496[0m pos/sec)]
Estimated time to end of superbatch: [36minf[0ms     [Fsuperbatch [36m502[0m [[35m16.8[0m% ([36m128[0m/[36m763[0m batches, [36m3504205[0m pos/sec)]
Estimated time to end of superbatch: [36m23.9[0ms     [Fsuperbatch [36m502[0m [[35m33.6[0m% ([36m256[0m/[36m763[0m batches, [36m3504314[0m pos/sec)]
Estimated time to end of superbatch: [36m19.0[0ms     [Fsuperbatch [36m502[0m [[35m50.3[0m% ([36m384[0m/[36m763[0m batches, [36m3503570[0m pos/sec)]
Estimated time to end of superbatch: [36m14.2[0ms     [Fsuperbatch [36m502[0m [[35m67.1[0m% ([36m512[0m/[36m763[0m batches, [36m3510635[0m pos/sec)]
Estimated time to end of superbatch: [36m9.4[0ms     [Fsuperbatch [36m502[0m [[35m83.9[0m% ([36m640[0m/[36m763[0m batches, [36m3518550[0m pos/sec)]
Estimated time to end of superbatch: [36m4.6[0ms     [Fsuperbatch [36m502[0m | time [36m28.4[0ms | running loss [36m0.010740[0m | [36m3520934[0m pos/sec | total time [36m14075.3[0ms
Estimated time remaining in training: [36m1[0mh [36m51[0mm [36m13[0ms
LR dropped to [36m0.00032095006[0m
superbatch [36m503[0m [[35m0.0[0m% ([36m0[0m/[36m763[0m batches, [36m3359866[0m pos/sec)]
Estimated time to end of superbatch: [36minf[0ms     [Fsuperbatch [36m503[0m [[35m16.8[0m% ([36m128[0m/[36m763[0m batches, [36m3575619[0m pos/sec)]
Estimated time to end of superbatch: [36m23.5[0ms     [Fsuperbatch [36m503[0m [[35m33.6[0m% ([36m256[0m/[36m763[0m batches, [36m3585679[0m pos/sec)]
Estimated time to end of superbatch: [36m18.6[0ms     [Fsuperbatch [36m503[0m [[35m50.3[0m% ([36m384[0m/[36m763[0m batches, [36m3576670[0m pos/sec)]
Estimated time to end of superbatch: [36m13.9[0ms     [Fsuperbatch [36m503[0m [[35m67.1[0m% ([36m512[0m/[36m763[0m batches, [36m3562812[0m pos/sec)]
Estimated time to end of superbatch: [36m9.3[0ms     [Fsuperbatch [36m503[0m [[35m83.9[0m% ([36m640[0m/[36m763[0m batches, [36m3561942[0m pos/sec)]
Estimated time to end of superbatch: [36m4.5[0ms     [Fsuperbatch [36m503[0m | time [36m28.1[0ms | running loss [36m0.010908[0m | [36m3554991[0m pos/sec | total time [36m14103.4[0ms
Estimated time remaining in training: [36m1[0mh [36m50[0mm [36m45[0ms
LR dropped to [36m0.00031960005[0m
superbatch [36m504[0m [[35m0.0[0m% ([36m0[0m/[36m763[0m batches, [36m3231849[0m pos/sec)]
Estimated time to end of superbatch: [36minf[0ms     [Fsuperbatch [36m504[0m [[35m16.8[0m% ([36m128[0m/[36m763[0m batches, [36m3559618[0m pos/sec)]
Estimated time to end of superbatch: [36m23.6[0ms     [Fsuperbatch [36m504[0m [[35m33.6[0m% ([36m256[0m/[36m763[0m batches, [36m3546798[0m pos/sec)]
Estimated time to end of superbatch: [36m18.8[0ms     [Fsuperbatch [36m504[0m [[35m50.3[0m% ([36m384[0m/[36m763[0m batches, [36m3546698[0m pos/sec)]
Estimated time to end of superbatch: [36m14.0[0ms     [Fsuperbatch [36m504[0m [[35m67.1[0m% ([36m512[0m/[36m763[0m batches, [36m3535352[0m pos/sec)]
Estimated time to end of superbatch: [36m9.3[0ms     [Fsuperbatch [36m504[0m [[35m83.9[0m% ([36m640[0m/[36m763[0m batches, [36m3535380[0m pos/sec)]
Estimated time to end of superbatch: [36m4.6[0ms     [Fsuperbatch [36m504[0m | time [36m28.2[0ms | running loss [36m0.010723[0m | [36m3543115[0m pos/sec | total time [36m14131.6[0ms
Estimated time remaining in training: [36m1[0mh [36m50[0mm [36m17[0ms
LR dropped to [36m0.00031825004[0m
superbatch [36m505[0m [[35m0.0[0m% ([36m0[0m/[36m763[0m batches, [36m3301612[0m pos/sec)]
Estimated time to end of superbatch: [36minf[0ms     [Fsuperbatch [36m505[0m [[35m16.8[0m% ([36m128[0m/[36m763[0m batches, [36m3506188[0m pos/sec)]
Estimated time to end of superbatch: [36m23.9[0ms     [Fsuperbatch [36m505[0m [[35m33.6[0m% ([36m256[0m/[36m763[0m batches, [36m3510432[0m pos/sec)]
Estimated time to end of superbatch: [36m19.0[0ms     [Fsuperbatch [36m505[0m [[35m50.3[0m% ([36m384[0m/[36m763[0m batches, [36m3512956[0m pos/sec)]
Estimated time to end of superbatch: [36m14.2[0ms     [Fsuperbatch [36m505[0m [[35m67.1[0m% ([36m512[0m/[36m763[0m batches, [36m3519980[0m pos/sec)]
Estimated time to end of superbatch: [36m9.4[0ms     [Fsuperbatch [36m505[0m [[35m83.9[0m% ([36m640[0m/[36m763[0m batches, [36m3530180[0m pos/sec)]
Estimated time to end of superbatch: [36m4.6[0ms     [Fsuperbatch [36m505[0m | time [36m28.3[0ms | running loss [36m0.010934[0m | [36m3536567[0m pos/sec | total time [36m14159.9[0ms
Estimated time remaining in training: [36m1[0mh [36m49[0mm [36m49[0ms
LR dropped to [36m0.00031690003[0m
superbatch [36m506[0m [[35m0.0[0m% ([36m0[0m/[36m763[0m batches, [36m3413341[0m pos/sec)]
Estimated time to end of superbatch: [36minf[0ms     [Fsuperbatch [36m506[0m [[35m16.8[0m% ([36m128[0m/[36m763[0m batches, [36m3565231[0m pos/sec)]
Estimated time to end of superbatch: [36m23.5[0ms     [Fsuperbatch [36m506[0m [[35m33.6[0m% ([36m256[0m/[36m763[0m batches, [36m3524520[0m pos/sec)]
Estimated time to end of superbatch: [36m18.9[0ms     [Fsuperbatch [36m506[0m [[35m50.3[0m% ([36m384[0m/[36m763[0m batches, [36m3521821[0m pos/sec)]
Estimated time to end of superbatch: [36m14.1[0ms     [Fsuperbatch [36m506[0m [[35m67.1[0m% ([36m512[0m/[36m763[0m batches, [36m3532890[0m pos/sec)]
Estimated time to end of superbatch: [36m9.3[0ms     [Fsuperbatch [36m506[0m [[35m83.9[0m% ([36m640[0m/[36m763[0m batches, [36m3536812[0m pos/sec)]
Estimated time to end of superbatch: [36m4.6[0ms     [Fsuperbatch [36m506[0m | time [36m28.3[0ms | running loss [36m0.010749[0m | [36m3531258[0m pos/sec | total time [36m14188.2[0ms
Estimated time remaining in training: [36m1[0mh [36m49[0mm [36m21[0ms
LR dropped to [36m0.00031555002[0m
superbatch [36m507[0m [[35m0.0[0m% ([36m0[0m/[36m763[0m batches, [36m3326217[0m pos/sec)]
Estimated time to end of superbatch: [36minf[0ms     [Fsuperbatch [36m507[0m [[35m16.8[0m% ([36m128[0m/[36m763[0m batches, [36m3518059[0m pos/sec)]
Estimated time to end of superbatch: [36m23.8[0ms     [Fsuperbatch [36m507[0m [[35m33.6[0m% ([36m256[0m/[36m763[0m batches, [36m3511864[0m pos/sec)]
Estimated time to end of superbatch: [36m19.0[0ms     [Fsuperbatch [36m507[0m [[35m50.3[0m% ([36m384[0m/[36m763[0m batches, [36m3513666[0m pos/sec)]
Estimated time to end of superbatch: [36m14.2[0ms     [Fsuperbatch [36m507[0m [[35m67.1[0m% ([36m512[0m/[36m763[0m batches, [36m3513086[0m pos/sec)]
Estimated time to end of superbatch: [36m9.4[0ms     [Fsuperbatch [36m507[0m [[35m83.9[0m% ([36m640[0m/[36m763[0m batches, [36m3515926[0m pos/sec)]
Estimated time to end of superbatch: [36m4.6[0ms     [Fsuperbatch [36m507[0m | time [36m28.4[0ms | running loss [36m0.010946[0m | [36m3520280[0m pos/sec | total time [36m14216.6[0ms
Estimated time remaining in training: [36m1[0mh [36m48[0mm [36m53[0ms
LR dropped to [36m0.0003142[0m
superbatch [36m508[0m [[35m0.0[0m% ([36m0[0m/[36m763[0m batches, [36m3431037[0m pos/sec)]
Estimated time to end of superbatch: [36minf[0ms     [Fsuperbatch [36m508[0m [[35m16.8[0m% ([36m128[0m/[36m763[0m batches, [36m3498324[0m pos/sec)]
Estimated time to end of superbatch: [36m24.0[0ms     [Fsuperbatch [36m508[0m [[35m33.6[0m% ([36m256[0m/[36m763[0m batches, [36m3510726[0m pos/sec)]
Estimated time to end of superbatch: [36m19.0[0ms     [Fsuperbatch [36m508[0m [[35m50.3[0m% ([36m384[0m/[36m763[0m batches, [36m3500572[0m pos/sec)]
Estimated time to end of superbatch: [36m14.2[0ms     [Fsuperbatch [36m508[0m [[35m67.1[0m% ([36m512[0m/[36m763[0m batches, [36m3492850[0m pos/sec)]
Estimated time to end of superbatch: [36m9.4[0ms     [Fsuperbatch [36m508[0m [[35m83.9[0m% ([36m640[0m/[36m763[0m batches, [36m3489046[0m pos/sec)]
Estimated time to end of superbatch: [36m4.6[0ms     [Fsuperbatch [36m508[0m | time [36m28.7[0ms | running loss [36m0.010760[0m | [36m3489875[0m pos/sec | total time [36m14245.3[0ms
Estimated time remaining in training: [36m1[0mh [36m48[0mm [36m25[0ms
LR dropped to [36m0.00031285[0m
superbatch [36m509[0m [[35m0.0[0m% ([36m0[0m/[36m763[0m batches, [36m3616992[0m pos/sec)]
Estimated time to end of superbatch: [36minf[0ms     [Fsuperbatch [36m509[0m [[35m16.8[0m% ([36m128[0m/[36m763[0m batches, [36m3497743[0m pos/sec)]
Estimated time to end of superbatch: [36m24.0[0ms     [Fsuperbatch [36m509[0m [[35m33.6[0m% ([36m256[0m/[36m763[0m batches, [36m3511464[0m pos/sec)]
Estimated time to end of superbatch: [36m19.0[0ms     [Fsuperbatch [36m509[0m [[35m50.3[0m% ([36m384[0m/[36m763[0m batches, [36m3518972[0m pos/sec)]
Estimated time to end of superbatch: [36m14.2[0ms     [Fsuperbatch [36m509[0m [[35m67.1[0m% ([36m512[0m/[36m763[0m batches, [36m3514687[0m pos/sec)]
Estimated time to end of superbatch: [36m9.4[0ms     [Fsuperbatch [36m509[0m [[35m83.9[0m% ([36m640[0m/[36m763[0m batches, [36m3517487[0m pos/sec)]
Estimated time to end of superbatch: [36m4.6[0ms     [Fsuperbatch [36m509[0m | time [36m28.4[0ms | running loss [36m0.011006[0m | [36m3518932[0m pos/sec | total time [36m14273.7[0ms
Estimated time remaining in training: [36m1[0mh [36m47[0mm [36m57[0ms
LR dropped to [36m0.00031149999[0m
superbatch [36m510[0m [[35m0.0[0m% ([36m0[0m/[36m763[0m batches, [36m3657313[0m pos/sec)]
Estimated time to end of superbatch: [36minf[0ms     [Fsuperbatch [36m510[0m [[35m16.8[0m% ([36m128[0m/[36m763[0m batches, [36m3507097[0m pos/sec)]
Estimated time to end of superbatch: [36m23.9[0ms     [Fsuperbatch [36m510[0m [[35m33.6[0m% ([36m256[0m/[36m763[0m batches, [36m3506894[0m pos/sec)]
Estimated time to end of superbatch: [36m19.0[0ms     [Fsuperbatch [36m510[0m [[35m50.3[0m% ([36m384[0m/[36m763[0m batches, [36m3523234[0m pos/sec)]
Estimated time to end of superbatch: [36m14.1[0ms     [Fsuperbatch [36m510[0m [[35m67.1[0m% ([36m512[0m/[36m763[0m batches, [36m3515994[0m pos/sec)]
Estimated time to end of superbatch: [36m9.4[0ms     [Fsuperbatch [36m510[0m [[35m83.9[0m% ([36m640[0m/[36m763[0m batches, [36m3523624[0m pos/sec)]
Estimated time to end of superbatch: [36m4.6[0ms     [Fsuperbatch [36m510[0m | time [36m28.4[0ms | running loss [36m0.010756[0m | [36m3518877[0m pos/sec | total time [36m14302.1[0ms
Estimated time remaining in training: [36m1[0mh [36m47[0mm [36m29[0ms
Saved [anna-v5-s1-510]
LR dropped to [36m0.00031015003[0m
superbatch [36m511[0m [[35m0.0[0m% ([36m0[0m/[36m763[0m batches, [36m3843922[0m pos/sec)]
Estimated time to end of superbatch: [36minf[0ms     [Fsuperbatch [36m511[0m [[35m16.8[0m% ([36m128[0m/[36m763[0m batches, [36m3514360[0m pos/sec)]
Estimated time to end of superbatch: [36m23.9[0ms     [Fsuperbatch [36m511[0m [[35m33.6[0m% ([36m256[0m/[36m763[0m batches, [36m3487716[0m pos/sec)]
Estimated time to end of superbatch: [36m19.1[0ms     [Fsuperbatch [36m511[0m [[35m50.3[0m% ([36m384[0m/[36m763[0m batches, [36m3508725[0m pos/sec)]
Estimated time to end of superbatch: [36m14.2[0ms     [Fsuperbatch [36m511[0m [[35m67.1[0m% ([36m512[0m/[36m763[0m batches, [36m3506272[0m pos/sec)]
Estimated time to end of superbatch: [36m9.4[0ms     [Fsuperbatch [36m511[0m [[35m83.9[0m% ([36m640[0m/[36m763[0m batches, [36m3516134[0m pos/sec)]
Estimated time to end of superbatch: [36m4.6[0ms     [Fsuperbatch [36m511[0m | time [36m28.5[0ms | running loss [36m0.011042[0m | [36m3511546[0m pos/sec | total time [36m14333.7[0ms
Estimated time remaining in training: [36m1[0mh [36m47[0mm [36m3[0ms
LR dropped to [36m0.00030880002[0m
superbatch [36m512[0m [[35m0.0[0m% ([36m0[0m/[36m763[0m batches, [36m3488037[0m pos/sec)]
Estimated time to end of superbatch: [36minf[0ms     [Fsuperbatch [36m512[0m [[35m16.8[0m% ([36m128[0m/[36m763[0m batches, [36m3459353[0m pos/sec)]
Estimated time to end of superbatch: [36m24.2[0ms     [Fsuperbatch [36m512[0m [[35m33.6[0m% ([36m256[0m/[36m763[0m batches, [36m3488258[0m pos/sec)]
Estimated time to end of superbatch: [36m19.1[0ms     [Fsuperbatch [36m512[0m [[35m50.3[0m% ([36m384[0m/[36m763[0m batches, [36m3508160[0m pos/sec)]
Estimated time to end of superbatch: [36m14.2[0ms     [Fsuperbatch [36m512[0m [[35m67.1[0m% ([36m512[0m/[36m763[0m batches, [36m3519138[0m pos/sec)]
Estimated time to end of superbatch: [36m9.4[0ms     [Fsuperbatch [36m512[0m [[35m83.9[0m% ([36m640[0m/[36m763[0m batches, [36m3526471[0m pos/sec)]
Estimated time to end of superbatch: [36m4.6[0ms     [Fsuperbatch [36m512[0m | time [36m28.3[0ms | running loss [36m0.010765[0m | [36m3534492[0m pos/sec | total time [36m14362.0[0ms
Estimated time remaining in training: [36m1[0mh [36m46[0mm [36m35[0ms
LR dropped to [36m0.00030745[0m
superbatch [36m513[0m [[35m0.0[0m% ([36m0[0m/[36m763[0m batches, [36m3745233[0m pos/sec)]
Estimated time to end of superbatch: [36minf[0ms     [Fsuperbatch [36m513[0m [[35m16.8[0m% ([36m128[0m/[36m763[0m batches, [36m3544261[0m pos/sec)]
Estimated time to end of superbatch: [36m23.7[0ms     [Fsuperbatch [36m513[0m [[35m33.6[0m% ([36m256[0m/[36m763[0m batches, [36m3576649[0m pos/sec)]
Estimated time to end of superbatch: [36m18.7[0ms     [Fsuperbatch [36m513[0m [[35m50.3[0m% ([36m384[0m/[36m763[0m batches, [36m3562889[0m pos/sec)]
Estimated time to end of superbatch: [36m14.0[0ms     [Fsuperbatch [36m513[0m [[35m67.1[0m% ([36m512[0m/[36m763[0m batches, [36m3565699[0m pos/sec)]
Estimated time to end of superbatch: [36m9.2[0ms     [Fsuperbatch [36m513[0m [[35m83.9[0m% ([36m640[0m/[36m763[0m batches, [36m3569174[0m pos/sec)]
Estimated time to end of superbatch: [36m4.5[0ms     [Fsuperbatch [36m513[0m | time [36m28.1[0ms | running loss [36m0.011069[0m | [36m3554278[0m pos/sec | total time [36m14390.2[0ms
Estimated time remaining in training: [36m1[0mh [36m46[0mm [36m7[0ms
LR dropped to [36m0.0003061[0m
superbatch [36m514[0m [[35m0.0[0m% ([36m0[0m/[36m763[0m batches, [36m3624244[0m pos/sec)]
Estimated time to end of superbatch: [36minf[0ms     [Fsuperbatch [36m514[0m [[35m16.8[0m% ([36m128[0m/[36m763[0m batches, [36m3496217[0m pos/sec)]
Estimated time to end of superbatch: [36m24.0[0ms     [Fsuperbatch [36m514[0m [[35m33.6[0m% ([36m256[0m/[36m763[0m batches, [36m3513020[0m pos/sec)]
Estimated time to end of superbatch: [36m19.0[0ms     [Fsuperbatch [36m514[0m [[35m50.3[0m% ([36m384[0m/[36m763[0m batches, [36m3530963[0m pos/sec)]
Estimated time to end of superbatch: [36m14.1[0ms     [Fsuperbatch [36m514[0m [[35m67.1[0m% ([36m512[0m/[36m763[0m batches, [36m3547924[0m pos/sec)]
Estimated time to end of superbatch: [36m9.3[0ms     [Fsuperbatch [36m514[0m [[35m83.9[0m% ([36m640[0m/[36m763[0m batches, [36m3553635[0m pos/sec)]
Estimated time to end of superbatch: [36m4.5[0ms     [Fsuperbatch [36m514[0m | time [36m28.1[0ms | running loss [36m0.010783[0m | [36m3555986[0m pos/sec | total time [36m14418.3[0ms
Estimated time remaining in training: [36m1[0mh [36m45[0mm [36m39[0ms
LR dropped to [36m0.00030475005[0m
superbatch [36m515[0m [[35m0.0[0m% ([36m0[0m/[36m763[0m batches, [36m3700088[0m pos/sec)]
Estimated time to end of superbatch: [36minf[0ms     [Fsuperbatch [36m515[0m [[35m16.8[0m% ([36m128[0m/[36m763[0m batches, [36m3591155[0m pos/sec)]
Estimated time to end of superbatch: [36m23.4[0ms     [Fsuperbatch [36m515[0m [[35m33.6[0m% ([36m256[0m/[36m763[0m batches, [36m3572119[0m pos/sec)]
Estimated time to end of superbatch: [36m18.7[0ms     [Fsuperbatch [36m515[0m [[35m50.3[0m% ([36m384[0m/[36m763[0m batches, [36m3572112[0m pos/sec)]
Estimated time to end of superbatch: [36m13.9[0ms     [Fsuperbatch [36m515[0m [[35m67.1[0m% ([36m512[0m/[36m763[0m batches, [36m3567041[0m pos/sec)]
Estimated time to end of superbatch: [36m9.2[0ms     [Fsuperbatch [36m515[0m [[35m83.9[0m% ([36m640[0m/[36m763[0m batches, [36m3567061[0m pos/sec)]
Estimated time to end of superbatch: [36m4.5[0ms     [Fsuperbatch [36m515[0m | time [36m28.0[0ms | running loss [36m0.011079[0m | [36m3568357[0m pos/sec | total time [36m14446.3[0ms
Estimated time remaining in training: [36m1[0mh [36m45[0mm [36m11[0ms
LR dropped to [36m0.00030340004[0m
superbatch [36m516[0m [[35m0.0[0m% ([36m0[0m/[36m763[0m batches, [36m3567832[0m pos/sec)]
Estimated time to end of superbatch: [36minf[0ms     [Fsuperbatch [36m516[0m [[35m16.8[0m% ([36m128[0m/[36m763[0m batches, [36m3540481[0m pos/sec)]
Estimated time to end of superbatch: [36m23.7[0ms     [Fsuperbatch [36m516[0m [[35m33.6[0m% ([36m256[0m/[36m763[0m batches, [36m3533314[0m pos/sec)]
Estimated time to end of superbatch: [36m18.9[0ms     [Fsuperbatch [36m516[0m [[35m50.3[0m% ([36m384[0m/[36m763[0m batches, [36m3532488[0m pos/sec)]
Estimated time to end of superbatch: [36m14.1[0ms     [Fsuperbatch [36m516[0m [[35m67.1[0m% ([36m512[0m/[36m763[0m batches, [36m3536518[0m pos/sec)]
Estimated time to end of superbatch: [36m9.3[0ms     [Fsuperbatch [36m516[0m [[35m83.9[0m% ([36m640[0m/[36m763[0m batches, [36m3548304[0m pos/sec)]
Estimated time to end of superbatch: [36m4.6[0ms     [Fsuperbatch [36m516[0m | time [36m28.1[0ms | running loss [36m0.010817[0m | [36m3553618[0m pos/sec | total time [36m14474.5[0ms
Estimated time remaining in training: [36m1[0mh [36m44[0mm [36m43[0ms
LR dropped to [36m0.00030205003[0m
superbatch [36m517[0m [[35m0.0[0m% ([36m0[0m/[36m763[0m batches, [36m3551121[0m pos/sec)]
Estimated time to end of superbatch: [36minf[0ms     [Fsuperbatch [36m517[0m [[35m16.8[0m% ([36m128[0m/[36m763[0m batches, [36m3521176[0m pos/sec)]
Estimated time to end of superbatch: [36m23.8[0ms     [Fsuperbatch [36m517[0m [[35m33.6[0m% ([36m256[0m/[36m763[0m batches, [36m3605660[0m pos/sec)]
Estimated time to end of superbatch: [36m18.5[0ms     [Fsuperbatch [36m517[0m [[35m50.3[0m% ([36m384[0m/[36m763[0m batches, [36m3574256[0m pos/sec)]
Estimated time to end of superbatch: [36m13.9[0ms     [Fsuperbatch [36m517[0m [[35m67.1[0m% ([36m512[0m/[36m763[0m batches, [36m3570814[0m pos/sec)]
Estimated time to end of superbatch: [36m9.2[0ms     [Fsuperbatch [36m517[0m [[35m83.9[0m% ([36m640[0m/[36m763[0m batches, [36m3577477[0m pos/sec)]
Estimated time to end of superbatch: [36m4.5[0ms     [Fsuperbatch [36m517[0m | time [36m27.8[0ms | running loss [36m0.011098[0m | [36m3597500[0m pos/sec | total time [36m14502.3[0ms
Estimated time remaining in training: [36m1[0mh [36m44[0mm [36m15[0ms
LR dropped to [36m0.00030070002[0m
superbatch [36m518[0m [[35m0.0[0m% ([36m0[0m/[36m763[0m batches, [36m3739451[0m pos/sec)]
Estimated time to end of superbatch: [36minf[0ms     [Fsuperbatch [36m518[0m [[35m16.8[0m% ([36m128[0m/[36m763[0m batches, [36m3657112[0m pos/sec)]
Estimated time to end of superbatch: [36m22.9[0ms     [Fsuperbatch [36m518[0m [[35m33.6[0m% ([36m256[0m/[36m763[0m batches, [36m3652916[0m pos/sec)]
Estimated time to end of superbatch: [36m18.3[0ms     [Fsuperbatch [36m518[0m [[35m50.3[0m% ([36m384[0m/[36m763[0m batches, [36m3613051[0m pos/sec)]
Estimated time to end of superbatch: [36m13.8[0ms     [Fsuperbatch [36m518[0m [[35m67.1[0m% ([36m512[0m/[36m763[0m batches, [36m3605050[0m pos/sec)]
Estimated time to end of superbatch: [36m9.1[0ms     [Fsuperbatch [36m518[0m [[35m83.9[0m% ([36m640[0m/[36m763[0m batches, [36m3592494[0m pos/sec)]
Estimated time to end of superbatch: [36m4.5[0ms     [Fsuperbatch [36m518[0m | time [36m27.8[0ms | running loss [36m0.010806[0m | [36m3593287[0m pos/sec | total time [36m14530.1[0ms
Estimated time remaining in training: [36m1[0mh [36m43[0mm [36m47[0ms
LR dropped to [36m0.00029935[0m
superbatch [36m519[0m [[35m0.0[0m% ([36m0[0m/[36m763[0m batches, [36m3629884[0m pos/sec)]
Estimated time to end of superbatch: [36minf[0ms     [Fsuperbatch [36m519[0m [[35m16.8[0m% ([36m128[0m/[36m763[0m batches, [36m3567785[0m pos/sec)]
Estimated time to end of superbatch: [36m23.5[0ms     [Fsuperbatch [36m519[0m [[35m33.6[0m% ([36m256[0m/[36m763[0m batches, [36m3583158[0m pos/sec)]
Estimated time to end of superbatch: [36m18.6[0ms     [Fsuperbatch [36m519[0m [[35m50.3[0m% ([36m384[0m/[36m763[0m batches, [36m3576691[0m pos/sec)]
Estimated time to end of superbatch: [36m13.9[0ms     [Fsuperbatch [36m519[0m [[35m67.1[0m% ([36m512[0m/[36m763[0m batches, [36m3586945[0m pos/sec)]
Estimated time to end of superbatch: [36m9.2[0ms     [Fsuperbatch [36m519[0m [[35m83.9[0m% ([36m640[0m/[36m763[0m batches, [36m3577546[0m pos/sec)]
Estimated time to end of superbatch: [36m4.5[0ms     [Fsuperbatch [36m519[0m | time [36m28.0[0ms | running loss [36m0.011116[0m | [36m3573944[0m pos/sec | total time [36m14558.1[0ms
Estimated time remaining in training: [36m1[0mh [36m43[0mm [36m19[0ms
LR dropped to [36m0.000298[0m
superbatch [36m520[0m [[35m0.0[0m% ([36m0[0m/[36m763[0m batches, [36m3893027[0m pos/sec)]
Estimated time to end of superbatch: [36minf[0ms     [Fsuperbatch [36m520[0m [[35m16.8[0m% ([36m128[0m/[36m763[0m batches, [36m3558619[0m pos/sec)]
Estimated time to end of superbatch: [36m23.6[0ms     [Fsuperbatch [36m520[0m [[35m33.6[0m% ([36m256[0m/[36m763[0m batches, [36m3550912[0m pos/sec)]
Estimated time to end of superbatch: [36m18.8[0ms     [Fsuperbatch [36m520[0m [[35m50.3[0m% ([36m384[0m/[36m763[0m batches, [36m3522664[0m pos/sec)]
Estimated time to end of superbatch: [36m14.1[0ms     [Fsuperbatch [36m520[0m [[35m67.1[0m% ([36m512[0m/[36m763[0m batches, [36m3531620[0m pos/sec)]
Estimated time to end of superbatch: [36m9.3[0ms     [Fsuperbatch [36m520[0m [[35m83.9[0m% ([36m640[0m/[36m763[0m batches, [36m3531097[0m pos/sec)]
Estimated time to end of superbatch: [36m4.6[0ms     [Fsuperbatch [36m520[0m | time [36m28.3[0ms | running loss [36m0.010883[0m | [36m3533088[0m pos/sec | total time [36m14586.4[0ms
Estimated time remaining in training: [36m1[0mh [36m42[0mm [36m51[0ms
Saved [anna-v5-s1-520]
LR dropped to [36m0.00029665[0m
superbatch [36m521[0m [[35m0.0[0m% ([36m0[0m/[36m763[0m batches, [36m2698811[0m pos/sec)]
Estimated time to end of superbatch: [36minf[0ms     [Fsuperbatch [36m521[0m [[35m16.8[0m% ([36m128[0m/[36m763[0m batches, [36m3504298[0m pos/sec)]
Estimated time to end of superbatch: [36m23.9[0ms     [Fsuperbatch [36m521[0m [[35m33.6[0m% ([36m256[0m/[36m763[0m batches, [36m3530445[0m pos/sec)]
Estimated time to end of superbatch: [36m18.9[0ms     [Fsuperbatch [36m521[0m [[35m50.3[0m% ([36m384[0m/[36m763[0m batches, [36m3537045[0m pos/sec)]
Estimated time to end of superbatch: [36m14.1[0ms     [Fsuperbatch [36m521[0m [[35m67.1[0m% ([36m512[0m/[36m763[0m batches, [36m3533797[0m pos/sec)]
Estimated time to end of superbatch: [36m9.3[0ms     [Fsuperbatch [36m521[0m [[35m83.9[0m% ([36m640[0m/[36m763[0m batches, [36m3534791[0m pos/sec)]
Estimated time to end of superbatch: [36m4.6[0ms     [Fsuperbatch [36m521[0m | time [36m28.3[0ms | running loss [36m0.011114[0m | [36m3538946[0m pos/sec | total time [36m14617.7[0ms
Estimated time remaining in training: [36m1[0mh [36m42[0mm [36m24[0ms
LR dropped to [36m0.00029530004[0m
superbatch [36m522[0m [[35m0.0[0m% ([36m0[0m/[36m763[0m batches, [36m3833662[0m pos/sec)]
Estimated time to end of superbatch: [36minf[0ms     [Fsuperbatch [36m522[0m [[35m16.8[0m% ([36m128[0m/[36m763[0m batches, [36m3559543[0m pos/sec)]
Estimated time to end of superbatch: [36m23.6[0ms     [Fsuperbatch [36m522[0m [[35m33.6[0m% ([36m256[0m/[36m763[0m batches, [36m3512879[0m pos/sec)]
Estimated time to end of superbatch: [36m19.0[0ms     [Fsuperbatch [36m522[0m [[35m50.3[0m% ([36m384[0m/[36m763[0m batches, [36m3507022[0m pos/sec)]
Estimated time to end of superbatch: [36m14.2[0ms     [Fsuperbatch [36m522[0m [[35m67.1[0m% ([36m512[0m/[36m763[0m batches, [36m3505284[0m pos/sec)]
Estimated time to end of superbatch: [36m9.4[0ms     [Fsuperbatch [36m522[0m [[35m83.9[0m% ([36m640[0m/[36m763[0m batches, [36m3506327[0m pos/sec)]
Estimated time to end of superbatch: [36m4.6[0ms     [Fsuperbatch [36m522[0m | time [36m28.4[0ms | running loss [36m0.010914[0m | [36m3518714[0m pos/sec | total time [36m14646.1[0ms
Estimated time remaining in training: [36m1[0mh [36m41[0mm [36m56[0ms
LR dropped to [36m0.00029395003[0m
superbatch [36m523[0m [[35m0.0[0m% ([36m0[0m/[36m763[0m batches, [36m3965922[0m pos/sec)]
Estimated time to end of superbatch: [36minf[0ms     [Fsuperbatch [36m523[0m [[35m16.8[0m% ([36m128[0m/[36m763[0m batches, [36m3524456[0m pos/sec)]
Estimated time to end of superbatch: [36m23.8[0ms     [Fsuperbatch [36m523[0m [[35m33.6[0m% ([36m256[0m/[36m763[0m batches, [36m3558052[0m pos/sec)]
Estimated time to end of superbatch: [36m18.7[0ms     [Fsuperbatch [36m523[0m [[35m50.3[0m% ([36m384[0m/[36m763[0m batches, [36m3578173[0m pos/sec)]
Estimated time to end of superbatch: [36m13.9[0ms     [Fsuperbatch [36m523[0m [[35m67.1[0m% ([36m512[0m/[36m763[0m batches, [36m3581598[0m pos/sec)]
Estimated time to end of superbatch: [36m9.2[0ms     [Fsuperbatch [36m523[0m [[35m83.9[0m% ([36m640[0m/[36m763[0m batches, [36m3571452[0m pos/sec)]
Estimated time to end of superbatch: [36m4.5[0ms     [Fsuperbatch [36m523[0m | time [36m28.0[0ms | running loss [36m0.011112[0m | [36m3570990[0m pos/sec | total time [36m14674.1[0ms
Estimated time remaining in training: [36m1[0mh [36m41[0mm [36m28[0ms
LR dropped to [36m0.00029260002[0m
superbatch [36m524[0m [[35m0.0[0m% ([36m0[0m/[36m763[0m batches, [36m3444348[0m pos/sec)]
Estimated time to end of superbatch: [36minf[0ms     [Fsuperbatch [36m524[0m [[35m16.8[0m% ([36m128[0m/[36m763[0m batches, [36m3506396[0m pos/sec)]
Estimated time to end of superbatch: [36m23.9[0ms     [Fsuperbatch [36m524[0m [[35m33.6[0m% ([36m256[0m/[36m763[0m batches, [36m3504229[0m pos/sec)]
Estimated time to end of superbatch: [36m19.0[0ms     [Fsuperbatch [36m524[0m [[35m50.3[0m% ([36m384[0m/[36m763[0m batches, [36m3508671[0m pos/sec)]
Estimated time to end of superbatch: [36m14.2[0ms     [Fsuperbatch [36m524[0m [[35m67.1[0m% ([36m512[0m/[36m763[0m batches, [36m3526003[0m pos/sec)]
Estimated time to end of superbatch: [36m9.3[0ms     [Fsuperbatch [36m524[0m [[35m83.9[0m% ([36m640[0m/[36m763[0m batches, [36m3529799[0m pos/sec)]
Estimated time to end of superbatch: [36m4.6[0ms     [Fsuperbatch [36m524[0m | time [36m28.4[0ms | running loss [36m0.010935[0m | [36m3525396[0m pos/sec | total time [36m14702.5[0ms
Estimated time remaining in training: [36m1[0mh [36m41[0mm [36m0[0ms
LR dropped to [36m0.00029125[0m
superbatch [36m525[0m [[35m0.0[0m% ([36m0[0m/[36m763[0m batches, [36m3752820[0m pos/sec)]
Estimated time to end of superbatch: [36minf[0ms     [Fsuperbatch [36m525[0m [[35m16.8[0m% ([36m128[0m/[36m763[0m batches, [36m3560816[0m pos/sec)]
Estimated time to end of superbatch: [36m23.6[0ms     [Fsuperbatch [36m525[0m [[35m33.6[0m% ([36m256[0m/[36m763[0m batches, [36m3540283[0m pos/sec)]
Estimated time to end of superbatch: [36m18.8[0ms     [Fsuperbatch [36m525[0m [[35m50.3[0m% ([36m384[0m/[36m763[0m batches, [36m3537615[0m pos/sec)]
Estimated time to end of superbatch: [36m14.1[0ms     [Fsuperbatch [36m525[0m [[35m67.1[0m% ([36m512[0m/[36m763[0m batches, [36m3522316[0m pos/sec)]
Estimated time to end of superbatch: [36m9.4[0ms     [Fsuperbatch [36m525[0m [[35m83.9[0m% ([36m640[0m/[36m763[0m batches, [36m3514166[0m pos/sec)]
Estimated time to end of superbatch: [36m4.6[0ms     [Fsuperbatch [36m525[0m | time [36m28.5[0ms | running loss [36m0.011150[0m | [36m3513679[0m pos/sec | total time [36m14730.9[0ms
Estimated time remaining in training: [36m1[0mh [36m40[0mm [36m32[0ms
LR dropped to [36m0.0002899[0m
superbatch [36m526[0m [[35m0.0[0m% ([36m0[0m/[36m763[0m batches, [36m3815947[0m pos/sec)]
Estimated time to end of superbatch: [36minf[0ms     [Fsuperbatch [36m526[0m [[35m16.8[0m% ([36m128[0m/[36m763[0m batches, [36m3489548[0m pos/sec)]
Estimated time to end of superbatch: [36m24.0[0ms     [Fsuperbatch [36m526[0m [[35m33.6[0m% ([36m256[0m/[36m763[0m batches, [36m3532078[0m pos/sec)]
Estimated time to end of superbatch: [36m18.9[0ms     [Fsuperbatch [36m526[0m [[35m50.3[0m% ([36m384[0m/[36m763[0m batches, [36m3531640[0m pos/sec)]
Estimated time to end of superbatch: [36m14.1[0ms     [Fsuperbatch [36m526[0m [[35m67.1[0m% ([36m512[0m/[36m763[0m batches, [36m3516985[0m pos/sec)]
Estimated time to end of superbatch: [36m9.4[0ms     [Fsuperbatch [36m526[0m [[35m83.9[0m% ([36m640[0m/[36m763[0m batches, [36m3525465[0m pos/sec)]
Estimated time to end of superbatch: [36m4.6[0ms     [Fsuperbatch [36m526[0m | time [36m28.2[0ms | running loss [36m0.010964[0m | [36m3543508[0m pos/sec | total time [36m14759.1[0ms
Estimated time remaining in training: [36m1[0mh [36m40[0mm [36m4[0ms
LR dropped to [36m0.00028855004[0m
superbatch [36m527[0m [[35m0.0[0m% ([36m0[0m/[36m763[0m batches, [36m3833084[0m pos/sec)]
Estimated time to end of superbatch: [36minf[0ms     [Fsuperbatch [36m527[0m [[35m16.8[0m% ([36m128[0m/[36m763[0m batches, [36m3660469[0m pos/sec)]
Estimated time to end of superbatch: [36m22.9[0ms     [Fsuperbatch [36m527[0m [[35m33.6[0m% ([36m256[0m/[36m763[0m batches, [36m3631646[0m pos/sec)]
Estimated time to end of superbatch: [36m18.4[0ms     [Fsuperbatch [36m527[0m [[35m50.3[0m% ([36m384[0m/[36m763[0m batches, [36m3607182[0m pos/sec)]
Estimated time to end of superbatch: [36m13.8[0ms     [Fsuperbatch [36m527[0m [[35m67.1[0m% ([36m512[0m/[36m763[0m batches, [36m3589184[0m pos/sec)]
Estimated time to end of superbatch: [36m9.2[0ms     [Fsuperbatch [36m527[0m [[35m83.9[0m% ([36m640[0m/[36m763[0m batches, [36m3574783[0m pos/sec)]
Estimated time to end of superbatch: [36m4.5[0ms     [Fsuperbatch [36m527[0m | time [36m27.9[0ms | running loss [36m0.011170[0m | [36m3585802[0m pos/sec | total time [36m14787.0[0ms
Estimated time remaining in training: [36m1[0mh [36m39[0mm [36m36[0ms
LR dropped to [36m0.00028720003[0m
superbatch [36m528[0m [[35m0.0[0m% ([36m0[0m/[36m763[0m batches, [36m3445651[0m pos/sec)]
Estimated time to end of superbatch: [36minf[0ms     [Fsuperbatch [36m528[0m [[35m16.8[0m% ([36m128[0m/[36m763[0m batches, [36m3640512[0m pos/sec)]
Estimated time to end of superbatch: [36m23.0[0ms     [Fsuperbatch [36m528[0m [[35m33.6[0m% ([36m256[0m/[36m763[0m batches, [36m3612643[0m pos/sec)]
Estimated time to end of superbatch: [36m18.5[0ms     [Fsuperbatch [36m528[0m [[35m50.3[0m% ([36m384[0m/[36m763[0m batches, [36m3557130[0m pos/sec)]
Estimated time to end of superbatch: [36m14.0[0ms     [Fsuperbatch [36m528[0m [[35m67.1[0m% ([36m512[0m/[36m763[0m batches, [36m3558266[0m pos/sec)]
Estimated time to end of superbatch: [36m9.3[0ms     [Fsuperbatch [36m528[0m [[35m83.9[0m% ([36m640[0m/[36m763[0m batches, [36m3565083[0m pos/sec)]
Estimated time to end of superbatch: [36m4.5[0ms     [Fsuperbatch [36m528[0m | time [36m28.0[0ms | running loss [36m0.010995[0m | [36m3576854[0m pos/sec | total time [36m14815.0[0ms
Estimated time remaining in training: [36m1[0mh [36m39[0mm [36m8[0ms
LR dropped to [36m0.00028585002[0m
superbatch [36m529[0m [[35m0.0[0m% ([36m0[0m/[36m763[0m batches, [36m3436423[0m pos/sec)]
Estimated time to end of superbatch: [36minf[0ms     [Fsuperbatch [36m529[0m [[35m16.8[0m% ([36m128[0m/[36m763[0m batches, [36m3575383[0m pos/sec)]
Estimated time to end of superbatch: [36m23.5[0ms     [Fsuperbatch [36m529[0m [[35m33.6[0m% ([36m256[0m/[36m763[0m batches, [36m3550673[0m pos/sec)]
Estimated time to end of superbatch: [36m18.8[0ms     [Fsuperbatch [36m529[0m [[35m50.3[0m% ([36m384[0m/[36m763[0m batches, [36m3546282[0m pos/sec)]
Estimated time to end of superbatch: [36m14.0[0ms     [Fsuperbatch [36m529[0m [[35m67.1[0m% ([36m512[0m/[36m763[0m batches, [36m3550313[0m pos/sec)]
Estimated time to end of superbatch: [36m9.3[0ms     [Fsuperbatch [36m529[0m [[35m83.9[0m% ([36m640[0m/[36m763[0m batches, [36m3549696[0m pos/sec)]
Estimated time to end of superbatch: [36m4.5[0ms     [Fsuperbatch [36m529[0m | time [36m28.2[0ms | running loss [36m0.011151[0m | [36m3548083[0m pos/sec | total time [36m14843.2[0ms
Estimated time remaining in training: [36m1[0mh [36m38[0mm [36m40[0ms
LR dropped to [36m0.0002845[0m
superbatch [36m530[0m [[35m0.0[0m% ([36m0[0m/[36m763[0m batches, [36m3578000[0m pos/sec)]
Estimated time to end of superbatch: [36minf[0ms     [Fsuperbatch [36m530[0m [[35m16.8[0m% ([36m128[0m/[36m763[0m batches, [36m3533954[0m pos/sec)]
Estimated time to end of superbatch: [36m23.7[0ms     [Fsuperbatch [36m530[0m [[35m33.6[0m% ([36m256[0m/[36m763[0m batches, [36m3511558[0m pos/sec)]
Estimated time to end of superbatch: [36m19.0[0ms     [Fsuperbatch [36m530[0m [[35m50.3[0m% ([36m384[0m/[36m763[0m batches, [36m3504403[0m pos/sec)]
Estimated time to end of superbatch: [36m14.2[0ms     [Fsuperbatch [36m530[0m [[35m67.1[0m% ([36m512[0m/[36m763[0m batches, [36m3524842[0m pos/sec)]
Estimated time to end of superbatch: [36m9.4[0ms     [Fsuperbatch [36m530[0m [[35m83.9[0m% ([36m640[0m/[36m763[0m batches, [36m3532721[0m pos/sec)]
Estimated time to end of superbatch: [36m4.6[0ms     [Fsuperbatch [36m530[0m | time [36m28.2[0ms | running loss [36m0.011037[0m | [36m3545486[0m pos/sec | total time [36m14871.4[0ms
Estimated time remaining in training: [36m1[0mh [36m38[0mm [36m12[0ms
Saved [anna-v5-s1-530]
LR dropped to [36m0.00028315[0m
superbatch [36m531[0m [[35m0.0[0m% ([36m0[0m/[36m763[0m batches, [36m3670496[0m pos/sec)]
Estimated time to end of superbatch: [36minf[0ms     [Fsuperbatch [36m531[0m [[35m16.8[0m% ([36m128[0m/[36m763[0m batches, [36m3598268[0m pos/sec)]
Estimated time to end of superbatch: [36m23.3[0ms     [Fsuperbatch [36m531[0m [[35m33.6[0m% ([36m256[0m/[36m763[0m batches, [36m3581766[0m pos/sec)]
Estimated time to end of superbatch: [36m18.6[0ms     [Fsuperbatch [36m531[0m [[35m50.3[0m% ([36m384[0m/[36m763[0m batches, [36m3515134[0m pos/sec)]
Estimated time to end of superbatch: [36m14.2[0ms     [Fsuperbatch [36m531[0m [[35m67.1[0m% ([36m512[0m/[36m763[0m batches, [36m3560801[0m pos/sec)]
Estimated time to end of superbatch: [36m9.3[0ms     [Fsuperbatch [36m531[0m [[35m83.9[0m% ([36m640[0m/[36m763[0m batches, [36m3574244[0m pos/sec)]
Estimated time to end of superbatch: [36m4.5[0ms     [Fsuperbatch [36m531[0m | time [36m28.0[0ms | running loss [36m0.011178[0m | [36m3568006[0m pos/sec | total time [36m14902.4[0ms
Estimated time remaining in training: [36m1[0mh [36m37[0mm [36m45[0ms
LR dropped to [36m0.0002818[0m
superbatch [36m532[0m [[35m0.0[0m% ([36m0[0m/[36m763[0m batches, [36m3583784[0m pos/sec)]
Estimated time to end of superbatch: [36minf[0ms     [Fsuperbatch [36m532[0m [[35m16.8[0m% ([36m128[0m/[36m763[0m batches, [36m3612050[0m pos/sec)]
Estimated time to end of superbatch: [36m23.2[0ms     [Fsuperbatch [36m532[0m [[35m33.6[0m% ([36m256[0m/[36m763[0m batches, [36m3627907[0m pos/sec)]
Estimated time to end of superbatch: [36m18.4[0ms     [Fsuperbatch [36m532[0m [[35m50.3[0m% ([36m384[0m/[36m763[0m batches, [36m3616468[0m pos/sec)]
Estimated time to end of superbatch: [36m13.8[0ms     [Fsuperbatch [36m532[0m [[35m67.1[0m% ([36m512[0m/[36m763[0m batches, [36m3603892[0m pos/sec)]
Estimated time to end of superbatch: [36m9.1[0ms     [Fsuperbatch [36m532[0m [[35m83.9[0m% ([36m640[0m/[36m763[0m batches, [36m3604052[0m pos/sec)]
Estimated time to end of superbatch: [36m4.5[0ms     [Fsuperbatch [36m532[0m | time [36m27.7[0ms | running loss [36m0.011061[0m | [36m3610786[0m pos/sec | total time [36m14930.1[0ms
Estimated time remaining in training: [36m1[0mh [36m37[0mm [36m17[0ms
LR dropped to [36m0.00028045004[0m
superbatch [36m533[0m [[35m0.0[0m% ([36m0[0m/[36m763[0m batches, [36m3441816[0m pos/sec)]
Estimated time to end of superbatch: [36minf[0ms     [Fsuperbatch [36m533[0m [[35m16.8[0m% ([36m128[0m/[36m763[0m batches, [36m3661083[0m pos/sec)]
Estimated time to end of superbatch: [36m22.9[0ms     [Fsuperbatch [36m533[0m [[35m33.6[0m% ([36m256[0m/[36m763[0m batches, [36m3661796[0m pos/sec)]
Estimated time to end of superbatch: [36m18.2[0ms     [Fsuperbatch [36m533[0m [[35m50.3[0m% ([36m384[0m/[36m763[0m batches, [36m3649052[0m pos/sec)]
Estimated time to end of superbatch: [36m13.6[0ms     [Fsuperbatch [36m533[0m [[35m67.1[0m% ([36m512[0m/[36m763[0m batches, [36m3646474[0m pos/sec)]
Estimated time to end of superbatch: [36m9.0[0ms     [Fsuperbatch [36m533[0m [[35m83.9[0m% ([36m640[0m/[36m763[0m batches, [36m3627727[0m pos/sec)]
Estimated time to end of superbatch: [36m4.5[0ms     [Fsuperbatch [36m533[0m | time [36m27.6[0ms | running loss [36m0.011196[0m | [36m3628684[0m pos/sec | total time [36m14957.7[0ms
Estimated time remaining in training: [36m1[0mh [36m36[0mm [36m49[0ms
LR dropped to [36m0.00027910003[0m
superbatch [36m534[0m [[35m0.0[0m% ([36m0[0m/[36m763[0m batches, [36m3584113[0m pos/sec)]
Estimated time to end of superbatch: [36minf[0ms     [Fsuperbatch [36m534[0m [[35m16.8[0m% ([36m128[0m/[36m763[0m batches, [36m3661360[0m pos/sec)]
Estimated time to end of superbatch: [36m22.9[0ms     [Fsuperbatch [36m534[0m [[35m33.6[0m% ([36m256[0m/[36m763[0m batches, [36m3648152[0m pos/sec)]
Estimated time to end of superbatch: [36m18.3[0ms     [Fsuperbatch [36m534[0m [[35m50.3[0m% ([36m384[0m/[36m763[0m batches, [36m3662343[0m pos/sec)]
Estimated time to end of superbatch: [36m13.6[0ms     [Fsuperbatch [36m534[0m [[35m67.1[0m% ([36m512[0m/[36m763[0m batches, [36m3650692[0m pos/sec)]
Estimated time to end of superbatch: [36m9.0[0ms     [Fsuperbatch [36m534[0m [[35m83.9[0m% ([36m640[0m/[36m763[0m batches, [36m3636750[0m pos/sec)]
Estimated time to end of superbatch: [36m4.4[0ms     [Fsuperbatch [36m534[0m | time [36m27.6[0ms | running loss [36m0.011079[0m | [36m3624452[0m pos/sec | total time [36m14985.3[0ms
Estimated time remaining in training: [36m1[0mh [36m36[0mm [36m20[0ms
LR dropped to [36m0.00027775002[0m
superbatch [36m535[0m [[35m0.0[0m% ([36m0[0m/[36m763[0m batches, [36m3536732[0m pos/sec)]
Estimated time to end of superbatch: [36minf[0ms     [Fsuperbatch [36m535[0m [[35m16.8[0m% ([36m128[0m/[36m763[0m batches, [36m3626337[0m pos/sec)]
Estimated time to end of superbatch: [36m23.1[0ms     [Fsuperbatch [36m535[0m [[35m33.6[0m% ([36m256[0m/[36m763[0m batches, [36m3616756[0m pos/sec)]
Estimated time to end of superbatch: [36m18.4[0ms     [Fsuperbatch [36m535[0m [[35m50.3[0m% ([36m384[0m/[36m763[0m batches, [36m3598950[0m pos/sec)]
Estimated time to end of superbatch: [36m13.8[0ms     [Fsuperbatch [36m535[0m [[35m67.1[0m% ([36m512[0m/[36m763[0m batches, [36m3599172[0m pos/sec)]
Estimated time to end of superbatch: [36m9.2[0ms     [Fsuperbatch [36m535[0m [[35m83.9[0m% ([36m640[0m/[36m763[0m batches, [36m3602342[0m pos/sec)]
Estimated time to end of superbatch: [36m4.5[0ms     [Fsuperbatch [36m535[0m | time [36m27.8[0ms | running loss [36m0.011209[0m | [36m3603457[0m pos/sec | total time [36m15013.0[0ms
Estimated time remaining in training: [36m1[0mh [36m35[0mm [36m52[0ms
LR dropped to [36m0.0002764[0m
superbatch [36m536[0m [[35m0.0[0m% ([36m0[0m/[36m763[0m batches, [36m3707808[0m pos/sec)]
Estimated time to end of superbatch: [36minf[0ms     [Fsuperbatch [36m536[0m [[35m16.8[0m% ([36m128[0m/[36m763[0m batches, [36m3645800[0m pos/sec)]
Estimated time to end of superbatch: [36m23.0[0ms     [Fsuperbatch [36m536[0m [[35m33.6[0m% ([36m256[0m/[36m763[0m batches, [36m3621104[0m pos/sec)]
Estimated time to end of superbatch: [36m18.4[0ms     [Fsuperbatch [36m536[0m [[35m50.3[0m% ([36m384[0m/[36m763[0m batches, [36m3615598[0m pos/sec)]
Estimated time to end of superbatch: [36m13.8[0ms     [Fsuperbatch [36m536[0m [[35m67.1[0m% ([36m512[0m/[36m763[0m batches, [36m3594142[0m pos/sec)]
Estimated time to end of superbatch: [36m9.2[0ms     [Fsuperbatch [36m536[0m [[35m83.9[0m% ([36m640[0m/[36m763[0m batches, [36m3589962[0m pos/sec)]
Estimated time to end of superbatch: [36m4.5[0ms     [Fsuperbatch [36m536[0m | time [36m27.9[0ms | running loss [36m0.011102[0m | [36m3584806[0m pos/sec | total time [36m15040.9[0ms
Estimated time remaining in training: [36m1[0mh [36m35[0mm [36m24[0ms
LR dropped to [36m0.00027505[0m
superbatch [36m537[0m [[35m0.0[0m% ([36m0[0m/[36m763[0m batches, [36m3502460[0m pos/sec)]
Estimated time to end of superbatch: [36minf[0ms     [Fsuperbatch [36m537[0m [[35m16.8[0m% ([36m128[0m/[36m763[0m batches, [36m3609362[0m pos/sec)]
Estimated time to end of superbatch: [36m23.2[0ms     [Fsuperbatch [36m537[0m [[35m33.6[0m% ([36m256[0m/[36m763[0m batches, [36m3559593[0m pos/sec)]
Estimated time to end of superbatch: [36m18.7[0ms     [Fsuperbatch [36m537[0m [[35m50.3[0m% ([36m384[0m/[36m763[0m batches, [36m3545070[0m pos/sec)]
Estimated time to end of superbatch: [36m14.0[0ms     [Fsuperbatch [36m537[0m [[35m67.1[0m% ([36m512[0m/[36m763[0m batches, [36m3557900[0m pos/sec)]
Estimated time to end of superbatch: [36m9.3[0ms     [Fsuperbatch [36m537[0m [[35m83.9[0m% ([36m640[0m/[36m763[0m batches, [36m3565537[0m pos/sec)]
Estimated time to end of superbatch: [36m4.5[0ms     [Fsuperbatch [36m537[0m | time [36m28.2[0ms | running loss [36m0.011212[0m | [36m3548214[0m pos/sec | total time [36m15069.1[0ms
Estimated time remaining in training: [36m1[0mh [36m34[0mm [36m56[0ms
LR dropped to [36m0.00027370005[0m
superbatch [36m538[0m [[35m0.0[0m% ([36m0[0m/[36m763[0m batches, [36m3393682[0m pos/sec)]
Estimated time to end of superbatch: [36minf[0ms     [Fsuperbatch [36m538[0m [[35m16.8[0m% ([36m128[0m/[36m763[0m batches, [36m3737915[0m pos/sec)]
Estimated time to end of superbatch: [36m22.4[0ms     [Fsuperbatch [36m538[0m [[35m33.6[0m% ([36m256[0m/[36m763[0m batches, [36m3662246[0m pos/sec)]
Estimated time to end of superbatch: [36m18.2[0ms     [Fsuperbatch [36m538[0m [[35m50.3[0m% ([36m384[0m/[36m763[0m batches, [36m3633834[0m pos/sec)]
Estimated time to end of superbatch: [36m13.7[0ms     [Fsuperbatch [36m538[0m [[35m67.1[0m% ([36m512[0m/[36m763[0m batches, [36m3613258[0m pos/sec)]
Estimated time to end of superbatch: [36m9.1[0ms     [Fsuperbatch [36m538[0m [[35m83.9[0m% ([36m640[0m/[36m763[0m batches, [36m3609700[0m pos/sec)]
Estimated time to end of superbatch: [36m4.5[0ms     [Fsuperbatch [36m538[0m | time [36m27.8[0ms | running loss [36m0.011162[0m | [36m3599752[0m pos/sec | total time [36m15096.9[0ms
Estimated time remaining in training: [36m1[0mh [36m34[0mm [36m28[0ms
LR dropped to [36m0.00027235004[0m
superbatch [36m539[0m [[35m0.0[0m% ([36m0[0m/[36m763[0m batches, [36m3520488[0m pos/sec)]
Estimated time to end of superbatch: [36minf[0ms     [Fsuperbatch [36m539[0m [[35m16.8[0m% ([36m128[0m/[36m763[0m batches, [36m3555422[0m pos/sec)]
Estimated time to end of superbatch: [36m23.6[0ms     [Fsuperbatch [36m539[0m [[35m33.6[0m% ([36m256[0m/[36m763[0m batches, [36m3554318[0m pos/sec)]
Estimated time to end of superbatch: [36m18.8[0ms     [Fsuperbatch [36m539[0m [[35m50.3[0m% ([36m384[0m/[36m763[0m batches, [36m3552149[0m pos/sec)]
Estimated time to end of superbatch: [36m14.0[0ms     [Fsuperbatch [36m539[0m [[35m67.1[0m% ([36m512[0m/[36m763[0m batches, [36m3552409[0m pos/sec)]
Estimated time to end of superbatch: [36m9.3[0ms     [Fsuperbatch [36m539[0m [[35m83.9[0m% ([36m640[0m/[36m763[0m batches, [36m3536668[0m pos/sec)]
Estimated time to end of superbatch: [36m4.6[0ms     [Fsuperbatch [36m539[0m | time [36m28.3[0ms | running loss [36m0.011218[0m | [36m3539151[0m pos/sec | total time [36m15125.2[0ms
Estimated time remaining in training: [36m1[0mh [36m34[0mm [36m0[0ms
LR dropped to [36m0.00027100003[0m
superbatch [36m540[0m [[35m0.0[0m% ([36m0[0m/[36m763[0m batches, [36m3228836[0m pos/sec)]
Estimated time to end of superbatch: [36minf[0ms     [Fsuperbatch [36m540[0m [[35m16.8[0m% ([36m128[0m/[36m763[0m batches, [36m3583920[0m pos/sec)]
Estimated time to end of superbatch: [36m23.4[0ms     [Fsuperbatch [36m540[0m [[35m33.6[0m% ([36m256[0m/[36m763[0m batches, [36m3564840[0m pos/sec)]
Estimated time to end of superbatch: [36m18.7[0ms     [Fsuperbatch [36m540[0m [[35m50.3[0m% ([36m384[0m/[36m763[0m batches, [36m3581697[0m pos/sec)]
Estimated time to end of superbatch: [36m13.9[0ms     [Fsuperbatch [36m540[0m [[35m67.1[0m% ([36m512[0m/[36m763[0m batches, [36m3556317[0m pos/sec)]
Estimated time to end of superbatch: [36m9.3[0ms     [Fsuperbatch [36m540[0m [[35m83.9[0m% ([36m640[0m/[36m763[0m batches, [36m3559334[0m pos/sec)]
Estimated time to end of superbatch: [36m4.5[0ms     [Fsuperbatch [36m540[0m | time [36m28.1[0ms | running loss [36m0.011201[0m | [36m3559854[0m pos/sec | total time [36m15153.3[0ms
Estimated time remaining in training: [36m1[0mh [36m33[0mm [36m32[0ms
Saved [anna-v5-s1-540]
LR dropped to [36m0.00026965002[0m
superbatch [36m541[0m [[35m0.0[0m% ([36m0[0m/[36m763[0m batches, [36m3218732[0m pos/sec)]
Estimated time to end of superbatch: [36minf[0ms     [Fsuperbatch [36m541[0m [[35m16.8[0m% ([36m128[0m/[36m763[0m batches, [36m3560318[0m pos/sec)]
Estimated time to end of superbatch: [36m23.6[0ms     [Fsuperbatch [36m541[0m [[35m33.6[0m% ([36m256[0m/[36m763[0m batches, [36m3571298[0m pos/sec)]
Estimated time to end of superbatch: [36m18.7[0ms     [Fsuperbatch [36m541[0m [[35m50.3[0m% ([36m384[0m/[36m763[0m batches, [36m3562627[0m pos/sec)]
Estimated time to end of superbatch: [36m14.0[0ms     [Fsuperbatch [36m541[0m [[35m67.1[0m% ([36m512[0m/[36m763[0m batches, [36m3567089[0m pos/sec)]
Estimated time to end of superbatch: [36m9.2[0ms     [Fsuperbatch [36m541[0m [[35m83.9[0m% ([36m640[0m/[36m763[0m batches, [36m3564340[0m pos/sec)]
Estimated time to end of superbatch: [36m4.5[0ms     [Fsuperbatch [36m541[0m | time [36m28.1[0ms | running loss [36m0.011223[0m | [36m3558712[0m pos/sec | total time [36m15184.4[0ms
Estimated time remaining in training: [36m1[0mh [36m33[0mm [36m5[0ms
LR dropped to [36m0.0002683[0m
superbatch [36m542[0m [[35m0.0[0m% ([36m0[0m/[36m763[0m batches, [36m3262248[0m pos/sec)]
Estimated time to end of superbatch: [36minf[0ms     [Fsuperbatch [36m542[0m [[35m16.8[0m% ([36m128[0m/[36m763[0m batches, [36m3594382[0m pos/sec)]
Estimated time to end of superbatch: [36m23.3[0ms     [Fsuperbatch [36m542[0m [[35m33.6[0m% ([36m256[0m/[36m763[0m batches, [36m3582662[0m pos/sec)]
Estimated time to end of superbatch: [36m18.6[0ms     [Fsuperbatch [36m542[0m [[35m50.3[0m% ([36m384[0m/[36m763[0m batches, [36m3577717[0m pos/sec)]
Estimated time to end of superbatch: [36m13.9[0ms     [Fsuperbatch [36m542[0m [[35m67.1[0m% ([36m512[0m/[36m763[0m batches, [36m3560164[0m pos/sec)]
Estimated time to end of superbatch: [36m9.3[0ms     [Fsuperbatch [36m542[0m [[35m83.9[0m% ([36m640[0m/[36m763[0m batches, [36m3550373[0m pos/sec)]
Estimated time to end of superbatch: [36m4.5[0ms     [Fsuperbatch [36m542[0m | time [36m28.2[0ms | running loss [36m0.011244[0m | [36m3545512[0m pos/sec | total time [36m15212.6[0ms
Estimated time remaining in training: [36m1[0mh [36m32[0mm [36m37[0ms
LR dropped to [36m0.00026695[0m
superbatch [36m543[0m [[35m0.0[0m% ([36m0[0m/[36m763[0m batches, [36m3655354[0m pos/sec)]
Estimated time to end of superbatch: [36minf[0ms     [Fsuperbatch [36m543[0m [[35m16.8[0m% ([36m128[0m/[36m763[0m batches, [36m3492454[0m pos/sec)]
Estimated time to end of superbatch: [36m24.0[0ms     [Fsuperbatch [36m543[0m [[35m33.6[0m% ([36m256[0m/[36m763[0m batches, [36m3493414[0m pos/sec)]
Estimated time to end of superbatch: [36m19.1[0ms     [Fsuperbatch [36m543[0m [[35m50.3[0m% ([36m384[0m/[36m763[0m batches, [36m3497718[0m pos/sec)]
Estimated time to end of superbatch: [36m14.2[0ms     [Fsuperbatch [36m543[0m [[35m67.1[0m% ([36m512[0m/[36m763[0m batches, [36m3531434[0m pos/sec)]
Estimated time to end of superbatch: [36m9.3[0ms     [Fsuperbatch [36m543[0m [[35m83.9[0m% ([36m640[0m/[36m763[0m batches, [36m3538473[0m pos/sec)]
Estimated time to end of superbatch: [36m4.6[0ms     [Fsuperbatch [36m543[0m | time [36m28.3[0ms | running loss [36m0.011227[0m | [36m3533553[0m pos/sec | total time [36m15240.9[0ms
Estimated time remaining in training: [36m1[0mh [36m32[0mm [36m9[0ms
LR dropped to [36m0.00026560004[0m
superbatch [36m544[0m [[35m0.0[0m% ([36m0[0m/[36m763[0m batches, [36m4022636[0m pos/sec)]
Estimated time to end of superbatch: [36minf[0ms     [Fsuperbatch [36m544[0m [[35m16.8[0m% ([36m128[0m/[36m763[0m batches, [36m3527859[0m pos/sec)]
Estimated time to end of superbatch: [36m23.8[0ms     [Fsuperbatch [36m544[0m [[35m33.6[0m% ([36m256[0m/[36m763[0m batches, [36m3495721[0m pos/sec)]
Estimated time to end of superbatch: [36m19.1[0ms     [Fsuperbatch [36m544[0m [[35m50.3[0m% ([36m384[0m/[36m763[0m batches, [36m3516634[0m pos/sec)]
Estimated time to end of superbatch: [36m14.2[0ms     [Fsuperbatch [36m544[0m [[35m67.1[0m% ([36m512[0m/[36m763[0m batches, [36m3515363[0m pos/sec)]
Estimated time to end of superbatch: [36m9.4[0ms     [Fsuperbatch [36m544[0m [[35m83.9[0m% ([36m640[0m/[36m763[0m batches, [36m3512199[0m pos/sec)]
Estimated time to end of superbatch: [36m4.6[0ms     [Fsuperbatch [36m544[0m | time [36m28.5[0ms | running loss [36m0.011271[0m | [36m3512963[0m pos/sec | total time [36m15269.4[0ms
Estimated time remaining in training: [36m1[0mh [36m31[0mm [36m41[0ms
LR dropped to [36m0.00026425003[0m
superbatch [36m545[0m [[35m0.0[0m% ([36m0[0m/[36m763[0m batches, [36m3529584[0m pos/sec)]
Estimated time to end of superbatch: [36minf[0ms     [Fsuperbatch [36m545[0m [[35m16.8[0m% ([36m128[0m/[36m763[0m batches, [36m3522488[0m pos/sec)]
Estimated time to end of superbatch: [36m23.8[0ms     [Fsuperbatch [36m545[0m [[35m33.6[0m% ([36m256[0m/[36m763[0m batches, [36m3543045[0m pos/sec)]
Estimated time to end of superbatch: [36m18.8[0ms     [Fsuperbatch [36m545[0m [[35m50.3[0m% ([36m384[0m/[36m763[0m batches, [36m3563696[0m pos/sec)]
Estimated time to end of superbatch: [36m14.0[0ms     [Fsuperbatch [36m545[0m [[35m67.1[0m% ([36m512[0m/[36m763[0m batches, [36m3570336[0m pos/sec)]
Estimated time to end of superbatch: [36m9.2[0ms     [Fsuperbatch [36m545[0m [[35m83.9[0m% ([36m640[0m/[36m763[0m batches, [36m3566987[0m pos/sec)]
Estimated time to end of superbatch: [36m4.5[0ms     [Fsuperbatch [36m545[0m | time [36m28.1[0ms | running loss [36m0.011242[0m | [36m3556744[0m pos/sec | total time [36m15297.5[0ms
Estimated time remaining in training: [36m1[0mh [36m31[0mm [36m13[0ms
LR dropped to [36m0.00026290002[0m
superbatch [36m546[0m [[35m0.0[0m% ([36m0[0m/[36m763[0m batches, [36m3821343[0m pos/sec)]
Estimated time to end of superbatch: [36minf[0ms     [Fsuperbatch [36m546[0m [[35m16.8[0m% ([36m128[0m/[36m763[0m batches, [36m3600321[0m pos/sec)]
Estimated time to end of superbatch: [36m23.3[0ms     [Fsuperbatch [36m546[0m [[35m33.6[0m% ([36m256[0m/[36m763[0m batches, [36m3585536[0m pos/sec)]
Estimated time to end of superbatch: [36m18.6[0ms     [Fsuperbatch [36m546[0m [[35m50.3[0m% ([36m384[0m/[36m763[0m batches, [36m3558691[0m pos/sec)]
Estimated time to end of superbatch: [36m14.0[0ms     [Fsuperbatch [36m546[0m [[35m67.1[0m% ([36m512[0m/[36m763[0m batches, [36m3553684[0m pos/sec)]
Estimated time to end of superbatch: [36m9.3[0ms     [Fsuperbatch [36m546[0m [[35m83.9[0m% ([36m640[0m/[36m763[0m batches, [36m3548547[0m pos/sec)]
Estimated time to end of superbatch: [36m4.6[0ms     [Fsuperbatch [36m546[0m | time [36m28.2[0ms | running loss [36m0.011313[0m | [36m3548521[0m pos/sec | total time [36m15325.7[0ms
Estimated time remaining in training: [36m1[0mh [36m30[0mm [36m45[0ms
LR dropped to [36m0.00026155[0m
superbatch [36m547[0m [[35m0.0[0m% ([36m0[0m/[36m763[0m batches, [36m3614991[0m pos/sec)]
Estimated time to end of superbatch: [36minf[0ms     [Fsuperbatch [36m547[0m [[35m16.8[0m% ([36m128[0m/[36m763[0m batches, [36m3501613[0m pos/sec)]
Estimated time to end of superbatch: [36m24.0[0ms     [Fsuperbatch [36m547[0m [[35m33.6[0m% ([36m256[0m/[36m763[0m batches, [36m3512983[0m pos/sec)]
Estimated time to end of superbatch: [36m19.0[0ms     [Fsuperbatch [36m547[0m [[35m50.3[0m% ([36m384[0m/[36m763[0m batches, [36m3543068[0m pos/sec)]
Estimated time to end of superbatch: [36m14.1[0ms     [Fsuperbatch [36m547[0m [[35m67.1[0m% ([36m512[0m/[36m763[0m batches, [36m3556828[0m pos/sec)]
Estimated time to end of superbatch: [36m9.3[0ms     [Fsuperbatch [36m547[0m [[35m83.9[0m% ([36m640[0m/[36m763[0m batches, [36m3557036[0m pos/sec)]
Estimated time to end of superbatch: [36m4.5[0ms     [Fsuperbatch [36m547[0m | time [36m28.1[0ms | running loss [36m0.011280[0m | [36m3562509[0m pos/sec | total time [36m15353.8[0ms
Estimated time remaining in training: [36m1[0mh [36m30[0mm [36m17[0ms
LR dropped to [36m0.0002602[0m
superbatch [36m548[0m [[35m0.0[0m% ([36m0[0m/[36m763[0m batches, [36m3720916[0m pos/sec)]
Estimated time to end of superbatch: [36minf[0ms     [Fsuperbatch [36m548[0m [[35m16.8[0m% ([36m128[0m/[36m763[0m batches, [36m3618421[0m pos/sec)]
Estimated time to end of superbatch: [36m23.2[0ms     [Fsuperbatch [36m548[0m [[35m33.6[0m% ([36m256[0m/[36m763[0m batches, [36m3614899[0m pos/sec)]
Estimated time to end of superbatch: [36m18.5[0ms     [Fsuperbatch [36m548[0m [[35m50.3[0m% ([36m384[0m/[36m763[0m batches, [36m3607755[0m pos/sec)]
Estimated time to end of superbatch: [36m13.8[0ms     [Fsuperbatch [36m548[0m [[35m67.1[0m% ([36m512[0m/[36m763[0m batches, [36m3600451[0m pos/sec)]
Estimated time to end of superbatch: [36m9.2[0ms     [Fsuperbatch [36m548[0m [[35m83.9[0m% ([36m640[0m/[36m763[0m batches, [36m3586010[0m pos/sec)]
Estimated time to end of superbatch: [36m4.5[0ms     [Fsuperbatch [36m548[0m | time [36m27.9[0ms | running loss [36m0.011342[0m | [36m3580833[0m pos/sec | total time [36m15381.7[0ms
Estimated time remaining in training: [36m1[0mh [36m29[0mm [36m49[0ms
LR dropped to [36m0.00025885[0m
superbatch [36m549[0m [[35m0.0[0m% ([36m0[0m/[36m763[0m batches, [36m3954329[0m pos/sec)]
Estimated time to end of superbatch: [36minf[0ms     [Fsuperbatch [36m549[0m [[35m16.8[0m% ([36m128[0m/[36m763[0m batches, [36m3568236[0m pos/sec)]
Estimated time to end of superbatch: [36m23.5[0ms     [Fsuperbatch [36m549[0m [[35m33.6[0m% ([36m256[0m/[36m763[0m batches, [36m3533208[0m pos/sec)]
Estimated time to end of superbatch: [36m18.9[0ms     [Fsuperbatch [36m549[0m [[35m50.3[0m% ([36m384[0m/[36m763[0m batches, [36m3530815[0m pos/sec)]
Estimated time to end of superbatch: [36m14.1[0ms     [Fsuperbatch [36m549[0m [[35m67.1[0m% ([36m512[0m/[36m763[0m batches, [36m3539269[0m pos/sec)]
Estimated time to end of superbatch: [36m9.3[0ms     [Fsuperbatch [36m549[0m [[35m83.9[0m% ([36m640[0m/[36m763[0m batches, [36m3539161[0m pos/sec)]
Estimated time to end of superbatch: [36m4.6[0ms     [Fsuperbatch [36m549[0m | time [36m28.3[0ms | running loss [36m0.011282[0m | [36m3533908[0m pos/sec | total time [36m15410.0[0ms
Estimated time remaining in training: [36m1[0mh [36m29[0mm [36m21[0ms
LR dropped to [36m0.00025750004[0m
superbatch [36m550[0m [[35m0.0[0m% ([36m0[0m/[36m763[0m batches, [36m3433602[0m pos/sec)]
Estimated time to end of superbatch: [36minf[0ms     [Fsuperbatch [36m550[0m [[35m16.8[0m% ([36m128[0m/[36m763[0m batches, [36m3561680[0m pos/sec)]
Estimated time to end of superbatch: [36m23.6[0ms     [Fsuperbatch [36m550[0m [[35m33.6[0m% ([36m256[0m/[36m763[0m batches, [36m3567069[0m pos/sec)]
Estimated time to end of superbatch: [36m18.7[0ms     [Fsuperbatch [36m550[0m [[35m50.3[0m% ([36m384[0m/[36m763[0m batches, [36m3557038[0m pos/sec)]
Estimated time to end of superbatch: [36m14.0[0ms     [Fsuperbatch [36m550[0m [[35m67.1[0m% ([36m512[0m/[36m763[0m batches, [36m3562999[0m pos/sec)]
Estimated time to end of superbatch: [36m9.3[0ms     [Fsuperbatch [36m550[0m [[35m83.9[0m% ([36m640[0m/[36m763[0m batches, [36m3556794[0m pos/sec)]
Estimated time to end of superbatch: [36m4.5[0ms     [Fsuperbatch [36m550[0m | time [36m28.1[0ms | running loss [36m0.011367[0m | [36m3554986[0m pos/sec | total time [36m15438.1[0ms
Estimated time remaining in training: [36m1[0mh [36m28[0mm [36m53[0ms
Saved [anna-v5-s1-550]
LR dropped to [36m0.00025615003[0m
superbatch [36m551[0m [[35m0.0[0m% ([36m0[0m/[36m763[0m batches, [36m3482738[0m pos/sec)]
Estimated time to end of superbatch: [36minf[0ms     [Fsuperbatch [36m551[0m [[35m16.8[0m% ([36m128[0m/[36m763[0m batches, [36m3590700[0m pos/sec)]
Estimated time to end of superbatch: [36m23.4[0ms     [Fsuperbatch [36m551[0m [[35m33.6[0m% ([36m256[0m/[36m763[0m batches, [36m3550082[0m pos/sec)]
Estimated time to end of superbatch: [36m18.8[0ms     [Fsuperbatch [36m551[0m [[35m50.3[0m% ([36m384[0m/[36m763[0m batches, [36m3546100[0m pos/sec)]
Estimated time to end of superbatch: [36m14.0[0ms     [Fsuperbatch [36m551[0m [[35m67.1[0m% ([36m512[0m/[36m763[0m batches, [36m3545256[0m pos/sec)]
Estimated time to end of superbatch: [36m9.3[0ms     [Fsuperbatch [36m551[0m [[35m83.9[0m% ([36m640[0m/[36m763[0m batches, [36m3544550[0m pos/sec)]
Estimated time to end of superbatch: [36m4.6[0ms     [Fsuperbatch [36m551[0m | time [36m28.2[0ms | running loss [36m0.011257[0m | [36m3543714[0m pos/sec | total time [36m15469.4[0ms
Estimated time remaining in training: [36m1[0mh [36m28[0mm [36m26[0ms
LR dropped to [36m0.00025480002[0m
superbatch [36m552[0m [[35m0.0[0m% ([36m0[0m/[36m763[0m batches, [36m3419777[0m pos/sec)]
Estimated time to end of superbatch: [36minf[0ms     [Fsuperbatch [36m552[0m [[35m16.8[0m% ([36m128[0m/[36m763[0m batches, [36m3523860[0m pos/sec)]
Estimated time to end of superbatch: [36m23.8[0ms     [Fsuperbatch [36m552[0m [[35m33.6[0m% ([36m256[0m/[36m763[0m batches, [36m3545862[0m pos/sec)]
Estimated time to end of superbatch: [36m18.8[0ms     [Fsuperbatch [36m552[0m [[35m50.3[0m% ([36m384[0m/[36m763[0m batches, [36m3553274[0m pos/sec)]
Estimated time to end of superbatch: [36m14.0[0ms     [Fsuperbatch [36m552[0m [[35m67.1[0m% ([36m512[0m/[36m763[0m batches, [36m3544946[0m pos/sec)]
Estimated time to end of superbatch: [36m9.3[0ms     [Fsuperbatch [36m552[0m [[35m83.9[0m% ([36m640[0m/[36m763[0m batches, [36m3540180[0m pos/sec)]
Estimated time to end of superbatch: [36m4.6[0ms     [Fsuperbatch [36m552[0m | time [36m28.2[0ms | running loss [36m0.011383[0m | [36m3541132[0m pos/sec | total time [36m15497.7[0ms
Estimated time remaining in training: [36m1[0mh [36m27[0mm [36m58[0ms
LR dropped to [36m0.00025345[0m
superbatch [36m553[0m [[35m0.0[0m% ([36m0[0m/[36m763[0m batches, [36m3708073[0m pos/sec)]
Estimated time to end of superbatch: [36minf[0ms     [Fsuperbatch [36m553[0m [[35m16.8[0m% ([36m128[0m/[36m763[0m batches, [36m3537482[0m pos/sec)]
Estimated time to end of superbatch: [36m23.7[0ms     [Fsuperbatch [36m553[0m [[35m33.6[0m% ([36m256[0m/[36m763[0m batches, [36m3556444[0m pos/sec)]
Estimated time to end of superbatch: [36m18.8[0ms     [Fsuperbatch [36m553[0m [[35m50.3[0m% ([36m384[0m/[36m763[0m batches, [36m3578634[0m pos/sec)]
Estimated time to end of superbatch: [36m13.9[0ms     [Fsuperbatch [36m553[0m [[35m67.1[0m% ([36m512[0m/[36m763[0m batches, [36m3563308[0m pos/sec)]
Estimated time to end of superbatch: [36m9.3[0ms     [Fsuperbatch [36m553[0m [[35m83.9[0m% ([36m640[0m/[36m763[0m batches, [36m3555431[0m pos/sec)]
Estimated time to end of superbatch: [36m4.5[0ms     [Fsuperbatch [36m553[0m | time [36m28.0[0ms | running loss [36m0.011286[0m | [36m3568312[0m pos/sec | total time [36m15525.7[0ms
Estimated time remaining in training: [36m1[0mh [36m27[0mm [36m30[0ms
LR dropped to [36m0.0002521[0m
superbatch [36m554[0m [[35m0.0[0m% ([36m0[0m/[36m763[0m batches, [36m3277332[0m pos/sec)]
Estimated time to end of superbatch: [36minf[0ms     [Fsuperbatch [36m554[0m [[35m16.8[0m% ([36m128[0m/[36m763[0m batches, [36m3593831[0m pos/sec)]
Estimated time to end of superbatch: [36m23.3[0ms     [Fsuperbatch [36m554[0m [[35m33.6[0m% ([36m256[0m/[36m763[0m batches, [36m3628861[0m pos/sec)]
Estimated time to end of superbatch: [36m18.4[0ms     [Fsuperbatch [36m554[0m [[35m50.3[0m% ([36m384[0m/[36m763[0m batches, [36m3599810[0m pos/sec)]
Estimated time to end of superbatch: [36m13.8[0ms     [Fsuperbatch [36m554[0m [[35m67.1[0m% ([36m512[0m/[36m763[0m batches, [36m3591156[0m pos/sec)]
Estimated time to end of superbatch: [36m9.2[0ms     [Fsuperbatch [36m554[0m [[35m83.9[0m% ([36m640[0m/[36m763[0m batches, [36m3597641[0m pos/sec)]
Estimated time to end of superbatch: [36m4.5[0ms     [Fsuperbatch [36m554[0m | time [36m27.8[0ms | running loss [36m0.011464[0m | [36m3593661[0m pos/sec | total time [36m15553.5[0ms
Estimated time remaining in training: [36m1[0mh [36m27[0mm [36m1[0ms
LR dropped to [36m0.00025075[0m
superbatch [36m555[0m [[35m0.0[0m% ([36m0[0m/[36m763[0m batches, [36m3643948[0m pos/sec)]
Estimated time to end of superbatch: [36minf[0ms     [Fsuperbatch [36m555[0m [[35m16.8[0m% ([36m128[0m/[36m763[0m batches, [36m3624380[0m pos/sec)]
Estimated time to end of superbatch: [36m23.1[0ms     [Fsuperbatch [36m555[0m [[35m33.6[0m% ([36m256[0m/[36m763[0m batches, [36m3588734[0m pos/sec)]
Estimated time to end of superbatch: [36m18.6[0ms     [Fsuperbatch [36m555[0m [[35m50.3[0m% ([36m384[0m/[36m763[0m batches, [36m3571158[0m pos/sec)]
Estimated time to end of superbatch: [36m13.9[0ms     [Fsuperbatch [36m555[0m [[35m67.1[0m% ([36m512[0m/[36m763[0m batches, [36m3569887[0m pos/sec)]
Estimated time to end of superbatch: [36m9.2[0ms     [Fsuperbatch [36m555[0m [[35m83.9[0m% ([36m640[0m/[36m763[0m batches, [36m3567065[0m pos/sec)]
Estimated time to end of superbatch: [36m4.5[0ms     [Fsuperbatch [36m555[0m | time [36m28.0[0ms | running loss [36m0.011284[0m | [36m3569054[0m pos/sec | total time [36m15581.5[0ms
Estimated time remaining in training: [36m1[0mh [36m26[0mm [36m33[0ms
LR dropped to [36m0.00024940004[0m
superbatch [36m556[0m [[35m0.0[0m% ([36m0[0m/[36m763[0m batches, [36m3255572[0m pos/sec)]
Estimated time to end of superbatch: [36minf[0ms     [Fsuperbatch [36m556[0m [[35m16.8[0m% ([36m128[0m/[36m763[0m batches, [36m3626448[0m pos/sec)]
Estimated time to end of superbatch: [36m23.1[0ms     [Fsuperbatch [36m556[0m [[35m33.6[0m% ([36m256[0m/[36m763[0m batches, [36m3633498[0m pos/sec)]
Estimated time to end of superbatch: [36m18.4[0ms     [Fsuperbatch [36m556[0m [[35m50.3[0m% ([36m384[0m/[36m763[0m batches, [36m3638613[0m pos/sec)]
Estimated time to end of superbatch: [36m13.7[0ms     [Fsuperbatch [36m556[0m [[35m67.1[0m% ([36m512[0m/[36m763[0m batches, [36m3642912[0m pos/sec)]
Estimated time to end of superbatch: [36m9.0[0ms     [Fsuperbatch [36m556[0m [[35m83.9[0m% ([36m640[0m/[36m763[0m batches, [36m3647249[0m pos/sec)]
Estimated time to end of superbatch: [36m4.4[0ms     [Fsuperbatch [36m556[0m | time [36m27.4[0ms | running loss [36m0.011489[0m | [36m3652310[0m pos/sec | total time [36m15608.9[0ms
Estimated time remaining in training: [36m1[0mh [36m26[0mm [36m5[0ms
LR dropped to [36m0.00024805003[0m
superbatch [36m557[0m [[35m0.0[0m% ([36m0[0m/[36m763[0m batches, [36m3793984[0m pos/sec)]
Estimated time to end of superbatch: [36minf[0ms     [Fsuperbatch [36m557[0m [[35m16.8[0m% ([36m128[0m/[36m763[0m batches, [36m3625656[0m pos/sec)]
Estimated time to end of superbatch: [36m23.1[0ms     [Fsuperbatch [36m557[0m [[35m33.6[0m% ([36m256[0m/[36m763[0m batches, [36m3605340[0m pos/sec)]
Estimated time to end of superbatch: [36m18.5[0ms     [Fsuperbatch [36m557[0m [[35m50.3[0m% ([36m384[0m/[36m763[0m batches, [36m3570707[0m pos/sec)]
Estimated time to end of superbatch: [36m13.9[0ms     [Fsuperbatch [36m557[0m [[35m67.1[0m% ([36m512[0m/[36m763[0m batches, [36m3567000[0m pos/sec)]
Estimated time to end of superbatch: [36m9.2[0ms     [Fsuperbatch [36m557[0m [[35m83.9[0m% ([36m640[0m/[36m763[0m batches, [36m3566526[0m pos/sec)]
Estimated time to end of superbatch: [36m4.5[0ms     [Fsuperbatch [36m557[0m | time [36m27.9[0ms | running loss [36m0.011295[0m | [36m3582722[0m pos/sec | total time [36m15636.8[0ms
Estimated time remaining in training: [36m1[0mh [36m25[0mm [36m37[0ms
LR dropped to [36m0.00024670002[0m
superbatch [36m558[0m [[35m0.0[0m% ([36m0[0m/[36m763[0m batches, [36m3306344[0m pos/sec)]
Estimated time to end of superbatch: [36minf[0ms     [Fsuperbatch [36m558[0m [[35m16.8[0m% ([36m128[0m/[36m763[0m batches, [36m3560889[0m pos/sec)]
Estimated time to end of superbatch: [36m23.6[0ms     [Fsuperbatch [36m558[0m [[35m33.6[0m% ([36m256[0m/[36m763[0m batches, [36m3583949[0m pos/sec)]
Estimated time to end of superbatch: [36m18.6[0ms     [Fsuperbatch [36m558[0m [[35m50.3[0m% ([36m384[0m/[36m763[0m batches, [36m3596596[0m pos/sec)]
Estimated time to end of superbatch: [36m13.8[0ms     [Fsuperbatch [36m558[0m [[35m67.1[0m% ([36m512[0m/[36m763[0m batches, [36m3601409[0m pos/sec)]
Estimated time to end of superbatch: [36m9.2[0ms     [Fsuperbatch [36m558[0m [[35m83.9[0m% ([36m640[0m/[36m763[0m batches, [36m3611046[0m pos/sec)]
Estimated time to end of superbatch: [36m4.5[0ms     [Fsuperbatch [36m558[0m | time [36m27.7[0ms | running loss [36m0.011509[0m | [36m3609148[0m pos/sec | total time [36m15664.5[0ms
Estimated time remaining in training: [36m1[0mh [36m25[0mm [36m9[0ms
LR dropped to [36m0.00024535[0m
superbatch [36m559[0m [[35m0.0[0m% ([36m0[0m/[36m763[0m batches, [36m3558664[0m pos/sec)]
Estimated time to end of superbatch: [36minf[0ms     [Fsuperbatch [36m559[0m [[35m16.8[0m% ([36m128[0m/[36m763[0m batches, [36m3554080[0m pos/sec)]
Estimated time to end of superbatch: [36m23.6[0ms     [Fsuperbatch [36m559[0m [[35m33.6[0m% ([36m256[0m/[36m763[0m batches, [36m3520703[0m pos/sec)]
Estimated time to end of superbatch: [36m18.9[0ms     [Fsuperbatch [36m559[0m [[35m50.3[0m% ([36m384[0m/[36m763[0m batches, [36m3548789[0m pos/sec)]
Estimated time to end of superbatch: [36m14.0[0ms     [Fsuperbatch [36m559[0m [[35m67.1[0m% ([36m512[0m/[36m763[0m batches, [36m3560072[0m pos/sec)]
Estimated time to end of superbatch: [36m9.3[0ms     [Fsuperbatch [36m559[0m [[35m83.9[0m% ([36m640[0m/[36m763[0m batches, [36m3552780[0m pos/sec)]
Estimated time to end of superbatch: [36m4.5[0ms     [Fsuperbatch [36m559[0m | time [36m28.1[0ms | running loss [36m0.011318[0m | [36m3563468[0m pos/sec | total time [36m15692.6[0ms
Estimated time remaining in training: [36m1[0mh [36m24[0mm [36m41[0ms
LR dropped to [36m0.000244[0m
superbatch [36m560[0m [[35m0.0[0m% ([36m0[0m/[36m763[0m batches, [36m3754006[0m pos/sec)]
Estimated time to end of superbatch: [36minf[0ms     [Fsuperbatch [36m560[0m [[35m16.8[0m% ([36m128[0m/[36m763[0m batches, [36m3630468[0m pos/sec)]
Estimated time to end of superbatch: [36m23.1[0ms     [Fsuperbatch [36m560[0m [[35m33.6[0m% ([36m256[0m/[36m763[0m batches, [36m3657394[0m pos/sec)]
Estimated time to end of superbatch: [36m18.2[0ms     [Fsuperbatch [36m560[0m [[35m50.3[0m% ([36m384[0m/[36m763[0m batches, [36m3636519[0m pos/sec)]
Estimated time to end of superbatch: [36m13.7[0ms     [Fsuperbatch [36m560[0m [[35m67.1[0m% ([36m512[0m/[36m763[0m batches, [36m3620022[0m pos/sec)]
Estimated time to end of superbatch: [36m9.1[0ms     [Fsuperbatch [36m560[0m [[35m83.9[0m% ([36m640[0m/[36m763[0m batches, [36m3606112[0m pos/sec)]
Estimated time to end of superbatch: [36m4.5[0ms     [Fsuperbatch [36m560[0m | time [36m27.7[0ms | running loss [36m0.011578[0m | [36m3606272[0m pos/sec | total time [36m15720.3[0ms
Estimated time remaining in training: [36m1[0mh [36m24[0mm [36m12[0ms
Saved [anna-v5-s1-560]
LR dropped to [36m0.00024265004[0m
superbatch [36m561[0m [[35m0.0[0m% ([36m0[0m/[36m763[0m batches, [36m4044145[0m pos/sec)]
Estimated time to end of superbatch: [36minf[0ms     [Fsuperbatch [36m561[0m [[35m16.8[0m% ([36m128[0m/[36m763[0m batches, [36m3642887[0m pos/sec)]
Estimated time to end of superbatch: [36m23.0[0ms     [Fsuperbatch [36m561[0m [[35m33.6[0m% ([36m256[0m/[36m763[0m batches, [36m3635291[0m pos/sec)]
Estimated time to end of superbatch: [36m18.4[0ms     [Fsuperbatch [36m561[0m [[35m50.3[0m% ([36m384[0m/[36m763[0m batches, [36m3619188[0m pos/sec)]
Estimated time to end of superbatch: [36m13.8[0ms     [Fsuperbatch [36m561[0m [[35m67.1[0m% ([36m512[0m/[36m763[0m batches, [36m3596872[0m pos/sec)]
Estimated time to end of superbatch: [36m9.2[0ms     [Fsuperbatch [36m561[0m [[35m83.9[0m% ([36m640[0m/[36m763[0m batches, [36m3593840[0m pos/sec)]
Estimated time to end of superbatch: [36m4.5[0ms     [Fsuperbatch [36m561[0m | time [36m27.9[0ms | running loss [36m0.011318[0m | [36m3582340[0m pos/sec | total time [36m15751.3[0ms
Estimated time remaining in training: [36m1[0mh [36m23[0mm [36m45[0ms
LR dropped to [36m0.00024130003[0m
superbatch [36m562[0m [[35m0.0[0m% ([36m0[0m/[36m763[0m batches, [36m3342691[0m pos/sec)]
Estimated time to end of superbatch: [36minf[0ms     [Fsuperbatch [36m562[0m [[35m16.8[0m% ([36m128[0m/[36m763[0m batches, [36m3511817[0m pos/sec)]
Estimated time to end of superbatch: [36m23.9[0ms     [Fsuperbatch [36m562[0m [[35m33.6[0m% ([36m256[0m/[36m763[0m batches, [36m3564884[0m pos/sec)]
Estimated time to end of superbatch: [36m18.7[0ms     [Fsuperbatch [36m562[0m [[35m50.3[0m% ([36m384[0m/[36m763[0m batches, [36m3566076[0m pos/sec)]
Estimated time to end of superbatch: [36m14.0[0ms     [Fsuperbatch [36m562[0m [[35m67.1[0m% ([36m512[0m/[36m763[0m batches, [36m3566234[0m pos/sec)]
Estimated time to end of superbatch: [36m9.2[0ms     [Fsuperbatch [36m562[0m [[35m83.9[0m% ([36m640[0m/[36m763[0m batches, [36m3566220[0m pos/sec)]
Estimated time to end of superbatch: [36m4.5[0ms     [Fsuperbatch [36m562[0m | time [36m28.0[0ms | running loss [36m0.011573[0m | [36m3568612[0m pos/sec | total time [36m15779.3[0ms
Estimated time remaining in training: [36m1[0mh [36m23[0mm [36m17[0ms
LR dropped to [36m0.00023995002[0m
superbatch [36m563[0m [[35m0.0[0m% ([36m0[0m/[36m763[0m batches, [36m3596822[0m pos/sec)]
Estimated time to end of superbatch: [36minf[0ms     [Fsuperbatch [36m563[0m [[35m16.8[0m% ([36m128[0m/[36m763[0m batches, [36m3544161[0m pos/sec)]
Estimated time to end of superbatch: [36m23.7[0ms     [Fsuperbatch [36m563[0m [[35m33.6[0m% ([36m256[0m/[36m763[0m batches, [36m3535091[0m pos/sec)]
Estimated time to end of superbatch: [36m18.9[0ms     [Fsuperbatch [36m563[0m [[35m50.3[0m% ([36m384[0m/[36m763[0m batches, [36m3535408[0m pos/sec)]
Estimated time to end of superbatch: [36m14.1[0ms     [Fsuperbatch [36m563[0m [[35m67.1[0m% ([36m512[0m/[36m763[0m batches, [36m3549444[0m pos/sec)]
Estimated time to end of superbatch: [36m9.3[0ms     [Fsuperbatch [36m563[0m [[35m83.9[0m% ([36m640[0m/[36m763[0m batches, [36m3554718[0m pos/sec)]
Estimated time to end of superbatch: [36m4.5[0ms     [Fsuperbatch [36m563[0m | time [36m28.1[0ms | running loss [36m0.011313[0m | [36m3560422[0m pos/sec | total time [36m15807.4[0ms
Estimated time remaining in training: [36m1[0mh [36m22[0mm [36m49[0ms
LR dropped to [36m0.00023860001[0m
superbatch [36m564[0m [[35m0.0[0m% ([36m0[0m/[36m763[0m batches, [36m3469148[0m pos/sec)]
Estimated time to end of superbatch: [36minf[0ms     [Fsuperbatch [36m564[0m [[35m16.8[0m% ([36m128[0m/[36m763[0m batches, [36m3542485[0m pos/sec)]
Estimated time to end of superbatch: [36m23.7[0ms     [Fsuperbatch [36m564[0m [[35m33.6[0m% ([36m256[0m/[36m763[0m batches, [36m3545220[0m pos/sec)]
Estimated time to end of superbatch: [36m18.8[0ms     [Fsuperbatch [36m564[0m [[35m50.3[0m% ([36m384[0m/[36m763[0m batches, [36m3550877[0m pos/sec)]
Estimated time to end of superbatch: [36m14.0[0ms     [Fsuperbatch [36m564[0m [[35m67.1[0m% ([36m512[0m/[36m763[0m batches, [36m3559518[0m pos/sec)]
Estimated time to end of superbatch: [36m9.3[0ms     [Fsuperbatch [36m564[0m [[35m83.9[0m% ([36m640[0m/[36m763[0m batches, [36m3553308[0m pos/sec)]
Estimated time to end of superbatch: [36m4.5[0ms     [Fsuperbatch [36m564[0m | time [36m28.1[0ms | running loss [36m0.011661[0m | [36m3557799[0m pos/sec | total time [36m15835.5[0ms
Estimated time remaining in training: [36m1[0mh [36m22[0mm [36m21[0ms
LR dropped to [36m0.00023725[0m
superbatch [36m565[0m [[35m0.0[0m% ([36m0[0m/[36m763[0m batches, [36m3335428[0m pos/sec)]
Estimated time to end of superbatch: [36minf[0ms     [Fsuperbatch [36m565[0m [[35m16.8[0m% ([36m128[0m/[36m763[0m batches, [36m3570992[0m pos/sec)]
Estimated time to end of superbatch: [36m23.5[0ms     [Fsuperbatch [36m565[0m [[35m33.6[0m% ([36m256[0m/[36m763[0m batches, [36m3564518[0m pos/sec)]
Estimated time to end of superbatch: [36m18.7[0ms     [Fsuperbatch [36m565[0m [[35m50.3[0m% ([36m384[0m/[36m763[0m batches, [36m3551430[0m pos/sec)]
Estimated time to end of superbatch: [36m14.0[0ms     [Fsuperbatch [36m565[0m [[35m67.1[0m% ([36m512[0m/[36m763[0m batches, [36m3537369[0m pos/sec)]
Estimated time to end of superbatch: [36m9.3[0ms     [Fsuperbatch [36m565[0m [[35m83.9[0m% ([36m640[0m/[36m763[0m batches, [36m3548488[0m pos/sec)]
Estimated time to end of superbatch: [36m4.6[0ms     [Fsuperbatch [36m565[0m | time [36m28.2[0ms | running loss [36m0.011352[0m | [36m3549374[0m pos/sec | total time [36m15863.7[0ms
Estimated time remaining in training: [36m1[0mh [36m21[0mm [36m53[0ms
LR dropped to [36m0.00023589999[0m
superbatch [36m566[0m [[35m0.0[0m% ([36m0[0m/[36m763[0m batches, [36m3458248[0m pos/sec)]
Estimated time to end of superbatch: [36minf[0ms     [Fsuperbatch [36m566[0m [[35m16.8[0m% ([36m128[0m/[36m763[0m batches, [36m3518766[0m pos/sec)]
Estimated time to end of superbatch: [36m23.8[0ms     [Fsuperbatch [36m566[0m [[35m33.6[0m% ([36m256[0m/[36m763[0m batches, [36m3525264[0m pos/sec)]
Estimated time to end of superbatch: [36m18.9[0ms     [Fsuperbatch [36m566[0m [[35m50.3[0m% ([36m384[0m/[36m763[0m batches, [36m3524881[0m pos/sec)]
Estimated time to end of superbatch: [36m14.1[0ms     [Fsuperbatch [36m566[0m [[35m67.1[0m% ([36m512[0m/[36m763[0m batches, [36m3537408[0m pos/sec)]
Estimated time to end of superbatch: [36m9.3[0ms     [Fsuperbatch [36m566[0m [[35m83.9[0m% ([36m640[0m/[36m763[0m batches, [36m3548518[0m pos/sec)]
Estimated time to end of superbatch: [36m4.6[0ms     [Fsuperbatch [36m566[0m | time [36m28.2[0ms | running loss [36m0.011669[0m | [36m3542644[0m pos/sec | total time [36m15891.9[0ms
Estimated time remaining in training: [36m1[0mh [36m21[0mm [36m25[0ms
LR dropped to [36m0.00023455004[0m
superbatch [36m567[0m [[35m0.0[0m% ([36m0[0m/[36m763[0m batches, [36m3469646[0m pos/sec)]
Estimated time to end of superbatch: [36minf[0ms     [Fsuperbatch [36m567[0m [[35m16.8[0m% ([36m128[0m/[36m763[0m batches, [36m3610167[0m pos/sec)]
Estimated time to end of superbatch: [36m23.2[0ms     [Fsuperbatch [36m567[0m [[35m33.6[0m% ([36m256[0m/[36m763[0m batches, [36m3605255[0m pos/sec)]
Estimated time to end of superbatch: [36m18.5[0ms     [Fsuperbatch [36m567[0m [[35m50.3[0m% ([36m384[0m/[36m763[0m batches, [36m3581926[0m pos/sec)]
Estimated time to end of superbatch: [36m13.9[0ms     [Fsuperbatch [36m567[0m [[35m67.1[0m% ([36m512[0m/[36m763[0m batches, [36m3567528[0m pos/sec)]
Estimated time to end of superbatch: [36m9.2[0ms     [Fsuperbatch [36m567[0m [[35m83.9[0m% ([36m640[0m/[36m763[0m batches, [36m3559679[0m pos/sec)]
Estimated time to end of superbatch: [36m4.5[0ms     [Fsuperbatch [36m567[0m | time [36m28.1[0ms | running loss [36m0.011411[0m | [36m3562742[0m pos/sec | total time [36m15920.0[0ms
Estimated time remaining in training: [36m1[0mh [36m20[0mm [36m57[0ms
LR dropped to [36m0.00023320003[0m
superbatch [36m568[0m [[35m0.0[0m% ([36m0[0m/[36m763[0m batches, [36m3309700[0m pos/sec)]
Estimated time to end of superbatch: [36minf[0ms     [Fsuperbatch [36m568[0m [[35m16.8[0m% ([36m128[0m/[36m763[0m batches, [36m3491530[0m pos/sec)]
Estimated time to end of superbatch: [36m24.0[0ms     [Fsuperbatch [36m568[0m [[35m33.6[0m% ([36m256[0m/[36m763[0m batches, [36m3532395[0m pos/sec)]
Estimated time to end of superbatch: [36m18.9[0ms     [Fsuperbatch [36m568[0m [[35m50.3[0m% ([36m384[0m/[36m763[0m batches, [36m3555178[0m pos/sec)]
Estimated time to end of superbatch: [36m14.0[0ms     [Fsuperbatch [36m568[0m [[35m67.1[0m% ([36m512[0m/[36m763[0m batches, [36m3550192[0m pos/sec)]
Estimated time to end of superbatch: [36m9.3[0ms     [Fsuperbatch [36m568[0m [[35m83.9[0m% ([36m640[0m/[36m763[0m batches, [36m3543032[0m pos/sec)]
Estimated time to end of superbatch: [36m4.6[0ms     [Fsuperbatch [36m568[0m | time [36m28.3[0ms | running loss [36m0.011643[0m | [36m3535604[0m pos/sec | total time [36m15948.3[0ms
Estimated time remaining in training: [36m1[0mh [36m20[0mm [36m29[0ms
LR dropped to [36m0.00023185002[0m
superbatch [36m569[0m [[35m0.0[0m% ([36m0[0m/[36m763[0m batches, [36m3243418[0m pos/sec)]
Estimated time to end of superbatch: [36minf[0ms     [Fsuperbatch [36m569[0m [[35m16.8[0m% ([36m128[0m/[36m763[0m batches, [36m3539639[0m pos/sec)]
Estimated time to end of superbatch: [36m23.7[0ms     [Fsuperbatch [36m569[0m [[35m33.6[0m% ([36m256[0m/[36m763[0m batches, [36m3563158[0m pos/sec)]
Estimated time to end of superbatch: [36m18.7[0ms     [Fsuperbatch [36m569[0m [[35m50.3[0m% ([36m384[0m/[36m763[0m batches, [36m3554794[0m pos/sec)]
Estimated time to end of superbatch: [36m14.0[0ms     [Fsuperbatch [36m569[0m [[35m67.1[0m% ([36m512[0m/[36m763[0m batches, [36m3560299[0m pos/sec)]
Estimated time to end of superbatch: [36m9.3[0ms     [Fsuperbatch [36m569[0m [[35m83.9[0m% ([36m640[0m/[36m763[0m batches, [36m3566166[0m pos/sec)]
Estimated time to end of superbatch: [36m4.5[0ms     [Fsuperbatch [36m569[0m | time [36m28.0[0ms | running loss [36m0.011420[0m | [36m3568423[0m pos/sec | total time [36m15976.3[0ms
Estimated time remaining in training: [36m1[0mh [36m20[0mm [36m1[0ms
LR dropped to [36m0.00023050001[0m
superbatch [36m570[0m [[35m0.0[0m% ([36m0[0m/[36m763[0m batches, [36m3874311[0m pos/sec)]
Estimated time to end of superbatch: [36minf[0ms     [Fsuperbatch [36m570[0m [[35m16.8[0m% ([36m128[0m/[36m763[0m batches, [36m3599690[0m pos/sec)]
Estimated time to end of superbatch: [36m23.3[0ms     [Fsuperbatch [36m570[0m [[35m33.6[0m% ([36m256[0m/[36m763[0m batches, [36m3599330[0m pos/sec)]
Estimated time to end of superbatch: [36m18.5[0ms     [Fsuperbatch [36m570[0m [[35m50.3[0m% ([36m384[0m/[36m763[0m batches, [36m3598936[0m pos/sec)]
Estimated time to end of superbatch: [36m13.8[0ms     [Fsuperbatch [36m570[0m [[35m67.1[0m% ([36m512[0m/[36m763[0m batches, [36m3590175[0m pos/sec)]
Estimated time to end of superbatch: [36m9.2[0ms     [Fsuperbatch [36m570[0m [[35m83.9[0m% ([36m640[0m/[36m763[0m batches, [36m3581558[0m pos/sec)]
Estimated time to end of superbatch: [36m4.5[0ms     [Fsuperbatch [36m570[0m | time [36m28.0[0ms | running loss [36m0.011659[0m | [36m3577363[0m pos/sec | total time [36m16004.3[0ms
Estimated time remaining in training: [36m1[0mh [36m19[0mm [36m33[0ms
Saved [anna-v5-s1-570]
LR dropped to [36m0.00022915[0m
superbatch [36m571[0m [[35m0.0[0m% ([36m0[0m/[36m763[0m batches, [36m3209100[0m pos/sec)]
Estimated time to end of superbatch: [36minf[0ms     [Fsuperbatch [36m571[0m [[35m16.8[0m% ([36m128[0m/[36m763[0m batches, [36m3540720[0m pos/sec)]
Estimated time to end of superbatch: [36m23.7[0ms     [Fsuperbatch [36m571[0m [[35m33.6[0m% ([36m256[0m/[36m763[0m batches, [36m3526632[0m pos/sec)]
Estimated time to end of superbatch: [36m18.9[0ms     [Fsuperbatch [36m571[0m [[35m50.3[0m% ([36m384[0m/[36m763[0m batches, [36m3527128[0m pos/sec)]
Estimated time to end of superbatch: [36m14.1[0ms     [Fsuperbatch [36m571[0m [[35m67.1[0m% ([36m512[0m/[36m763[0m batches, [36m3531030[0m pos/sec)]
Estimated time to end of superbatch: [36m9.3[0ms     [Fsuperbatch [36m571[0m [[35m83.9[0m% ([36m640[0m/[36m763[0m batches, [36m3538680[0m pos/sec)]
Estimated time to end of superbatch: [36m4.6[0ms     [Fsuperbatch [36m571[0m | time [36m28.2[0ms | running loss [36m0.011449[0m | [36m3540526[0m pos/sec | total time [36m16035.5[0ms
Estimated time remaining in training: [36m1[0mh [36m19[0mm [36m6[0ms
LR dropped to [36m0.00022779999[0m
superbatch [36m572[0m [[35m0.0[0m% ([36m0[0m/[36m763[0m batches, [36m3346830[0m pos/sec)]
Estimated time to end of superbatch: [36minf[0ms     [Fsuperbatch [36m572[0m [[35m16.8[0m% ([36m128[0m/[36m763[0m batches, [36m3508720[0m pos/sec)]
Estimated time to end of superbatch: [36m23.9[0ms     [Fsuperbatch [36m572[0m [[35m33.6[0m% ([36m256[0m/[36m763[0m batches, [36m3553691[0m pos/sec)]
Estimated time to end of superbatch: [36m18.8[0ms     [Fsuperbatch [36m572[0m [[35m50.3[0m% ([36m384[0m/[36m763[0m batches, [36m3555618[0m pos/sec)]
Estimated time to end of superbatch: [36m14.0[0ms     [Fsuperbatch [36m572[0m [[35m67.1[0m% ([36m512[0m/[36m763[0m batches, [36m3546134[0m pos/sec)]
Estimated time to end of superbatch: [36m9.3[0ms     [Fsuperbatch [36m572[0m [[35m83.9[0m% ([36m640[0m/[36m763[0m batches, [36m3551415[0m pos/sec)]
Estimated time to end of superbatch: [36m4.5[0ms     [Fsuperbatch [36m572[0m | time [36m28.1[0ms | running loss [36m0.011677[0m | [36m3555917[0m pos/sec | total time [36m16063.7[0ms
Estimated time remaining in training: [36m1[0mh [36m18[0mm [36m38[0ms
LR dropped to [36m0.00022645004[0m
superbatch [36m573[0m [[35m0.0[0m% ([36m0[0m/[36m763[0m batches, [36m3400302[0m pos/sec)]
Estimated time to end of superbatch: [36minf[0ms     [Fsuperbatch [36m573[0m [[35m16.8[0m% ([36m128[0m/[36m763[0m batches, [36m3602460[0m pos/sec)]
Estimated time to end of superbatch: [36m23.3[0ms     [Fsuperbatch [36m573[0m [[35m33.6[0m% ([36m256[0m/[36m763[0m batches, [36m3584043[0m pos/sec)]
Estimated time to end of superbatch: [36m18.6[0ms     [Fsuperbatch [36m573[0m [[35m50.3[0m% ([36m384[0m/[36m763[0m batches, [36m3580388[0m pos/sec)]
Estimated time to end of superbatch: [36m13.9[0ms     [Fsuperbatch [36m573[0m [[35m67.1[0m% ([36m512[0m/[36m763[0m batches, [36m3568054[0m pos/sec)]
Estimated time to end of superbatch: [36m9.2[0ms     [Fsuperbatch [36m573[0m [[35m83.9[0m% ([36m640[0m/[36m763[0m batches, [36m3569740[0m pos/sec)]
Estimated time to end of superbatch: [36m4.5[0ms     [Fsuperbatch [36m573[0m | time [36m27.9[0ms | running loss [36m0.011494[0m | [36m3579545[0m pos/sec | total time [36m16091.6[0ms
Estimated time remaining in training: [36m1[0mh [36m18[0mm [36m9[0ms
LR dropped to [36m0.00022510003[0m
superbatch [36m574[0m [[35m0.0[0m% ([36m0[0m/[36m763[0m batches, [36m3608543[0m pos/sec)]
Estimated time to end of superbatch: [36minf[0ms     [Fsuperbatch [36m574[0m [[35m16.8[0m% ([36m128[0m/[36m763[0m batches, [36m3504220[0m pos/sec)]
Estimated time to end of superbatch: [36m23.9[0ms     [Fsuperbatch [36m574[0m [[35m33.6[0m% ([36m256[0m/[36m763[0m batches, [36m3502370[0m pos/sec)]
Estimated time to end of superbatch: [36m19.0[0ms     [Fsuperbatch [36m574[0m [[35m50.3[0m% ([36m384[0m/[36m763[0m batches, [36m3525634[0m pos/sec)]
Estimated time to end of superbatch: [36m14.1[0ms     [Fsuperbatch [36m574[0m [[35m67.1[0m% ([36m512[0m/[36m763[0m batches, [36m3500789[0m pos/sec)]
Estimated time to end of superbatch: [36m9.4[0ms     [Fsuperbatch [36m574[0m [[35m83.9[0m% ([36m640[0m/[36m763[0m batches, [36m3500298[0m pos/sec)]
Estimated time to end of superbatch: [36m4.6[0ms     [Fsuperbatch [36m574[0m | time [36m28.6[0ms | running loss [36m0.011685[0m | [36m3499266[0m pos/sec | total time [36m16120.2[0ms
Estimated time remaining in training: [36m1[0mh [36m17[0mm [36m41[0ms
LR dropped to [36m0.00022375002[0m
superbatch [36m575[0m [[35m0.0[0m% ([36m0[0m/[36m763[0m batches, [36m3834844[0m pos/sec)]
Estimated time to end of superbatch: [36minf[0ms     [Fsuperbatch [36m575[0m [[35m16.8[0m% ([36m128[0m/[36m763[0m batches, [36m3568733[0m pos/sec)]
Estimated time to end of superbatch: [36m23.5[0ms     [Fsuperbatch [36m575[0m [[35m33.6[0m% ([36m256[0m/[36m763[0m batches, [36m3532004[0m pos/sec)]
Estimated time to end of superbatch: [36m18.9[0ms     [Fsuperbatch [36m575[0m [[35m50.3[0m% ([36m384[0m/[36m763[0m batches, [36m3517971[0m pos/sec)]
Estimated time to end of superbatch: [36m14.2[0ms     [Fsuperbatch [36m575[0m [[35m67.1[0m% ([36m512[0m/[36m763[0m batches, [36m3517678[0m pos/sec)]
Estimated time to end of superbatch: [36m9.4[0ms     [Fsuperbatch [36m575[0m [[35m83.9[0m% ([36m640[0m/[36m763[0m batches, [36m3519374[0m pos/sec)]
Estimated time to end of superbatch: [36m4.6[0ms     [Fsuperbatch [36m575[0m | time [36m28.5[0ms | running loss [36m0.011520[0m | [36m3512547[0m pos/sec | total time [36m16148.7[0ms
Estimated time remaining in training: [36m1[0mh [36m17[0mm [36m13[0ms
LR dropped to [36m0.0002224[0m
superbatch [36m576[0m [[35m0.0[0m% ([36m0[0m/[36m763[0m batches, [36m3525640[0m pos/sec)]
Estimated time to end of superbatch: [36minf[0ms     [Fsuperbatch [36m576[0m [[35m16.8[0m% ([36m128[0m/[36m763[0m batches, [36m3516184[0m pos/sec)]
Estimated time to end of superbatch: [36m23.9[0ms     [Fsuperbatch [36m576[0m [[35m33.6[0m% ([36m256[0m/[36m763[0m batches, [36m3543641[0m pos/sec)]
Estimated time to end of superbatch: [36m18.8[0ms     [Fsuperbatch [36m576[0m [[35m50.3[0m% ([36m384[0m/[36m763[0m batches, [36m3526992[0m pos/sec)]
Estimated time to end of superbatch: [36m14.1[0ms     [Fsuperbatch [36m576[0m [[35m67.1[0m% ([36m512[0m/[36m763[0m batches, [36m3535857[0m pos/sec)]
Estimated time to end of superbatch: [36m9.3[0ms     [Fsuperbatch [36m576[0m [[35m83.9[0m% ([36m640[0m/[36m763[0m batches, [36m3533971[0m pos/sec)]
Estimated time to end of superbatch: [36m4.6[0ms     [Fsuperbatch [36m576[0m | time [36m28.3[0ms | running loss [36m0.011718[0m | [36m3533936[0m pos/sec | total time [36m16177.0[0ms
Estimated time remaining in training: [36m1[0mh [36m16[0mm [36m45[0ms
LR dropped to [36m0.00022105[0m
superbatch [36m577[0m [[35m0.0[0m% ([36m0[0m/[36m763[0m batches, [36m3760276[0m pos/sec)]
Estimated time to end of superbatch: [36minf[0ms     [Fsuperbatch [36m577[0m [[35m16.8[0m% ([36m128[0m/[36m763[0m batches, [36m3470924[0m pos/sec)]
Estimated time to end of superbatch: [36m24.2[0ms     [Fsuperbatch [36m577[0m [[35m33.6[0m% ([36m256[0m/[36m763[0m batches, [36m3515514[0m pos/sec)]
Estimated time to end of superbatch: [36m19.0[0ms     [Fsuperbatch [36m577[0m [[35m50.3[0m% ([36m384[0m/[36m763[0m batches, [36m3536561[0m pos/sec)]
Estimated time to end of superbatch: [36m14.1[0ms     [Fsuperbatch [36m577[0m [[35m67.1[0m% ([36m512[0m/[36m763[0m batches, [36m3537499[0m pos/sec)]
Estimated time to end of superbatch: [36m9.3[0ms     [Fsuperbatch [36m577[0m [[35m83.9[0m% ([36m640[0m/[36m763[0m batches, [36m3531120[0m pos/sec)]
Estimated time to end of superbatch: [36m4.6[0ms     [Fsuperbatch [36m577[0m | time [36m28.3[0ms | running loss [36m0.011559[0m | [36m3531204[0m pos/sec | total time [36m16205.3[0ms
Estimated time remaining in training: [36m1[0mh [36m16[0mm [36m17[0ms
LR dropped to [36m0.00021970004[0m
superbatch [36m578[0m [[35m0.0[0m% ([36m0[0m/[36m763[0m batches, [36m3824736[0m pos/sec)]
Estimated time to end of superbatch: [36minf[0ms     [Fsuperbatch [36m578[0m [[35m16.8[0m% ([36m128[0m/[36m763[0m batches, [36m3490524[0m pos/sec)]
Estimated time to end of superbatch: [36m24.0[0ms     [Fsuperbatch [36m578[0m [[35m33.6[0m% ([36m256[0m/[36m763[0m batches, [36m3479630[0m pos/sec)]
Estimated time to end of superbatch: [36m19.2[0ms     [Fsuperbatch [36m578[0m [[35m50.3[0m% ([36m384[0m/[36m763[0m batches, [36m3486878[0m pos/sec)]
Estimated time to end of superbatch: [36m14.3[0ms     [Fsuperbatch [36m578[0m [[35m67.1[0m% ([36m512[0m/[36m763[0m batches, [36m3482144[0m pos/sec)]
Estimated time to end of superbatch: [36m9.5[0ms     [Fsuperbatch [36m578[0m [[35m83.9[0m% ([36m640[0m/[36m763[0m batches, [36m3485230[0m pos/sec)]
Estimated time to end of superbatch: [36m4.6[0ms     [Fsuperbatch [36m578[0m | time [36m28.7[0ms | running loss [36m0.011704[0m | [36m3485307[0m pos/sec | total time [36m16234.0[0ms
Estimated time remaining in training: [36m1[0mh [36m15[0mm [36m50[0ms
LR dropped to [36m0.00021835003[0m
superbatch [36m579[0m [[35m0.0[0m% ([36m0[0m/[36m763[0m batches, [36m3601681[0m pos/sec)]
Estimated time to end of superbatch: [36minf[0ms     [Fsuperbatch [36m579[0m [[35m16.8[0m% ([36m128[0m/[36m763[0m batches, [36m3504397[0m pos/sec)]
Estimated time to end of superbatch: [36m23.9[0ms     [Fsuperbatch [36m579[0m [[35m33.6[0m% ([36m256[0m/[36m763[0m batches, [36m3506454[0m pos/sec)]
Estimated time to end of superbatch: [36m19.0[0ms     [Fsuperbatch [36m579[0m [[35m50.3[0m% ([36m384[0m/[36m763[0m batches, [36m3507716[0m pos/sec)]
Estimated time to end of superbatch: [36m14.2[0ms     [Fsuperbatch [36m579[0m [[35m67.1[0m% ([36m512[0m/[36m763[0m batches, [36m3505163[0m pos/sec)]
Estimated time to end of superbatch: [36m9.4[0ms     [Fsuperbatch [36m579[0m [[35m83.9[0m% ([36m640[0m/[36m763[0m batches, [36m3504767[0m pos/sec)]
Estimated time to end of superbatch: [36m4.6[0ms     [Fsuperbatch [36m579[0m | time [36m28.6[0ms | running loss [36m0.011600[0m | [36m3501624[0m pos/sec | total time [36m16262.5[0ms
Estimated time remaining in training: [36m1[0mh [36m15[0mm [36m22[0ms
LR dropped to [36m0.00021700002[0m
superbatch [36m580[0m [[35m0.0[0m% ([36m0[0m/[36m763[0m batches, [36m4132446[0m pos/sec)]
Estimated time to end of superbatch: [36minf[0ms     [Fsuperbatch [36m580[0m [[35m16.8[0m% ([36m128[0m/[36m763[0m batches, [36m3513118[0m pos/sec)]
Estimated time to end of superbatch: [36m23.9[0ms     [Fsuperbatch [36m580[0m [[35m33.6[0m% ([36m256[0m/[36m763[0m batches, [36m3504926[0m pos/sec)]
Estimated time to end of superbatch: [36m19.0[0ms     [Fsuperbatch [36m580[0m [[35m50.3[0m% ([36m384[0m/[36m763[0m batches, [36m3507528[0m pos/sec)]
Estimated time to end of superbatch: [36m14.2[0ms     [Fsuperbatch [36m580[0m [[35m67.1[0m% ([36m512[0m/[36m763[0m batches, [36m3503302[0m pos/sec)]
Estimated time to end of superbatch: [36m9.4[0ms     [Fsuperbatch [36m580[0m [[35m83.9[0m% ([36m640[0m/[36m763[0m batches, [36m3504106[0m pos/sec)]
Estimated time to end of superbatch: [36m4.6[0ms     [Fsuperbatch [36m580[0m | time [36m28.5[0ms | running loss [36m0.011769[0m | [36m3504320[0m pos/sec | total time [36m16291.1[0ms
Estimated time remaining in training: [36m1[0mh [36m14[0mm [36m54[0ms
Saved [anna-v5-s1-580]
LR dropped to [36m0.00021565001[0m
superbatch [36m581[0m [[35m0.0[0m% ([36m0[0m/[36m763[0m batches, [36m3728382[0m pos/sec)]
Estimated time to end of superbatch: [36minf[0ms     [Fsuperbatch [36m581[0m [[35m16.8[0m% ([36m128[0m/[36m763[0m batches, [36m3510296[0m pos/sec)]
Estimated time to end of superbatch: [36m23.9[0ms     [Fsuperbatch [36m581[0m [[35m33.6[0m% ([36m256[0m/[36m763[0m batches, [36m3517662[0m pos/sec)]
Estimated time to end of superbatch: [36m19.0[0ms     [Fsuperbatch [36m581[0m [[35m50.3[0m% ([36m384[0m/[36m763[0m batches, [36m3522303[0m pos/sec)]
Estimated time to end of superbatch: [36m14.1[0ms     [Fsuperbatch [36m581[0m [[35m67.1[0m% ([36m512[0m/[36m763[0m batches, [36m3537810[0m pos/sec)]
Estimated time to end of superbatch: [36m9.3[0ms     [Fsuperbatch [36m581[0m [[35m83.9[0m% ([36m640[0m/[36m763[0m batches, [36m3532695[0m pos/sec)]
Estimated time to end of superbatch: [36m4.6[0ms     [Fsuperbatch [36m581[0m | time [36m28.4[0ms | running loss [36m0.011638[0m | [36m3527128[0m pos/sec | total time [36m16322.5[0ms
Estimated time remaining in training: [36m1[0mh [36m14[0mm [36m26[0ms
LR dropped to [36m0.0002143[0m
superbatch [36m582[0m [[35m0.0[0m% ([36m0[0m/[36m763[0m batches, [36m3643152[0m pos/sec)]
Estimated time to end of superbatch: [36minf[0ms     [Fsuperbatch [36m582[0m [[35m16.8[0m% ([36m128[0m/[36m763[0m batches, [36m3565611[0m pos/sec)]
Estimated time to end of superbatch: [36m23.5[0ms     [Fsuperbatch [36m582[0m [[35m33.6[0m% ([36m256[0m/[36m763[0m batches, [36m3542360[0m pos/sec)]
Estimated time to end of superbatch: [36m18.8[0ms     [Fsuperbatch [36m582[0m [[35m50.3[0m% ([36m384[0m/[36m763[0m batches, [36m3547672[0m pos/sec)]
Estimated time to end of superbatch: [36m14.0[0ms     [Fsuperbatch [36m582[0m [[35m67.1[0m% ([36m512[0m/[36m763[0m batches, [36m3564510[0m pos/sec)]
Estimated time to end of superbatch: [36m9.2[0ms     [Fsuperbatch [36m582[0m [[35m83.9[0m% ([36m640[0m/[36m763[0m batches, [36m3566999[0m pos/sec)]
Estimated time to end of superbatch: [36m4.5[0ms     [Fsuperbatch [36m582[0m | time [36m28.2[0ms | running loss [36m0.014720[0m | [36m3550005[0m pos/sec | total time [36m16350.6[0ms
Estimated time remaining in training: [36m1[0mh [36m13[0mm [36m58[0ms
LR dropped to [36m0.00021294999[0m
superbatch [36m583[0m [[35m0.0[0m% ([36m0[0m/[36m763[0m batches, [36m4101145[0m pos/sec)]
Estimated time to end of superbatch: [36minf[0ms     [Fsuperbatch [36m583[0m [[35m16.8[0m% ([36m128[0m/[36m763[0m batches, [36m3663922[0m pos/sec)]
Estimated time to end of superbatch: [36m22.9[0ms     [Fsuperbatch [36m583[0m [[35m33.6[0m% ([36m256[0m/[36m763[0m batches, [36m3675826[0m pos/sec)]
Estimated time to end of superbatch: [36m18.1[0ms     [Fsuperbatch [36m583[0m [[35m50.3[0m% ([36m384[0m/[36m763[0m batches, [36m3649066[0m pos/sec)]
Estimated time to end of superbatch: [36m13.6[0ms     [Fsuperbatch [36m583[0m [[35m67.1[0m% ([36m512[0m/[36m763[0m batches, [36m3624974[0m pos/sec)]
Estimated time to end of superbatch: [36m9.1[0ms     [Fsuperbatch [36m583[0m [[35m83.9[0m% ([36m640[0m/[36m763[0m batches, [36m3621418[0m pos/sec)]
Estimated time to end of superbatch: [36m4.5[0ms     [Fsuperbatch [36m583[0m | time [36m27.7[0ms | running loss [36m0.017465[0m | [36m3606675[0m pos/sec | total time [36m16378.4[0ms
Estimated time remaining in training: [36m1[0mh [36m13[0mm [36m30[0ms
LR dropped to [36m0.00021160004[0m
superbatch [36m584[0m [[35m0.0[0m% ([36m0[0m/[36m763[0m batches, [36m3271053[0m pos/sec)]
Estimated time to end of superbatch: [36minf[0ms     [Fsuperbatch [36m584[0m [[35m16.8[0m% ([36m128[0m/[36m763[0m batches, [36m3631712[0m pos/sec)]
Estimated time to end of superbatch: [36m23.1[0ms     [Fsuperbatch [36m584[0m [[35m33.6[0m% ([36m256[0m/[36m763[0m batches, [36m3612643[0m pos/sec)]
Estimated time to end of superbatch: [36m18.5[0ms     [Fsuperbatch [36m584[0m [[35m50.3[0m% ([36m384[0m/[36m763[0m batches, [36m3607156[0m pos/sec)]
Estimated time to end of superbatch: [36m13.8[0ms     [Fsuperbatch [36m584[0m [[35m67.1[0m% ([36m512[0m/[36m763[0m batches, [36m3606989[0m pos/sec)]
Estimated time to end of superbatch: [36m9.1[0ms     [Fsuperbatch [36m584[0m [[35m83.9[0m% ([36m640[0m/[36m763[0m batches, [36m3595546[0m pos/sec)]
Estimated time to end of superbatch: [36m4.5[0ms     [Fsuperbatch [36m584[0m | time [36m27.8[0ms | running loss [36m0.017536[0m | [36m3599790[0m pos/sec | total time [36m16406.1[0ms
Estimated time remaining in training: [36m1[0mh [36m13[0mm [36m2[0ms
LR dropped to [36m0.00021025003[0m
superbatch [36m585[0m [[35m0.0[0m% ([36m0[0m/[36m763[0m batches, [36m3582271[0m pos/sec)]
Estimated time to end of superbatch: [36minf[0ms     [Fsuperbatch [36m585[0m [[35m16.8[0m% ([36m128[0m/[36m763[0m batches, [36m3574055[0m pos/sec)]
Estimated time to end of superbatch: [36m23.5[0ms     [Fsuperbatch [36m585[0m [[35m33.6[0m% ([36m256[0m/[36m763[0m batches, [36m3590256[0m pos/sec)]
Estimated time to end of superbatch: [36m18.6[0ms     [Fsuperbatch [36m585[0m [[35m50.3[0m% ([36m384[0m/[36m763[0m batches, [36m3605896[0m pos/sec)]
Estimated time to end of superbatch: [36m13.8[0ms     [Fsuperbatch [36m585[0m [[35m67.1[0m% ([36m512[0m/[36m763[0m batches, [36m3601681[0m pos/sec)]
Estimated time to end of superbatch: [36m9.2[0ms     [Fsuperbatch [36m585[0m [[35m83.9[0m% ([36m640[0m/[36m763[0m batches, [36m3593519[0m pos/sec)]
Estimated time to end of superbatch: [36m4.5[0ms     [Fsuperbatch [36m585[0m | time [36m27.8[0ms | running loss [36m0.017453[0m | [36m3591625[0m pos/sec | total time [36m16434.0[0ms
Estimated time remaining in training: [36m1[0mh [36m12[0mm [36m34[0ms
LR dropped to [36m0.00020890002[0m
superbatch [36m586[0m [[35m0.0[0m% ([36m0[0m/[36m763[0m batches, [36m3299056[0m pos/sec)]
Estimated time to end of superbatch: [36minf[0ms     [Fsuperbatch [36m586[0m [[35m16.8[0m% ([36m128[0m/[36m763[0m batches, [36m3575088[0m pos/sec)]
Estimated time to end of superbatch: [36m23.5[0ms     [Fsuperbatch [36m586[0m [[35m33.6[0m% ([36m256[0m/[36m763[0m batches, [36m3570776[0m pos/sec)]
Estimated time to end of superbatch: [36m18.7[0ms     [Fsuperbatch [36m586[0m [[35m50.3[0m% ([36m384[0m/[36m763[0m batches, [36m3579577[0m pos/sec)]
Estimated time to end of superbatch: [36m13.9[0ms     [Fsuperbatch [36m586[0m [[35m67.1[0m% ([36m512[0m/[36m763[0m batches, [36m3578655[0m pos/sec)]
Estimated time to end of superbatch: [36m9.2[0ms     [Fsuperbatch [36m586[0m [[35m83.9[0m% ([36m640[0m/[36m763[0m batches, [36m3573788[0m pos/sec)]
Estimated time to end of superbatch: [36m4.5[0ms     [Fsuperbatch [36m586[0m | time [36m28.0[0ms | running loss [36m0.017493[0m | [36m3566148[0m pos/sec | total time [36m16462.0[0ms
Estimated time remaining in training: [36m1[0mh [36m12[0mm [36m6[0ms
LR dropped to [36m0.00020755001[0m
superbatch [36m587[0m [[35m0.0[0m% ([36m0[0m/[36m763[0m batches, [36m3502915[0m pos/sec)]
Estimated time to end of superbatch: [36minf[0ms     [Fsuperbatch [36m587[0m [[35m16.8[0m% ([36m128[0m/[36m763[0m batches, [36m3568173[0m pos/sec)]
Estimated time to end of superbatch: [36m23.5[0ms     [Fsuperbatch [36m587[0m [[35m33.6[0m% ([36m256[0m/[36m763[0m batches, [36m3613131[0m pos/sec)]
Estimated time to end of superbatch: [36m18.5[0ms     [Fsuperbatch [36m587[0m [[35m50.3[0m% ([36m384[0m/[36m763[0m batches, [36m3626313[0m pos/sec)]
Estimated time to end of superbatch: [36m13.7[0ms     [Fsuperbatch [36m587[0m [[35m67.1[0m% ([36m512[0m/[36m763[0m batches, [36m3609806[0m pos/sec)]
Estimated time to end of superbatch: [36m9.1[0ms     [Fsuperbatch [36m587[0m [[35m83.9[0m% ([36m640[0m/[36m763[0m batches, [36m3608009[0m pos/sec)]
Estimated time to end of superbatch: [36m4.5[0ms     [Fsuperbatch [36m587[0m | time [36m27.7[0ms | running loss [36m0.017413[0m | [36m3607266[0m pos/sec | total time [36m16489.8[0ms
Estimated time remaining in training: [36m1[0mh [36m11[0mm [36m38[0ms
LR dropped to [36m0.0002062[0m
superbatch [36m588[0m [[35m0.0[0m% ([36m0[0m/[36m763[0m batches, [36m3244023[0m pos/sec)]
Estimated time to end of superbatch: [36minf[0ms     [Fsuperbatch [36m588[0m [[35m16.8[0m% ([36m128[0m/[36m763[0m batches, [36m3562816[0m pos/sec)]
Estimated time to end of superbatch: [36m23.5[0ms     [Fsuperbatch [36m588[0m [[35m33.6[0m% ([36m256[0m/[36m763[0m batches, [36m3546092[0m pos/sec)]
Estimated time to end of superbatch: [36m18.8[0ms     [Fsuperbatch [36m588[0m [[35m50.3[0m% ([36m384[0m/[36m763[0m batches, [36m3555406[0m pos/sec)]
Estimated time to end of superbatch: [36m14.0[0ms     [Fsuperbatch [36m588[0m [[35m67.1[0m% ([36m512[0m/[36m763[0m batches, [36m3567526[0m pos/sec)]
Estimated time to end of superbatch: [36m9.2[0ms     [Fsuperbatch [36m588[0m [[35m83.9[0m% ([36m640[0m/[36m763[0m batches, [36m3568722[0m pos/sec)]
Estimated time to end of superbatch: [36m4.5[0ms     [Fsuperbatch [36m588[0m | time [36m28.1[0ms | running loss [36m0.017448[0m | [36m3562380[0m pos/sec | total time [36m16517.8[0ms
Estimated time remaining in training: [36m1[0mh [36m11[0mm [36m9[0ms
LR dropped to [36m0.00020485005[0m
superbatch [36m589[0m [[35m0.0[0m% ([36m0[0m/[36m763[0m batches, [36m3326480[0m pos/sec)]
Estimated time to end of superbatch: [36minf[0ms     [Fsuperbatch [36m589[0m [[35m16.8[0m% ([36m128[0m/[36m763[0m batches, [36m3587589[0m pos/sec)]
Estimated time to end of superbatch: [36m23.4[0ms     [Fsuperbatch [36m589[0m [[35m33.6[0m% ([36m256[0m/[36m763[0m batches, [36m3600536[0m pos/sec)]
Estimated time to end of superbatch: [36m18.5[0ms     [Fsuperbatch [36m589[0m [[35m50.3[0m% ([36m384[0m/[36m763[0m batches, [36m3592545[0m pos/sec)]
Estimated time to end of superbatch: [36m13.9[0ms     [Fsuperbatch [36m589[0m [[35m67.1[0m% ([36m512[0m/[36m763[0m batches, [36m3591658[0m pos/sec)]
Estimated time to end of superbatch: [36m9.2[0ms     [Fsuperbatch [36m589[0m [[35m83.9[0m% ([36m640[0m/[36m763[0m batches, [36m3588121[0m pos/sec)]
Estimated time to end of superbatch: [36m4.5[0ms     [Fsuperbatch [36m589[0m | time [36m28.0[0ms | running loss [36m0.017435[0m | [36m3577839[0m pos/sec | total time [36m16545.8[0ms
Estimated time remaining in training: [36m1[0mh [36m10[0mm [36m41[0ms
LR dropped to [36m0.00020350004[0m
superbatch [36m590[0m [[35m0.0[0m% ([36m0[0m/[36m763[0m batches, [36m3698413[0m pos/sec)]
Estimated time to end of superbatch: [36minf[0ms     [Fsuperbatch [36m590[0m [[35m16.8[0m% ([36m128[0m/[36m763[0m batches, [36m3541600[0m pos/sec)]
Estimated time to end of superbatch: [36m23.7[0ms     [Fsuperbatch [36m590[0m [[35m33.6[0m% ([36m256[0m/[36m763[0m batches, [36m3518650[0m pos/sec)]
Estimated time to end of superbatch: [36m19.0[0ms     [Fsuperbatch [36m590[0m [[35m50.3[0m% ([36m384[0m/[36m763[0m batches, [36m3526588[0m pos/sec)]
Estimated time to end of superbatch: [36m14.1[0ms     [Fsuperbatch [36m590[0m [[35m67.1[0m% ([36m512[0m/[36m763[0m batches, [36m3526566[0m pos/sec)]
Estimated time to end of superbatch: [36m9.3[0ms     [Fsuperbatch [36m590[0m [[35m83.9[0m% ([36m640[0m/[36m763[0m batches, [36m3526316[0m pos/sec)]
Estimated time to end of superbatch: [36m4.6[0ms     [Fsuperbatch [36m590[0m | time [36m28.3[0ms | running loss [36m0.017429[0m | [36m3533544[0m pos/sec | total time [36m16574.1[0ms
Estimated time remaining in training: [36m1[0mh [36m10[0mm [36m13[0ms
Saved [anna-v5-s1-590]
LR dropped to [36m0.00020215003[0m
superbatch [36m591[0m [[35m0.0[0m% ([36m0[0m/[36m763[0m batches, [36m3486430[0m pos/sec)]
Estimated time to end of superbatch: [36minf[0ms     [Fsuperbatch [36m591[0m [[35m16.8[0m% ([36m128[0m/[36m763[0m batches, [36m3532570[0m pos/sec)]
Estimated time to end of superbatch: [36m23.7[0ms     [Fsuperbatch [36m591[0m [[35m33.6[0m% ([36m256[0m/[36m763[0m batches, [36m3535687[0m pos/sec)]
Estimated time to end of superbatch: [36m18.9[0ms     [Fsuperbatch [36m591[0m [[35m50.3[0m% ([36m384[0m/[36m763[0m batches, [36m3548060[0m pos/sec)]
Estimated time to end of superbatch: [36m14.0[0ms     [Fsuperbatch [36m591[0m [[35m67.1[0m% ([36m512[0m/[36m763[0m batches, [36m3556870[0m pos/sec)]
Estimated time to end of superbatch: [36m9.3[0ms     [Fsuperbatch [36m591[0m [[35m83.9[0m% ([36m640[0m/[36m763[0m batches, [36m3541442[0m pos/sec)]
Estimated time to end of superbatch: [36m4.6[0ms     [Fsuperbatch [36m591[0m | time [36m28.2[0ms | running loss [36m0.017439[0m | [36m3540238[0m pos/sec | total time [36m16605.4[0ms
Estimated time remaining in training: [36m1[0mh [36m9[0mm [36m46[0ms
LR dropped to [36m0.00020080002[0m
superbatch [36m592[0m [[35m0.0[0m% ([36m0[0m/[36m763[0m batches, [36m3596724[0m pos/sec)]
Estimated time to end of superbatch: [36minf[0ms     [Fsuperbatch [36m592[0m [[35m16.8[0m% ([36m128[0m/[36m763[0m batches, [36m3484236[0m pos/sec)]
Estimated time to end of superbatch: [36m24.1[0ms     [Fsuperbatch [36m592[0m [[35m33.6[0m% ([36m256[0m/[36m763[0m batches, [36m3518903[0m pos/sec)]
Estimated time to end of superbatch: [36m19.0[0ms     [Fsuperbatch [36m592[0m [[35m50.3[0m% ([36m384[0m/[36m763[0m batches, [36m3526260[0m pos/sec)]
Estimated time to end of superbatch: [36m14.1[0ms     [Fsuperbatch [36m592[0m [[35m67.1[0m% ([36m512[0m/[36m763[0m batches, [36m3532818[0m pos/sec)]
Estimated time to end of superbatch: [36m9.3[0ms     [Fsuperbatch [36m592[0m [[35m83.9[0m% ([36m640[0m/[36m763[0m batches, [36m3538877[0m pos/sec)]
Estimated time to end of superbatch: [36m4.6[0ms     [Fsuperbatch [36m592[0m | time [36m28.3[0ms | running loss [36m0.017437[0m | [36m3539117[0m pos/sec | total time [36m16633.7[0ms
Estimated time remaining in training: [36m1[0mh [36m9[0mm [36m18[0ms
LR dropped to [36m0.00019945[0m
superbatch [36m593[0m [[35m0.0[0m% ([36m0[0m/[36m763[0m batches, [36m3673488[0m pos/sec)]
Estimated time to end of superbatch: [36minf[0ms     [Fsuperbatch [36m593[0m [[35m16.8[0m% ([36m128[0m/[36m763[0m batches, [36m3505944[0m pos/sec)]
Estimated time to end of superbatch: [36m23.9[0ms     [Fsuperbatch [36m593[0m [[35m33.6[0m% ([36m256[0m/[36m763[0m batches, [36m3549215[0m pos/sec)]
Estimated time to end of superbatch: [36m18.8[0ms     [Fsuperbatch [36m593[0m [[35m50.3[0m% ([36m384[0m/[36m763[0m batches, [36m3560802[0m pos/sec)]
Estimated time to end of superbatch: [36m14.0[0ms     [Fsuperbatch [36m593[0m [[35m67.1[0m% ([36m512[0m/[36m763[0m batches, [36m3558645[0m pos/sec)]
Estimated time to end of superbatch: [36m9.3[0ms     [Fsuperbatch [36m593[0m [[35m83.9[0m% ([36m640[0m/[36m763[0m batches, [36m3553476[0m pos/sec)]
Estimated time to end of superbatch: [36m4.5[0ms     [Fsuperbatch [36m593[0m | time [36m28.1[0ms | running loss [36m0.017477[0m | [36m3556804[0m pos/sec | total time [36m16661.8[0ms
Estimated time remaining in training: [36m1[0mh [36m8[0mm [36m50[0ms
LR dropped to [36m0.0001981[0m
superbatch [36m594[0m [[35m0.0[0m% ([36m0[0m/[36m763[0m batches, [36m3529875[0m pos/sec)]
Estimated time to end of superbatch: [36minf[0ms     [Fsuperbatch [36m594[0m [[35m16.8[0m% ([36m128[0m/[36m763[0m batches, [36m3631241[0m pos/sec)]
Estimated time to end of superbatch: [36m23.1[0ms     [Fsuperbatch [36m594[0m [[35m33.6[0m% ([36m256[0m/[36m763[0m batches, [36m3591002[0m pos/sec)]
Estimated time to end of superbatch: [36m18.6[0ms     [Fsuperbatch [36m594[0m [[35m50.3[0m% ([36m384[0m/[36m763[0m batches, [36m3581348[0m pos/sec)]
Estimated time to end of superbatch: [36m13.9[0ms     [Fsuperbatch [36m594[0m [[35m67.1[0m% ([36m512[0m/[36m763[0m batches, [36m3566134[0m pos/sec)]
Estimated time to end of superbatch: [36m9.2[0ms     [Fsuperbatch [36m594[0m [[35m83.9[0m% ([36m640[0m/[36m763[0m batches, [36m3558104[0m pos/sec)]
Estimated time to end of superbatch: [36m4.5[0ms     [Fsuperbatch [36m594[0m | time [36m28.1[0ms | running loss [36m0.017501[0m | [36m3555304[0m pos/sec | total time [36m16689.9[0ms
Estimated time remaining in training: [36m1[0mh [36m8[0mm [36m22[0ms
LR dropped to [36m0.00019674998[0m
superbatch [36m595[0m [[35m0.0[0m% ([36m0[0m/[36m763[0m batches, [36m3688098[0m pos/sec)]
Estimated time to end of superbatch: [36minf[0ms     [Fsuperbatch [36m595[0m [[35m16.8[0m% ([36m128[0m/[36m763[0m batches, [36m3566955[0m pos/sec)]
Estimated time to end of superbatch: [36m23.5[0ms     [Fsuperbatch [36m595[0m [[35m33.6[0m% ([36m256[0m/[36m763[0m batches, [36m3600582[0m pos/sec)]
Estimated time to end of superbatch: [36m18.5[0ms     [Fsuperbatch [36m595[0m [[35m50.3[0m% ([36m384[0m/[36m763[0m batches, [36m3596334[0m pos/sec)]
Estimated time to end of superbatch: [36m13.8[0ms     [Fsuperbatch [36m595[0m [[35m67.1[0m% ([36m512[0m/[36m763[0m batches, [36m3586016[0m pos/sec)]
Estimated time to end of superbatch: [36m9.2[0ms     [Fsuperbatch [36m595[0m [[35m83.9[0m% ([36m640[0m/[36m763[0m batches, [36m3591231[0m pos/sec)]
Estimated time to end of superbatch: [36m4.5[0ms     [Fsuperbatch [36m595[0m | time [36m27.8[0ms | running loss [36m0.017501[0m | [36m3600190[0m pos/sec | total time [36m16717.7[0ms
Estimated time remaining in training: [36m1[0mh [36m7[0mm [36m54[0ms
LR dropped to [36m0.00019540003[0m
superbatch [36m596[0m [[35m0.0[0m% ([36m0[0m/[36m763[0m batches, [36m3474561[0m pos/sec)]
Estimated time to end of superbatch: [36minf[0ms     [Fsuperbatch [36m596[0m [[35m16.8[0m% ([36m128[0m/[36m763[0m batches, [36m3626403[0m pos/sec)]
Estimated time to end of superbatch: [36m23.1[0ms     [Fsuperbatch [36m596[0m [[35m33.6[0m% ([36m256[0m/[36m763[0m batches, [36m3588001[0m pos/sec)]
Estimated time to end of superbatch: [36m18.6[0ms     [Fsuperbatch [36m596[0m [[35m50.3[0m% ([36m384[0m/[36m763[0m batches, [36m3574594[0m pos/sec)]
Estimated time to end of superbatch: [36m13.9[0ms     [Fsuperbatch [36m596[0m [[35m67.1[0m% ([36m512[0m/[36m763[0m batches, [36m3569784[0m pos/sec)]
Estimated time to end of superbatch: [36m9.2[0ms     [Fsuperbatch [36m596[0m [[35m83.9[0m% ([36m640[0m/[36m763[0m batches, [36m3574638[0m pos/sec)]
Estimated time to end of superbatch: [36m4.5[0ms     [Fsuperbatch [36m596[0m | time [36m27.9[0ms | running loss [36m0.017461[0m | [36m3586958[0m pos/sec | total time [36m16745.6[0ms
Estimated time remaining in training: [36m1[0mh [36m7[0mm [36m25[0ms
LR dropped to [36m0.00019405002[0m
superbatch [36m597[0m [[35m0.0[0m% ([36m0[0m/[36m763[0m batches, [36m3263349[0m pos/sec)]
Estimated time to end of superbatch: [36minf[0ms     [Fsuperbatch [36m597[0m [[35m16.8[0m% ([36m128[0m/[36m763[0m batches, [36m3643150[0m pos/sec)]
Estimated time to end of superbatch: [36m23.0[0ms     [Fsuperbatch [36m597[0m [[35m33.6[0m% ([36m256[0m/[36m763[0m batches, [36m3593214[0m pos/sec)]
Estimated time to end of superbatch: [36m18.6[0ms     [Fsuperbatch [36m597[0m [[35m50.3[0m% ([36m384[0m/[36m763[0m batches, [36m3595374[0m pos/sec)]
Estimated time to end of superbatch: [36m13.9[0ms     [Fsuperbatch [36m597[0m [[35m67.1[0m% ([36m512[0m/[36m763[0m batches, [36m3579701[0m pos/sec)]
Estimated time to end of superbatch: [36m9.2[0ms     [Fsuperbatch [36m597[0m [[35m83.9[0m% ([36m640[0m/[36m763[0m batches, [36m3565962[0m pos/sec)]
Estimated time to end of superbatch: [36m4.5[0ms     [Fsuperbatch [36m597[0m | time [36m28.0[0ms | running loss [36m0.017519[0m | [36m3565686[0m pos/sec | total time [36m16773.6[0ms
Estimated time remaining in training: [36m1[0mh [36m6[0mm [36m57[0ms
LR dropped to [36m0.00019270001[0m
superbatch [36m598[0m [[35m0.0[0m% ([36m0[0m/[36m763[0m batches, [36m3250831[0m pos/sec)]
Estimated time to end of superbatch: [36minf[0ms     [Fsuperbatch [36m598[0m [[35m16.8[0m% ([36m128[0m/[36m763[0m batches, [36m3565260[0m pos/sec)]
Estimated time to end of superbatch: [36m23.5[0ms     [Fsuperbatch [36m598[0m [[35m33.6[0m% ([36m256[0m/[36m763[0m batches, [36m3541601[0m pos/sec)]
Estimated time to end of superbatch: [36m18.8[0ms     [Fsuperbatch [36m598[0m [[35m50.3[0m% ([36m384[0m/[36m763[0m batches, [36m3539502[0m pos/sec)]
Estimated time to end of superbatch: [36m14.1[0ms     [Fsuperbatch [36m598[0m [[35m67.1[0m% ([36m512[0m/[36m763[0m batches, [36m3550598[0m pos/sec)]
Estimated time to end of superbatch: [36m9.3[0ms     [Fsuperbatch [36m598[0m [[35m83.9[0m% ([36m640[0m/[36m763[0m batches, [36m3562948[0m pos/sec)]
Estimated time to end of superbatch: [36m4.5[0ms     [Fsuperbatch [36m598[0m | time [36m28.1[0ms | running loss [36m0.017499[0m | [36m3564684[0m pos/sec | total time [36m16801.7[0ms
Estimated time remaining in training: [36m1[0mh [36m6[0mm [36m29[0ms
LR dropped to [36m0.00019135[0m
superbatch [36m599[0m [[35m0.0[0m% ([36m0[0m/[36m763[0m batches, [36m3787030[0m pos/sec)]
Estimated time to end of superbatch: [36minf[0ms     [Fsuperbatch [36m599[0m [[35m16.8[0m% ([36m128[0m/[36m763[0m batches, [36m3573712[0m pos/sec)]
Estimated time to end of superbatch: [36m23.5[0ms     [Fsuperbatch [36m599[0m [[35m33.6[0m% ([36m256[0m/[36m763[0m batches, [36m3611347[0m pos/sec)]
Estimated time to end of superbatch: [36m18.5[0ms     [Fsuperbatch [36m599[0m [[35m50.3[0m% ([36m384[0m/[36m763[0m batches, [36m3612957[0m pos/sec)]
Estimated time to end of superbatch: [36m13.8[0ms     [Fsuperbatch [36m599[0m [[35m67.1[0m% ([36m512[0m/[36m763[0m batches, [36m3601094[0m pos/sec)]
Estimated time to end of superbatch: [36m9.2[0ms     [Fsuperbatch [36m599[0m [[35m83.9[0m% ([36m640[0m/[36m763[0m batches, [36m3590505[0m pos/sec)]
Estimated time to end of superbatch: [36m4.5[0ms     [Fsuperbatch [36m599[0m | time [36m27.8[0ms | running loss [36m0.017584[0m | [36m3593729[0m pos/sec | total time [36m16829.5[0ms
Estimated time remaining in training: [36m1[0mh [36m6[0mm [36m1[0ms
LR dropped to [36m0.00019000005[0m
superbatch [36m600[0m [[35m0.0[0m% ([36m0[0m/[36m763[0m batches, [36m3730867[0m pos/sec)]
Estimated time to end of superbatch: [36minf[0ms     [Fsuperbatch [36m600[0m [[35m16.8[0m% ([36m128[0m/[36m763[0m batches, [36m3580752[0m pos/sec)]
Estimated time to end of superbatch: [36m23.4[0ms     [Fsuperbatch [36m600[0m [[35m33.6[0m% ([36m256[0m/[36m763[0m batches, [36m3564775[0m pos/sec)]
Estimated time to end of superbatch: [36m18.7[0ms     [Fsuperbatch [36m600[0m [[35m50.3[0m% ([36m384[0m/[36m763[0m batches, [36m3554126[0m pos/sec)]
Estimated time to end of superbatch: [36m14.0[0ms     [Fsuperbatch [36m600[0m [[35m67.1[0m% ([36m512[0m/[36m763[0m batches, [36m3551405[0m pos/sec)]
Estimated time to end of superbatch: [36m9.3[0ms     [Fsuperbatch [36m600[0m [[35m83.9[0m% ([36m640[0m/[36m763[0m batches, [36m3548774[0m pos/sec)]
Estimated time to end of superbatch: [36m4.6[0ms     [Fsuperbatch [36m600[0m | time [36m28.2[0ms | running loss [36m0.017493[0m | [36m3542192[0m pos/sec | total time [36m16857.8[0ms
Estimated time remaining in training: [36m1[0mh [36m5[0mm [36m33[0ms
Saved [anna-v5-s1-600]
LR dropped to [36m0.00018865004[0m
superbatch [36m601[0m [[35m0.0[0m% ([36m0[0m/[36m763[0m batches, [36m3016643[0m pos/sec)]
Estimated time to end of superbatch: [36minf[0ms     [Fsuperbatch [36m601[0m [[35m16.8[0m% ([36m128[0m/[36m763[0m batches, [36m3480456[0m pos/sec)]
Estimated time to end of superbatch: [36m24.1[0ms     [Fsuperbatch [36m601[0m [[35m33.6[0m% ([36m256[0m/[36m763[0m batches, [36m3528670[0m pos/sec)]
Estimated time to end of superbatch: [36m18.9[0ms     [Fsuperbatch [36m601[0m [[35m50.3[0m% ([36m384[0m/[36m763[0m batches, [36m3555626[0m pos/sec)]
Estimated time to end of superbatch: [36m14.0[0ms     [Fsuperbatch [36m601[0m [[35m67.1[0m% ([36m512[0m/[36m763[0m batches, [36m3526247[0m pos/sec)]
Estimated time to end of superbatch: [36m9.3[0ms     [Fsuperbatch [36m601[0m [[35m83.9[0m% ([36m640[0m/[36m763[0m batches, [36m3522207[0m pos/sec)]
Estimated time to end of superbatch: [36m4.6[0ms     [Fsuperbatch [36m601[0m | time [36m28.4[0ms | running loss [36m0.017578[0m | [36m3518919[0m pos/sec | total time [36m16889.3[0ms
Estimated time remaining in training: [36m1[0mh [36m5[0mm [36m6[0ms
LR dropped to [36m0.00018730003[0m
superbatch [36m602[0m [[35m0.0[0m% ([36m0[0m/[36m763[0m batches, [36m3655916[0m pos/sec)]
Estimated time to end of superbatch: [36minf[0ms     [Fsuperbatch [36m602[0m [[35m16.8[0m% ([36m128[0m/[36m763[0m batches, [36m3602923[0m pos/sec)]
Estimated time to end of superbatch: [36m23.3[0ms     [Fsuperbatch [36m602[0m [[35m33.6[0m% ([36m256[0m/[36m763[0m batches, [36m3557755[0m pos/sec)]
Estimated time to end of superbatch: [36m18.8[0ms     [Fsuperbatch [36m602[0m [[35m50.3[0m% ([36m384[0m/[36m763[0m batches, [36m3558703[0m pos/sec)]
Estimated time to end of superbatch: [36m14.0[0ms     [Fsuperbatch [36m602[0m [[35m67.1[0m% ([36m512[0m/[36m763[0m batches, [36m3556777[0m pos/sec)]
Estimated time to end of superbatch: [36m9.3[0ms     [Fsuperbatch [36m602[0m [[35m83.9[0m% ([36m640[0m/[36m763[0m batches, [36m3573552[0m pos/sec)]
Estimated time to end of superbatch: [36m4.5[0ms     [Fsuperbatch [36m602[0m | time [36m27.9[0ms | running loss [36m0.017581[0m | [36m3581757[0m pos/sec | total time [36m16917.2[0ms
Estimated time remaining in training: [36m1[0mh [36m4[0mm [36m38[0ms
LR dropped to [36m0.00018595002[0m
superbatch [36m603[0m [[35m0.0[0m% ([36m0[0m/[36m763[0m batches, [36m3385126[0m pos/sec)]
Estimated time to end of superbatch: [36minf[0ms     [Fsuperbatch [36m603[0m [[35m16.8[0m% ([36m128[0m/[36m763[0m batches, [36m3572304[0m pos/sec)]
Estimated time to end of superbatch: [36m23.5[0ms     [Fsuperbatch [36m603[0m [[35m33.6[0m% ([36m256[0m/[36m763[0m batches, [36m3560244[0m pos/sec)]
Estimated time to end of superbatch: [36m18.7[0ms     [Fsuperbatch [36m603[0m [[35m50.3[0m% ([36m384[0m/[36m763[0m batches, [36m3585738[0m pos/sec)]
Estimated time to end of superbatch: [36m13.9[0ms     [Fsuperbatch [36m603[0m [[35m67.1[0m% ([36m512[0m/[36m763[0m batches, [36m3593763[0m pos/sec)]
Estimated time to end of superbatch: [36m9.2[0ms     [Fsuperbatch [36m603[0m [[35m83.9[0m% ([36m640[0m/[36m763[0m batches, [36m3588488[0m pos/sec)]
Estimated time to end of superbatch: [36m4.5[0ms     [Fsuperbatch [36m603[0m | time [36m27.9[0ms | running loss [36m0.017713[0m | [36m3585640[0m pos/sec | total time [36m16945.1[0ms
Estimated time remaining in training: [36m1[0mh [36m4[0mm [36m9[0ms
LR dropped to [36m0.00018460001[0m
superbatch [36m604[0m [[35m0.0[0m% ([36m0[0m/[36m763[0m batches, [36m3169718[0m pos/sec)]
Estimated time to end of superbatch: [36minf[0ms     [Fsuperbatch [36m604[0m [[35m16.8[0m% ([36m128[0m/[36m763[0m batches, [36m3605023[0m pos/sec)]
Estimated time to end of superbatch: [36m23.3[0ms     [Fsuperbatch [36m604[0m [[35m33.6[0m% ([36m256[0m/[36m763[0m batches, [36m3577351[0m pos/sec)]
Estimated time to end of superbatch: [36m18.6[0ms     [Fsuperbatch [36m604[0m [[35m50.3[0m% ([36m384[0m/[36m763[0m batches, [36m3559540[0m pos/sec)]
Estimated time to end of superbatch: [36m14.0[0ms     [Fsuperbatch [36m604[0m [[35m67.1[0m% ([36m512[0m/[36m763[0m batches, [36m3560033[0m pos/sec)]
Estimated time to end of superbatch: [36m9.3[0ms     [Fsuperbatch [36m604[0m [[35m83.9[0m% ([36m640[0m/[36m763[0m batches, [36m3564628[0m pos/sec)]
Estimated time to end of superbatch: [36m4.5[0ms     [Fsuperbatch [36m604[0m | time [36m28.1[0ms | running loss [36m0.017605[0m | [36m3562680[0m pos/sec | total time [36m16973.2[0ms
Estimated time remaining in training: [36m1[0mh [36m3[0mm [36m41[0ms
LR dropped to [36m0.00018325[0m
superbatch [36m605[0m [[35m0.0[0m% ([36m0[0m/[36m763[0m batches, [36m3404236[0m pos/sec)]
Estimated time to end of superbatch: [36minf[0ms     [Fsuperbatch [36m605[0m [[35m16.8[0m% ([36m128[0m/[36m763[0m batches, [36m3554113[0m pos/sec)]
Estimated time to end of superbatch: [36m23.6[0ms     [Fsuperbatch [36m605[0m [[35m33.6[0m% ([36m256[0m/[36m763[0m batches, [36m3569973[0m pos/sec)]
Estimated time to end of superbatch: [36m18.7[0ms     [Fsuperbatch [36m605[0m [[35m50.3[0m% ([36m384[0m/[36m763[0m batches, [36m3576374[0m pos/sec)]
Estimated time to end of superbatch: [36m13.9[0ms     [Fsuperbatch [36m605[0m [[35m67.1[0m% ([36m512[0m/[36m763[0m batches, [36m3590244[0m pos/sec)]
Estimated time to end of superbatch: [36m9.2[0ms     [Fsuperbatch [36m605[0m [[35m83.9[0m% ([36m640[0m/[36m763[0m batches, [36m3578466[0m pos/sec)]
Estimated time to end of superbatch: [36m4.5[0ms     [Fsuperbatch [36m605[0m | time [36m28.0[0ms | running loss [36m0.017739[0m | [36m3575366[0m pos/sec | total time [36m17001.1[0ms
Estimated time remaining in training: [36m1[0mh [36m3[0mm [36m13[0ms
LR dropped to [36m0.00018189999[0m
superbatch [36m606[0m [[35m0.0[0m% ([36m0[0m/[36m763[0m batches, [36m3516184[0m pos/sec)]
Estimated time to end of superbatch: [36minf[0ms     [Fsuperbatch [36m606[0m [[35m16.8[0m% ([36m128[0m/[36m763[0m batches, [36m3602813[0m pos/sec)]
Estimated time to end of superbatch: [36m23.3[0ms     [Fsuperbatch [36m606[0m [[35m33.6[0m% ([36m256[0m/[36m763[0m batches, [36m3620394[0m pos/sec)]
Estimated time to end of superbatch: [36m18.4[0ms     [Fsuperbatch [36m606[0m [[35m50.3[0m% ([36m384[0m/[36m763[0m batches, [36m3587982[0m pos/sec)]
Estimated time to end of superbatch: [36m13.9[0ms     [Fsuperbatch [36m606[0m [[35m67.1[0m% ([36m512[0m/[36m763[0m batches, [36m3577403[0m pos/sec)]
Estimated time to end of superbatch: [36m9.2[0ms     [Fsuperbatch [36m606[0m [[35m83.9[0m% ([36m640[0m/[36m763[0m batches, [36m3567352[0m pos/sec)]
Estimated time to end of superbatch: [36m4.5[0ms     [Fsuperbatch [36m606[0m | time [36m28.1[0ms | running loss [36m0.017611[0m | [36m3563707[0m pos/sec | total time [36m17029.2[0ms
Estimated time remaining in training: [36m1[0mh [36m2[0mm [36m45[0ms
LR dropped to [36m0.00018054998[0m
superbatch [36m607[0m [[35m0.0[0m% ([36m0[0m/[36m763[0m batches, [36m3328534[0m pos/sec)]
Estimated time to end of superbatch: [36minf[0ms     [Fsuperbatch [36m607[0m [[35m16.8[0m% ([36m128[0m/[36m763[0m batches, [36m3567085[0m pos/sec)]
Estimated time to end of superbatch: [36m23.5[0ms     [Fsuperbatch [36m607[0m [[35m33.6[0m% ([36m256[0m/[36m763[0m batches, [36m3558767[0m pos/sec)]
Estimated time to end of superbatch: [36m18.7[0ms     [Fsuperbatch [36m607[0m [[35m50.3[0m% ([36m384[0m/[36m763[0m batches, [36m3570178[0m pos/sec)]
Estimated time to end of superbatch: [36m14.0[0ms     [Fsuperbatch [36m607[0m [[35m67.1[0m% ([36m512[0m/[36m763[0m batches, [36m3576574[0m pos/sec)]
Estimated time to end of superbatch: [36m9.2[0ms     [Fsuperbatch [36m607[0m [[35m83.9[0m% ([36m640[0m/[36m763[0m batches, [36m3571590[0m pos/sec)]
Estimated time to end of superbatch: [36m4.5[0ms     [Fsuperbatch [36m607[0m | time [36m28.0[0ms | running loss [36m0.017784[0m | [36m3568990[0m pos/sec | total time [36m17057.2[0ms
Estimated time remaining in training: [36m1[0mh [36m2[0mm [36m17[0ms
LR dropped to [36m0.00017920003[0m
superbatch [36m608[0m [[35m0.0[0m% ([36m0[0m/[36m763[0m batches, [36m3396632[0m pos/sec)]
Estimated time to end of superbatch: [36minf[0ms     [Fsuperbatch [36m608[0m [[35m16.8[0m% ([36m128[0m/[36m763[0m batches, [36m3618243[0m pos/sec)]
Estimated time to end of superbatch: [36m23.2[0ms     [Fsuperbatch [36m608[0m [[35m33.6[0m% ([36m256[0m/[36m763[0m batches, [36m3609224[0m pos/sec)]
Estimated time to end of superbatch: [36m18.5[0ms     [Fsuperbatch [36m608[0m [[35m50.3[0m% ([36m384[0m/[36m763[0m batches, [36m3584601[0m pos/sec)]
Estimated time to end of superbatch: [36m13.9[0ms     [Fsuperbatch [36m608[0m [[35m67.1[0m% ([36m512[0m/[36m763[0m batches, [36m3581874[0m pos/sec)]
Estimated time to end of superbatch: [36m9.2[0ms     [Fsuperbatch [36m608[0m [[35m83.9[0m% ([36m640[0m/[36m763[0m batches, [36m3589389[0m pos/sec)]
Estimated time to end of superbatch: [36m4.5[0ms     [Fsuperbatch [36m608[0m | time [36m27.9[0ms | running loss [36m0.017639[0m | [36m3590513[0m pos/sec | total time [36m17085.1[0ms
Estimated time remaining in training: [36m1[0mh [36m1[0mm [36m49[0ms
LR dropped to [36m0.00017785002[0m
superbatch [36m609[0m [[35m0.0[0m% ([36m0[0m/[36m763[0m batches, [36m3251488[0m pos/sec)]
Estimated time to end of superbatch: [36minf[0ms     [Fsuperbatch [36m609[0m [[35m16.8[0m% ([36m128[0m/[36m763[0m batches, [36m3516032[0m pos/sec)]
Estimated time to end of superbatch: [36m23.9[0ms     [Fsuperbatch [36m609[0m [[35m33.6[0m% ([36m256[0m/[36m763[0m batches, [36m3531318[0m pos/sec)]
Estimated time to end of superbatch: [36m18.9[0ms     [Fsuperbatch [36m609[0m [[35m50.3[0m% ([36m384[0m/[36m763[0m batches, [36m3542327[0m pos/sec)]
Estimated time to end of superbatch: [36m14.1[0ms     [Fsuperbatch [36m609[0m [[35m67.1[0m% ([36m512[0m/[36m763[0m batches, [36m3553452[0m pos/sec)]
Estimated time to end of superbatch: [36m9.3[0ms     [Fsuperbatch [36m609[0m [[35m83.9[0m% ([36m640[0m/[36m763[0m batches, [36m3553872[0m pos/sec)]
Estimated time to end of superbatch: [36m4.5[0ms     [Fsuperbatch [36m609[0m | time [36m28.0[0ms | running loss [36m0.017798[0m | [36m3568164[0m pos/sec | total time [36m17113.1[0ms
Estimated time remaining in training: [36m1[0mh [36m1[0mm [36m21[0ms
LR dropped to [36m0.0001765[0m
superbatch [36m610[0m [[35m0.0[0m% ([36m0[0m/[36m763[0m batches, [36m3862268[0m pos/sec)]
Estimated time to end of superbatch: [36minf[0ms     [Fsuperbatch [36m610[0m [[35m16.8[0m% ([36m128[0m/[36m763[0m batches, [36m3565936[0m pos/sec)]
Estimated time to end of superbatch: [36m23.5[0ms     [Fsuperbatch [36m610[0m [[35m33.6[0m% ([36m256[0m/[36m763[0m batches, [36m3416876[0m pos/sec)]
Estimated time to end of superbatch: [36m19.5[0ms     [Fsuperbatch [36m610[0m [[35m50.3[0m% ([36m384[0m/[36m763[0m batches, [36m3466315[0m pos/sec)]
Estimated time to end of superbatch: [36m14.4[0ms     [Fsuperbatch [36m610[0m [[35m67.1[0m% ([36m512[0m/[36m763[0m batches, [36m3492894[0m pos/sec)]
Estimated time to end of superbatch: [36m9.4[0ms     [Fsuperbatch [36m610[0m [[35m83.9[0m% ([36m640[0m/[36m763[0m batches, [36m3513145[0m pos/sec)]
Estimated time to end of superbatch: [36m4.6[0ms     [Fsuperbatch [36m610[0m | time [36m28.5[0ms | running loss [36m0.017640[0m | [36m3512092[0m pos/sec | total time [36m17141.6[0ms
Estimated time remaining in training: [36m1[0mh [36m0[0mm [36m53[0ms
Saved [anna-v5-s1-610]
LR dropped to [36m0.00017515[0m
superbatch [36m611[0m [[35m0.0[0m% ([36m0[0m/[36m763[0m batches, [36m3324417[0m pos/sec)]
Estimated time to end of superbatch: [36minf[0ms     [Fsuperbatch [36m611[0m [[35m16.8[0m% ([36m128[0m/[36m763[0m batches, [36m3513798[0m pos/sec)]
Estimated time to end of superbatch: [36m23.9[0ms     [Fsuperbatch [36m611[0m [[35m33.6[0m% ([36m256[0m/[36m763[0m batches, [36m3509010[0m pos/sec)]
Estimated time to end of superbatch: [36m19.0[0ms     [Fsuperbatch [36m611[0m [[35m50.3[0m% ([36m384[0m/[36m763[0m batches, [36m3545251[0m pos/sec)]
Estimated time to end of superbatch: [36m14.0[0ms     [Fsuperbatch [36m611[0m [[35m67.1[0m% ([36m512[0m/[36m763[0m batches, [36m3559095[0m pos/sec)]
Estimated time to end of superbatch: [36m9.3[0ms     [Fsuperbatch [36m611[0m [[35m83.9[0m% ([36m640[0m/[36m763[0m batches, [36m3545673[0m pos/sec)]
Estimated time to end of superbatch: [36m4.6[0ms     [Fsuperbatch [36m611[0m | time [36m28.1[0ms | running loss [36m0.017825[0m | [36m3556059[0m pos/sec | total time [36m17172.8[0ms
Estimated time remaining in training: [36m1[0mh [36m0[0mm [36m25[0ms
LR dropped to [36m0.00017380004[0m
superbatch [36m612[0m [[35m0.0[0m% ([36m0[0m/[36m763[0m batches, [36m3711166[0m pos/sec)]
Estimated time to end of superbatch: [36minf[0ms     [Fsuperbatch [36m612[0m [[35m16.8[0m% ([36m128[0m/[36m763[0m batches, [36m3643849[0m pos/sec)]
Estimated time to end of superbatch: [36m23.0[0ms     [Fsuperbatch [36m612[0m [[35m33.6[0m% ([36m256[0m/[36m763[0m batches, [36m3602068[0m pos/sec)]
Estimated time to end of superbatch: [36m18.5[0ms     [Fsuperbatch [36m612[0m [[35m50.3[0m% ([36m384[0m/[36m763[0m batches, [36m3598183[0m pos/sec)]
Estimated time to end of superbatch: [36m13.8[0ms     [Fsuperbatch [36m612[0m [[35m67.1[0m% ([36m512[0m/[36m763[0m batches, [36m3592168[0m pos/sec)]
Estimated time to end of superbatch: [36m9.2[0ms     [Fsuperbatch [36m612[0m [[35m83.9[0m% ([36m640[0m/[36m763[0m batches, [36m3589055[0m pos/sec)]
Estimated time to end of superbatch: [36m4.5[0ms     [Fsuperbatch [36m612[0m | time [36m27.9[0ms | running loss [36m0.017656[0m | [36m3582127[0m pos/sec | total time [36m17200.7[0ms
Estimated time remaining in training: [36m0[0mh [36m59[0mm [36m57[0ms
LR dropped to [36m0.00017245003[0m
superbatch [36m613[0m [[35m0.0[0m% ([36m0[0m/[36m763[0m batches, [36m3450652[0m pos/sec)]
Estimated time to end of superbatch: [36minf[0ms     [Fsuperbatch [36m613[0m [[35m16.8[0m% ([36m128[0m/[36m763[0m batches, [36m3548532[0m pos/sec)]
Estimated time to end of superbatch: [36m23.6[0ms     [Fsuperbatch [36m613[0m [[35m33.6[0m% ([36m256[0m/[36m763[0m batches, [36m3564762[0m pos/sec)]
Estimated time to end of superbatch: [36m18.7[0ms     [Fsuperbatch [36m613[0m [[35m50.3[0m% ([36m384[0m/[36m763[0m batches, [36m3574899[0m pos/sec)]
Estimated time to end of superbatch: [36m13.9[0ms     [Fsuperbatch [36m613[0m [[35m67.1[0m% ([36m512[0m/[36m763[0m batches, [36m3583823[0m pos/sec)]
Estimated time to end of superbatch: [36m9.2[0ms     [Fsuperbatch [36m613[0m [[35m83.9[0m% ([36m640[0m/[36m763[0m batches, [36m3570834[0m pos/sec)]
Estimated time to end of superbatch: [36m4.5[0ms     [Fsuperbatch [36m613[0m | time [36m27.9[0ms | running loss [36m0.017856[0m | [36m3579314[0m pos/sec | total time [36m17228.6[0ms
Estimated time remaining in training: [36m0[0mh [36m59[0mm [36m29[0ms
LR dropped to [36m0.00017110002[0m
superbatch [36m614[0m [[35m0.0[0m% ([36m0[0m/[36m763[0m batches, [36m3381388[0m pos/sec)]
Estimated time to end of superbatch: [36minf[0ms     [Fsuperbatch [36m614[0m [[35m16.8[0m% ([36m128[0m/[36m763[0m batches, [36m3601348[0m pos/sec)]
Estimated time to end of superbatch: [36m23.3[0ms     [Fsuperbatch [36m614[0m [[35m33.6[0m% ([36m256[0m/[36m763[0m batches, [36m3574081[0m pos/sec)]
Estimated time to end of superbatch: [36m18.7[0ms     [Fsuperbatch [36m614[0m [[35m50.3[0m% ([36m384[0m/[36m763[0m batches, [36m3568453[0m pos/sec)]
Estimated time to end of superbatch: [36m14.0[0ms     [Fsuperbatch [36m614[0m [[35m67.1[0m% ([36m512[0m/[36m763[0m batches, [36m3578881[0m pos/sec)]
Estimated time to end of superbatch: [36m9.2[0ms     [Fsuperbatch [36m614[0m [[35m83.9[0m% ([36m640[0m/[36m763[0m batches, [36m3596078[0m pos/sec)]
Estimated time to end of superbatch: [36m4.5[0ms     [Fsuperbatch [36m614[0m | time [36m27.8[0ms | running loss [36m0.017670[0m | [36m3592248[0m pos/sec | total time [36m17256.5[0ms
Estimated time remaining in training: [36m0[0mh [36m59[0mm [36m1[0ms
LR dropped to [36m0.00016975001[0m
superbatch [36m615[0m [[35m0.0[0m% ([36m0[0m/[36m763[0m batches, [36m3480416[0m pos/sec)]
Estimated time to end of superbatch: [36minf[0ms     [Fsuperbatch [36m615[0m [[35m16.8[0m% ([36m128[0m/[36m763[0m batches, [36m3574176[0m pos/sec)]
Estimated time to end of superbatch: [36m23.5[0ms     [Fsuperbatch [36m615[0m [[35m33.6[0m% ([36m256[0m/[36m763[0m batches, [36m3599630[0m pos/sec)]
Estimated time to end of superbatch: [36m18.5[0ms     [Fsuperbatch [36m615[0m [[35m50.3[0m% ([36m384[0m/[36m763[0m batches, [36m3642514[0m pos/sec)]
Estimated time to end of superbatch: [36m13.7[0ms     [Fsuperbatch [36m615[0m [[35m67.1[0m% ([36m512[0m/[36m763[0m batches, [36m3646106[0m pos/sec)]
Estimated time to end of superbatch: [36m9.0[0ms     [Fsuperbatch [36m615[0m [[35m83.9[0m% ([36m640[0m/[36m763[0m batches, [36m3627424[0m pos/sec)]
Estimated time to end of superbatch: [36m4.5[0ms     [Fsuperbatch [36m615[0m | time [36m27.6[0ms | running loss [36m0.017911[0m | [36m3618520[0m pos/sec | total time [36m17284.1[0ms
Estimated time remaining in training: [36m0[0mh [36m58[0mm [36m33[0ms
LR dropped to [36m0.0001684[0m
superbatch [36m616[0m [[35m0.0[0m% ([36m0[0m/[36m763[0m batches, [36m3631683[0m pos/sec)]
Estimated time to end of superbatch: [36minf[0ms     [Fsuperbatch [36m616[0m [[35m16.8[0m% ([36m128[0m/[36m763[0m batches, [36m3607434[0m pos/sec)]
Estimated time to end of superbatch: [36m23.3[0ms     [Fsuperbatch [36m616[0m [[35m33.6[0m% ([36m256[0m/[36m763[0m batches, [36m3625645[0m pos/sec)]
Estimated time to end of superbatch: [36m18.4[0ms     [Fsuperbatch [36m616[0m [[35m50.3[0m% ([36m384[0m/[36m763[0m batches, [36m3573535[0m pos/sec)]
Estimated time to end of superbatch: [36m13.9[0ms     [Fsuperbatch [36m616[0m [[35m67.1[0m% ([36m512[0m/[36m763[0m batches, [36m3580965[0m pos/sec)]
Estimated time to end of superbatch: [36m9.2[0ms     [Fsuperbatch [36m616[0m [[35m83.9[0m% ([36m640[0m/[36m763[0m batches, [36m3584703[0m pos/sec)]
Estimated time to end of superbatch: [36m4.5[0ms     [Fsuperbatch [36m616[0m | time [36m28.0[0ms | running loss [36m0.017697[0m | [36m3576898[0m pos/sec | total time [36m17312.1[0ms
Estimated time remaining in training: [36m0[0mh [36m58[0mm [36m4[0ms
LR dropped to [36m0.00016704999[0m
superbatch [36m617[0m [[35m0.0[0m% ([36m0[0m/[36m763[0m batches, [36m3614783[0m pos/sec)]
Estimated time to end of superbatch: [36minf[0ms     [Fsuperbatch [36m617[0m [[35m16.8[0m% ([36m128[0m/[36m763[0m batches, [36m3579065[0m pos/sec)]
Estimated time to end of superbatch: [36m23.4[0ms     [Fsuperbatch [36m617[0m [[35m33.6[0m% ([36m256[0m/[36m763[0m batches, [36m3590158[0m pos/sec)]
Estimated time to end of superbatch: [36m18.6[0ms     [Fsuperbatch [36m617[0m [[35m50.3[0m% ([36m384[0m/[36m763[0m batches, [36m3583990[0m pos/sec)]
Estimated time to end of superbatch: [36m13.9[0ms     [Fsuperbatch [36m617[0m [[35m67.1[0m% ([36m512[0m/[36m763[0m batches, [36m3580362[0m pos/sec)]
Estimated time to end of superbatch: [36m9.2[0ms     [Fsuperbatch [36m617[0m [[35m83.9[0m% ([36m640[0m/[36m763[0m batches, [36m3586279[0m pos/sec)]
Estimated time to end of superbatch: [36m4.5[0ms     [Fsuperbatch [36m617[0m | time [36m27.8[0ms | running loss [36m0.017957[0m | [36m3594768[0m pos/sec | total time [36m17339.9[0ms
Estimated time remaining in training: [36m0[0mh [36m57[0mm [36m36[0ms
LR dropped to [36m0.00016569998[0m
superbatch [36m618[0m [[35m0.0[0m% ([36m0[0m/[36m763[0m batches, [36m3947667[0m pos/sec)]
Estimated time to end of superbatch: [36minf[0ms     [Fsuperbatch [36m618[0m [[35m16.8[0m% ([36m128[0m/[36m763[0m batches, [36m3695669[0m pos/sec)]
Estimated time to end of superbatch: [36m22.7[0ms     [Fsuperbatch [36m618[0m [[35m33.6[0m% ([36m256[0m/[36m763[0m batches, [36m3693196[0m pos/sec)]
Estimated time to end of superbatch: [36m18.1[0ms     [Fsuperbatch [36m618[0m [[35m50.3[0m% ([36m384[0m/[36m763[0m batches, [36m3698415[0m pos/sec)]
Estimated time to end of superbatch: [36m13.5[0ms     [Fsuperbatch [36m618[0m [[35m67.1[0m% ([36m512[0m/[36m763[0m batches, [36m3697274[0m pos/sec)]
Estimated time to end of superbatch: [36m8.9[0ms     [Fsuperbatch [36m618[0m [[35m83.9[0m% ([36m640[0m/[36m763[0m batches, [36m3690013[0m pos/sec)]
Estimated time to end of superbatch: [36m4.4[0ms     [Fsuperbatch [36m618[0m | time [36m27.1[0ms | running loss [36m0.017762[0m | [36m3689165[0m pos/sec | total time [36m17367.0[0ms
Estimated time remaining in training: [36m0[0mh [36m57[0mm [36m8[0ms
LR dropped to [36m0.00016435003[0m
superbatch [36m619[0m [[35m0.0[0m% ([36m0[0m/[36m763[0m batches, [36m3275987[0m pos/sec)]
Estimated time to end of superbatch: [36minf[0ms     [Fsuperbatch [36m619[0m [[35m16.8[0m% ([36m128[0m/[36m763[0m batches, [36m3640299[0m pos/sec)]
Estimated time to end of superbatch: [36m23.0[0ms     [Fsuperbatch [36m619[0m [[35m33.6[0m% ([36m256[0m/[36m763[0m batches, [36m3658162[0m pos/sec)]
Estimated time to end of superbatch: [36m18.2[0ms     [Fsuperbatch [36m619[0m [[35m50.3[0m% ([36m384[0m/[36m763[0m batches, [36m3662704[0m pos/sec)]
Estimated time to end of superbatch: [36m13.6[0ms     [Fsuperbatch [36m619[0m [[35m67.1[0m% ([36m512[0m/[36m763[0m batches, [36m3675591[0m pos/sec)]
Estimated time to end of superbatch: [36m9.0[0ms     [Fsuperbatch [36m619[0m [[35m83.9[0m% ([36m640[0m/[36m763[0m batches, [36m3672448[0m pos/sec)]
Estimated time to end of superbatch: [36m4.4[0ms     [Fsuperbatch [36m619[0m | time [36m27.4[0ms | running loss [36m0.017971[0m | [36m3655979[0m pos/sec | total time [36m17394.3[0ms
Estimated time remaining in training: [36m0[0mh [36m56[0mm [36m40[0ms
LR dropped to [36m0.00016300002[0m
superbatch [36m620[0m [[35m0.0[0m% ([36m0[0m/[36m763[0m batches, [36m3808134[0m pos/sec)]
Estimated time to end of superbatch: [36minf[0ms     [Fsuperbatch [36m620[0m [[35m16.8[0m% ([36m128[0m/[36m763[0m batches, [36m3681586[0m pos/sec)]
Estimated time to end of superbatch: [36m22.8[0ms     [Fsuperbatch [36m620[0m [[35m33.6[0m% ([36m256[0m/[36m763[0m batches, [36m3726575[0m pos/sec)]
Estimated time to end of superbatch: [36m17.9[0ms     [Fsuperbatch [36m620[0m [[35m50.3[0m% ([36m384[0m/[36m763[0m batches, [36m3720366[0m pos/sec)]
Estimated time to end of superbatch: [36m13.4[0ms     [Fsuperbatch [36m620[0m [[35m67.1[0m% ([36m512[0m/[36m763[0m batches, [36m3710196[0m pos/sec)]
Estimated time to end of superbatch: [36m8.9[0ms     [Fsuperbatch [36m620[0m [[35m83.9[0m% ([36m640[0m/[36m763[0m batches, [36m3697092[0m pos/sec)]
Estimated time to end of superbatch: [36m4.4[0ms     [Fsuperbatch [36m620[0m | time [36m27.1[0ms | running loss [36m0.017925[0m | [36m3691594[0m pos/sec | total time [36m17421.4[0ms
Estimated time remaining in training: [36m0[0mh [36m56[0mm [36m11[0ms
Saved [anna-v5-s1-620]
LR dropped to [36m0.00016165001[0m
superbatch [36m621[0m [[35m0.0[0m% ([36m0[0m/[36m763[0m batches, [36m4143584[0m pos/sec)]
Estimated time to end of superbatch: [36minf[0ms     [Fsuperbatch [36m621[0m [[35m16.8[0m% ([36m128[0m/[36m763[0m batches, [36m3609431[0m pos/sec)]
Estimated time to end of superbatch: [36m23.2[0ms     [Fsuperbatch [36m621[0m [[35m33.6[0m% ([36m256[0m/[36m763[0m batches, [36m3634710[0m pos/sec)]
Estimated time to end of superbatch: [36m18.4[0ms     [Fsuperbatch [36m621[0m [[35m50.3[0m% ([36m384[0m/[36m763[0m batches, [36m3680235[0m pos/sec)]
Estimated time to end of superbatch: [36m13.5[0ms     [Fsuperbatch [36m621[0m [[35m67.1[0m% ([36m512[0m/[36m763[0m batches, [36m3702051[0m pos/sec)]
Estimated time to end of superbatch: [36m8.9[0ms     [Fsuperbatch [36m621[0m [[35m83.9[0m% ([36m640[0m/[36m763[0m batches, [36m3682728[0m pos/sec)]
Estimated time to end of superbatch: [36m4.4[0ms     [Fsuperbatch [36m621[0m | time [36m27.3[0ms | running loss [36m0.018141[0m | [36m3669328[0m pos/sec | total time [36m17451.8[0ms
Estimated time remaining in training: [36m0[0mh [36m55[0mm [36m44[0ms
LR dropped to [36m0.0001603[0m
superbatch [36m622[0m [[35m0.0[0m% ([36m0[0m/[36m763[0m batches, [36m3445283[0m pos/sec)]
Estimated time to end of superbatch: [36minf[0ms     [Fsuperbatch [36m622[0m [[35m16.8[0m% ([36m128[0m/[36m763[0m batches, [36m3573552[0m pos/sec)]
Estimated time to end of superbatch: [36m23.5[0ms     [Fsuperbatch [36m622[0m [[35m33.6[0m% ([36m256[0m/[36m763[0m batches, [36m3613872[0m pos/sec)]
Estimated time to end of superbatch: [36m18.5[0ms     [Fsuperbatch [36m622[0m [[35m50.3[0m% ([36m384[0m/[36m763[0m batches, [36m3636117[0m pos/sec)]
Estimated time to end of superbatch: [36m13.7[0ms     [Fsuperbatch [36m622[0m [[35m67.1[0m% ([36m512[0m/[36m763[0m batches, [36m3650791[0m pos/sec)]
Estimated time to end of superbatch: [36m9.0[0ms     [Fsuperbatch [36m622[0m [[35m83.9[0m% ([36m640[0m/[36m763[0m batches, [36m3665653[0m pos/sec)]
Estimated time to end of superbatch: [36m4.4[0ms     [Fsuperbatch [36m622[0m | time [36m27.2[0ms | running loss [36m0.018004[0m | [36m3676178[0m pos/sec | total time [36m17479.0[0ms
Estimated time remaining in training: [36m0[0mh [36m55[0mm [36m15[0ms
LR dropped to [36m0.00015895005[0m
superbatch [36m623[0m [[35m0.0[0m% ([36m0[0m/[36m763[0m batches, [36m3213828[0m pos/sec)]
Estimated time to end of superbatch: [36minf[0ms     [Fsuperbatch [36m623[0m [[35m16.8[0m% ([36m128[0m/[36m763[0m batches, [36m3707875[0m pos/sec)]
Estimated time to end of superbatch: [36m22.6[0ms     [Fsuperbatch [36m623[0m [[35m33.6[0m% ([36m256[0m/[36m763[0m batches, [36m3702181[0m pos/sec)]
Estimated time to end of superbatch: [36m18.0[0ms     [Fsuperbatch [36m623[0m [[35m50.3[0m% ([36m384[0m/[36m763[0m batches, [36m3672311[0m pos/sec)]
Estimated time to end of superbatch: [36m13.6[0ms     [Fsuperbatch [36m623[0m [[35m67.1[0m% ([36m512[0m/[36m763[0m batches, [36m3656888[0m pos/sec)]
Estimated time to end of superbatch: [36m9.0[0ms     [Fsuperbatch [36m623[0m [[35m83.9[0m% ([36m640[0m/[36m763[0m batches, [36m3634172[0m pos/sec)]
Estimated time to end of superbatch: [36m4.4[0ms     [Fsuperbatch [36m623[0m | time [36m27.6[0ms | running loss [36m0.018155[0m | [36m3618020[0m pos/sec | total time [36m17506.6[0ms
Estimated time remaining in training: [36m0[0mh [36m54[0mm [36m47[0ms
LR dropped to [36m0.00015760004[0m
superbatch [36m624[0m [[35m0.0[0m% ([36m0[0m/[36m763[0m batches, [36m3574035[0m pos/sec)]
Estimated time to end of superbatch: [36minf[0ms     [Fsuperbatch [36m624[0m [[35m16.8[0m% ([36m128[0m/[36m763[0m batches, [36m3583311[0m pos/sec)]
Estimated time to end of superbatch: [36m23.4[0ms     [Fsuperbatch [36m624[0m [[35m33.6[0m% ([36m256[0m/[36m763[0m batches, [36m3610764[0m pos/sec)]
Estimated time to end of superbatch: [36m18.5[0ms     [Fsuperbatch [36m624[0m [[35m50.3[0m% ([36m384[0m/[36m763[0m batches, [36m3602907[0m pos/sec)]
Estimated time to end of superbatch: [36m13.8[0ms     [Fsuperbatch [36m624[0m [[35m67.1[0m% ([36m512[0m/[36m763[0m batches, [36m3603662[0m pos/sec)]
Estimated time to end of superbatch: [36m9.1[0ms     [Fsuperbatch [36m624[0m [[35m83.9[0m% ([36m640[0m/[36m763[0m batches, [36m3598636[0m pos/sec)]
Estimated time to end of superbatch: [36m4.5[0ms     [Fsuperbatch [36m624[0m | time [36m27.7[0ms | running loss [36m0.017971[0m | [36m3605182[0m pos/sec | total time [36m17534.3[0ms
Estimated time remaining in training: [36m0[0mh [36m54[0mm [36m19[0ms
LR dropped to [36m0.00015625003[0m
superbatch [36m625[0m [[35m0.0[0m% ([36m0[0m/[36m763[0m batches, [36m3371504[0m pos/sec)]
Estimated time to end of superbatch: [36minf[0ms     [Fsuperbatch [36m625[0m [[35m16.8[0m% ([36m128[0m/[36m763[0m batches, [36m3585052[0m pos/sec)]
Estimated time to end of superbatch: [36m23.4[0ms     [Fsuperbatch [36m625[0m [[35m33.6[0m% ([36m256[0m/[36m763[0m batches, [36m3589722[0m pos/sec)]
Estimated time to end of superbatch: [36m18.6[0ms     [Fsuperbatch [36m625[0m [[35m50.3[0m% ([36m384[0m/[36m763[0m batches, [36m3616849[0m pos/sec)]
Estimated time to end of superbatch: [36m13.8[0ms     [Fsuperbatch [36m625[0m [[35m67.1[0m% ([36m512[0m/[36m763[0m batches, [36m3640905[0m pos/sec)]
Estimated time to end of superbatch: [36m9.1[0ms     [Fsuperbatch [36m625[0m [[35m83.9[0m% ([36m640[0m/[36m763[0m batches, [36m3640581[0m pos/sec)]
Estimated time to end of superbatch: [36m4.4[0ms     [Fsuperbatch [36m625[0m | time [36m27.5[0ms | running loss [36m0.018158[0m | [36m3642528[0m pos/sec | total time [36m17561.8[0ms
Estimated time remaining in training: [36m0[0mh [36m53[0mm [36m51[0ms
LR dropped to [36m0.00015490002[0m
superbatch [36m626[0m [[35m0.0[0m% ([36m0[0m/[36m763[0m batches, [36m4068194[0m pos/sec)]
Estimated time to end of superbatch: [36minf[0ms     [Fsuperbatch [36m626[0m [[35m16.8[0m% ([36m128[0m/[36m763[0m batches, [36m3672782[0m pos/sec)]
Estimated time to end of superbatch: [36m22.8[0ms     [Fsuperbatch [36m626[0m [[35m33.6[0m% ([36m256[0m/[36m763[0m batches, [36m3700884[0m pos/sec)]
Estimated time to end of superbatch: [36m18.0[0ms     [Fsuperbatch [36m626[0m [[35m50.3[0m% ([36m384[0m/[36m763[0m batches, [36m3692558[0m pos/sec)]
Estimated time to end of superbatch: [36m13.5[0ms     [Fsuperbatch [36m626[0m [[35m67.1[0m% ([36m512[0m/[36m763[0m batches, [36m3678431[0m pos/sec)]
Estimated time to end of superbatch: [36m9.0[0ms     [Fsuperbatch [36m626[0m [[35m83.9[0m% ([36m640[0m/[36m763[0m batches, [36m3672250[0m pos/sec)]
Estimated time to end of superbatch: [36m4.4[0ms     [Fsuperbatch [36m626[0m | time [36m27.3[0ms | running loss [36m0.018014[0m | [36m3667596[0m pos/sec | total time [36m17589.1[0ms
Estimated time remaining in training: [36m0[0mh [36m53[0mm [36m23[0ms
LR dropped to [36m0.00015355[0m
superbatch [36m627[0m [[35m0.0[0m% ([36m0[0m/[36m763[0m batches, [36m3417982[0m pos/sec)]
Estimated time to end of superbatch: [36minf[0ms     [Fsuperbatch [36m627[0m [[35m16.8[0m% ([36m128[0m/[36m763[0m batches, [36m3656206[0m pos/sec)]
Estimated time to end of superbatch: [36m22.9[0ms     [Fsuperbatch [36m627[0m [[35m33.6[0m% ([36m256[0m/[36m763[0m batches, [36m3655589[0m pos/sec)]
Estimated time to end of superbatch: [36m18.2[0ms     [Fsuperbatch [36m627[0m [[35m50.3[0m% ([36m384[0m/[36m763[0m batches, [36m3644836[0m pos/sec)]
Estimated time to end of superbatch: [36m13.7[0ms     [Fsuperbatch [36m627[0m [[35m67.1[0m% ([36m512[0m/[36m763[0m batches, [36m3648820[0m pos/sec)]
Estimated time to end of superbatch: [36m9.0[0ms     [Fsuperbatch [36m627[0m [[35m83.9[0m% ([36m640[0m/[36m763[0m batches, [36m3632082[0m pos/sec)]
Estimated time to end of superbatch: [36m4.4[0ms     [Fsuperbatch [36m627[0m | time [36m27.6[0ms | running loss [36m0.018163[0m | [36m3620835[0m pos/sec | total time [36m17616.7[0ms
Estimated time remaining in training: [36m0[0mh [36m52[0mm [36m54[0ms
LR dropped to [36m0.0001522[0m
superbatch [36m628[0m [[35m0.0[0m% ([36m0[0m/[36m763[0m batches, [36m3353283[0m pos/sec)]
Estimated time to end of superbatch: [36minf[0ms     [Fsuperbatch [36m628[0m [[35m16.8[0m% ([36m128[0m/[36m763[0m batches, [36m3545895[0m pos/sec)]
Estimated time to end of superbatch: [36m23.7[0ms     [Fsuperbatch [36m628[0m [[35m33.6[0m% ([36m256[0m/[36m763[0m batches, [36m3576338[0m pos/sec)]
Estimated time to end of superbatch: [36m18.7[0ms     [Fsuperbatch [36m628[0m [[35m50.3[0m% ([36m384[0m/[36m763[0m batches, [36m3567310[0m pos/sec)]
Estimated time to end of superbatch: [36m14.0[0ms     [Fsuperbatch [36m628[0m [[35m67.1[0m% ([36m512[0m/[36m763[0m batches, [36m3562288[0m pos/sec)]
Estimated time to end of superbatch: [36m9.3[0ms     [Fsuperbatch [36m628[0m [[35m83.9[0m% ([36m640[0m/[36m763[0m batches, [36m3567373[0m pos/sec)]
Estimated time to end of superbatch: [36m4.5[0ms     [Fsuperbatch [36m628[0m | time [36m28.0[0ms | running loss [36m0.018056[0m | [36m3569651[0m pos/sec | total time [36m17644.7[0ms
Estimated time remaining in training: [36m0[0mh [36m52[0mm [36m26[0ms
LR dropped to [36m0.00015084998[0m
superbatch [36m629[0m [[35m0.0[0m% ([36m0[0m/[36m763[0m batches, [36m3585632[0m pos/sec)]
Estimated time to end of superbatch: [36minf[0ms     [Fsuperbatch [36m629[0m [[35m16.8[0m% ([36m128[0m/[36m763[0m batches, [36m3578447[0m pos/sec)]
Estimated time to end of superbatch: [36m23.4[0ms     [Fsuperbatch [36m629[0m [[35m33.6[0m% ([36m256[0m/[36m763[0m batches, [36m3564706[0m pos/sec)]
Estimated time to end of superbatch: [36m18.7[0ms     [Fsuperbatch [36m629[0m [[35m50.3[0m% ([36m384[0m/[36m763[0m batches, [36m3548210[0m pos/sec)]
Estimated time to end of superbatch: [36m14.0[0ms     [Fsuperbatch [36m629[0m [[35m67.1[0m% ([36m512[0m/[36m763[0m batches, [36m3541329[0m pos/sec)]
Estimated time to end of superbatch: [36m9.3[0ms     [Fsuperbatch [36m629[0m [[35m83.9[0m% ([36m640[0m/[36m763[0m batches, [36m3543302[0m pos/sec)]
Estimated time to end of superbatch: [36m4.6[0ms     [Fsuperbatch [36m629[0m | time [36m28.2[0ms | running loss [36m0.018208[0m | [36m3545467[0m pos/sec | total time [36m17672.9[0ms
Estimated time remaining in training: [36m0[0mh [36m51[0mm [36m58[0ms
LR dropped to [36m0.00014949997[0m
superbatch [36m630[0m [[35m0.0[0m% ([36m0[0m/[36m763[0m batches, [36m3584121[0m pos/sec)]
Estimated time to end of superbatch: [36minf[0ms     [Fsuperbatch [36m630[0m [[35m16.8[0m% ([36m128[0m/[36m763[0m batches, [36m3491845[0m pos/sec)]
Estimated time to end of superbatch: [36m24.0[0ms     [Fsuperbatch [36m630[0m [[35m33.6[0m% ([36m256[0m/[36m763[0m batches, [36m3490316[0m pos/sec)]
Estimated time to end of superbatch: [36m19.1[0ms     [Fsuperbatch [36m630[0m [[35m50.3[0m% ([36m384[0m/[36m763[0m batches, [36m3504357[0m pos/sec)]
Estimated time to end of superbatch: [36m14.2[0ms     [Fsuperbatch [36m630[0m [[35m67.1[0m% ([36m512[0m/[36m763[0m batches, [36m3497446[0m pos/sec)]
Estimated time to end of superbatch: [36m9.4[0ms     [Fsuperbatch [36m630[0m [[35m83.9[0m% ([36m640[0m/[36m763[0m batches, [36m3521224[0m pos/sec)]
Estimated time to end of superbatch: [36m4.6[0ms     [Fsuperbatch [36m630[0m | time [36m28.4[0ms | running loss [36m0.018128[0m | [36m3524024[0m pos/sec | total time [36m17701.3[0ms
Estimated time remaining in training: [36m0[0mh [36m51[0mm [36m30[0ms
Saved [anna-v5-s1-630]
LR dropped to [36m0.00014815002[0m
superbatch [36m631[0m [[35m0.0[0m% ([36m0[0m/[36m763[0m batches, [36m3681515[0m pos/sec)]
Estimated time to end of superbatch: [36minf[0ms     [Fsuperbatch [36m631[0m [[35m16.8[0m% ([36m128[0m/[36m763[0m batches, [36m3559120[0m pos/sec)]
Estimated time to end of superbatch: [36m23.6[0ms     [Fsuperbatch [36m631[0m [[35m33.6[0m% ([36m256[0m/[36m763[0m batches, [36m3542685[0m pos/sec)]
Estimated time to end of superbatch: [36m18.8[0ms     [Fsuperbatch [36m631[0m [[35m50.3[0m% ([36m384[0m/[36m763[0m batches, [36m3524495[0m pos/sec)]
Estimated time to end of superbatch: [36m14.1[0ms     [Fsuperbatch [36m631[0m [[35m67.1[0m% ([36m512[0m/[36m763[0m batches, [36m3526071[0m pos/sec)]
Estimated time to end of superbatch: [36m9.3[0ms     [Fsuperbatch [36m631[0m [[35m83.9[0m% ([36m640[0m/[36m763[0m batches, [36m3521114[0m pos/sec)]
Estimated time to end of superbatch: [36m4.6[0ms     [Fsuperbatch [36m631[0m | time [36m28.4[0ms | running loss [36m0.018220[0m | [36m3523708[0m pos/sec | total time [36m17732.7[0ms
Estimated time remaining in training: [36m0[0mh [36m51[0mm [36m3[0ms
LR dropped to [36m0.00014680001[0m
superbatch [36m632[0m [[35m0.0[0m% ([36m0[0m/[36m763[0m batches, [36m3337706[0m pos/sec)]
Estimated time to end of superbatch: [36minf[0ms     [Fsuperbatch [36m632[0m [[35m16.8[0m% ([36m128[0m/[36m763[0m batches, [36m3531562[0m pos/sec)]
Estimated time to end of superbatch: [36m23.8[0ms     [Fsuperbatch [36m632[0m [[35m33.6[0m% ([36m256[0m/[36m763[0m batches, [36m3562072[0m pos/sec)]
Estimated time to end of superbatch: [36m18.7[0ms     [Fsuperbatch [36m632[0m [[35m50.3[0m% ([36m384[0m/[36m763[0m batches, [36m3589344[0m pos/sec)]
Estimated time to end of superbatch: [36m13.9[0ms     [Fsuperbatch [36m632[0m [[35m67.1[0m% ([36m512[0m/[36m763[0m batches, [36m3589842[0m pos/sec)]
Estimated time to end of superbatch: [36m9.2[0ms     [Fsuperbatch [36m632[0m [[35m83.9[0m% ([36m640[0m/[36m763[0m batches, [36m3566856[0m pos/sec)]
Estimated time to end of superbatch: [36m4.5[0ms     [Fsuperbatch [36m632[0m | time [36m28.0[0ms | running loss [36m0.018142[0m | [36m3571856[0m pos/sec | total time [36m17760.7[0ms
Estimated time remaining in training: [36m0[0mh [36m50[0mm [36m35[0ms
LR dropped to [36m0.00014545[0m
superbatch [36m633[0m [[35m0.0[0m% ([36m0[0m/[36m763[0m batches, [36m3262744[0m pos/sec)]
Estimated time to end of superbatch: [36minf[0ms     [Fsuperbatch [36m633[0m [[35m16.8[0m% ([36m128[0m/[36m763[0m batches, [36m3622084[0m pos/sec)]
Estimated time to end of superbatch: [36m23.2[0ms     [Fsuperbatch [36m633[0m [[35m33.6[0m% ([36m256[0m/[36m763[0m batches, [36m3538776[0m pos/sec)]
Estimated time to end of superbatch: [36m18.9[0ms     [Fsuperbatch [36m633[0m [[35m50.3[0m% ([36m384[0m/[36m763[0m batches, [36m3546548[0m pos/sec)]
Estimated time to end of superbatch: [36m14.0[0ms     [Fsuperbatch [36m633[0m [[35m67.1[0m% ([36m512[0m/[36m763[0m batches, [36m3560085[0m pos/sec)]
Estimated time to end of superbatch: [36m9.3[0ms     [Fsuperbatch [36m633[0m [[35m83.9[0m% ([36m640[0m/[36m763[0m batches, [36m3557666[0m pos/sec)]
Estimated time to end of superbatch: [36m4.5[0ms     [Fsuperbatch [36m633[0m | time [36m28.2[0ms | running loss [36m0.018257[0m | [36m3552073[0m pos/sec | total time [36m17788.9[0ms
Estimated time remaining in training: [36m0[0mh [36m50[0mm [36m6[0ms
LR dropped to [36m0.00014410005[0m
superbatch [36m634[0m [[35m0.0[0m% ([36m0[0m/[36m763[0m batches, [36m3842396[0m pos/sec)]
Estimated time to end of superbatch: [36minf[0ms     [Fsuperbatch [36m634[0m [[35m16.8[0m% ([36m128[0m/[36m763[0m batches, [36m3486209[0m pos/sec)]
Estimated time to end of superbatch: [36m24.1[0ms     [Fsuperbatch [36m634[0m [[35m33.6[0m% ([36m256[0m/[36m763[0m batches, [36m3479994[0m pos/sec)]
Estimated time to end of superbatch: [36m19.2[0ms     [Fsuperbatch [36m634[0m [[35m50.3[0m% ([36m384[0m/[36m763[0m batches, [36m3477526[0m pos/sec)]
Estimated time to end of superbatch: [36m14.3[0ms     [Fsuperbatch [36m634[0m [[35m67.1[0m% ([36m512[0m/[36m763[0m batches, [36m3483058[0m pos/sec)]
Estimated time to end of superbatch: [36m9.5[0ms     [Fsuperbatch [36m634[0m [[35m83.9[0m% ([36m640[0m/[36m763[0m batches, [36m3484834[0m pos/sec)]
Estimated time to end of superbatch: [36m4.6[0ms     [Fsuperbatch [36m634[0m | time [36m28.7[0ms | running loss [36m0.018190[0m | [36m3489040[0m pos/sec | total time [36m17817.5[0ms
Estimated time remaining in training: [36m0[0mh [36m49[0mm [36m38[0ms
LR dropped to [36m0.00014275004[0m
superbatch [36m635[0m [[35m0.0[0m% ([36m0[0m/[36m763[0m batches, [36m4079716[0m pos/sec)]
Estimated time to end of superbatch: [36minf[0ms     [Fsuperbatch [36m635[0m [[35m16.8[0m% ([36m128[0m/[36m763[0m batches, [36m3587768[0m pos/sec)]
Estimated time to end of superbatch: [36m23.4[0ms     [Fsuperbatch [36m635[0m [[35m33.6[0m% ([36m256[0m/[36m763[0m batches, [36m3571366[0m pos/sec)]
Estimated time to end of superbatch: [36m18.7[0ms     [Fsuperbatch [36m635[0m [[35m50.3[0m% ([36m384[0m/[36m763[0m batches, [36m3573392[0m pos/sec)]
Estimated time to end of superbatch: [36m13.9[0ms     [Fsuperbatch [36m635[0m [[35m67.1[0m% ([36m512[0m/[36m763[0m batches, [36m3574247[0m pos/sec)]
Estimated time to end of superbatch: [36m9.2[0ms     [Fsuperbatch [36m635[0m [[35m83.9[0m% ([36m640[0m/[36m763[0m batches, [36m3572484[0m pos/sec)]
Estimated time to end of superbatch: [36m4.5[0ms     [Fsuperbatch [36m635[0m | time [36m28.1[0ms | running loss [36m0.018258[0m | [36m3560404[0m pos/sec | total time [36m17845.6[0ms
Estimated time remaining in training: [36m0[0mh [36m49[0mm [36m10[0ms
LR dropped to [36m0.00014140003[0m
superbatch [36m636[0m [[35m0.0[0m% ([36m0[0m/[36m763[0m batches, [36m3508657[0m pos/sec)]
Estimated time to end of superbatch: [36minf[0ms     [Fsuperbatch [36m636[0m [[35m16.8[0m% ([36m128[0m/[36m763[0m batches, [36m3527516[0m pos/sec)]
Estimated time to end of superbatch: [36m23.8[0ms     [Fsuperbatch [36m636[0m [[35m33.6[0m% ([36m256[0m/[36m763[0m batches, [36m3560110[0m pos/sec)]
Estimated time to end of superbatch: [36m18.7[0ms     [Fsuperbatch [36m636[0m [[35m50.3[0m% ([36m384[0m/[36m763[0m batches, [36m3583294[0m pos/sec)]
Estimated time to end of superbatch: [36m13.9[0ms     [Fsuperbatch [36m636[0m [[35m67.1[0m% ([36m512[0m/[36m763[0m batches, [36m3577621[0m pos/sec)]
Estimated time to end of superbatch: [36m9.2[0ms     [Fsuperbatch [36m636[0m [[35m83.9[0m% ([36m640[0m/[36m763[0m batches, [36m3578023[0m pos/sec)]
Estimated time to end of superbatch: [36m4.5[0ms     [Fsuperbatch [36m636[0m | time [36m28.0[0ms | running loss [36m0.018196[0m | [36m3574696[0m pos/sec | total time [36m17873.6[0ms
Estimated time remaining in training: [36m0[0mh [36m48[0mm [36m42[0ms
LR dropped to [36m0.00014005002[0m
superbatch [36m637[0m [[35m0.0[0m% ([36m0[0m/[36m763[0m batches, [36m3732622[0m pos/sec)]
Estimated time to end of superbatch: [36minf[0ms     [Fsuperbatch [36m637[0m [[35m16.8[0m% ([36m128[0m/[36m763[0m batches, [36m3539414[0m pos/sec)]
Estimated time to end of superbatch: [36m23.7[0ms     [Fsuperbatch [36m637[0m [[35m33.6[0m% ([36m256[0m/[36m763[0m batches, [36m3527875[0m pos/sec)]
Estimated time to end of superbatch: [36m18.9[0ms     [Fsuperbatch [36m637[0m [[35m50.3[0m% ([36m384[0m/[36m763[0m batches, [36m3525278[0m pos/sec)]
Estimated time to end of superbatch: [36m14.1[0ms     [Fsuperbatch [36m637[0m [[35m67.1[0m% ([36m512[0m/[36m763[0m batches, [36m3521003[0m pos/sec)]
Estimated time to end of superbatch: [36m9.4[0ms     [Fsuperbatch [36m637[0m [[35m83.9[0m% ([36m640[0m/[36m763[0m batches, [36m3535772[0m pos/sec)]
Estimated time to end of superbatch: [36m4.6[0ms     [Fsuperbatch [36m637[0m | time [36m28.3[0ms | running loss [36m0.018297[0m | [36m3532004[0m pos/sec | total time [36m17901.9[0ms
Estimated time remaining in training: [36m0[0mh [36m48[0mm [36m14[0ms
LR dropped to [36m0.00013870001[0m
superbatch [36m638[0m [[35m0.0[0m% ([36m0[0m/[36m763[0m batches, [36m3131412[0m pos/sec)]
Estimated time to end of superbatch: [36minf[0ms     [Fsuperbatch [36m638[0m [[35m16.8[0m% ([36m128[0m/[36m763[0m batches, [36m3541614[0m pos/sec)]
Estimated time to end of superbatch: [36m23.7[0ms     [Fsuperbatch [36m638[0m [[35m33.6[0m% ([36m256[0m/[36m763[0m batches, [36m3545108[0m pos/sec)]
Estimated time to end of superbatch: [36m18.8[0ms     [Fsuperbatch [36m638[0m [[35m50.3[0m% ([36m384[0m/[36m763[0m batches, [36m3540124[0m pos/sec)]
Estimated time to end of superbatch: [36m14.1[0ms     [Fsuperbatch [36m638[0m [[35m67.1[0m% ([36m512[0m/[36m763[0m batches, [36m3526889[0m pos/sec)]
Estimated time to end of superbatch: [36m9.3[0ms     [Fsuperbatch [36m638[0m [[35m83.9[0m% ([36m640[0m/[36m763[0m batches, [36m3529810[0m pos/sec)]
Estimated time to end of superbatch: [36m4.6[0ms     [Fsuperbatch [36m638[0m | time [36m28.3[0ms | running loss [36m0.018282[0m | [36m3532002[0m pos/sec | total time [36m17930.2[0ms
Estimated time remaining in training: [36m0[0mh [36m47[0mm [36m46[0ms
LR dropped to [36m0.00013735[0m
superbatch [36m639[0m [[35m0.0[0m% ([36m0[0m/[36m763[0m batches, [36m3476534[0m pos/sec)]
Estimated time to end of superbatch: [36minf[0ms     [Fsuperbatch [36m639[0m [[35m16.8[0m% ([36m128[0m/[36m763[0m batches, [36m3543074[0m pos/sec)]
Estimated time to end of superbatch: [36m23.7[0ms     [Fsuperbatch [36m639[0m [[35m33.6[0m% ([36m256[0m/[36m763[0m batches, [36m3508062[0m pos/sec)]
Estimated time to end of superbatch: [36m19.0[0ms     [Fsuperbatch [36m639[0m [[35m50.3[0m% ([36m384[0m/[36m763[0m batches, [36m3533340[0m pos/sec)]
Estimated time to end of superbatch: [36m14.1[0ms     [Fsuperbatch [36m639[0m [[35m67.1[0m% ([36m512[0m/[36m763[0m batches, [36m3549812[0m pos/sec)]
Estimated time to end of superbatch: [36m9.3[0ms     [Fsuperbatch [36m639[0m [[35m83.9[0m% ([36m640[0m/[36m763[0m batches, [36m3556470[0m pos/sec)]
Estimated time to end of superbatch: [36m4.5[0ms     [Fsuperbatch [36m639[0m | time [36m28.1[0ms | running loss [36m0.018346[0m | [36m3558901[0m pos/sec | total time [36m17958.3[0ms
Estimated time remaining in training: [36m0[0mh [36m47[0mm [36m18[0ms
LR dropped to [36m0.00013599999[0m
superbatch [36m640[0m [[35m0.0[0m% ([36m0[0m/[36m763[0m batches, [36m3534983[0m pos/sec)]
Estimated time to end of superbatch: [36minf[0ms     [Fsuperbatch [36m640[0m [[35m16.8[0m% ([36m128[0m/[36m763[0m batches, [36m3578941[0m pos/sec)]
Estimated time to end of superbatch: [36m23.4[0ms     [Fsuperbatch [36m640[0m [[35m33.6[0m% ([36m256[0m/[36m763[0m batches, [36m3557494[0m pos/sec)]
Estimated time to end of superbatch: [36m18.8[0ms     [Fsuperbatch [36m640[0m [[35m50.3[0m% ([36m384[0m/[36m763[0m batches, [36m3540786[0m pos/sec)]
Estimated time to end of superbatch: [36m14.1[0ms     [Fsuperbatch [36m640[0m [[35m67.1[0m% ([36m512[0m/[36m763[0m batches, [36m3540899[0m pos/sec)]
Estimated time to end of superbatch: [36m9.3[0ms     [Fsuperbatch [36m640[0m [[35m83.9[0m% ([36m640[0m/[36m763[0m batches, [36m3539404[0m pos/sec)]
Estimated time to end of superbatch: [36m4.6[0ms     [Fsuperbatch [36m640[0m | time [36m28.2[0ms | running loss [36m0.018350[0m | [36m3544790[0m pos/sec | total time [36m17986.5[0ms
Estimated time remaining in training: [36m0[0mh [36m46[0mm [36m50[0ms
Saved [anna-v5-s1-640]
LR dropped to [36m0.00013464998[0m
superbatch [36m641[0m [[35m0.0[0m% ([36m0[0m/[36m763[0m batches, [36m3399680[0m pos/sec)]
Estimated time to end of superbatch: [36minf[0ms     [Fsuperbatch [36m641[0m [[35m16.8[0m% ([36m128[0m/[36m763[0m batches, [36m3570822[0m pos/sec)]
Estimated time to end of superbatch: [36m23.5[0ms     [Fsuperbatch [36m641[0m [[35m33.6[0m% ([36m256[0m/[36m763[0m batches, [36m3553411[0m pos/sec)]
Estimated time to end of superbatch: [36m18.8[0ms     [Fsuperbatch [36m641[0m [[35m50.3[0m% ([36m384[0m/[36m763[0m batches, [36m3542888[0m pos/sec)]
Estimated time to end of superbatch: [36m14.1[0ms     [Fsuperbatch [36m641[0m [[35m67.1[0m% ([36m512[0m/[36m763[0m batches, [36m3545044[0m pos/sec)]
Estimated time to end of superbatch: [36m9.3[0ms     [Fsuperbatch [36m641[0m [[35m83.9[0m% ([36m640[0m/[36m763[0m batches, [36m3551291[0m pos/sec)]
Estimated time to end of superbatch: [36m4.5[0ms     [Fsuperbatch [36m641[0m | time [36m28.2[0ms | running loss [36m0.018409[0m | [36m3552289[0m pos/sec | total time [36m18017.7[0ms
Estimated time remaining in training: [36m0[0mh [36m46[0mm [36m22[0ms
LR dropped to [36m0.00013330003[0m
superbatch [36m642[0m [[35m0.0[0m% ([36m0[0m/[36m763[0m batches, [36m3668099[0m pos/sec)]
Estimated time to end of superbatch: [36minf[0ms     [Fsuperbatch [36m642[0m [[35m16.8[0m% ([36m128[0m/[36m763[0m batches, [36m3570268[0m pos/sec)]
Estimated time to end of superbatch: [36m23.5[0ms     [Fsuperbatch [36m642[0m [[35m33.6[0m% ([36m256[0m/[36m763[0m batches, [36m3579917[0m pos/sec)]
Estimated time to end of superbatch: [36m18.6[0ms     [Fsuperbatch [36m642[0m [[35m50.3[0m% ([36m384[0m/[36m763[0m batches, [36m3572892[0m pos/sec)]
Estimated time to end of superbatch: [36m13.9[0ms     [Fsuperbatch [36m642[0m [[35m67.1[0m% ([36m512[0m/[36m763[0m batches, [36m3561932[0m pos/sec)]
Estimated time to end of superbatch: [36m9.3[0ms     [Fsuperbatch [36m642[0m [[35m83.9[0m% ([36m640[0m/[36m763[0m batches, [36m3558247[0m pos/sec)]
Estimated time to end of superbatch: [36m4.5[0ms     [Fsuperbatch [36m642[0m | time [36m28.0[0ms | running loss [36m0.018346[0m | [36m3569983[0m pos/sec | total time [36m18045.7[0ms
Estimated time remaining in training: [36m0[0mh [36m45[0mm [36m54[0ms
LR dropped to [36m0.00013195002[0m
superbatch [36m643[0m [[35m0.0[0m% ([36m0[0m/[36m763[0m batches, [36m3963079[0m pos/sec)]
Estimated time to end of superbatch: [36minf[0ms     [Fsuperbatch [36m643[0m [[35m16.8[0m% ([36m128[0m/[36m763[0m batches, [36m3540743[0m pos/sec)]
Estimated time to end of superbatch: [36m23.7[0ms     [Fsuperbatch [36m643[0m [[35m33.6[0m% ([36m256[0m/[36m763[0m batches, [36m3531030[0m pos/sec)]
Estimated time to end of superbatch: [36m18.9[0ms     [Fsuperbatch [36m643[0m [[35m50.3[0m% ([36m384[0m/[36m763[0m batches, [36m3539710[0m pos/sec)]
Estimated time to end of superbatch: [36m14.1[0ms     [Fsuperbatch [36m643[0m [[35m67.1[0m% ([36m512[0m/[36m763[0m batches, [36m3542776[0m pos/sec)]
Estimated time to end of superbatch: [36m9.3[0ms     [Fsuperbatch [36m643[0m [[35m83.9[0m% ([36m640[0m/[36m763[0m batches, [36m3546841[0m pos/sec)]
Estimated time to end of superbatch: [36m4.6[0ms     [Fsuperbatch [36m643[0m | time [36m28.2[0ms | running loss [36m0.018364[0m | [36m3552354[0m pos/sec | total time [36m18073.9[0ms
Estimated time remaining in training: [36m0[0mh [36m45[0mm [36m26[0ms
LR dropped to [36m0.0001306[0m
superbatch [36m644[0m [[35m0.0[0m% ([36m0[0m/[36m763[0m batches, [36m3967967[0m pos/sec)]
Estimated time to end of superbatch: [36minf[0ms     [Fsuperbatch [36m644[0m [[35m16.8[0m% ([36m128[0m/[36m763[0m batches, [36m3537887[0m pos/sec)]
Estimated time to end of superbatch: [36m23.7[0ms     [Fsuperbatch [36m644[0m [[35m33.6[0m% ([36m256[0m/[36m763[0m batches, [36m3538887[0m pos/sec)]
Estimated time to end of superbatch: [36m18.9[0ms     [Fsuperbatch [36m644[0m [[35m50.3[0m% ([36m384[0m/[36m763[0m batches, [36m3542986[0m pos/sec)]
Estimated time to end of superbatch: [36m14.1[0ms     [Fsuperbatch [36m644[0m [[35m67.1[0m% ([36m512[0m/[36m763[0m batches, [36m3542879[0m pos/sec)]
Estimated time to end of superbatch: [36m9.3[0ms     [Fsuperbatch [36m644[0m [[35m83.9[0m% ([36m640[0m/[36m763[0m batches, [36m3538860[0m pos/sec)]
Estimated time to end of superbatch: [36m4.6[0ms     [Fsuperbatch [36m644[0m | time [36m28.3[0ms | running loss [36m0.018360[0m | [36m3538264[0m pos/sec | total time [36m18102.1[0ms
Estimated time remaining in training: [36m0[0mh [36m44[0mm [36m58[0ms
LR dropped to [36m0.00012925005[0m
superbatch [36m645[0m [[35m0.0[0m% ([36m0[0m/[36m763[0m batches, [36m3719684[0m pos/sec)]
Estimated time to end of superbatch: [36minf[0ms     [Fsuperbatch [36m645[0m [[35m16.8[0m% ([36m128[0m/[36m763[0m batches, [36m3512802[0m pos/sec)]
Estimated time to end of superbatch: [36m23.9[0ms     [Fsuperbatch [36m645[0m [[35m33.6[0m% ([36m256[0m/[36m763[0m batches, [36m3531584[0m pos/sec)]
Estimated time to end of superbatch: [36m18.9[0ms     [Fsuperbatch [36m645[0m [[35m50.3[0m% ([36m384[0m/[36m763[0m batches, [36m3522658[0m pos/sec)]
Estimated time to end of superbatch: [36m14.1[0ms     [Fsuperbatch [36m645[0m [[35m67.1[0m% ([36m512[0m/[36m763[0m batches, [36m3538463[0m pos/sec)]
Estimated time to end of superbatch: [36m9.3[0ms     [Fsuperbatch [36m645[0m [[35m83.9[0m% ([36m640[0m/[36m763[0m batches, [36m3544548[0m pos/sec)]
Estimated time to end of superbatch: [36m4.6[0ms     [Fsuperbatch [36m645[0m | time [36m28.3[0ms | running loss [36m0.018397[0m | [36m3539866[0m pos/sec | total time [36m18130.4[0ms
Estimated time remaining in training: [36m0[0mh [36m44[0mm [36m30[0ms
LR dropped to [36m0.00012790004[0m
superbatch [36m646[0m [[35m0.0[0m% ([36m0[0m/[36m763[0m batches, [36m3442597[0m pos/sec)]
Estimated time to end of superbatch: [36minf[0ms     [Fsuperbatch [36m646[0m [[35m16.8[0m% ([36m128[0m/[36m763[0m batches, [36m3510161[0m pos/sec)]
Estimated time to end of superbatch: [36m23.9[0ms     [Fsuperbatch [36m646[0m [[35m33.6[0m% ([36m256[0m/[36m763[0m batches, [36m3542758[0m pos/sec)]
Estimated time to end of superbatch: [36m18.8[0ms     [Fsuperbatch [36m646[0m [[35m50.3[0m% ([36m384[0m/[36m763[0m batches, [36m3544262[0m pos/sec)]
Estimated time to end of superbatch: [36m14.1[0ms     [Fsuperbatch [36m646[0m [[35m67.1[0m% ([36m512[0m/[36m763[0m batches, [36m3542278[0m pos/sec)]
Estimated time to end of superbatch: [36m9.3[0ms     [Fsuperbatch [36m646[0m [[35m83.9[0m% ([36m640[0m/[36m763[0m batches, [36m3547623[0m pos/sec)]
Estimated time to end of superbatch: [36m4.6[0ms     [Fsuperbatch [36m646[0m | time [36m28.2[0ms | running loss [36m0.018430[0m | [36m3550205[0m pos/sec | total time [36m18158.5[0ms
Estimated time remaining in training: [36m0[0mh [36m44[0mm [36m2[0ms
LR dropped to [36m0.00012655003[0m
superbatch [36m647[0m [[35m0.0[0m% ([36m0[0m/[36m763[0m batches, [36m4156183[0m pos/sec)]
Estimated time to end of superbatch: [36minf[0ms     [Fsuperbatch [36m647[0m [[35m16.8[0m% ([36m128[0m/[36m763[0m batches, [36m3579559[0m pos/sec)]
Estimated time to end of superbatch: [36m23.4[0ms     [Fsuperbatch [36m647[0m [[35m33.6[0m% ([36m256[0m/[36m763[0m batches, [36m3531820[0m pos/sec)]
Estimated time to end of superbatch: [36m18.9[0ms     [Fsuperbatch [36m647[0m [[35m50.3[0m% ([36m384[0m/[36m763[0m batches, [36m3534624[0m pos/sec)]
Estimated time to end of superbatch: [36m14.1[0ms     [Fsuperbatch [36m647[0m [[35m67.1[0m% ([36m512[0m/[36m763[0m batches, [36m3545310[0m pos/sec)]
Estimated time to end of superbatch: [36m9.3[0ms     [Fsuperbatch [36m647[0m [[35m83.9[0m% ([36m640[0m/[36m763[0m batches, [36m3547096[0m pos/sec)]
Estimated time to end of superbatch: [36m4.6[0ms     [Fsuperbatch [36m647[0m | time [36m28.2[0ms | running loss [36m0.018361[0m | [36m3544610[0m pos/sec | total time [36m18186.8[0ms
Estimated time remaining in training: [36m0[0mh [36m43[0mm [36m34[0ms
LR dropped to [36m0.00012520002[0m
superbatch [36m648[0m [[35m0.0[0m% ([36m0[0m/[36m763[0m batches, [36m3764551[0m pos/sec)]
Estimated time to end of superbatch: [36minf[0ms     [Fsuperbatch [36m648[0m [[35m16.8[0m% ([36m128[0m/[36m763[0m batches, [36m3460320[0m pos/sec)]
Estimated time to end of superbatch: [36m24.2[0ms     [Fsuperbatch [36m648[0m [[35m33.6[0m% ([36m256[0m/[36m763[0m batches, [36m3498990[0m pos/sec)]
Estimated time to end of superbatch: [36m19.1[0ms     [Fsuperbatch [36m648[0m [[35m50.3[0m% ([36m384[0m/[36m763[0m batches, [36m3526868[0m pos/sec)]
Estimated time to end of superbatch: [36m14.1[0ms     [Fsuperbatch [36m648[0m [[35m67.1[0m% ([36m512[0m/[36m763[0m batches, [36m3530194[0m pos/sec)]
Estimated time to end of superbatch: [36m9.3[0ms     [Fsuperbatch [36m648[0m [[35m83.9[0m% ([36m640[0m/[36m763[0m batches, [36m3536055[0m pos/sec)]
Estimated time to end of superbatch: [36m4.6[0ms     [Fsuperbatch [36m648[0m | time [36m28.3[0ms | running loss [36m0.018504[0m | [36m3533426[0m pos/sec | total time [36m18215.1[0ms
Estimated time remaining in training: [36m0[0mh [36m43[0mm [36m6[0ms
LR dropped to [36m0.00012385001[0m
superbatch [36m649[0m [[35m0.0[0m% ([36m0[0m/[36m763[0m batches, [36m3673340[0m pos/sec)]
Estimated time to end of superbatch: [36minf[0ms     [Fsuperbatch [36m649[0m [[35m16.8[0m% ([36m128[0m/[36m763[0m batches, [36m3635035[0m pos/sec)]
Estimated time to end of superbatch: [36m23.1[0ms     [Fsuperbatch [36m649[0m [[35m33.6[0m% ([36m256[0m/[36m763[0m batches, [36m3617992[0m pos/sec)]
Estimated time to end of superbatch: [36m18.4[0ms     [Fsuperbatch [36m649[0m [[35m50.3[0m% ([36m384[0m/[36m763[0m batches, [36m3631082[0m pos/sec)]
Estimated time to end of superbatch: [36m13.7[0ms     [Fsuperbatch [36m649[0m [[35m67.1[0m% ([36m512[0m/[36m763[0m batches, [36m3650582[0m pos/sec)]
Estimated time to end of superbatch: [36m9.0[0ms     [Fsuperbatch [36m649[0m [[35m83.9[0m% ([36m640[0m/[36m763[0m batches, [36m3660716[0m pos/sec)]
Estimated time to end of superbatch: [36m4.4[0ms     [Fsuperbatch [36m649[0m | time [36m27.2[0ms | running loss [36m0.018446[0m | [36m3671262[0m pos/sec | total time [36m18242.3[0ms
Estimated time remaining in training: [36m0[0mh [36m42[0mm [36m37[0ms
LR dropped to [36m0.0001225[0m
superbatch [36m650[0m [[35m0.0[0m% ([36m0[0m/[36m763[0m batches, [36m3930904[0m pos/sec)]
Estimated time to end of superbatch: [36minf[0ms     [Fsuperbatch [36m650[0m [[35m16.8[0m% ([36m128[0m/[36m763[0m batches, [36m3708332[0m pos/sec)]
Estimated time to end of superbatch: [36m22.6[0ms     [Fsuperbatch [36m650[0m [[35m33.6[0m% ([36m256[0m/[36m763[0m batches, [36m3699215[0m pos/sec)]
Estimated time to end of superbatch: [36m18.0[0ms     [Fsuperbatch [36m650[0m [[35m50.3[0m% ([36m384[0m/[36m763[0m batches, [36m3684424[0m pos/sec)]
Estimated time to end of superbatch: [36m13.5[0ms     [Fsuperbatch [36m650[0m [[35m67.1[0m% ([36m512[0m/[36m763[0m batches, [36m3669830[0m pos/sec)]
Estimated time to end of superbatch: [36m9.0[0ms     [Fsuperbatch [36m650[0m [[35m83.9[0m% ([36m640[0m/[36m763[0m batches, [36m3656072[0m pos/sec)]
Estimated time to end of superbatch: [36m4.4[0ms     [Fsuperbatch [36m650[0m | time [36m27.4[0ms | running loss [36m0.018528[0m | [36m3650584[0m pos/sec | total time [36m18269.7[0ms
Estimated time remaining in training: [36m0[0mh [36m42[0mm [36m9[0ms
Saved [anna-v5-s1-650]
LR dropped to [36m0.00012114999[0m
superbatch [36m651[0m [[35m0.0[0m% ([36m0[0m/[36m763[0m batches, [36m3665482[0m pos/sec)]
Estimated time to end of superbatch: [36minf[0ms     [Fsuperbatch [36m651[0m [[35m16.8[0m% ([36m128[0m/[36m763[0m batches, [36m3581623[0m pos/sec)]
Estimated time to end of superbatch: [36m23.4[0ms     [Fsuperbatch [36m651[0m [[35m33.6[0m% ([36m256[0m/[36m763[0m batches, [36m3578071[0m pos/sec)]
Estimated time to end of superbatch: [36m18.6[0ms     [Fsuperbatch [36m651[0m [[35m50.3[0m% ([36m384[0m/[36m763[0m batches, [36m3581364[0m pos/sec)]
Estimated time to end of superbatch: [36m13.9[0ms     [Fsuperbatch [36m651[0m [[35m67.1[0m% ([36m512[0m/[36m763[0m batches, [36m3562153[0m pos/sec)]
Estimated time to end of superbatch: [36m9.3[0ms     [Fsuperbatch [36m651[0m [[35m83.9[0m% ([36m640[0m/[36m763[0m batches, [36m3574089[0m pos/sec)]
Estimated time to end of superbatch: [36m4.5[0ms     [Fsuperbatch [36m651[0m | time [36m28.0[0ms | running loss [36m0.018447[0m | [36m3574451[0m pos/sec | total time [36m18300.7[0ms
Estimated time remaining in training: [36m0[0mh [36m41[0mm [36m41[0ms
LR dropped to [36m0.00011979998[0m
superbatch [36m652[0m [[35m0.0[0m% ([36m0[0m/[36m763[0m batches, [36m3866343[0m pos/sec)]
Estimated time to end of superbatch: [36minf[0ms     [Fsuperbatch [36m652[0m [[35m16.8[0m% ([36m128[0m/[36m763[0m batches, [36m3549633[0m pos/sec)]
Estimated time to end of superbatch: [36m23.6[0ms     [Fsuperbatch [36m652[0m [[35m33.6[0m% ([36m256[0m/[36m763[0m batches, [36m3590492[0m pos/sec)]
Estimated time to end of superbatch: [36m18.6[0ms     [Fsuperbatch [36m652[0m [[35m50.3[0m% ([36m384[0m/[36m763[0m batches, [36m3603692[0m pos/sec)]
Estimated time to end of superbatch: [36m13.8[0ms     [Fsuperbatch [36m652[0m [[35m67.1[0m% ([36m512[0m/[36m763[0m batches, [36m3596632[0m pos/sec)]
Estimated time to end of superbatch: [36m9.2[0ms     [Fsuperbatch [36m652[0m [[35m83.9[0m% ([36m640[0m/[36m763[0m batches, [36m3595188[0m pos/sec)]
Estimated time to end of superbatch: [36m4.5[0ms     [Fsuperbatch [36m652[0m | time [36m27.8[0ms | running loss [36m0.017139[0m | [36m3598432[0m pos/sec | total time [36m18328.5[0ms
Estimated time remaining in training: [36m0[0mh [36m41[0mm [36m13[0ms
LR dropped to [36m0.00011844997[0m
superbatch [36m653[0m [[35m0.0[0m% ([36m0[0m/[36m763[0m batches, [36m3555102[0m pos/sec)]
Estimated time to end of superbatch: [36minf[0ms     [Fsuperbatch [36m653[0m [[35m16.8[0m% ([36m128[0m/[36m763[0m batches, [36m3583091[0m pos/sec)]
Estimated time to end of superbatch: [36m23.4[0ms     [Fsuperbatch [36m653[0m [[35m33.6[0m% ([36m256[0m/[36m763[0m batches, [36m3592950[0m pos/sec)]
Estimated time to end of superbatch: [36m18.6[0ms     [Fsuperbatch [36m653[0m [[35m50.3[0m% ([36m384[0m/[36m763[0m batches, [36m3591514[0m pos/sec)]
Estimated time to end of superbatch: [36m13.9[0ms     [Fsuperbatch [36m653[0m [[35m67.1[0m% ([36m512[0m/[36m763[0m batches, [36m3593223[0m pos/sec)]
Estimated time to end of superbatch: [36m9.2[0ms     [Fsuperbatch [36m653[0m [[35m83.9[0m% ([36m640[0m/[36m763[0m batches, [36m3603361[0m pos/sec)]
Estimated time to end of superbatch: [36m4.5[0ms     [Fsuperbatch [36m653[0m | time [36m27.8[0ms | running loss [36m0.015452[0m | [36m3597804[0m pos/sec | total time [36m18356.3[0ms
Estimated time remaining in training: [36m0[0mh [36m40[0mm [36m45[0ms
LR dropped to [36m0.00011710002[0m
superbatch [36m654[0m [[35m0.0[0m% ([36m0[0m/[36m763[0m batches, [36m3771973[0m pos/sec)]
Estimated time to end of superbatch: [36minf[0ms     [Fsuperbatch [36m654[0m [[35m16.8[0m% ([36m128[0m/[36m763[0m batches, [36m3490493[0m pos/sec)]
Estimated time to end of superbatch: [36m24.0[0ms     [Fsuperbatch [36m654[0m [[35m33.6[0m% ([36m256[0m/[36m763[0m batches, [36m3532094[0m pos/sec)]
Estimated time to end of superbatch: [36m18.9[0ms     [Fsuperbatch [36m654[0m [[35m50.3[0m% ([36m384[0m/[36m763[0m batches, [36m3544444[0m pos/sec)]
Estimated time to end of superbatch: [36m14.1[0ms     [Fsuperbatch [36m654[0m [[35m67.1[0m% ([36m512[0m/[36m763[0m batches, [36m3558616[0m pos/sec)]
Estimated time to end of superbatch: [36m9.3[0ms     [Fsuperbatch [36m654[0m [[35m83.9[0m% ([36m640[0m/[36m763[0m batches, [36m3561535[0m pos/sec)]
Estimated time to end of superbatch: [36m4.5[0ms     [Fsuperbatch [36m654[0m | time [36m28.0[0ms | running loss [36m0.015472[0m | [36m3574316[0m pos/sec | total time [36m18384.3[0ms
Estimated time remaining in training: [36m0[0mh [36m40[0mm [36m17[0ms
LR dropped to [36m0.00011575001[0m
superbatch [36m655[0m [[35m0.0[0m% ([36m0[0m/[36m763[0m batches, [36m4123558[0m pos/sec)]
Estimated time to end of superbatch: [36minf[0ms     [Fsuperbatch [36m655[0m [[35m16.8[0m% ([36m128[0m/[36m763[0m batches, [36m3556669[0m pos/sec)]
Estimated time to end of superbatch: [36m23.6[0ms     [Fsuperbatch [36m655[0m [[35m33.6[0m% ([36m256[0m/[36m763[0m batches, [36m3572088[0m pos/sec)]
Estimated time to end of superbatch: [36m18.7[0ms     [Fsuperbatch [36m655[0m [[35m50.3[0m% ([36m384[0m/[36m763[0m batches, [36m3555192[0m pos/sec)]
Estimated time to end of superbatch: [36m14.0[0ms     [Fsuperbatch [36m655[0m [[35m67.1[0m% ([36m512[0m/[36m763[0m batches, [36m3542092[0m pos/sec)]
Estimated time to end of superbatch: [36m9.3[0ms     [Fsuperbatch [36m655[0m [[35m83.9[0m% ([36m640[0m/[36m763[0m batches, [36m3555631[0m pos/sec)]
Estimated time to end of superbatch: [36m4.5[0ms     [Fsuperbatch [36m655[0m | time [36m28.2[0ms | running loss [36m0.015339[0m | [36m3550520[0m pos/sec | total time [36m18412.5[0ms
Estimated time remaining in training: [36m0[0mh [36m39[0mm [36m49[0ms
LR dropped to [36m0.000114400056[0m
superbatch [36m656[0m [[35m0.0[0m% ([36m0[0m/[36m763[0m batches, [36m3616962[0m pos/sec)]
Estimated time to end of superbatch: [36minf[0ms     [Fsuperbatch [36m656[0m [[35m16.8[0m% ([36m128[0m/[36m763[0m batches, [36m3520764[0m pos/sec)]
Estimated time to end of superbatch: [36m23.8[0ms     [Fsuperbatch [36m656[0m [[35m33.6[0m% ([36m256[0m/[36m763[0m batches, [36m3558000[0m pos/sec)]
Estimated time to end of superbatch: [36m18.8[0ms     [Fsuperbatch [36m656[0m [[35m50.3[0m% ([36m384[0m/[36m763[0m batches, [36m3602885[0m pos/sec)]
Estimated time to end of superbatch: [36m13.8[0ms     [Fsuperbatch [36m656[0m [[35m67.1[0m% ([36m512[0m/[36m763[0m batches, [36m3613674[0m pos/sec)]
Estimated time to end of superbatch: [36m9.1[0ms     [Fsuperbatch [36m656[0m [[35m83.9[0m% ([36m640[0m/[36m763[0m batches, [36m3605140[0m pos/sec)]
Estimated time to end of superbatch: [36m4.5[0ms     [Fsuperbatch [36m656[0m | time [36m27.7[0ms | running loss [36m0.015468[0m | [36m3609434[0m pos/sec | total time [36m18440.2[0ms
Estimated time remaining in training: [36m0[0mh [36m39[0mm [36m21[0ms
LR dropped to [36m0.000113050046[0m
superbatch [36m657[0m [[35m0.0[0m% ([36m0[0m/[36m763[0m batches, [36m3762084[0m pos/sec)]
Estimated time to end of superbatch: [36minf[0ms     [Fsuperbatch [36m657[0m [[35m16.8[0m% ([36m128[0m/[36m763[0m batches, [36m3727308[0m pos/sec)]
Estimated time to end of superbatch: [36m22.5[0ms     [Fsuperbatch [36m657[0m [[35m33.6[0m% ([36m256[0m/[36m763[0m batches, [36m3654992[0m pos/sec)]
Estimated time to end of superbatch: [36m18.3[0ms     [Fsuperbatch [36m657[0m [[35m50.3[0m% ([36m384[0m/[36m763[0m batches, [36m3616134[0m pos/sec)]
Estimated time to end of superbatch: [36m13.8[0ms     [Fsuperbatch [36m657[0m [[35m67.1[0m% ([36m512[0m/[36m763[0m batches, [36m3615105[0m pos/sec)]
Estimated time to end of superbatch: [36m9.1[0ms     [Fsuperbatch [36m657[0m [[35m83.9[0m% ([36m640[0m/[36m763[0m batches, [36m3576782[0m pos/sec)]
Estimated time to end of superbatch: [36m4.5[0ms     [Fsuperbatch [36m657[0m | time [36m28.0[0ms | running loss [36m0.015308[0m | [36m3567359[0m pos/sec | total time [36m18468.2[0ms
Estimated time remaining in training: [36m0[0mh [36m38[0mm [36m53[0ms
LR dropped to [36m0.000111700036[0m
superbatch [36m658[0m [[35m0.0[0m% ([36m0[0m/[36m763[0m batches, [36m3446530[0m pos/sec)]
Estimated time to end of superbatch: [36minf[0ms     [Fsuperbatch [36m658[0m [[35m16.8[0m% ([36m128[0m/[36m763[0m batches, [36m3636620[0m pos/sec)]
Estimated time to end of superbatch: [36m23.1[0ms     [Fsuperbatch [36m658[0m [[35m33.6[0m% ([36m256[0m/[36m763[0m batches, [36m3616689[0m pos/sec)]
Estimated time to end of superbatch: [36m18.4[0ms     [Fsuperbatch [36m658[0m [[35m50.3[0m% ([36m384[0m/[36m763[0m batches, [36m3615251[0m pos/sec)]
Estimated time to end of superbatch: [36m13.8[0ms     [Fsuperbatch [36m658[0m [[35m67.1[0m% ([36m512[0m/[36m763[0m batches, [36m3616006[0m pos/sec)]
Estimated time to end of superbatch: [36m9.1[0ms     [Fsuperbatch [36m658[0m [[35m83.9[0m% ([36m640[0m/[36m763[0m batches, [36m3603286[0m pos/sec)]
Estimated time to end of superbatch: [36m4.5[0ms     [Fsuperbatch [36m658[0m | time [36m27.7[0ms | running loss [36m0.015474[0m | [36m3607625[0m pos/sec | total time [36m18495.9[0ms
Estimated time remaining in training: [36m0[0mh [36m38[0mm [36m24[0ms
LR dropped to [36m0.000110350025[0m
superbatch [36m659[0m [[35m0.0[0m% ([36m0[0m/[36m763[0m batches, [36m3405302[0m pos/sec)]
Estimated time to end of superbatch: [36minf[0ms     [Fsuperbatch [36m659[0m [[35m16.8[0m% ([36m128[0m/[36m763[0m batches, [36m3549474[0m pos/sec)]
Estimated time to end of superbatch: [36m23.6[0ms     [Fsuperbatch [36m659[0m [[35m33.6[0m% ([36m256[0m/[36m763[0m batches, [36m3601448[0m pos/sec)]
Estimated time to end of superbatch: [36m18.5[0ms     [Fsuperbatch [36m659[0m [[35m50.3[0m% ([36m384[0m/[36m763[0m batches, [36m3616155[0m pos/sec)]
Estimated time to end of superbatch: [36m13.8[0ms     [Fsuperbatch [36m659[0m [[35m67.1[0m% ([36m512[0m/[36m763[0m batches, [36m3603145[0m pos/sec)]
Estimated time to end of superbatch: [36m9.1[0ms     [Fsuperbatch [36m659[0m [[35m83.9[0m% ([36m640[0m/[36m763[0m batches, [36m3590550[0m pos/sec)]
Estimated time to end of superbatch: [36m4.5[0ms     [Fsuperbatch [36m659[0m | time [36m27.9[0ms | running loss [36m0.015308[0m | [36m3589692[0m pos/sec | total time [36m18523.8[0ms
Estimated time remaining in training: [36m0[0mh [36m37[0mm [36m56[0ms
LR dropped to [36m0.000109000015[0m
superbatch [36m660[0m [[35m0.0[0m% ([36m0[0m/[36m763[0m batches, [36m3720665[0m pos/sec)]
Estimated time to end of superbatch: [36minf[0ms     [Fsuperbatch [36m660[0m [[35m16.8[0m% ([36m128[0m/[36m763[0m batches, [36m3611229[0m pos/sec)]
Estimated time to end of superbatch: [36m23.2[0ms     [Fsuperbatch [36m660[0m [[35m33.6[0m% ([36m256[0m/[36m763[0m batches, [36m3596674[0m pos/sec)]
Estimated time to end of superbatch: [36m18.5[0ms     [Fsuperbatch [36m660[0m [[35m50.3[0m% ([36m384[0m/[36m763[0m batches, [36m3611644[0m pos/sec)]
Estimated time to end of superbatch: [36m13.8[0ms     [Fsuperbatch [36m660[0m [[35m67.1[0m% ([36m512[0m/[36m763[0m batches, [36m3598424[0m pos/sec)]
Estimated time to end of superbatch: [36m9.2[0ms     [Fsuperbatch [36m660[0m [[35m83.9[0m% ([36m640[0m/[36m763[0m batches, [36m3589344[0m pos/sec)]
Estimated time to end of superbatch: [36m4.5[0ms     [Fsuperbatch [36m660[0m | time [36m27.8[0ms | running loss [36m0.015462[0m | [36m3602384[0m pos/sec | total time [36m18551.5[0ms
Estimated time remaining in training: [36m0[0mh [36m37[0mm [36m28[0ms
Saved [anna-v5-s1-660]
LR dropped to [36m0.000107650005[0m
superbatch [36m661[0m [[35m0.0[0m% ([36m0[0m/[36m763[0m batches, [36m3754375[0m pos/sec)]
Estimated time to end of superbatch: [36minf[0ms     [Fsuperbatch [36m661[0m [[35m16.8[0m% ([36m128[0m/[36m763[0m batches, [36m3688469[0m pos/sec)]
Estimated time to end of superbatch: [36m22.7[0ms     [Fsuperbatch [36m661[0m [[35m33.6[0m% ([36m256[0m/[36m763[0m batches, [36m3581724[0m pos/sec)]
Estimated time to end of superbatch: [36m18.6[0ms     [Fsuperbatch [36m661[0m [[35m50.3[0m% ([36m384[0m/[36m763[0m batches, [36m3574613[0m pos/sec)]
Estimated time to end of superbatch: [36m13.9[0ms     [Fsuperbatch [36m661[0m [[35m67.1[0m% ([36m512[0m/[36m763[0m batches, [36m3570145[0m pos/sec)]
Estimated time to end of superbatch: [36m9.2[0ms     [Fsuperbatch [36m661[0m [[35m83.9[0m% ([36m640[0m/[36m763[0m batches, [36m3556952[0m pos/sec)]
Estimated time to end of superbatch: [36m4.5[0ms     [Fsuperbatch [36m661[0m | time [36m28.1[0ms | running loss [36m0.015286[0m | [36m3564290[0m pos/sec | total time [36m18582.6[0ms
Estimated time remaining in training: [36m0[0mh [36m37[0mm [36m0[0ms
LR dropped to [36m0.000106299995[0m
superbatch [36m662[0m [[35m0.0[0m% ([36m0[0m/[36m763[0m batches, [36m3443754[0m pos/sec)]
Estimated time to end of superbatch: [36minf[0ms     [Fsuperbatch [36m662[0m [[35m16.8[0m% ([36m128[0m/[36m763[0m batches, [36m3588549[0m pos/sec)]
Estimated time to end of superbatch: [36m23.4[0ms     [Fsuperbatch [36m662[0m [[35m33.6[0m% ([36m256[0m/[36m763[0m batches, [36m3621417[0m pos/sec)]
Estimated time to end of superbatch: [36m18.4[0ms     [Fsuperbatch [36m662[0m [[35m50.3[0m% ([36m384[0m/[36m763[0m batches, [36m3603090[0m pos/sec)]
Estimated time to end of superbatch: [36m13.8[0ms     [Fsuperbatch [36m662[0m [[35m67.1[0m% ([36m512[0m/[36m763[0m batches, [36m3593594[0m pos/sec)]
Estimated time to end of superbatch: [36m9.2[0ms     [Fsuperbatch [36m662[0m [[35m83.9[0m% ([36m640[0m/[36m763[0m batches, [36m3579019[0m pos/sec)]
Estimated time to end of superbatch: [36m4.5[0ms     [Fsuperbatch [36m662[0m | time [36m28.0[0ms | running loss [36m0.015470[0m | [36m3572718[0m pos/sec | total time [36m18610.6[0ms
Estimated time remaining in training: [36m0[0mh [36m36[0mm [36m32[0ms
LR dropped to [36m0.000104949984[0m
superbatch [36m663[0m [[35m0.0[0m% ([36m0[0m/[36m763[0m batches, [36m3806395[0m pos/sec)]
Estimated time to end of superbatch: [36minf[0ms     [Fsuperbatch [36m663[0m [[35m16.8[0m% ([36m128[0m/[36m763[0m batches, [36m3554400[0m pos/sec)]
Estimated time to end of superbatch: [36m23.6[0ms     [Fsuperbatch [36m663[0m [[35m33.6[0m% ([36m256[0m/[36m763[0m batches, [36m3542375[0m pos/sec)]
Estimated time to end of superbatch: [36m18.8[0ms     [Fsuperbatch [36m663[0m [[35m50.3[0m% ([36m384[0m/[36m763[0m batches, [36m3544279[0m pos/sec)]
Estimated time to end of superbatch: [36m14.1[0ms     [Fsuperbatch [36m663[0m [[35m67.1[0m% ([36m512[0m/[36m763[0m batches, [36m3560406[0m pos/sec)]
Estimated time to end of superbatch: [36m9.3[0ms     [Fsuperbatch [36m663[0m [[35m83.9[0m% ([36m640[0m/[36m763[0m batches, [36m3570460[0m pos/sec)]
Estimated time to end of superbatch: [36m4.5[0ms     [Fsuperbatch [36m663[0m | time [36m28.2[0ms | running loss [36m0.015293[0m | [36m3550996[0m pos/sec | total time [36m18638.8[0ms
Estimated time remaining in training: [36m0[0mh [36m36[0mm [36m4[0ms
LR dropped to [36m0.000103599974[0m
superbatch [36m664[0m [[35m0.0[0m% ([36m0[0m/[36m763[0m batches, [36m3852733[0m pos/sec)]
Estimated time to end of superbatch: [36minf[0ms     [Fsuperbatch [36m664[0m [[35m16.8[0m% ([36m128[0m/[36m763[0m batches, [36m3481846[0m pos/sec)]
Estimated time to end of superbatch: [36m24.1[0ms     [Fsuperbatch [36m664[0m [[35m33.6[0m% ([36m256[0m/[36m763[0m batches, [36m3495535[0m pos/sec)]
Estimated time to end of superbatch: [36m19.1[0ms     [Fsuperbatch [36m664[0m [[35m50.3[0m% ([36m384[0m/[36m763[0m batches, [36m3497054[0m pos/sec)]
Estimated time to end of superbatch: [36m14.2[0ms     [Fsuperbatch [36m664[0m [[35m67.1[0m% ([36m512[0m/[36m763[0m batches, [36m3488081[0m pos/sec)]
Estimated time to end of superbatch: [36m9.5[0ms     [Fsuperbatch [36m664[0m [[35m83.9[0m% ([36m640[0m/[36m763[0m batches, [36m3483625[0m pos/sec)]
Estimated time to end of superbatch: [36m4.6[0ms     [Fsuperbatch [36m664[0m | time [36m28.7[0ms | running loss [36m0.015507[0m | [36m3489679[0m pos/sec | total time [36m18667.4[0ms
Estimated time remaining in training: [36m0[0mh [36m35[0mm [36m36[0ms
LR dropped to [36m0.00010225002[0m
superbatch [36m665[0m [[35m0.0[0m% ([36m0[0m/[36m763[0m batches, [36m3330516[0m pos/sec)]
Estimated time to end of superbatch: [36minf[0ms     [Fsuperbatch [36m665[0m [[35m16.8[0m% ([36m128[0m/[36m763[0m batches, [36m3534831[0m pos/sec)]
Estimated time to end of superbatch: [36m23.7[0ms     [Fsuperbatch [36m665[0m [[35m33.6[0m% ([36m256[0m/[36m763[0m batches, [36m3535562[0m pos/sec)]
Estimated time to end of superbatch: [36m18.9[0ms     [Fsuperbatch [36m665[0m [[35m50.3[0m% ([36m384[0m/[36m763[0m batches, [36m3544429[0m pos/sec)]
Estimated time to end of superbatch: [36m14.1[0ms     [Fsuperbatch [36m665[0m [[35m67.1[0m% ([36m512[0m/[36m763[0m batches, [36m3551944[0m pos/sec)]
Estimated time to end of superbatch: [36m9.3[0ms     [Fsuperbatch [36m665[0m [[35m83.9[0m% ([36m640[0m/[36m763[0m batches, [36m3556612[0m pos/sec)]
Estimated time to end of superbatch: [36m4.5[0ms     [Fsuperbatch [36m665[0m | time [36m28.2[0ms | running loss [36m0.015297[0m | [36m3551234[0m pos/sec | total time [36m18695.6[0ms
Estimated time remaining in training: [36m0[0mh [36m35[0mm [36m8[0ms
LR dropped to [36m0.00010090001[0m
superbatch [36m666[0m [[35m0.0[0m% ([36m0[0m/[36m763[0m batches, [36m3307027[0m pos/sec)]
Estimated time to end of superbatch: [36minf[0ms     [Fsuperbatch [36m666[0m [[35m16.8[0m% ([36m128[0m/[36m763[0m batches, [36m3521771[0m pos/sec)]
Estimated time to end of superbatch: [36m23.8[0ms     [Fsuperbatch [36m666[0m [[35m33.6[0m% ([36m256[0m/[36m763[0m batches, [36m3502878[0m pos/sec)]
Estimated time to end of superbatch: [36m19.0[0ms     [Fsuperbatch [36m666[0m [[35m50.3[0m% ([36m384[0m/[36m763[0m batches, [36m3518513[0m pos/sec)]
Estimated time to end of superbatch: [36m14.2[0ms     [Fsuperbatch [36m666[0m [[35m67.1[0m% ([36m512[0m/[36m763[0m batches, [36m3519903[0m pos/sec)]
Estimated time to end of superbatch: [36m9.4[0ms     [Fsuperbatch [36m666[0m [[35m83.9[0m% ([36m640[0m/[36m763[0m batches, [36m3517864[0m pos/sec)]
Estimated time to end of superbatch: [36m4.6[0ms     [Fsuperbatch [36m666[0m | time [36m28.3[0ms | running loss [36m0.015554[0m | [36m3538223[0m pos/sec | total time [36m18723.9[0ms
Estimated time remaining in training: [36m0[0mh [36m34[0mm [36m40[0ms
LR dropped to [36m0.00009955[0m
superbatch [36m667[0m [[35m0.0[0m% ([36m0[0m/[36m763[0m batches, [36m3358577[0m pos/sec)]
Estimated time to end of superbatch: [36minf[0ms     [Fsuperbatch [36m667[0m [[35m16.8[0m% ([36m128[0m/[36m763[0m batches, [36m3588342[0m pos/sec)]
Estimated time to end of superbatch: [36m23.4[0ms     [Fsuperbatch [36m667[0m [[35m33.6[0m% ([36m256[0m/[36m763[0m batches, [36m3600054[0m pos/sec)]
Estimated time to end of superbatch: [36m18.5[0ms     [Fsuperbatch [36m667[0m [[35m50.3[0m% ([36m384[0m/[36m763[0m batches, [36m3571467[0m pos/sec)]
Estimated time to end of superbatch: [36m13.9[0ms     [Fsuperbatch [36m667[0m [[35m67.1[0m% ([36m512[0m/[36m763[0m batches, [36m3573789[0m pos/sec)]
Estimated time to end of superbatch: [36m9.2[0ms     [Fsuperbatch [36m667[0m [[35m83.9[0m% ([36m640[0m/[36m763[0m batches, [36m3587480[0m pos/sec)]
Estimated time to end of superbatch: [36m4.5[0ms     [Fsuperbatch [36m667[0m | time [36m27.7[0ms | running loss [36m0.015348[0m | [36m3604642[0m pos/sec | total time [36m18751.6[0ms
Estimated time remaining in training: [36m0[0mh [36m34[0mm [36m12[0ms
LR dropped to [36m0.00009820005[0m
superbatch [36m668[0m [[35m0.0[0m% ([36m0[0m/[36m763[0m batches, [36m3625909[0m pos/sec)]
Estimated time to end of superbatch: [36minf[0ms     [Fsuperbatch [36m668[0m [[35m16.8[0m% ([36m128[0m/[36m763[0m batches, [36m3592014[0m pos/sec)]
Estimated time to end of superbatch: [36m23.4[0ms     [Fsuperbatch [36m668[0m [[35m33.6[0m% ([36m256[0m/[36m763[0m batches, [36m3591736[0m pos/sec)]
Estimated time to end of superbatch: [36m18.6[0ms     [Fsuperbatch [36m668[0m [[35m50.3[0m% ([36m384[0m/[36m763[0m batches, [36m3595824[0m pos/sec)]
Estimated time to end of superbatch: [36m13.9[0ms     [Fsuperbatch [36m668[0m [[35m67.1[0m% ([36m512[0m/[36m763[0m batches, [36m3587812[0m pos/sec)]
Estimated time to end of superbatch: [36m9.2[0ms     [Fsuperbatch [36m668[0m [[35m83.9[0m% ([36m640[0m/[36m763[0m batches, [36m3586033[0m pos/sec)]
Estimated time to end of superbatch: [36m4.5[0ms     [Fsuperbatch [36m668[0m | time [36m27.9[0ms | running loss [36m0.015575[0m | [36m3581666[0m pos/sec | total time [36m18779.5[0ms
Estimated time remaining in training: [36m0[0mh [36m33[0mm [36m44[0ms
LR dropped to [36m0.00009685004[0m
superbatch [36m669[0m [[35m0.0[0m% ([36m0[0m/[36m763[0m batches, [36m3840566[0m pos/sec)]
Estimated time to end of superbatch: [36minf[0ms     [Fsuperbatch [36m669[0m [[35m16.8[0m% ([36m128[0m/[36m763[0m batches, [36m3652936[0m pos/sec)]
Estimated time to end of superbatch: [36m23.0[0ms     [Fsuperbatch [36m669[0m [[35m33.6[0m% ([36m256[0m/[36m763[0m batches, [36m3612848[0m pos/sec)]
Estimated time to end of superbatch: [36m18.5[0ms     [Fsuperbatch [36m669[0m [[35m50.3[0m% ([36m384[0m/[36m763[0m batches, [36m3592583[0m pos/sec)]
Estimated time to end of superbatch: [36m13.9[0ms     [Fsuperbatch [36m669[0m [[35m67.1[0m% ([36m512[0m/[36m763[0m batches, [36m3590116[0m pos/sec)]
Estimated time to end of superbatch: [36m9.2[0ms     [Fsuperbatch [36m669[0m [[35m83.9[0m% ([36m640[0m/[36m763[0m batches, [36m3587628[0m pos/sec)]
Estimated time to end of superbatch: [36m4.5[0ms     [Fsuperbatch [36m669[0m | time [36m28.0[0ms | running loss [36m0.015368[0m | [36m3577678[0m pos/sec | total time [36m18807.5[0ms
Estimated time remaining in training: [36m0[0mh [36m33[0mm [36m16[0ms
LR dropped to [36m0.00009550003[0m
superbatch [36m670[0m [[35m0.0[0m% ([36m0[0m/[36m763[0m batches, [36m3677939[0m pos/sec)]
Estimated time to end of superbatch: [36minf[0ms     [Fsuperbatch [36m670[0m [[35m16.8[0m% ([36m128[0m/[36m763[0m batches, [36m3492461[0m pos/sec)]
Estimated time to end of superbatch: [36m24.0[0ms     [Fsuperbatch [36m670[0m [[35m33.6[0m% ([36m256[0m/[36m763[0m batches, [36m3526050[0m pos/sec)]
Estimated time to end of superbatch: [36m18.9[0ms     [Fsuperbatch [36m670[0m [[35m50.3[0m% ([36m384[0m/[36m763[0m batches, [36m3553340[0m pos/sec)]
Estimated time to end of superbatch: [36m14.0[0ms     [Fsuperbatch [36m670[0m [[35m67.1[0m% ([36m512[0m/[36m763[0m batches, [36m3586722[0m pos/sec)]
Estimated time to end of superbatch: [36m9.2[0ms     [Fsuperbatch [36m670[0m [[35m83.9[0m% ([36m640[0m/[36m763[0m batches, [36m3586382[0m pos/sec)]
Estimated time to end of superbatch: [36m4.5[0ms     [Fsuperbatch [36m670[0m | time [36m27.9[0ms | running loss [36m0.015588[0m | [36m3590732[0m pos/sec | total time [36m18835.3[0ms
Estimated time remaining in training: [36m0[0mh [36m32[0mm [36m47[0ms
Saved [anna-v5-s1-670]
LR dropped to [36m0.00009415002[0m
superbatch [36m671[0m [[35m0.0[0m% ([36m0[0m/[36m763[0m batches, [36m3449032[0m pos/sec)]
Estimated time to end of superbatch: [36minf[0ms     [Fsuperbatch [36m671[0m [[35m16.8[0m% ([36m128[0m/[36m763[0m batches, [36m3621477[0m pos/sec)]
Estimated time to end of superbatch: [36m23.2[0ms     [Fsuperbatch [36m671[0m [[35m33.6[0m% ([36m256[0m/[36m763[0m batches, [36m3648705[0m pos/sec)]
Estimated time to end of superbatch: [36m18.3[0ms     [Fsuperbatch [36m671[0m [[35m50.3[0m% ([36m384[0m/[36m763[0m batches, [36m3595206[0m pos/sec)]
Estimated time to end of superbatch: [36m13.9[0ms     [Fsuperbatch [36m671[0m [[35m67.1[0m% ([36m512[0m/[36m763[0m batches, [36m3582693[0m pos/sec)]
Estimated time to end of superbatch: [36m9.2[0ms     [Fsuperbatch [36m671[0m [[35m83.9[0m% ([36m640[0m/[36m763[0m batches, [36m3582617[0m pos/sec)]
Estimated time to end of superbatch: [36m4.5[0ms     [Fsuperbatch [36m671[0m | time [36m27.9[0ms | running loss [36m0.015417[0m | [36m3584407[0m pos/sec | total time [36m18866.2[0ms
Estimated time remaining in training: [36m0[0mh [36m32[0mm [36m20[0ms
LR dropped to [36m0.00009280001[0m
superbatch [36m672[0m [[35m0.0[0m% ([36m0[0m/[36m763[0m batches, [36m3918554[0m pos/sec)]
Estimated time to end of superbatch: [36minf[0ms     [Fsuperbatch [36m672[0m [[35m16.8[0m% ([36m128[0m/[36m763[0m batches, [36m3538088[0m pos/sec)]
Estimated time to end of superbatch: [36m23.7[0ms     [Fsuperbatch [36m672[0m [[35m33.6[0m% ([36m256[0m/[36m763[0m batches, [36m3556174[0m pos/sec)]
Estimated time to end of superbatch: [36m18.8[0ms     [Fsuperbatch [36m672[0m [[35m50.3[0m% ([36m384[0m/[36m763[0m batches, [36m3587337[0m pos/sec)]
Estimated time to end of superbatch: [36m13.9[0ms     [Fsuperbatch [36m672[0m [[35m67.1[0m% ([36m512[0m/[36m763[0m batches, [36m3592056[0m pos/sec)]
Estimated time to end of superbatch: [36m9.2[0ms     [Fsuperbatch [36m672[0m [[35m83.9[0m% ([36m640[0m/[36m763[0m batches, [36m3591367[0m pos/sec)]
Estimated time to end of superbatch: [36m4.5[0ms     [Fsuperbatch [36m672[0m | time [36m27.9[0ms | running loss [36m0.015604[0m | [36m3585248[0m pos/sec | total time [36m18894.1[0ms
Estimated time remaining in training: [36m0[0mh [36m31[0mm [36m51[0ms
LR dropped to [36m0.00009145[0m
superbatch [36m673[0m [[35m0.0[0m% ([36m0[0m/[36m763[0m batches, [36m3681429[0m pos/sec)]
Estimated time to end of superbatch: [36minf[0ms     [Fsuperbatch [36m673[0m [[35m16.8[0m% ([36m128[0m/[36m763[0m batches, [36m3556640[0m pos/sec)]
Estimated time to end of superbatch: [36m23.6[0ms     [Fsuperbatch [36m673[0m [[35m33.6[0m% ([36m256[0m/[36m763[0m batches, [36m3561434[0m pos/sec)]
Estimated time to end of superbatch: [36m18.7[0ms     [Fsuperbatch [36m673[0m [[35m50.3[0m% ([36m384[0m/[36m763[0m batches, [36m3538786[0m pos/sec)]
Estimated time to end of superbatch: [36m14.1[0ms     [Fsuperbatch [36m673[0m [[35m67.1[0m% ([36m512[0m/[36m763[0m batches, [36m3533674[0m pos/sec)]
Estimated time to end of superbatch: [36m9.3[0ms     [Fsuperbatch [36m673[0m [[35m83.9[0m% ([36m640[0m/[36m763[0m batches, [36m3531386[0m pos/sec)]
Estimated time to end of superbatch: [36m4.6[0ms     [Fsuperbatch [36m673[0m | time [36m28.2[0ms | running loss [36m0.015450[0m | [36m3544046[0m pos/sec | total time [36m18922.4[0ms
Estimated time remaining in training: [36m0[0mh [36m31[0mm [36m23[0ms
LR dropped to [36m0.00009009999[0m
superbatch [36m674[0m [[35m0.0[0m% ([36m0[0m/[36m763[0m batches, [36m3719090[0m pos/sec)]
Estimated time to end of superbatch: [36minf[0ms     [Fsuperbatch [36m674[0m [[35m16.8[0m% ([36m128[0m/[36m763[0m batches, [36m3526377[0m pos/sec)]
Estimated time to end of superbatch: [36m23.8[0ms     [Fsuperbatch [36m674[0m [[35m33.6[0m% ([36m256[0m/[36m763[0m batches, [36m3558146[0m pos/sec)]
=== wall-clock cap 5.5 h reached, killing the trainer
=== train end exit=-9
