=== train start 2026-09-13T15:59:47Z run=anna-v4 superbatches=310 data=/workspace/chess/data/test80-2024-01-jan-2tb7p.min-v2.v6.binpack,/workspace/chess/data/test80-2024-02-feb-2tb7p.min-v2.v6.binpack,/workspace/chess/data/test80-2024-03-mar-2tb7p.min-v2.v6.binpack,/workspace/chess/data/test80-2024-05-may-2tb7p.min-v2.v6.binpack
NVIDIA GeForce RTX 4090, 595.71.05, 49140 MiB
anna-v4 trainer (no threat inputs) | net anna-v4 | data ["/workspace/chess/data/test80-2024-01-jan-2tb7p.min-v2.v6.binpack", "/workspace/chess/data/test80-2024-02-feb-2tb7p.min-v2.v6.binpack", "/workspace/chess/data/test80-2024-03-mar-2tb7p.min-v2.v6.binpack", "/workspace/chess/data/test80-2024-05-may-2tb7p.min-v2.v6.binpack"] | stages 30/310/30 SB | batch 131072 x 763 | width 1024 L2 16 L3 32
[34;1mTraining on NVIDIA GeForce RTX 4090 (sm_89)[0m
superbatch [36m1[0m [[35m0.0[0m% ([36m0[0m/[36m763[0m batches, [36m1703380[0m pos/sec)]
Estimated time to end of superbatch: [36minf[0ms     [Fsuperbatch [36m1[0m [[35m16.8[0m% ([36m128[0m/[36m763[0m batches, [36m7522728[0m pos/sec)]
Estimated time to end of superbatch: [36m11.2[0ms     [Fsuperbatch [36m1[0m [[35m33.6[0m% ([36m256[0m/[36m763[0m batches, [36m7648277[0m pos/sec)]
Estimated time to end of superbatch: [36m8.7[0ms     [Fsuperbatch [36m1[0m [[35m50.3[0m% ([36m384[0m/[36m763[0m batches, [36m7741271[0m pos/sec)]
Estimated time to end of superbatch: [36m6.4[0ms     [Fsuperbatch [36m1[0m [[35m67.1[0m% ([36m512[0m/[36m763[0m batches, [36m7733529[0m pos/sec)]
Estimated time to end of superbatch: [36m4.3[0ms     [Fsuperbatch [36m1[0m [[35m83.9[0m% ([36m640[0m/[36m763[0m batches, [36m7723273[0m pos/sec)]
Estimated time to end of superbatch: [36m2.1[0ms     [Fsuperbatch [36m1[0m | time [36m13.0[0ms | running loss [36m0.025277[0m | [36m7699586[0m pos/sec | total time [36m27.8[0ms
Estimated time remaining in training: [36m0[0mh [36m13[0mm [36m25[0ms
LR increased to [36m0.0007533334[0m
superbatch [36m2[0m [[35m0.0[0m% ([36m0[0m/[36m763[0m batches, [36m7540194[0m pos/sec)]
Estimated time to end of superbatch: [36minf[0ms     [Fsuperbatch [36m2[0m [[35m16.8[0m% ([36m128[0m/[36m763[0m batches, [36m7518898[0m pos/sec)]
Estimated time to end of superbatch: [36m11.2[0ms     [Fsuperbatch [36m2[0m [[35m33.6[0m% ([36m256[0m/[36m763[0m batches, [36m7500708[0m pos/sec)]
Estimated time to end of superbatch: [36m8.9[0ms     [Fsuperbatch [36m2[0m [[35m50.3[0m% ([36m384[0m/[36m763[0m batches, [36m7479008[0m pos/sec)]
Estimated time to end of superbatch: [36m6.7[0ms     [Fsuperbatch [36m2[0m [[35m67.1[0m% ([36m512[0m/[36m763[0m batches, [36m7467851[0m pos/sec)]
Estimated time to end of superbatch: [36m4.4[0ms     [Fsuperbatch [36m2[0m [[35m83.9[0m% ([36m640[0m/[36m763[0m batches, [36m7456992[0m pos/sec)]
Estimated time to end of superbatch: [36m2.2[0ms     [Fsuperbatch [36m2[0m | time [36m13.4[0ms | running loss [36m0.018527[0m | [36m7450728[0m pos/sec | total time [36m41.2[0ms
Estimated time remaining in training: [36m0[0mh [36m9[0mm [36m36[0ms
LR increased to [36m0.00108[0m
superbatch [36m3[0m [[35m0.0[0m% ([36m0[0m/[36m763[0m batches, [36m7420094[0m pos/sec)]
Estimated time to end of superbatch: [36minf[0ms     [Fsuperbatch [36m3[0m [[35m16.8[0m% ([36m128[0m/[36m763[0m batches, [36m7398131[0m pos/sec)]
Estimated time to end of superbatch: [36m11.3[0ms     [Fsuperbatch [36m3[0m [[35m33.6[0m% ([36m256[0m/[36m763[0m batches, [36m7399970[0m pos/sec)]
Estimated time to end of superbatch: [36m9.0[0ms     [Fsuperbatch [36m3[0m [[35m50.3[0m% ([36m384[0m/[36m763[0m batches, [36m7400650[0m pos/sec)]
Estimated time to end of superbatch: [36m6.7[0ms     [Fsuperbatch [36m3[0m [[35m67.1[0m% ([36m512[0m/[36m763[0m batches, [36m7402148[0m pos/sec)]
Estimated time to end of superbatch: [36m4.5[0ms     [Fsuperbatch [36m3[0m [[35m83.9[0m% ([36m640[0m/[36m763[0m batches, [36m7403213[0m pos/sec)]
Estimated time to end of superbatch: [36m2.2[0ms     [Fsuperbatch [36m3[0m | time [36m13.5[0ms | running loss [36m0.016319[0m | [36m7400005[0m pos/sec | total time [36m54.7[0ms
Estimated time remaining in training: [36m0[0mh [36m8[0mm [36m12[0ms
LR increased to [36m0.0014066667[0m
superbatch [36m4[0m [[35m0.0[0m% ([36m0[0m/[36m763[0m batches, [36m7421368[0m pos/sec)]
Estimated time to end of superbatch: [36minf[0ms     [Fsuperbatch [36m4[0m [[35m16.8[0m% ([36m128[0m/[36m763[0m batches, [36m7432666[0m pos/sec)]
Estimated time to end of superbatch: [36m11.3[0ms     [Fsuperbatch [36m4[0m [[35m33.6[0m% ([36m256[0m/[36m763[0m batches, [36m7406877[0m pos/sec)]
Estimated time to end of superbatch: [36m9.0[0ms     [Fsuperbatch [36m4[0m [[35m50.3[0m% ([36m384[0m/[36m763[0m batches, [36m7420300[0m pos/sec)]
Estimated time to end of superbatch: [36m6.7[0ms     [Fsuperbatch [36m4[0m [[35m67.1[0m% ([36m512[0m/[36m763[0m batches, [36m7429913[0m pos/sec)]
Estimated time to end of superbatch: [36m4.4[0ms     [Fsuperbatch [36m4[0m [[35m83.9[0m% ([36m640[0m/[36m763[0m batches, [36m7438428[0m pos/sec)]
Estimated time to end of superbatch: [36m2.2[0ms     [Fsuperbatch [36m4[0m | time [36m13.4[0ms | running loss [36m0.014856[0m | [36m7445156[0m pos/sec | total time [36m68.2[0ms
Estimated time remaining in training: [36m0[0mh [36m7[0mm [36m23[0ms
LR increased to [36m0.0017333333[0m
superbatch [36m5[0m [[35m0.0[0m% ([36m0[0m/[36m763[0m batches, [36m7492676[0m pos/sec)]
Estimated time to end of superbatch: [36minf[0ms     [Fsuperbatch [36m5[0m [[35m16.8[0m% ([36m128[0m/[36m763[0m batches, [36m7481502[0m pos/sec)]
Estimated time to end of superbatch: [36m11.2[0ms     [Fsuperbatch [36m5[0m [[35m33.6[0m% ([36m256[0m/[36m763[0m batches, [36m7490206[0m pos/sec)]
Estimated time to end of superbatch: [36m8.9[0ms     [Fsuperbatch [36m5[0m [[35m50.3[0m% ([36m384[0m/[36m763[0m batches, [36m7497425[0m pos/sec)]
Estimated time to end of superbatch: [36m6.6[0ms     [Fsuperbatch [36m5[0m [[35m67.1[0m% ([36m512[0m/[36m763[0m batches, [36m7494738[0m pos/sec)]
Estimated time to end of superbatch: [36m4.4[0ms     [Fsuperbatch [36m5[0m [[35m83.9[0m% ([36m640[0m/[36m763[0m batches, [36m7498927[0m pos/sec)]
Estimated time to end of superbatch: [36m2.2[0ms     [Fsuperbatch [36m5[0m | time [36m13.3[0ms | running loss [36m0.014199[0m | [36m7495924[0m pos/sec | total time [36m81.5[0ms
Estimated time remaining in training: [36m0[0mh [36m6[0mm [36m47[0ms
LR increased to [36m0.00206[0m
superbatch [36m6[0m [[35m0.0[0m% ([36m0[0m/[36m763[0m batches, [36m7532386[0m pos/sec)]
Estimated time to end of superbatch: [36minf[0ms     [Fsuperbatch [36m6[0m [[35m16.8[0m% ([36m128[0m/[36m763[0m batches, [36m7551814[0m pos/sec)]
Estimated time to end of superbatch: [36m11.1[0ms     [Fsuperbatch [36m6[0m [[35m33.6[0m% ([36m256[0m/[36m763[0m batches, [36m7557992[0m pos/sec)]
Estimated time to end of superbatch: [36m8.8[0ms     [Fsuperbatch [36m6[0m [[35m50.3[0m% ([36m384[0m/[36m763[0m batches, [36m7560922[0m pos/sec)]
Estimated time to end of superbatch: [36m6.6[0ms     [Fsuperbatch [36m6[0m [[35m67.1[0m% ([36m512[0m/[36m763[0m batches, [36m7565853[0m pos/sec)]
Estimated time to end of superbatch: [36m4.4[0ms     [Fsuperbatch [36m6[0m [[35m83.9[0m% ([36m640[0m/[36m763[0m batches, [36m7571839[0m pos/sec)]
Estimated time to end of superbatch: [36m2.1[0ms     [Fsuperbatch [36m6[0m | time [36m13.2[0ms | running loss [36m0.013475[0m | [36m7577698[0m pos/sec | total time [36m94.7[0ms
Estimated time remaining in training: [36m0[0mh [36m6[0mm [36m18[0ms
LR increased to [36m0.0023866668[0m
superbatch [36m7[0m [[35m0.0[0m% ([36m0[0m/[36m763[0m batches, [36m7608188[0m pos/sec)]
Estimated time to end of superbatch: [36minf[0ms     [Fsuperbatch [36m7[0m [[35m16.8[0m% ([36m128[0m/[36m763[0m batches, [36m7617398[0m pos/sec)]
Estimated time to end of superbatch: [36m11.0[0ms     [Fsuperbatch [36m7[0m [[35m33.6[0m% ([36m256[0m/[36m763[0m batches, [36m7627597[0m pos/sec)]
Estimated time to end of superbatch: [36m8.7[0ms     [Fsuperbatch [36m7[0m [[35m50.3[0m% ([36m384[0m/[36m763[0m batches, [36m7636582[0m pos/sec)]
Estimated time to end of superbatch: [36m6.5[0ms     [Fsuperbatch [36m7[0m [[35m67.1[0m% ([36m512[0m/[36m763[0m batches, [36m7644652[0m pos/sec)]
Estimated time to end of superbatch: [36m4.3[0ms     [Fsuperbatch [36m7[0m [[35m83.9[0m% ([36m640[0m/[36m763[0m batches, [36m7645727[0m pos/sec)]
Estimated time to end of superbatch: [36m2.1[0ms     [Fsuperbatch [36m7[0m | time [36m13.1[0ms | running loss [36m0.013238[0m | [36m7651773[0m pos/sec | total time [36m107.8[0ms
Estimated time remaining in training: [36m0[0mh [36m5[0mm [36m54[0ms
LR increased to [36m0.0027133336[0m
superbatch [36m8[0m [[35m0.0[0m% ([36m0[0m/[36m763[0m batches, [36m7690346[0m pos/sec)]
Estimated time to end of superbatch: [36minf[0ms     [Fsuperbatch [36m8[0m [[35m16.8[0m% ([36m128[0m/[36m763[0m batches, [36m7709720[0m pos/sec)]
Estimated time to end of superbatch: [36m10.9[0ms     [Fsuperbatch [36m8[0m [[35m33.6[0m% ([36m256[0m/[36m763[0m batches, [36m7714024[0m pos/sec)]
Estimated time to end of superbatch: [36m8.6[0ms     [Fsuperbatch [36m8[0m [[35m50.3[0m% ([36m384[0m/[36m763[0m batches, [36m7712192[0m pos/sec)]
Estimated time to end of superbatch: [36m6.5[0ms     [Fsuperbatch [36m8[0m [[35m67.1[0m% ([36m512[0m/[36m763[0m batches, [36m7722914[0m pos/sec)]
Estimated time to end of superbatch: [36m4.3[0ms     [Fsuperbatch [36m8[0m [[35m83.9[0m% ([36m640[0m/[36m763[0m batches, [36m7734290[0m pos/sec)]
Estimated time to end of superbatch: [36m2.1[0ms     [Fsuperbatch [36m8[0m | time [36m12.9[0ms | running loss [36m0.012741[0m | [36m7743818[0m pos/sec | total time [36m120.7[0ms
Estimated time remaining in training: [36m0[0mh [36m5[0mm [36m31[0ms
LR increased to [36m0.0030400003[0m
superbatch [36m9[0m [[35m0.0[0m% ([36m0[0m/[36m763[0m batches, [36m7776882[0m pos/sec)]
Estimated time to end of superbatch: [36minf[0ms     [Fsuperbatch [36m9[0m [[35m16.8[0m% ([36m128[0m/[36m763[0m batches, [36m7797532[0m pos/sec)]
Estimated time to end of superbatch: [36m10.8[0ms     [Fsuperbatch [36m9[0m [[35m33.6[0m% ([36m256[0m/[36m763[0m batches, [36m7807605[0m pos/sec)]
Estimated time to end of superbatch: [36m8.5[0ms     [Fsuperbatch [36m9[0m [[35m50.3[0m% ([36m384[0m/[36m763[0m batches, [36m7822472[0m pos/sec)]
Estimated time to end of superbatch: [36m6.4[0ms     [Fsuperbatch [36m9[0m [[35m67.1[0m% ([36m512[0m/[36m763[0m batches, [36m7835312[0m pos/sec)]
Estimated time to end of superbatch: [36m4.2[0ms     [Fsuperbatch [36m9[0m [[35m83.9[0m% ([36m640[0m/[36m763[0m batches, [36m7839749[0m pos/sec)]
Estimated time to end of superbatch: [36m2.1[0ms     [Fsuperbatch [36m9[0m | time [36m12.7[0ms | running loss [36m0.012750[0m | [36m7845377[0m pos/sec | total time [36m133.4[0ms
Estimated time remaining in training: [36m0[0mh [36m5[0mm [36m11[0ms
LR increased to [36m0.0033666668[0m
superbatch [36m10[0m [[35m0.0[0m% ([36m0[0m/[36m763[0m batches, [36m7879397[0m pos/sec)]
Estimated time to end of superbatch: [36minf[0ms     [Fsuperbatch [36m10[0m [[35m16.8[0m% ([36m128[0m/[36m763[0m batches, [36m7908038[0m pos/sec)]
Estimated time to end of superbatch: [36m10.6[0ms     [Fsuperbatch [36m10[0m [[35m33.6[0m% ([36m256[0m/[36m763[0m batches, [36m7922113[0m pos/sec)]
Estimated time to end of superbatch: [36m8.4[0ms     [Fsuperbatch [36m10[0m [[35m50.3[0m% ([36m384[0m/[36m763[0m batches, [36m7930134[0m pos/sec)]
Estimated time to end of superbatch: [36m6.3[0ms     [Fsuperbatch [36m10[0m [[35m67.1[0m% ([36m512[0m/[36m763[0m batches, [36m7938838[0m pos/sec)]
Estimated time to end of superbatch: [36m4.2[0ms     [Fsuperbatch [36m10[0m [[35m83.9[0m% ([36m640[0m/[36m763[0m batches, [36m7949672[0m pos/sec)]
Estimated time to end of superbatch: [36m2.0[0ms     [Fsuperbatch [36m10[0m | time [36m12.6[0ms | running loss [36m0.012393[0m | [36m7960868[0m pos/sec | total time [36m146.0[0ms
Estimated time remaining in training: [36m0[0mh [36m4[0mm [36m51[0ms
LR increased to [36m0.0036933336[0m
superbatch [36m11[0m [[35m0.0[0m% ([36m0[0m/[36m763[0m batches, [36m8010691[0m pos/sec)]
Estimated time to end of superbatch: [36minf[0ms     [Fsuperbatch [36m11[0m [[35m16.8[0m% ([36m128[0m/[36m763[0m batches, [36m8017174[0m pos/sec)]
Estimated time to end of superbatch: [36m10.5[0ms     [Fsuperbatch [36m11[0m [[35m33.6[0m% ([36m256[0m/[36m763[0m batches, [36m8032894[0m pos/sec)]
Estimated time to end of superbatch: [36m8.3[0ms     [Fsuperbatch [36m11[0m [[35m50.3[0m% ([36m384[0m/[36m763[0m batches, [36m8049191[0m pos/sec)]
Estimated time to end of superbatch: [36m6.2[0ms     [Fsuperbatch [36m11[0m [[35m67.1[0m% ([36m512[0m/[36m763[0m batches, [36m8061634[0m pos/sec)]
Estimated time to end of superbatch: [36m4.1[0ms     [Fsuperbatch [36m11[0m [[35m83.9[0m% ([36m640[0m/[36m763[0m batches, [36m8069980[0m pos/sec)]
Estimated time to end of superbatch: [36m2.0[0ms     [Fsuperbatch [36m11[0m | time [36m12.4[0ms | running loss [36m0.012498[0m | [36m8078268[0m pos/sec | total time [36m158.4[0ms
Estimated time remaining in training: [36m0[0mh [36m4[0mm [36m33[0ms
LR increased to [36m0.00402[0m
superbatch [36m12[0m [[35m0.0[0m% ([36m0[0m/[36m763[0m batches, [36m8143407[0m pos/sec)]
Estimated time to end of superbatch: [36minf[0ms     [Fsuperbatch [36m12[0m [[35m16.8[0m% ([36m128[0m/[36m763[0m batches, [36m8158413[0m pos/sec)]
Estimated time to end of superbatch: [36m10.3[0ms     [Fsuperbatch [36m12[0m [[35m33.6[0m% ([36m256[0m/[36m763[0m batches, [36m8172731[0m pos/sec)]
Estimated time to end of superbatch: [36m8.2[0ms     [Fsuperbatch [36m12[0m [[35m50.3[0m% ([36m384[0m/[36m763[0m batches, [36m8177254[0m pos/sec)]
Estimated time to end of superbatch: [36m6.1[0ms     [Fsuperbatch [36m12[0m [[35m67.1[0m% ([36m512[0m/[36m763[0m batches, [36m8185984[0m pos/sec)]
Estimated time to end of superbatch: [36m4.0[0ms     [Fsuperbatch [36m12[0m [[35m83.9[0m% ([36m640[0m/[36m763[0m batches, [36m8196094[0m pos/sec)]
Estimated time to end of superbatch: [36m2.0[0ms     [Fsuperbatch [36m12[0m | time [36m12.2[0ms | running loss [36m0.012203[0m | [36m8206092[0m pos/sec | total time [36m170.6[0ms
Estimated time remaining in training: [36m0[0mh [36m4[0mm [36m15[0ms
LR increased to [36m0.0043466664[0m
superbatch [36m13[0m [[35m0.0[0m% ([36m0[0m/[36m763[0m batches, [36m8263794[0m pos/sec)]
Estimated time to end of superbatch: [36minf[0ms     [Fsuperbatch [36m13[0m [[35m16.8[0m% ([36m128[0m/[36m763[0m batches, [36m8262401[0m pos/sec)]
Estimated time to end of superbatch: [36m10.2[0ms     [Fsuperbatch [36m13[0m [[35m33.6[0m% ([36m256[0m/[36m763[0m batches, [36m8274384[0m pos/sec)]
Estimated time to end of superbatch: [36m8.1[0ms     [Fsuperbatch [36m13[0m [[35m50.3[0m% ([36m384[0m/[36m763[0m batches, [36m8288686[0m pos/sec)]
Estimated time to end of superbatch: [36m6.0[0ms     [Fsuperbatch [36m13[0m [[35m67.1[0m% ([36m512[0m/[36m763[0m batches, [36m8299770[0m pos/sec)]
Estimated time to end of superbatch: [36m4.0[0ms     [Fsuperbatch [36m13[0m [[35m83.9[0m% ([36m640[0m/[36m763[0m batches, [36m8305800[0m pos/sec)]
Estimated time to end of superbatch: [36m1.9[0ms     [Fsuperbatch [36m13[0m | time [36m12.0[0ms | running loss [36m0.012363[0m | [36m8313900[0m pos/sec | total time [36m182.6[0ms
Estimated time remaining in training: [36m0[0mh [36m3[0mm [36m58[0ms
LR increased to [36m0.0046733334[0m
superbatch [36m14[0m [[35m0.0[0m% ([36m0[0m/[36m763[0m batches, [36m8370520[0m pos/sec)]
Estimated time to end of superbatch: [36minf[0ms     [Fsuperbatch [36m14[0m [[35m16.8[0m% ([36m128[0m/[36m763[0m batches, [36m8389178[0m pos/sec)]
Estimated time to end of superbatch: [36m10.0[0ms     [Fsuperbatch [36m14[0m [[35m33.6[0m% ([36m256[0m/[36m763[0m batches, [36m8399445[0m pos/sec)]
Estimated time to end of superbatch: [36m7.9[0ms     [Fsuperbatch [36m14[0m [[35m50.3[0m% ([36m384[0m/[36m763[0m batches, [36m8403962[0m pos/sec)]
Estimated time to end of superbatch: [36m5.9[0ms     [Fsuperbatch [36m14[0m [[35m67.1[0m% ([36m512[0m/[36m763[0m batches, [36m8411455[0m pos/sec)]
Estimated time to end of superbatch: [36m3.9[0ms     [Fsuperbatch [36m14[0m [[35m83.9[0m% ([36m640[0m/[36m763[0m batches, [36m8421558[0m pos/sec)]
Estimated time to end of superbatch: [36m1.9[0ms     [Fsuperbatch [36m14[0m | time [36m11.9[0ms | running loss [36m0.012155[0m | [36m8430031[0m pos/sec | total time [36m194.5[0ms
Estimated time remaining in training: [36m0[0mh [36m3[0mm [36m42[0ms
LR increased to [36m0.005[0m
superbatch [36m15[0m [[35m0.0[0m% ([36m0[0m/[36m763[0m batches, [36m8475158[0m pos/sec)]
Estimated time to end of superbatch: [36minf[0ms     [Fsuperbatch [36m15[0m [[35m16.8[0m% ([36m128[0m/[36m763[0m batches, [36m8481423[0m pos/sec)]
Estimated time to end of superbatch: [36m9.9[0ms     [Fsuperbatch [36m15[0m [[35m33.6[0m% ([36m256[0m/[36m763[0m batches, [36m8490200[0m pos/sec)]
Estimated time to end of superbatch: [36m7.9[0ms     [Fsuperbatch [36m15[0m [[35m50.3[0m% ([36m384[0m/[36m763[0m batches, [36m8492770[0m pos/sec)]
Estimated time to end of superbatch: [36m5.9[0ms     [Fsuperbatch [36m15[0m [[35m67.1[0m% ([36m512[0m/[36m763[0m batches, [36m8499124[0m pos/sec)]
Estimated time to end of superbatch: [36m3.9[0ms     [Fsuperbatch [36m15[0m [[35m83.9[0m% ([36m640[0m/[36m763[0m batches, [36m8503770[0m pos/sec)]
Estimated time to end of superbatch: [36m1.9[0ms     [Fsuperbatch [36m15[0m | time [36m11.8[0ms | running loss [36m0.012345[0m | [36m8508446[0m pos/sec | total time [36m206.2[0ms
Estimated time remaining in training: [36m0[0mh [36m3[0mm [36m26[0ms
LR dropped to [36m0.0046733334[0m
superbatch [36m16[0m [[35m0.0[0m% ([36m0[0m/[36m763[0m batches, [36m8553685[0m pos/sec)]
Estimated time to end of superbatch: [36minf[0ms     [Fsuperbatch [36m16[0m [[35m16.8[0m% ([36m128[0m/[36m763[0m batches, [36m7896630[0m pos/sec)]
Estimated time to end of superbatch: [36m10.6[0ms     [Fsuperbatch [36m16[0m [[35m33.6[0m% ([36m256[0m/[36m763[0m batches, [36m8197360[0m pos/sec)]
Estimated time to end of superbatch: [36m8.1[0ms     [Fsuperbatch [36m16[0m [[35m50.3[0m% ([36m384[0m/[36m763[0m batches, [36m8287542[0m pos/sec)]
Estimated time to end of superbatch: [36m6.0[0ms     [Fsuperbatch [36m16[0m [[35m67.1[0m% ([36m512[0m/[36m763[0m batches, [36m8355827[0m pos/sec)]
Estimated time to end of superbatch: [36m3.9[0ms     [Fsuperbatch [36m16[0m [[35m83.9[0m% ([36m640[0m/[36m763[0m batches, [36m8401869[0m pos/sec)]
Estimated time to end of superbatch: [36m1.9[0ms     [Fsuperbatch [36m16[0m | time [36m11.9[0ms | running loss [36m0.012103[0m | [36m8433114[0m pos/sec | total time [36m218.1[0ms
Estimated time remaining in training: [36m0[0mh [36m3[0mm [36m10[0ms
LR dropped to [36m0.0043466664[0m
superbatch [36m17[0m [[35m0.0[0m% ([36m0[0m/[36m763[0m batches, [36m8602945[0m pos/sec)]
Estimated time to end of superbatch: [36minf[0ms     [Fsuperbatch [36m17[0m [[35m16.8[0m% ([36m128[0m/[36m763[0m batches, [36m8104158[0m pos/sec)]
Estimated time to end of superbatch: [36m10.4[0ms     [Fsuperbatch [36m17[0m [[35m33.6[0m% ([36m256[0m/[36m763[0m batches, [36m8342228[0m pos/sec)]
Estimated time to end of superbatch: [36m8.0[0ms     [Fsuperbatch [36m17[0m [[35m50.3[0m% ([36m384[0m/[36m763[0m batches, [36m8429488[0m pos/sec)]
Estimated time to end of superbatch: [36m5.9[0ms     [Fsuperbatch [36m17[0m [[35m67.1[0m% ([36m512[0m/[36m763[0m batches, [36m8476207[0m pos/sec)]
Estimated time to end of superbatch: [36m3.9[0ms     [Fsuperbatch [36m17[0m [[35m83.9[0m% ([36m640[0m/[36m763[0m batches, [36m8503168[0m pos/sec)]
Estimated time to end of superbatch: [36m1.9[0ms     [Fsuperbatch [36m17[0m | time [36m11.7[0ms | running loss [36m0.012207[0m | [36m8520624[0m pos/sec | total time [36m229.8[0ms
Estimated time remaining in training: [36m0[0mh [36m2[0mm [36m55[0ms
LR dropped to [36m0.00402[0m
superbatch [36m18[0m [[35m0.0[0m% ([36m0[0m/[36m763[0m batches, [36m8626306[0m pos/sec)]
Estimated time to end of superbatch: [36minf[0ms     [Fsuperbatch [36m18[0m [[35m16.8[0m% ([36m128[0m/[36m763[0m batches, [36m8633238[0m pos/sec)]
Estimated time to end of superbatch: [36m9.7[0ms     [Fsuperbatch [36m18[0m [[35m33.6[0m% ([36m256[0m/[36m763[0m batches, [36m8634870[0m pos/sec)]
Estimated time to end of superbatch: [36m7.7[0ms     [Fsuperbatch [36m18[0m [[35m50.3[0m% ([36m384[0m/[36m763[0m batches, [36m8631544[0m pos/sec)]
Estimated time to end of superbatch: [36m5.8[0ms     [Fsuperbatch [36m18[0m [[35m67.1[0m% ([36m512[0m/[36m763[0m batches, [36m8627968[0m pos/sec)]
Estimated time to end of superbatch: [36m3.8[0ms     [Fsuperbatch [36m18[0m [[35m83.9[0m% ([36m640[0m/[36m763[0m batches, [36m8628145[0m pos/sec)]
Estimated time to end of superbatch: [36m1.9[0ms     [Fsuperbatch [36m18[0m | time [36m11.6[0ms | running loss [36m0.012014[0m | [36m8629427[0m pos/sec | total time [36m241.4[0ms
Estimated time remaining in training: [36m0[0mh [36m2[0mm [36m40[0ms
LR dropped to [36m0.0036933331[0m
superbatch [36m19[0m [[35m0.0[0m% ([36m0[0m/[36m763[0m batches, [36m8650701[0m pos/sec)]
Estimated time to end of superbatch: [36minf[0ms     [Fsuperbatch [36m19[0m [[35m16.8[0m% ([36m128[0m/[36m763[0m batches, [36m7929978[0m pos/sec)]
Estimated time to end of superbatch: [36m10.6[0ms     [Fsuperbatch [36m19[0m [[35m33.6[0m% ([36m256[0m/[36m763[0m batches, [36m8261578[0m pos/sec)]
Estimated time to end of superbatch: [36m8.1[0ms     [Fsuperbatch [36m19[0m [[35m50.3[0m% ([36m384[0m/[36m763[0m batches, [36m8382968[0m pos/sec)]
Estimated time to end of superbatch: [36m5.9[0ms     [Fsuperbatch [36m19[0m [[35m67.1[0m% ([36m512[0m/[36m763[0m batches, [36m8446585[0m pos/sec)]
Estimated time to end of superbatch: [36m3.9[0ms     [Fsuperbatch [36m19[0m [[35m83.9[0m% ([36m640[0m/[36m763[0m batches, [36m8483679[0m pos/sec)]
Estimated time to end of superbatch: [36m1.9[0ms     [Fsuperbatch [36m19[0m | time [36m11.8[0ms | running loss [36m0.012101[0m | [36m8506804[0m pos/sec | total time [36m253.1[0ms
Estimated time remaining in training: [36m0[0mh [36m2[0mm [36m26[0ms
LR dropped to [36m0.0033666664[0m
superbatch [36m20[0m [[35m0.0[0m% ([36m0[0m/[36m763[0m batches, [36m8634636[0m pos/sec)]
Estimated time to end of superbatch: [36minf[0ms     [Fsuperbatch [36m20[0m [[35m16.8[0m% ([36m128[0m/[36m763[0m batches, [36m8639599[0m pos/sec)]
Estimated time to end of superbatch: [36m9.7[0ms     [Fsuperbatch [36m20[0m [[35m33.6[0m% ([36m256[0m/[36m763[0m batches, [36m8640552[0m pos/sec)]
Estimated time to end of superbatch: [36m7.7[0ms     [Fsuperbatch [36m20[0m [[35m50.3[0m% ([36m384[0m/[36m763[0m batches, [36m8361377[0m pos/sec)]
Estimated time to end of superbatch: [36m6.0[0ms     [Fsuperbatch [36m20[0m [[35m67.1[0m% ([36m512[0m/[36m763[0m batches, [36m8427404[0m pos/sec)]
Estimated time to end of superbatch: [36m3.9[0ms     [Fsuperbatch [36m20[0m [[35m83.9[0m% ([36m640[0m/[36m763[0m batches, [36m8468986[0m pos/sec)]
Estimated time to end of superbatch: [36m1.9[0ms     [Fsuperbatch [36m20[0m | time [36m11.8[0ms | running loss [36m0.011914[0m | [36m8496212[0m pos/sec | total time [36m264.9[0ms
Estimated time remaining in training: [36m0[0mh [36m2[0mm [36m12[0ms
Saved [anna-v4-s0-20]
LR dropped to [36m0.0030399999[0m
superbatch [36m21[0m [[35m0.0[0m% ([36m0[0m/[36m763[0m batches, [36m8627066[0m pos/sec)]
Estimated time to end of superbatch: [36minf[0ms     [Fsuperbatch [36m21[0m [[35m16.8[0m% ([36m128[0m/[36m763[0m batches, [36m8654832[0m pos/sec)]
Estimated time to end of superbatch: [36m9.7[0ms     [Fsuperbatch [36m21[0m [[35m33.6[0m% ([36m256[0m/[36m763[0m batches, [36m8637498[0m pos/sec)]
Estimated time to end of superbatch: [36m7.7[0ms     [Fsuperbatch [36m21[0m [[35m50.3[0m% ([36m384[0m/[36m763[0m batches, [36m8635509[0m pos/sec)]
Estimated time to end of superbatch: [36m5.8[0ms     [Fsuperbatch [36m21[0m [[35m67.1[0m% ([36m512[0m/[36m763[0m batches, [36m8634801[0m pos/sec)]
Estimated time to end of superbatch: [36m3.8[0ms     [Fsuperbatch [36m21[0m [[35m83.9[0m% ([36m640[0m/[36m763[0m batches, [36m8515083[0m pos/sec)]
Estimated time to end of superbatch: [36m1.9[0ms     [Fsuperbatch [36m21[0m | time [36m11.7[0ms | running loss [36m0.011978[0m | [36m8532104[0m pos/sec | total time [36m278.0[0ms
Estimated time remaining in training: [36m0[0mh [36m1[0mm [36m59[0ms
LR dropped to [36m0.0027133331[0m
superbatch [36m22[0m [[35m0.0[0m% ([36m0[0m/[36m763[0m batches, [36m8610738[0m pos/sec)]
Estimated time to end of superbatch: [36minf[0ms     [Fsuperbatch [36m22[0m [[35m16.8[0m% ([36m128[0m/[36m763[0m batches, [36m8628486[0m pos/sec)]
Estimated time to end of superbatch: [36m9.7[0ms     [Fsuperbatch [36m22[0m [[35m33.6[0m% ([36m256[0m/[36m763[0m batches, [36m8630498[0m pos/sec)]
Estimated time to end of superbatch: [36m7.7[0ms     [Fsuperbatch [36m22[0m [[35m50.3[0m% ([36m384[0m/[36m763[0m batches, [36m7795920[0m pos/sec)]
Estimated time to end of superbatch: [36m6.4[0ms     [Fsuperbatch [36m22[0m [[35m67.1[0m% ([36m512[0m/[36m763[0m batches, [36m7985750[0m pos/sec)]
Estimated time to end of superbatch: [36m4.1[0ms     [Fsuperbatch [36m22[0m [[35m83.9[0m% ([36m640[0m/[36m763[0m batches, [36m8105058[0m pos/sec)]
Estimated time to end of superbatch: [36m2.0[0ms     [Fsuperbatch [36m22[0m | time [36m12.2[0ms | running loss [36m0.011808[0m | [36m8184440[0m pos/sec | total time [36m290.2[0ms
Estimated time remaining in training: [36m0[0mh [36m1[0mm [36m45[0ms
LR dropped to [36m0.0023866664[0m
superbatch [36m23[0m [[35m0.0[0m% ([36m0[0m/[36m763[0m batches, [36m8619362[0m pos/sec)]
Estimated time to end of superbatch: [36minf[0ms     [Fsuperbatch [36m23[0m [[35m16.8[0m% ([36m128[0m/[36m763[0m batches, [36m6555271[0m pos/sec)]
Estimated time to end of superbatch: [36m12.8[0ms     [Fsuperbatch [36m23[0m [[35m33.6[0m% ([36m256[0m/[36m763[0m batches, [36m7435562[0m pos/sec)]
Estimated time to end of superbatch: [36m9.0[0ms     [Fsuperbatch [36m23[0m [[35m50.3[0m% ([36m384[0m/[36m763[0m batches, [36m7789322[0m pos/sec)]
Estimated time to end of superbatch: [36m6.4[0ms     [Fsuperbatch [36m23[0m [[35m67.1[0m% ([36m512[0m/[36m763[0m batches, [36m7981306[0m pos/sec)]
Estimated time to end of superbatch: [36m4.1[0ms     [Fsuperbatch [36m23[0m [[35m83.9[0m% ([36m640[0m/[36m763[0m batches, [36m7518417[0m pos/sec)]
Estimated time to end of superbatch: [36m2.1[0ms     [Fsuperbatch [36m23[0m | time [36m13.0[0ms | running loss [36m0.011796[0m | [36m7672737[0m pos/sec | total time [36m303.2[0ms
Estimated time remaining in training: [36m0[0mh [36m1[0mm [36m32[0ms
LR dropped to [36m0.0020599996[0m
superbatch [36m24[0m [[35m0.0[0m% ([36m0[0m/[36m763[0m batches, [36m8603136[0m pos/sec)]
Estimated time to end of superbatch: [36minf[0ms     [Fsuperbatch [36m24[0m [[35m16.8[0m% ([36m128[0m/[36m763[0m batches, [36m8607120[0m pos/sec)]
Estimated time to end of superbatch: [36m9.7[0ms     [Fsuperbatch [36m24[0m [[35m33.6[0m% ([36m256[0m/[36m763[0m batches, [36m8440337[0m pos/sec)]
Estimated time to end of superbatch: [36m7.9[0ms     [Fsuperbatch [36m24[0m [[35m50.3[0m% ([36m384[0m/[36m763[0m batches, [36m7236598[0m pos/sec)]
Estimated time to end of superbatch: [36m6.9[0ms     [Fsuperbatch [36m24[0m [[35m67.1[0m% ([36m512[0m/[36m763[0m batches, [36m7536886[0m pos/sec)]
Estimated time to end of superbatch: [36m4.4[0ms     [Fsuperbatch [36m24[0m [[35m83.9[0m% ([36m640[0m/[36m763[0m batches, [36m7730751[0m pos/sec)]
Estimated time to end of superbatch: [36m2.1[0ms     [Fsuperbatch [36m24[0m | time [36m12.7[0ms | running loss [36m0.011649[0m | [36m7860371[0m pos/sec | total time [36m316.0[0ms
Estimated time remaining in training: [36m0[0mh [36m1[0mm [36m18[0ms
LR dropped to [36m0.0017333331[0m
superbatch [36m25[0m [[35m0.0[0m% ([36m0[0m/[36m763[0m batches, [36m8614218[0m pos/sec)]
Estimated time to end of superbatch: [36minf[0ms     [Fsuperbatch [36m25[0m [[35m16.8[0m% ([36m128[0m/[36m763[0m batches, [36m5235681[0m pos/sec)]
Estimated time to end of superbatch: [36m16.0[0ms     [Fsuperbatch [36m25[0m [[35m33.6[0m% ([36m256[0m/[36m763[0m batches, [36m6494102[0m pos/sec)]
Estimated time to end of superbatch: [36m10.3[0ms     [Fsuperbatch [36m25[0m [[35m50.3[0m% ([36m384[0m/[36m763[0m batches, [36m7063556[0m pos/sec)]
Estimated time to end of superbatch: [36m7.1[0ms     [Fsuperbatch [36m25[0m [[35m67.1[0m% ([36m512[0m/[36m763[0m batches, [36m7389106[0m pos/sec)]
Estimated time to end of superbatch: [36m4.5[0ms     [Fsuperbatch [36m25[0m [[35m83.9[0m% ([36m640[0m/[36m763[0m batches, [36m6780426[0m pos/sec)]
Estimated time to end of superbatch: [36m2.4[0ms     [Fsuperbatch [36m25[0m | time [36m14.3[0ms | running loss [36m0.011641[0m | [36m7015951[0m pos/sec | total time [36m330.2[0ms
Estimated time remaining in training: [36m0[0mh [36m1[0mm [36m6[0ms
LR dropped to [36m0.0014066664[0m
superbatch [36m26[0m [[35m0.0[0m% ([36m0[0m/[36m763[0m batches, [36m8569349[0m pos/sec)]
Estimated time to end of superbatch: [36minf[0ms     [Fsuperbatch [36m26[0m [[35m16.8[0m% ([36m128[0m/[36m763[0m batches, [36m8587251[0m pos/sec)]
Estimated time to end of superbatch: [36m9.8[0ms     [Fsuperbatch [36m26[0m [[35m33.6[0m% ([36m256[0m/[36m763[0m batches, [36m8586540[0m pos/sec)]
Estimated time to end of superbatch: [36m7.8[0ms     [Fsuperbatch [36m26[0m [[35m50.3[0m% ([36m384[0m/[36m763[0m batches, [36m7438749[0m pos/sec)]
Estimated time to end of superbatch: [36m6.7[0ms     [Fsuperbatch [36m26[0m [[35m67.1[0m% ([36m512[0m/[36m763[0m batches, [36m7692040[0m pos/sec)]
Estimated time to end of superbatch: [36m4.3[0ms     [Fsuperbatch [36m26[0m [[35m83.9[0m% ([36m640[0m/[36m763[0m batches, [36m7853020[0m pos/sec)]
Estimated time to end of superbatch: [36m2.1[0ms     [Fsuperbatch [36m26[0m | time [36m12.6[0ms | running loss [36m0.011568[0m | [36m7959818[0m pos/sec | total time [36m342.8[0ms
Estimated time remaining in training: [36m0[0mh [36m0[0mm [36m52[0ms
LR dropped to [36m0.0010799998[0m
superbatch [36m27[0m [[35m0.0[0m% ([36m0[0m/[36m763[0m batches, [36m8573133[0m pos/sec)]
Estimated time to end of superbatch: [36minf[0ms     [Fsuperbatch [36m27[0m [[35m16.8[0m% ([36m128[0m/[36m763[0m batches, [36m8570611[0m pos/sec)]
Estimated time to end of superbatch: [36m9.8[0ms     [Fsuperbatch [36m27[0m [[35m33.6[0m% ([36m256[0m/[36m763[0m batches, [36m7166310[0m pos/sec)]
Estimated time to end of superbatch: [36m9.3[0ms     [Fsuperbatch [36m27[0m [[35m50.3[0m% ([36m384[0m/[36m763[0m batches, [36m7573358[0m pos/sec)]
Estimated time to end of superbatch: [36m6.6[0ms     [Fsuperbatch [36m27[0m [[35m67.1[0m% ([36m512[0m/[36m763[0m batches, [36m7796104[0m pos/sec)]
Estimated time to end of superbatch: [36m4.2[0ms     [Fsuperbatch [36m27[0m [[35m83.9[0m% ([36m640[0m/[36m763[0m batches, [36m7935794[0m pos/sec)]
Estimated time to end of superbatch: [36m2.0[0ms     [Fsuperbatch [36m27[0m | time [36m12.8[0ms | running loss [36m0.011576[0m | [36m7790074[0m pos/sec | total time [36m355.6[0ms
Estimated time remaining in training: [36m0[0mh [36m0[0mm [36m39[0ms
LR dropped to [36m0.0007533333[0m
superbatch [36m28[0m [[35m0.0[0m% ([36m0[0m/[36m763[0m batches, [36m8501378[0m pos/sec)]
Estimated time to end of superbatch: [36minf[0ms     [Fsuperbatch [36m28[0m [[35m16.8[0m% ([36m128[0m/[36m763[0m batches, [36m8512880[0m pos/sec)]
Estimated time to end of superbatch: [36m9.9[0ms     [Fsuperbatch [36m28[0m [[35m33.6[0m% ([36m256[0m/[36m763[0m batches, [36m8512134[0m pos/sec)]
Estimated time to end of superbatch: [36m7.8[0ms     [Fsuperbatch [36m28[0m [[35m50.3[0m% ([36m384[0m/[36m763[0m batches, [36m8512105[0m pos/sec)]
Estimated time to end of superbatch: [36m5.9[0ms     [Fsuperbatch [36m28[0m [[35m67.1[0m% ([36m512[0m/[36m763[0m batches, [36m7782680[0m pos/sec)]
Estimated time to end of superbatch: [36m4.2[0ms     [Fsuperbatch [36m28[0m [[35m83.9[0m% ([36m640[0m/[36m763[0m batches, [36m7915819[0m pos/sec)]
Estimated time to end of superbatch: [36m2.0[0ms     [Fsuperbatch [36m28[0m | time [36m12.5[0ms | running loss [36m0.011531[0m | [36m8003730[0m pos/sec | total time [36m368.1[0ms
Estimated time remaining in training: [36m0[0mh [36m0[0mm [36m26[0ms
LR dropped to [36m0.00042666635[0m
superbatch [36m29[0m [[35m0.0[0m% ([36m0[0m/[36m763[0m batches, [36m8505472[0m pos/sec)]
Estimated time to end of superbatch: [36minf[0ms     [Fsuperbatch [36m29[0m [[35m16.8[0m% ([36m128[0m/[36m763[0m batches, [36m8499251[0m pos/sec)]
Estimated time to end of superbatch: [36m9.9[0ms     [Fsuperbatch [36m29[0m [[35m33.6[0m% ([36m256[0m/[36m763[0m batches, [36m7329553[0m pos/sec)]
Estimated time to end of superbatch: [36m9.1[0ms     [Fsuperbatch [36m29[0m [[35m50.3[0m% ([36m384[0m/[36m763[0m batches, [36m7675508[0m pos/sec)]
Estimated time to end of superbatch: [36m6.5[0ms     [Fsuperbatch [36m29[0m [[35m67.1[0m% ([36m512[0m/[36m763[0m batches, [36m7860956[0m pos/sec)]
Estimated time to end of superbatch: [36m4.2[0ms     [Fsuperbatch [36m29[0m [[35m83.9[0m% ([36m640[0m/[36m763[0m batches, [36m7977095[0m pos/sec)]
Estimated time to end of superbatch: [36m2.0[0ms     [Fsuperbatch [36m29[0m | time [36m13.4[0ms | running loss [36m0.011609[0m | [36m7456938[0m pos/sec | total time [36m381.5[0ms
Estimated time remaining in training: [36m0[0mh [36m0[0mm [36m13[0ms
LR dropped to [36m0.0001[0m
superbatch [36m30[0m [[35m0.0[0m% ([36m0[0m/[36m763[0m batches, [36m8386732[0m pos/sec)]
Estimated time to end of superbatch: [36minf[0ms     [Fsuperbatch [36m30[0m [[35m16.8[0m% ([36m128[0m/[36m763[0m batches, [36m8382818[0m pos/sec)]
Estimated time to end of superbatch: [36m10.0[0ms     [Fsuperbatch [36m30[0m [[35m33.6[0m% ([36m256[0m/[36m763[0m batches, [36m7689330[0m pos/sec)]
Estimated time to end of superbatch: [36m8.7[0ms     [Fsuperbatch [36m30[0m [[35m50.3[0m% ([36m384[0m/[36m763[0m batches, [36m7732510[0m pos/sec)]
Estimated time to end of superbatch: [36m6.4[0ms     [Fsuperbatch [36m30[0m [[35m67.1[0m% ([36m512[0m/[36m763[0m batches, [36m3991673[0m pos/sec)]
Estimated time to end of superbatch: [36m8.3[0ms     [Fsuperbatch [36m30[0m [[35m83.9[0m% ([36m640[0m/[36m763[0m batches, [36m4464325[0m pos/sec)]
Estimated time to end of superbatch: [36m3.6[0ms     [Fsuperbatch [36m30[0m | time [36m20.7[0ms | running loss [36m0.011719[0m | [36m4831124[0m pos/sec | total time [36m402.2[0ms
Estimated time remaining in training: [36m0[0mh [36m0[0mm [36m0[0ms
Saved [anna-v4-s0-30]
Total Training Time: [36m0[0mh [36m6[0mm [36m43[0ms
[34;1mTraining on NVIDIA GeForce RTX 4090 (sm_89)[0m
superbatch [36m1[0m [[35m0.0[0m% ([36m0[0m/[36m763[0m batches, [36m8021942[0m pos/sec)]
Estimated time to end of superbatch: [36minf[0ms     [Fsuperbatch [36m1[0m [[35m16.8[0m% ([36m128[0m/[36m763[0m batches, [36m8444627[0m pos/sec)]
Estimated time to end of superbatch: [36m9.9[0ms     [Fsuperbatch [36m1[0m [[35m33.6[0m% ([36m256[0m/[36m763[0m batches, [36m8479632[0m pos/sec)]
Estimated time to end of superbatch: [36m7.9[0ms     [Fsuperbatch [36m1[0m [[35m50.3[0m% ([36m384[0m/[36m763[0m batches, [36m8492328[0m pos/sec)]
Estimated time to end of superbatch: [36m5.9[0ms     [Fsuperbatch [36m1[0m [[35m67.1[0m% ([36m512[0m/[36m763[0m batches, [36m8493947[0m pos/sec)]
Estimated time to end of superbatch: [36m3.9[0ms     [Fsuperbatch [36m1[0m [[35m83.9[0m% ([36m640[0m/[36m763[0m batches, [36m8492561[0m pos/sec)]
Estimated time to end of superbatch: [36m1.9[0ms     [Fsuperbatch [36m1[0m | time [36m11.8[0ms | running loss [36m0.011471[0m | [36m8486801[0m pos/sec | total time [36m29.2[0ms
Estimated time remaining in training: [36m2[0mh [36m30[0mm [36m29[0ms
LR dropped to [36m0.0009935548[0m
superbatch [36m2[0m [[35m0.0[0m% ([36m0[0m/[36m763[0m batches, [36m8488869[0m pos/sec)]
Estimated time to end of superbatch: [36minf[0ms     [Fsuperbatch [36m2[0m [[35m16.8[0m% ([36m128[0m/[36m763[0m batches, [36m8496449[0m pos/sec)]
Estimated time to end of superbatch: [36m9.9[0ms     [Fsuperbatch [36m2[0m [[35m33.6[0m% ([36m256[0m/[36m763[0m batches, [36m8484927[0m pos/sec)]
Estimated time to end of superbatch: [36m7.9[0ms     [Fsuperbatch [36m2[0m [[35m50.3[0m% ([36m384[0m/[36m763[0m batches, [36m7886594[0m pos/sec)]
Estimated time to end of superbatch: [36m6.3[0ms     [Fsuperbatch [36m2[0m [[35m67.1[0m% ([36m512[0m/[36m763[0m batches, [36m8024413[0m pos/sec)]
Estimated time to end of superbatch: [36m4.1[0ms     [Fsuperbatch [36m2[0m [[35m83.9[0m% ([36m640[0m/[36m763[0m batches, [36m8112073[0m pos/sec)]
Estimated time to end of superbatch: [36m2.0[0ms     [Fsuperbatch [36m2[0m | time [36m12.2[0ms | running loss [36m0.011341[0m | [36m8168868[0m pos/sec | total time [36m41.5[0ms
Estimated time remaining in training: [36m1[0mh [36m46[0mm [36m25[0ms
LR dropped to [36m0.0009903323[0m
superbatch [36m3[0m [[35m0.0[0m% ([36m0[0m/[36m763[0m batches, [36m8480724[0m pos/sec)]
Estimated time to end of superbatch: [36minf[0ms     [Fsuperbatch [36m3[0m [[35m16.8[0m% ([36m128[0m/[36m763[0m batches, [36m4977365[0m pos/sec)]
Estimated time to end of superbatch: [36m16.9[0ms     [Fsuperbatch [36m3[0m [[35m33.6[0m% ([36m256[0m/[36m763[0m batches, [36m6262072[0m pos/sec)]
Estimated time to end of superbatch: [36m10.7[0ms     [Fsuperbatch [36m3[0m [[35m50.3[0m% ([36m384[0m/[36m763[0m batches, [36m6816476[0m pos/sec)]
Estimated time to end of superbatch: [36m7.3[0ms     [Fsuperbatch [36m3[0m [[35m67.1[0m% ([36m512[0m/[36m763[0m batches, [36m7020508[0m pos/sec)]
Estimated time to end of superbatch: [36m4.7[0ms     [Fsuperbatch [36m3[0m [[35m83.9[0m% ([36m640[0m/[36m763[0m batches, [36m7266312[0m pos/sec)]
Estimated time to end of superbatch: [36m2.2[0ms     [Fsuperbatch [36m3[0m | time [36m13.5[0ms | running loss [36m0.011490[0m | [36m7433918[0m pos/sec | total time [36m54.9[0ms
Estimated time remaining in training: [36m1[0mh [36m33[0mm [36m40[0ms
LR dropped to [36m0.0009871097[0m
superbatch [36m4[0m [[35m0.0[0m% ([36m0[0m/[36m763[0m batches, [36m8449866[0m pos/sec)]
Estimated time to end of superbatch: [36minf[0ms     [Fsuperbatch [36m4[0m [[35m16.8[0m% ([36m128[0m/[36m763[0m batches, [36m8461657[0m pos/sec)]
Estimated time to end of superbatch: [36m9.9[0ms     [Fsuperbatch [36m4[0m [[35m33.6[0m% ([36m256[0m/[36m763[0m batches, [36m8411738[0m pos/sec)]
Estimated time to end of superbatch: [36m7.9[0ms     [Fsuperbatch [36m4[0m [[35m50.3[0m% ([36m384[0m/[36m763[0m batches, [36m8403801[0m pos/sec)]
Estimated time to end of superbatch: [36m5.9[0ms     [Fsuperbatch [36m4[0m [[35m67.1[0m% ([36m512[0m/[36m763[0m batches, [36m8415155[0m pos/sec)]
Estimated time to end of superbatch: [36m3.9[0ms     [Fsuperbatch [36m4[0m [[35m83.9[0m% ([36m640[0m/[36m763[0m batches, [36m8418073[0m pos/sec)]
Estimated time to end of superbatch: [36m1.9[0ms     [Fsuperbatch [36m4[0m | time [36m11.9[0ms | running loss [36m0.011301[0m | [36m8417382[0m pos/sec | total time [36m66.8[0ms
Estimated time remaining in training: [36m1[0mh [36m25[0mm [36m10[0ms
LR dropped to [36m0.0009838871[0m
superbatch [36m5[0m [[35m0.0[0m% ([36m0[0m/[36m763[0m batches, [36m8413039[0m pos/sec)]
Estimated time to end of superbatch: [36minf[0ms     [Fsuperbatch [36m5[0m [[35m16.8[0m% ([36m128[0m/[36m763[0m batches, [36m8398374[0m pos/sec)]
Estimated time to end of superbatch: [36m10.0[0ms     [Fsuperbatch [36m5[0m [[35m33.6[0m% ([36m256[0m/[36m763[0m batches, [36m8399065[0m pos/sec)]
Estimated time to end of superbatch: [36m7.9[0ms     [Fsuperbatch [36m5[0m [[35m50.3[0m% ([36m384[0m/[36m763[0m batches, [36m8402110[0m pos/sec)]
Estimated time to end of superbatch: [36m5.9[0ms     [Fsuperbatch [36m5[0m [[35m67.1[0m% ([36m512[0m/[36m763[0m batches, [36m8402523[0m pos/sec)]
Estimated time to end of superbatch: [36m3.9[0ms     [Fsuperbatch [36m5[0m [[35m83.9[0m% ([36m640[0m/[36m763[0m batches, [36m7751044[0m pos/sec)]
Estimated time to end of superbatch: [36m2.1[0ms     [Fsuperbatch [36m5[0m | time [36m12.7[0ms | running loss [36m0.011429[0m | [36m7850723[0m pos/sec | total time [36m79.5[0ms
Estimated time remaining in training: [36m1[0mh [36m20[0mm [36m51[0ms
LR dropped to [36m0.0009806645[0m
superbatch [36m6[0m [[35m0.0[0m% ([36m0[0m/[36m763[0m batches, [36m8407594[0m pos/sec)]
Estimated time to end of superbatch: [36minf[0ms     [Fsuperbatch [36m6[0m [[35m16.8[0m% ([36m128[0m/[36m763[0m batches, [36m8327404[0m pos/sec)]
Estimated time to end of superbatch: [36m10.1[0ms     [Fsuperbatch [36m6[0m [[35m33.6[0m% ([36m256[0m/[36m763[0m batches, [36m8357076[0m pos/sec)]
Estimated time to end of superbatch: [36m8.0[0ms     [Fsuperbatch [36m6[0m [[35m50.3[0m% ([36m384[0m/[36m763[0m batches, [36m7592630[0m pos/sec)]
Estimated time to end of superbatch: [36m6.6[0ms     [Fsuperbatch [36m6[0m [[35m67.1[0m% ([36m512[0m/[36m763[0m batches, [36m7780942[0m pos/sec)]
Estimated time to end of superbatch: [36m4.2[0ms     [Fsuperbatch [36m6[0m [[35m83.9[0m% ([36m640[0m/[36m763[0m batches, [36m7899559[0m pos/sec)]
Estimated time to end of superbatch: [36m2.0[0ms     [Fsuperbatch [36m6[0m | time [36m12.5[0ms | running loss [36m0.011287[0m | [36m7977618[0m pos/sec | total time [36m92.1[0ms
Estimated time remaining in training: [36m1[0mh [36m17[0mm [36m45[0ms
LR dropped to [36m0.000977442[0m
superbatch [36m7[0m [[35m0.0[0m% ([36m0[0m/[36m763[0m batches, [36m8423572[0m pos/sec)]
Estimated time to end of superbatch: [36minf[0ms     [Fsuperbatch [36m7[0m [[35m16.8[0m% ([36m128[0m/[36m763[0m batches, [36m8348292[0m pos/sec)]
Estimated time to end of superbatch: [36m10.0[0ms     [Fsuperbatch [36m7[0m [[35m33.6[0m% ([36m256[0m/[36m763[0m batches, [36m8361696[0m pos/sec)]
Estimated time to end of superbatch: [36m8.0[0ms     [Fsuperbatch [36m7[0m [[35m50.3[0m% ([36m384[0m/[36m763[0m batches, [36m8362056[0m pos/sec)]
Estimated time to end of superbatch: [36m6.0[0ms     [Fsuperbatch [36m7[0m [[35m67.1[0m% ([36m512[0m/[36m763[0m batches, [36m8363006[0m pos/sec)]
Estimated time to end of superbatch: [36m3.9[0ms     [Fsuperbatch [36m7[0m [[35m83.9[0m% ([36m640[0m/[36m763[0m batches, [36m8355729[0m pos/sec)]
Estimated time to end of superbatch: [36m1.9[0ms     [Fsuperbatch [36m7[0m | time [36m12.0[0ms | running loss [36m0.011389[0m | [36m8350572[0m pos/sec | total time [36m104.1[0ms
Estimated time remaining in training: [36m1[0mh [36m15[0mm [36m3[0ms
LR dropped to [36m0.0009742194[0m
superbatch [36m8[0m [[35m0.0[0m% ([36m0[0m/[36m763[0m batches, [36m8372080[0m pos/sec)]
Estimated time to end of superbatch: [36minf[0ms     [Fsuperbatch [36m8[0m [[35m16.8[0m% ([36m128[0m/[36m763[0m batches, [36m8346406[0m pos/sec)]
Estimated time to end of superbatch: [36m10.0[0ms     [Fsuperbatch [36m8[0m [[35m33.6[0m% ([36m256[0m/[36m763[0m batches, [36m8356582[0m pos/sec)]
Estimated time to end of superbatch: [36m8.0[0ms     [Fsuperbatch [36m8[0m [[35m50.3[0m% ([36m384[0m/[36m763[0m batches, [36m8328323[0m pos/sec)]
Estimated time to end of superbatch: [36m6.0[0ms     [Fsuperbatch [36m8[0m [[35m67.1[0m% ([36m512[0m/[36m763[0m batches, [36m8333092[0m pos/sec)]
Estimated time to end of superbatch: [36m4.0[0ms     [Fsuperbatch [36m8[0m [[35m83.9[0m% ([36m640[0m/[36m763[0m batches, [36m8334138[0m pos/sec)]
Estimated time to end of superbatch: [36m1.9[0ms     [Fsuperbatch [36m8[0m | time [36m12.0[0ms | running loss [36m0.011249[0m | [36m8336332[0m pos/sec | total time [36m116.0[0ms
Estimated time remaining in training: [36m1[0mh [36m13[0mm [36m0[0ms
LR dropped to [36m0.0009709968[0m
superbatch [36m9[0m [[35m0.0[0m% ([36m0[0m/[36m763[0m batches, [36m8355919[0m pos/sec)]
Estimated time to end of superbatch: [36minf[0ms     [Fsuperbatch [36m9[0m [[35m16.8[0m% ([36m128[0m/[36m763[0m batches, [36m8341956[0m pos/sec)]
Estimated time to end of superbatch: [36m10.1[0ms     [Fsuperbatch [36m9[0m [[35m33.6[0m% ([36m256[0m/[36m763[0m batches, [36m8340013[0m pos/sec)]
Estimated time to end of superbatch: [36m8.0[0ms     [Fsuperbatch [36m9[0m [[35m50.3[0m% ([36m384[0m/[36m763[0m batches, [36m8340472[0m pos/sec)]
Estimated time to end of superbatch: [36m6.0[0ms     [Fsuperbatch [36m9[0m [[35m67.1[0m% ([36m512[0m/[36m763[0m batches, [36m8342137[0m pos/sec)]
Estimated time to end of superbatch: [36m4.0[0ms     [Fsuperbatch [36m9[0m [[35m83.9[0m% ([36m640[0m/[36m763[0m batches, [36m8339728[0m pos/sec)]
Estimated time to end of superbatch: [36m1.9[0ms     [Fsuperbatch [36m9[0m | time [36m12.0[0ms | running loss [36m0.011387[0m | [36m8336650[0m pos/sec | total time [36m128.0[0ms
Estimated time remaining in training: [36m1[0mh [36m11[0mm [36m22[0ms
LR dropped to [36m0.00096777425[0m
superbatch [36m10[0m [[35m0.0[0m% ([36m0[0m/[36m763[0m batches, [36m8326818[0m pos/sec)]
Estimated time to end of superbatch: [36minf[0ms     [Fsuperbatch [36m10[0m [[35m16.8[0m% ([36m128[0m/[36m763[0m batches, [36m8296592[0m pos/sec)]
Estimated time to end of superbatch: [36m10.1[0ms     [Fsuperbatch [36m10[0m [[35m33.6[0m% ([36m256[0m/[36m763[0m batches, [36m8307042[0m pos/sec)]
Estimated time to end of superbatch: [36m8.0[0ms     [Fsuperbatch [36m10[0m [[35m50.3[0m% ([36m384[0m/[36m763[0m batches, [36m8302250[0m pos/sec)]
Estimated time to end of superbatch: [36m6.0[0ms     [Fsuperbatch [36m10[0m [[35m67.1[0m% ([36m512[0m/[36m763[0m batches, [36m8306322[0m pos/sec)]
Estimated time to end of superbatch: [36m4.0[0ms     [Fsuperbatch [36m10[0m [[35m83.9[0m% ([36m640[0m/[36m763[0m batches, [36m8310478[0m pos/sec)]
Estimated time to end of superbatch: [36m1.9[0ms     [Fsuperbatch [36m10[0m | time [36m12.0[0ms | running loss [36m0.011255[0m | [36m8310622[0m pos/sec | total time [36m140.1[0ms
Estimated time remaining in training: [36m1[0mh [36m10[0mm [36m2[0ms
LR dropped to [36m0.00096455164[0m
superbatch [36m11[0m [[35m0.0[0m% ([36m0[0m/[36m763[0m batches, [36m8317356[0m pos/sec)]
Estimated time to end of superbatch: [36minf[0ms     [Fsuperbatch [36m11[0m [[35m16.8[0m% ([36m128[0m/[36m763[0m batches, [36m8312892[0m pos/sec)]
Estimated time to end of superbatch: [36m10.1[0ms     [Fsuperbatch [36m11[0m [[35m33.6[0m% ([36m256[0m/[36m763[0m batches, [36m8305980[0m pos/sec)]
Estimated time to end of superbatch: [36m8.0[0ms     [Fsuperbatch [36m11[0m [[35m50.3[0m% ([36m384[0m/[36m763[0m batches, [36m8301401[0m pos/sec)]
Estimated time to end of superbatch: [36m6.0[0ms     [Fsuperbatch [36m11[0m [[35m67.1[0m% ([36m512[0m/[36m763[0m batches, [36m8305341[0m pos/sec)]
Estimated time to end of superbatch: [36m4.0[0ms     [Fsuperbatch [36m11[0m [[35m83.9[0m% ([36m640[0m/[36m763[0m batches, [36m8298648[0m pos/sec)]
Estimated time to end of superbatch: [36m1.9[0ms     [Fsuperbatch [36m11[0m | time [36m12.1[0ms | running loss [36m0.011371[0m | [36m8299328[0m pos/sec | total time [36m152.1[0ms
Estimated time remaining in training: [36m1[0mh [36m8[0mm [36m55[0ms
LR dropped to [36m0.0009613291[0m
superbatch [36m12[0m [[35m0.0[0m% ([36m0[0m/[36m763[0m batches, [36m8310162[0m pos/sec)]
Estimated time to end of superbatch: [36minf[0ms     [Fsuperbatch [36m12[0m [[35m16.8[0m% ([36m128[0m/[36m763[0m batches, [36m8307745[0m pos/sec)]
Estimated time to end of superbatch: [36m10.1[0ms     [Fsuperbatch [36m12[0m [[35m33.6[0m% ([36m256[0m/[36m763[0m batches, [36m8307877[0m pos/sec)]
Estimated time to end of superbatch: [36m8.0[0ms     [Fsuperbatch [36m12[0m [[35m50.3[0m% ([36m384[0m/[36m763[0m batches, [36m8303241[0m pos/sec)]
Estimated time to end of superbatch: [36m6.0[0ms     [Fsuperbatch [36m12[0m [[35m67.1[0m% ([36m512[0m/[36m763[0m batches, [36m8300022[0m pos/sec)]
Estimated time to end of superbatch: [36m4.0[0ms     [Fsuperbatch [36m12[0m [[35m83.9[0m% ([36m640[0m/[36m763[0m batches, [36m8299744[0m pos/sec)]
Estimated time to end of superbatch: [36m1.9[0ms     [Fsuperbatch [36m12[0m | time [36m12.1[0ms | running loss [36m0.011226[0m | [36m8299100[0m pos/sec | total time [36m164.2[0ms
Estimated time remaining in training: [36m1[0mh [36m7[0mm [36m57[0ms
LR dropped to [36m0.0009581065[0m
superbatch [36m13[0m [[35m0.0[0m% ([36m0[0m/[36m763[0m batches, [36m8285322[0m pos/sec)]
Estimated time to end of superbatch: [36minf[0ms     [Fsuperbatch [36m13[0m [[35m16.8[0m% ([36m128[0m/[36m763[0m batches, [36m7895477[0m pos/sec)]
Estimated time to end of superbatch: [36m10.6[0ms     [Fsuperbatch [36m13[0m [[35m33.6[0m% ([36m256[0m/[36m763[0m batches, [36m8082567[0m pos/sec)]
Estimated time to end of superbatch: [36m8.3[0ms     [Fsuperbatch [36m13[0m [[35m50.3[0m% ([36m384[0m/[36m763[0m batches, [36m8150926[0m pos/sec)]
Estimated time to end of superbatch: [36m6.1[0ms     [Fsuperbatch [36m13[0m [[35m67.1[0m% ([36m512[0m/[36m763[0m batches, [36m8185751[0m pos/sec)]
Estimated time to end of superbatch: [36m4.0[0ms     [Fsuperbatch [36m13[0m [[35m83.9[0m% ([36m640[0m/[36m763[0m batches, [36m8196668[0m pos/sec)]
Estimated time to end of superbatch: [36m2.0[0ms     [Fsuperbatch [36m13[0m | time [36m12.2[0ms | running loss [36m0.011328[0m | [36m8209382[0m pos/sec | total time [36m176.4[0ms
Estimated time remaining in training: [36m1[0mh [36m7[0mm [36m9[0ms
LR dropped to [36m0.00095488393[0m
superbatch [36m14[0m [[35m0.0[0m% ([36m0[0m/[36m763[0m batches, [36m8267093[0m pos/sec)]
Estimated time to end of superbatch: [36minf[0ms     [Fsuperbatch [36m14[0m [[35m16.8[0m% ([36m128[0m/[36m763[0m batches, [36m8275822[0m pos/sec)]
Estimated time to end of superbatch: [36m10.1[0ms     [Fsuperbatch [36m14[0m [[35m33.6[0m% ([36m256[0m/[36m763[0m batches, [36m8263394[0m pos/sec)]
Estimated time to end of superbatch: [36m8.1[0ms     [Fsuperbatch [36m14[0m [[35m50.3[0m% ([36m384[0m/[36m763[0m batches, [36m8258308[0m pos/sec)]
Estimated time to end of superbatch: [36m6.0[0ms     [Fsuperbatch [36m14[0m [[35m67.1[0m% ([36m512[0m/[36m763[0m batches, [36m8257532[0m pos/sec)]
Estimated time to end of superbatch: [36m4.0[0ms     [Fsuperbatch [36m14[0m [[35m83.9[0m% ([36m640[0m/[36m763[0m batches, [36m8257936[0m pos/sec)]
Estimated time to end of superbatch: [36m2.0[0ms     [Fsuperbatch [36m14[0m | time [36m12.1[0ms | running loss [36m0.011211[0m | [36m8259976[0m pos/sec | total time [36m188.5[0ms
Estimated time remaining in training: [36m1[0mh [36m6[0mm [36m24[0ms
LR dropped to [36m0.0009516613[0m
superbatch [36m15[0m [[35m0.0[0m% ([36m0[0m/[36m763[0m batches, [36m8267490[0m pos/sec)]
Estimated time to end of superbatch: [36minf[0ms     [Fsuperbatch [36m15[0m [[35m16.8[0m% ([36m128[0m/[36m763[0m batches, [36m8257042[0m pos/sec)]
Estimated time to end of superbatch: [36m10.2[0ms     [Fsuperbatch [36m15[0m [[35m33.6[0m% ([36m256[0m/[36m763[0m batches, [36m8251948[0m pos/sec)]
Estimated time to end of superbatch: [36m8.1[0ms     [Fsuperbatch [36m15[0m [[35m50.3[0m% ([36m384[0m/[36m763[0m batches, [36m8253838[0m pos/sec)]
Estimated time to end of superbatch: [36m6.0[0ms     [Fsuperbatch [36m15[0m [[35m67.1[0m% ([36m512[0m/[36m763[0m batches, [36m8253237[0m pos/sec)]
Estimated time to end of superbatch: [36m4.0[0ms     [Fsuperbatch [36m15[0m [[35m83.9[0m% ([36m640[0m/[36m763[0m batches, [36m7848954[0m pos/sec)]
Estimated time to end of superbatch: [36m2.1[0ms     [Fsuperbatch [36m15[0m | time [36m12.6[0ms | running loss [36m0.011303[0m | [36m7909087[0m pos/sec | total time [36m201.1[0ms
Estimated time remaining in training: [36m1[0mh [36m5[0mm [36m55[0ms
LR dropped to [36m0.00094843877[0m
superbatch [36m16[0m [[35m0.0[0m% ([36m0[0m/[36m763[0m batches, [36m5959444[0m pos/sec)]
Estimated time to end of superbatch: [36minf[0ms     [Fsuperbatch [36m16[0m [[35m16.8[0m% ([36m128[0m/[36m763[0m batches, [36m8200676[0m pos/sec)]
Estimated time to end of superbatch: [36m10.2[0ms     [Fsuperbatch [36m16[0m [[35m33.6[0m% ([36m256[0m/[36m763[0m batches, [36m8228142[0m pos/sec)]
Estimated time to end of superbatch: [36m8.1[0ms     [Fsuperbatch [36m16[0m [[35m50.3[0m% ([36m384[0m/[36m763[0m batches, [36m6493718[0m pos/sec)]
Estimated time to end of superbatch: [36m7.7[0ms     [Fsuperbatch [36m16[0m [[35m67.1[0m% ([36m512[0m/[36m763[0m batches, [36m6852664[0m pos/sec)]
Estimated time to end of superbatch: [36m4.8[0ms     [Fsuperbatch [36m16[0m [[35m83.9[0m% ([36m640[0m/[36m763[0m batches, [36m7091882[0m pos/sec)]
Estimated time to end of superbatch: [36m2.3[0ms     [Fsuperbatch [36m16[0m | time [36m13.8[0ms | running loss [36m0.011192[0m | [36m7250312[0m pos/sec | total time [36m214.9[0ms
Estimated time remaining in training: [36m1[0mh [36m5[0mm [36m48[0ms
LR dropped to [36m0.00094521616[0m
superbatch [36m17[0m [[35m0.0[0m% ([36m0[0m/[36m763[0m batches, [36m8250857[0m pos/sec)]
Estimated time to end of superbatch: [36minf[0ms     [Fsuperbatch [36m17[0m [[35m16.8[0m% ([36m128[0m/[36m763[0m batches, [36m4089125[0m pos/sec)]
Estimated time to end of superbatch: [36m20.5[0ms     [Fsuperbatch [36m17[0m [[35m33.6[0m% ([36m256[0m/[36m763[0m batches, [36m5464750[0m pos/sec)]
Estimated time to end of superbatch: [36m12.2[0ms     [Fsuperbatch [36m17[0m [[35m50.3[0m% ([36m384[0m/[36m763[0m batches, [36m6160294[0m pos/sec)]
Estimated time to end of superbatch: [36m8.1[0ms     [Fsuperbatch [36m17[0m [[35m67.1[0m% ([36m512[0m/[36m763[0m batches, [36m6574394[0m pos/sec)]
Estimated time to end of superbatch: [36m5.0[0ms     [Fsuperbatch [36m17[0m [[35m83.9[0m% ([36m640[0m/[36m763[0m batches, [36m6458804[0m pos/sec)]
Estimated time to end of superbatch: [36m2.5[0ms     [Fsuperbatch [36m17[0m | time [36m15.0[0ms | running loss [36m0.011269[0m | [36m6688618[0m pos/sec | total time [36m229.9[0ms
Estimated time remaining in training: [36m1[0mh [36m6[0mm [36m1[0ms
LR dropped to [36m0.0009419936[0m
superbatch [36m18[0m [[35m0.0[0m% ([36m0[0m/[36m763[0m batches, [36m8242860[0m pos/sec)]
Estimated time to end of superbatch: [36minf[0ms     [Fsuperbatch [36m18[0m [[35m16.8[0m% ([36m128[0m/[36m763[0m batches, [36m8213584[0m pos/sec)]
Estimated time to end of superbatch: [36m10.2[0ms     [Fsuperbatch [36m18[0m [[35m33.6[0m% ([36m256[0m/[36m763[0m batches, [36m8223284[0m pos/sec)]
Estimated time to end of superbatch: [36m8.1[0ms     [Fsuperbatch [36m18[0m [[35m50.3[0m% ([36m384[0m/[36m763[0m batches, [36m6461282[0m pos/sec)]
Estimated time to end of superbatch: [36m7.7[0ms     [Fsuperbatch [36m18[0m [[35m67.1[0m% ([36m512[0m/[36m763[0m batches, [36m6825526[0m pos/sec)]
Estimated time to end of superbatch: [36m4.8[0ms     [Fsuperbatch [36m18[0m [[35m83.9[0m% ([36m640[0m/[36m763[0m batches, [36m7067010[0m pos/sec)]
Estimated time to end of superbatch: [36m2.3[0ms     [Fsuperbatch [36m18[0m | time [36m13.8[0ms | running loss [36m0.011216[0m | [36m7231508[0m pos/sec | total time [36m243.7[0ms
Estimated time remaining in training: [36m1[0mh [36m5[0mm [36m53[0ms
LR dropped to [36m0.000938771[0m
superbatch [36m19[0m [[35m0.0[0m% ([36m0[0m/[36m763[0m batches, [36m8234306[0m pos/sec)]
Estimated time to end of superbatch: [36minf[0ms     [Fsuperbatch [36m19[0m [[35m16.8[0m% ([36m128[0m/[36m763[0m batches, [36m4484668[0m pos/sec)]
Estimated time to end of superbatch: [36m18.7[0ms     [Fsuperbatch [36m19[0m [[35m33.6[0m% ([36m256[0m/[36m763[0m batches, [36m5789281[0m pos/sec)]
Estimated time to end of superbatch: [36m11.5[0ms     [Fsuperbatch [36m19[0m [[35m50.3[0m% ([36m384[0m/[36m763[0m batches, [36m6416538[0m pos/sec)]
Estimated time to end of superbatch: [36m7.8[0ms     [Fsuperbatch [36m19[0m [[35m67.1[0m% ([36m512[0m/[36m763[0m batches, [36m6785825[0m pos/sec)]
Estimated time to end of superbatch: [36m4.9[0ms     [Fsuperbatch [36m19[0m [[35m83.9[0m% ([36m640[0m/[36m763[0m batches, [36m6177496[0m pos/sec)]
Estimated time to end of superbatch: [36m2.6[0ms     [Fsuperbatch [36m19[0m | time [36m15.6[0ms | running loss [36m0.011315[0m | [36m6430646[0m pos/sec | total time [36m259.2[0ms
Estimated time remaining in training: [36m1[0mh [36m6[0mm [36m10[0ms
LR dropped to [36m0.00093554845[0m
superbatch [36m20[0m [[35m0.0[0m% ([36m0[0m/[36m763[0m batches, [36m8193098[0m pos/sec)]
Estimated time to end of superbatch: [36minf[0ms     [Fsuperbatch [36m20[0m [[35m16.8[0m% ([36m128[0m/[36m763[0m batches, [36m8196419[0m pos/sec)]
Estimated time to end of superbatch: [36m10.2[0ms     [Fsuperbatch [36m20[0m [[35m33.6[0m% ([36m256[0m/[36m763[0m batches, [36m8199500[0m pos/sec)]
Estimated time to end of superbatch: [36m8.1[0ms     [Fsuperbatch [36m20[0m [[35m50.3[0m% ([36m384[0m/[36m763[0m batches, [36m6949597[0m pos/sec)]
Estimated time to end of superbatch: [36m7.2[0ms     [Fsuperbatch [36m20[0m [[35m67.1[0m% ([36m512[0m/[36m763[0m batches, [36m7227406[0m pos/sec)]
Estimated time to end of superbatch: [36m4.6[0ms     [Fsuperbatch [36m20[0m [[35m83.9[0m% ([36m640[0m/[36m763[0m batches, [36m7406923[0m pos/sec)]
Estimated time to end of superbatch: [36m2.2[0ms     [Fsuperbatch [36m20[0m | time [36m13.3[0ms | running loss [36m0.011254[0m | [36m7523400[0m pos/sec | total time [36m272.5[0ms
Estimated time remaining in training: [36m1[0mh [36m5[0mm [36m51[0ms
Saved [anna-v4-s1-20]
LR dropped to [36m0.00093232584[0m
superbatch [36m21[0m [[35m0.0[0m% ([36m0[0m/[36m763[0m batches, [36m8195434[0m pos/sec)]
Estimated time to end of superbatch: [36minf[0ms     [Fsuperbatch [36m21[0m [[35m16.8[0m% ([36m128[0m/[36m763[0m batches, [36m8223814[0m pos/sec)]
Estimated time to end of superbatch: [36m10.2[0ms     [Fsuperbatch [36m21[0m [[35m33.6[0m% ([36m256[0m/[36m763[0m batches, [36m8211834[0m pos/sec)]
Estimated time to end of superbatch: [36m8.1[0ms     [Fsuperbatch [36m21[0m [[35m50.3[0m% ([36m384[0m/[36m763[0m batches, [36m8210449[0m pos/sec)]
Estimated time to end of superbatch: [36m6.1[0ms     [Fsuperbatch [36m21[0m [[35m67.1[0m% ([36m512[0m/[36m763[0m batches, [36m8204046[0m pos/sec)]
Estimated time to end of superbatch: [36m4.0[0ms     [Fsuperbatch [36m21[0m [[35m83.9[0m% ([36m640[0m/[36m763[0m batches, [36m6829970[0m pos/sec)]
Estimated time to end of superbatch: [36m2.4[0ms     [Fsuperbatch [36m21[0m | time [36m14.3[0ms | running loss [36m0.011350[0m | [36m7015590[0m pos/sec | total time [36m288.0[0ms
Estimated time remaining in training: [36m1[0mh [36m6[0mm [36m3[0ms
LR dropped to [36m0.0009291033[0m
superbatch [36m22[0m [[35m0.0[0m% ([36m0[0m/[36m763[0m batches, [36m8163166[0m pos/sec)]
Estimated time to end of superbatch: [36minf[0ms     [Fsuperbatch [36m22[0m [[35m16.8[0m% ([36m128[0m/[36m763[0m batches, [36m8178556[0m pos/sec)]
Estimated time to end of superbatch: [36m10.3[0ms     [Fsuperbatch [36m22[0m [[35m33.6[0m% ([36m256[0m/[36m763[0m batches, [36m8179236[0m pos/sec)]
Estimated time to end of superbatch: [36m8.2[0ms     [Fsuperbatch [36m22[0m [[35m50.3[0m% ([36m384[0m/[36m763[0m batches, [36m6251587[0m pos/sec)]
Estimated time to end of superbatch: [36m8.0[0ms     [Fsuperbatch [36m22[0m [[35m67.1[0m% ([36m512[0m/[36m763[0m batches, [36m6639184[0m pos/sec)]
Estimated time to end of superbatch: [36m5.0[0ms     [Fsuperbatch [36m22[0m [[35m83.9[0m% ([36m640[0m/[36m763[0m batches, [36m6887503[0m pos/sec)]
Estimated time to end of superbatch: [36m2.3[0ms     [Fsuperbatch [36m22[0m | time [36m14.2[0ms | running loss [36m0.011293[0m | [36m7065486[0m pos/sec | total time [36m302.2[0ms
Estimated time remaining in training: [36m1[0mh [36m5[0mm [36m55[0ms
LR dropped to [36m0.0009258807[0m
superbatch [36m23[0m [[35m0.0[0m% ([36m0[0m/[36m763[0m batches, [36m8179278[0m pos/sec)]
Estimated time to end of superbatch: [36minf[0ms     [Fsuperbatch [36m23[0m [[35m16.8[0m% ([36m128[0m/[36m763[0m batches, [36m4496104[0m pos/sec)]
Estimated time to end of superbatch: [36m18.7[0ms     [Fsuperbatch [36m23[0m [[35m33.6[0m% ([36m256[0m/[36m763[0m batches, [36m5795996[0m pos/sec)]
Estimated time to end of superbatch: [36m11.5[0ms     [Fsuperbatch [36m23[0m [[35m50.3[0m% ([36m384[0m/[36m763[0m batches, [36m6415838[0m pos/sec)]
Estimated time to end of superbatch: [36m7.8[0ms     [Fsuperbatch [36m23[0m [[35m67.1[0m% ([36m512[0m/[36m763[0m batches, [36m6779960[0m pos/sec)]
Estimated time to end of superbatch: [36m4.9[0ms     [Fsuperbatch [36m23[0m [[35m83.9[0m% ([36m640[0m/[36m763[0m batches, [36m6165967[0m pos/sec)]
Estimated time to end of superbatch: [36m2.6[0ms     [Fsuperbatch [36m23[0m | time [36m15.6[0ms | running loss [36m0.011337[0m | [36m6418433[0m pos/sec | total time [36m317.8[0ms
Estimated time remaining in training: [36m1[0mh [36m6[0mm [36m5[0ms
LR dropped to [36m0.00092265813[0m
superbatch [36m24[0m [[35m0.0[0m% ([36m0[0m/[36m763[0m batches, [36m8156678[0m pos/sec)]
Estimated time to end of superbatch: [36minf[0ms     [Fsuperbatch [36m24[0m [[35m16.8[0m% ([36m128[0m/[36m763[0m batches, [36m8155552[0m pos/sec)]
Estimated time to end of superbatch: [36m10.3[0ms     [Fsuperbatch [36m24[0m [[35m33.6[0m% ([36m256[0m/[36m763[0m batches, [36m8112410[0m pos/sec)]
Estimated time to end of superbatch: [36m8.2[0ms     [Fsuperbatch [36m24[0m [[35m50.3[0m% ([36m384[0m/[36m763[0m batches, [36m6128788[0m pos/sec)]
Estimated time to end of superbatch: [36m8.1[0ms     [Fsuperbatch [36m24[0m [[35m67.1[0m% ([36m512[0m/[36m763[0m batches, [36m6534296[0m pos/sec)]
Estimated time to end of superbatch: [36m5.0[0ms     [Fsuperbatch [36m24[0m [[35m83.9[0m% ([36m640[0m/[36m763[0m batches, [36m6804578[0m pos/sec)]
Estimated time to end of superbatch: [36m2.4[0ms     [Fsuperbatch [36m24[0m | time [36m14.3[0ms | running loss [36m0.011295[0m | [36m6986846[0m pos/sec | total time [36m332.1[0ms
Estimated time remaining in training: [36m1[0mh [36m5[0mm [36m57[0ms
LR dropped to [36m0.0009194355[0m
superbatch [36m25[0m [[35m0.0[0m% ([36m0[0m/[36m763[0m batches, [36m8149938[0m pos/sec)]
Estimated time to end of superbatch: [36minf[0ms     [Fsuperbatch [36m25[0m [[35m16.8[0m% ([36m128[0m/[36m763[0m batches, [36m5848607[0m pos/sec)]
Estimated time to end of superbatch: [36m14.3[0ms     [Fsuperbatch [36m25[0m [[35m33.6[0m% ([36m256[0m/[36m763[0m batches, [36m6787734[0m pos/sec)]
Estimated time to end of superbatch: [36m9.8[0ms     [Fsuperbatch [36m25[0m [[35m50.3[0m% ([36m384[0m/[36m763[0m batches, [36m7178795[0m pos/sec)]
Estimated time to end of superbatch: [36m6.9[0ms     [Fsuperbatch [36m25[0m [[35m67.1[0m% ([36m512[0m/[36m763[0m batches, [36m7400075[0m pos/sec)]
Estimated time to end of superbatch: [36m4.5[0ms     [Fsuperbatch [36m25[0m [[35m83.9[0m% ([36m640[0m/[36m763[0m batches, [36m6827428[0m pos/sec)]
Estimated time to end of superbatch: [36m2.4[0ms     [Fsuperbatch [36m25[0m | time [36m14.3[0ms | running loss [36m0.011348[0m | [36m7002606[0m pos/sec | total time [36m346.4[0ms
Estimated time remaining in training: [36m1[0mh [36m5[0mm [36m48[0ms
LR dropped to [36m0.0009162129[0m
superbatch [36m26[0m [[35m0.0[0m% ([36m0[0m/[36m763[0m batches, [36m8128468[0m pos/sec)]
Estimated time to end of superbatch: [36minf[0ms     [Fsuperbatch [36m26[0m [[35m16.8[0m% ([36m128[0m/[36m763[0m batches, [36m8145604[0m pos/sec)]
Estimated time to end of superbatch: [36m10.3[0ms     [Fsuperbatch [36m26[0m [[35m33.6[0m% ([36m256[0m/[36m763[0m batches, [36m8149978[0m pos/sec)]
Estimated time to end of superbatch: [36m8.2[0ms     [Fsuperbatch [36m26[0m [[35m50.3[0m% ([36m384[0m/[36m763[0m batches, [36m5631388[0m pos/sec)]
Estimated time to end of superbatch: [36m8.8[0ms     [Fsuperbatch [36m26[0m [[35m67.1[0m% ([36m512[0m/[36m763[0m batches, [36m6100770[0m pos/sec)]
Estimated time to end of superbatch: [36m5.4[0ms     [Fsuperbatch [36m26[0m [[35m83.9[0m% ([36m640[0m/[36m763[0m batches, [36m6425202[0m pos/sec)]
Estimated time to end of superbatch: [36m2.5[0ms     [Fsuperbatch [36m26[0m | time [36m15.0[0ms | running loss [36m0.011358[0m | [36m6648630[0m pos/sec | total time [36m361.4[0ms
Estimated time remaining in training: [36m1[0mh [36m5[0mm [36m47[0ms
LR dropped to [36m0.00091299036[0m
superbatch [36m27[0m [[35m0.0[0m% ([36m0[0m/[36m763[0m batches, [36m8146812[0m pos/sec)]
Estimated time to end of superbatch: [36minf[0ms     [Fsuperbatch [36m27[0m [[35m16.8[0m% ([36m128[0m/[36m763[0m batches, [36m8151216[0m pos/sec)]
Estimated time to end of superbatch: [36m10.3[0ms     [Fsuperbatch [36m27[0m [[35m33.6[0m% ([36m256[0m/[36m763[0m batches, [36m5495588[0m pos/sec)]
Estimated time to end of superbatch: [36m12.1[0ms     [Fsuperbatch [36m27[0m [[35m50.3[0m% ([36m384[0m/[36m763[0m batches, [36m6164930[0m pos/sec)]
Estimated time to end of superbatch: [36m8.1[0ms     [Fsuperbatch [36m27[0m [[35m67.1[0m% ([36m512[0m/[36m763[0m batches, [36m6566840[0m pos/sec)]
Estimated time to end of superbatch: [36m5.0[0ms     [Fsuperbatch [36m27[0m [[35m83.9[0m% ([36m640[0m/[36m763[0m batches, [36m6830933[0m pos/sec)]
Estimated time to end of superbatch: [36m2.4[0ms     [Fsuperbatch [36m27[0m | time [36m15.3[0ms | running loss [36m0.011417[0m | [36m6535766[0m pos/sec | total time [36m376.7[0ms
Estimated time remaining in training: [36m1[0mh [36m5[0mm [36m48[0ms
LR dropped to [36m0.0009097678[0m
superbatch [36m28[0m [[35m0.0[0m% ([36m0[0m/[36m763[0m batches, [36m8143700[0m pos/sec)]
Estimated time to end of superbatch: [36minf[0ms     [Fsuperbatch [36m28[0m [[35m16.8[0m% ([36m128[0m/[36m763[0m batches, [36m8131231[0m pos/sec)]
Estimated time to end of superbatch: [36m10.3[0ms     [Fsuperbatch [36m28[0m [[35m33.6[0m% ([36m256[0m/[36m763[0m batches, [36m8144937[0m pos/sec)]
Estimated time to end of superbatch: [36m8.2[0ms     [Fsuperbatch [36m28[0m [[35m50.3[0m% ([36m384[0m/[36m763[0m batches, [36m8142670[0m pos/sec)]
Estimated time to end of superbatch: [36m6.1[0ms     [Fsuperbatch [36m28[0m [[35m67.1[0m% ([36m512[0m/[36m763[0m batches, [36m8135328[0m pos/sec)]
Estimated time to end of superbatch: [36m4.1[0ms     [Fsuperbatch [36m28[0m [[35m83.9[0m% ([36m640[0m/[36m763[0m batches, [36m8132502[0m pos/sec)]
Estimated time to end of superbatch: [36m2.0[0ms     [Fsuperbatch [36m28[0m | time [36m12.3[0ms | running loss [36m0.011402[0m | [36m8132544[0m pos/sec | total time [36m389.0[0ms
Estimated time remaining in training: [36m1[0mh [36m5[0mm [36m17[0ms
LR dropped to [36m0.0009065452[0m
superbatch [36m29[0m [[35m0.0[0m% ([36m0[0m/[36m763[0m batches, [36m8138128[0m pos/sec)]
Estimated time to end of superbatch: [36minf[0ms     [Fsuperbatch [36m29[0m [[35m16.8[0m% ([36m128[0m/[36m763[0m batches, [36m8133868[0m pos/sec)]
Estimated time to end of superbatch: [36m10.3[0ms     [Fsuperbatch [36m29[0m [[35m33.6[0m% ([36m256[0m/[36m763[0m batches, [36m8120608[0m pos/sec)]
Estimated time to end of superbatch: [36m8.2[0ms     [Fsuperbatch [36m29[0m [[35m50.3[0m% ([36m384[0m/[36m763[0m batches, [36m8118834[0m pos/sec)]
Estimated time to end of superbatch: [36m6.1[0ms     [Fsuperbatch [36m29[0m [[35m67.1[0m% ([36m512[0m/[36m763[0m batches, [36m8119503[0m pos/sec)]
Estimated time to end of superbatch: [36m4.1[0ms     [Fsuperbatch [36m29[0m [[35m83.9[0m% ([36m640[0m/[36m763[0m batches, [36m8120752[0m pos/sec)]
Estimated time to end of superbatch: [36m2.0[0ms     [Fsuperbatch [36m29[0m | time [36m12.3[0ms | running loss [36m0.011488[0m | [36m8117735[0m pos/sec | total time [36m401.3[0ms
Estimated time remaining in training: [36m1[0mh [36m4[0mm [36m48[0ms
LR dropped to [36m0.00090332265[0m
superbatch [36m30[0m [[35m0.0[0m% ([36m0[0m/[36m763[0m batches, [36m8113057[0m pos/sec)]
Estimated time to end of superbatch: [36minf[0ms     [Fsuperbatch [36m30[0m [[35m16.8[0m% ([36m128[0m/[36m763[0m batches, [36m8109843[0m pos/sec)]
Estimated time to end of superbatch: [36m10.3[0ms     [Fsuperbatch [36m30[0m [[35m33.6[0m% ([36m256[0m/[36m763[0m batches, [36m8113557[0m pos/sec)]
Estimated time to end of superbatch: [36m8.2[0ms     [Fsuperbatch [36m30[0m [[35m50.3[0m% ([36m384[0m/[36m763[0m batches, [36m8116069[0m pos/sec)]
Estimated time to end of superbatch: [36m6.1[0ms     [Fsuperbatch [36m30[0m [[35m67.1[0m% ([36m512[0m/[36m763[0m batches, [36m8112266[0m pos/sec)]
Estimated time to end of superbatch: [36m4.1[0ms     [Fsuperbatch [36m30[0m [[35m83.9[0m% ([36m640[0m/[36m763[0m batches, [36m8110196[0m pos/sec)]
Estimated time to end of superbatch: [36m2.0[0ms     [Fsuperbatch [36m30[0m | time [36m12.3[0ms | running loss [36m0.011510[0m | [36m8109580[0m pos/sec | total time [36m413.6[0ms
Estimated time remaining in training: [36m1[0mh [36m4[0mm [36m20[0ms
LR dropped to [36m0.00090010004[0m
superbatch [36m31[0m [[35m0.0[0m% ([36m0[0m/[36m763[0m batches, [36m8108419[0m pos/sec)]
Estimated time to end of superbatch: [36minf[0ms     [Fsuperbatch [36m31[0m [[35m16.8[0m% ([36m128[0m/[36m763[0m batches, [36m8114662[0m pos/sec)]
Estimated time to end of superbatch: [36m10.3[0ms     [Fsuperbatch [36m31[0m [[35m33.6[0m% ([36m256[0m/[36m763[0m batches, [36m8101192[0m pos/sec)]
Estimated time to end of superbatch: [36m8.2[0ms     [Fsuperbatch [36m31[0m [[35m50.3[0m% ([36m384[0m/[36m763[0m batches, [36m8097342[0m pos/sec)]
Estimated time to end of superbatch: [36m6.2[0ms     [Fsuperbatch [36m31[0m [[35m67.1[0m% ([36m512[0m/[36m763[0m batches, [36m8094774[0m pos/sec)]
Estimated time to end of superbatch: [36m4.1[0ms     [Fsuperbatch [36m31[0m [[35m83.9[0m% ([36m640[0m/[36m763[0m batches, [36m8098866[0m pos/sec)]
Estimated time to end of superbatch: [36m2.0[0ms     [Fsuperbatch [36m31[0m | time [36m12.4[0ms | running loss [36m0.011529[0m | [36m8097670[0m pos/sec | total time [36m426.0[0ms
Estimated time remaining in training: [36m1[0mh [36m3[0mm [36m53[0ms
LR dropped to [36m0.0008968775[0m
superbatch [36m32[0m [[35m0.0[0m% ([36m0[0m/[36m763[0m batches, [36m8083895[0m pos/sec)]
Estimated time to end of superbatch: [36minf[0ms     [Fsuperbatch [36m32[0m [[35m16.8[0m% ([36m128[0m/[36m763[0m batches, [36m8093854[0m pos/sec)]
Estimated time to end of superbatch: [36m10.4[0ms     [Fsuperbatch [36m32[0m [[35m33.6[0m% ([36m256[0m/[36m763[0m batches, [36m8075865[0m pos/sec)]
Estimated time to end of superbatch: [36m8.3[0ms     [Fsuperbatch [36m32[0m [[35m50.3[0m% ([36m384[0m/[36m763[0m batches, [36m8087312[0m pos/sec)]
Estimated time to end of superbatch: [36m6.2[0ms     [Fsuperbatch [36m32[0m [[35m67.1[0m% ([36m512[0m/[36m763[0m batches, [36m8088393[0m pos/sec)]
Estimated time to end of superbatch: [36m4.1[0ms     [Fsuperbatch [36m32[0m [[35m83.9[0m% ([36m640[0m/[36m763[0m batches, [36m8089741[0m pos/sec)]
Estimated time to end of superbatch: [36m2.0[0ms     [Fsuperbatch [36m32[0m | time [36m12.4[0ms | running loss [36m0.011535[0m | [36m8090987[0m pos/sec | total time [36m438.4[0ms
Estimated time remaining in training: [36m1[0mh [36m3[0mm [36m28[0ms
LR dropped to [36m0.0008936549[0m
superbatch [36m33[0m [[35m0.0[0m% ([36m0[0m/[36m763[0m batches, [36m8093049[0m pos/sec)]
Estimated time to end of superbatch: [36minf[0ms     [Fsuperbatch [36m33[0m [[35m16.8[0m% ([36m128[0m/[36m763[0m batches, [36m8108856[0m pos/sec)]
Estimated time to end of superbatch: [36m10.3[0ms     [Fsuperbatch [36m33[0m [[35m33.6[0m% ([36m256[0m/[36m763[0m batches, [36m8097252[0m pos/sec)]
Estimated time to end of superbatch: [36m8.2[0ms     [Fsuperbatch [36m33[0m [[35m50.3[0m% ([36m384[0m/[36m763[0m batches, [36m8092360[0m pos/sec)]
Estimated time to end of superbatch: [36m6.2[0ms     [Fsuperbatch [36m33[0m [[35m67.1[0m% ([36m512[0m/[36m763[0m batches, [36m8091563[0m pos/sec)]
Estimated time to end of superbatch: [36m4.1[0ms     [Fsuperbatch [36m33[0m [[35m83.9[0m% ([36m640[0m/[36m763[0m batches, [36m8092842[0m pos/sec)]
Estimated time to end of superbatch: [36m2.0[0ms     [Fsuperbatch [36m33[0m | time [36m12.4[0ms | running loss [36m0.011532[0m | [36m8088494[0m pos/sec | total time [36m450.7[0ms
Estimated time remaining in training: [36m1[0mh [36m3[0mm [36m3[0ms
LR dropped to [36m0.0008904323[0m
superbatch [36m34[0m [[35m0.0[0m% ([36m0[0m/[36m763[0m batches, [36m8050988[0m pos/sec)]
Estimated time to end of superbatch: [36minf[0ms     [Fsuperbatch [36m34[0m [[35m16.8[0m% ([36m128[0m/[36m763[0m batches, [36m8069448[0m pos/sec)]
Estimated time to end of superbatch: [36m10.4[0ms     [Fsuperbatch [36m34[0m [[35m33.6[0m% ([36m256[0m/[36m763[0m batches, [36m8071512[0m pos/sec)]
Estimated time to end of superbatch: [36m8.3[0ms     [Fsuperbatch [36m34[0m [[35m50.3[0m% ([36m384[0m/[36m763[0m batches, [36m8074016[0m pos/sec)]
Estimated time to end of superbatch: [36m6.2[0ms     [Fsuperbatch [36m34[0m [[35m67.1[0m% ([36m512[0m/[36m763[0m batches, [36m8065526[0m pos/sec)]
Estimated time to end of superbatch: [36m4.1[0ms     [Fsuperbatch [36m34[0m [[35m83.9[0m% ([36m640[0m/[36m763[0m batches, [36m8065096[0m pos/sec)]
Estimated time to end of superbatch: [36m2.0[0ms     [Fsuperbatch [36m34[0m | time [36m12.4[0ms | running loss [36m0.011630[0m | [36m8062330[0m pos/sec | total time [36m463.1[0ms
Estimated time remaining in training: [36m1[0mh [36m2[0mm [36m39[0ms
LR dropped to [36m0.0008872097[0m
superbatch [36m35[0m [[35m0.0[0m% ([36m0[0m/[36m763[0m batches, [36m8072280[0m pos/sec)]
Estimated time to end of superbatch: [36minf[0ms     [Fsuperbatch [36m35[0m [[35m16.8[0m% ([36m128[0m/[36m763[0m batches, [36m8054258[0m pos/sec)]
Estimated time to end of superbatch: [36m10.4[0ms     [Fsuperbatch [36m35[0m [[35m33.6[0m% ([36m256[0m/[36m763[0m batches, [36m8058732[0m pos/sec)]
Estimated time to end of superbatch: [36m8.3[0ms     [Fsuperbatch [36m35[0m [[35m50.3[0m% ([36m384[0m/[36m763[0m batches, [36m8058122[0m pos/sec)]
Estimated time to end of superbatch: [36m6.2[0ms     [Fsuperbatch [36m35[0m [[35m67.1[0m% ([36m512[0m/[36m763[0m batches, [36m8059342[0m pos/sec)]
Estimated time to end of superbatch: [36m4.1[0ms     [Fsuperbatch [36m35[0m [[35m83.9[0m% ([36m640[0m/[36m763[0m batches, [36m8059980[0m pos/sec)]
Estimated time to end of superbatch: [36m2.0[0ms     [Fsuperbatch [36m35[0m | time [36m12.4[0ms | running loss [36m0.011603[0m | [36m8058684[0m pos/sec | total time [36m475.5[0ms
Estimated time remaining in training: [36m1[0mh [36m2[0mm [36m16[0ms
LR dropped to [36m0.0008839871[0m
superbatch [36m36[0m [[35m0.0[0m% ([36m0[0m/[36m763[0m batches, [36m8040272[0m pos/sec)]
Estimated time to end of superbatch: [36minf[0ms     [Fsuperbatch [36m36[0m [[35m16.8[0m% ([36m128[0m/[36m763[0m batches, [36m8053878[0m pos/sec)]
Estimated time to end of superbatch: [36m10.4[0ms     [Fsuperbatch [36m36[0m [[35m33.6[0m% ([36m256[0m/[36m763[0m batches, [36m8058075[0m pos/sec)]
Estimated time to end of superbatch: [36m8.3[0ms     [Fsuperbatch [36m36[0m [[35m50.3[0m% ([36m384[0m/[36m763[0m batches, [36m8058160[0m pos/sec)]
Estimated time to end of superbatch: [36m6.2[0ms     [Fsuperbatch [36m36[0m [[35m67.1[0m% ([36m512[0m/[36m763[0m batches, [36m8056466[0m pos/sec)]
Estimated time to end of superbatch: [36m4.1[0ms     [Fsuperbatch [36m36[0m [[35m83.9[0m% ([36m640[0m/[36m763[0m batches, [36m8054668[0m pos/sec)]
Estimated time to end of superbatch: [36m2.0[0ms     [Fsuperbatch [36m36[0m | time [36m12.4[0ms | running loss [36m0.011669[0m | [36m8054542[0m pos/sec | total time [36m488.0[0ms
Estimated time remaining in training: [36m1[0mh [36m1[0mm [36m53[0ms
LR dropped to [36m0.00088076456[0m
superbatch [36m37[0m [[35m0.0[0m% ([36m0[0m/[36m763[0m batches, [36m8033782[0m pos/sec)]
Estimated time to end of superbatch: [36minf[0ms     [Fsuperbatch [36m37[0m [[35m16.8[0m% ([36m128[0m/[36m763[0m batches, [36m8047086[0m pos/sec)]
Estimated time to end of superbatch: [36m10.4[0ms     [Fsuperbatch [36m37[0m [[35m33.6[0m% ([36m256[0m/[36m763[0m batches, [36m8046681[0m pos/sec)]
Estimated time to end of superbatch: [36m8.3[0ms     [Fsuperbatch [36m37[0m [[35m50.3[0m% ([36m384[0m/[36m763[0m batches, [36m8045174[0m pos/sec)]
Estimated time to end of superbatch: [36m6.2[0ms     [Fsuperbatch [36m37[0m [[35m67.1[0m% ([36m512[0m/[36m763[0m batches, [36m8047954[0m pos/sec)]
Estimated time to end of superbatch: [36m4.1[0ms     [Fsuperbatch [36m37[0m [[35m83.9[0m% ([36m640[0m/[36m763[0m batches, [36m8048606[0m pos/sec)]
Estimated time to end of superbatch: [36m2.0[0ms     [Fsuperbatch [36m37[0m | time [36m12.4[0ms | running loss [36m0.011621[0m | [36m8047588[0m pos/sec | total time [36m500.4[0ms
Estimated time remaining in training: [36m1[0mh [36m1[0mm [36m31[0ms
LR dropped to [36m0.00087754196[0m
superbatch [36m38[0m [[35m0.0[0m% ([36m0[0m/[36m763[0m batches, [36m8039507[0m pos/sec)]
Estimated time to end of superbatch: [36minf[0ms     [Fsuperbatch [36m38[0m [[35m16.8[0m% ([36m128[0m/[36m763[0m batches, [36m8042430[0m pos/sec)]
Estimated time to end of superbatch: [36m10.4[0ms     [Fsuperbatch [36m38[0m [[35m33.6[0m% ([36m256[0m/[36m763[0m batches, [36m8048084[0m pos/sec)]
Estimated time to end of superbatch: [36m8.3[0ms     [Fsuperbatch [36m38[0m [[35m50.3[0m% ([36m384[0m/[36m763[0m batches, [36m8051438[0m pos/sec)]
Estimated time to end of superbatch: [36m6.2[0ms     [Fsuperbatch [36m38[0m [[35m67.1[0m% ([36m512[0m/[36m763[0m batches, [36m8048946[0m pos/sec)]
Estimated time to end of superbatch: [36m4.1[0ms     [Fsuperbatch [36m38[0m [[35m83.9[0m% ([36m640[0m/[36m763[0m batches, [36m8045526[0m pos/sec)]
Estimated time to end of superbatch: [36m2.0[0ms     [Fsuperbatch [36m38[0m | time [36m12.4[0ms | running loss [36m0.011684[0m | [36m8044795[0m pos/sec | total time [36m512.8[0ms
Estimated time remaining in training: [36m1[0mh [36m1[0mm [36m10[0ms
LR dropped to [36m0.0008743194[0m
superbatch [36m39[0m [[35m0.0[0m% ([36m0[0m/[36m763[0m batches, [36m8053278[0m pos/sec)]
Estimated time to end of superbatch: [36minf[0ms     [Fsuperbatch [36m39[0m [[35m16.8[0m% ([36m128[0m/[36m763[0m batches, [36m8049746[0m pos/sec)]
Estimated time to end of superbatch: [36m10.4[0ms     [Fsuperbatch [36m39[0m [[35m33.6[0m% ([36m256[0m/[36m763[0m batches, [36m8044511[0m pos/sec)]
Estimated time to end of superbatch: [36m8.3[0ms     [Fsuperbatch [36m39[0m [[35m50.3[0m% ([36m384[0m/[36m763[0m batches, [36m8033980[0m pos/sec)]
Estimated time to end of superbatch: [36m6.2[0ms     [Fsuperbatch [36m39[0m [[35m67.1[0m% ([36m512[0m/[36m763[0m batches, [36m8035724[0m pos/sec)]
Estimated time to end of superbatch: [36m4.1[0ms     [Fsuperbatch [36m39[0m [[35m83.9[0m% ([36m640[0m/[36m763[0m batches, [36m8038268[0m pos/sec)]
Estimated time to end of superbatch: [36m2.0[0ms     [Fsuperbatch [36m39[0m | time [36m12.4[0ms | running loss [36m0.011613[0m | [36m8038590[0m pos/sec | total time [36m525.3[0ms
Estimated time remaining in training: [36m1[0mh [36m0[0mm [36m49[0ms
LR dropped to [36m0.00087109685[0m
superbatch [36m40[0m [[35m0.0[0m% ([36m0[0m/[36m763[0m batches, [36m8016392[0m pos/sec)]
Estimated time to end of superbatch: [36minf[0ms     [Fsuperbatch [36m40[0m [[35m16.8[0m% ([36m128[0m/[36m763[0m batches, [36m8032472[0m pos/sec)]
Estimated time to end of superbatch: [36m10.4[0ms     [Fsuperbatch [36m40[0m [[35m33.6[0m% ([36m256[0m/[36m763[0m batches, [36m8036691[0m pos/sec)]
Estimated time to end of superbatch: [36m8.3[0ms     [Fsuperbatch [36m40[0m [[35m50.3[0m% ([36m384[0m/[36m763[0m batches, [36m8041034[0m pos/sec)]
Estimated time to end of superbatch: [36m6.2[0ms     [Fsuperbatch [36m40[0m [[35m67.1[0m% ([36m512[0m/[36m763[0m batches, [36m8040160[0m pos/sec)]
Estimated time to end of superbatch: [36m4.1[0ms     [Fsuperbatch [36m40[0m [[35m83.9[0m% ([36m640[0m/[36m763[0m batches, [36m8035606[0m pos/sec)]
Estimated time to end of superbatch: [36m2.0[0ms     [Fsuperbatch [36m40[0m | time [36m12.4[0ms | running loss [36m0.011712[0m | [36m8034354[0m pos/sec | total time [36m537.7[0ms
Estimated time remaining in training: [36m1[0mh [36m0[0mm [36m29[0ms
Saved [anna-v4-s1-40]
LR dropped to [36m0.00086787425[0m
superbatch [36m41[0m [[35m0.0[0m% ([36m0[0m/[36m763[0m batches, [36m8045568[0m pos/sec)]
Estimated time to end of superbatch: [36minf[0ms     [Fsuperbatch [36m41[0m [[35m16.8[0m% ([36m128[0m/[36m763[0m batches, [36m8029364[0m pos/sec)]
Estimated time to end of superbatch: [36m10.4[0ms     [Fsuperbatch [36m41[0m [[35m33.6[0m% ([36m256[0m/[36m763[0m batches, [36m8020062[0m pos/sec)]
Estimated time to end of superbatch: [36m8.3[0ms     [Fsuperbatch [36m41[0m [[35m50.3[0m% ([36m384[0m/[36m763[0m batches, [36m8018652[0m pos/sec)]
Estimated time to end of superbatch: [36m6.2[0ms     [Fsuperbatch [36m41[0m [[35m67.1[0m% ([36m512[0m/[36m763[0m batches, [36m8021116[0m pos/sec)]
Estimated time to end of superbatch: [36m4.1[0ms     [Fsuperbatch [36m41[0m [[35m83.9[0m% ([36m640[0m/[36m763[0m batches, [36m8022508[0m pos/sec)]
Estimated time to end of superbatch: [36m2.0[0ms     [Fsuperbatch [36m41[0m | time [36m12.7[0ms | running loss [36m0.011639[0m | [36m7878836[0m pos/sec | total time [36m551.8[0ms
Estimated time remaining in training: [36m1[0mh [36m0[0mm [36m20[0ms
LR dropped to [36m0.00086465164[0m
superbatch [36m42[0m [[35m0.0[0m% ([36m0[0m/[36m763[0m batches, [36m7985014[0m pos/sec)]
Estimated time to end of superbatch: [36minf[0ms     [Fsuperbatch [36m42[0m [[35m16.8[0m% ([36m128[0m/[36m763[0m batches, [36m8012284[0m pos/sec)]
Estimated time to end of superbatch: [36m10.5[0ms     [Fsuperbatch [36m42[0m [[35m33.6[0m% ([36m256[0m/[36m763[0m batches, [36m8020310[0m pos/sec)]
Estimated time to end of superbatch: [36m8.3[0ms     [Fsuperbatch [36m42[0m [[35m50.3[0m% ([36m384[0m/[36m763[0m batches, [36m8024156[0m pos/sec)]
Estimated time to end of superbatch: [36m6.2[0ms     [Fsuperbatch [36m42[0m [[35m67.1[0m% ([36m512[0m/[36m763[0m batches, [36m7503886[0m pos/sec)]
Estimated time to end of superbatch: [36m4.4[0ms     [Fsuperbatch [36m42[0m [[35m83.9[0m% ([36m640[0m/[36m763[0m batches, [36m7600566[0m pos/sec)]
Estimated time to end of superbatch: [36m2.1[0ms     [Fsuperbatch [36m42[0m | time [36m13.0[0ms | running loss [36m0.011743[0m | [36m7664994[0m pos/sec | total time [36m564.8[0ms
Estimated time remaining in training: [36m1[0mh [36m0[0mm [36m4[0ms
LR dropped to [36m0.0008614291[0m
superbatch [36m43[0m [[35m0.0[0m% ([36m0[0m/[36m763[0m batches, [36m8022806[0m pos/sec)]
Estimated time to end of superbatch: [36minf[0ms     [Fsuperbatch [36m43[0m [[35m16.8[0m% ([36m128[0m/[36m763[0m batches, [36m8024895[0m pos/sec)]
Estimated time to end of superbatch: [36m10.5[0ms     [Fsuperbatch [36m43[0m [[35m33.6[0m% ([36m256[0m/[36m763[0m batches, [36m7061645[0m pos/sec)]
Estimated time to end of superbatch: [36m9.4[0ms     [Fsuperbatch [36m43[0m [[35m50.3[0m% ([36m384[0m/[36m763[0m batches, [36m7296230[0m pos/sec)]
Estimated time to end of superbatch: [36m6.8[0ms     [Fsuperbatch [36m43[0m [[35m67.1[0m% ([36m512[0m/[36m763[0m batches, [36m7464980[0m pos/sec)]
Estimated time to end of superbatch: [36m4.4[0ms     [Fsuperbatch [36m43[0m [[35m83.9[0m% ([36m640[0m/[36m763[0m batches, [36m7557604[0m pos/sec)]
Estimated time to end of superbatch: [36m2.1[0ms     [Fsuperbatch [36m43[0m | time [36m13.1[0ms | running loss [36m0.011662[0m | [36m7627275[0m pos/sec | total time [36m577.9[0ms
Estimated time remaining in training: [36m0[0mh [36m59[0mm [36m48[0ms
LR dropped to [36m0.0008582065[0m
superbatch [36m44[0m [[35m0.0[0m% ([36m0[0m/[36m763[0m batches, [36m7993580[0m pos/sec)]
Estimated time to end of superbatch: [36minf[0ms     [Fsuperbatch [36m44[0m [[35m16.8[0m% ([36m128[0m/[36m763[0m batches, [36m7993996[0m pos/sec)]
Estimated time to end of superbatch: [36m10.5[0ms     [Fsuperbatch [36m44[0m [[35m33.6[0m% ([36m256[0m/[36m763[0m batches, [36m8004193[0m pos/sec)]
Estimated time to end of superbatch: [36m8.3[0ms     [Fsuperbatch [36m44[0m [[35m50.3[0m% ([36m384[0m/[36m763[0m batches, [36m7972302[0m pos/sec)]
Estimated time to end of superbatch: [36m6.2[0ms     [Fsuperbatch [36m44[0m [[35m67.1[0m% ([36m512[0m/[36m763[0m batches, [36m7676676[0m pos/sec)]
Estimated time to end of superbatch: [36m4.3[0ms     [Fsuperbatch [36m44[0m [[35m83.9[0m% ([36m640[0m/[36m763[0m batches, [36m7731966[0m pos/sec)]
Estimated time to end of superbatch: [36m2.1[0ms     [Fsuperbatch [36m44[0m | time [36m12.9[0ms | running loss [36m0.011782[0m | [36m7775724[0m pos/sec | total time [36m590.8[0ms
Estimated time remaining in training: [36m0[0mh [36m59[0mm [36m31[0ms
LR dropped to [36m0.0008549839[0m
superbatch [36m45[0m [[35m0.0[0m% ([36m0[0m/[36m763[0m batches, [36m8005205[0m pos/sec)]
Estimated time to end of superbatch: [36minf[0ms     [Fsuperbatch [36m45[0m [[35m16.8[0m% ([36m128[0m/[36m763[0m batches, [36m8007992[0m pos/sec)]
Estimated time to end of superbatch: [36m10.5[0ms     [Fsuperbatch [36m45[0m [[35m33.6[0m% ([36m256[0m/[36m763[0m batches, [36m7443684[0m pos/sec)]
Estimated time to end of superbatch: [36m9.0[0ms     [Fsuperbatch [36m45[0m [[35m50.3[0m% ([36m384[0m/[36m763[0m batches, [36m7618054[0m pos/sec)]
Estimated time to end of superbatch: [36m6.5[0ms     [Fsuperbatch [36m45[0m [[35m67.1[0m% ([36m512[0m/[36m763[0m batches, [36m7713220[0m pos/sec)]
Estimated time to end of superbatch: [36m4.3[0ms     [Fsuperbatch [36m45[0m [[35m83.9[0m% ([36m640[0m/[36m763[0m batches, [36m7772146[0m pos/sec)]
Estimated time to end of superbatch: [36m2.1[0ms     [Fsuperbatch [36m45[0m | time [36m12.8[0ms | running loss [36m0.011664[0m | [36m7810412[0m pos/sec | total time [36m603.6[0ms
Estimated time remaining in training: [36m0[0mh [36m59[0mm [36m14[0ms
LR dropped to [36m0.0008517613[0m
superbatch [36m46[0m [[35m0.0[0m% ([36m0[0m/[36m763[0m batches, [36m7994488[0m pos/sec)]
Estimated time to end of superbatch: [36minf[0ms     [Fsuperbatch [36m46[0m [[35m16.8[0m% ([36m128[0m/[36m763[0m batches, [36m7992286[0m pos/sec)]
Estimated time to end of superbatch: [36m10.5[0ms     [Fsuperbatch [36m46[0m [[35m33.6[0m% ([36m256[0m/[36m763[0m batches, [36m7944659[0m pos/sec)]
Estimated time to end of superbatch: [36m8.4[0ms     [Fsuperbatch [36m46[0m [[35m50.3[0m% ([36m384[0m/[36m763[0m batches, [36m7942640[0m pos/sec)]
Estimated time to end of superbatch: [36m6.3[0ms     [Fsuperbatch [36m46[0m [[35m67.1[0m% ([36m512[0m/[36m763[0m batches, [36m7959240[0m pos/sec)]
Estimated time to end of superbatch: [36m4.1[0ms     [Fsuperbatch [36m46[0m [[35m83.9[0m% ([36m640[0m/[36m763[0m batches, [36m7965460[0m pos/sec)]
Estimated time to end of superbatch: [36m2.0[0ms     [Fsuperbatch [36m46[0m | time [36m12.5[0ms | running loss [36m0.011802[0m | [36m7971612[0m pos/sec | total time [36m616.1[0ms
Estimated time remaining in training: [36m0[0mh [36m58[0mm [36m56[0ms
LR dropped to [36m0.00084853877[0m
superbatch [36m47[0m [[35m0.0[0m% ([36m0[0m/[36m763[0m batches, [36m8008874[0m pos/sec)]
Estimated time to end of superbatch: [36minf[0ms     [Fsuperbatch [36m47[0m [[35m16.8[0m% ([36m128[0m/[36m763[0m batches, [36m7977327[0m pos/sec)]
Estimated time to end of superbatch: [36m10.5[0ms     [Fsuperbatch [36m47[0m [[35m33.6[0m% ([36m256[0m/[36m763[0m batches, [36m7981306[0m pos/sec)]
Estimated time to end of superbatch: [36m8.4[0ms     [Fsuperbatch [36m47[0m [[35m50.3[0m% ([36m384[0m/[36m763[0m batches, [36m7973248[0m pos/sec)]
Estimated time to end of superbatch: [36m6.2[0ms     [Fsuperbatch [36m47[0m [[35m67.1[0m% ([36m512[0m/[36m763[0m batches, [36m7972724[0m pos/sec)]
Estimated time to end of superbatch: [36m4.1[0ms     [Fsuperbatch [36m47[0m [[35m83.9[0m% ([36m640[0m/[36m763[0m batches, [36m7979225[0m pos/sec)]
Estimated time to end of superbatch: [36m2.0[0ms     [Fsuperbatch [36m47[0m | time [36m12.5[0ms | running loss [36m0.011674[0m | [36m7983966[0m pos/sec | total time [36m628.7[0ms
Estimated time remaining in training: [36m0[0mh [36m58[0mm [36m37[0ms
LR dropped to [36m0.00084531616[0m
superbatch [36m48[0m [[35m0.0[0m% ([36m0[0m/[36m763[0m batches, [36m7964989[0m pos/sec)]
Estimated time to end of superbatch: [36minf[0ms     [Fsuperbatch [36m48[0m [[35m16.8[0m% ([36m128[0m/[36m763[0m batches, [36m7959044[0m pos/sec)]
Estimated time to end of superbatch: [36m10.5[0ms     [Fsuperbatch [36m48[0m [[35m33.6[0m% ([36m256[0m/[36m763[0m batches, [36m7974242[0m pos/sec)]
Estimated time to end of superbatch: [36m8.4[0ms     [Fsuperbatch [36m48[0m [[35m50.3[0m% ([36m384[0m/[36m763[0m batches, [36m7940619[0m pos/sec)]
Estimated time to end of superbatch: [36m6.3[0ms     [Fsuperbatch [36m48[0m [[35m67.1[0m% ([36m512[0m/[36m763[0m batches, [36m7950910[0m pos/sec)]
Estimated time to end of superbatch: [36m4.1[0ms     [Fsuperbatch [36m48[0m [[35m83.9[0m% ([36m640[0m/[36m763[0m batches, [36m7954100[0m pos/sec)]
Estimated time to end of superbatch: [36m2.0[0ms     [Fsuperbatch [36m48[0m | time [36m12.6[0ms | running loss [36m0.011862[0m | [36m7958904[0m pos/sec | total time [36m641.2[0ms
Estimated time remaining in training: [36m0[0mh [36m58[0mm [36m20[0ms
LR dropped to [36m0.0008420936[0m
superbatch [36m49[0m [[35m0.0[0m% ([36m0[0m/[36m763[0m batches, [36m7988450[0m pos/sec)]
Estimated time to end of superbatch: [36minf[0ms     [Fsuperbatch [36m49[0m [[35m16.8[0m% ([36m128[0m/[36m763[0m batches, [36m7991760[0m pos/sec)]
Estimated time to end of superbatch: [36m10.5[0ms     [Fsuperbatch [36m49[0m [[35m33.6[0m% ([36m256[0m/[36m763[0m batches, [36m7995236[0m pos/sec)]
Estimated time to end of superbatch: [36m8.3[0ms     [Fsuperbatch [36m49[0m [[35m50.3[0m% ([36m384[0m/[36m763[0m batches, [36m7985472[0m pos/sec)]
Estimated time to end of superbatch: [36m6.2[0ms     [Fsuperbatch [36m49[0m [[35m67.1[0m% ([36m512[0m/[36m763[0m batches, [36m7983302[0m pos/sec)]
Estimated time to end of superbatch: [36m4.1[0ms     [Fsuperbatch [36m49[0m [[35m83.9[0m% ([36m640[0m/[36m763[0m batches, [36m7978664[0m pos/sec)]
Estimated time to end of superbatch: [36m2.0[0ms     [Fsuperbatch [36m49[0m | time [36m12.5[0ms | running loss [36m0.011704[0m | [36m7981016[0m pos/sec | total time [36m653.8[0ms
Estimated time remaining in training: [36m0[0mh [36m58[0mm [36m2[0ms
LR dropped to [36m0.000838871[0m
superbatch [36m50[0m [[35m0.0[0m% ([36m0[0m/[36m763[0m batches, [36m7977865[0m pos/sec)]
Estimated time to end of superbatch: [36minf[0ms     [Fsuperbatch [36m50[0m [[35m16.8[0m% ([36m128[0m/[36m763[0m batches, [36m7971091[0m pos/sec)]
Estimated time to end of superbatch: [36m10.5[0ms     [Fsuperbatch [36m50[0m [[35m33.6[0m% ([36m256[0m/[36m763[0m batches, [36m7977257[0m pos/sec)]
Estimated time to end of superbatch: [36m8.4[0ms     [Fsuperbatch [36m50[0m [[35m50.3[0m% ([36m384[0m/[36m763[0m batches, [36m7981156[0m pos/sec)]
Estimated time to end of superbatch: [36m6.2[0ms     [Fsuperbatch [36m50[0m [[35m67.1[0m% ([36m512[0m/[36m763[0m batches, [36m7984268[0m pos/sec)]
Estimated time to end of superbatch: [36m4.1[0ms     [Fsuperbatch [36m50[0m [[35m83.9[0m% ([36m640[0m/[36m763[0m batches, [36m7981561[0m pos/sec)]
Estimated time to end of superbatch: [36m2.0[0ms     [Fsuperbatch [36m50[0m | time [36m12.5[0ms | running loss [36m0.011920[0m | [36m7981818[0m pos/sec | total time [36m666.3[0ms
Estimated time remaining in training: [36m0[0mh [36m57[0mm [36m44[0ms
LR dropped to [36m0.0008356484[0m
superbatch [36m51[0m [[35m0.0[0m% ([36m0[0m/[36m763[0m batches, [36m7987720[0m pos/sec)]
Estimated time to end of superbatch: [36minf[0ms     [Fsuperbatch [36m51[0m [[35m16.8[0m% ([36m128[0m/[36m763[0m batches, [36m7984626[0m pos/sec)]
Estimated time to end of superbatch: [36m10.5[0ms     [Fsuperbatch [36m51[0m [[35m33.6[0m% ([36m256[0m/[36m763[0m batches, [36m7988133[0m pos/sec)]
Estimated time to end of superbatch: [36m8.4[0ms     [Fsuperbatch [36m51[0m [[35m50.3[0m% ([36m384[0m/[36m763[0m batches, [36m7981314[0m pos/sec)]
Estimated time to end of superbatch: [36m6.2[0ms     [Fsuperbatch [36m51[0m [[35m67.1[0m% ([36m512[0m/[36m763[0m batches, [36m7981272[0m pos/sec)]
Estimated time to end of superbatch: [36m4.1[0ms     [Fsuperbatch [36m51[0m [[35m83.9[0m% ([36m640[0m/[36m763[0m batches, [36m7982498[0m pos/sec)]
Estimated time to end of superbatch: [36m2.0[0ms     [Fsuperbatch [36m51[0m | time [36m12.5[0ms | running loss [36m0.011720[0m | [36m7983837[0m pos/sec | total time [36m678.8[0ms
Estimated time remaining in training: [36m0[0mh [36m57[0mm [36m27[0ms
LR dropped to [36m0.00083242584[0m
superbatch [36m52[0m [[35m0.0[0m% ([36m0[0m/[36m763[0m batches, [36m7991758[0m pos/sec)]
Estimated time to end of superbatch: [36minf[0ms     [Fsuperbatch [36m52[0m [[35m16.8[0m% ([36m128[0m/[36m763[0m batches, [36m7964010[0m pos/sec)]
Estimated time to end of superbatch: [36m10.5[0ms     [Fsuperbatch [36m52[0m [[35m33.6[0m% ([36m256[0m/[36m763[0m batches, [36m7969701[0m pos/sec)]
Estimated time to end of superbatch: [36m8.4[0ms     [Fsuperbatch [36m52[0m [[35m50.3[0m% ([36m384[0m/[36m763[0m batches, [36m7972504[0m pos/sec)]
Estimated time to end of superbatch: [36m6.2[0ms     [Fsuperbatch [36m52[0m [[35m67.1[0m% ([36m512[0m/[36m763[0m batches, [36m7974994[0m pos/sec)]
Estimated time to end of superbatch: [36m4.1[0ms     [Fsuperbatch [36m52[0m [[35m83.9[0m% ([36m640[0m/[36m763[0m batches, [36m7972692[0m pos/sec)]
Estimated time to end of superbatch: [36m2.0[0ms     [Fsuperbatch [36m52[0m | time [36m12.5[0ms | running loss [36m0.011949[0m | [36m7973302[0m pos/sec | total time [36m691.4[0ms
Estimated time remaining in training: [36m0[0mh [36m57[0mm [36m10[0ms
LR dropped to [36m0.0008292033[0m
superbatch [36m53[0m [[35m0.0[0m% ([36m0[0m/[36m763[0m batches, [36m7980334[0m pos/sec)]
Estimated time to end of superbatch: [36minf[0ms     [Fsuperbatch [36m53[0m [[35m16.8[0m% ([36m128[0m/[36m763[0m batches, [36m7982000[0m pos/sec)]
Estimated time to end of superbatch: [36m10.5[0ms     [Fsuperbatch [36m53[0m [[35m33.6[0m% ([36m256[0m/[36m763[0m batches, [36m7985366[0m pos/sec)]
Estimated time to end of superbatch: [36m8.4[0ms     [Fsuperbatch [36m53[0m [[35m50.3[0m% ([36m384[0m/[36m763[0m batches, [36m7972736[0m pos/sec)]
Estimated time to end of superbatch: [36m6.2[0ms     [Fsuperbatch [36m53[0m [[35m67.1[0m% ([36m512[0m/[36m763[0m batches, [36m7967635[0m pos/sec)]
Estimated time to end of superbatch: [36m4.1[0ms     [Fsuperbatch [36m53[0m [[35m83.9[0m% ([36m640[0m/[36m763[0m batches, [36m7967474[0m pos/sec)]
Estimated time to end of superbatch: [36m2.0[0ms     [Fsuperbatch [36m53[0m | time [36m12.6[0ms | running loss [36m0.011803[0m | [36m7965538[0m pos/sec | total time [36m703.9[0ms
Estimated time remaining in training: [36m0[0mh [36m56[0mm [36m53[0ms
LR dropped to [36m0.0008259807[0m
superbatch [36m54[0m [[35m0.0[0m% ([36m0[0m/[36m763[0m batches, [36m7952323[0m pos/sec)]
Estimated time to end of superbatch: [36minf[0ms     [Fsuperbatch [36m54[0m [[35m16.8[0m% ([36m128[0m/[36m763[0m batches, [36m7943472[0m pos/sec)]
Estimated time to end of superbatch: [36m10.6[0ms     [Fsuperbatch [36m54[0m [[35m33.6[0m% ([36m256[0m/[36m763[0m batches, [36m7943356[0m pos/sec)]
Estimated time to end of superbatch: [36m8.4[0ms     [Fsuperbatch [36m54[0m [[35m50.3[0m% ([36m384[0m/[36m763[0m batches, [36m7946283[0m pos/sec)]
Estimated time to end of superbatch: [36m6.3[0ms     [Fsuperbatch [36m54[0m [[35m67.1[0m% ([36m512[0m/[36m763[0m batches, [36m7948716[0m pos/sec)]
Estimated time to end of superbatch: [36m4.1[0ms     [Fsuperbatch [36m54[0m [[35m83.9[0m% ([36m640[0m/[36m763[0m batches, [36m7928716[0m pos/sec)]
Estimated time to end of superbatch: [36m2.0[0ms     [Fsuperbatch [36m54[0m | time [36m12.6[0ms | running loss [36m0.012054[0m | [36m7928305[0m pos/sec | total time [36m716.5[0ms
Estimated time remaining in training: [36m0[0mh [36m56[0mm [36m36[0ms
LR dropped to [36m0.0008227581[0m
superbatch [36m55[0m [[35m0.0[0m% ([36m0[0m/[36m763[0m batches, [36m7950124[0m pos/sec)]
Estimated time to end of superbatch: [36minf[0ms     [Fsuperbatch [36m55[0m [[35m16.8[0m% ([36m128[0m/[36m763[0m batches, [36m7954316[0m pos/sec)]
Estimated time to end of superbatch: [36m10.5[0ms     [Fsuperbatch [36m55[0m [[35m33.6[0m% ([36m256[0m/[36m763[0m batches, [36m7949697[0m pos/sec)]
Estimated time to end of superbatch: [36m8.4[0ms     [Fsuperbatch [36m55[0m [[35m50.3[0m% ([36m384[0m/[36m763[0m batches, [36m7938521[0m pos/sec)]
Estimated time to end of superbatch: [36m6.3[0ms     [Fsuperbatch [36m55[0m [[35m67.1[0m% ([36m512[0m/[36m763[0m batches, [36m7933850[0m pos/sec)]
Estimated time to end of superbatch: [36m4.2[0ms     [Fsuperbatch [36m55[0m [[35m83.9[0m% ([36m640[0m/[36m763[0m batches, [36m7936876[0m pos/sec)]
Estimated time to end of superbatch: [36m2.0[0ms     [Fsuperbatch [36m55[0m | time [36m12.6[0ms | running loss [36m0.011888[0m | [36m7933677[0m pos/sec | total time [36m729.1[0ms
Estimated time remaining in training: [36m0[0mh [36m56[0mm [36m20[0ms
LR dropped to [36m0.0008195355[0m
superbatch [36m56[0m [[35m0.0[0m% ([36m0[0m/[36m763[0m batches, [36m7943475[0m pos/sec)]
Estimated time to end of superbatch: [36minf[0ms     [Fsuperbatch [36m56[0m [[35m16.8[0m% ([36m128[0m/[36m763[0m batches, [36m4365134[0m pos/sec)]
Estimated time to end of superbatch: [36m19.2[0ms     [Fsuperbatch [36m56[0m [[35m33.6[0m% ([36m256[0m/[36m763[0m batches, [36m5624250[0m pos/sec)]
Estimated time to end of superbatch: [36m11.9[0ms     [Fsuperbatch [36m56[0m [[35m50.3[0m% ([36m384[0m/[36m763[0m batches, [36m6217965[0m pos/sec)]
Estimated time to end of superbatch: [36m8.0[0ms     [Fsuperbatch [36m56[0m [[35m67.1[0m% ([36m512[0m/[36m763[0m batches, [36m6568332[0m pos/sec)]
Estimated time to end of superbatch: [36m5.0[0ms     [Fsuperbatch [36m56[0m [[35m83.9[0m% ([36m640[0m/[36m763[0m batches, [36m5402096[0m pos/sec)]
Estimated time to end of superbatch: [36m3.0[0ms     [Fsuperbatch [36m56[0m | time [36m17.6[0ms | running loss [36m0.012108[0m | [36m5692396[0m pos/sec | total time [36m746.7[0ms
Estimated time remaining in training: [36m0[0mh [36m56[0mm [36m26[0ms
LR dropped to [36m0.00081631297[0m
superbatch [36m57[0m [[35m0.0[0m% ([36m0[0m/[36m763[0m batches, [36m7946379[0m pos/sec)]
Estimated time to end of superbatch: [36minf[0ms     [Fsuperbatch [36m57[0m [[35m16.8[0m% ([36m128[0m/[36m763[0m batches, [36m7951528[0m pos/sec)]
Estimated time to end of superbatch: [36m10.5[0ms     [Fsuperbatch [36m57[0m [[35m33.6[0m% ([36m256[0m/[36m763[0m batches, [36m7936723[0m pos/sec)]
Estimated time to end of superbatch: [36m8.4[0ms     [Fsuperbatch [36m57[0m [[35m50.3[0m% ([36m384[0m/[36m763[0m batches, [36m5894636[0m pos/sec)]
Estimated time to end of superbatch: [36m8.4[0ms     [Fsuperbatch [36m57[0m [[35m67.1[0m% ([36m512[0m/[36m763[0m batches, [36m6296854[0m pos/sec)]
Estimated time to end of superbatch: [36m5.2[0ms     [Fsuperbatch [36m57[0m [[35m83.9[0m% ([36m640[0m/[36m763[0m batches, [36m6563082[0m pos/sec)]
Estimated time to end of superbatch: [36m2.5[0ms     [Fsuperbatch [36m57[0m | time [36m14.8[0ms | running loss [36m0.011920[0m | [36m6751554[0m pos/sec | total time [36m761.5[0ms
Estimated time remaining in training: [36m0[0mh [36m56[0mm [36m20[0ms
LR dropped to [36m0.00081309036[0m
superbatch [36m58[0m [[35m0.0[0m% ([36m0[0m/[36m763[0m batches, [36m7951045[0m pos/sec)]
Estimated time to end of superbatch: [36minf[0ms     [Fsuperbatch [36m58[0m [[35m16.8[0m% ([36m128[0m/[36m763[0m batches, [36m3077610[0m pos/sec)]
Estimated time to end of superbatch: [36m27.3[0ms     [Fsuperbatch [36m58[0m [[35m33.6[0m% ([36m256[0m/[36m763[0m batches, [36m4429612[0m pos/sec)]
Estimated time to end of superbatch: [36m15.1[0ms     [Fsuperbatch [36m58[0m [[35m50.3[0m% ([36m384[0m/[36m763[0m batches, [36m5193852[0m pos/sec)]
Estimated time to end of superbatch: [36m9.6[0ms     [Fsuperbatch [36m58[0m [[35m67.1[0m% ([36m512[0m/[36m763[0m batches, [36m5685430[0m pos/sec)]
Estimated time to end of superbatch: [36m5.8[0ms     [Fsuperbatch [36m58[0m [[35m83.9[0m% ([36m640[0m/[36m763[0m batches, [36m5050762[0m pos/sec)]
Estimated time to end of superbatch: [36m3.2[0ms     [Fsuperbatch [36m58[0m | time [36m18.6[0ms | running loss [36m0.012107[0m | [36m5364600[0m pos/sec | total time [36m780.2[0ms
Estimated time remaining in training: [36m0[0mh [36m56[0mm [36m29[0ms
LR dropped to [36m0.00080986775[0m
superbatch [36m59[0m [[35m0.0[0m% ([36m0[0m/[36m763[0m batches, [36m7965246[0m pos/sec)]
Estimated time to end of superbatch: [36minf[0ms     [Fsuperbatch [36m59[0m [[35m16.8[0m% ([36m128[0m/[36m763[0m batches, [36m7973668[0m pos/sec)]
Estimated time to end of superbatch: [36m10.5[0ms     [Fsuperbatch [36m59[0m [[35m33.6[0m% ([36m256[0m/[36m763[0m batches, [36m7972540[0m pos/sec)]
Estimated time to end of superbatch: [36m8.4[0ms     [Fsuperbatch [36m59[0m [[35m50.3[0m% ([36m384[0m/[36m763[0m batches, [36m5078424[0m pos/sec)]
Estimated time to end of superbatch: [36m9.8[0ms     [Fsuperbatch [36m59[0m [[35m67.1[0m% ([36m512[0m/[36m763[0m batches, [36m5580049[0m pos/sec)]
Estimated time to end of superbatch: [36m5.9[0ms     [Fsuperbatch [36m59[0m [[35m83.9[0m% ([36m640[0m/[36m763[0m batches, [36m5935076[0m pos/sec)]
Estimated time to end of superbatch: [36m2.7[0ms     [Fsuperbatch [36m59[0m | time [36m16.2[0ms | running loss [36m0.011951[0m | [36m6188658[0m pos/sec | total time [36m796.3[0ms
Estimated time remaining in training: [36m0[0mh [36m56[0mm [36m27[0ms
LR dropped to [36m0.0008066452[0m
superbatch [36m60[0m [[35m0.0[0m% ([36m0[0m/[36m763[0m batches, [36m7982034[0m pos/sec)]
Estimated time to end of superbatch: [36minf[0ms     [Fsuperbatch [36m60[0m [[35m16.8[0m% ([36m128[0m/[36m763[0m batches, [36m3191475[0m pos/sec)]
Estimated time to end of superbatch: [36m26.3[0ms     [Fsuperbatch [36m60[0m [[35m33.6[0m% ([36m256[0m/[36m763[0m batches, [36m4548754[0m pos/sec)]
Estimated time to end of superbatch: [36m14.7[0ms     [Fsuperbatch [36m60[0m [[35m50.3[0m% ([36m384[0m/[36m763[0m batches, [36m5306228[0m pos/sec)]
Estimated time to end of superbatch: [36m9.4[0ms     [Fsuperbatch [36m60[0m [[35m67.1[0m% ([36m512[0m/[36m763[0m batches, [36m5788248[0m pos/sec)]
Estimated time to end of superbatch: [36m5.7[0ms     [Fsuperbatch [36m60[0m [[35m83.9[0m% ([36m640[0m/[36m763[0m batches, [36m5083391[0m pos/sec)]
Estimated time to end of superbatch: [36m3.2[0ms     [Fsuperbatch [36m60[0m | time [36m18.5[0ms | running loss [36m0.012135[0m | [36m5393832[0m pos/sec | total time [36m814.9[0ms
Estimated time remaining in training: [36m0[0mh [36m56[0mm [36m35[0ms
Saved [anna-v4-s1-60]
LR dropped to [36m0.00080342265[0m
superbatch [36m61[0m [[35m0.0[0m% ([36m0[0m/[36m763[0m batches, [36m7477114[0m pos/sec)]
Estimated time to end of superbatch: [36minf[0ms     [Fsuperbatch [36m61[0m [[35m16.8[0m% ([36m128[0m/[36m763[0m batches, [36m7900380[0m pos/sec)]
Estimated time to end of superbatch: [36m10.6[0ms     [Fsuperbatch [36m61[0m [[35m33.6[0m% ([36m256[0m/[36m763[0m batches, [36m7927864[0m pos/sec)]
Estimated time to end of superbatch: [36m8.4[0ms     [Fsuperbatch [36m61[0m [[35m50.3[0m% ([36m384[0m/[36m763[0m batches, [36m5752219[0m pos/sec)]
Estimated time to end of superbatch: [36m8.7[0ms     [Fsuperbatch [36m61[0m [[35m67.1[0m% ([36m512[0m/[36m763[0m batches, [36m6178094[0m pos/sec)]
Estimated time to end of superbatch: [36m5.3[0ms     [Fsuperbatch [36m61[0m [[35m83.9[0m% ([36m640[0m/[36m763[0m batches, [36m6467862[0m pos/sec)]
Estimated time to end of superbatch: [36m2.5[0ms     [Fsuperbatch [36m61[0m | time [36m15.0[0ms | running loss [36m0.011984[0m | [36m6667782[0m pos/sec | total time [36m832.3[0ms
Estimated time remaining in training: [36m0[0mh [36m56[0mm [36m37[0ms
LR dropped to [36m0.00080020004[0m
superbatch [36m62[0m [[35m0.0[0m% ([36m0[0m/[36m763[0m batches, [36m7984878[0m pos/sec)]
Estimated time to end of superbatch: [36minf[0ms     [Fsuperbatch [36m62[0m [[35m16.8[0m% ([36m128[0m/[36m763[0m batches, [36m4786602[0m pos/sec)]
Estimated time to end of superbatch: [36m17.5[0ms     [Fsuperbatch [36m62[0m [[35m33.6[0m% ([36m256[0m/[36m763[0m batches, [36m5971848[0m pos/sec)]
Estimated time to end of superbatch: [36m11.2[0ms     [Fsuperbatch [36m62[0m [[35m50.3[0m% ([36m384[0m/[36m763[0m batches, [36m6514585[0m pos/sec)]
Estimated time to end of superbatch: [36m7.6[0ms     [Fsuperbatch [36m62[0m [[35m67.1[0m% ([36m512[0m/[36m763[0m batches, [36m6826804[0m pos/sec)]
Estimated time to end of superbatch: [36m4.8[0ms     [Fsuperbatch [36m62[0m [[35m83.9[0m% ([36m640[0m/[36m763[0m batches, [36m6198028[0m pos/sec)]
Estimated time to end of superbatch: [36m2.6[0ms     [Fsuperbatch [36m62[0m | time [36m15.6[0ms | running loss [36m0.012150[0m | [36m6421587[0m pos/sec | total time [36m847.9[0ms
Estimated time remaining in training: [36m0[0mh [36m56[0mm [36m31[0ms
LR dropped to [36m0.00079697743[0m
superbatch [36m63[0m [[35m0.0[0m% ([36m0[0m/[36m763[0m batches, [36m7954066[0m pos/sec)]
Estimated time to end of superbatch: [36minf[0ms     [Fsuperbatch [36m63[0m [[35m16.8[0m% ([36m128[0m/[36m763[0m batches, [36m7892238[0m pos/sec)]
Estimated time to end of superbatch: [36m10.6[0ms     [Fsuperbatch [36m63[0m [[35m33.6[0m% ([36m256[0m/[36m763[0m batches, [36m7809272[0m pos/sec)]
Estimated time to end of superbatch: [36m8.5[0ms     [Fsuperbatch [36m63[0m [[35m50.3[0m% ([36m384[0m/[36m763[0m batches, [36m6064890[0m pos/sec)]
Estimated time to end of superbatch: [36m8.2[0ms     [Fsuperbatch [36m63[0m [[35m67.1[0m% ([36m512[0m/[36m763[0m batches, [36m6441471[0m pos/sec)]
Estimated time to end of superbatch: [36m5.1[0ms     [Fsuperbatch [36m63[0m [[35m83.9[0m% ([36m640[0m/[36m763[0m batches, [36m6687724[0m pos/sec)]
Estimated time to end of superbatch: [36m2.4[0ms     [Fsuperbatch [36m63[0m | time [36m14.6[0ms | running loss [36m0.012017[0m | [36m6839186[0m pos/sec | total time [36m862.5[0ms
Estimated time remaining in training: [36m0[0mh [36m56[0mm [36m21[0ms
LR dropped to [36m0.0007937549[0m
superbatch [36m64[0m [[35m0.0[0m% ([36m0[0m/[36m763[0m batches, [36m7980984[0m pos/sec)]
Estimated time to end of superbatch: [36minf[0ms     [Fsuperbatch [36m64[0m [[35m16.8[0m% ([36m128[0m/[36m763[0m batches, [36m4035696[0m pos/sec)]
Estimated time to end of superbatch: [36m20.8[0ms     [Fsuperbatch [36m64[0m [[35m33.6[0m% ([36m256[0m/[36m763[0m batches, [36m5347191[0m pos/sec)]
Estimated time to end of superbatch: [36m12.5[0ms     [Fsuperbatch [36m64[0m [[35m50.3[0m% ([36m384[0m/[36m763[0m batches, [36m5992416[0m pos/sec)]
Estimated time to end of superbatch: [36m8.3[0ms     [Fsuperbatch [36m64[0m [[35m67.1[0m% ([36m512[0m/[36m763[0m batches, [36m6386286[0m pos/sec)]
Estimated time to end of superbatch: [36m5.2[0ms     [Fsuperbatch [36m64[0m [[35m83.9[0m% ([36m640[0m/[36m763[0m batches, [36m5809092[0m pos/sec)]
Estimated time to end of superbatch: [36m2.8[0ms     [Fsuperbatch [36m64[0m | time [36m16.5[0ms | running loss [36m0.012212[0m | [36m6069840[0m pos/sec | total time [36m879.0[0ms
Estimated time remaining in training: [36m0[0mh [36m56[0mm [36m18[0ms
LR dropped to [36m0.00079053233[0m
superbatch [36m65[0m [[35m0.0[0m% ([36m0[0m/[36m763[0m batches, [36m7951768[0m pos/sec)]
Estimated time to end of superbatch: [36minf[0ms     [Fsuperbatch [36m65[0m [[35m16.8[0m% ([36m128[0m/[36m763[0m batches, [36m7869299[0m pos/sec)]
Estimated time to end of superbatch: [36m10.7[0ms     [Fsuperbatch [36m65[0m [[35m33.6[0m% ([36m256[0m/[36m763[0m batches, [36m7872902[0m pos/sec)]
Estimated time to end of superbatch: [36m8.5[0ms     [Fsuperbatch [36m65[0m [[35m50.3[0m% ([36m384[0m/[36m763[0m batches, [36m6785880[0m pos/sec)]
Estimated time to end of superbatch: [36m7.3[0ms     [Fsuperbatch [36m65[0m [[35m67.1[0m% ([36m512[0m/[36m763[0m batches, [36m7036124[0m pos/sec)]
Estimated time to end of superbatch: [36m4.7[0ms     [Fsuperbatch [36m65[0m [[35m83.9[0m% ([36m640[0m/[36m763[0m batches, [36m7185128[0m pos/sec)]
Estimated time to end of superbatch: [36m2.2[0ms     [Fsuperbatch [36m65[0m | time [36m13.7[0ms | running loss [36m0.012095[0m | [36m7294040[0m pos/sec | total time [36m892.7[0ms
Estimated time remaining in training: [36m0[0mh [36m56[0mm [36m4[0ms
LR dropped to [36m0.0007873097[0m
superbatch [36m66[0m [[35m0.0[0m% ([36m0[0m/[36m763[0m batches, [36m7932980[0m pos/sec)]
Estimated time to end of superbatch: [36minf[0ms     [Fsuperbatch [36m66[0m [[35m16.8[0m% ([36m128[0m/[36m763[0m batches, [36m4564439[0m pos/sec)]
Estimated time to end of superbatch: [36m18.4[0ms     [Fsuperbatch [36m66[0m [[35m33.6[0m% ([36m256[0m/[36m763[0m batches, [36m5782908[0m pos/sec)]
Estimated time to end of superbatch: [36m11.5[0ms     [Fsuperbatch [36m66[0m [[35m50.3[0m% ([36m384[0m/[36m763[0m batches, [36m6337592[0m pos/sec)]
Estimated time to end of superbatch: [36m7.9[0ms     [Fsuperbatch [36m66[0m [[35m67.1[0m% ([36m512[0m/[36m763[0m batches, [36m6646015[0m pos/sec)]
Estimated time to end of superbatch: [36m5.0[0ms     [Fsuperbatch [36m66[0m [[35m83.9[0m% ([36m640[0m/[36m763[0m batches, [36m6652913[0m pos/sec)]
Estimated time to end of superbatch: [36m2.4[0ms     [Fsuperbatch [36m66[0m | time [36m14.7[0ms | running loss [36m0.012233[0m | [36m6825412[0m pos/sec | total time [36m907.4[0ms
Estimated time remaining in training: [36m0[0mh [36m55[0mm [36m54[0ms
LR dropped to [36m0.0007840871[0m
superbatch [36m67[0m [[35m0.0[0m% ([36m0[0m/[36m763[0m batches, [36m7945723[0m pos/sec)]
Estimated time to end of superbatch: [36minf[0ms     [Fsuperbatch [36m67[0m [[35m16.8[0m% ([36m128[0m/[36m763[0m batches, [36m7945730[0m pos/sec)]
Estimated time to end of superbatch: [36m10.6[0ms     [Fsuperbatch [36m67[0m [[35m33.6[0m% ([36m256[0m/[36m763[0m batches, [36m7838783[0m pos/sec)]
Estimated time to end of superbatch: [36m8.5[0ms     [Fsuperbatch [36m67[0m [[35m50.3[0m% ([36m384[0m/[36m763[0m batches, [36m6326200[0m pos/sec)]
Estimated time to end of superbatch: [36m7.9[0ms     [Fsuperbatch [36m67[0m [[35m67.1[0m% ([36m512[0m/[36m763[0m batches, [36m6662671[0m pos/sec)]
Estimated time to end of superbatch: [36m4.9[0ms     [Fsuperbatch [36m67[0m [[35m83.9[0m% ([36m640[0m/[36m763[0m batches, [36m6873238[0m pos/sec)]
Estimated time to end of superbatch: [36m2.3[0ms     [Fsuperbatch [36m67[0m | time [36m14.3[0ms | running loss [36m0.012107[0m | [36m7016516[0m pos/sec | total time [36m921.6[0ms
Estimated time remaining in training: [36m0[0mh [36m55[0mm [36m42[0ms
LR dropped to [36m0.00078086456[0m
superbatch [36m68[0m [[35m0.0[0m% ([36m0[0m/[36m763[0m batches, [36m7948981[0m pos/sec)]
Estimated time to end of superbatch: [36minf[0ms     [Fsuperbatch [36m68[0m [[35m16.8[0m% ([36m128[0m/[36m763[0m batches, [36m6568310[0m pos/sec)]
Estimated time to end of superbatch: [36m12.8[0ms     [Fsuperbatch [36m68[0m [[35m33.6[0m% ([36m256[0m/[36m763[0m batches, [36m7160784[0m pos/sec)]
Estimated time to end of superbatch: [36m9.3[0ms     [Fsuperbatch [36m68[0m [[35m50.3[0m% ([36m384[0m/[36m763[0m batches, [36m7377984[0m pos/sec)]
Estimated time to end of superbatch: [36m6.8[0ms     [Fsuperbatch [36m68[0m [[35m67.1[0m% ([36m512[0m/[36m763[0m batches, [36m7502248[0m pos/sec)]
Estimated time to end of superbatch: [36m4.4[0ms     [Fsuperbatch [36m68[0m [[35m83.9[0m% ([36m640[0m/[36m763[0m batches, [36m6748907[0m pos/sec)]
Estimated time to end of superbatch: [36m2.4[0ms     [Fsuperbatch [36m68[0m | time [36m14.5[0ms | running loss [36m0.012255[0m | [36m6909914[0m pos/sec | total time [36m936.1[0ms
Estimated time remaining in training: [36m0[0mh [36m55[0mm [36m31[0ms
LR dropped to [36m0.000777642[0m
superbatch [36m69[0m [[35m0.0[0m% ([36m0[0m/[36m763[0m batches, [36m7894421[0m pos/sec)]
Estimated time to end of superbatch: [36minf[0ms     [Fsuperbatch [36m69[0m [[35m16.8[0m% ([36m128[0m/[36m763[0m batches, [36m7898385[0m pos/sec)]
Estimated time to end of superbatch: [36m10.6[0ms     [Fsuperbatch [36m69[0m [[35m33.6[0m% ([36m256[0m/[36m763[0m batches, [36m7904283[0m pos/sec)]
Estimated time to end of superbatch: [36m8.4[0ms     [Fsuperbatch [36m69[0m [[35m50.3[0m% ([36m384[0m/[36m763[0m batches, [36m6914647[0m pos/sec)]
Estimated time to end of superbatch: [36m7.2[0ms     [Fsuperbatch [36m69[0m [[35m67.1[0m% ([36m512[0m/[36m763[0m batches, [36m7142268[0m pos/sec)]
Estimated time to end of superbatch: [36m4.6[0ms     [Fsuperbatch [36m69[0m [[35m83.9[0m% ([36m640[0m/[36m763[0m batches, [36m7285631[0m pos/sec)]
Estimated time to end of superbatch: [36m2.2[0ms     [Fsuperbatch [36m69[0m | time [36m13.6[0ms | running loss [36m0.012190[0m | [36m7380037[0m pos/sec | total time [36m949.7[0ms
Estimated time remaining in training: [36m0[0mh [36m55[0mm [36m16[0ms
LR dropped to [36m0.0007744194[0m
superbatch [36m70[0m [[35m0.0[0m% ([36m0[0m/[36m763[0m batches, [36m7974429[0m pos/sec)]
Estimated time to end of superbatch: [36minf[0ms     [Fsuperbatch [36m70[0m [[35m16.8[0m% ([36m128[0m/[36m763[0m batches, [36m5585008[0m pos/sec)]
Estimated time to end of superbatch: [36m15.0[0ms     [Fsuperbatch [36m70[0m [[35m33.6[0m% ([36m256[0m/[36m763[0m batches, [36m6509732[0m pos/sec)]
Estimated time to end of superbatch: [36m10.2[0ms     [Fsuperbatch [36m70[0m [[35m50.3[0m% ([36m384[0m/[36m763[0m batches, [36m6918550[0m pos/sec)]
Estimated time to end of superbatch: [36m7.2[0ms     [Fsuperbatch [36m70[0m [[35m67.1[0m% ([36m512[0m/[36m763[0m batches, [36m7148234[0m pos/sec)]
Estimated time to end of superbatch: [36m4.6[0ms     [Fsuperbatch [36m70[0m [[35m83.9[0m% ([36m640[0m/[36m763[0m batches, [36m7291110[0m pos/sec)]
Estimated time to end of superbatch: [36m2.2[0ms     [Fsuperbatch [36m70[0m | time [36m13.6[0ms | running loss [36m0.012304[0m | [36m7375282[0m pos/sec | total time [36m963.2[0ms
Estimated time remaining in training: [36m0[0mh [36m55[0mm [36m2[0ms
LR dropped to [36m0.0007711968[0m
superbatch [36m71[0m [[35m0.0[0m% ([36m0[0m/[36m763[0m batches, [36m7887798[0m pos/sec)]
Estimated time to end of superbatch: [36minf[0ms     [Fsuperbatch [36m71[0m [[35m16.8[0m% ([36m128[0m/[36m763[0m batches, [36m7868282[0m pos/sec)]
Estimated time to end of superbatch: [36m10.7[0ms     [Fsuperbatch [36m71[0m [[35m33.6[0m% ([36m256[0m/[36m763[0m batches, [36m7882853[0m pos/sec)]
Estimated time to end of superbatch: [36m8.5[0ms     [Fsuperbatch [36m71[0m [[35m50.3[0m% ([36m384[0m/[36m763[0m batches, [36m5754418[0m pos/sec)]
Estimated time to end of superbatch: [36m8.7[0ms     [Fsuperbatch [36m71[0m [[35m67.1[0m% ([36m512[0m/[36m763[0m batches, [36m6175510[0m pos/sec)]
Estimated time to end of superbatch: [36m5.3[0ms     [Fsuperbatch [36m71[0m [[35m83.9[0m% ([36m640[0m/[36m763[0m batches, [36m6424946[0m pos/sec)]
Estimated time to end of superbatch: [36m2.5[0ms     [Fsuperbatch [36m71[0m | time [36m15.1[0ms | running loss [36m0.012215[0m | [36m6623504[0m pos/sec | total time [36m978.3[0ms
Estimated time remaining in training: [36m0[0mh [36m54[0mm [36m53[0ms
LR dropped to [36m0.00076797424[0m
superbatch [36m72[0m [[35m0.0[0m% ([36m0[0m/[36m763[0m batches, [36m7946080[0m pos/sec)]
Estimated time to end of superbatch: [36minf[0ms     [Fsuperbatch [36m72[0m [[35m16.8[0m% ([36m128[0m/[36m763[0m batches, [36m4803002[0m pos/sec)]
Estimated time to end of superbatch: [36m17.5[0ms     [Fsuperbatch [36m72[0m [[35m33.6[0m% ([36m256[0m/[36m763[0m batches, [36m5973498[0m pos/sec)]
Estimated time to end of superbatch: [36m11.2[0ms     [Fsuperbatch [36m72[0m [[35m50.3[0m% ([36m384[0m/[36m763[0m batches, [36m6506725[0m pos/sec)]
Estimated time to end of superbatch: [36m7.7[0ms     [Fsuperbatch [36m72[0m [[35m67.1[0m% ([36m512[0m/[36m763[0m batches, [36m6811196[0m pos/sec)]
Estimated time to end of superbatch: [36m4.8[0ms     [Fsuperbatch [36m72[0m [[35m83.9[0m% ([36m640[0m/[36m763[0m batches, [36m6672304[0m pos/sec)]
Estimated time to end of superbatch: [36m2.4[0ms     [Fsuperbatch [36m72[0m | time [36m14.6[0ms | running loss [36m0.012321[0m | [36m6842254[0m pos/sec | total time [36m992.9[0ms
Estimated time remaining in training: [36m0[0mh [36m54[0mm [36m42[0ms
LR dropped to [36m0.00076475163[0m
superbatch [36m73[0m [[35m0.0[0m% ([36m0[0m/[36m763[0m batches, [36m7901812[0m pos/sec)]
Estimated time to end of superbatch: [36minf[0ms     [Fsuperbatch [36m73[0m [[35m16.8[0m% ([36m128[0m/[36m763[0m batches, [36m7904929[0m pos/sec)]
Estimated time to end of superbatch: [36m10.6[0ms     [Fsuperbatch [36m73[0m [[35m33.6[0m% ([36m256[0m/[36m763[0m batches, [36m7893994[0m pos/sec)]
Estimated time to end of superbatch: [36m8.5[0ms     [Fsuperbatch [36m73[0m [[35m50.3[0m% ([36m384[0m/[36m763[0m batches, [36m7754999[0m pos/sec)]
Estimated time to end of superbatch: [36m6.4[0ms     [Fsuperbatch [36m73[0m [[35m67.1[0m% ([36m512[0m/[36m763[0m batches, [36m7780367[0m pos/sec)]
Estimated time to end of superbatch: [36m4.2[0ms     [Fsuperbatch [36m73[0m [[35m83.9[0m% ([36m640[0m/[36m763[0m batches, [36m7797498[0m pos/sec)]
Estimated time to end of superbatch: [36m2.1[0ms     [Fsuperbatch [36m73[0m | time [36m12.8[0ms | running loss [36m0.012314[0m | [36m7810152[0m pos/sec | total time [36m1005.7[0ms
Estimated time remaining in training: [36m0[0mh [36m54[0mm [36m25[0ms
LR dropped to [36m0.0007615291[0m
superbatch [36m74[0m [[35m0.0[0m% ([36m0[0m/[36m763[0m batches, [36m7885758[0m pos/sec)]
Estimated time to end of superbatch: [36minf[0ms     [Fsuperbatch [36m74[0m [[35m16.8[0m% ([36m128[0m/[36m763[0m batches, [36m5878675[0m pos/sec)]
Estimated time to end of superbatch: [36m14.3[0ms     [Fsuperbatch [36m74[0m [[35m33.6[0m% ([36m256[0m/[36m763[0m batches, [36m6721206[0m pos/sec)]
Estimated time to end of superbatch: [36m9.9[0ms     [Fsuperbatch [36m74[0m [[35m50.3[0m% ([36m384[0m/[36m763[0m batches, [36m7061908[0m pos/sec)]
Estimated time to end of superbatch: [36m7.1[0ms     [Fsuperbatch [36m74[0m [[35m67.1[0m% ([36m512[0m/[36m763[0m batches, [36m7248688[0m pos/sec)]
Estimated time to end of superbatch: [36m4.5[0ms     [Fsuperbatch [36m74[0m [[35m83.9[0m% ([36m640[0m/[36m763[0m batches, [36m7019090[0m pos/sec)]
Estimated time to end of superbatch: [36m2.3[0ms     [Fsuperbatch [36m74[0m | time [36m14.0[0ms | running loss [36m0.012409[0m | [36m7140822[0m pos/sec | total time [36m1019.7[0ms
Estimated time remaining in training: [36m0[0mh [36m54[0mm [36m12[0ms
LR dropped to [36m0.0007583065[0m
superbatch [36m75[0m [[35m0.0[0m% ([36m0[0m/[36m763[0m batches, [36m7888402[0m pos/sec)]
Estimated time to end of superbatch: [36minf[0ms     [Fsuperbatch [36m75[0m [[35m16.8[0m% ([36m128[0m/[36m763[0m batches, [36m7873610[0m pos/sec)]
Estimated time to end of superbatch: [36m10.7[0ms     [Fsuperbatch [36m75[0m [[35m33.6[0m% ([36m256[0m/[36m763[0m batches, [36m7862940[0m pos/sec)]
Estimated time to end of superbatch: [36m8.5[0ms     [Fsuperbatch [36m75[0m [[35m50.3[0m% ([36m384[0m/[36m763[0m batches, [36m7347604[0m pos/sec)]
Estimated time to end of superbatch: [36m6.8[0ms     [Fsuperbatch [36m75[0m [[35m67.1[0m% ([36m512[0m/[36m763[0m batches, [36m7466139[0m pos/sec)]
Estimated time to end of superbatch: [36m4.4[0ms     [Fsuperbatch [36m75[0m [[35m83.9[0m% ([36m640[0m/[36m763[0m batches, [36m7541975[0m pos/sec)]
Estimated time to end of superbatch: [36m2.1[0ms     [Fsuperbatch [36m75[0m | time [36m13.2[0ms | running loss [36m0.012375[0m | [36m7592142[0m pos/sec | total time [36m1032.9[0ms
Estimated time remaining in training: [36m0[0mh [36m53[0mm [36m56[0ms
LR dropped to [36m0.00075508386[0m
superbatch [36m76[0m [[35m0.0[0m% ([36m0[0m/[36m763[0m batches, [36m7876328[0m pos/sec)]
Estimated time to end of superbatch: [36minf[0ms     [Fsuperbatch [36m76[0m [[35m16.8[0m% ([36m128[0m/[36m763[0m batches, [36m7869400[0m pos/sec)]
Estimated time to end of superbatch: [36m10.7[0ms     [Fsuperbatch [36m76[0m [[35m33.6[0m% ([36m256[0m/[36m763[0m batches, [36m7858466[0m pos/sec)]
Estimated time to end of superbatch: [36m8.5[0ms     [Fsuperbatch [36m76[0m [[35m50.3[0m% ([36m384[0m/[36m763[0m batches, [36m7858762[0m pos/sec)]
Estimated time to end of superbatch: [36m6.3[0ms     [Fsuperbatch [36m76[0m [[35m67.1[0m% ([36m512[0m/[36m763[0m batches, [36m7861532[0m pos/sec)]
Estimated time to end of superbatch: [36m4.2[0ms     [Fsuperbatch [36m76[0m [[35m83.9[0m% ([36m640[0m/[36m763[0m batches, [36m7863115[0m pos/sec)]
Estimated time to end of superbatch: [36m2.1[0ms     [Fsuperbatch [36m76[0m | time [36m12.7[0ms | running loss [36m0.012418[0m | [36m7859806[0m pos/sec | total time [36m1045.6[0ms
Estimated time remaining in training: [36m0[0mh [36m53[0mm [36m39[0ms
LR dropped to [36m0.0007518613[0m
superbatch [36m77[0m [[35m0.0[0m% ([36m0[0m/[36m763[0m batches, [36m7844453[0m pos/sec)]
Estimated time to end of superbatch: [36minf[0ms     [Fsuperbatch [36m77[0m [[35m16.8[0m% ([36m128[0m/[36m763[0m batches, [36m7857685[0m pos/sec)]
Estimated time to end of superbatch: [36m10.7[0ms     [Fsuperbatch [36m77[0m [[35m33.6[0m% ([36m256[0m/[36m763[0m batches, [36m7863222[0m pos/sec)]
Estimated time to end of superbatch: [36m8.5[0ms     [Fsuperbatch [36m77[0m [[35m50.3[0m% ([36m384[0m/[36m763[0m batches, [36m7864361[0m pos/sec)]
Estimated time to end of superbatch: [36m6.3[0ms     [Fsuperbatch [36m77[0m [[35m67.1[0m% ([36m512[0m/[36m763[0m batches, [36m7857649[0m pos/sec)]
Estimated time to end of superbatch: [36m4.2[0ms     [Fsuperbatch [36m77[0m [[35m83.9[0m% ([36m640[0m/[36m763[0m batches, [36m7856606[0m pos/sec)]
Estimated time to end of superbatch: [36m2.1[0ms     [Fsuperbatch [36m77[0m | time [36m12.7[0ms | running loss [36m0.012387[0m | [36m7857078[0m pos/sec | total time [36m1058.4[0ms
Estimated time remaining in training: [36m0[0mh [36m53[0mm [36m22[0ms
LR dropped to [36m0.00074863876[0m
superbatch [36m78[0m [[35m0.0[0m% ([36m0[0m/[36m763[0m batches, [36m7861711[0m pos/sec)]
Estimated time to end of superbatch: [36minf[0ms     [Fsuperbatch [36m78[0m [[35m16.8[0m% ([36m128[0m/[36m763[0m batches, [36m7815483[0m pos/sec)]
Estimated time to end of superbatch: [36m10.7[0ms     [Fsuperbatch [36m78[0m [[35m33.6[0m% ([36m256[0m/[36m763[0m batches, [36m7810708[0m pos/sec)]
Estimated time to end of superbatch: [36m8.5[0ms     [Fsuperbatch [36m78[0m [[35m50.3[0m% ([36m384[0m/[36m763[0m batches, [36m7826562[0m pos/sec)]
Estimated time to end of superbatch: [36m6.4[0ms     [Fsuperbatch [36m78[0m [[35m67.1[0m% ([36m512[0m/[36m763[0m batches, [36m7830674[0m pos/sec)]
Estimated time to end of superbatch: [36m4.2[0ms     [Fsuperbatch [36m78[0m [[35m83.9[0m% ([36m640[0m/[36m763[0m batches, [36m7675961[0m pos/sec)]
Estimated time to end of superbatch: [36m2.1[0ms     [Fsuperbatch [36m78[0m | time [36m13.0[0ms | running loss [36m0.012459[0m | [36m7701805[0m pos/sec | total time [36m1071.4[0ms
Estimated time remaining in training: [36m0[0mh [36m53[0mm [36m6[0ms
LR dropped to [36m0.00074541615[0m
superbatch [36m79[0m [[35m0.0[0m% ([36m0[0m/[36m763[0m batches, [36m7834657[0m pos/sec)]
Estimated time to end of superbatch: [36minf[0ms     [Fsuperbatch [36m79[0m [[35m16.8[0m% ([36m128[0m/[36m763[0m batches, [36m7829315[0m pos/sec)]
Estimated time to end of superbatch: [36m10.7[0ms     [Fsuperbatch [36m79[0m [[35m33.6[0m% ([36m256[0m/[36m763[0m batches, [36m7824213[0m pos/sec)]
Estimated time to end of superbatch: [36m8.5[0ms     [Fsuperbatch [36m79[0m [[35m50.3[0m% ([36m384[0m/[36m763[0m batches, [36m7838218[0m pos/sec)]
Estimated time to end of superbatch: [36m6.4[0ms     [Fsuperbatch [36m79[0m [[35m67.1[0m% ([36m512[0m/[36m763[0m batches, [36m7224600[0m pos/sec)]
Estimated time to end of superbatch: [36m4.6[0ms     [Fsuperbatch [36m79[0m [[35m83.9[0m% ([36m640[0m/[36m763[0m batches, [36m7339282[0m pos/sec)]
Estimated time to end of superbatch: [36m2.2[0ms     [Fsuperbatch [36m79[0m | time [36m13.5[0ms | running loss [36m0.012430[0m | [36m7417004[0m pos/sec | total time [36m1084.8[0ms
Estimated time remaining in training: [36m0[0mh [36m52[0mm [36m52[0ms
LR dropped to [36m0.0007421936[0m
superbatch [36m80[0m [[35m0.0[0m% ([36m0[0m/[36m763[0m batches, [36m7864390[0m pos/sec)]
Estimated time to end of superbatch: [36minf[0ms     [Fsuperbatch [36m80[0m [[35m16.8[0m% ([36m128[0m/[36m763[0m batches, [36m7861089[0m pos/sec)]
Estimated time to end of superbatch: [36m10.7[0ms     [Fsuperbatch [36m80[0m [[35m33.6[0m% ([36m256[0m/[36m763[0m batches, [36m6608683[0m pos/sec)]
Estimated time to end of superbatch: [36m10.1[0ms     [Fsuperbatch [36m80[0m [[35m50.3[0m% ([36m384[0m/[36m763[0m batches, [36m6967622[0m pos/sec)]
Estimated time to end of superbatch: [36m7.1[0ms     [Fsuperbatch [36m80[0m [[35m67.1[0m% ([36m512[0m/[36m763[0m batches, [36m7162280[0m pos/sec)]
Estimated time to end of superbatch: [36m4.6[0ms     [Fsuperbatch [36m80[0m [[35m83.9[0m% ([36m640[0m/[36m763[0m batches, [36m7292278[0m pos/sec)]
Estimated time to end of superbatch: [36m2.2[0ms     [Fsuperbatch [36m80[0m | time [36m14.5[0ms | running loss [36m0.012469[0m | [36m6900446[0m pos/sec | total time [36m1099.3[0ms
Estimated time remaining in training: [36m0[0mh [36m52[0mm [36m40[0ms
Saved [anna-v4-s1-80]
LR dropped to [36m0.00073897105[0m
superbatch [36m81[0m [[35m0.0[0m% ([36m0[0m/[36m763[0m batches, [36m7849366[0m pos/sec)]
Estimated time to end of superbatch: [36minf[0ms     [Fsuperbatch [36m81[0m [[35m16.8[0m% ([36m128[0m/[36m763[0m batches, [36m7849572[0m pos/sec)]
Estimated time to end of superbatch: [36m10.7[0ms     [Fsuperbatch [36m81[0m [[35m33.6[0m% ([36m256[0m/[36m763[0m batches, [36m7853336[0m pos/sec)]
Estimated time to end of superbatch: [36m8.5[0ms     [Fsuperbatch [36m81[0m [[35m50.3[0m% ([36m384[0m/[36m763[0m batches, [36m7856208[0m pos/sec)]
Estimated time to end of superbatch: [36m6.3[0ms     [Fsuperbatch [36m81[0m [[35m67.1[0m% ([36m512[0m/[36m763[0m batches, [36m7851624[0m pos/sec)]
Estimated time to end of superbatch: [36m4.2[0ms     [Fsuperbatch [36m81[0m [[35m83.9[0m% ([36m640[0m/[36m763[0m batches, [36m7849596[0m pos/sec)]
Estimated time to end of superbatch: [36m2.1[0ms     [Fsuperbatch [36m81[0m | time [36m12.7[0ms | running loss [36m0.012505[0m | [36m7849846[0m pos/sec | total time [36m1113.3[0ms
Estimated time remaining in training: [36m0[0mh [36m52[0mm [36m27[0ms
LR dropped to [36m0.00073574844[0m
superbatch [36m82[0m [[35m0.0[0m% ([36m0[0m/[36m763[0m batches, [36m7857262[0m pos/sec)]
Estimated time to end of superbatch: [36minf[0ms     [Fsuperbatch [36m82[0m [[35m16.8[0m% ([36m128[0m/[36m763[0m batches, [36m7858784[0m pos/sec)]
Estimated time to end of superbatch: [36m10.7[0ms     [Fsuperbatch [36m82[0m [[35m33.6[0m% ([36m256[0m/[36m763[0m batches, [36m7129718[0m pos/sec)]
Estimated time to end of superbatch: [36m9.4[0ms     [Fsuperbatch [36m82[0m [[35m50.3[0m% ([36m384[0m/[36m763[0m batches, [36m7349684[0m pos/sec)]
Estimated time to end of superbatch: [36m6.8[0ms     [Fsuperbatch [36m82[0m [[35m67.1[0m% ([36m512[0m/[36m763[0m batches, [36m7467052[0m pos/sec)]
Estimated time to end of superbatch: [36m4.4[0ms     [Fsuperbatch [36m82[0m [[35m83.9[0m% ([36m640[0m/[36m763[0m batches, [36m7540264[0m pos/sec)]
Estimated time to end of superbatch: [36m2.1[0ms     [Fsuperbatch [36m82[0m | time [36m14.0[0ms | running loss [36m0.012520[0m | [36m7154666[0m pos/sec | total time [36m1127.3[0ms
Estimated time remaining in training: [36m0[0mh [36m52[0mm [36m14[0ms
LR dropped to [36m0.00073252583[0m
superbatch [36m83[0m [[35m0.0[0m% ([36m0[0m/[36m763[0m batches, [36m7821674[0m pos/sec)]
Estimated time to end of superbatch: [36minf[0ms     [Fsuperbatch [36m83[0m [[35m16.8[0m% ([36m128[0m/[36m763[0m batches, [36m7833720[0m pos/sec)]
Estimated time to end of superbatch: [36m10.7[0ms     [Fsuperbatch [36m83[0m [[35m33.6[0m% ([36m256[0m/[36m763[0m batches, [36m7836246[0m pos/sec)]
Estimated time to end of superbatch: [36m8.5[0ms     [Fsuperbatch [36m83[0m [[35m50.3[0m% ([36m384[0m/[36m763[0m batches, [36m7839968[0m pos/sec)]
Estimated time to end of superbatch: [36m6.4[0ms     [Fsuperbatch [36m83[0m [[35m67.1[0m% ([36m512[0m/[36m763[0m batches, [36m7293334[0m pos/sec)]
Estimated time to end of superbatch: [36m4.5[0ms     [Fsuperbatch [36m83[0m [[35m83.9[0m% ([36m640[0m/[36m763[0m batches, [36m7394734[0m pos/sec)]
Estimated time to end of superbatch: [36m2.2[0ms     [Fsuperbatch [36m83[0m | time [36m13.4[0ms | running loss [36m0.012567[0m | [36m7462500[0m pos/sec | total time [36m1140.7[0ms
Estimated time remaining in training: [36m0[0mh [36m51[0mm [36m59[0ms
LR dropped to [36m0.0007293032[0m
superbatch [36m84[0m [[35m0.0[0m% ([36m0[0m/[36m763[0m batches, [36m7836432[0m pos/sec)]
Estimated time to end of superbatch: [36minf[0ms     [Fsuperbatch [36m84[0m [[35m16.8[0m% ([36m128[0m/[36m763[0m batches, [36m7844096[0m pos/sec)]
Estimated time to end of superbatch: [36m10.7[0ms     [Fsuperbatch [36m84[0m [[35m33.6[0m% ([36m256[0m/[36m763[0m batches, [36m7225310[0m pos/sec)]
Estimated time to end of superbatch: [36m9.2[0ms     [Fsuperbatch [36m84[0m [[35m50.3[0m% ([36m384[0m/[36m763[0m batches, [36m7415199[0m pos/sec)]
Estimated time to end of superbatch: [36m6.7[0ms     [Fsuperbatch [36m84[0m [[35m67.1[0m% ([36m512[0m/[36m763[0m batches, [36m7511268[0m pos/sec)]
Estimated time to end of superbatch: [36m4.4[0ms     [Fsuperbatch [36m84[0m [[35m83.9[0m% ([36m640[0m/[36m763[0m batches, [36m7575424[0m pos/sec)]
Estimated time to end of superbatch: [36m2.1[0ms     [Fsuperbatch [36m84[0m | time [36m14.2[0ms | running loss [36m0.012553[0m | [36m7028922[0m pos/sec | total time [36m1154.9[0ms
Estimated time remaining in training: [36m0[0mh [36m51[0mm [36m47[0ms
LR dropped to [36m0.0007260807[0m
superbatch [36m85[0m [[35m0.0[0m% ([36m0[0m/[36m763[0m batches, [36m7823598[0m pos/sec)]
Estimated time to end of superbatch: [36minf[0ms     [Fsuperbatch [36m85[0m [[35m16.8[0m% ([36m128[0m/[36m763[0m batches, [36m7812402[0m pos/sec)]
Estimated time to end of superbatch: [36m10.7[0ms     [Fsuperbatch [36m85[0m [[35m33.6[0m% ([36m256[0m/[36m763[0m batches, [36m7824519[0m pos/sec)]
Estimated time to end of superbatch: [36m8.5[0ms     [Fsuperbatch [36m85[0m [[35m50.3[0m% ([36m384[0m/[36m763[0m batches, [36m7821436[0m pos/sec)]
Estimated time to end of superbatch: [36m6.4[0ms     [Fsuperbatch [36m85[0m [[35m67.1[0m% ([36m512[0m/[36m763[0m batches, [36m7104367[0m pos/sec)]
Estimated time to end of superbatch: [36m4.6[0ms     [Fsuperbatch [36m85[0m [[35m83.9[0m% ([36m640[0m/[36m763[0m batches, [36m7235988[0m pos/sec)]
Estimated time to end of superbatch: [36m2.2[0ms     [Fsuperbatch [36m85[0m | time [36m13.7[0ms | running loss [36m0.012598[0m | [36m7325234[0m pos/sec | total time [36m1168.6[0ms
Estimated time remaining in training: [36m0[0mh [36m51[0mm [36m33[0ms
LR dropped to [36m0.0007228581[0m
superbatch [36m86[0m [[35m0.0[0m% ([36m0[0m/[36m763[0m batches, [36m7845598[0m pos/sec)]
Estimated time to end of superbatch: [36minf[0ms     [Fsuperbatch [36m86[0m [[35m16.8[0m% ([36m128[0m/[36m763[0m batches, [36m7844626[0m pos/sec)]
Estimated time to end of superbatch: [36m10.7[0ms     [Fsuperbatch [36m86[0m [[35m33.6[0m% ([36m256[0m/[36m763[0m batches, [36m5643300[0m pos/sec)]
Estimated time to end of superbatch: [36m11.8[0ms     [Fsuperbatch [36m86[0m [[35m50.3[0m% ([36m384[0m/[36m763[0m batches, [36m6217402[0m pos/sec)]
Estimated time to end of superbatch: [36m8.0[0ms     [Fsuperbatch [36m86[0m [[35m67.1[0m% ([36m512[0m/[36m763[0m batches, [36m6554663[0m pos/sec)]
Estimated time to end of superbatch: [36m5.0[0ms     [Fsuperbatch [36m86[0m [[35m83.9[0m% ([36m640[0m/[36m763[0m batches, [36m6776619[0m pos/sec)]
Estimated time to end of superbatch: [36m2.4[0ms     [Fsuperbatch [36m86[0m | time [36m16.8[0ms | running loss [36m0.012596[0m | [36m5966027[0m pos/sec | total time [36m1185.3[0ms
Estimated time remaining in training: [36m0[0mh [36m51[0mm [36m27[0ms
LR dropped to [36m0.0007196355[0m
superbatch [36m87[0m [[35m0.0[0m% ([36m0[0m/[36m763[0m batches, [36m7818020[0m pos/sec)]
Estimated time to end of superbatch: [36minf[0ms     [Fsuperbatch [36m87[0m [[35m16.8[0m% ([36m128[0m/[36m763[0m batches, [36m7816410[0m pos/sec)]
Estimated time to end of superbatch: [36m10.7[0ms     [Fsuperbatch [36m87[0m [[35m33.6[0m% ([36m256[0m/[36m763[0m batches, [36m7823001[0m pos/sec)]
Estimated time to end of superbatch: [36m8.5[0ms     [Fsuperbatch [36m87[0m [[35m50.3[0m% ([36m384[0m/[36m763[0m batches, [36m7825956[0m pos/sec)]
Estimated time to end of superbatch: [36m6.4[0ms     [Fsuperbatch [36m87[0m [[35m67.1[0m% ([36m512[0m/[36m763[0m batches, [36m6374554[0m pos/sec)]
Estimated time to end of superbatch: [36m5.2[0ms     [Fsuperbatch [36m87[0m [[35m83.9[0m% ([36m640[0m/[36m763[0m batches, [36m6613995[0m pos/sec)]
Estimated time to end of superbatch: [36m2.4[0ms     [Fsuperbatch [36m87[0m | time [36m14.7[0ms | running loss [36m0.012661[0m | [36m6781637[0m pos/sec | total time [36m1200.1[0ms
Estimated time remaining in training: [36m0[0mh [36m51[0mm [36m16[0ms
LR dropped to [36m0.0007164129[0m
superbatch [36m88[0m [[35m0.0[0m% ([36m0[0m/[36m763[0m batches, [36m7829743[0m pos/sec)]
Estimated time to end of superbatch: [36minf[0ms     [Fsuperbatch [36m88[0m [[35m16.8[0m% ([36m128[0m/[36m763[0m batches, [36m7830980[0m pos/sec)]
Estimated time to end of superbatch: [36m10.7[0ms     [Fsuperbatch [36m88[0m [[35m33.6[0m% ([36m256[0m/[36m763[0m batches, [36m5159857[0m pos/sec)]
Estimated time to end of superbatch: [36m12.9[0ms     [Fsuperbatch [36m88[0m [[35m50.3[0m% ([36m384[0m/[36m763[0m batches, [36m5824704[0m pos/sec)]
Estimated time to end of superbatch: [36m8.6[0ms     [Fsuperbatch [36m88[0m [[35m67.1[0m% ([36m512[0m/[36m763[0m batches, [36m6220398[0m pos/sec)]
Estimated time to end of superbatch: [36m5.3[0ms     [Fsuperbatch [36m88[0m [[35m83.9[0m% ([36m640[0m/[36m763[0m batches, [36m6482864[0m pos/sec)]
Estimated time to end of superbatch: [36m2.5[0ms     [Fsuperbatch [36m88[0m | time [36m17.4[0ms | running loss [36m0.012619[0m | [36m5737847[0m pos/sec | total time [36m1217.5[0ms
Estimated time remaining in training: [36m0[0mh [36m51[0mm [36m11[0ms
LR dropped to [36m0.00071319035[0m
superbatch [36m89[0m [[35m0.0[0m% ([36m0[0m/[36m763[0m batches, [36m7845218[0m pos/sec)]
Estimated time to end of superbatch: [36minf[0ms     [Fsuperbatch [36m89[0m [[35m16.8[0m% ([36m128[0m/[36m763[0m batches, [36m7852986[0m pos/sec)]
Estimated time to end of superbatch: [36m10.7[0ms     [Fsuperbatch [36m89[0m [[35m33.6[0m% ([36m256[0m/[36m763[0m batches, [36m7856375[0m pos/sec)]
Estimated time to end of superbatch: [36m8.5[0ms     [Fsuperbatch [36m89[0m [[35m50.3[0m% ([36m384[0m/[36m763[0m batches, [36m7849548[0m pos/sec)]
Estimated time to end of superbatch: [36m6.3[0ms     [Fsuperbatch [36m89[0m [[35m67.1[0m% ([36m512[0m/[36m763[0m batches, [36m6056237[0m pos/sec)]
Estimated time to end of superbatch: [36m5.4[0ms     [Fsuperbatch [36m89[0m [[35m83.9[0m% ([36m640[0m/[36m763[0m batches, [36m6344922[0m pos/sec)]
Estimated time to end of superbatch: [36m2.5[0ms     [Fsuperbatch [36m89[0m | time [36m15.3[0ms | running loss [36m0.012697[0m | [36m6545944[0m pos/sec | total time [36m1232.8[0ms
Estimated time remaining in training: [36m0[0mh [36m51[0mm [36m1[0ms
LR dropped to [36m0.0007099678[0m
superbatch [36m90[0m [[35m0.0[0m% ([36m0[0m/[36m763[0m batches, [36m7868856[0m pos/sec)]
Estimated time to end of superbatch: [36minf[0ms     [Fsuperbatch [36m90[0m [[35m16.8[0m% ([36m128[0m/[36m763[0m batches, [36m7862312[0m pos/sec)]
Estimated time to end of superbatch: [36m10.7[0ms     [Fsuperbatch [36m90[0m [[35m33.6[0m% ([36m256[0m/[36m763[0m batches, [36m4836736[0m pos/sec)]
Estimated time to end of superbatch: [36m13.8[0ms     [Fsuperbatch [36m90[0m [[35m50.3[0m% ([36m384[0m/[36m763[0m batches, [36m5539864[0m pos/sec)]
Estimated time to end of superbatch: [36m9.0[0ms     [Fsuperbatch [36m90[0m [[35m67.1[0m% ([36m512[0m/[36m763[0m batches, [36m5977075[0m pos/sec)]
Estimated time to end of superbatch: [36m5.5[0ms     [Fsuperbatch [36m90[0m [[35m83.9[0m% ([36m640[0m/[36m763[0m batches, [36m6274808[0m pos/sec)]
Estimated time to end of superbatch: [36m2.6[0ms     [Fsuperbatch [36m90[0m | time [36m17.5[0ms | running loss [36m0.012687[0m | [36m5703016[0m pos/sec | total time [36m1250.3[0ms
Estimated time remaining in training: [36m0[0mh [36m50[0mm [36m56[0ms
LR dropped to [36m0.0007067452[0m
superbatch [36m91[0m [[35m0.0[0m% ([36m0[0m/[36m763[0m batches, [36m7814101[0m pos/sec)]
Estimated time to end of superbatch: [36minf[0ms     [Fsuperbatch [36m91[0m [[35m16.8[0m% ([36m128[0m/[36m763[0m batches, [36m7802997[0m pos/sec)]
Estimated time to end of superbatch: [36m10.7[0ms     [Fsuperbatch [36m91[0m [[35m33.6[0m% ([36m256[0m/[36m763[0m batches, [36m7804118[0m pos/sec)]
Estimated time to end of superbatch: [36m8.5[0ms     [Fsuperbatch [36m91[0m [[35m50.3[0m% ([36m384[0m/[36m763[0m batches, [36m7807280[0m pos/sec)]
Estimated time to end of superbatch: [36m6.4[0ms     [Fsuperbatch [36m91[0m [[35m67.1[0m% ([36m512[0m/[36m763[0m batches, [36m6351492[0m pos/sec)]
Estimated time to end of superbatch: [36m5.2[0ms     [Fsuperbatch [36m91[0m [[35m83.9[0m% ([36m640[0m/[36m763[0m batches, [36m6600060[0m pos/sec)]
Estimated time to end of superbatch: [36m2.4[0ms     [Fsuperbatch [36m91[0m | time [36m14.8[0ms | running loss [36m0.012814[0m | [36m6771080[0m pos/sec | total time [36m1265.1[0ms
Estimated time remaining in training: [36m0[0mh [36m50[0mm [36m44[0ms
LR dropped to [36m0.00070352264[0m
superbatch [36m92[0m [[35m0.0[0m% ([36m0[0m/[36m763[0m batches, [36m7830029[0m pos/sec)]
Estimated time to end of superbatch: [36minf[0ms     [Fsuperbatch [36m92[0m [[35m16.8[0m% ([36m128[0m/[36m763[0m batches, [36m7846149[0m pos/sec)]
Estimated time to end of superbatch: [36m10.7[0ms     [Fsuperbatch [36m92[0m [[35m33.6[0m% ([36m256[0m/[36m763[0m batches, [36m5022240[0m pos/sec)]
Estimated time to end of superbatch: [36m13.3[0ms     [Fsuperbatch [36m92[0m [[35m50.3[0m% ([36m384[0m/[36m763[0m batches, [36m5702310[0m pos/sec)]
Estimated time to end of superbatch: [36m8.7[0ms     [Fsuperbatch [36m92[0m [[35m67.1[0m% ([36m512[0m/[36m763[0m batches, [36m6119080[0m pos/sec)]
Estimated time to end of superbatch: [36m5.4[0ms     [Fsuperbatch [36m92[0m [[35m83.9[0m% ([36m640[0m/[36m763[0m batches, [36m6400981[0m pos/sec)]
Estimated time to end of superbatch: [36m2.5[0ms     [Fsuperbatch [36m92[0m | time [36m17.9[0ms | running loss [36m0.012754[0m | [36m5573604[0m pos/sec | total time [36m1283.0[0ms
Estimated time remaining in training: [36m0[0mh [36m50[0mm [36m40[0ms
LR dropped to [36m0.00070030004[0m
superbatch [36m93[0m [[35m0.0[0m% ([36m0[0m/[36m763[0m batches, [36m7817266[0m pos/sec)]
Estimated time to end of superbatch: [36minf[0ms     [Fsuperbatch [36m93[0m [[35m16.8[0m% ([36m128[0m/[36m763[0m batches, [36m7826516[0m pos/sec)]
Estimated time to end of superbatch: [36m10.7[0ms     [Fsuperbatch [36m93[0m [[35m33.6[0m% ([36m256[0m/[36m763[0m batches, [36m7830828[0m pos/sec)]
Estimated time to end of superbatch: [36m8.5[0ms     [Fsuperbatch [36m93[0m [[35m50.3[0m% ([36m384[0m/[36m763[0m batches, [36m7835134[0m pos/sec)]
Estimated time to end of superbatch: [36m6.4[0ms     [Fsuperbatch [36m93[0m [[35m67.1[0m% ([36m512[0m/[36m763[0m batches, [36m5953567[0m pos/sec)]
Estimated time to end of superbatch: [36m5.5[0ms     [Fsuperbatch [36m93[0m [[35m83.9[0m% ([36m640[0m/[36m763[0m batches, [36m6252120[0m pos/sec)]
Estimated time to end of superbatch: [36m2.6[0ms     [Fsuperbatch [36m93[0m | time [36m15.5[0ms | running loss [36m0.012905[0m | [36m6460758[0m pos/sec | total time [36m1298.5[0ms
Estimated time remaining in training: [36m0[0mh [36m50[0mm [36m29[0ms
LR dropped to [36m0.0006970775[0m
superbatch [36m94[0m [[35m0.0[0m% ([36m0[0m/[36m763[0m batches, [36m7838884[0m pos/sec)]
Estimated time to end of superbatch: [36minf[0ms     [Fsuperbatch [36m94[0m [[35m16.8[0m% ([36m128[0m/[36m763[0m batches, [36m7842636[0m pos/sec)]
Estimated time to end of superbatch: [36m10.7[0ms     [Fsuperbatch [36m94[0m [[35m33.6[0m% ([36m256[0m/[36m763[0m batches, [36m3502277[0m pos/sec)]
Estimated time to end of superbatch: [36m19.0[0ms     [Fsuperbatch [36m94[0m [[35m50.3[0m% ([36m384[0m/[36m763[0m batches, [36m4290654[0m pos/sec)]
Estimated time to end of superbatch: [36m11.6[0ms     [Fsuperbatch [36m94[0m [[35m67.1[0m% ([36m512[0m/[36m763[0m batches, [36m4836580[0m pos/sec)]
Estimated time to end of superbatch: [36m6.8[0ms     [Fsuperbatch [36m94[0m [[35m83.9[0m% ([36m640[0m/[36m763[0m batches, [36m5235624[0m pos/sec)]
Estimated time to end of superbatch: [36m3.1[0ms     [Fsuperbatch [36m94[0m | time [36m21.0[0ms | running loss [36m0.012826[0m | [36m4768038[0m pos/sec | total time [36m1319.5[0ms
Estimated time remaining in training: [36m0[0mh [36m50[0mm [36m32[0ms
LR dropped to [36m0.0006938549[0m
superbatch [36m95[0m [[35m0.0[0m% ([36m0[0m/[36m763[0m batches, [36m7832944[0m pos/sec)]
Estimated time to end of superbatch: [36minf[0ms     [Fsuperbatch [36m95[0m [[35m16.8[0m% ([36m128[0m/[36m763[0m batches, [36m7827782[0m pos/sec)]
Estimated time to end of superbatch: [36m10.7[0ms     [Fsuperbatch [36m95[0m [[35m33.6[0m% ([36m256[0m/[36m763[0m batches, [36m7831048[0m pos/sec)]
Estimated time to end of superbatch: [36m8.5[0ms     [Fsuperbatch [36m95[0m [[35m50.3[0m% ([36m384[0m/[36m763[0m batches, [36m7835522[0m pos/sec)]
Estimated time to end of superbatch: [36m6.4[0ms     [Fsuperbatch [36m95[0m [[35m67.1[0m% ([36m512[0m/[36m763[0m batches, [36m5797424[0m pos/sec)]
Estimated time to end of superbatch: [36m5.7[0ms     [Fsuperbatch [36m95[0m [[35m83.9[0m% ([36m640[0m/[36m763[0m batches, [36m6113616[0m pos/sec)]
Estimated time to end of superbatch: [36m2.6[0ms     [Fsuperbatch [36m95[0m | time [36m15.8[0ms | running loss [36m0.012933[0m | [36m6336068[0m pos/sec | total time [36m1335.3[0ms
Estimated time remaining in training: [36m0[0mh [36m50[0mm [36m21[0ms
LR dropped to [36m0.00069063227[0m
superbatch [36m96[0m [[35m0.0[0m% ([36m0[0m/[36m763[0m batches, [36m7826615[0m pos/sec)]
Estimated time to end of superbatch: [36minf[0ms     [Fsuperbatch [36m96[0m [[35m16.8[0m% ([36m128[0m/[36m763[0m batches, [36m7838732[0m pos/sec)]
Estimated time to end of superbatch: [36m10.7[0ms     [Fsuperbatch [36m96[0m [[35m33.6[0m% ([36m256[0m/[36m763[0m batches, [36m4858378[0m pos/sec)]
Estimated time to end of superbatch: [36m13.7[0ms     [Fsuperbatch [36m96[0m [[35m50.3[0m% ([36m384[0m/[36m763[0m batches, [36m5558580[0m pos/sec)]
Estimated time to end of superbatch: [36m9.0[0ms     [Fsuperbatch [36m96[0m [[35m67.1[0m% ([36m512[0m/[36m763[0m batches, [36m5992994[0m pos/sec)]
Estimated time to end of superbatch: [36m5.5[0ms     [Fsuperbatch [36m96[0m [[35m83.9[0m% ([36m640[0m/[36m763[0m batches, [36m6289422[0m pos/sec)]
Estimated time to end of superbatch: [36m2.6[0ms     [Fsuperbatch [36m96[0m | time [36m17.5[0ms | running loss [36m0.012819[0m | [36m5700970[0m pos/sec | total time [36m1352.8[0ms
Estimated time remaining in training: [36m0[0mh [36m50[0mm [36m15[0ms
LR dropped to [36m0.0006874097[0m
superbatch [36m97[0m [[35m0.0[0m% ([36m0[0m/[36m763[0m batches, [36m7816520[0m pos/sec)]
Estimated time to end of superbatch: [36minf[0ms     [Fsuperbatch [36m97[0m [[35m16.8[0m% ([36m128[0m/[36m763[0m batches, [36m7822092[0m pos/sec)]
Estimated time to end of superbatch: [36m10.7[0ms     [Fsuperbatch [36m97[0m [[35m33.6[0m% ([36m256[0m/[36m763[0m batches, [36m7817989[0m pos/sec)]
Estimated time to end of superbatch: [36m8.5[0ms     [Fsuperbatch [36m97[0m [[35m50.3[0m% ([36m384[0m/[36m763[0m batches, [36m7815668[0m pos/sec)]
Estimated time to end of superbatch: [36m6.4[0ms     [Fsuperbatch [36m97[0m [[35m67.1[0m% ([36m512[0m/[36m763[0m batches, [36m6021356[0m pos/sec)]
Estimated time to end of superbatch: [36m5.5[0ms     [Fsuperbatch [36m97[0m [[35m83.9[0m% ([36m640[0m/[36m763[0m batches, [36m6311510[0m pos/sec)]
Estimated time to end of superbatch: [36m2.6[0ms     [Fsuperbatch [36m97[0m | time [36m15.4[0ms | running loss [36m0.012977[0m | [36m6513396[0m pos/sec | total time [36m1368.2[0ms
Estimated time remaining in training: [36m0[0mh [36m50[0mm [36m4[0ms
LR dropped to [36m0.00068418717[0m
superbatch [36m98[0m [[35m0.0[0m% ([36m0[0m/[36m763[0m batches, [36m7838574[0m pos/sec)]
Estimated time to end of superbatch: [36minf[0ms     [Fsuperbatch [36m98[0m [[35m16.8[0m% ([36m128[0m/[36m763[0m batches, [36m7830084[0m pos/sec)]
Estimated time to end of superbatch: [36m10.7[0ms     [Fsuperbatch [36m98[0m [[35m33.6[0m% ([36m256[0m/[36m763[0m batches, [36m4925366[0m pos/sec)]
Estimated time to end of superbatch: [36m13.5[0ms     [Fsuperbatch [36m98[0m [[35m50.3[0m% ([36m384[0m/[36m763[0m batches, [36m5616312[0m pos/sec)]
Estimated time to end of superbatch: [36m8.9[0ms     [Fsuperbatch [36m98[0m [[35m67.1[0m% ([36m512[0m/[36m763[0m batches, [36m6043281[0m pos/sec)]
Estimated time to end of superbatch: [36m5.5[0ms     [Fsuperbatch [36m98[0m [[35m83.9[0m% ([36m640[0m/[36m763[0m batches, [36m6333181[0m pos/sec)]
Estimated time to end of superbatch: [36m2.5[0ms     [Fsuperbatch [36m98[0m | time [36m17.2[0ms | running loss [36m0.012867[0m | [36m5820750[0m pos/sec | total time [36m1385.3[0ms
Estimated time remaining in training: [36m0[0mh [36m49[0mm [36m56[0ms
LR dropped to [36m0.00068096456[0m
superbatch [36m99[0m [[35m0.0[0m% ([36m0[0m/[36m763[0m batches, [36m7815540[0m pos/sec)]
Estimated time to end of superbatch: [36minf[0ms     [Fsuperbatch [36m99[0m [[35m16.8[0m% ([36m128[0m/[36m763[0m batches, [36m7809328[0m pos/sec)]
Estimated time to end of superbatch: [36m10.7[0ms     [Fsuperbatch [36m99[0m [[35m33.6[0m% ([36m256[0m/[36m763[0m batches, [36m7815936[0m pos/sec)]
Estimated time to end of superbatch: [36m8.5[0ms     [Fsuperbatch [36m99[0m [[35m50.3[0m% ([36m384[0m/[36m763[0m batches, [36m7821652[0m pos/sec)]
Estimated time to end of superbatch: [36m6.4[0ms     [Fsuperbatch [36m99[0m [[35m67.1[0m% ([36m512[0m/[36m763[0m batches, [36m6129009[0m pos/sec)]
Estimated time to end of superbatch: [36m5.4[0ms     [Fsuperbatch [36m99[0m [[35m83.9[0m% ([36m640[0m/[36m763[0m batches, [36m6403890[0m pos/sec)]
Estimated time to end of superbatch: [36m2.5[0ms     [Fsuperbatch [36m99[0m | time [36m15.2[0ms | running loss [36m0.013066[0m | [36m6594618[0m pos/sec | total time [36m1400.5[0ms
Estimated time remaining in training: [36m0[0mh [36m49[0mm [36m44[0ms
LR dropped to [36m0.00067774195[0m
superbatch [36m100[0m [[35m0.0[0m% ([36m0[0m/[36m763[0m batches, [36m7801692[0m pos/sec)]
Estimated time to end of superbatch: [36minf[0ms     [Fsuperbatch [36m100[0m [[35m16.8[0m% ([36m128[0m/[36m763[0m batches, [36m7822806[0m pos/sec)]
Estimated time to end of superbatch: [36m10.7[0ms     [Fsuperbatch [36m100[0m [[35m33.6[0m% ([36m256[0m/[36m763[0m batches, [36m6078332[0m pos/sec)]
Estimated time to end of superbatch: [36m11.0[0ms     [Fsuperbatch [36m100[0m [[35m50.3[0m% ([36m384[0m/[36m763[0m batches, [36m6562168[0m pos/sec)]
Estimated time to end of superbatch: [36m7.6[0ms     [Fsuperbatch [36m100[0m [[35m67.1[0m% ([36m512[0m/[36m763[0m batches, [36m6837406[0m pos/sec)]
Estimated time to end of superbatch: [36m4.8[0ms     [Fsuperbatch [36m100[0m [[35m83.9[0m% ([36m640[0m/[36m763[0m batches, [36m7014282[0m pos/sec)]
Estimated time to end of superbatch: [36m2.3[0ms     [Fsuperbatch [36m100[0m | time [36m17.8[0ms | running loss [36m0.012870[0m | [36m5630330[0m pos/sec | total time [36m1418.3[0ms
Estimated time remaining in training: [36m0[0mh [36m49[0mm [36m38[0ms
Saved [anna-v4-s1-100]
LR dropped to [36m0.0006745194[0m
superbatch [36m101[0m [[35m0.0[0m% ([36m0[0m/[36m763[0m batches, [36m7805696[0m pos/sec)]
Estimated time to end of superbatch: [36minf[0ms     [Fsuperbatch [36m101[0m [[35m16.8[0m% ([36m128[0m/[36m763[0m batches, [36m7773142[0m pos/sec)]
Estimated time to end of superbatch: [36m10.8[0ms     [Fsuperbatch [36m101[0m [[35m33.6[0m% ([36m256[0m/[36m763[0m batches, [36m7798381[0m pos/sec)]
Estimated time to end of superbatch: [36m8.6[0ms     [Fsuperbatch [36m101[0m [[35m50.3[0m% ([36m384[0m/[36m763[0m batches, [36m7790721[0m pos/sec)]
Estimated time to end of superbatch: [36m6.4[0ms     [Fsuperbatch [36m101[0m [[35m67.1[0m% ([36m512[0m/[36m763[0m batches, [36m6712160[0m pos/sec)]
Estimated time to end of superbatch: [36m4.9[0ms     [Fsuperbatch [36m101[0m [[35m83.9[0m% ([36m640[0m/[36m763[0m batches, [36m6906027[0m pos/sec)]
Estimated time to end of superbatch: [36m2.3[0ms     [Fsuperbatch [36m101[0m | time [36m14.2[0ms | running loss [36m0.013155[0m | [36m7031156[0m pos/sec | total time [36m1433.8[0ms
Estimated time remaining in training: [36m0[0mh [36m49[0mm [36m26[0ms
LR dropped to [36m0.0006712968[0m
superbatch [36m102[0m [[35m0.0[0m% ([36m0[0m/[36m763[0m batches, [36m7817284[0m pos/sec)]
Estimated time to end of superbatch: [36minf[0ms     [Fsuperbatch [36m102[0m [[35m16.8[0m% ([36m128[0m/[36m763[0m batches, [36m7758038[0m pos/sec)]
Estimated time to end of superbatch: [36m10.8[0ms     [Fsuperbatch [36m102[0m [[35m33.6[0m% ([36m256[0m/[36m763[0m batches, [36m4986917[0m pos/sec)]
Estimated time to end of superbatch: [36m13.4[0ms     [Fsuperbatch [36m102[0m [[35m50.3[0m% ([36m384[0m/[36m763[0m batches, [36m5667512[0m pos/sec)]
Estimated time to end of superbatch: [36m8.8[0ms     [Fsuperbatch [36m102[0m [[35m67.1[0m% ([36m512[0m/[36m763[0m batches, [36m6084212[0m pos/sec)]
Estimated time to end of superbatch: [36m5.4[0ms     [Fsuperbatch [36m102[0m [[35m83.9[0m% ([36m640[0m/[36m763[0m batches, [36m6362622[0m pos/sec)]
Estimated time to end of superbatch: [36m2.5[0ms     [Fsuperbatch [36m102[0m | time [36m17.3[0ms | running loss [36m0.012945[0m | [36m5786152[0m pos/sec | total time [36m1451.1[0ms
Estimated time remaining in training: [36m0[0mh [36m49[0mm [36m19[0ms
LR dropped to [36m0.00066807424[0m
superbatch [36m103[0m [[35m0.0[0m% ([36m0[0m/[36m763[0m batches, [36m7364068[0m pos/sec)]
Estimated time to end of superbatch: [36minf[0ms     [Fsuperbatch [36m103[0m [[35m16.8[0m% ([36m128[0m/[36m763[0m batches, [36m7788398[0m pos/sec)]
Estimated time to end of superbatch: [36m10.8[0ms     [Fsuperbatch [36m103[0m [[35m33.6[0m% ([36m256[0m/[36m763[0m batches, [36m7799808[0m pos/sec)]
Estimated time to end of superbatch: [36m8.6[0ms     [Fsuperbatch [36m103[0m [[35m50.3[0m% ([36m384[0m/[36m763[0m batches, [36m7806798[0m pos/sec)]
Estimated time to end of superbatch: [36m6.4[0ms     [Fsuperbatch [36m103[0m [[35m67.1[0m% ([36m512[0m/[36m763[0m batches, [36m6786705[0m pos/sec)]
Estimated time to end of superbatch: [36m4.9[0ms     [Fsuperbatch [36m103[0m [[35m83.9[0m% ([36m640[0m/[36m763[0m batches, [36m6968077[0m pos/sec)]
Estimated time to end of superbatch: [36m2.3[0ms     [Fsuperbatch [36m103[0m | time [36m14.1[0ms | running loss [36m0.013218[0m | [36m7091106[0m pos/sec | total time [36m1465.2[0ms
Estimated time remaining in training: [36m0[0mh [36m49[0mm [36m4[0ms
LR dropped to [36m0.0006648516[0m
superbatch [36m104[0m [[35m0.0[0m% ([36m0[0m/[36m763[0m batches, [36m7831558[0m pos/sec)]
Estimated time to end of superbatch: [36minf[0ms     [Fsuperbatch [36m104[0m [[35m16.8[0m% ([36m128[0m/[36m763[0m batches, [36m7823800[0m pos/sec)]
Estimated time to end of superbatch: [36m10.7[0ms     [Fsuperbatch [36m104[0m [[35m33.6[0m% ([36m256[0m/[36m763[0m batches, [36m7815056[0m pos/sec)]
Estimated time to end of superbatch: [36m8.5[0ms     [Fsuperbatch [36m104[0m [[35m50.3[0m% ([36m384[0m/[36m763[0m batches, [36m6398272[0m pos/sec)]
Estimated time to end of superbatch: [36m7.8[0ms     [Fsuperbatch [36m104[0m [[35m67.1[0m% ([36m512[0m/[36m763[0m batches, [36m6695428[0m pos/sec)]
Estimated time to end of superbatch: [36m4.9[0ms     [Fsuperbatch [36m104[0m [[35m83.9[0m% ([36m640[0m/[36m763[0m batches, [36m6894515[0m pos/sec)]
Estimated time to end of superbatch: [36m2.3[0ms     [Fsuperbatch [36m104[0m | time [36m14.2[0ms | running loss [36m0.012999[0m | [36m7029172[0m pos/sec | total time [36m1479.4[0ms
Estimated time remaining in training: [36m0[0mh [36m48[0mm [36m50[0ms
LR dropped to [36m0.000661629[0m
superbatch [36m105[0m [[35m0.0[0m% ([36m0[0m/[36m763[0m batches, [36m7844818[0m pos/sec)]
Estimated time to end of superbatch: [36minf[0ms     [Fsuperbatch [36m105[0m [[35m16.8[0m% ([36m128[0m/[36m763[0m batches, [36m5248178[0m pos/sec)]
Estimated time to end of superbatch: [36m16.0[0ms     [Fsuperbatch [36m105[0m [[35m33.6[0m% ([36m256[0m/[36m763[0m batches, [36m6275692[0m pos/sec)]
Estimated time to end of superbatch: [36m10.6[0ms     [Fsuperbatch [36m105[0m [[35m50.3[0m% ([36m384[0m/[36m763[0m batches, [36m6712201[0m pos/sec)]
Estimated time to end of superbatch: [36m7.4[0ms     [Fsuperbatch [36m105[0m [[35m67.1[0m% ([36m512[0m/[36m763[0m batches, [36m6959528[0m pos/sec)]
Estimated time to end of superbatch: [36m4.7[0ms     [Fsuperbatch [36m105[0m [[35m83.9[0m% ([36m640[0m/[36m763[0m batches, [36m6048651[0m pos/sec)]
Estimated time to end of superbatch: [36m2.7[0ms     [Fsuperbatch [36m105[0m | time [36m15.9[0ms | running loss [36m0.013255[0m | [36m6270926[0m pos/sec | total time [36m1495.3[0ms
Estimated time remaining in training: [36m0[0mh [36m48[0mm [36m39[0ms
LR dropped to [36m0.0006584065[0m
superbatch [36m106[0m [[35m0.0[0m% ([36m0[0m/[36m763[0m batches, [36m7805274[0m pos/sec)]
Estimated time to end of superbatch: [36minf[0ms     [Fsuperbatch [36m106[0m [[35m16.8[0m% ([36m128[0m/[36m763[0m batches, [36m7805814[0m pos/sec)]
Estimated time to end of superbatch: [36m10.7[0ms     [Fsuperbatch [36m106[0m [[35m33.6[0m% ([36m256[0m/[36m763[0m batches, [36m7795235[0m pos/sec)]
Estimated time to end of superbatch: [36m8.6[0ms     [Fsuperbatch [36m106[0m [[35m50.3[0m% ([36m384[0m/[36m763[0m batches, [36m6015352[0m pos/sec)]
Estimated time to end of superbatch: [36m8.3[0ms     [Fsuperbatch [36m106[0m [[35m67.1[0m% ([36m512[0m/[36m763[0m batches, [36m6379078[0m pos/sec)]
Estimated time to end of superbatch: [36m5.2[0ms     [Fsuperbatch [36m106[0m [[35m83.9[0m% ([36m640[0m/[36m763[0m batches, [36m6620649[0m pos/sec)]
Estimated time to end of superbatch: [36m2.4[0ms     [Fsuperbatch [36m106[0m | time [36m14.7[0ms | running loss [36m0.013138[0m | [36m6786084[0m pos/sec | total time [36m1510.1[0ms
Estimated time remaining in training: [36m0[0mh [36m48[0mm [36m26[0ms
LR dropped to [36m0.0006551839[0m
superbatch [36m107[0m [[35m0.0[0m% ([36m0[0m/[36m763[0m batches, [36m7817302[0m pos/sec)]
Estimated time to end of superbatch: [36minf[0ms     [Fsuperbatch [36m107[0m [[35m16.8[0m% ([36m128[0m/[36m763[0m batches, [36m5308636[0m pos/sec)]
Estimated time to end of superbatch: [36m15.8[0ms     [Fsuperbatch [36m107[0m [[35m33.6[0m% ([36m256[0m/[36m763[0m batches, [36m6300752[0m pos/sec)]
Estimated time to end of superbatch: [36m10.6[0ms     [Fsuperbatch [36m107[0m [[35m50.3[0m% ([36m384[0m/[36m763[0m batches, [36m6731636[0m pos/sec)]
Estimated time to end of superbatch: [36m7.4[0ms     [Fsuperbatch [36m107[0m [[35m67.1[0m% ([36m512[0m/[36m763[0m batches, [36m6971832[0m pos/sec)]
Estimated time to end of superbatch: [36m4.7[0ms     [Fsuperbatch [36m107[0m [[35m83.9[0m% ([36m640[0m/[36m763[0m batches, [36m6728360[0m pos/sec)]
Estimated time to end of superbatch: [36m2.4[0ms     [Fsuperbatch [36m107[0m | time [36m14.6[0ms | running loss [36m0.013357[0m | [36m6869948[0m pos/sec | total time [36m1524.6[0ms
Estimated time remaining in training: [36m0[0mh [36m48[0mm [36m12[0ms
LR dropped to [36m0.0006519613[0m
superbatch [36m108[0m [[35m0.0[0m% ([36m0[0m/[36m763[0m batches, [36m7787920[0m pos/sec)]
Estimated time to end of superbatch: [36minf[0ms     [Fsuperbatch [36m108[0m [[35m16.8[0m% ([36m128[0m/[36m763[0m batches, [36m7771923[0m pos/sec)]
Estimated time to end of superbatch: [36m10.8[0ms     [Fsuperbatch [36m108[0m [[35m33.6[0m% ([36m256[0m/[36m763[0m batches, [36m7782648[0m pos/sec)]
Estimated time to end of superbatch: [36m8.6[0ms     [Fsuperbatch [36m108[0m [[35m50.3[0m% ([36m384[0m/[36m763[0m batches, [36m6864550[0m pos/sec)]
Estimated time to end of superbatch: [36m7.3[0ms     [Fsuperbatch [36m108[0m [[35m67.1[0m% ([36m512[0m/[36m763[0m batches, [36m7065351[0m pos/sec)]
Estimated time to end of superbatch: [36m4.7[0ms     [Fsuperbatch [36m108[0m [[35m83.9[0m% ([36m640[0m/[36m763[0m batches, [36m7198739[0m pos/sec)]
Estimated time to end of superbatch: [36m2.2[0ms     [Fsuperbatch [36m108[0m | time [36m13.7[0ms | running loss [36m0.013188[0m | [36m7288359[0m pos/sec | total time [36m1538.4[0ms
Estimated time remaining in training: [36m0[0mh [36m47[0mm [36m57[0ms
LR dropped to [36m0.00064873876[0m
superbatch [36m109[0m [[35m0.0[0m% ([36m0[0m/[36m763[0m batches, [36m7808497[0m pos/sec)]
Estimated time to end of superbatch: [36minf[0ms     [Fsuperbatch [36m109[0m [[35m16.8[0m% ([36m128[0m/[36m763[0m batches, [36m3797439[0m pos/sec)]
Estimated time to end of superbatch: [36m22.1[0ms     [Fsuperbatch [36m109[0m [[35m33.6[0m% ([36m256[0m/[36m763[0m batches, [36m5091778[0m pos/sec)]
Estimated time to end of superbatch: [36m13.1[0ms     [Fsuperbatch [36m109[0m [[35m50.3[0m% ([36m384[0m/[36m763[0m batches, [36m5749942[0m pos/sec)]
Estimated time to end of superbatch: [36m8.7[0ms     [Fsuperbatch [36m109[0m [[35m67.1[0m% ([36m512[0m/[36m763[0m batches, [36m6145675[0m pos/sec)]
Estimated time to end of superbatch: [36m5.4[0ms     [Fsuperbatch [36m109[0m [[35m83.9[0m% ([36m640[0m/[36m763[0m batches, [36m6198737[0m pos/sec)]
Estimated time to end of superbatch: [36m2.6[0ms     [Fsuperbatch [36m109[0m | time [36m15.6[0ms | running loss [36m0.013412[0m | [36m6407792[0m pos/sec | total time [36m1554.0[0ms
Estimated time remaining in training: [36m0[0mh [36m47[0mm [36m45[0ms
LR dropped to [36m0.0006455162[0m
superbatch [36m110[0m [[35m0.0[0m% ([36m0[0m/[36m763[0m batches, [36m7789420[0m pos/sec)]
Estimated time to end of superbatch: [36minf[0ms     [Fsuperbatch [36m110[0m [[35m16.8[0m% ([36m128[0m/[36m763[0m batches, [36m7740844[0m pos/sec)]
Estimated time to end of superbatch: [36m10.8[0ms     [Fsuperbatch [36m110[0m [[35m33.6[0m% ([36m256[0m/[36m763[0m batches, [36m7760668[0m pos/sec)]
Estimated time to end of superbatch: [36m8.6[0ms     [Fsuperbatch [36m110[0m [[35m50.3[0m% ([36m384[0m/[36m763[0m batches, [36m7169286[0m pos/sec)]
Estimated time to end of superbatch: [36m6.9[0ms     [Fsuperbatch [36m110[0m [[35m67.1[0m% ([36m512[0m/[36m763[0m batches, [36m7311282[0m pos/sec)]
Estimated time to end of superbatch: [36m4.5[0ms     [Fsuperbatch [36m110[0m [[35m83.9[0m% ([36m640[0m/[36m763[0m batches, [36m7396388[0m pos/sec)]
Estimated time to end of superbatch: [36m2.2[0ms     [Fsuperbatch [36m110[0m | time [36m13.4[0ms | running loss [36m0.013244[0m | [36m7452298[0m pos/sec | total time [36m1567.4[0ms
Estimated time remaining in training: [36m0[0mh [36m47[0mm [36m29[0ms
LR dropped to [36m0.0006422936[0m
superbatch [36m111[0m [[35m0.0[0m% ([36m0[0m/[36m763[0m batches, [36m7805101[0m pos/sec)]
Estimated time to end of superbatch: [36minf[0ms     [Fsuperbatch [36m111[0m [[35m16.8[0m% ([36m128[0m/[36m763[0m batches, [36m5451320[0m pos/sec)]
Estimated time to end of superbatch: [36m15.4[0ms     [Fsuperbatch [36m111[0m [[35m33.6[0m% ([36m256[0m/[36m763[0m batches, [36m6409169[0m pos/sec)]
Estimated time to end of superbatch: [36m10.4[0ms     [Fsuperbatch [36m111[0m [[35m50.3[0m% ([36m384[0m/[36m763[0m batches, [36m6812932[0m pos/sec)]
Estimated time to end of superbatch: [36m7.3[0ms     [Fsuperbatch [36m111[0m [[35m67.1[0m% ([36m512[0m/[36m763[0m batches, [36m7034392[0m pos/sec)]
Estimated time to end of superbatch: [36m4.7[0ms     [Fsuperbatch [36m111[0m [[35m83.9[0m% ([36m640[0m/[36m763[0m batches, [36m6547502[0m pos/sec)]
Estimated time to end of superbatch: [36m2.5[0ms     [Fsuperbatch [36m111[0m | time [36m14.9[0ms | running loss [36m0.013432[0m | [36m6718417[0m pos/sec | total time [36m1582.3[0ms
Estimated time remaining in training: [36m0[0mh [36m47[0mm [36m16[0ms
LR dropped to [36m0.000639071[0m
superbatch [36m112[0m [[35m0.0[0m% ([36m0[0m/[36m763[0m batches, [36m7804028[0m pos/sec)]
Estimated time to end of superbatch: [36minf[0ms     [Fsuperbatch [36m112[0m [[35m16.8[0m% ([36m128[0m/[36m763[0m batches, [36m7794330[0m pos/sec)]
Estimated time to end of superbatch: [36m10.8[0ms     [Fsuperbatch [36m112[0m [[35m33.6[0m% ([36m256[0m/[36m763[0m batches, [36m7798887[0m pos/sec)]
Estimated time to end of superbatch: [36m8.6[0ms     [Fsuperbatch [36m112[0m [[35m50.3[0m% ([36m384[0m/[36m763[0m batches, [36m6876077[0m pos/sec)]
Estimated time to end of superbatch: [36m7.2[0ms     [Fsuperbatch [36m112[0m [[35m67.1[0m% ([36m512[0m/[36m763[0m batches, [36m7077984[0m pos/sec)]
Estimated time to end of superbatch: [36m4.7[0ms     [Fsuperbatch [36m112[0m [[35m83.9[0m% ([36m640[0m/[36m763[0m batches, [36m7209004[0m pos/sec)]
Estimated time to end of superbatch: [36m2.2[0ms     [Fsuperbatch [36m112[0m | time [36m13.7[0ms | running loss [36m0.013297[0m | [36m7296476[0m pos/sec | total time [36m1596.0[0ms
Estimated time remaining in training: [36m0[0mh [36m47[0mm [36m1[0ms
LR dropped to [36m0.0006358484[0m
superbatch [36m113[0m [[35m0.0[0m% ([36m0[0m/[36m763[0m batches, [36m7805218[0m pos/sec)]
Estimated time to end of superbatch: [36minf[0ms     [Fsuperbatch [36m113[0m [[35m16.8[0m% ([36m128[0m/[36m763[0m batches, [36m6350889[0m pos/sec)]
Estimated time to end of superbatch: [36m13.2[0ms     [Fsuperbatch [36m113[0m [[35m33.6[0m% ([36m256[0m/[36m763[0m batches, [36m6977618[0m pos/sec)]
Estimated time to end of superbatch: [36m9.6[0ms     [Fsuperbatch [36m113[0m [[35m50.3[0m% ([36m384[0m/[36m763[0m batches, [36m7218632[0m pos/sec)]
Estimated time to end of superbatch: [36m6.9[0ms     [Fsuperbatch [36m113[0m [[35m67.1[0m% ([36m512[0m/[36m763[0m batches, [36m7347218[0m pos/sec)]
Estimated time to end of superbatch: [36m4.5[0ms     [Fsuperbatch [36m113[0m [[35m83.9[0m% ([36m640[0m/[36m763[0m batches, [36m6645206[0m pos/sec)]
Estimated time to end of superbatch: [36m2.4[0ms     [Fsuperbatch [36m113[0m | time [36m14.7[0ms | running loss [36m0.013485[0m | [36m6802762[0m pos/sec | total time [36m1610.7[0ms
Estimated time remaining in training: [36m0[0mh [36m46[0mm [36m48[0ms
LR dropped to [36m0.00063262583[0m
superbatch [36m114[0m [[35m0.0[0m% ([36m0[0m/[36m763[0m batches, [36m7782352[0m pos/sec)]
Estimated time to end of superbatch: [36minf[0ms     [Fsuperbatch [36m114[0m [[35m16.8[0m% ([36m128[0m/[36m763[0m batches, [36m7785344[0m pos/sec)]
Estimated time to end of superbatch: [36m10.8[0ms     [Fsuperbatch [36m114[0m [[35m33.6[0m% ([36m256[0m/[36m763[0m batches, [36m7781223[0m pos/sec)]
Estimated time to end of superbatch: [36m8.6[0ms     [Fsuperbatch [36m114[0m [[35m50.3[0m% ([36m384[0m/[36m763[0m batches, [36m6817464[0m pos/sec)]
Estimated time to end of superbatch: [36m7.3[0ms     [Fsuperbatch [36m114[0m [[35m67.1[0m% ([36m512[0m/[36m763[0m batches, [36m7027336[0m pos/sec)]
Estimated time to end of superbatch: [36m4.7[0ms     [Fsuperbatch [36m114[0m [[35m83.9[0m% ([36m640[0m/[36m763[0m batches, [36m7161796[0m pos/sec)]
Estimated time to end of superbatch: [36m2.3[0ms     [Fsuperbatch [36m114[0m | time [36m13.8[0ms | running loss [36m0.013361[0m | [36m7251691[0m pos/sec | total time [36m1624.5[0ms
Estimated time remaining in training: [36m0[0mh [36m46[0mm [36m32[0ms
LR dropped to [36m0.0006294033[0m
superbatch [36m115[0m [[35m0.0[0m% ([36m0[0m/[36m763[0m batches, [36m7764115[0m pos/sec)]
Estimated time to end of superbatch: [36minf[0ms     [Fsuperbatch [36m115[0m [[35m16.8[0m% ([36m128[0m/[36m763[0m batches, [36m6005739[0m pos/sec)]
Estimated time to end of superbatch: [36m14.0[0ms     [Fsuperbatch [36m115[0m [[35m33.6[0m% ([36m256[0m/[36m763[0m batches, [36m6771971[0m pos/sec)]
Estimated time to end of superbatch: [36m9.9[0ms     [Fsuperbatch [36m115[0m [[35m50.3[0m% ([36m384[0m/[36m763[0m batches, [36m7077038[0m pos/sec)]
Estimated time to end of superbatch: [36m7.0[0ms     [Fsuperbatch [36m115[0m [[35m67.1[0m% ([36m512[0m/[36m763[0m batches, [36m7242130[0m pos/sec)]
Estimated time to end of superbatch: [36m4.6[0ms     [Fsuperbatch [36m115[0m [[35m83.9[0m% ([36m640[0m/[36m763[0m batches, [36m6905037[0m pos/sec)]
Estimated time to end of superbatch: [36m2.3[0ms     [Fsuperbatch [36m115[0m | time [36m14.2[0ms | running loss [36m0.013538[0m | [36m7026358[0m pos/sec | total time [36m1638.7[0ms
Estimated time remaining in training: [36m0[0mh [36m46[0mm [36m18[0ms
LR dropped to [36m0.00062618067[0m
superbatch [36m116[0m [[35m0.0[0m% ([36m0[0m/[36m763[0m batches, [36m7741086[0m pos/sec)]
Estimated time to end of superbatch: [36minf[0ms     [Fsuperbatch [36m116[0m [[35m16.8[0m% ([36m128[0m/[36m763[0m batches, [36m7752047[0m pos/sec)]
Estimated time to end of superbatch: [36m10.8[0ms     [Fsuperbatch [36m116[0m [[35m33.6[0m% ([36m256[0m/[36m763[0m batches, [36m7755018[0m pos/sec)]
Estimated time to end of superbatch: [36m8.6[0ms     [Fsuperbatch [36m116[0m [[35m50.3[0m% ([36m384[0m/[36m763[0m batches, [36m7245270[0m pos/sec)]
Estimated time to end of superbatch: [36m6.9[0ms     [Fsuperbatch [36m116[0m [[35m67.1[0m% ([36m512[0m/[36m763[0m batches, [36m7363511[0m pos/sec)]
Estimated time to end of superbatch: [36m4.5[0ms     [Fsuperbatch [36m116[0m [[35m83.9[0m% ([36m640[0m/[36m763[0m batches, [36m7438805[0m pos/sec)]
Estimated time to end of superbatch: [36m2.2[0ms     [Fsuperbatch [36m116[0m | time [36m13.4[0ms | running loss [36m0.013419[0m | [36m7489254[0m pos/sec | total time [36m1652.1[0ms
Estimated time remaining in training: [36m0[0mh [36m46[0mm [36m2[0ms
LR dropped to [36m0.00062295806[0m
superbatch [36m117[0m [[35m0.0[0m% ([36m0[0m/[36m763[0m batches, [36m7770472[0m pos/sec)]
Estimated time to end of superbatch: [36minf[0ms     [Fsuperbatch [36m117[0m [[35m16.8[0m% ([36m128[0m/[36m763[0m batches, [36m4511994[0m pos/sec)]
Estimated time to end of superbatch: [36m18.6[0ms     [Fsuperbatch [36m117[0m [[35m33.6[0m% ([36m256[0m/[36m763[0m batches, [36m5695992[0m pos/sec)]
Estimated time to end of superbatch: [36m11.7[0ms     [Fsuperbatch [36m117[0m [[35m50.3[0m% ([36m384[0m/[36m763[0m batches, [36m6246626[0m pos/sec)]
Estimated time to end of superbatch: [36m8.0[0ms     [Fsuperbatch [36m117[0m [[35m67.1[0m% ([36m512[0m/[36m763[0m batches, [36m6564252[0m pos/sec)]
Estimated time to end of superbatch: [36m5.0[0ms     [Fsuperbatch [36m117[0m [[35m83.9[0m% ([36m640[0m/[36m763[0m batches, [36m6174576[0m pos/sec)]
Estimated time to end of superbatch: [36m2.6[0ms     [Fsuperbatch [36m117[0m | time [36m15.7[0ms | running loss [36m0.013569[0m | [36m6376884[0m pos/sec | total time [36m1667.7[0ms
Estimated time remaining in training: [36m0[0mh [36m45[0mm [36m51[0ms
LR dropped to [36m0.0006197355[0m
superbatch [36m118[0m [[35m0.0[0m% ([36m0[0m/[36m763[0m batches, [36m7746512[0m pos/sec)]
Estimated time to end of superbatch: [36minf[0ms     [Fsuperbatch [36m118[0m [[35m16.8[0m% ([36m128[0m/[36m763[0m batches, [36m7751003[0m pos/sec)]
Estimated time to end of superbatch: [36m10.8[0ms     [Fsuperbatch [36m118[0m [[35m33.6[0m% ([36m256[0m/[36m763[0m batches, [36m7753854[0m pos/sec)]
Estimated time to end of superbatch: [36m8.6[0ms     [Fsuperbatch [36m118[0m [[35m50.3[0m% ([36m384[0m/[36m763[0m batches, [36m6725894[0m pos/sec)]
Estimated time to end of superbatch: [36m7.4[0ms     [Fsuperbatch [36m118[0m [[35m67.1[0m% ([36m512[0m/[36m763[0m batches, [36m6952987[0m pos/sec)]
Estimated time to end of superbatch: [36m4.7[0ms     [Fsuperbatch [36m118[0m [[35m83.9[0m% ([36m640[0m/[36m763[0m batches, [36m7098016[0m pos/sec)]
Estimated time to end of superbatch: [36m2.3[0ms     [Fsuperbatch [36m118[0m | time [36m13.9[0ms | running loss [36m0.013453[0m | [36m7195267[0m pos/sec | total time [36m1681.6[0ms
Estimated time remaining in training: [36m0[0mh [36m45[0mm [36m36[0ms
LR dropped to [36m0.00061651296[0m
superbatch [36m119[0m [[35m0.0[0m% ([36m0[0m/[36m763[0m batches, [36m7742656[0m pos/sec)]
Estimated time to end of superbatch: [36minf[0ms     [Fsuperbatch [36m119[0m [[35m16.8[0m% ([36m128[0m/[36m763[0m batches, [36m7323044[0m pos/sec)]
Estimated time to end of superbatch: [36m11.5[0ms     [Fsuperbatch [36m119[0m [[35m33.6[0m% ([36m256[0m/[36m763[0m batches, [36m7524622[0m pos/sec)]
Estimated time to end of superbatch: [36m8.9[0ms     [Fsuperbatch [36m119[0m [[35m50.3[0m% ([36m384[0m/[36m763[0m batches, [36m7589524[0m pos/sec)]
Estimated time to end of superbatch: [36m6.6[0ms     [Fsuperbatch [36m119[0m [[35m67.1[0m% ([36m512[0m/[36m763[0m batches, [36m7626603[0m pos/sec)]
Estimated time to end of superbatch: [36m4.3[0ms     [Fsuperbatch [36m119[0m [[35m83.9[0m% ([36m640[0m/[36m763[0m batches, [36m7398409[0m pos/sec)]
Estimated time to end of superbatch: [36m2.2[0ms     [Fsuperbatch [36m119[0m | time [36m13.4[0ms | running loss [36m0.013612[0m | [36m7449709[0m pos/sec | total time [36m1695.1[0ms
Estimated time remaining in training: [36m0[0mh [36m45[0mm [36m20[0ms
LR dropped to [36m0.00061329035[0m
superbatch [36m120[0m [[35m0.0[0m% ([36m0[0m/[36m763[0m batches, [36m7745538[0m pos/sec)]
Estimated time to end of superbatch: [36minf[0ms     [Fsuperbatch [36m120[0m [[35m16.8[0m% ([36m128[0m/[36m763[0m batches, [36m7744599[0m pos/sec)]
Estimated time to end of superbatch: [36m10.8[0ms     [Fsuperbatch [36m120[0m [[35m33.6[0m% ([36m256[0m/[36m763[0m batches, [36m7747360[0m pos/sec)]
Estimated time to end of superbatch: [36m8.6[0ms     [Fsuperbatch [36m120[0m [[35m50.3[0m% ([36m384[0m/[36m763[0m batches, [36m6739968[0m pos/sec)]
Estimated time to end of superbatch: [36m7.4[0ms     [Fsuperbatch [36m120[0m [[35m67.1[0m% ([36m512[0m/[36m763[0m batches, [36m6963326[0m pos/sec)]
Estimated time to end of superbatch: [36m4.7[0ms     [Fsuperbatch [36m120[0m [[35m83.9[0m% ([36m640[0m/[36m763[0m batches, [36m7105494[0m pos/sec)]
Estimated time to end of superbatch: [36m2.3[0ms     [Fsuperbatch [36m120[0m | time [36m13.9[0ms | running loss [36m0.013537[0m | [36m7200745[0m pos/sec | total time [36m1709.0[0ms
Estimated time remaining in training: [36m0[0mh [36m45[0mm [36m5[0ms
Saved [anna-v4-s1-120]
LR dropped to [36m0.0006100678[0m
superbatch [36m121[0m [[35m0.0[0m% ([36m0[0m/[36m763[0m batches, [36m7748496[0m pos/sec)]
Estimated time to end of superbatch: [36minf[0ms     [Fsuperbatch [36m121[0m [[35m16.8[0m% ([36m128[0m/[36m763[0m batches, [36m7777340[0m pos/sec)]
Estimated time to end of superbatch: [36m10.8[0ms     [Fsuperbatch [36m121[0m [[35m33.6[0m% ([36m256[0m/[36m763[0m batches, [36m7770102[0m pos/sec)]
Estimated time to end of superbatch: [36m8.6[0ms     [Fsuperbatch [36m121[0m [[35m50.3[0m% ([36m384[0m/[36m763[0m batches, [36m7770823[0m pos/sec)]
Estimated time to end of superbatch: [36m6.4[0ms     [Fsuperbatch [36m121[0m [[35m67.1[0m% ([36m512[0m/[36m763[0m batches, [36m7773306[0m pos/sec)]
Estimated time to end of superbatch: [36m4.2[0ms     [Fsuperbatch [36m121[0m [[35m83.9[0m% ([36m640[0m/[36m763[0m batches, [36m7774426[0m pos/sec)]
Estimated time to end of superbatch: [36m2.1[0ms     [Fsuperbatch [36m121[0m | time [36m12.9[0ms | running loss [36m0.013676[0m | [36m7772767[0m pos/sec | total time [36m1723.1[0ms
Estimated time remaining in training: [36m0[0mh [36m44[0mm [36m51[0ms
LR dropped to [36m0.0006068452[0m
superbatch [36m122[0m [[35m0.0[0m% ([36m0[0m/[36m763[0m batches, [36m7760740[0m pos/sec)]
Estimated time to end of superbatch: [36minf[0ms     [Fsuperbatch [36m122[0m [[35m16.8[0m% ([36m128[0m/[36m763[0m batches, [36m7772248[0m pos/sec)]
Estimated time to end of superbatch: [36m10.8[0ms     [Fsuperbatch [36m122[0m [[35m33.6[0m% ([36m256[0m/[36m763[0m batches, [36m7773563[0m pos/sec)]
Estimated time to end of superbatch: [36m8.6[0ms     [Fsuperbatch [36m122[0m [[35m50.3[0m% ([36m384[0m/[36m763[0m batches, [36m7771796[0m pos/sec)]
Estimated time to end of superbatch: [36m6.4[0ms     [Fsuperbatch [36m122[0m [[35m67.1[0m% ([36m512[0m/[36m763[0m batches, [36m7760518[0m pos/sec)]
Estimated time to end of superbatch: [36m4.2[0ms     [Fsuperbatch [36m122[0m [[35m83.9[0m% ([36m640[0m/[36m763[0m batches, [36m7755824[0m pos/sec)]
Estimated time to end of superbatch: [36m2.1[0ms     [Fsuperbatch [36m122[0m | time [36m12.9[0ms | running loss [36m0.013622[0m | [36m7754312[0m pos/sec | total time [36m1736.0[0ms
Estimated time remaining in training: [36m0[0mh [36m44[0mm [36m35[0ms
LR dropped to [36m0.00060362264[0m
superbatch [36m123[0m [[35m0.0[0m% ([36m0[0m/[36m763[0m batches, [36m7747822[0m pos/sec)]
Estimated time to end of superbatch: [36minf[0ms     [Fsuperbatch [36m123[0m [[35m16.8[0m% ([36m128[0m/[36m763[0m batches, [36m7444810[0m pos/sec)]
Estimated time to end of superbatch: [36m11.3[0ms     [Fsuperbatch [36m123[0m [[35m33.6[0m% ([36m256[0m/[36m763[0m batches, [36m7581449[0m pos/sec)]
Estimated time to end of superbatch: [36m8.8[0ms     [Fsuperbatch [36m123[0m [[35m50.3[0m% ([36m384[0m/[36m763[0m batches, [36m7631866[0m pos/sec)]
Estimated time to end of superbatch: [36m6.5[0ms     [Fsuperbatch [36m123[0m [[35m67.1[0m% ([36m512[0m/[36m763[0m batches, [36m7659320[0m pos/sec)]
Estimated time to end of superbatch: [36m4.3[0ms     [Fsuperbatch [36m123[0m [[35m83.9[0m% ([36m640[0m/[36m763[0m batches, [36m7410288[0m pos/sec)]
Estimated time to end of superbatch: [36m2.2[0ms     [Fsuperbatch [36m123[0m | time [36m13.4[0ms | running loss [36m0.013726[0m | [36m7459782[0m pos/sec | total time [36m1749.4[0ms
Estimated time remaining in training: [36m0[0mh [36m44[0mm [36m19[0ms
LR dropped to [36m0.00060040003[0m
superbatch [36m124[0m [[35m0.0[0m% ([36m0[0m/[36m763[0m batches, [36m7739298[0m pos/sec)]
Estimated time to end of superbatch: [36minf[0ms     [Fsuperbatch [36m124[0m [[35m16.8[0m% ([36m128[0m/[36m763[0m batches, [36m7736208[0m pos/sec)]
Estimated time to end of superbatch: [36m10.8[0ms     [Fsuperbatch [36m124[0m [[35m33.6[0m% ([36m256[0m/[36m763[0m batches, [36m7741690[0m pos/sec)]
Estimated time to end of superbatch: [36m8.6[0ms     [Fsuperbatch [36m124[0m [[35m50.3[0m% ([36m384[0m/[36m763[0m batches, [36m7744575[0m pos/sec)]
Estimated time to end of superbatch: [36m6.4[0ms     [Fsuperbatch [36m124[0m [[35m67.1[0m% ([36m512[0m/[36m763[0m batches, [36m7741486[0m pos/sec)]
Estimated time to end of superbatch: [36m4.3[0ms     [Fsuperbatch [36m124[0m [[35m83.9[0m% ([36m640[0m/[36m763[0m batches, [36m7736976[0m pos/sec)]
Estimated time to end of superbatch: [36m2.1[0ms     [Fsuperbatch [36m124[0m | time [36m12.9[0ms | running loss [36m0.013644[0m | [36m7739012[0m pos/sec | total time [36m1762.3[0ms
Estimated time remaining in training: [36m0[0mh [36m44[0mm [36m3[0ms
LR dropped to [36m0.0005971774[0m
superbatch [36m125[0m [[35m0.0[0m% ([36m0[0m/[36m763[0m batches, [36m7754564[0m pos/sec)]
Estimated time to end of superbatch: [36minf[0ms     [Fsuperbatch [36m125[0m [[35m16.8[0m% ([36m128[0m/[36m763[0m batches, [36m7345268[0m pos/sec)]
Estimated time to end of superbatch: [36m11.4[0ms     [Fsuperbatch [36m125[0m [[35m33.6[0m% ([36m256[0m/[36m763[0m batches, [36m7523522[0m pos/sec)]
Estimated time to end of superbatch: [36m8.9[0ms     [Fsuperbatch [36m125[0m [[35m50.3[0m% ([36m384[0m/[36m763[0m batches, [36m7587108[0m pos/sec)]
Estimated time to end of superbatch: [36m6.6[0ms     [Fsuperbatch [36m125[0m [[35m67.1[0m% ([36m512[0m/[36m763[0m batches, [36m7622252[0m pos/sec)]
Estimated time to end of superbatch: [36m4.3[0ms     [Fsuperbatch [36m125[0m [[35m83.9[0m% ([36m640[0m/[36m763[0m batches, [36m7290810[0m pos/sec)]
Estimated time to end of superbatch: [36m2.2[0ms     [Fsuperbatch [36m125[0m | time [36m13.6[0ms | running loss [36m0.013840[0m | [36m7354418[0m pos/sec | total time [36m1775.9[0ms
Estimated time remaining in training: [36m0[0mh [36m43[0mm [36m48[0ms
LR dropped to [36m0.0005939549[0m
superbatch [36m126[0m [[35m0.0[0m% ([36m0[0m/[36m763[0m batches, [36m7700432[0m pos/sec)]
Estimated time to end of superbatch: [36minf[0ms     [Fsuperbatch [36m126[0m [[35m16.8[0m% ([36m128[0m/[36m763[0m batches, [36m7716171[0m pos/sec)]
Estimated time to end of superbatch: [36m10.9[0ms     [Fsuperbatch [36m126[0m [[35m33.6[0m% ([36m256[0m/[36m763[0m batches, [36m7691742[0m pos/sec)]
Estimated time to end of superbatch: [36m8.7[0ms     [Fsuperbatch [36m126[0m [[35m50.3[0m% ([36m384[0m/[36m763[0m batches, [36m7703846[0m pos/sec)]
Estimated time to end of superbatch: [36m6.5[0ms     [Fsuperbatch [36m126[0m [[35m67.1[0m% ([36m512[0m/[36m763[0m batches, [36m7691458[0m pos/sec)]
Estimated time to end of superbatch: [36m4.3[0ms     [Fsuperbatch [36m126[0m [[35m83.9[0m% ([36m640[0m/[36m763[0m batches, [36m7688986[0m pos/sec)]
Estimated time to end of superbatch: [36m2.1[0ms     [Fsuperbatch [36m126[0m | time [36m13.0[0ms | running loss [36m0.013834[0m | [36m7694124[0m pos/sec | total time [36m1788.9[0ms
Estimated time remaining in training: [36m0[0mh [36m43[0mm [36m32[0ms
LR dropped to [36m0.0005907323[0m
superbatch [36m127[0m [[35m0.0[0m% ([36m0[0m/[36m763[0m batches, [36m7721886[0m pos/sec)]
Estimated time to end of superbatch: [36minf[0ms     [Fsuperbatch [36m127[0m [[35m16.8[0m% ([36m128[0m/[36m763[0m batches, [36m6696562[0m pos/sec)]
Estimated time to end of superbatch: [36m12.5[0ms     [Fsuperbatch [36m127[0m [[35m33.6[0m% ([36m256[0m/[36m763[0m batches, [36m7155268[0m pos/sec)]
Estimated time to end of superbatch: [36m9.3[0ms     [Fsuperbatch [36m127[0m [[35m50.3[0m% ([36m384[0m/[36m763[0m batches, [36m7324782[0m pos/sec)]
Estimated time to end of superbatch: [36m6.8[0ms     [Fsuperbatch [36m127[0m [[35m67.1[0m% ([36m512[0m/[36m763[0m batches, [36m7409942[0m pos/sec)]
Estimated time to end of superbatch: [36m4.4[0ms     [Fsuperbatch [36m127[0m [[35m83.9[0m% ([36m640[0m/[36m763[0m batches, [36m7468052[0m pos/sec)]
Estimated time to end of superbatch: [36m2.2[0ms     [Fsuperbatch [36m127[0m | time [36m13.3[0ms | running loss [36m0.013930[0m | [36m7505060[0m pos/sec | total time [36m1802.3[0ms
Estimated time remaining in training: [36m0[0mh [36m43[0mm [36m16[0ms
LR dropped to [36m0.0005875097[0m
superbatch [36m128[0m [[35m0.0[0m% ([36m0[0m/[36m763[0m batches, [36m7706604[0m pos/sec)]
Estimated time to end of superbatch: [36minf[0ms     [Fsuperbatch [36m128[0m [[35m16.8[0m% ([36m128[0m/[36m763[0m batches, [36m7715045[0m pos/sec)]
Estimated time to end of superbatch: [36m10.9[0ms     [Fsuperbatch [36m128[0m [[35m33.6[0m% ([36m256[0m/[36m763[0m batches, [36m7719856[0m pos/sec)]
Estimated time to end of superbatch: [36m8.6[0ms     [Fsuperbatch [36m128[0m [[35m50.3[0m% ([36m384[0m/[36m763[0m batches, [36m7722984[0m pos/sec)]
Estimated time to end of superbatch: [36m6.4[0ms     [Fsuperbatch [36m128[0m [[35m67.1[0m% ([36m512[0m/[36m763[0m batches, [36m7718517[0m pos/sec)]
Estimated time to end of superbatch: [36m4.3[0ms     [Fsuperbatch [36m128[0m [[35m83.9[0m% ([36m640[0m/[36m763[0m batches, [36m7717110[0m pos/sec)]
Estimated time to end of superbatch: [36m2.1[0ms     [Fsuperbatch [36m128[0m | time [36m13.0[0ms | running loss [36m0.013918[0m | [36m7717588[0m pos/sec | total time [36m1815.2[0ms
Estimated time remaining in training: [36m0[0mh [36m43[0mm [36m1[0ms
LR dropped to [36m0.0005842871[0m
superbatch [36m129[0m [[35m0.0[0m% ([36m0[0m/[36m763[0m batches, [36m7725168[0m pos/sec)]
Estimated time to end of superbatch: [36minf[0ms     [Fsuperbatch [36m129[0m [[35m16.8[0m% ([36m128[0m/[36m763[0m batches, [36m7724853[0m pos/sec)]
Estimated time to end of superbatch: [36m10.9[0ms     [Fsuperbatch [36m129[0m [[35m33.6[0m% ([36m256[0m/[36m763[0m batches, [36m7703586[0m pos/sec)]
Estimated time to end of superbatch: [36m8.7[0ms     [Fsuperbatch [36m129[0m [[35m50.3[0m% ([36m384[0m/[36m763[0m batches, [36m7684840[0m pos/sec)]
Estimated time to end of superbatch: [36m6.5[0ms     [Fsuperbatch [36m129[0m [[35m67.1[0m% ([36m512[0m/[36m763[0m batches, [36m7692500[0m pos/sec)]
Estimated time to end of superbatch: [36m4.3[0ms     [Fsuperbatch [36m129[0m [[35m83.9[0m% ([36m640[0m/[36m763[0m batches, [36m7580126[0m pos/sec)]
Estimated time to end of superbatch: [36m2.1[0ms     [Fsuperbatch [36m129[0m | time [36m13.2[0ms | running loss [36m0.013961[0m | [36m7598665[0m pos/sec | total time [36m1828.4[0ms
Estimated time remaining in training: [36m0[0mh [36m42[0mm [36m45[0ms
LR dropped to [36m0.00058106455[0m
superbatch [36m130[0m [[35m0.0[0m% ([36m0[0m/[36m763[0m batches, [36m7701319[0m pos/sec)]
Estimated time to end of superbatch: [36minf[0ms     [Fsuperbatch [36m130[0m [[35m16.8[0m% ([36m128[0m/[36m763[0m batches, [36m7704212[0m pos/sec)]
Estimated time to end of superbatch: [36m10.9[0ms     [Fsuperbatch [36m130[0m [[35m33.6[0m% ([36m256[0m/[36m763[0m batches, [36m7686893[0m pos/sec)]
Estimated time to end of superbatch: [36m8.7[0ms     [Fsuperbatch [36m130[0m [[35m50.3[0m% ([36m384[0m/[36m763[0m batches, [36m7697944[0m pos/sec)]
Estimated time to end of superbatch: [36m6.5[0ms     [Fsuperbatch [36m130[0m [[35m67.1[0m% ([36m512[0m/[36m763[0m batches, [36m7697612[0m pos/sec)]
Estimated time to end of superbatch: [36m4.3[0ms     [Fsuperbatch [36m130[0m [[35m83.9[0m% ([36m640[0m/[36m763[0m batches, [36m7698938[0m pos/sec)]
Estimated time to end of superbatch: [36m2.1[0ms     [Fsuperbatch [36m130[0m | time [36m13.0[0ms | running loss [36m0.013949[0m | [36m7701472[0m pos/sec | total time [36m1841.4[0ms
Estimated time remaining in training: [36m0[0mh [36m42[0mm [36m29[0ms
LR dropped to [36m0.00057784194[0m
superbatch [36m131[0m [[35m0.0[0m% ([36m0[0m/[36m763[0m batches, [36m7687880[0m pos/sec)]
Estimated time to end of superbatch: [36minf[0ms     [Fsuperbatch [36m131[0m [[35m16.8[0m% ([36m128[0m/[36m763[0m batches, [36m7711252[0m pos/sec)]
Estimated time to end of superbatch: [36m10.9[0ms     [Fsuperbatch [36m131[0m [[35m33.6[0m% ([36m256[0m/[36m763[0m batches, [36m6923858[0m pos/sec)]
Estimated time to end of superbatch: [36m9.6[0ms     [Fsuperbatch [36m131[0m [[35m50.3[0m% ([36m384[0m/[36m763[0m batches, [36m7161725[0m pos/sec)]
Estimated time to end of superbatch: [36m7.0[0ms     [Fsuperbatch [36m131[0m [[35m67.1[0m% ([36m512[0m/[36m763[0m batches, [36m7291900[0m pos/sec)]
Estimated time to end of superbatch: [36m4.5[0ms     [Fsuperbatch [36m131[0m [[35m83.9[0m% ([36m640[0m/[36m763[0m batches, [36m7373027[0m pos/sec)]
Estimated time to end of superbatch: [36m2.2[0ms     [Fsuperbatch [36m131[0m | time [36m13.6[0ms | running loss [36m0.014009[0m | [36m7354661[0m pos/sec | total time [36m1855.0[0ms
Estimated time remaining in training: [36m0[0mh [36m42[0mm [36m14[0ms
LR dropped to [36m0.0005746194[0m
superbatch [36m132[0m [[35m0.0[0m% ([36m0[0m/[36m763[0m batches, [36m7639310[0m pos/sec)]
Estimated time to end of superbatch: [36minf[0ms     [Fsuperbatch [36m132[0m [[35m16.8[0m% ([36m128[0m/[36m763[0m batches, [36m7693802[0m pos/sec)]
Estimated time to end of superbatch: [36m10.9[0ms     [Fsuperbatch [36m132[0m [[35m33.6[0m% ([36m256[0m/[36m763[0m batches, [36m7698270[0m pos/sec)]
Estimated time to end of superbatch: [36m8.7[0ms     [Fsuperbatch [36m132[0m [[35m50.3[0m% ([36m384[0m/[36m763[0m batches, [36m7703638[0m pos/sec)]
Estimated time to end of superbatch: [36m6.5[0ms     [Fsuperbatch [36m132[0m [[35m67.1[0m% ([36m512[0m/[36m763[0m batches, [36m7700330[0m pos/sec)]
Estimated time to end of superbatch: [36m4.3[0ms     [Fsuperbatch [36m132[0m [[35m83.9[0m% ([36m640[0m/[36m763[0m batches, [36m7700308[0m pos/sec)]
Estimated time to end of superbatch: [36m2.1[0ms     [Fsuperbatch [36m132[0m | time [36m13.0[0ms | running loss [36m0.014006[0m | [36m7701528[0m pos/sec | total time [36m1868.0[0ms
Estimated time remaining in training: [36m0[0mh [36m41[0mm [36m58[0ms
LR dropped to [36m0.0005713968[0m
superbatch [36m133[0m [[35m0.0[0m% ([36m0[0m/[36m763[0m batches, [36m7671021[0m pos/sec)]
Estimated time to end of superbatch: [36minf[0ms     [Fsuperbatch [36m133[0m [[35m16.8[0m% ([36m128[0m/[36m763[0m batches, [36m7709650[0m pos/sec)]
Estimated time to end of superbatch: [36m10.9[0ms     [Fsuperbatch [36m133[0m [[35m33.6[0m% ([36m256[0m/[36m763[0m batches, [36m7070324[0m pos/sec)]
Estimated time to end of superbatch: [36m9.4[0ms     [Fsuperbatch [36m133[0m [[35m50.3[0m% ([36m384[0m/[36m763[0m batches, [36m7266994[0m pos/sec)]
Estimated time to end of superbatch: [36m6.9[0ms     [Fsuperbatch [36m133[0m [[35m67.1[0m% ([36m512[0m/[36m763[0m batches, [36m7372146[0m pos/sec)]
Estimated time to end of superbatch: [36m4.5[0ms     [Fsuperbatch [36m133[0m [[35m83.9[0m% ([36m640[0m/[36m763[0m batches, [36m7438336[0m pos/sec)]
Estimated time to end of superbatch: [36m2.2[0ms     [Fsuperbatch [36m133[0m | time [36m13.6[0ms | running loss [36m0.014043[0m | [36m7342078[0m pos/sec | total time [36m1881.6[0ms
Estimated time remaining in training: [36m0[0mh [36m41[0mm [36m44[0ms
LR dropped to [36m0.00056817423[0m
superbatch [36m134[0m [[35m0.0[0m% ([36m0[0m/[36m763[0m batches, [36m7699298[0m pos/sec)]
Estimated time to end of superbatch: [36minf[0ms     [Fsuperbatch [36m134[0m [[35m16.8[0m% ([36m128[0m/[36m763[0m batches, [36m7702946[0m pos/sec)]
Estimated time to end of superbatch: [36m10.9[0ms     [Fsuperbatch [36m134[0m [[35m33.6[0m% ([36m256[0m/[36m763[0m batches, [36m7704924[0m pos/sec)]
Estimated time to end of superbatch: [36m8.7[0ms     [Fsuperbatch [36m134[0m [[35m50.3[0m% ([36m384[0m/[36m763[0m batches, [36m7709862[0m pos/sec)]
Estimated time to end of superbatch: [36m6.5[0ms     [Fsuperbatch [36m134[0m [[35m67.1[0m% ([36m512[0m/[36m763[0m batches, [36m7011147[0m pos/sec)]
Estimated time to end of superbatch: [36m4.7[0ms     [Fsuperbatch [36m134[0m [[35m83.9[0m% ([36m640[0m/[36m763[0m batches, [36m7138520[0m pos/sec)]
Estimated time to end of superbatch: [36m2.3[0ms     [Fsuperbatch [36m134[0m | time [36m13.8[0ms | running loss [36m0.014067[0m | [36m7223860[0m pos/sec | total time [36m1895.4[0ms
Estimated time remaining in training: [36m0[0mh [36m41[0mm [36m29[0ms
LR dropped to [36m0.0005649517[0m
superbatch [36m135[0m [[35m0.0[0m% ([36m0[0m/[36m763[0m batches, [36m7710842[0m pos/sec)]
Estimated time to end of superbatch: [36minf[0ms     [Fsuperbatch [36m135[0m [[35m16.8[0m% ([36m128[0m/[36m763[0m batches, [36m7712533[0m pos/sec)]
Estimated time to end of superbatch: [36m10.9[0ms     [Fsuperbatch [36m135[0m [[35m33.6[0m% ([36m256[0m/[36m763[0m batches, [36m6215096[0m pos/sec)]
Estimated time to end of superbatch: [36m10.7[0ms     [Fsuperbatch [36m135[0m [[35m50.3[0m% ([36m384[0m/[36m763[0m batches, [36m6639852[0m pos/sec)]
Estimated time to end of superbatch: [36m7.5[0ms     [Fsuperbatch [36m135[0m [[35m67.1[0m% ([36m512[0m/[36m763[0m batches, [36m6877002[0m pos/sec)]
Estimated time to end of superbatch: [36m4.8[0ms     [Fsuperbatch [36m135[0m [[35m83.9[0m% ([36m640[0m/[36m763[0m batches, [36m7028943[0m pos/sec)]
Estimated time to end of superbatch: [36m2.3[0ms     [Fsuperbatch [36m135[0m | time [36m14.6[0ms | running loss [36m0.014078[0m | [36m6862637[0m pos/sec | total time [36m1910.0[0ms
Estimated time remaining in training: [36m0[0mh [36m41[0mm [36m15[0ms
LR dropped to [36m0.0005617291[0m
superbatch [36m136[0m [[35m0.0[0m% ([36m0[0m/[36m763[0m batches, [36m7702346[0m pos/sec)]
Estimated time to end of superbatch: [36minf[0ms     [Fsuperbatch [36m136[0m [[35m16.8[0m% ([36m128[0m/[36m763[0m batches, [36m7688728[0m pos/sec)]
Estimated time to end of superbatch: [36m10.9[0ms     [Fsuperbatch [36m136[0m [[35m33.6[0m% ([36m256[0m/[36m763[0m batches, [36m7689366[0m pos/sec)]
Estimated time to end of superbatch: [36m8.7[0ms     [Fsuperbatch [36m136[0m [[35m50.3[0m% ([36m384[0m/[36m763[0m batches, [36m7693634[0m pos/sec)]
Estimated time to end of superbatch: [36m6.5[0ms     [Fsuperbatch [36m136[0m [[35m67.1[0m% ([36m512[0m/[36m763[0m batches, [36m7341923[0m pos/sec)]
Estimated time to end of superbatch: [36m4.5[0ms     [Fsuperbatch [36m136[0m [[35m83.9[0m% ([36m640[0m/[36m763[0m batches, [36m7408572[0m pos/sec)]
Estimated time to end of superbatch: [36m2.2[0ms     [Fsuperbatch [36m136[0m | time [36m13.4[0ms | running loss [36m0.014176[0m | [36m7453384[0m pos/sec | total time [36m1923.4[0ms
Estimated time remaining in training: [36m0[0mh [36m41[0mm [36m0[0ms
LR dropped to [36m0.00055850646[0m
superbatch [36m137[0m [[35m0.0[0m% ([36m0[0m/[36m763[0m batches, [36m7632658[0m pos/sec)]
Estimated time to end of superbatch: [36minf[0ms     [Fsuperbatch [36m137[0m [[35m16.8[0m% ([36m128[0m/[36m763[0m batches, [36m7709888[0m pos/sec)]
Estimated time to end of superbatch: [36m10.9[0ms     [Fsuperbatch [36m137[0m [[35m33.6[0m% ([36m256[0m/[36m763[0m batches, [36m6745649[0m pos/sec)]
Estimated time to end of superbatch: [36m9.9[0ms     [Fsuperbatch [36m137[0m [[35m50.3[0m% ([36m384[0m/[36m763[0m batches, [36m7032465[0m pos/sec)]
Estimated time to end of superbatch: [36m7.1[0ms     [Fsuperbatch [36m137[0m [[35m67.1[0m% ([36m512[0m/[36m763[0m batches, [36m7187086[0m pos/sec)]
Estimated time to end of superbatch: [36m4.6[0ms     [Fsuperbatch [36m137[0m [[35m83.9[0m% ([36m640[0m/[36m763[0m batches, [36m7284771[0m pos/sec)]
Estimated time to end of superbatch: [36m2.2[0ms     [Fsuperbatch [36m137[0m | time [36m15.5[0ms | running loss [36m0.014163[0m | [36m6467518[0m pos/sec | total time [36m1938.9[0ms
Estimated time remaining in training: [36m0[0mh [36m40[0mm [36m48[0ms
LR dropped to [36m0.0005552839[0m
superbatch [36m138[0m [[35m0.0[0m% ([36m0[0m/[36m763[0m batches, [36m7673890[0m pos/sec)]
Estimated time to end of superbatch: [36minf[0ms     [Fsuperbatch [36m138[0m [[35m16.8[0m% ([36m128[0m/[36m763[0m batches, [36m7689713[0m pos/sec)]
Estimated time to end of superbatch: [36m10.9[0ms     [Fsuperbatch [36m138[0m [[35m33.6[0m% ([36m256[0m/[36m763[0m batches, [36m7694452[0m pos/sec)]
Estimated time to end of superbatch: [36m8.7[0ms     [Fsuperbatch [36m138[0m [[35m50.3[0m% ([36m384[0m/[36m763[0m batches, [36m7698388[0m pos/sec)]
Estimated time to end of superbatch: [36m6.5[0ms     [Fsuperbatch [36m138[0m [[35m67.1[0m% ([36m512[0m/[36m763[0m batches, [36m6524156[0m pos/sec)]
Estimated time to end of superbatch: [36m5.1[0ms     [Fsuperbatch [36m138[0m [[35m83.9[0m% ([36m640[0m/[36m763[0m batches, [36m6731224[0m pos/sec)]
Estimated time to end of superbatch: [36m2.4[0ms     [Fsuperbatch [36m138[0m | time [36m14.6[0ms | running loss [36m0.014219[0m | [36m6869812[0m pos/sec | total time [36m1953.4[0ms
Estimated time remaining in training: [36m0[0mh [36m40[0mm [36m34[0ms
LR dropped to [36m0.00055206136[0m
superbatch [36m139[0m [[35m0.0[0m% ([36m0[0m/[36m763[0m batches, [36m7717166[0m pos/sec)]
Estimated time to end of superbatch: [36minf[0ms     [Fsuperbatch [36m139[0m [[35m16.8[0m% ([36m128[0m/[36m763[0m batches, [36m7705852[0m pos/sec)]
Estimated time to end of superbatch: [36m10.9[0ms     [Fsuperbatch [36m139[0m [[35m33.6[0m% ([36m256[0m/[36m763[0m batches, [36m5672008[0m pos/sec)]
Estimated time to end of superbatch: [36m11.8[0ms     [Fsuperbatch [36m139[0m [[35m50.3[0m% ([36m384[0m/[36m763[0m batches, [36m6222248[0m pos/sec)]
Estimated time to end of superbatch: [36m8.0[0ms     [Fsuperbatch [36m139[0m [[35m67.1[0m% ([36m512[0m/[36m763[0m batches, [36m6541469[0m pos/sec)]
Estimated time to end of superbatch: [36m5.0[0ms     [Fsuperbatch [36m139[0m [[35m83.9[0m% ([36m640[0m/[36m763[0m batches, [36m6749002[0m pos/sec)]
Estimated time to end of superbatch: [36m2.4[0ms     [Fsuperbatch [36m139[0m | time [36m16.4[0ms | running loss [36m0.014181[0m | [36m6089976[0m pos/sec | total time [36m1969.9[0ms
Estimated time remaining in training: [36m0[0mh [36m40[0mm [36m23[0ms
LR dropped to [36m0.00054883875[0m
superbatch [36m140[0m [[35m0.0[0m% ([36m0[0m/[36m763[0m batches, [36m7726236[0m pos/sec)]
Estimated time to end of superbatch: [36minf[0ms     [Fsuperbatch [36m140[0m [[35m16.8[0m% ([36m128[0m/[36m763[0m batches, [36m7725116[0m pos/sec)]
Estimated time to end of superbatch: [36m10.9[0ms     [Fsuperbatch [36m140[0m [[35m33.6[0m% ([36m256[0m/[36m763[0m batches, [36m7729666[0m pos/sec)]
Estimated time to end of superbatch: [36m8.6[0ms     [Fsuperbatch [36m140[0m [[35m50.3[0m% ([36m384[0m/[36m763[0m batches, [36m7729620[0m pos/sec)]
Estimated time to end of superbatch: [36m6.4[0ms     [Fsuperbatch [36m140[0m [[35m67.1[0m% ([36m512[0m/[36m763[0m batches, [36m6273272[0m pos/sec)]
Estimated time to end of superbatch: [36m5.3[0ms     [Fsuperbatch [36m140[0m [[35m83.9[0m% ([36m640[0m/[36m763[0m batches, [36m6517610[0m pos/sec)]
Estimated time to end of superbatch: [36m2.5[0ms     [Fsuperbatch [36m140[0m | time [36m15.0[0ms | running loss [36m0.014283[0m | [36m6685569[0m pos/sec | total time [36m1984.8[0ms
Estimated time remaining in training: [36m0[0mh [36m40[0mm [36m10[0ms
Saved [anna-v4-s1-140]
LR dropped to [36m0.00054561615[0m
superbatch [36m141[0m [[35m0.0[0m% ([36m0[0m/[36m763[0m batches, [36m7730676[0m pos/sec)]
Estimated time to end of superbatch: [36minf[0ms     [Fsuperbatch [36m141[0m [[35m16.8[0m% ([36m128[0m/[36m763[0m batches, [36m7740090[0m pos/sec)]
Estimated time to end of superbatch: [36m10.8[0ms     [Fsuperbatch [36m141[0m [[35m33.6[0m% ([36m256[0m/[36m763[0m batches, [36m5884424[0m pos/sec)]
Estimated time to end of superbatch: [36m11.3[0ms     [Fsuperbatch [36m141[0m [[35m50.3[0m% ([36m384[0m/[36m763[0m batches, [36m6383488[0m pos/sec)]
Estimated time to end of superbatch: [36m7.8[0ms     [Fsuperbatch [36m141[0m [[35m67.1[0m% ([36m512[0m/[36m763[0m batches, [36m6668016[0m pos/sec)]
Estimated time to end of superbatch: [36m4.9[0ms     [Fsuperbatch [36m141[0m [[35m83.9[0m% ([36m640[0m/[36m763[0m batches, [36m6853050[0m pos/sec)]
Estimated time to end of superbatch: [36m2.4[0ms     [Fsuperbatch [36m141[0m | time [36m16.1[0ms | running loss [36m0.014270[0m | [36m6222957[0m pos/sec | total time [36m2002.3[0ms
Estimated time remaining in training: [36m0[0mh [36m39[0mm [36m59[0ms
LR dropped to [36m0.00054239354[0m
superbatch [36m142[0m [[35m0.0[0m% ([36m0[0m/[36m763[0m batches, [36m7690686[0m pos/sec)]
Estimated time to end of superbatch: [36minf[0ms     [Fsuperbatch [36m142[0m [[35m16.8[0m% ([36m128[0m/[36m763[0m batches, [36m7690661[0m pos/sec)]
Estimated time to end of superbatch: [36m10.9[0ms     [Fsuperbatch [36m142[0m [[35m33.6[0m% ([36m256[0m/[36m763[0m batches, [36m7697921[0m pos/sec)]
Estimated time to end of superbatch: [36m8.7[0ms     [Fsuperbatch [36m142[0m [[35m50.3[0m% ([36m384[0m/[36m763[0m batches, [36m7702393[0m pos/sec)]
Estimated time to end of superbatch: [36m6.5[0ms     [Fsuperbatch [36m142[0m [[35m67.1[0m% ([36m512[0m/[36m763[0m batches, [36m6842645[0m pos/sec)]
Estimated time to end of superbatch: [36m4.8[0ms     [Fsuperbatch [36m142[0m [[35m83.9[0m% ([36m640[0m/[36m763[0m batches, [36m7002814[0m pos/sec)]
Estimated time to end of superbatch: [36m2.3[0ms     [Fsuperbatch [36m142[0m | time [36m14.1[0ms | running loss [36m0.014379[0m | [36m7111030[0m pos/sec | total time [36m2016.3[0ms
Estimated time remaining in training: [36m0[0mh [36m39[0mm [36m45[0ms
LR dropped to [36m0.000539171[0m
superbatch [36m143[0m [[35m0.0[0m% ([36m0[0m/[36m763[0m batches, [36m7747404[0m pos/sec)]
Estimated time to end of superbatch: [36minf[0ms     [Fsuperbatch [36m143[0m [[35m16.8[0m% ([36m128[0m/[36m763[0m batches, [36m7741800[0m pos/sec)]
Estimated time to end of superbatch: [36m10.8[0ms     [Fsuperbatch [36m143[0m [[35m33.6[0m% ([36m256[0m/[36m763[0m batches, [36m4597973[0m pos/sec)]
Estimated time to end of superbatch: [36m14.5[0ms     [Fsuperbatch [36m143[0m [[35m50.3[0m% ([36m384[0m/[36m763[0m batches, [36m5311868[0m pos/sec)]
Estimated time to end of superbatch: [36m9.4[0ms     [Fsuperbatch [36m143[0m [[35m67.1[0m% ([36m512[0m/[36m763[0m batches, [36m5761529[0m pos/sec)]
Estimated time to end of superbatch: [36m5.7[0ms     [Fsuperbatch [36m143[0m [[35m83.9[0m% ([36m640[0m/[36m763[0m batches, [36m6071298[0m pos/sec)]
Estimated time to end of superbatch: [36m2.7[0ms     [Fsuperbatch [36m143[0m | time [36m16.8[0ms | running loss [36m0.014284[0m | [36m5963120[0m pos/sec | total time [36m2033.1[0ms
Estimated time remaining in training: [36m0[0mh [36m39[0mm [36m34[0ms
LR dropped to [36m0.00053594843[0m
superbatch [36m144[0m [[35m0.0[0m% ([36m0[0m/[36m763[0m batches, [36m7722822[0m pos/sec)]
Estimated time to end of superbatch: [36minf[0ms     [Fsuperbatch [36m144[0m [[35m16.8[0m% ([36m128[0m/[36m763[0m batches, [36m7721448[0m pos/sec)]
Estimated time to end of superbatch: [36m10.9[0ms     [Fsuperbatch [36m144[0m [[35m33.6[0m% ([36m256[0m/[36m763[0m batches, [36m7728118[0m pos/sec)]
Estimated time to end of superbatch: [36m8.6[0ms     [Fsuperbatch [36m144[0m [[35m50.3[0m% ([36m384[0m/[36m763[0m batches, [36m7731652[0m pos/sec)]
Estimated time to end of superbatch: [36m6.4[0ms     [Fsuperbatch [36m144[0m [[35m67.1[0m% ([36m512[0m/[36m763[0m batches, [36m7583047[0m pos/sec)]
Estimated time to end of superbatch: [36m4.3[0ms     [Fsuperbatch [36m144[0m [[35m83.9[0m% ([36m640[0m/[36m763[0m batches, [36m7608513[0m pos/sec)]
Estimated time to end of superbatch: [36m2.1[0ms     [Fsuperbatch [36m144[0m | time [36m13.1[0ms | running loss [36m0.014444[0m | [36m7626126[0m pos/sec | total time [36m2046.2[0ms
Estimated time remaining in training: [36m0[0mh [36m39[0mm [36m18[0ms
LR dropped to [36m0.0005327258[0m
superbatch [36m145[0m [[35m0.0[0m% ([36m0[0m/[36m763[0m batches, [36m7718530[0m pos/sec)]
Estimated time to end of superbatch: [36minf[0ms     [Fsuperbatch [36m145[0m [[35m16.8[0m% ([36m128[0m/[36m763[0m batches, [36m7725475[0m pos/sec)]
Estimated time to end of superbatch: [36m10.9[0ms     [Fsuperbatch [36m145[0m [[35m33.6[0m% ([36m256[0m/[36m763[0m batches, [36m7721128[0m pos/sec)]
Estimated time to end of superbatch: [36m8.6[0ms     [Fsuperbatch [36m145[0m [[35m50.3[0m% ([36m384[0m/[36m763[0m batches, [36m7713550[0m pos/sec)]
Estimated time to end of superbatch: [36m6.5[0ms     [Fsuperbatch [36m145[0m [[35m67.1[0m% ([36m512[0m/[36m763[0m batches, [36m7711888[0m pos/sec)]
Estimated time to end of superbatch: [36m4.3[0ms     [Fsuperbatch [36m145[0m [[35m83.9[0m% ([36m640[0m/[36m763[0m batches, [36m7713122[0m pos/sec)]
Estimated time to end of superbatch: [36m2.1[0ms     [Fsuperbatch [36m145[0m | time [36m13.0[0ms | running loss [36m0.014433[0m | [36m7712520[0m pos/sec | total time [36m2059.2[0ms
Estimated time remaining in training: [36m0[0mh [36m39[0mm [36m3[0ms
LR dropped to [36m0.0005295032[0m
superbatch [36m146[0m [[35m0.0[0m% ([36m0[0m/[36m763[0m batches, [36m7695088[0m pos/sec)]
Estimated time to end of superbatch: [36minf[0ms     [Fsuperbatch [36m146[0m [[35m16.8[0m% ([36m128[0m/[36m763[0m batches, [36m7695216[0m pos/sec)]
Estimated time to end of superbatch: [36m10.9[0ms     [Fsuperbatch [36m146[0m [[35m33.6[0m% ([36m256[0m/[36m763[0m batches, [36m7699077[0m pos/sec)]
Estimated time to end of superbatch: [36m8.7[0ms     [Fsuperbatch [36m146[0m [[35m50.3[0m% ([36m384[0m/[36m763[0m batches, [36m7702860[0m pos/sec)]
Estimated time to end of superbatch: [36m6.5[0ms     [Fsuperbatch [36m146[0m [[35m67.1[0m% ([36m512[0m/[36m763[0m batches, [36m7704495[0m pos/sec)]
Estimated time to end of superbatch: [36m4.3[0ms     [Fsuperbatch [36m146[0m [[35m83.9[0m% ([36m640[0m/[36m763[0m batches, [36m7701216[0m pos/sec)]
Estimated time to end of superbatch: [36m2.1[0ms     [Fsuperbatch [36m146[0m | time [36m13.0[0ms | running loss [36m0.014600[0m | [36m7700490[0m pos/sec | total time [36m2072.2[0ms
Estimated time remaining in training: [36m0[0mh [36m38[0mm [36m47[0ms
LR dropped to [36m0.00052628067[0m
superbatch [36m147[0m [[35m0.0[0m% ([36m0[0m/[36m763[0m batches, [36m7691614[0m pos/sec)]
Estimated time to end of superbatch: [36minf[0ms     [Fsuperbatch [36m147[0m [[35m16.8[0m% ([36m128[0m/[36m763[0m batches, [36m7702622[0m pos/sec)]
Estimated time to end of superbatch: [36m10.9[0ms     [Fsuperbatch [36m147[0m [[35m33.6[0m% ([36m256[0m/[36m763[0m batches, [36m7703564[0m pos/sec)]
Estimated time to end of superbatch: [36m8.7[0ms     [Fsuperbatch [36m147[0m [[35m50.3[0m% ([36m384[0m/[36m763[0m batches, [36m7696541[0m pos/sec)]
Estimated time to end of superbatch: [36m6.5[0ms     [Fsuperbatch [36m147[0m [[35m67.1[0m% ([36m512[0m/[36m763[0m batches, [36m7696526[0m pos/sec)]
Estimated time to end of superbatch: [36m4.3[0ms     [Fsuperbatch [36m147[0m [[35m83.9[0m% ([36m640[0m/[36m763[0m batches, [36m7696994[0m pos/sec)]
Estimated time to end of superbatch: [36m2.1[0ms     [Fsuperbatch [36m147[0m | time [36m13.0[0ms | running loss [36m0.014498[0m | [36m7698042[0m pos/sec | total time [36m2085.2[0ms
Estimated time remaining in training: [36m0[0mh [36m38[0mm [36m32[0ms
LR dropped to [36m0.0005230581[0m
superbatch [36m148[0m [[35m0.0[0m% ([36m0[0m/[36m763[0m batches, [36m7681334[0m pos/sec)]
Estimated time to end of superbatch: [36minf[0ms     [Fsuperbatch [36m148[0m [[35m16.8[0m% ([36m128[0m/[36m763[0m batches, [36m7690932[0m pos/sec)]
Estimated time to end of superbatch: [36m10.9[0ms     [Fsuperbatch [36m148[0m [[35m33.6[0m% ([36m256[0m/[36m763[0m batches, [36m7696187[0m pos/sec)]
Estimated time to end of superbatch: [36m8.7[0ms     [Fsuperbatch [36m148[0m [[35m50.3[0m% ([36m384[0m/[36m763[0m batches, [36m7698317[0m pos/sec)]
Estimated time to end of superbatch: [36m6.5[0ms     [Fsuperbatch [36m148[0m [[35m67.1[0m% ([36m512[0m/[36m763[0m batches, [36m7692999[0m pos/sec)]
Estimated time to end of superbatch: [36m4.3[0ms     [Fsuperbatch [36m148[0m [[35m83.9[0m% ([36m640[0m/[36m763[0m batches, [36m7686518[0m pos/sec)]
Estimated time to end of superbatch: [36m2.1[0ms     [Fsuperbatch [36m148[0m | time [36m13.0[0ms | running loss [36m0.014652[0m | [36m7682727[0m pos/sec | total time [36m2098.2[0ms
Estimated time remaining in training: [36m0[0mh [36m38[0mm [36m16[0ms
LR dropped to [36m0.0005198355[0m
superbatch [36m149[0m [[35m0.0[0m% ([36m0[0m/[36m763[0m batches, [36m7669073[0m pos/sec)]
Estimated time to end of superbatch: [36minf[0ms     [Fsuperbatch [36m149[0m [[35m16.8[0m% ([36m128[0m/[36m763[0m batches, [36m7674100[0m pos/sec)]
Estimated time to end of superbatch: [36m10.9[0ms     [Fsuperbatch [36m149[0m [[35m33.6[0m% ([36m256[0m/[36m763[0m batches, [36m7677703[0m pos/sec)]
Estimated time to end of superbatch: [36m8.7[0ms     [Fsuperbatch [36m149[0m [[35m50.3[0m% ([36m384[0m/[36m763[0m batches, [36m7670252[0m pos/sec)]
Estimated time to end of superbatch: [36m6.5[0ms     [Fsuperbatch [36m149[0m [[35m67.1[0m% ([36m512[0m/[36m763[0m batches, [36m7668184[0m pos/sec)]
Estimated time to end of superbatch: [36m4.3[0ms     [Fsuperbatch [36m149[0m [[35m83.9[0m% ([36m640[0m/[36m763[0m batches, [36m7668921[0m pos/sec)]
Estimated time to end of superbatch: [36m2.1[0ms     [Fsuperbatch [36m149[0m | time [36m13.0[0ms | running loss [36m0.014495[0m | [36m7670405[0m pos/sec | total time [36m2111.2[0ms
Estimated time remaining in training: [36m0[0mh [36m38[0mm [36m1[0ms
LR dropped to [36m0.00051661296[0m
superbatch [36m150[0m [[35m0.0[0m% ([36m0[0m/[36m763[0m batches, [36m7660860[0m pos/sec)]
Estimated time to end of superbatch: [36minf[0ms     [Fsuperbatch [36m150[0m [[35m16.8[0m% ([36m128[0m/[36m763[0m batches, [36m7654163[0m pos/sec)]
Estimated time to end of superbatch: [36m11.0[0ms     [Fsuperbatch [36m150[0m [[35m33.6[0m% ([36m256[0m/[36m763[0m batches, [36m7660282[0m pos/sec)]
Estimated time to end of superbatch: [36m8.7[0ms     [Fsuperbatch [36m150[0m [[35m50.3[0m% ([36m384[0m/[36m763[0m batches, [36m7665024[0m pos/sec)]
Estimated time to end of superbatch: [36m6.5[0ms     [Fsuperbatch [36m150[0m [[35m67.1[0m% ([36m512[0m/[36m763[0m batches, [36m7668854[0m pos/sec)]
Estimated time to end of superbatch: [36m4.3[0ms     [Fsuperbatch [36m150[0m [[35m83.9[0m% ([36m640[0m/[36m763[0m batches, [36m7666331[0m pos/sec)]
Estimated time to end of superbatch: [36m2.1[0ms     [Fsuperbatch [36m150[0m | time [36m13.0[0ms | running loss [36m0.014726[0m | [36m7665764[0m pos/sec | total time [36m2124.3[0ms
Estimated time remaining in training: [36m0[0mh [36m37[0mm [36m45[0ms
LR dropped to [36m0.00051339035[0m
superbatch [36m151[0m [[35m0.0[0m% ([36m0[0m/[36m763[0m batches, [36m7656377[0m pos/sec)]
Estimated time to end of superbatch: [36minf[0ms     [Fsuperbatch [36m151[0m [[35m16.8[0m% ([36m128[0m/[36m763[0m batches, [36m7670726[0m pos/sec)]
Estimated time to end of superbatch: [36m10.9[0ms     [Fsuperbatch [36m151[0m [[35m33.6[0m% ([36m256[0m/[36m763[0m batches, [36m7673464[0m pos/sec)]
Estimated time to end of superbatch: [36m8.7[0ms     [Fsuperbatch [36m151[0m [[35m50.3[0m% ([36m384[0m/[36m763[0m batches, [36m7667059[0m pos/sec)]
Estimated time to end of superbatch: [36m6.5[0ms     [Fsuperbatch [36m151[0m [[35m67.1[0m% ([36m512[0m/[36m763[0m batches, [36m7665982[0m pos/sec)]
Estimated time to end of superbatch: [36m4.3[0ms     [Fsuperbatch [36m151[0m [[35m83.9[0m% ([36m640[0m/[36m763[0m batches, [36m7666704[0m pos/sec)]
Estimated time to end of superbatch: [36m2.1[0ms     [Fsuperbatch [36m151[0m | time [36m13.0[0ms | running loss [36m0.014549[0m | [36m7667684[0m pos/sec | total time [36m2137.3[0ms
Estimated time remaining in training: [36m0[0mh [36m37[0mm [36m30[0ms
LR dropped to [36m0.00051016774[0m
superbatch [36m152[0m [[35m0.0[0m% ([36m0[0m/[36m763[0m batches, [36m7674510[0m pos/sec)]
Estimated time to end of superbatch: [36minf[0ms     [Fsuperbatch [36m152[0m [[35m16.8[0m% ([36m128[0m/[36m763[0m batches, [36m7654912[0m pos/sec)]
Estimated time to end of superbatch: [36m11.0[0ms     [Fsuperbatch [36m152[0m [[35m33.6[0m% ([36m256[0m/[36m763[0m batches, [36m7657868[0m pos/sec)]
Estimated time to end of superbatch: [36m8.7[0ms     [Fsuperbatch [36m152[0m [[35m50.3[0m% ([36m384[0m/[36m763[0m batches, [36m7662250[0m pos/sec)]
Estimated time to end of superbatch: [36m6.5[0ms     [Fsuperbatch [36m152[0m [[35m67.1[0m% ([36m512[0m/[36m763[0m batches, [36m7665782[0m pos/sec)]
Estimated time to end of superbatch: [36m4.3[0ms     [Fsuperbatch [36m152[0m [[35m83.9[0m% ([36m640[0m/[36m763[0m batches, [36m7663618[0m pos/sec)]
Estimated time to end of superbatch: [36m2.1[0ms     [Fsuperbatch [36m152[0m | time [36m13.0[0ms | running loss [36m0.014774[0m | [36m7663545[0m pos/sec | total time [36m2150.4[0ms
Estimated time remaining in training: [36m0[0mh [36m37[0mm [36m15[0ms
LR dropped to [36m0.0005069452[0m
superbatch [36m153[0m [[35m0.0[0m% ([36m0[0m/[36m763[0m batches, [36m7665946[0m pos/sec)]
Estimated time to end of superbatch: [36minf[0ms     [Fsuperbatch [36m153[0m [[35m16.8[0m% ([36m128[0m/[36m763[0m batches, [36m7671702[0m pos/sec)]
Estimated time to end of superbatch: [36m10.9[0ms     [Fsuperbatch [36m153[0m [[35m33.6[0m% ([36m256[0m/[36m763[0m batches, [36m7672519[0m pos/sec)]
Estimated time to end of superbatch: [36m8.7[0ms     [Fsuperbatch [36m153[0m [[35m50.3[0m% ([36m384[0m/[36m763[0m batches, [36m7665830[0m pos/sec)]
Estimated time to end of superbatch: [36m6.5[0ms     [Fsuperbatch [36m153[0m [[35m67.1[0m% ([36m512[0m/[36m763[0m batches, [36m7663772[0m pos/sec)]
Estimated time to end of superbatch: [36m4.3[0ms     [Fsuperbatch [36m153[0m [[35m83.9[0m% ([36m640[0m/[36m763[0m batches, [36m7660759[0m pos/sec)]
Estimated time to end of superbatch: [36m2.1[0ms     [Fsuperbatch [36m153[0m | time [36m13.1[0ms | running loss [36m0.014616[0m | [36m7662497[0m pos/sec | total time [36m2163.4[0ms
Estimated time remaining in training: [36m0[0mh [36m36[0mm [36m59[0ms
LR dropped to [36m0.0005037226[0m
superbatch [36m154[0m [[35m0.0[0m% ([36m0[0m/[36m763[0m batches, [36m7667569[0m pos/sec)]
Estimated time to end of superbatch: [36minf[0ms     [Fsuperbatch [36m154[0m [[35m16.8[0m% ([36m128[0m/[36m763[0m batches, [36m7656040[0m pos/sec)]
Estimated time to end of superbatch: [36m11.0[0ms     [Fsuperbatch [36m154[0m [[35m33.6[0m% ([36m256[0m/[36m763[0m batches, [36m7648296[0m pos/sec)]
Estimated time to end of superbatch: [36m8.7[0ms     [Fsuperbatch [36m154[0m [[35m50.3[0m% ([36m384[0m/[36m763[0m batches, [36m7648070[0m pos/sec)]
Estimated time to end of superbatch: [36m6.5[0ms     [Fsuperbatch [36m154[0m [[35m67.1[0m% ([36m512[0m/[36m763[0m batches, [36m7650927[0m pos/sec)]
Estimated time to end of superbatch: [36m4.3[0ms     [Fsuperbatch [36m154[0m [[35m83.9[0m% ([36m640[0m/[36m763[0m batches, [36m7650289[0m pos/sec)]
Estimated time to end of superbatch: [36m2.1[0ms     [Fsuperbatch [36m154[0m | time [36m13.1[0ms | running loss [36m0.014875[0m | [36m7650256[0m pos/sec | total time [36m2176.5[0ms
Estimated time remaining in training: [36m0[0mh [36m36[0mm [36m44[0ms
LR dropped to [36m0.0005005[0m
superbatch [36m155[0m [[35m0.0[0m% ([36m0[0m/[36m763[0m batches, [36m7649232[0m pos/sec)]
Estimated time to end of superbatch: [36minf[0ms     [Fsuperbatch [36m155[0m [[35m16.8[0m% ([36m128[0m/[36m763[0m batches, [36m7658358[0m pos/sec)]
Estimated time to end of superbatch: [36m11.0[0ms     [Fsuperbatch [36m155[0m [[35m33.6[0m% ([36m256[0m/[36m763[0m batches, [36m7661242[0m pos/sec)]
Estimated time to end of superbatch: [36m8.7[0ms     [Fsuperbatch [36m155[0m [[35m50.3[0m% ([36m384[0m/[36m763[0m batches, [36m7655714[0m pos/sec)]
Estimated time to end of superbatch: [36m6.5[0ms     [Fsuperbatch [36m155[0m [[35m67.1[0m% ([36m512[0m/[36m763[0m batches, [36m7654522[0m pos/sec)]
Estimated time to end of superbatch: [36m4.3[0ms     [Fsuperbatch [36m155[0m [[35m83.9[0m% ([36m640[0m/[36m763[0m batches, [36m7654658[0m pos/sec)]
Estimated time to end of superbatch: [36m2.1[0ms     [Fsuperbatch [36m155[0m | time [36m13.1[0ms | running loss [36m0.014695[0m | [36m7656016[0m pos/sec | total time [36m2189.5[0ms
Estimated time remaining in training: [36m0[0mh [36m36[0mm [36m29[0ms
LR dropped to [36m0.0004972775[0m
superbatch [36m156[0m [[35m0.0[0m% ([36m0[0m/[36m763[0m batches, [36m7665622[0m pos/sec)]
Estimated time to end of superbatch: [36minf[0ms     [Fsuperbatch [36m156[0m [[35m16.8[0m% ([36m128[0m/[36m763[0m batches, [36m7649827[0m pos/sec)]
Estimated time to end of superbatch: [36m11.0[0ms     [Fsuperbatch [36m156[0m [[35m33.6[0m% ([36m256[0m/[36m763[0m batches, [36m7652602[0m pos/sec)]
Estimated time to end of superbatch: [36m8.7[0ms     [Fsuperbatch [36m156[0m [[35m50.3[0m% ([36m384[0m/[36m763[0m batches, [36m7655416[0m pos/sec)]
Estimated time to end of superbatch: [36m6.5[0ms     [Fsuperbatch [36m156[0m [[35m67.1[0m% ([36m512[0m/[36m763[0m batches, [36m7657818[0m pos/sec)]
Estimated time to end of superbatch: [36m4.3[0ms     [Fsuperbatch [36m156[0m [[35m83.9[0m% ([36m640[0m/[36m763[0m batches, [36m7655860[0m pos/sec)]
Estimated time to end of superbatch: [36m2.1[0ms     [Fsuperbatch [36m156[0m | time [36m13.1[0ms | running loss [36m0.014929[0m | [36m7654970[0m pos/sec | total time [36m2202.6[0ms
Estimated time remaining in training: [36m0[0mh [36m36[0mm [36m14[0ms
LR dropped to [36m0.00049405487[0m
superbatch [36m157[0m [[35m0.0[0m% ([36m0[0m/[36m763[0m batches, [36m7652447[0m pos/sec)]
Estimated time to end of superbatch: [36minf[0ms     [Fsuperbatch [36m157[0m [[35m16.8[0m% ([36m128[0m/[36m763[0m batches, [36m7656320[0m pos/sec)]
Estimated time to end of superbatch: [36m11.0[0ms     [Fsuperbatch [36m157[0m [[35m33.6[0m% ([36m256[0m/[36m763[0m batches, [36m7660038[0m pos/sec)]
Estimated time to end of superbatch: [36m8.7[0ms     [Fsuperbatch [36m157[0m [[35m50.3[0m% ([36m384[0m/[36m763[0m batches, [36m7655256[0m pos/sec)]
Estimated time to end of superbatch: [36m6.5[0ms     [Fsuperbatch [36m157[0m [[35m67.1[0m% ([36m512[0m/[36m763[0m batches, [36m7653634[0m pos/sec)]
Estimated time to end of superbatch: [36m4.3[0ms     [Fsuperbatch [36m157[0m [[35m83.9[0m% ([36m640[0m/[36m763[0m batches, [36m7654986[0m pos/sec)]
Estimated time to end of superbatch: [36m2.1[0ms     [Fsuperbatch [36m157[0m | time [36m13.1[0ms | running loss [36m0.014746[0m | [36m7656756[0m pos/sec | total time [36m2215.7[0ms
Estimated time remaining in training: [36m0[0mh [36m35[0mm [36m59[0ms
LR dropped to [36m0.0004908323[0m
superbatch [36m158[0m [[35m0.0[0m% ([36m0[0m/[36m763[0m batches, [36m7652447[0m pos/sec)]
Estimated time to end of superbatch: [36minf[0ms     [Fsuperbatch [36m158[0m [[35m16.8[0m% ([36m128[0m/[36m763[0m batches, [36m7647444[0m pos/sec)]
Estimated time to end of superbatch: [36m11.0[0ms     [Fsuperbatch [36m158[0m [[35m33.6[0m% ([36m256[0m/[36m763[0m batches, [36m7647346[0m pos/sec)]
Estimated time to end of superbatch: [36m8.7[0ms     [Fsuperbatch [36m158[0m [[35m50.3[0m% ([36m384[0m/[36m763[0m batches, [36m7647326[0m pos/sec)]
Estimated time to end of superbatch: [36m6.5[0ms     [Fsuperbatch [36m158[0m [[35m67.1[0m% ([36m512[0m/[36m763[0m batches, [36m7652484[0m pos/sec)]
Estimated time to end of superbatch: [36m4.3[0ms     [Fsuperbatch [36m158[0m [[35m83.9[0m% ([36m640[0m/[36m763[0m batches, [36m7651213[0m pos/sec)]
Estimated time to end of superbatch: [36m2.1[0ms     [Fsuperbatch [36m158[0m | time [36m13.1[0ms | running loss [36m0.014996[0m | [36m7650438[0m pos/sec | total time [36m2228.7[0ms
Estimated time remaining in training: [36m0[0mh [36m35[0mm [36m44[0ms
LR dropped to [36m0.0004876097[0m
superbatch [36m159[0m [[35m0.0[0m% ([36m0[0m/[36m763[0m batches, [36m7634556[0m pos/sec)]
Estimated time to end of superbatch: [36minf[0ms     [Fsuperbatch [36m159[0m [[35m16.8[0m% ([36m128[0m/[36m763[0m batches, [36m7655460[0m pos/sec)]
Estimated time to end of superbatch: [36m11.0[0ms     [Fsuperbatch [36m159[0m [[35m33.6[0m% ([36m256[0m/[36m763[0m batches, [36m7657564[0m pos/sec)]
Estimated time to end of superbatch: [36m8.7[0ms     [Fsuperbatch [36m159[0m [[35m50.3[0m% ([36m384[0m/[36m763[0m batches, [36m7650506[0m pos/sec)]
Estimated time to end of superbatch: [36m6.5[0ms     [Fsuperbatch [36m159[0m [[35m67.1[0m% ([36m512[0m/[36m763[0m batches, [36m7647578[0m pos/sec)]
Estimated time to end of superbatch: [36m4.3[0ms     [Fsuperbatch [36m159[0m [[35m83.9[0m% ([36m640[0m/[36m763[0m batches, [36m7647622[0m pos/sec)]
Estimated time to end of superbatch: [36m2.1[0ms     [Fsuperbatch [36m159[0m | time [36m13.1[0ms | running loss [36m0.014832[0m | [36m7648260[0m pos/sec | total time [36m2241.8[0ms
Estimated time remaining in training: [36m0[0mh [36m35[0mm [36m29[0ms
LR dropped to [36m0.00048438716[0m
superbatch [36m160[0m [[35m0.0[0m% ([36m0[0m/[36m763[0m batches, [36m7647125[0m pos/sec)]
Estimated time to end of superbatch: [36minf[0ms     [Fsuperbatch [36m160[0m [[35m16.8[0m% ([36m128[0m/[36m763[0m batches, [36m7639054[0m pos/sec)]
Estimated time to end of superbatch: [36m11.0[0ms     [Fsuperbatch [36m160[0m [[35m33.6[0m% ([36m256[0m/[36m763[0m batches, [36m7643934[0m pos/sec)]
Estimated time to end of superbatch: [36m8.7[0ms     [Fsuperbatch [36m160[0m [[35m50.3[0m% ([36m384[0m/[36m763[0m batches, [36m7647225[0m pos/sec)]
Estimated time to end of superbatch: [36m6.5[0ms     [Fsuperbatch [36m160[0m [[35m67.1[0m% ([36m512[0m/[36m763[0m batches, [36m7651014[0m pos/sec)]
Estimated time to end of superbatch: [36m4.3[0ms     [Fsuperbatch [36m160[0m [[35m83.9[0m% ([36m640[0m/[36m763[0m batches, [36m7650769[0m pos/sec)]
Estimated time to end of superbatch: [36m2.1[0ms     [Fsuperbatch [36m160[0m | time [36m13.1[0ms | running loss [36m0.015032[0m | [36m7650152[0m pos/sec | total time [36m2254.9[0ms
Estimated time remaining in training: [36m0[0mh [36m35[0mm [36m13[0ms
Saved [anna-v4-s1-160]
LR dropped to [36m0.00048116455[0m
superbatch [36m161[0m [[35m0.0[0m% ([36m0[0m/[36m763[0m batches, [36m7667892[0m pos/sec)]
Estimated time to end of superbatch: [36minf[0ms     [Fsuperbatch [36m161[0m [[35m16.8[0m% ([36m128[0m/[36m763[0m batches, [36m7670616[0m pos/sec)]
Estimated time to end of superbatch: [36m10.9[0ms     [Fsuperbatch [36m161[0m [[35m33.6[0m% ([36m256[0m/[36m763[0m batches, [36m7667564[0m pos/sec)]
Estimated time to end of superbatch: [36m8.7[0ms     [Fsuperbatch [36m161[0m [[35m50.3[0m% ([36m384[0m/[36m763[0m batches, [36m7662434[0m pos/sec)]
Estimated time to end of superbatch: [36m6.5[0ms     [Fsuperbatch [36m161[0m [[35m67.1[0m% ([36m512[0m/[36m763[0m batches, [36m7658704[0m pos/sec)]
Estimated time to end of superbatch: [36m4.3[0ms     [Fsuperbatch [36m161[0m [[35m83.9[0m% ([36m640[0m/[36m763[0m batches, [36m7658516[0m pos/sec)]
Estimated time to end of superbatch: [36m2.1[0ms     [Fsuperbatch [36m161[0m | time [36m13.1[0ms | running loss [36m0.014862[0m | [36m7658274[0m pos/sec | total time [36m2269.2[0ms
Estimated time remaining in training: [36m0[0mh [36m35[0mm [36m0[0ms
LR dropped to [36m0.000477942[0m
superbatch [36m162[0m [[35m0.0[0m% ([36m0[0m/[36m763[0m batches, [36m7651006[0m pos/sec)]
Estimated time to end of superbatch: [36minf[0ms     [Fsuperbatch [36m162[0m [[35m16.8[0m% ([36m128[0m/[36m763[0m batches, [36m7628954[0m pos/sec)]
Estimated time to end of superbatch: [36m11.0[0ms     [Fsuperbatch [36m162[0m [[35m33.6[0m% ([36m256[0m/[36m763[0m batches, [36m7623448[0m pos/sec)]
Estimated time to end of superbatch: [36m8.8[0ms     [Fsuperbatch [36m162[0m [[35m50.3[0m% ([36m384[0m/[36m763[0m batches, [36m7624236[0m pos/sec)]
Estimated time to end of superbatch: [36m6.5[0ms     [Fsuperbatch [36m162[0m [[35m67.1[0m% ([36m512[0m/[36m763[0m batches, [36m7627260[0m pos/sec)]
Estimated time to end of superbatch: [36m4.3[0ms     [Fsuperbatch [36m162[0m [[35m83.9[0m% ([36m640[0m/[36m763[0m batches, [36m7628134[0m pos/sec)]
Estimated time to end of superbatch: [36m2.1[0ms     [Fsuperbatch [36m162[0m | time [36m13.1[0ms | running loss [36m0.015134[0m | [36m7627364[0m pos/sec | total time [36m2282.3[0ms
Estimated time remaining in training: [36m0[0mh [36m34[0mm [36m45[0ms
LR dropped to [36m0.0004747194[0m
superbatch [36m163[0m [[35m0.0[0m% ([36m0[0m/[36m763[0m batches, [36m7614455[0m pos/sec)]
Estimated time to end of superbatch: [36minf[0ms     [Fsuperbatch [36m163[0m [[35m16.8[0m% ([36m128[0m/[36m763[0m batches, [36m7632060[0m pos/sec)]
Estimated time to end of superbatch: [36m11.0[0ms     [Fsuperbatch [36m163[0m [[35m33.6[0m% ([36m256[0m/[36m763[0m batches, [36m7636088[0m pos/sec)]
Estimated time to end of superbatch: [36m8.7[0ms     [Fsuperbatch [36m163[0m [[35m50.3[0m% ([36m384[0m/[36m763[0m batches, [36m7632991[0m pos/sec)]
Estimated time to end of superbatch: [36m6.5[0ms     [Fsuperbatch [36m163[0m [[35m67.1[0m% ([36m512[0m/[36m763[0m batches, [36m7629662[0m pos/sec)]
Estimated time to end of superbatch: [36m4.3[0ms     [Fsuperbatch [36m163[0m [[35m83.9[0m% ([36m640[0m/[36m763[0m batches, [36m7629180[0m pos/sec)]
Estimated time to end of superbatch: [36m2.1[0ms     [Fsuperbatch [36m163[0m | time [36m13.1[0ms | running loss [36m0.014999[0m | [36m7629948[0m pos/sec | total time [36m2295.4[0ms
Estimated time remaining in training: [36m0[0mh [36m34[0mm [36m30[0ms
LR dropped to [36m0.00047149684[0m
superbatch [36m164[0m [[35m0.0[0m% ([36m0[0m/[36m763[0m batches, [36m7651630[0m pos/sec)]
Estimated time to end of superbatch: [36minf[0ms     [Fsuperbatch [36m164[0m [[35m16.8[0m% ([36m128[0m/[36m763[0m batches, [36m7626172[0m pos/sec)]
Estimated time to end of superbatch: [36m11.0[0ms     [Fsuperbatch [36m164[0m [[35m33.6[0m% ([36m256[0m/[36m763[0m batches, [36m7621464[0m pos/sec)]
Estimated time to end of superbatch: [36m8.8[0ms     [Fsuperbatch [36m164[0m [[35m50.3[0m% ([36m384[0m/[36m763[0m batches, [36m7623940[0m pos/sec)]
Estimated time to end of superbatch: [36m6.5[0ms     [Fsuperbatch [36m164[0m [[35m67.1[0m% ([36m512[0m/[36m763[0m batches, [36m7627330[0m pos/sec)]
Estimated time to end of superbatch: [36m4.3[0ms     [Fsuperbatch [36m164[0m [[35m83.9[0m% ([36m640[0m/[36m763[0m batches, [36m7628043[0m pos/sec)]
Estimated time to end of superbatch: [36m2.1[0ms     [Fsuperbatch [36m164[0m | time [36m13.1[0ms | running loss [36m0.015211[0m | [36m7626794[0m pos/sec | total time [36m2308.5[0ms
Estimated time remaining in training: [36m0[0mh [36m34[0mm [36m15[0ms
LR dropped to [36m0.00046827417[0m
superbatch [36m165[0m [[35m0.0[0m% ([36m0[0m/[36m763[0m batches, [36m7614638[0m pos/sec)]
Estimated time to end of superbatch: [36minf[0ms     [Fsuperbatch [36m165[0m [[35m16.8[0m% ([36m128[0m/[36m763[0m batches, [36m7626018[0m pos/sec)]
Estimated time to end of superbatch: [36m11.0[0ms     [Fsuperbatch [36m165[0m [[35m33.6[0m% ([36m256[0m/[36m763[0m batches, [36m7629042[0m pos/sec)]
Estimated time to end of superbatch: [36m8.7[0ms     [Fsuperbatch [36m165[0m [[35m50.3[0m% ([36m384[0m/[36m763[0m batches, [36m7629010[0m pos/sec)]
Estimated time to end of superbatch: [36m6.5[0ms     [Fsuperbatch [36m165[0m [[35m67.1[0m% ([36m512[0m/[36m763[0m batches, [36m7627456[0m pos/sec)]
Estimated time to end of superbatch: [36m4.3[0ms     [Fsuperbatch [36m165[0m [[35m83.9[0m% ([36m640[0m/[36m763[0m batches, [36m7627762[0m pos/sec)]
Estimated time to end of superbatch: [36m2.1[0ms     [Fsuperbatch [36m165[0m | time [36m13.1[0ms | running loss [36m0.015105[0m | [36m7629072[0m pos/sec | total time [36m2321.6[0ms
Estimated time remaining in training: [36m0[0mh [36m34[0mm [36m0[0ms
LR dropped to [36m0.00046505162[0m
superbatch [36m166[0m [[35m0.0[0m% ([36m0[0m/[36m763[0m batches, [36m7624682[0m pos/sec)]
Estimated time to end of superbatch: [36minf[0ms     [Fsuperbatch [36m166[0m [[35m16.8[0m% ([36m128[0m/[36m763[0m batches, [36m7625604[0m pos/sec)]
Estimated time to end of superbatch: [36m11.0[0ms     [Fsuperbatch [36m166[0m [[35m33.6[0m% ([36m256[0m/[36m763[0m batches, [36m7620163[0m pos/sec)]
Estimated time to end of superbatch: [36m8.8[0ms     [Fsuperbatch [36m166[0m [[35m50.3[0m% ([36m384[0m/[36m763[0m batches, [36m7621546[0m pos/sec)]
Estimated time to end of superbatch: [36m6.5[0ms     [Fsuperbatch [36m166[0m [[35m67.1[0m% ([36m512[0m/[36m763[0m batches, [36m7623936[0m pos/sec)]
Estimated time to end of superbatch: [36m4.3[0ms     [Fsuperbatch [36m166[0m [[35m83.9[0m% ([36m640[0m/[36m763[0m batches, [36m7624197[0m pos/sec)]
Estimated time to end of superbatch: [36m2.1[0ms     [Fsuperbatch [36m166[0m | time [36m13.1[0ms | running loss [36m0.015299[0m | [36m7623529[0m pos/sec | total time [36m2334.8[0ms
Estimated time remaining in training: [36m0[0mh [36m33[0mm [36m45[0ms
LR dropped to [36m0.000461829[0m
superbatch [36m167[0m [[35m0.0[0m% ([36m0[0m/[36m763[0m batches, [36m7626072[0m pos/sec)]
Estimated time to end of superbatch: [36minf[0ms     [Fsuperbatch [36m167[0m [[35m16.8[0m% ([36m128[0m/[36m763[0m batches, [36m7632340[0m pos/sec)]
Estimated time to end of superbatch: [36m11.0[0ms     [Fsuperbatch [36m167[0m [[35m33.6[0m% ([36m256[0m/[36m763[0m batches, [36m7634476[0m pos/sec)]
Estimated time to end of superbatch: [36m8.7[0ms     [Fsuperbatch [36m167[0m [[35m50.3[0m% ([36m384[0m/[36m763[0m batches, [36m7634262[0m pos/sec)]
Estimated time to end of superbatch: [36m6.5[0ms     [Fsuperbatch [36m167[0m [[35m67.1[0m% ([36m512[0m/[36m763[0m batches, [36m7630344[0m pos/sec)]
Estimated time to end of superbatch: [36m4.3[0ms     [Fsuperbatch [36m167[0m [[35m83.9[0m% ([36m640[0m/[36m763[0m batches, [36m7628764[0m pos/sec)]
Estimated time to end of superbatch: [36m2.1[0ms     [Fsuperbatch [36m167[0m | time [36m13.1[0ms | running loss [36m0.015150[0m | [36m7628674[0m pos/sec | total time [36m2347.9[0ms
Estimated time remaining in training: [36m0[0mh [36m33[0mm [36m30[0ms
LR dropped to [36m0.00045860646[0m
superbatch [36m168[0m [[35m0.0[0m% ([36m0[0m/[36m763[0m batches, [36m7620281[0m pos/sec)]
Estimated time to end of superbatch: [36minf[0ms     [Fsuperbatch [36m168[0m [[35m16.8[0m% ([36m128[0m/[36m763[0m batches, [36m7623258[0m pos/sec)]
Estimated time to end of superbatch: [36m11.0[0ms     [Fsuperbatch [36m168[0m [[35m33.6[0m% ([36m256[0m/[36m763[0m batches, [36m7621577[0m pos/sec)]
Estimated time to end of superbatch: [36m8.8[0ms     [Fsuperbatch [36m168[0m [[35m50.3[0m% ([36m384[0m/[36m763[0m batches, [36m7622864[0m pos/sec)]
Estimated time to end of superbatch: [36m6.5[0ms     [Fsuperbatch [36m168[0m [[35m67.1[0m% ([36m512[0m/[36m763[0m batches, [36m7625200[0m pos/sec)]
Estimated time to end of superbatch: [36m4.3[0ms     [Fsuperbatch [36m168[0m [[35m83.9[0m% ([36m640[0m/[36m763[0m batches, [36m7625568[0m pos/sec)]
Estimated time to end of superbatch: [36m2.1[0ms     [Fsuperbatch [36m168[0m | time [36m13.1[0ms | running loss [36m0.015302[0m | [36m7624524[0m pos/sec | total time [36m2361.0[0ms
Estimated time remaining in training: [36m0[0mh [36m33[0mm [36m15[0ms
LR dropped to [36m0.00045538385[0m
superbatch [36m169[0m [[35m0.0[0m% ([36m0[0m/[36m763[0m batches, [36m7617956[0m pos/sec)]
Estimated time to end of superbatch: [36minf[0ms     [Fsuperbatch [36m169[0m [[35m16.8[0m% ([36m128[0m/[36m763[0m batches, [36m7626121[0m pos/sec)]
Estimated time to end of superbatch: [36m11.0[0ms     [Fsuperbatch [36m169[0m [[35m33.6[0m% ([36m256[0m/[36m763[0m batches, [36m7631462[0m pos/sec)]
Estimated time to end of superbatch: [36m8.7[0ms     [Fsuperbatch [36m169[0m [[35m50.3[0m% ([36m384[0m/[36m763[0m batches, [36m7631558[0m pos/sec)]
Estimated time to end of superbatch: [36m6.5[0ms     [Fsuperbatch [36m169[0m [[35m67.1[0m% ([36m512[0m/[36m763[0m batches, [36m7627505[0m pos/sec)]
Estimated time to end of superbatch: [36m4.3[0ms     [Fsuperbatch [36m169[0m [[35m83.9[0m% ([36m640[0m/[36m763[0m batches, [36m7626810[0m pos/sec)]
Estimated time to end of superbatch: [36m2.1[0ms     [Fsuperbatch [36m169[0m | time [36m13.1[0ms | running loss [36m0.015197[0m | [36m7627514[0m pos/sec | total time [36m2374.1[0ms
Estimated time remaining in training: [36m0[0mh [36m33[0mm [36m0[0ms
LR dropped to [36m0.0004521613[0m
superbatch [36m170[0m [[35m0.0[0m% ([36m0[0m/[36m763[0m batches, [36m7643558[0m pos/sec)]
Estimated time to end of superbatch: [36minf[0ms     [Fsuperbatch [36m170[0m [[35m16.8[0m% ([36m128[0m/[36m763[0m batches, [36m7631358[0m pos/sec)]
Estimated time to end of superbatch: [36m11.0[0ms     [Fsuperbatch [36m170[0m [[35m33.6[0m% ([36m256[0m/[36m763[0m batches, [36m7620292[0m pos/sec)]
Estimated time to end of superbatch: [36m8.8[0ms     [Fsuperbatch [36m170[0m [[35m50.3[0m% ([36m384[0m/[36m763[0m batches, [36m7615433[0m pos/sec)]
Estimated time to end of superbatch: [36m6.5[0ms     [Fsuperbatch [36m170[0m [[35m67.1[0m% ([36m512[0m/[36m763[0m batches, [36m7620062[0m pos/sec)]
Estimated time to end of superbatch: [36m4.3[0ms     [Fsuperbatch [36m170[0m [[35m83.9[0m% ([36m640[0m/[36m763[0m batches, [36m7622174[0m pos/sec)]
Estimated time to end of superbatch: [36m2.1[0ms     [Fsuperbatch [36m170[0m | time [36m13.1[0ms | running loss [36m0.015374[0m | [36m7618503[0m pos/sec | total time [36m2387.2[0ms
Estimated time remaining in training: [36m0[0mh [36m32[0mm [36m45[0ms
LR dropped to [36m0.00044893875[0m
superbatch [36m171[0m [[35m0.0[0m% ([36m0[0m/[36m763[0m batches, [36m7621996[0m pos/sec)]
Estimated time to end of superbatch: [36minf[0ms     [Fsuperbatch [36m171[0m [[35m16.8[0m% ([36m128[0m/[36m763[0m batches, [36m7596494[0m pos/sec)]
Estimated time to end of superbatch: [36m11.0[0ms     [Fsuperbatch [36m171[0m [[35m33.6[0m% ([36m256[0m/[36m763[0m batches, [36m7613504[0m pos/sec)]
Estimated time to end of superbatch: [36m8.8[0ms     [Fsuperbatch [36m171[0m [[35m50.3[0m% ([36m384[0m/[36m763[0m batches, [36m7611761[0m pos/sec)]
Estimated time to end of superbatch: [36m6.5[0ms     [Fsuperbatch [36m171[0m [[35m67.1[0m% ([36m512[0m/[36m763[0m batches, [36m7602916[0m pos/sec)]
Estimated time to end of superbatch: [36m4.3[0ms     [Fsuperbatch [36m171[0m [[35m83.9[0m% ([36m640[0m/[36m763[0m batches, [36m7599114[0m pos/sec)]
Estimated time to end of superbatch: [36m2.1[0ms     [Fsuperbatch [36m171[0m | time [36m13.2[0ms | running loss [36m0.015304[0m | [36m7602657[0m pos/sec | total time [36m2400.4[0ms
Estimated time remaining in training: [36m0[0mh [36m32[0mm [36m31[0ms
LR dropped to [36m0.00044571614[0m
superbatch [36m172[0m [[35m0.0[0m% ([36m0[0m/[36m763[0m batches, [36m7626364[0m pos/sec)]
Estimated time to end of superbatch: [36minf[0ms     [Fsuperbatch [36m172[0m [[35m16.8[0m% ([36m128[0m/[36m763[0m batches, [36m7618973[0m pos/sec)]
Estimated time to end of superbatch: [36m11.0[0ms     [Fsuperbatch [36m172[0m [[35m33.6[0m% ([36m256[0m/[36m763[0m batches, [36m7615760[0m pos/sec)]
Estimated time to end of superbatch: [36m8.8[0ms     [Fsuperbatch [36m172[0m [[35m50.3[0m% ([36m384[0m/[36m763[0m batches, [36m7618644[0m pos/sec)]
Estimated time to end of superbatch: [36m6.5[0ms     [Fsuperbatch [36m172[0m [[35m67.1[0m% ([36m512[0m/[36m763[0m batches, [36m7621869[0m pos/sec)]
Estimated time to end of superbatch: [36m4.3[0ms     [Fsuperbatch [36m172[0m [[35m83.9[0m% ([36m640[0m/[36m763[0m batches, [36m7623602[0m pos/sec)]
Estimated time to end of superbatch: [36m2.1[0ms     [Fsuperbatch [36m172[0m | time [36m13.1[0ms | running loss [36m0.015395[0m | [36m7621120[0m pos/sec | total time [36m2413.5[0ms
Estimated time remaining in training: [36m0[0mh [36m32[0mm [36m16[0ms
LR dropped to [36m0.0004424936[0m
superbatch [36m173[0m [[35m0.0[0m% ([36m0[0m/[36m763[0m batches, [36m7612598[0m pos/sec)]
Estimated time to end of superbatch: [36minf[0ms     [Fsuperbatch [36m173[0m [[35m16.8[0m% ([36m128[0m/[36m763[0m batches, [36m7614928[0m pos/sec)]
Estimated time to end of superbatch: [36m11.0[0ms     [Fsuperbatch [36m173[0m [[35m33.6[0m% ([36m256[0m/[36m763[0m batches, [36m7619560[0m pos/sec)]
Estimated time to end of superbatch: [36m8.8[0ms     [Fsuperbatch [36m173[0m [[35m50.3[0m% ([36m384[0m/[36m763[0m batches, [36m7622230[0m pos/sec)]
Estimated time to end of superbatch: [36m6.5[0ms     [Fsuperbatch [36m173[0m [[35m67.1[0m% ([36m512[0m/[36m763[0m batches, [36m7619556[0m pos/sec)]
Estimated time to end of superbatch: [36m4.3[0ms     [Fsuperbatch [36m173[0m [[35m83.9[0m% ([36m640[0m/[36m763[0m batches, [36m7619990[0m pos/sec)]
Estimated time to end of superbatch: [36m2.1[0ms     [Fsuperbatch [36m173[0m | time [36m13.1[0ms | running loss [36m0.015385[0m | [36m7621774[0m pos/sec | total time [36m2426.6[0ms
Estimated time remaining in training: [36m0[0mh [36m32[0mm [36m1[0ms
LR dropped to [36m0.00043927098[0m
superbatch [36m174[0m [[35m0.0[0m% ([36m0[0m/[36m763[0m batches, [36m7640700[0m pos/sec)]
Estimated time to end of superbatch: [36minf[0ms     [Fsuperbatch [36m174[0m [[35m16.8[0m% ([36m128[0m/[36m763[0m batches, [36m7632570[0m pos/sec)]
Estimated time to end of superbatch: [36m11.0[0ms     [Fsuperbatch [36m174[0m [[35m33.6[0m% ([36m256[0m/[36m763[0m batches, [36m7622614[0m pos/sec)]
Estimated time to end of superbatch: [36m8.8[0ms     [Fsuperbatch [36m174[0m [[35m50.3[0m% ([36m384[0m/[36m763[0m batches, [36m7620582[0m pos/sec)]
Estimated time to end of superbatch: [36m6.5[0ms     [Fsuperbatch [36m174[0m [[35m67.1[0m% ([36m512[0m/[36m763[0m batches, [36m7619792[0m pos/sec)]
Estimated time to end of superbatch: [36m4.3[0ms     [Fsuperbatch [36m174[0m [[35m83.9[0m% ([36m640[0m/[36m763[0m batches, [36m7620363[0m pos/sec)]
Estimated time to end of superbatch: [36m2.1[0ms     [Fsuperbatch [36m174[0m | time [36m13.1[0ms | running loss [36m0.015509[0m | [36m7615886[0m pos/sec | total time [36m2439.8[0ms
Estimated time remaining in training: [36m0[0mh [36m31[0mm [36m46[0ms
LR dropped to [36m0.00043604843[0m
superbatch [36m175[0m [[35m0.0[0m% ([36m0[0m/[36m763[0m batches, [36m7600930[0m pos/sec)]
Estimated time to end of superbatch: [36minf[0ms     [Fsuperbatch [36m175[0m [[35m16.8[0m% ([36m128[0m/[36m763[0m batches, [36m7612968[0m pos/sec)]
Estimated time to end of superbatch: [36m11.0[0ms     [Fsuperbatch [36m175[0m [[35m33.6[0m% ([36m256[0m/[36m763[0m batches, [36m7617658[0m pos/sec)]
Estimated time to end of superbatch: [36m8.8[0ms     [Fsuperbatch [36m175[0m [[35m50.3[0m% ([36m384[0m/[36m763[0m batches, [36m7617556[0m pos/sec)]
Estimated time to end of superbatch: [36m6.5[0ms     [Fsuperbatch [36m175[0m [[35m67.1[0m% ([36m512[0m/[36m763[0m batches, [36m7607924[0m pos/sec)]
Estimated time to end of superbatch: [36m4.3[0ms     [Fsuperbatch [36m175[0m [[35m83.9[0m% ([36m640[0m/[36m763[0m batches, [36m7609881[0m pos/sec)]
Estimated time to end of superbatch: [36m2.1[0ms     [Fsuperbatch [36m175[0m | time [36m13.1[0ms | running loss [36m0.015460[0m | [36m7612492[0m pos/sec | total time [36m2452.9[0ms
Estimated time remaining in training: [36m0[0mh [36m31[0mm [36m32[0ms
LR dropped to [36m0.00043282582[0m
superbatch [36m176[0m [[35m0.0[0m% ([36m0[0m/[36m763[0m batches, [36m7631160[0m pos/sec)]
Estimated time to end of superbatch: [36minf[0ms     [Fsuperbatch [36m176[0m [[35m16.8[0m% ([36m128[0m/[36m763[0m batches, [36m7628766[0m pos/sec)]
Estimated time to end of superbatch: [36m11.0[0ms     [Fsuperbatch [36m176[0m [[35m33.6[0m% ([36m256[0m/[36m763[0m batches, [36m7617742[0m pos/sec)]
Estimated time to end of superbatch: [36m8.8[0ms     [Fsuperbatch [36m176[0m [[35m50.3[0m% ([36m384[0m/[36m763[0m batches, [36m7617280[0m pos/sec)]
Estimated time to end of superbatch: [36m6.5[0ms     [Fsuperbatch [36m176[0m [[35m67.1[0m% ([36m512[0m/[36m763[0m batches, [36m7618067[0m pos/sec)]
Estimated time to end of superbatch: [36m4.3[0ms     [Fsuperbatch [36m176[0m [[35m83.9[0m% ([36m640[0m/[36m763[0m batches, [36m7619862[0m pos/sec)]
Estimated time to end of superbatch: [36m2.1[0ms     [Fsuperbatch [36m176[0m | time [36m13.1[0ms | running loss [36m0.015549[0m | [36m7618984[0m pos/sec | total time [36m2466.0[0ms
Estimated time remaining in training: [36m0[0mh [36m31[0mm [36m17[0ms
LR dropped to [36m0.00042960327[0m
superbatch [36m177[0m [[35m0.0[0m% ([36m0[0m/[36m763[0m batches, [36m7607617[0m pos/sec)]
Estimated time to end of superbatch: [36minf[0ms     [Fsuperbatch [36m177[0m [[35m16.8[0m% ([36m128[0m/[36m763[0m batches, [36m7621416[0m pos/sec)]
Estimated time to end of superbatch: [36m11.0[0ms     [Fsuperbatch [36m177[0m [[35m33.6[0m% ([36m256[0m/[36m763[0m batches, [36m7621236[0m pos/sec)]
Estimated time to end of superbatch: [36m8.8[0ms     [Fsuperbatch [36m177[0m [[35m50.3[0m% ([36m384[0m/[36m763[0m batches, [36m7624283[0m pos/sec)]
Estimated time to end of superbatch: [36m6.5[0ms     [Fsuperbatch [36m177[0m [[35m67.1[0m% ([36m512[0m/[36m763[0m batches, [36m7616662[0m pos/sec)]
Estimated time to end of superbatch: [36m4.3[0ms     [Fsuperbatch [36m177[0m [[35m83.9[0m% ([36m640[0m/[36m763[0m batches, [36m7612810[0m pos/sec)]
Estimated time to end of superbatch: [36m2.1[0ms     [Fsuperbatch [36m177[0m | time [36m13.1[0ms | running loss [36m0.015548[0m | [36m7611914[0m pos/sec | total time [36m2479.2[0ms
Estimated time remaining in training: [36m0[0mh [36m31[0mm [36m2[0ms
LR dropped to [36m0.00042638066[0m
superbatch [36m178[0m [[35m0.0[0m% ([36m0[0m/[36m763[0m batches, [36m7604904[0m pos/sec)]
Estimated time to end of superbatch: [36minf[0ms     [Fsuperbatch [36m178[0m [[35m16.8[0m% ([36m128[0m/[36m763[0m batches, [36m7611215[0m pos/sec)]
Estimated time to end of superbatch: [36m11.0[0ms     [Fsuperbatch [36m178[0m [[35m33.6[0m% ([36m256[0m/[36m763[0m batches, [36m7601268[0m pos/sec)]
Estimated time to end of superbatch: [36m8.8[0ms     [Fsuperbatch [36m178[0m [[35m50.3[0m% ([36m384[0m/[36m763[0m batches, [36m7600314[0m pos/sec)]
Estimated time to end of superbatch: [36m6.6[0ms     [Fsuperbatch [36m178[0m [[35m67.1[0m% ([36m512[0m/[36m763[0m batches, [36m7601384[0m pos/sec)]
Estimated time to end of superbatch: [36m4.3[0ms     [Fsuperbatch [36m178[0m [[35m83.9[0m% ([36m640[0m/[36m763[0m batches, [36m7603198[0m pos/sec)]
Estimated time to end of superbatch: [36m2.1[0ms     [Fsuperbatch [36m178[0m | time [36m13.2[0ms | running loss [36m0.015685[0m | [36m7601084[0m pos/sec | total time [36m2492.3[0ms
Estimated time remaining in training: [36m0[0mh [36m30[0mm [36m48[0ms
LR dropped to [36m0.0004231581[0m
superbatch [36m179[0m [[35m0.0[0m% ([36m0[0m/[36m763[0m batches, [36m7600647[0m pos/sec)]
Estimated time to end of superbatch: [36minf[0ms     [Fsuperbatch [36m179[0m [[35m16.8[0m% ([36m128[0m/[36m763[0m batches, [36m7597130[0m pos/sec)]
Estimated time to end of superbatch: [36m11.0[0ms     [Fsuperbatch [36m179[0m [[35m33.6[0m% ([36m256[0m/[36m763[0m batches, [36m7598706[0m pos/sec)]
Estimated time to end of superbatch: [36m8.8[0ms     [Fsuperbatch [36m179[0m [[35m50.3[0m% ([36m384[0m/[36m763[0m batches, [36m7601422[0m pos/sec)]
Estimated time to end of superbatch: [36m6.6[0ms     [Fsuperbatch [36m179[0m [[35m67.1[0m% ([36m512[0m/[36m763[0m batches, [36m7598889[0m pos/sec)]
Estimated time to end of superbatch: [36m4.3[0ms     [Fsuperbatch [36m179[0m [[35m83.9[0m% ([36m640[0m/[36m763[0m batches, [36m7597960[0m pos/sec)]
Estimated time to end of superbatch: [36m2.1[0ms     [Fsuperbatch [36m179[0m | time [36m13.2[0ms | running loss [36m0.015667[0m | [36m7598844[0m pos/sec | total time [36m2505.5[0ms
Estimated time remaining in training: [36m0[0mh [36m30[0mm [36m33[0ms
LR dropped to [36m0.0004199355[0m
superbatch [36m180[0m [[35m0.0[0m% ([36m0[0m/[36m763[0m batches, [36m7608152[0m pos/sec)]
Estimated time to end of superbatch: [36minf[0ms     [Fsuperbatch [36m180[0m [[35m16.8[0m% ([36m128[0m/[36m763[0m batches, [36m7609368[0m pos/sec)]
Estimated time to end of superbatch: [36m11.0[0ms     [Fsuperbatch [36m180[0m [[35m33.6[0m% ([36m256[0m/[36m763[0m batches, [36m7595286[0m pos/sec)]
Estimated time to end of superbatch: [36m8.8[0ms     [Fsuperbatch [36m180[0m [[35m50.3[0m% ([36m384[0m/[36m763[0m batches, [36m7592421[0m pos/sec)]
Estimated time to end of superbatch: [36m6.6[0ms     [Fsuperbatch [36m180[0m [[35m67.1[0m% ([36m512[0m/[36m763[0m batches, [36m7591960[0m pos/sec)]
Estimated time to end of superbatch: [36m4.3[0ms     [Fsuperbatch [36m180[0m [[35m83.9[0m% ([36m640[0m/[36m763[0m batches, [36m7592784[0m pos/sec)]
Estimated time to end of superbatch: [36m2.1[0ms     [Fsuperbatch [36m180[0m | time [36m13.2[0ms | running loss [36m0.015757[0m | [36m7592526[0m pos/sec | total time [36m2518.6[0ms
Estimated time remaining in training: [36m0[0mh [36m30[0mm [36m19[0ms
Saved [anna-v4-s1-180]
LR dropped to [36m0.00041671295[0m
superbatch [36m181[0m [[35m0.0[0m% ([36m0[0m/[36m763[0m batches, [36m7609226[0m pos/sec)]
Estimated time to end of superbatch: [36minf[0ms     [Fsuperbatch [36m181[0m [[35m16.8[0m% ([36m128[0m/[36m763[0m batches, [36m7595518[0m pos/sec)]
Estimated time to end of superbatch: [36m11.0[0ms     [Fsuperbatch [36m181[0m [[35m33.6[0m% ([36m256[0m/[36m763[0m batches, [36m7599715[0m pos/sec)]
Estimated time to end of superbatch: [36m8.8[0ms     [Fsuperbatch [36m181[0m [[35m50.3[0m% ([36m384[0m/[36m763[0m batches, [36m7601960[0m pos/sec)]
Estimated time to end of superbatch: [36m6.6[0ms     [Fsuperbatch [36m181[0m [[35m67.1[0m% ([36m512[0m/[36m763[0m batches, [36m7598816[0m pos/sec)]
Estimated time to end of superbatch: [36m4.3[0ms     [Fsuperbatch [36m181[0m [[35m83.9[0m% ([36m640[0m/[36m763[0m batches, [36m7597504[0m pos/sec)]
Estimated time to end of superbatch: [36m2.1[0ms     [Fsuperbatch [36m181[0m | time [36m13.2[0ms | running loss [36m0.015752[0m | [36m7597278[0m pos/sec | total time [36m2533.0[0ms
Estimated time remaining in training: [36m0[0mh [36m30[0mm [36m5[0ms
LR dropped to [36m0.00041349034[0m
superbatch [36m182[0m [[35m0.0[0m% ([36m0[0m/[36m763[0m batches, [36m7589272[0m pos/sec)]
Estimated time to end of superbatch: [36minf[0ms     [Fsuperbatch [36m182[0m [[35m16.8[0m% ([36m128[0m/[36m763[0m batches, [36m7600877[0m pos/sec)]
Estimated time to end of superbatch: [36m11.0[0ms     [Fsuperbatch [36m182[0m [[35m33.6[0m% ([36m256[0m/[36m763[0m batches, [36m7595612[0m pos/sec)]
Estimated time to end of superbatch: [36m8.8[0ms     [Fsuperbatch [36m182[0m [[35m50.3[0m% ([36m384[0m/[36m763[0m batches, [36m7594071[0m pos/sec)]
Estimated time to end of superbatch: [36m6.6[0ms     [Fsuperbatch [36m182[0m [[35m67.1[0m% ([36m512[0m/[36m763[0m batches, [36m7595614[0m pos/sec)]
Estimated time to end of superbatch: [36m4.3[0ms     [Fsuperbatch [36m182[0m [[35m83.9[0m% ([36m640[0m/[36m763[0m batches, [36m7596342[0m pos/sec)]
Estimated time to end of superbatch: [36m2.1[0ms     [Fsuperbatch [36m182[0m | time [36m13.2[0ms | running loss [36m0.015798[0m | [36m7595306[0m pos/sec | total time [36m2546.2[0ms
Estimated time remaining in training: [36m0[0mh [36m29[0mm [36m50[0ms
LR dropped to [36m0.0004102678[0m
superbatch [36m183[0m [[35m0.0[0m% ([36m0[0m/[36m763[0m batches, [36m7580011[0m pos/sec)]
Estimated time to end of superbatch: [36minf[0ms     [Fsuperbatch [36m183[0m [[35m16.8[0m% ([36m128[0m/[36m763[0m batches, [36m7590540[0m pos/sec)]
Estimated time to end of superbatch: [36m11.1[0ms     [Fsuperbatch [36m183[0m [[35m33.6[0m% ([36m256[0m/[36m763[0m batches, [36m7596059[0m pos/sec)]
Estimated time to end of superbatch: [36m8.8[0ms     [Fsuperbatch [36m183[0m [[35m50.3[0m% ([36m384[0m/[36m763[0m batches, [36m7599026[0m pos/sec)]
Estimated time to end of superbatch: [36m6.6[0ms     [Fsuperbatch [36m183[0m [[35m67.1[0m% ([36m512[0m/[36m763[0m batches, [36m7598324[0m pos/sec)]
Estimated time to end of superbatch: [36m4.3[0ms     [Fsuperbatch [36m183[0m [[35m83.9[0m% ([36m640[0m/[36m763[0m batches, [36m7597520[0m pos/sec)]
Estimated time to end of superbatch: [36m2.1[0ms     [Fsuperbatch [36m183[0m | time [36m13.2[0ms | running loss [36m0.015808[0m | [36m7598463[0m pos/sec | total time [36m2559.4[0ms
Estimated time remaining in training: [36m0[0mh [36m29[0mm [36m36[0ms
LR dropped to [36m0.00040704524[0m
superbatch [36m184[0m [[35m0.0[0m% ([36m0[0m/[36m763[0m batches, [36m7606956[0m pos/sec)]
Estimated time to end of superbatch: [36minf[0ms     [Fsuperbatch [36m184[0m [[35m16.8[0m% ([36m128[0m/[36m763[0m batches, [36m7608015[0m pos/sec)]
Estimated time to end of superbatch: [36m11.0[0ms     [Fsuperbatch [36m184[0m [[35m33.6[0m% ([36m256[0m/[36m763[0m batches, [36m7601408[0m pos/sec)]
Estimated time to end of superbatch: [36m8.8[0ms     [Fsuperbatch [36m184[0m [[35m50.3[0m% ([36m384[0m/[36m763[0m batches, [36m7597897[0m pos/sec)]
Estimated time to end of superbatch: [36m6.6[0ms     [Fsuperbatch [36m184[0m [[35m67.1[0m% ([36m512[0m/[36m763[0m batches, [36m7597814[0m pos/sec)]
Estimated time to end of superbatch: [36m4.3[0ms     [Fsuperbatch [36m184[0m [[35m83.9[0m% ([36m640[0m/[36m763[0m batches, [36m7598066[0m pos/sec)]
Estimated time to end of superbatch: [36m2.1[0ms     [Fsuperbatch [36m184[0m | time [36m13.2[0ms | running loss [36m0.015844[0m | [36m7596138[0m pos/sec | total time [36m2572.5[0ms
Estimated time remaining in training: [36m0[0mh [36m29[0mm [36m21[0ms
LR dropped to [36m0.00040382257[0m
superbatch [36m185[0m [[35m0.0[0m% ([36m0[0m/[36m763[0m batches, [36m7583914[0m pos/sec)]
Estimated time to end of superbatch: [36minf[0ms     [Fsuperbatch [36m185[0m [[35m16.8[0m% ([36m128[0m/[36m763[0m batches, [36m7579074[0m pos/sec)]
Estimated time to end of superbatch: [36m11.1[0ms     [Fsuperbatch [36m185[0m [[35m33.6[0m% ([36m256[0m/[36m763[0m batches, [36m7585958[0m pos/sec)]
Estimated time to end of superbatch: [36m8.8[0ms     [Fsuperbatch [36m185[0m [[35m50.3[0m% ([36m384[0m/[36m763[0m batches, [36m7590442[0m pos/sec)]
Estimated time to end of superbatch: [36m6.6[0ms     [Fsuperbatch [36m185[0m [[35m67.1[0m% ([36m512[0m/[36m763[0m batches, [36m7588840[0m pos/sec)]
Estimated time to end of superbatch: [36m4.3[0ms     [Fsuperbatch [36m185[0m [[35m83.9[0m% ([36m640[0m/[36m763[0m batches, [36m7587582[0m pos/sec)]
Estimated time to end of superbatch: [36m2.1[0ms     [Fsuperbatch [36m185[0m | time [36m13.2[0ms | running loss [36m0.015908[0m | [36m7588081[0m pos/sec | total time [36m2585.7[0ms
Estimated time remaining in training: [36m0[0mh [36m29[0mm [36m7[0ms
LR dropped to [36m0.00040060002[0m
superbatch [36m186[0m [[35m0.0[0m% ([36m0[0m/[36m763[0m batches, [36m7588604[0m pos/sec)]
Estimated time to end of superbatch: [36minf[0ms     [Fsuperbatch [36m186[0m [[35m16.8[0m% ([36m128[0m/[36m763[0m batches, [36m7589534[0m pos/sec)]
Estimated time to end of superbatch: [36m11.1[0ms     [Fsuperbatch [36m186[0m [[35m33.6[0m% ([36m256[0m/[36m763[0m batches, [36m7583604[0m pos/sec)]
Estimated time to end of superbatch: [36m8.8[0ms     [Fsuperbatch [36m186[0m [[35m50.3[0m% ([36m384[0m/[36m763[0m batches, [36m7580929[0m pos/sec)]
Estimated time to end of superbatch: [36m6.6[0ms     [Fsuperbatch [36m186[0m [[35m67.1[0m% ([36m512[0m/[36m763[0m batches, [36m7581942[0m pos/sec)]
Estimated time to end of superbatch: [36m4.3[0ms     [Fsuperbatch [36m186[0m [[35m83.9[0m% ([36m640[0m/[36m763[0m batches, [36m7584243[0m pos/sec)]
Estimated time to end of superbatch: [36m2.1[0ms     [Fsuperbatch [36m186[0m | time [36m13.2[0ms | running loss [36m0.015918[0m | [36m7583968[0m pos/sec | total time [36m2598.9[0ms
Estimated time remaining in training: [36m0[0mh [36m28[0mm [36m52[0ms
LR dropped to [36m0.00039737741[0m
superbatch [36m187[0m [[35m0.0[0m% ([36m0[0m/[36m763[0m batches, [36m7572382[0m pos/sec)]
Estimated time to end of superbatch: [36minf[0ms     [Fsuperbatch [36m187[0m [[35m16.8[0m% ([36m128[0m/[36m763[0m batches, [36m7581755[0m pos/sec)]
Estimated time to end of superbatch: [36m11.1[0ms     [Fsuperbatch [36m187[0m [[35m33.6[0m% ([36m256[0m/[36m763[0m batches, [36m7584158[0m pos/sec)]
Estimated time to end of superbatch: [36m8.8[0ms     [Fsuperbatch [36m187[0m [[35m50.3[0m% ([36m384[0m/[36m763[0m batches, [36m7587657[0m pos/sec)]
Estimated time to end of superbatch: [36m6.6[0ms     [Fsuperbatch [36m187[0m [[35m67.1[0m% ([36m512[0m/[36m763[0m batches, [36m7587434[0m pos/sec)]
Estimated time to end of superbatch: [36m4.3[0ms     [Fsuperbatch [36m187[0m [[35m83.9[0m% ([36m640[0m/[36m763[0m batches, [36m7585625[0m pos/sec)]
Estimated time to end of superbatch: [36m2.1[0ms     [Fsuperbatch [36m187[0m | time [36m13.2[0ms | running loss [36m0.015973[0m | [36m7586048[0m pos/sec | total time [36m2612.1[0ms
Estimated time remaining in training: [36m0[0mh [36m28[0mm [36m38[0ms
LR dropped to [36m0.00039415486[0m
superbatch [36m188[0m [[35m0.0[0m% ([36m0[0m/[36m763[0m batches, [36m7575297[0m pos/sec)]
Estimated time to end of superbatch: [36minf[0ms     [Fsuperbatch [36m188[0m [[35m16.8[0m% ([36m128[0m/[36m763[0m batches, [36m7597137[0m pos/sec)]
Estimated time to end of superbatch: [36m11.0[0ms     [Fsuperbatch [36m188[0m [[35m33.6[0m% ([36m256[0m/[36m763[0m batches, [36m7594734[0m pos/sec)]
Estimated time to end of superbatch: [36m8.8[0ms     [Fsuperbatch [36m188[0m [[35m50.3[0m% ([36m384[0m/[36m763[0m batches, [36m7590848[0m pos/sec)]
Estimated time to end of superbatch: [36m6.6[0ms     [Fsuperbatch [36m188[0m [[35m67.1[0m% ([36m512[0m/[36m763[0m batches, [36m7591346[0m pos/sec)]
Estimated time to end of superbatch: [36m4.3[0ms     [Fsuperbatch [36m188[0m [[35m83.9[0m% ([36m640[0m/[36m763[0m batches, [36m7593174[0m pos/sec)]
Estimated time to end of superbatch: [36m2.1[0ms     [Fsuperbatch [36m188[0m | time [36m13.8[0ms | running loss [36m0.015977[0m | [36m7243180[0m pos/sec | total time [36m2625.9[0ms
Estimated time remaining in training: [36m0[0mh [36m28[0mm [36m24[0ms
LR dropped to [36m0.00039093225[0m
superbatch [36m189[0m [[35m0.0[0m% ([36m0[0m/[36m763[0m batches, [36m7570444[0m pos/sec)]
Estimated time to end of superbatch: [36minf[0ms     [Fsuperbatch [36m189[0m [[35m16.8[0m% ([36m128[0m/[36m763[0m batches, [36m7582740[0m pos/sec)]
Estimated time to end of superbatch: [36m11.1[0ms     [Fsuperbatch [36m189[0m [[35m33.6[0m% ([36m256[0m/[36m763[0m batches, [36m7586286[0m pos/sec)]
Estimated time to end of superbatch: [36m8.8[0ms     [Fsuperbatch [36m189[0m [[35m50.3[0m% ([36m384[0m/[36m763[0m batches, [36m7588760[0m pos/sec)]
Estimated time to end of superbatch: [36m6.6[0ms     [Fsuperbatch [36m189[0m [[35m67.1[0m% ([36m512[0m/[36m763[0m batches, [36m7517734[0m pos/sec)]
Estimated time to end of superbatch: [36m4.4[0ms     [Fsuperbatch [36m189[0m [[35m83.9[0m% ([36m640[0m/[36m763[0m batches, [36m7530350[0m pos/sec)]
Estimated time to end of superbatch: [36m2.1[0ms     [Fsuperbatch [36m189[0m | time [36m13.3[0ms | running loss [36m0.016038[0m | [36m7539456[0m pos/sec | total time [36m2639.2[0ms
Estimated time remaining in training: [36m0[0mh [36m28[0mm [36m9[0ms
LR dropped to [36m0.0003877097[0m
superbatch [36m190[0m [[35m0.0[0m% ([36m0[0m/[36m763[0m batches, [36m7582391[0m pos/sec)]
Estimated time to end of superbatch: [36minf[0ms     [Fsuperbatch [36m190[0m [[35m16.8[0m% ([36m128[0m/[36m763[0m batches, [36m7591911[0m pos/sec)]
Estimated time to end of superbatch: [36m11.0[0ms     [Fsuperbatch [36m190[0m [[35m33.6[0m% ([36m256[0m/[36m763[0m batches, [36m7587774[0m pos/sec)]
Estimated time to end of superbatch: [36m8.8[0ms     [Fsuperbatch [36m190[0m [[35m50.3[0m% ([36m384[0m/[36m763[0m batches, [36m7579269[0m pos/sec)]
Estimated time to end of superbatch: [36m6.6[0ms     [Fsuperbatch [36m190[0m [[35m67.1[0m% ([36m512[0m/[36m763[0m batches, [36m7576238[0m pos/sec)]
Estimated time to end of superbatch: [36m4.4[0ms     [Fsuperbatch [36m190[0m [[35m83.9[0m% ([36m640[0m/[36m763[0m batches, [36m7576778[0m pos/sec)]
Estimated time to end of superbatch: [36m2.1[0ms     [Fsuperbatch [36m190[0m | time [36m13.2[0ms | running loss [36m0.016010[0m | [36m7576416[0m pos/sec | total time [36m2652.4[0ms
Estimated time remaining in training: [36m0[0mh [36m27[0mm [36m55[0ms
LR dropped to [36m0.0003844871[0m
superbatch [36m191[0m [[35m0.0[0m% ([36m0[0m/[36m763[0m batches, [36m7557136[0m pos/sec)]
Estimated time to end of superbatch: [36minf[0ms     [Fsuperbatch [36m191[0m [[35m16.8[0m% ([36m128[0m/[36m763[0m batches, [36m7564990[0m pos/sec)]
Estimated time to end of superbatch: [36m11.1[0ms     [Fsuperbatch [36m191[0m [[35m33.6[0m% ([36m256[0m/[36m763[0m batches, [36m7556004[0m pos/sec)]
Estimated time to end of superbatch: [36m8.8[0ms     [Fsuperbatch [36m191[0m [[35m50.3[0m% ([36m384[0m/[36m763[0m batches, [36m7558339[0m pos/sec)]
Estimated time to end of superbatch: [36m6.6[0ms     [Fsuperbatch [36m191[0m [[35m67.1[0m% ([36m512[0m/[36m763[0m batches, [36m7561648[0m pos/sec)]
Estimated time to end of superbatch: [36m4.4[0ms     [Fsuperbatch [36m191[0m [[35m83.9[0m% ([36m640[0m/[36m763[0m batches, [36m7561922[0m pos/sec)]
Estimated time to end of superbatch: [36m2.1[0ms     [Fsuperbatch [36m191[0m | time [36m13.2[0ms | running loss [36m0.016108[0m | [36m7559844[0m pos/sec | total time [36m2665.6[0ms
Estimated time remaining in training: [36m0[0mh [36m27[0mm [36m40[0ms
LR dropped to [36m0.00038126454[0m
superbatch [36m192[0m [[35m0.0[0m% ([36m0[0m/[36m763[0m batches, [36m7586583[0m pos/sec)]
Estimated time to end of superbatch: [36minf[0ms     [Fsuperbatch [36m192[0m [[35m16.8[0m% ([36m128[0m/[36m763[0m batches, [36m7584751[0m pos/sec)]
Estimated time to end of superbatch: [36m11.1[0ms     [Fsuperbatch [36m192[0m [[35m33.6[0m% ([36m256[0m/[36m763[0m batches, [36m7565975[0m pos/sec)]
Estimated time to end of superbatch: [36m8.8[0ms     [Fsuperbatch [36m192[0m [[35m50.3[0m% ([36m384[0m/[36m763[0m batches, [36m7566448[0m pos/sec)]
Estimated time to end of superbatch: [36m6.6[0ms     [Fsuperbatch [36m192[0m [[35m67.1[0m% ([36m512[0m/[36m763[0m batches, [36m7559692[0m pos/sec)]
Estimated time to end of superbatch: [36m4.4[0ms     [Fsuperbatch [36m192[0m [[35m83.9[0m% ([36m640[0m/[36m763[0m batches, [36m7559726[0m pos/sec)]
Estimated time to end of superbatch: [36m2.1[0ms     [Fsuperbatch [36m192[0m | time [36m13.2[0ms | running loss [36m0.016088[0m | [36m7561521[0m pos/sec | total time [36m2678.8[0ms
Estimated time remaining in training: [36m0[0mh [36m27[0mm [36m26[0ms
LR dropped to [36m0.00037804194[0m
superbatch [36m193[0m [[35m0.0[0m% ([36m0[0m/[36m763[0m batches, [36m7561740[0m pos/sec)]
Estimated time to end of superbatch: [36minf[0ms     [Fsuperbatch [36m193[0m [[35m16.8[0m% ([36m128[0m/[36m763[0m batches, [36m7554950[0m pos/sec)]
Estimated time to end of superbatch: [36m11.1[0ms     [Fsuperbatch [36m193[0m [[35m33.6[0m% ([36m256[0m/[36m763[0m batches, [36m7553142[0m pos/sec)]
Estimated time to end of superbatch: [36m8.8[0ms     [Fsuperbatch [36m193[0m [[35m50.3[0m% ([36m384[0m/[36m763[0m batches, [36m7558352[0m pos/sec)]
Estimated time to end of superbatch: [36m6.6[0ms     [Fsuperbatch [36m193[0m [[35m67.1[0m% ([36m512[0m/[36m763[0m batches, [36m7555612[0m pos/sec)]
Estimated time to end of superbatch: [36m4.4[0ms     [Fsuperbatch [36m193[0m [[35m83.9[0m% ([36m640[0m/[36m763[0m batches, [36m7558278[0m pos/sec)]
Estimated time to end of superbatch: [36m2.1[0ms     [Fsuperbatch [36m193[0m | time [36m13.2[0ms | running loss [36m0.016228[0m | [36m7560529[0m pos/sec | total time [36m2692.0[0ms
Estimated time remaining in training: [36m0[0mh [36m27[0mm [36m11[0ms
LR dropped to [36m0.00037481938[0m
superbatch [36m194[0m [[35m0.0[0m% ([36m0[0m/[36m763[0m batches, [36m7535812[0m pos/sec)]
Estimated time to end of superbatch: [36minf[0ms     [Fsuperbatch [36m194[0m [[35m16.8[0m% ([36m128[0m/[36m763[0m batches, [36m7577696[0m pos/sec)]
Estimated time to end of superbatch: [36m11.1[0ms     [Fsuperbatch [36m194[0m [[35m33.6[0m% ([36m256[0m/[36m763[0m batches, [36m7574217[0m pos/sec)]
Estimated time to end of superbatch: [36m8.8[0ms     [Fsuperbatch [36m194[0m [[35m50.3[0m% ([36m384[0m/[36m763[0m batches, [36m7570800[0m pos/sec)]
Estimated time to end of superbatch: [36m6.6[0ms     [Fsuperbatch [36m194[0m [[35m67.1[0m% ([36m512[0m/[36m763[0m batches, [36m7571354[0m pos/sec)]
Estimated time to end of superbatch: [36m4.4[0ms     [Fsuperbatch [36m194[0m [[35m83.9[0m% ([36m640[0m/[36m763[0m batches, [36m7571574[0m pos/sec)]
Estimated time to end of superbatch: [36m2.1[0ms     [Fsuperbatch [36m194[0m | time [36m13.2[0ms | running loss [36m0.016175[0m | [36m7571868[0m pos/sec | total time [36m2705.2[0ms
Estimated time remaining in training: [36m0[0mh [36m26[0mm [36m57[0ms
LR dropped to [36m0.00037159678[0m
superbatch [36m195[0m [[35m0.0[0m% ([36m0[0m/[36m763[0m batches, [36m7559550[0m pos/sec)]
Estimated time to end of superbatch: [36minf[0ms     [Fsuperbatch [36m195[0m [[35m16.8[0m% ([36m128[0m/[36m763[0m batches, [36m7556538[0m pos/sec)]
Estimated time to end of superbatch: [36m11.1[0ms     [Fsuperbatch [36m195[0m [[35m33.6[0m% ([36m256[0m/[36m763[0m batches, [36m7561448[0m pos/sec)]
Estimated time to end of superbatch: [36m8.8[0ms     [Fsuperbatch [36m195[0m [[35m50.3[0m% ([36m384[0m/[36m763[0m batches, [36m7563258[0m pos/sec)]
Estimated time to end of superbatch: [36m6.6[0ms     [Fsuperbatch [36m195[0m [[35m67.1[0m% ([36m512[0m/[36m763[0m batches, [36m7564728[0m pos/sec)]
Estimated time to end of superbatch: [36m4.4[0ms     [Fsuperbatch [36m195[0m [[35m83.9[0m% ([36m640[0m/[36m763[0m batches, [36m7563430[0m pos/sec)]
Estimated time to end of superbatch: [36m2.1[0ms     [Fsuperbatch [36m195[0m | time [36m13.2[0ms | running loss [36m0.016286[0m | [36m7564859[0m pos/sec | total time [36m2718.5[0ms
Estimated time remaining in training: [36m0[0mh [36m26[0mm [36m43[0ms
LR dropped to [36m0.00036837423[0m
superbatch [36m196[0m [[35m0.0[0m% ([36m0[0m/[36m763[0m batches, [36m7585082[0m pos/sec)]
Estimated time to end of superbatch: [36minf[0ms     [Fsuperbatch [36m196[0m [[35m16.8[0m% ([36m128[0m/[36m763[0m batches, [36m7576460[0m pos/sec)]
Estimated time to end of superbatch: [36m11.1[0ms     [Fsuperbatch [36m196[0m [[35m33.6[0m% ([36m256[0m/[36m763[0m batches, [36m7572533[0m pos/sec)]
Estimated time to end of superbatch: [36m8.8[0ms     [Fsuperbatch [36m196[0m [[35m50.3[0m% ([36m384[0m/[36m763[0m batches, [36m7567272[0m pos/sec)]
Estimated time to end of superbatch: [36m6.6[0ms     [Fsuperbatch [36m196[0m [[35m67.1[0m% ([36m512[0m/[36m763[0m batches, [36m7566976[0m pos/sec)]
Estimated time to end of superbatch: [36m4.4[0ms     [Fsuperbatch [36m196[0m [[35m83.9[0m% ([36m640[0m/[36m763[0m batches, [36m7569487[0m pos/sec)]
Estimated time to end of superbatch: [36m2.1[0ms     [Fsuperbatch [36m196[0m | time [36m13.2[0ms | running loss [36m0.016201[0m | [36m7571486[0m pos/sec | total time [36m2731.7[0ms
Estimated time remaining in training: [36m0[0mh [36m26[0mm [36m28[0ms
LR dropped to [36m0.00036515162[0m
superbatch [36m197[0m [[35m0.0[0m% ([36m0[0m/[36m763[0m batches, [36m7561901[0m pos/sec)]
Estimated time to end of superbatch: [36minf[0ms     [Fsuperbatch [36m197[0m [[35m16.8[0m% ([36m128[0m/[36m763[0m batches, [36m7562814[0m pos/sec)]
Estimated time to end of superbatch: [36m11.1[0ms     [Fsuperbatch [36m197[0m [[35m33.6[0m% ([36m256[0m/[36m763[0m batches, [36m7565390[0m pos/sec)]
Estimated time to end of superbatch: [36m8.8[0ms     [Fsuperbatch [36m197[0m [[35m50.3[0m% ([36m384[0m/[36m763[0m batches, [36m7567962[0m pos/sec)]
Estimated time to end of superbatch: [36m6.6[0ms     [Fsuperbatch [36m197[0m [[35m67.1[0m% ([36m512[0m/[36m763[0m batches, [36m7569008[0m pos/sec)]
Estimated time to end of superbatch: [36m4.4[0ms     [Fsuperbatch [36m197[0m [[35m83.9[0m% ([36m640[0m/[36m763[0m batches, [36m7565316[0m pos/sec)]
Estimated time to end of superbatch: [36m2.1[0ms     [Fsuperbatch [36m197[0m | time [36m13.2[0ms | running loss [36m0.016466[0m | [36m7564313[0m pos/sec | total time [36m2744.9[0ms
Estimated time remaining in training: [36m0[0mh [36m26[0mm [36m14[0ms
LR dropped to [36m0.00036192907[0m
superbatch [36m198[0m [[35m0.0[0m% ([36m0[0m/[36m763[0m batches, [36m7556922[0m pos/sec)]
Estimated time to end of superbatch: [36minf[0ms     [Fsuperbatch [36m198[0m [[35m16.8[0m% ([36m128[0m/[36m763[0m batches, [36m7565368[0m pos/sec)]
Estimated time to end of superbatch: [36m11.1[0ms     [Fsuperbatch [36m198[0m [[35m33.6[0m% ([36m256[0m/[36m763[0m batches, [36m7567102[0m pos/sec)]
Estimated time to end of superbatch: [36m8.8[0ms     [Fsuperbatch [36m198[0m [[35m50.3[0m% ([36m384[0m/[36m763[0m batches, [36m7561668[0m pos/sec)]
Estimated time to end of superbatch: [36m6.6[0ms     [Fsuperbatch [36m198[0m [[35m67.1[0m% ([36m512[0m/[36m763[0m batches, [36m7560187[0m pos/sec)]
Estimated time to end of superbatch: [36m4.4[0ms     [Fsuperbatch [36m198[0m [[35m83.9[0m% ([36m640[0m/[36m763[0m batches, [36m7559519[0m pos/sec)]
Estimated time to end of superbatch: [36m2.1[0ms     [Fsuperbatch [36m198[0m | time [36m13.2[0ms | running loss [36m0.016399[0m | [36m7559780[0m pos/sec | total time [36m2758.1[0ms
Estimated time remaining in training: [36m0[0mh [36m26[0mm [36m0[0ms
LR dropped to [36m0.00035870651[0m
superbatch [36m199[0m [[35m0.0[0m% ([36m0[0m/[36m763[0m batches, [36m7537554[0m pos/sec)]
Estimated time to end of superbatch: [36minf[0ms     [Fsuperbatch [36m199[0m [[35m16.8[0m% ([36m128[0m/[36m763[0m batches, [36m7544745[0m pos/sec)]
Estimated time to end of superbatch: [36m11.1[0ms     [Fsuperbatch [36m199[0m [[35m33.6[0m% ([36m256[0m/[36m763[0m batches, [36m7550124[0m pos/sec)]
Estimated time to end of superbatch: [36m8.8[0ms     [Fsuperbatch [36m199[0m [[35m50.3[0m% ([36m384[0m/[36m763[0m batches, [36m7552512[0m pos/sec)]
Estimated time to end of superbatch: [36m6.6[0ms     [Fsuperbatch [36m199[0m [[35m67.1[0m% ([36m512[0m/[36m763[0m batches, [36m7554669[0m pos/sec)]
Estimated time to end of superbatch: [36m4.4[0ms     [Fsuperbatch [36m199[0m [[35m83.9[0m% ([36m640[0m/[36m763[0m batches, [36m7553332[0m pos/sec)]
Estimated time to end of superbatch: [36m2.1[0ms     [Fsuperbatch [36m199[0m | time [36m13.2[0ms | running loss [36m0.016594[0m | [36m7553746[0m pos/sec | total time [36m2771.4[0ms
Estimated time remaining in training: [36m0[0mh [36m25[0mm [36m45[0ms
LR dropped to [36m0.0003554839[0m
superbatch [36m200[0m [[35m0.0[0m% ([36m0[0m/[36m763[0m batches, [36m7558949[0m pos/sec)]
Estimated time to end of superbatch: [36minf[0ms     [Fsuperbatch [36m200[0m [[35m16.8[0m% ([36m128[0m/[36m763[0m batches, [36m7558812[0m pos/sec)]
Estimated time to end of superbatch: [36m11.1[0ms     [Fsuperbatch [36m200[0m [[35m33.6[0m% ([36m256[0m/[36m763[0m batches, [36m7560484[0m pos/sec)]
Estimated time to end of superbatch: [36m8.8[0ms     [Fsuperbatch [36m200[0m [[35m50.3[0m% ([36m384[0m/[36m763[0m batches, [36m7555935[0m pos/sec)]
Estimated time to end of superbatch: [36m6.6[0ms     [Fsuperbatch [36m200[0m [[35m67.1[0m% ([36m512[0m/[36m763[0m batches, [36m7554108[0m pos/sec)]
Estimated time to end of superbatch: [36m4.4[0ms     [Fsuperbatch [36m200[0m [[35m83.9[0m% ([36m640[0m/[36m763[0m batches, [36m7551872[0m pos/sec)]
Estimated time to end of superbatch: [36m2.1[0ms     [Fsuperbatch [36m200[0m | time [36m13.2[0ms | running loss [36m0.016491[0m | [36m7552399[0m pos/sec | total time [36m2784.6[0ms
Estimated time remaining in training: [36m0[0mh [36m25[0mm [36m31[0ms
Saved [anna-v4-s1-200]
LR dropped to [36m0.00035226136[0m
superbatch [36m201[0m [[35m0.0[0m% ([36m0[0m/[36m763[0m batches, [36m7573593[0m pos/sec)]
Estimated time to end of superbatch: [36minf[0ms     [Fsuperbatch [36m201[0m [[35m16.8[0m% ([36m128[0m/[36m763[0m batches, [36m7558636[0m pos/sec)]
Estimated time to end of superbatch: [36m11.1[0ms     [Fsuperbatch [36m201[0m [[35m33.6[0m% ([36m256[0m/[36m763[0m batches, [36m7553962[0m pos/sec)]
Estimated time to end of superbatch: [36m8.8[0ms     [Fsuperbatch [36m201[0m [[35m50.3[0m% ([36m384[0m/[36m763[0m batches, [36m7555430[0m pos/sec)]
Estimated time to end of superbatch: [36m6.6[0ms     [Fsuperbatch [36m201[0m [[35m67.1[0m% ([36m512[0m/[36m763[0m batches, [36m7556318[0m pos/sec)]
Estimated time to end of superbatch: [36m4.4[0ms     [Fsuperbatch [36m201[0m [[35m83.9[0m% ([36m640[0m/[36m763[0m batches, [36m7553676[0m pos/sec)]
Estimated time to end of superbatch: [36m2.1[0ms     [Fsuperbatch [36m201[0m | time [36m13.2[0ms | running loss [36m0.016654[0m | [36m7552491[0m pos/sec | total time [36m2799.1[0ms
Estimated time remaining in training: [36m0[0mh [36m25[0mm [36m17[0ms
LR dropped to [36m0.00034903875[0m
superbatch [36m202[0m [[35m0.0[0m% ([36m0[0m/[36m763[0m batches, [36m7551820[0m pos/sec)]
Estimated time to end of superbatch: [36minf[0ms     [Fsuperbatch [36m202[0m [[35m16.8[0m% ([36m128[0m/[36m763[0m batches, [36m7550434[0m pos/sec)]
Estimated time to end of superbatch: [36m11.1[0ms     [Fsuperbatch [36m202[0m [[35m33.6[0m% ([36m256[0m/[36m763[0m batches, [36m7552794[0m pos/sec)]
Estimated time to end of superbatch: [36m8.8[0ms     [Fsuperbatch [36m202[0m [[35m50.3[0m% ([36m384[0m/[36m763[0m batches, [36m7521826[0m pos/sec)]
Estimated time to end of superbatch: [36m6.6[0ms     [Fsuperbatch [36m202[0m [[35m67.1[0m% ([36m512[0m/[36m763[0m batches, [36m7528268[0m pos/sec)]
Estimated time to end of superbatch: [36m4.4[0ms     [Fsuperbatch [36m202[0m [[35m83.9[0m% ([36m640[0m/[36m763[0m batches, [36m7533520[0m pos/sec)]
Estimated time to end of superbatch: [36m2.1[0ms     [Fsuperbatch [36m202[0m | time [36m13.3[0ms | running loss [36m0.016512[0m | [36m7537468[0m pos/sec | total time [36m2812.3[0ms
Estimated time remaining in training: [36m0[0mh [36m25[0mm [36m3[0ms
LR dropped to [36m0.0003458162[0m
superbatch [36m203[0m [[35m0.0[0m% ([36m0[0m/[36m763[0m batches, [36m7558691[0m pos/sec)]
Estimated time to end of superbatch: [36minf[0ms     [Fsuperbatch [36m203[0m [[35m16.8[0m% ([36m128[0m/[36m763[0m batches, [36m7543097[0m pos/sec)]
Estimated time to end of superbatch: [36m11.1[0ms     [Fsuperbatch [36m203[0m [[35m33.6[0m% ([36m256[0m/[36m763[0m batches, [36m7540386[0m pos/sec)]
Estimated time to end of superbatch: [36m8.8[0ms     [Fsuperbatch [36m203[0m [[35m50.3[0m% ([36m384[0m/[36m763[0m batches, [36m7532050[0m pos/sec)]
Estimated time to end of superbatch: [36m6.6[0ms     [Fsuperbatch [36m203[0m [[35m67.1[0m% ([36m512[0m/[36m763[0m batches, [36m7534246[0m pos/sec)]
Estimated time to end of superbatch: [36m4.4[0ms     [Fsuperbatch [36m203[0m [[35m83.9[0m% ([36m640[0m/[36m763[0m batches, [36m7535778[0m pos/sec)]
Estimated time to end of superbatch: [36m2.1[0ms     [Fsuperbatch [36m203[0m | time [36m13.3[0ms | running loss [36m0.016732[0m | [36m7534315[0m pos/sec | total time [36m2825.6[0ms
Estimated time remaining in training: [36m0[0mh [36m24[0mm [36m49[0ms
LR dropped to [36m0.00034259353[0m
superbatch [36m204[0m [[35m0.0[0m% ([36m0[0m/[36m763[0m batches, [36m7549450[0m pos/sec)]
Estimated time to end of superbatch: [36minf[0ms     [Fsuperbatch [36m204[0m [[35m16.8[0m% ([36m128[0m/[36m763[0m batches, [36m7557508[0m pos/sec)]
Estimated time to end of superbatch: [36m11.1[0ms     [Fsuperbatch [36m204[0m [[35m33.6[0m% ([36m256[0m/[36m763[0m batches, [36m7559400[0m pos/sec)]
Estimated time to end of superbatch: [36m8.8[0ms     [Fsuperbatch [36m204[0m [[35m50.3[0m% ([36m384[0m/[36m763[0m batches, [36m7549594[0m pos/sec)]
Estimated time to end of superbatch: [36m6.6[0ms     [Fsuperbatch [36m204[0m [[35m67.1[0m% ([36m512[0m/[36m763[0m batches, [36m7548181[0m pos/sec)]
Estimated time to end of superbatch: [36m4.4[0ms     [Fsuperbatch [36m204[0m [[35m83.9[0m% ([36m640[0m/[36m763[0m batches, [36m7548474[0m pos/sec)]
Estimated time to end of superbatch: [36m2.1[0ms     [Fsuperbatch [36m204[0m | time [36m13.2[0ms | running loss [36m0.016564[0m | [36m7549350[0m pos/sec | total time [36m2838.9[0ms
Estimated time remaining in training: [36m0[0mh [36m24[0mm [36m35[0ms
LR dropped to [36m0.00033937098[0m
superbatch [36m205[0m [[35m0.0[0m% ([36m0[0m/[36m763[0m batches, [36m7569202[0m pos/sec)]
Estimated time to end of superbatch: [36minf[0ms     [Fsuperbatch [36m205[0m [[35m16.8[0m% ([36m128[0m/[36m763[0m batches, [36m7544945[0m pos/sec)]
Estimated time to end of superbatch: [36m11.1[0ms     [Fsuperbatch [36m205[0m [[35m33.6[0m% ([36m256[0m/[36m763[0m batches, [36m7547778[0m pos/sec)]
Estimated time to end of superbatch: [36m8.8[0ms     [Fsuperbatch [36m205[0m [[35m50.3[0m% ([36m384[0m/[36m763[0m batches, [36m7550406[0m pos/sec)]
Estimated time to end of superbatch: [36m6.6[0ms     [Fsuperbatch [36m205[0m [[35m67.1[0m% ([36m512[0m/[36m763[0m batches, [36m7553308[0m pos/sec)]
Estimated time to end of superbatch: [36m4.4[0ms     [Fsuperbatch [36m205[0m [[35m83.9[0m% ([36m640[0m/[36m763[0m batches, [36m7552608[0m pos/sec)]
Estimated time to end of superbatch: [36m2.1[0ms     [Fsuperbatch [36m205[0m | time [36m13.2[0ms | running loss [36m0.016798[0m | [36m7551708[0m pos/sec | total time [36m2852.1[0ms
Estimated time remaining in training: [36m0[0mh [36m24[0mm [36m20[0ms
LR dropped to [36m0.00033614837[0m
superbatch [36m206[0m [[35m0.0[0m% ([36m0[0m/[36m763[0m batches, [36m7542953[0m pos/sec)]
Estimated time to end of superbatch: [36minf[0ms     [Fsuperbatch [36m206[0m [[35m16.8[0m% ([36m128[0m/[36m763[0m batches, [36m7552234[0m pos/sec)]
Estimated time to end of superbatch: [36m11.1[0ms     [Fsuperbatch [36m206[0m [[35m33.6[0m% ([36m256[0m/[36m763[0m batches, [36m7555446[0m pos/sec)]
Estimated time to end of superbatch: [36m8.8[0ms     [Fsuperbatch [36m206[0m [[35m50.3[0m% ([36m384[0m/[36m763[0m batches, [36m7551490[0m pos/sec)]
Estimated time to end of superbatch: [36m6.6[0ms     [Fsuperbatch [36m206[0m [[35m67.1[0m% ([36m512[0m/[36m763[0m batches, [36m7549236[0m pos/sec)]
Estimated time to end of superbatch: [36m4.4[0ms     [Fsuperbatch [36m206[0m [[35m83.9[0m% ([36m640[0m/[36m763[0m batches, [36m7548892[0m pos/sec)]
Estimated time to end of superbatch: [36m2.1[0ms     [Fsuperbatch [36m206[0m | time [36m13.2[0ms | running loss [36m0.016632[0m | [36m7549514[0m pos/sec | total time [36m2865.3[0ms
Estimated time remaining in training: [36m0[0mh [36m24[0mm [36m6[0ms
LR dropped to [36m0.00033292582[0m
superbatch [36m207[0m [[35m0.0[0m% ([36m0[0m/[36m763[0m batches, [36m7553592[0m pos/sec)]
Estimated time to end of superbatch: [36minf[0ms     [Fsuperbatch [36m207[0m [[35m16.8[0m% ([36m128[0m/[36m763[0m batches, [36m7537316[0m pos/sec)]
Estimated time to end of superbatch: [36m11.1[0ms     [Fsuperbatch [36m207[0m [[35m33.6[0m% ([36m256[0m/[36m763[0m batches, [36m7539020[0m pos/sec)]
Estimated time to end of superbatch: [36m8.8[0ms     [Fsuperbatch [36m207[0m [[35m50.3[0m% ([36m384[0m/[36m763[0m batches, [36m7542824[0m pos/sec)]
Estimated time to end of superbatch: [36m6.6[0ms     [Fsuperbatch [36m207[0m [[35m67.1[0m% ([36m512[0m/[36m763[0m batches, [36m7545939[0m pos/sec)]
Estimated time to end of superbatch: [36m4.4[0ms     [Fsuperbatch [36m207[0m [[35m83.9[0m% ([36m640[0m/[36m763[0m batches, [36m7545434[0m pos/sec)]
Estimated time to end of superbatch: [36m2.1[0ms     [Fsuperbatch [36m207[0m | time [36m13.3[0ms | running loss [36m0.016868[0m | [36m7544946[0m pos/sec | total time [36m2878.6[0ms
Estimated time remaining in training: [36m0[0mh [36m23[0mm [36m52[0ms
LR dropped to [36m0.0003297032[0m
superbatch [36m208[0m [[35m0.0[0m% ([36m0[0m/[36m763[0m batches, [36m7526309[0m pos/sec)]
Estimated time to end of superbatch: [36minf[0ms     [Fsuperbatch [36m208[0m [[35m16.8[0m% ([36m128[0m/[36m763[0m batches, [36m7545066[0m pos/sec)]
Estimated time to end of superbatch: [36m11.1[0ms     [Fsuperbatch [36m208[0m [[35m33.6[0m% ([36m256[0m/[36m763[0m batches, [36m7548270[0m pos/sec)]
Estimated time to end of superbatch: [36m8.8[0ms     [Fsuperbatch [36m208[0m [[35m50.3[0m% ([36m384[0m/[36m763[0m batches, [36m7544307[0m pos/sec)]
Estimated time to end of superbatch: [36m6.6[0ms     [Fsuperbatch [36m208[0m [[35m67.1[0m% ([36m512[0m/[36m763[0m batches, [36m7542410[0m pos/sec)]
Estimated time to end of superbatch: [36m4.4[0ms     [Fsuperbatch [36m208[0m [[35m83.9[0m% ([36m640[0m/[36m763[0m batches, [36m7543190[0m pos/sec)]
Estimated time to end of superbatch: [36m2.1[0ms     [Fsuperbatch [36m208[0m | time [36m13.3[0ms | running loss [36m0.016749[0m | [36m7544598[0m pos/sec | total time [36m2891.9[0ms
Estimated time remaining in training: [36m0[0mh [36m23[0mm [36m38[0ms
LR dropped to [36m0.00032648066[0m
superbatch [36m209[0m [[35m0.0[0m% ([36m0[0m/[36m763[0m batches, [36m7507284[0m pos/sec)]
Estimated time to end of superbatch: [36minf[0ms     [Fsuperbatch [36m209[0m [[35m16.8[0m% ([36m128[0m/[36m763[0m batches, [36m7534040[0m pos/sec)]
Estimated time to end of superbatch: [36m11.1[0ms     [Fsuperbatch [36m209[0m [[35m33.6[0m% ([36m256[0m/[36m763[0m batches, [36m7532976[0m pos/sec)]
Estimated time to end of superbatch: [36m8.9[0ms     [Fsuperbatch [36m209[0m [[35m50.3[0m% ([36m384[0m/[36m763[0m batches, [36m7535481[0m pos/sec)]
Estimated time to end of superbatch: [36m6.6[0ms     [Fsuperbatch [36m209[0m [[35m67.1[0m% ([36m512[0m/[36m763[0m batches, [36m7536087[0m pos/sec)]
Estimated time to end of superbatch: [36m4.4[0ms     [Fsuperbatch [36m209[0m [[35m83.9[0m% ([36m640[0m/[36m763[0m batches, [36m7536436[0m pos/sec)]
Estimated time to end of superbatch: [36m2.1[0ms     [Fsuperbatch [36m209[0m | time [36m13.3[0ms | running loss [36m0.016970[0m | [36m7536537[0m pos/sec | total time [36m2905.1[0ms
Estimated time remaining in training: [36m0[0mh [36m23[0mm [36m23[0ms
LR dropped to [36m0.00032325805[0m
superbatch [36m210[0m [[35m0.0[0m% ([36m0[0m/[36m763[0m batches, [36m7538116[0m pos/sec)]
Estimated time to end of superbatch: [36minf[0ms     [Fsuperbatch [36m210[0m [[35m16.8[0m% ([36m128[0m/[36m763[0m batches, [36m7541452[0m pos/sec)]
Estimated time to end of superbatch: [36m11.1[0ms     [Fsuperbatch [36m210[0m [[35m33.6[0m% ([36m256[0m/[36m763[0m batches, [36m7541971[0m pos/sec)]
Estimated time to end of superbatch: [36m8.8[0ms     [Fsuperbatch [36m210[0m [[35m50.3[0m% ([36m384[0m/[36m763[0m batches, [36m7541398[0m pos/sec)]
Estimated time to end of superbatch: [36m6.6[0ms     [Fsuperbatch [36m210[0m [[35m67.1[0m% ([36m512[0m/[36m763[0m batches, [36m7540888[0m pos/sec)]
Estimated time to end of superbatch: [36m4.4[0ms     [Fsuperbatch [36m210[0m [[35m83.9[0m% ([36m640[0m/[36m763[0m batches, [36m7542484[0m pos/sec)]
Estimated time to end of superbatch: [36m2.1[0ms     [Fsuperbatch [36m210[0m | time [36m13.3[0ms | running loss [36m0.016801[0m | [36m7542968[0m pos/sec | total time [36m2918.4[0ms
Estimated time remaining in training: [36m0[0mh [36m23[0mm [36m9[0ms
LR dropped to [36m0.0003200355[0m
superbatch [36m211[0m [[35m0.0[0m% ([36m0[0m/[36m763[0m batches, [36m7547318[0m pos/sec)]
Estimated time to end of superbatch: [36minf[0ms     [Fsuperbatch [36m211[0m [[35m16.8[0m% ([36m128[0m/[36m763[0m batches, [36m7539048[0m pos/sec)]
Estimated time to end of superbatch: [36m11.1[0ms     [Fsuperbatch [36m211[0m [[35m33.6[0m% ([36m256[0m/[36m763[0m batches, [36m7536904[0m pos/sec)]
Estimated time to end of superbatch: [36m8.9[0ms     [Fsuperbatch [36m211[0m [[35m50.3[0m% ([36m384[0m/[36m763[0m batches, [36m7537789[0m pos/sec)]
Estimated time to end of superbatch: [36m6.6[0ms     [Fsuperbatch [36m211[0m [[35m67.1[0m% ([36m512[0m/[36m763[0m batches, [36m7539465[0m pos/sec)]
Estimated time to end of superbatch: [36m4.4[0ms     [Fsuperbatch [36m211[0m [[35m83.9[0m% ([36m640[0m/[36m763[0m batches, [36m7539006[0m pos/sec)]
Estimated time to end of superbatch: [36m2.1[0ms     [Fsuperbatch [36m211[0m | time [36m13.3[0ms | running loss [36m0.017010[0m | [36m7537934[0m pos/sec | total time [36m2931.7[0ms
Estimated time remaining in training: [36m0[0mh [36m22[0mm [36m55[0ms
LR dropped to [36m0.00031681295[0m
superbatch [36m212[0m [[35m0.0[0m% ([36m0[0m/[36m763[0m batches, [36m7523850[0m pos/sec)]
Estimated time to end of superbatch: [36minf[0ms     [Fsuperbatch [36m212[0m [[35m16.8[0m% ([36m128[0m/[36m763[0m batches, [36m7534788[0m pos/sec)]
Estimated time to end of superbatch: [36m11.1[0ms     [Fsuperbatch [36m212[0m [[35m33.6[0m% ([36m256[0m/[36m763[0m batches, [36m7536388[0m pos/sec)]
Estimated time to end of superbatch: [36m8.9[0ms     [Fsuperbatch [36m212[0m [[35m50.3[0m% ([36m384[0m/[36m763[0m batches, [36m7535708[0m pos/sec)]
Estimated time to end of superbatch: [36m6.6[0ms     [Fsuperbatch [36m212[0m [[35m67.1[0m% ([36m512[0m/[36m763[0m batches, [36m7533320[0m pos/sec)]
Estimated time to end of superbatch: [36m4.4[0ms     [Fsuperbatch [36m212[0m [[35m83.9[0m% ([36m640[0m/[36m763[0m batches, [36m7533888[0m pos/sec)]
Estimated time to end of superbatch: [36m2.1[0ms     [Fsuperbatch [36m212[0m | time [36m13.3[0ms | running loss [36m0.016895[0m | [36m7535799[0m pos/sec | total time [36m2944.9[0ms
Estimated time remaining in training: [36m0[0mh [36m22[0mm [36m41[0ms
LR dropped to [36m0.00031359034[0m
superbatch [36m213[0m [[35m0.0[0m% ([36m0[0m/[36m763[0m batches, [36m7550422[0m pos/sec)]
Estimated time to end of superbatch: [36minf[0ms     [Fsuperbatch [36m213[0m [[35m16.8[0m% ([36m128[0m/[36m763[0m batches, [36m7537963[0m pos/sec)]
Estimated time to end of superbatch: [36m11.1[0ms     [Fsuperbatch [36m213[0m [[35m33.6[0m% ([36m256[0m/[36m763[0m batches, [36m7535160[0m pos/sec)]
Estimated time to end of superbatch: [36m8.9[0ms     [Fsuperbatch [36m213[0m [[35m50.3[0m% ([36m384[0m/[36m763[0m batches, [36m7535340[0m pos/sec)]
Estimated time to end of superbatch: [36m6.6[0ms     [Fsuperbatch [36m213[0m [[35m67.1[0m% ([36m512[0m/[36m763[0m batches, [36m7536418[0m pos/sec)]
Estimated time to end of superbatch: [36m4.4[0ms     [Fsuperbatch [36m213[0m [[35m83.9[0m% ([36m640[0m/[36m763[0m batches, [36m7535672[0m pos/sec)]
Estimated time to end of superbatch: [36m2.1[0ms     [Fsuperbatch [36m213[0m | time [36m13.3[0ms | running loss [36m0.017112[0m | [36m7534223[0m pos/sec | total time [36m2958.2[0ms
Estimated time remaining in training: [36m0[0mh [36m22[0mm [36m27[0ms
LR dropped to [36m0.0003103678[0m
superbatch [36m214[0m [[35m0.0[0m% ([36m0[0m/[36m763[0m batches, [36m7527570[0m pos/sec)]
Estimated time to end of superbatch: [36minf[0ms     [Fsuperbatch [36m214[0m [[35m16.8[0m% ([36m128[0m/[36m763[0m batches, [36m7535150[0m pos/sec)]
Estimated time to end of superbatch: [36m11.1[0ms     [Fsuperbatch [36m214[0m [[35m33.6[0m% ([36m256[0m/[36m763[0m batches, [36m7537888[0m pos/sec)]
Estimated time to end of superbatch: [36m8.9[0ms     [Fsuperbatch [36m214[0m [[35m50.3[0m% ([36m384[0m/[36m763[0m batches, [36m7525510[0m pos/sec)]
Estimated time to end of superbatch: [36m6.6[0ms     [Fsuperbatch [36m214[0m [[35m67.1[0m% ([36m512[0m/[36m763[0m batches, [36m7522146[0m pos/sec)]
Estimated time to end of superbatch: [36m4.4[0ms     [Fsuperbatch [36m214[0m [[35m83.9[0m% ([36m640[0m/[36m763[0m batches, [36m7525410[0m pos/sec)]
Estimated time to end of superbatch: [36m2.1[0ms     [Fsuperbatch [36m214[0m | time [36m13.3[0ms | running loss [36m0.016992[0m | [36m7523674[0m pos/sec | total time [36m2971.5[0ms
Estimated time remaining in training: [36m0[0mh [36m22[0mm [36m13[0ms
LR dropped to [36m0.00030714518[0m
superbatch [36m215[0m [[35m0.0[0m% ([36m0[0m/[36m763[0m batches, [36m7536262[0m pos/sec)]
Estimated time to end of superbatch: [36minf[0ms     [Fsuperbatch [36m215[0m [[35m16.8[0m% ([36m128[0m/[36m763[0m batches, [36m7537990[0m pos/sec)]
Estimated time to end of superbatch: [36m11.1[0ms     [Fsuperbatch [36m215[0m [[35m33.6[0m% ([36m256[0m/[36m763[0m batches, [36m7534878[0m pos/sec)]
Estimated time to end of superbatch: [36m8.9[0ms     [Fsuperbatch [36m215[0m [[35m50.3[0m% ([36m384[0m/[36m763[0m batches, [36m7535640[0m pos/sec)]
Estimated time to end of superbatch: [36m6.6[0ms     [Fsuperbatch [36m215[0m [[35m67.1[0m% ([36m512[0m/[36m763[0m batches, [36m7536754[0m pos/sec)]
Estimated time to end of superbatch: [36m4.4[0ms     [Fsuperbatch [36m215[0m [[35m83.9[0m% ([36m640[0m/[36m763[0m batches, [36m7536103[0m pos/sec)]
Estimated time to end of superbatch: [36m2.1[0ms     [Fsuperbatch [36m215[0m | time [36m13.3[0ms | running loss [36m0.017149[0m | [36m7534404[0m pos/sec | total time [36m2984.8[0ms
Estimated time remaining in training: [36m0[0mh [36m21[0mm [36m58[0ms
LR dropped to [36m0.00030392263[0m
superbatch [36m216[0m [[35m0.0[0m% ([36m0[0m/[36m763[0m batches, [36m7528742[0m pos/sec)]
Estimated time to end of superbatch: [36minf[0ms     [Fsuperbatch [36m216[0m [[35m16.8[0m% ([36m128[0m/[36m763[0m batches, [36m7534458[0m pos/sec)]
Estimated time to end of superbatch: [36m11.1[0ms     [Fsuperbatch [36m216[0m [[35m33.6[0m% ([36m256[0m/[36m763[0m batches, [36m7534230[0m pos/sec)]
Estimated time to end of superbatch: [36m8.9[0ms     [Fsuperbatch [36m216[0m [[35m50.3[0m% ([36m384[0m/[36m763[0m batches, [36m7532500[0m pos/sec)]
Estimated time to end of superbatch: [36m6.6[0ms     [Fsuperbatch [36m216[0m [[35m67.1[0m% ([36m512[0m/[36m763[0m batches, [36m7529581[0m pos/sec)]
Estimated time to end of superbatch: [36m4.4[0ms     [Fsuperbatch [36m216[0m [[35m83.9[0m% ([36m640[0m/[36m763[0m batches, [36m7529248[0m pos/sec)]
Estimated time to end of superbatch: [36m2.1[0ms     [Fsuperbatch [36m216[0m | time [36m13.3[0ms | running loss [36m0.017074[0m | [36m7529684[0m pos/sec | total time [36m2998.0[0ms
Estimated time remaining in training: [36m0[0mh [36m21[0mm [36m44[0ms
LR dropped to [36m0.00030070002[0m
superbatch [36m217[0m [[35m0.0[0m% ([36m0[0m/[36m763[0m batches, [36m7543014[0m pos/sec)]
Estimated time to end of superbatch: [36minf[0ms     [Fsuperbatch [36m217[0m [[35m16.8[0m% ([36m128[0m/[36m763[0m batches, [36m7518276[0m pos/sec)]
Estimated time to end of superbatch: [36m11.2[0ms     [Fsuperbatch [36m217[0m [[35m33.6[0m% ([36m256[0m/[36m763[0m batches, [36m7514532[0m pos/sec)]
Estimated time to end of superbatch: [36m8.9[0ms     [Fsuperbatch [36m217[0m [[35m50.3[0m% ([36m384[0m/[36m763[0m batches, [36m7514700[0m pos/sec)]
Estimated time to end of superbatch: [36m6.6[0ms     [Fsuperbatch [36m217[0m [[35m67.1[0m% ([36m512[0m/[36m763[0m batches, [36m7515682[0m pos/sec)]
Estimated time to end of superbatch: [36m4.4[0ms     [Fsuperbatch [36m217[0m [[35m83.9[0m% ([36m640[0m/[36m763[0m batches, [36m7516151[0m pos/sec)]
Estimated time to end of superbatch: [36m2.1[0ms     [Fsuperbatch [36m217[0m | time [36m13.3[0ms | running loss [36m0.017372[0m | [36m7514388[0m pos/sec | total time [36m3011.4[0ms
Estimated time remaining in training: [36m0[0mh [36m21[0mm [36m30[0ms
LR dropped to [36m0.00029747747[0m
superbatch [36m218[0m [[35m0.0[0m% ([36m0[0m/[36m763[0m batches, [36m7509192[0m pos/sec)]
Estimated time to end of superbatch: [36minf[0ms     [Fsuperbatch [36m218[0m [[35m16.8[0m% ([36m128[0m/[36m763[0m batches, [36m7512464[0m pos/sec)]
Estimated time to end of superbatch: [36m11.2[0ms     [Fsuperbatch [36m218[0m [[35m33.6[0m% ([36m256[0m/[36m763[0m batches, [36m7513424[0m pos/sec)]
Estimated time to end of superbatch: [36m8.9[0ms     [Fsuperbatch [36m218[0m [[35m50.3[0m% ([36m384[0m/[36m763[0m batches, [36m7513114[0m pos/sec)]
Estimated time to end of superbatch: [36m6.6[0ms     [Fsuperbatch [36m218[0m [[35m67.1[0m% ([36m512[0m/[36m763[0m batches, [36m7511114[0m pos/sec)]
Estimated time to end of superbatch: [36m4.4[0ms     [Fsuperbatch [36m218[0m [[35m83.9[0m% ([36m640[0m/[36m763[0m batches, [36m7511126[0m pos/sec)]
Estimated time to end of superbatch: [36m2.1[0ms     [Fsuperbatch [36m218[0m | time [36m13.3[0ms | running loss [36m0.017279[0m | [36m7511272[0m pos/sec | total time [36m3024.7[0ms
Estimated time remaining in training: [36m0[0mh [36m21[0mm [36m16[0ms
LR dropped to [36m0.00029425486[0m
superbatch [36m219[0m [[35m0.0[0m% ([36m0[0m/[36m763[0m batches, [36m7507500[0m pos/sec)]
Estimated time to end of superbatch: [36minf[0ms     [Fsuperbatch [36m219[0m [[35m16.8[0m% ([36m128[0m/[36m763[0m batches, [36m7512520[0m pos/sec)]
Estimated time to end of superbatch: [36m11.2[0ms     [Fsuperbatch [36m219[0m [[35m33.6[0m% ([36m256[0m/[36m763[0m batches, [36m7504882[0m pos/sec)]
Estimated time to end of superbatch: [36m8.9[0ms     [Fsuperbatch [36m219[0m [[35m50.3[0m% ([36m384[0m/[36m763[0m batches, [36m7503708[0m pos/sec)]
Estimated time to end of superbatch: [36m6.6[0ms     [Fsuperbatch [36m219[0m [[35m67.1[0m% ([36m512[0m/[36m763[0m batches, [36m7504469[0m pos/sec)]
Estimated time to end of superbatch: [36m4.4[0ms     [Fsuperbatch [36m219[0m [[35m83.9[0m% ([36m640[0m/[36m763[0m batches, [36m7505480[0m pos/sec)]
Estimated time to end of superbatch: [36m2.2[0ms     [Fsuperbatch [36m219[0m | time [36m13.3[0ms | running loss [36m0.017442[0m | [36m7504964[0m pos/sec | total time [36m3038.0[0ms
Estimated time remaining in training: [36m0[0mh [36m21[0mm [36m2[0ms
LR dropped to [36m0.0002910323[0m
superbatch [36m220[0m [[35m0.0[0m% ([36m0[0m/[36m763[0m batches, [36m7505918[0m pos/sec)]
Estimated time to end of superbatch: [36minf[0ms     [Fsuperbatch [36m220[0m [[35m16.8[0m% ([36m128[0m/[36m763[0m batches, [36m7512225[0m pos/sec)]
Estimated time to end of superbatch: [36m11.2[0ms     [Fsuperbatch [36m220[0m [[35m33.6[0m% ([36m256[0m/[36m763[0m batches, [36m7512442[0m pos/sec)]
Estimated time to end of superbatch: [36m8.9[0ms     [Fsuperbatch [36m220[0m [[35m50.3[0m% ([36m384[0m/[36m763[0m batches, [36m7512434[0m pos/sec)]
Estimated time to end of superbatch: [36m6.6[0ms     [Fsuperbatch [36m220[0m [[35m67.1[0m% ([36m512[0m/[36m763[0m batches, [36m7509790[0m pos/sec)]
Estimated time to end of superbatch: [36m4.4[0ms     [Fsuperbatch [36m220[0m [[35m83.9[0m% ([36m640[0m/[36m763[0m batches, [36m7509105[0m pos/sec)]
Estimated time to end of superbatch: [36m2.2[0ms     [Fsuperbatch [36m220[0m | time [36m13.3[0ms | running loss [36m0.017347[0m | [36m7509702[0m pos/sec | total time [36m3051.3[0ms
Estimated time remaining in training: [36m0[0mh [36m20[0mm [36m48[0ms
Saved [anna-v4-s1-220]
LR dropped to [36m0.0002878097[0m
superbatch [36m221[0m [[35m0.0[0m% ([36m0[0m/[36m763[0m batches, [36m7537952[0m pos/sec)]
Estimated time to end of superbatch: [36minf[0ms     [Fsuperbatch [36m221[0m [[35m16.8[0m% ([36m128[0m/[36m763[0m batches, [36m7517746[0m pos/sec)]
Estimated time to end of superbatch: [36m11.2[0ms     [Fsuperbatch [36m221[0m [[35m33.6[0m% ([36m256[0m/[36m763[0m batches, [36m7511116[0m pos/sec)]
Estimated time to end of superbatch: [36m8.9[0ms     [Fsuperbatch [36m221[0m [[35m50.3[0m% ([36m384[0m/[36m763[0m batches, [36m7510912[0m pos/sec)]
Estimated time to end of superbatch: [36m6.6[0ms     [Fsuperbatch [36m221[0m [[35m67.1[0m% ([36m512[0m/[36m763[0m batches, [36m7510650[0m pos/sec)]
Estimated time to end of superbatch: [36m4.4[0ms     [Fsuperbatch [36m221[0m [[35m83.9[0m% ([36m640[0m/[36m763[0m batches, [36m7510692[0m pos/sec)]
Estimated time to end of superbatch: [36m2.1[0ms     [Fsuperbatch [36m221[0m | time [36m13.3[0ms | running loss [36m0.017466[0m | [36m7508938[0m pos/sec | total time [36m3065.9[0ms
Estimated time remaining in training: [36m0[0mh [36m20[0mm [36m34[0ms
LR dropped to [36m0.00028458715[0m
superbatch [36m222[0m [[35m0.0[0m% ([36m0[0m/[36m763[0m batches, [36m7500231[0m pos/sec)]
Estimated time to end of superbatch: [36minf[0ms     [Fsuperbatch [36m222[0m [[35m16.8[0m% ([36m128[0m/[36m763[0m batches, [36m7503798[0m pos/sec)]
Estimated time to end of superbatch: [36m11.2[0ms     [Fsuperbatch [36m222[0m [[35m33.6[0m% ([36m256[0m/[36m763[0m batches, [36m7506763[0m pos/sec)]
Estimated time to end of superbatch: [36m8.9[0ms     [Fsuperbatch [36m222[0m [[35m50.3[0m% ([36m384[0m/[36m763[0m batches, [36m7508446[0m pos/sec)]
Estimated time to end of superbatch: [36m6.6[0ms     [Fsuperbatch [36m222[0m [[35m67.1[0m% ([36m512[0m/[36m763[0m batches, [36m7507614[0m pos/sec)]
Estimated time to end of superbatch: [36m4.4[0ms     [Fsuperbatch [36m222[0m [[35m83.9[0m% ([36m640[0m/[36m763[0m batches, [36m7508076[0m pos/sec)]
Estimated time to end of superbatch: [36m2.2[0ms     [Fsuperbatch [36m222[0m | time [36m13.3[0ms | running loss [36m0.017416[0m | [36m7508824[0m pos/sec | total time [36m3079.3[0ms
Estimated time remaining in training: [36m0[0mh [36m20[0mm [36m20[0ms
LR dropped to [36m0.00028136448[0m
superbatch [36m223[0m [[35m0.0[0m% ([36m0[0m/[36m763[0m batches, [36m7517528[0m pos/sec)]
Estimated time to end of superbatch: [36minf[0ms     [Fsuperbatch [36m223[0m [[35m16.8[0m% ([36m128[0m/[36m763[0m batches, [36m7474211[0m pos/sec)]
Estimated time to end of superbatch: [36m11.2[0ms     [Fsuperbatch [36m223[0m [[35m33.6[0m% ([36m256[0m/[36m763[0m batches, [36m7487500[0m pos/sec)]
Estimated time to end of superbatch: [36m8.9[0ms     [Fsuperbatch [36m223[0m [[35m50.3[0m% ([36m384[0m/[36m763[0m batches, [36m7482680[0m pos/sec)]
Estimated time to end of superbatch: [36m6.7[0ms     [Fsuperbatch [36m223[0m [[35m67.1[0m% ([36m512[0m/[36m763[0m batches, [36m7486116[0m pos/sec)]
Estimated time to end of superbatch: [36m4.4[0ms     [Fsuperbatch [36m223[0m [[35m83.9[0m% ([36m640[0m/[36m763[0m batches, [36m7490736[0m pos/sec)]
Estimated time to end of superbatch: [36m2.2[0ms     [Fsuperbatch [36m223[0m | time [36m13.4[0ms | running loss [36m0.017529[0m | [36m7489452[0m pos/sec | total time [36m3092.6[0ms
Estimated time remaining in training: [36m0[0mh [36m20[0mm [36m6[0ms
LR dropped to [36m0.00027814193[0m
superbatch [36m224[0m [[35m0.0[0m% ([36m0[0m/[36m763[0m batches, [36m7501652[0m pos/sec)]
Estimated time to end of superbatch: [36minf[0ms     [Fsuperbatch [36m224[0m [[35m16.8[0m% ([36m128[0m/[36m763[0m batches, [36m7482884[0m pos/sec)]
Estimated time to end of superbatch: [36m11.2[0ms     [Fsuperbatch [36m224[0m [[35m33.6[0m% ([36m256[0m/[36m763[0m batches, [36m7490660[0m pos/sec)]
Estimated time to end of superbatch: [36m8.9[0ms     [Fsuperbatch [36m224[0m [[35m50.3[0m% ([36m384[0m/[36m763[0m batches, [36m7493786[0m pos/sec)]
Estimated time to end of superbatch: [36m6.6[0ms     [Fsuperbatch [36m224[0m [[35m67.1[0m% ([36m512[0m/[36m763[0m batches, [36m7495268[0m pos/sec)]
Estimated time to end of superbatch: [36m4.4[0ms     [Fsuperbatch [36m224[0m [[35m83.9[0m% ([36m640[0m/[36m763[0m batches, [36m7497308[0m pos/sec)]
Estimated time to end of superbatch: [36m2.2[0ms     [Fsuperbatch [36m224[0m | time [36m13.3[0ms | running loss [36m0.017482[0m | [36m7499374[0m pos/sec | total time [36m3105.9[0ms
Estimated time remaining in training: [36m0[0mh [36m19[0mm [36m52[0ms
LR dropped to [36m0.00027491932[0m
superbatch [36m225[0m [[35m0.0[0m% ([36m0[0m/[36m763[0m batches, [36m7510236[0m pos/sec)]
Estimated time to end of superbatch: [36minf[0ms     [Fsuperbatch [36m225[0m [[35m16.8[0m% ([36m128[0m/[36m763[0m batches, [36m7512574[0m pos/sec)]
Estimated time to end of superbatch: [36m11.2[0ms     [Fsuperbatch [36m225[0m [[35m33.6[0m% ([36m256[0m/[36m763[0m batches, [36m7506508[0m pos/sec)]
Estimated time to end of superbatch: [36m8.9[0ms     [Fsuperbatch [36m225[0m [[35m50.3[0m% ([36m384[0m/[36m763[0m batches, [36m7505966[0m pos/sec)]
Estimated time to end of superbatch: [36m6.6[0ms     [Fsuperbatch [36m225[0m [[35m67.1[0m% ([36m512[0m/[36m763[0m batches, [36m7506568[0m pos/sec)]
Estimated time to end of superbatch: [36m4.4[0ms     [Fsuperbatch [36m225[0m [[35m83.9[0m% ([36m640[0m/[36m763[0m batches, [36m7507456[0m pos/sec)]
Estimated time to end of superbatch: [36m2.2[0ms     [Fsuperbatch [36m225[0m | time [36m13.3[0ms | running loss [36m0.017618[0m | [36m7506092[0m pos/sec | total time [36m3119.3[0ms
Estimated time remaining in training: [36m0[0mh [36m19[0mm [36m38[0ms
LR dropped to [36m0.00027169677[0m
superbatch [36m226[0m [[35m0.0[0m% ([36m0[0m/[36m763[0m batches, [36m7489966[0m pos/sec)]
Estimated time to end of superbatch: [36minf[0ms     [Fsuperbatch [36m226[0m [[35m16.8[0m% ([36m128[0m/[36m763[0m batches, [36m7500805[0m pos/sec)]
Estimated time to end of superbatch: [36m11.2[0ms     [Fsuperbatch [36m226[0m [[35m33.6[0m% ([36m256[0m/[36m763[0m batches, [36m7502576[0m pos/sec)]
Estimated time to end of superbatch: [36m8.9[0ms     [Fsuperbatch [36m226[0m [[35m50.3[0m% ([36m384[0m/[36m763[0m batches, [36m7504770[0m pos/sec)]
Estimated time to end of superbatch: [36m6.6[0ms     [Fsuperbatch [36m226[0m [[35m67.1[0m% ([36m512[0m/[36m763[0m batches, [36m7503027[0m pos/sec)]
Estimated time to end of superbatch: [36m4.4[0ms     [Fsuperbatch [36m226[0m [[35m83.9[0m% ([36m640[0m/[36m763[0m batches, [36m7501878[0m pos/sec)]
Estimated time to end of superbatch: [36m2.2[0ms     [Fsuperbatch [36m226[0m | time [36m13.3[0ms | running loss [36m0.017598[0m | [36m7501735[0m pos/sec | total time [36m3132.6[0ms
Estimated time remaining in training: [36m0[0mh [36m19[0mm [36m24[0ms
LR dropped to [36m0.00026847422[0m
superbatch [36m227[0m [[35m0.0[0m% ([36m0[0m/[36m763[0m batches, [36m7507912[0m pos/sec)]
Estimated time to end of superbatch: [36minf[0ms     [Fsuperbatch [36m227[0m [[35m16.8[0m% ([36m128[0m/[36m763[0m batches, [36m7506196[0m pos/sec)]
Estimated time to end of superbatch: [36m11.2[0ms     [Fsuperbatch [36m227[0m [[35m33.6[0m% ([36m256[0m/[36m763[0m batches, [36m7498964[0m pos/sec)]
Estimated time to end of superbatch: [36m8.9[0ms     [Fsuperbatch [36m227[0m [[35m50.3[0m% ([36m384[0m/[36m763[0m batches, [36m7498484[0m pos/sec)]
Estimated time to end of superbatch: [36m6.6[0ms     [Fsuperbatch [36m227[0m [[35m67.1[0m% ([36m512[0m/[36m763[0m batches, [36m7499429[0m pos/sec)]
Estimated time to end of superbatch: [36m4.4[0ms     [Fsuperbatch [36m227[0m [[35m83.9[0m% ([36m640[0m/[36m763[0m batches, [36m7499874[0m pos/sec)]
Estimated time to end of superbatch: [36m2.2[0ms     [Fsuperbatch [36m227[0m | time [36m13.3[0ms | running loss [36m0.017701[0m | [36m7498193[0m pos/sec | total time [36m3145.9[0ms
Estimated time remaining in training: [36m0[0mh [36m19[0mm [36m10[0ms
LR dropped to [36m0.0002652516[0m
superbatch [36m228[0m [[35m0.0[0m% ([36m0[0m/[36m763[0m batches, [36m7496470[0m pos/sec)]
Estimated time to end of superbatch: [36minf[0ms     [Fsuperbatch [36m228[0m [[35m16.8[0m% ([36m128[0m/[36m763[0m batches, [36m7493800[0m pos/sec)]
Estimated time to end of superbatch: [36m11.2[0ms     [Fsuperbatch [36m228[0m [[35m33.6[0m% ([36m256[0m/[36m763[0m batches, [36m7496665[0m pos/sec)]
Estimated time to end of superbatch: [36m8.9[0ms     [Fsuperbatch [36m228[0m [[35m50.3[0m% ([36m384[0m/[36m763[0m batches, [36m7498546[0m pos/sec)]
Estimated time to end of superbatch: [36m6.6[0ms     [Fsuperbatch [36m228[0m [[35m67.1[0m% ([36m512[0m/[36m763[0m batches, [36m7497136[0m pos/sec)]
Estimated time to end of superbatch: [36m4.4[0ms     [Fsuperbatch [36m228[0m [[35m83.9[0m% ([36m640[0m/[36m763[0m batches, [36m7496782[0m pos/sec)]
Estimated time to end of superbatch: [36m2.2[0ms     [Fsuperbatch [36m228[0m | time [36m13.3[0ms | running loss [36m0.017672[0m | [36m7496998[0m pos/sec | total time [36m3159.3[0ms
Estimated time remaining in training: [36m0[0mh [36m18[0mm [36m56[0ms
LR dropped to [36m0.00026202906[0m
superbatch [36m229[0m [[35m0.0[0m% ([36m0[0m/[36m763[0m batches, [36m7501721[0m pos/sec)]
Estimated time to end of superbatch: [36minf[0ms     [Fsuperbatch [36m229[0m [[35m16.8[0m% ([36m128[0m/[36m763[0m batches, [36m7503728[0m pos/sec)]
Estimated time to end of superbatch: [36m11.2[0ms     [Fsuperbatch [36m229[0m [[35m33.6[0m% ([36m256[0m/[36m763[0m batches, [36m7496066[0m pos/sec)]
Estimated time to end of superbatch: [36m8.9[0ms     [Fsuperbatch [36m229[0m [[35m50.3[0m% ([36m384[0m/[36m763[0m batches, [36m7494486[0m pos/sec)]
Estimated time to end of superbatch: [36m6.6[0ms     [Fsuperbatch [36m229[0m [[35m67.1[0m% ([36m512[0m/[36m763[0m batches, [36m7494226[0m pos/sec)]
Estimated time to end of superbatch: [36m4.4[0ms     [Fsuperbatch [36m229[0m [[35m83.9[0m% ([36m640[0m/[36m763[0m batches, [36m7493492[0m pos/sec)]
Estimated time to end of superbatch: [36m2.2[0ms     [Fsuperbatch [36m229[0m | time [36m13.3[0ms | running loss [36m0.017774[0m | [36m7492644[0m pos/sec | total time [36m3172.6[0ms
Estimated time remaining in training: [36m0[0mh [36m18[0mm [36m42[0ms
LR dropped to [36m0.00025880645[0m
superbatch [36m230[0m [[35m0.0[0m% ([36m0[0m/[36m763[0m batches, [36m7490664[0m pos/sec)]
Estimated time to end of superbatch: [36minf[0ms     [Fsuperbatch [36m230[0m [[35m16.8[0m% ([36m128[0m/[36m763[0m batches, [36m7496725[0m pos/sec)]
Estimated time to end of superbatch: [36m11.2[0ms     [Fsuperbatch [36m230[0m [[35m33.6[0m% ([36m256[0m/[36m763[0m batches, [36m7477286[0m pos/sec)]
Estimated time to end of superbatch: [36m8.9[0ms     [Fsuperbatch [36m230[0m [[35m50.3[0m% ([36m384[0m/[36m763[0m batches, [36m7483099[0m pos/sec)]
Estimated time to end of superbatch: [36m6.7[0ms     [Fsuperbatch [36m230[0m [[35m67.1[0m% ([36m512[0m/[36m763[0m batches, [36m7481922[0m pos/sec)]
Estimated time to end of superbatch: [36m4.4[0ms     [Fsuperbatch [36m230[0m [[35m83.9[0m% ([36m640[0m/[36m763[0m batches, [36m7483175[0m pos/sec)]
Estimated time to end of superbatch: [36m2.2[0ms     [Fsuperbatch [36m230[0m | time [36m13.4[0ms | running loss [36m0.017769[0m | [36m7484950[0m pos/sec | total time [36m3186.0[0ms
Estimated time remaining in training: [36m0[0mh [36m18[0mm [36m28[0ms
LR dropped to [36m0.0002555839[0m
superbatch [36m231[0m [[35m0.0[0m% ([36m0[0m/[36m763[0m batches, [36m7493380[0m pos/sec)]
Estimated time to end of superbatch: [36minf[0ms     [Fsuperbatch [36m231[0m [[35m16.8[0m% ([36m128[0m/[36m763[0m batches, [36m7495538[0m pos/sec)]
Estimated time to end of superbatch: [36m11.2[0ms     [Fsuperbatch [36m231[0m [[35m33.6[0m% ([36m256[0m/[36m763[0m batches, [36m7488540[0m pos/sec)]
Estimated time to end of superbatch: [36m8.9[0ms     [Fsuperbatch [36m231[0m [[35m50.3[0m% ([36m384[0m/[36m763[0m batches, [36m7485876[0m pos/sec)]
Estimated time to end of superbatch: [36m6.7[0ms     [Fsuperbatch [36m231[0m [[35m67.1[0m% ([36m512[0m/[36m763[0m batches, [36m7485630[0m pos/sec)]
Estimated time to end of superbatch: [36m4.4[0ms     [Fsuperbatch [36m231[0m [[35m83.9[0m% ([36m640[0m/[36m763[0m batches, [36m7485800[0m pos/sec)]
Estimated time to end of superbatch: [36m2.2[0ms     [Fsuperbatch [36m231[0m | time [36m13.4[0ms | running loss [36m0.017847[0m | [36m7485888[0m pos/sec | total time [36m3199.3[0ms
Estimated time remaining in training: [36m0[0mh [36m18[0mm [36m14[0ms
LR dropped to [36m0.0002523613[0m
superbatch [36m232[0m [[35m0.0[0m% ([36m0[0m/[36m763[0m batches, [36m7488349[0m pos/sec)]
Estimated time to end of superbatch: [36minf[0ms     [Fsuperbatch [36m232[0m [[35m16.8[0m% ([36m128[0m/[36m763[0m batches, [36m7487582[0m pos/sec)]
Estimated time to end of superbatch: [36m11.2[0ms     [Fsuperbatch [36m232[0m [[35m33.6[0m% ([36m256[0m/[36m763[0m batches, [36m7490956[0m pos/sec)]
Estimated time to end of superbatch: [36m8.9[0ms     [Fsuperbatch [36m232[0m [[35m50.3[0m% ([36m384[0m/[36m763[0m batches, [36m7493342[0m pos/sec)]
Estimated time to end of superbatch: [36m6.6[0ms     [Fsuperbatch [36m232[0m [[35m67.1[0m% ([36m512[0m/[36m763[0m batches, [36m7492679[0m pos/sec)]
Estimated time to end of superbatch: [36m4.4[0ms     [Fsuperbatch [36m232[0m [[35m83.9[0m% ([36m640[0m/[36m763[0m batches, [36m7491848[0m pos/sec)]
Estimated time to end of superbatch: [36m2.2[0ms     [Fsuperbatch [36m232[0m | time [36m13.3[0ms | running loss [36m0.017840[0m | [36m7492894[0m pos/sec | total time [36m3212.7[0ms
Estimated time remaining in training: [36m0[0mh [36m18[0mm [36m0[0ms
LR dropped to [36m0.00024913874[0m
superbatch [36m233[0m [[35m0.0[0m% ([36m0[0m/[36m763[0m batches, [36m7495303[0m pos/sec)]
Estimated time to end of superbatch: [36minf[0ms     [Fsuperbatch [36m233[0m [[35m16.8[0m% ([36m128[0m/[36m763[0m batches, [36m7500112[0m pos/sec)]
Estimated time to end of superbatch: [36m11.2[0ms     [Fsuperbatch [36m233[0m [[35m33.6[0m% ([36m256[0m/[36m763[0m batches, [36m7496996[0m pos/sec)]
Estimated time to end of superbatch: [36m8.9[0ms     [Fsuperbatch [36m233[0m [[35m50.3[0m% ([36m384[0m/[36m763[0m batches, [36m7495853[0m pos/sec)]
Estimated time to end of superbatch: [36m6.6[0ms     [Fsuperbatch [36m233[0m [[35m67.1[0m% ([36m512[0m/[36m763[0m batches, [36m7496684[0m pos/sec)]
Estimated time to end of superbatch: [36m4.4[0ms     [Fsuperbatch [36m233[0m [[35m83.9[0m% ([36m640[0m/[36m763[0m batches, [36m7497738[0m pos/sec)]
Estimated time to end of superbatch: [36m2.2[0ms     [Fsuperbatch [36m233[0m | time [36m13.3[0ms | running loss [36m0.017867[0m | [36m7493604[0m pos/sec | total time [36m3226.0[0ms
Estimated time remaining in training: [36m0[0mh [36m17[0mm [36m46[0ms
LR dropped to [36m0.00024591613[0m
superbatch [36m234[0m [[35m0.0[0m% ([36m0[0m/[36m763[0m batches, [36m7461408[0m pos/sec)]
Estimated time to end of superbatch: [36minf[0ms     [Fsuperbatch [36m234[0m [[35m16.8[0m% ([36m128[0m/[36m763[0m batches, [36m7467965[0m pos/sec)]
Estimated time to end of superbatch: [36m11.2[0ms     [Fsuperbatch [36m234[0m [[35m33.6[0m% ([36m256[0m/[36m763[0m batches, [36m7472430[0m pos/sec)]
Estimated time to end of superbatch: [36m8.9[0ms     [Fsuperbatch [36m234[0m [[35m50.3[0m% ([36m384[0m/[36m763[0m batches, [36m7474338[0m pos/sec)]
Estimated time to end of superbatch: [36m6.7[0ms     [Fsuperbatch [36m234[0m [[35m67.1[0m% ([36m512[0m/[36m763[0m batches, [36m7473680[0m pos/sec)]
Estimated time to end of superbatch: [36m4.4[0ms     [Fsuperbatch [36m234[0m [[35m83.9[0m% ([36m640[0m/[36m763[0m batches, [36m7473167[0m pos/sec)]
Estimated time to end of superbatch: [36m2.2[0ms     [Fsuperbatch [36m234[0m | time [36m13.4[0ms | running loss [36m0.017966[0m | [36m7473726[0m pos/sec | total time [36m3239.4[0ms
Estimated time remaining in training: [36m0[0mh [36m17[0mm [36m32[0ms
LR dropped to [36m0.00024269358[0m
superbatch [36m235[0m [[35m0.0[0m% ([36m0[0m/[36m763[0m batches, [36m7469530[0m pos/sec)]
Estimated time to end of superbatch: [36minf[0ms     [Fsuperbatch [36m235[0m [[35m16.8[0m% ([36m128[0m/[36m763[0m batches, [36m7482244[0m pos/sec)]
Estimated time to end of superbatch: [36m11.2[0ms     [Fsuperbatch [36m235[0m [[35m33.6[0m% ([36m256[0m/[36m763[0m batches, [36m7477049[0m pos/sec)]
Estimated time to end of superbatch: [36m8.9[0ms     [Fsuperbatch [36m235[0m [[35m50.3[0m% ([36m384[0m/[36m763[0m batches, [36m7473904[0m pos/sec)]
Estimated time to end of superbatch: [36m6.7[0ms     [Fsuperbatch [36m235[0m [[35m67.1[0m% ([36m512[0m/[36m763[0m batches, [36m7474271[0m pos/sec)]
Estimated time to end of superbatch: [36m4.4[0ms     [Fsuperbatch [36m235[0m [[35m83.9[0m% ([36m640[0m/[36m763[0m batches, [36m7474766[0m pos/sec)]
Estimated time to end of superbatch: [36m2.2[0ms     [Fsuperbatch [36m235[0m | time [36m13.4[0ms | running loss [36m0.018005[0m | [36m7473996[0m pos/sec | total time [36m3252.8[0ms
Estimated time remaining in training: [36m0[0mh [36m17[0mm [36m18[0ms
LR dropped to [36m0.00023947097[0m
superbatch [36m236[0m [[35m0.0[0m% ([36m0[0m/[36m763[0m batches, [36m7467844[0m pos/sec)]
Estimated time to end of superbatch: [36minf[0ms     [Fsuperbatch [36m236[0m [[35m16.8[0m% ([36m128[0m/[36m763[0m batches, [36m7469796[0m pos/sec)]
Estimated time to end of superbatch: [36m11.2[0ms     [Fsuperbatch [36m236[0m [[35m33.6[0m% ([36m256[0m/[36m763[0m batches, [36m7472250[0m pos/sec)]
Estimated time to end of superbatch: [36m8.9[0ms     [Fsuperbatch [36m236[0m [[35m50.3[0m% ([36m384[0m/[36m763[0m batches, [36m7474524[0m pos/sec)]
Estimated time to end of superbatch: [36m6.7[0ms     [Fsuperbatch [36m236[0m [[35m67.1[0m% ([36m512[0m/[36m763[0m batches, [36m7472636[0m pos/sec)]
Estimated time to end of superbatch: [36m4.4[0ms     [Fsuperbatch [36m236[0m [[35m83.9[0m% ([36m640[0m/[36m763[0m batches, [36m7470776[0m pos/sec)]
Estimated time to end of superbatch: [36m2.2[0ms     [Fsuperbatch [36m236[0m | time [36m13.4[0ms | running loss [36m0.018061[0m | [36m7469883[0m pos/sec | total time [36m3266.2[0ms
Estimated time remaining in training: [36m0[0mh [36m17[0mm [36m4[0ms
LR dropped to [36m0.00023624842[0m
superbatch [36m237[0m [[35m0.0[0m% ([36m0[0m/[36m763[0m batches, [36m7456442[0m pos/sec)]
Estimated time to end of superbatch: [36minf[0ms     [Fsuperbatch [36m237[0m [[35m16.8[0m% ([36m128[0m/[36m763[0m batches, [36m7470170[0m pos/sec)]
Estimated time to end of superbatch: [36m11.2[0ms     [Fsuperbatch [36m237[0m [[35m33.6[0m% ([36m256[0m/[36m763[0m batches, [36m7468859[0m pos/sec)]
Estimated time to end of superbatch: [36m8.9[0ms     [Fsuperbatch [36m237[0m [[35m50.3[0m% ([36m384[0m/[36m763[0m batches, [36m7466276[0m pos/sec)]
Estimated time to end of superbatch: [36m6.7[0ms     [Fsuperbatch [36m237[0m [[35m67.1[0m% ([36m512[0m/[36m763[0m batches, [36m7467186[0m pos/sec)]
Estimated time to end of superbatch: [36m4.4[0ms     [Fsuperbatch [36m237[0m [[35m83.9[0m% ([36m640[0m/[36m763[0m batches, [36m7468596[0m pos/sec)]
Estimated time to end of superbatch: [36m2.2[0ms     [Fsuperbatch [36m237[0m | time [36m13.4[0ms | running loss [36m0.018125[0m | [36m7468716[0m pos/sec | total time [36m3279.6[0ms
Estimated time remaining in training: [36m0[0mh [36m16[0mm [36m50[0ms
LR dropped to [36m0.00023302581[0m
superbatch [36m238[0m [[35m0.0[0m% ([36m0[0m/[36m763[0m batches, [36m7460668[0m pos/sec)]
Estimated time to end of superbatch: [36minf[0ms     [Fsuperbatch [36m238[0m [[35m16.8[0m% ([36m128[0m/[36m763[0m batches, [36m7464004[0m pos/sec)]
Estimated time to end of superbatch: [36m11.2[0ms     [Fsuperbatch [36m238[0m [[35m33.6[0m% ([36m256[0m/[36m763[0m batches, [36m7466603[0m pos/sec)]
Estimated time to end of superbatch: [36m8.9[0ms     [Fsuperbatch [36m238[0m [[35m50.3[0m% ([36m384[0m/[36m763[0m batches, [36m7465200[0m pos/sec)]
Estimated time to end of superbatch: [36m6.7[0ms     [Fsuperbatch [36m238[0m [[35m67.1[0m% ([36m512[0m/[36m763[0m batches, [36m7454438[0m pos/sec)]
Estimated time to end of superbatch: [36m4.4[0ms     [Fsuperbatch [36m238[0m [[35m83.9[0m% ([36m640[0m/[36m763[0m batches, [36m7456067[0m pos/sec)]
Estimated time to end of superbatch: [36m2.2[0ms     [Fsuperbatch [36m238[0m | time [36m13.4[0ms | running loss [36m0.018173[0m | [36m7458256[0m pos/sec | total time [36m3293.0[0ms
Estimated time remaining in training: [36m0[0mh [36m16[0mm [36m36[0ms
LR dropped to [36m0.00022980326[0m
superbatch [36m239[0m [[35m0.0[0m% ([36m0[0m/[36m763[0m batches, [36m7463650[0m pos/sec)]
Estimated time to end of superbatch: [36minf[0ms     [Fsuperbatch [36m239[0m [[35m16.8[0m% ([36m128[0m/[36m763[0m batches, [36m7468635[0m pos/sec)]
Estimated time to end of superbatch: [36m11.2[0ms     [Fsuperbatch [36m239[0m [[35m33.6[0m% ([36m256[0m/[36m763[0m batches, [36m7469490[0m pos/sec)]
Estimated time to end of superbatch: [36m8.9[0ms     [Fsuperbatch [36m239[0m [[35m50.3[0m% ([36m384[0m/[36m763[0m batches, [36m7466683[0m pos/sec)]
Estimated time to end of superbatch: [36m6.7[0ms     [Fsuperbatch [36m239[0m [[35m67.1[0m% ([36m512[0m/[36m763[0m batches, [36m7466540[0m pos/sec)]
Estimated time to end of superbatch: [36m4.4[0ms     [Fsuperbatch [36m239[0m [[35m83.9[0m% ([36m640[0m/[36m763[0m batches, [36m7467291[0m pos/sec)]
Estimated time to end of superbatch: [36m2.2[0ms     [Fsuperbatch [36m239[0m | time [36m13.4[0ms | running loss [36m0.018153[0m | [36m7467144[0m pos/sec | total time [36m3306.4[0ms
Estimated time remaining in training: [36m0[0mh [36m16[0mm [36m22[0ms
LR dropped to [36m0.00022658071[0m
superbatch [36m240[0m [[35m0.0[0m% ([36m0[0m/[36m763[0m batches, [36m7452016[0m pos/sec)]
Estimated time to end of superbatch: [36minf[0ms     [Fsuperbatch [36m240[0m [[35m16.8[0m% ([36m128[0m/[36m763[0m batches, [36m7461774[0m pos/sec)]
Estimated time to end of superbatch: [36m11.2[0ms     [Fsuperbatch [36m240[0m [[35m33.6[0m% ([36m256[0m/[36m763[0m batches, [36m7462862[0m pos/sec)]
Estimated time to end of superbatch: [36m8.9[0ms     [Fsuperbatch [36m240[0m [[35m50.3[0m% ([36m384[0m/[36m763[0m batches, [36m7465355[0m pos/sec)]
Estimated time to end of superbatch: [36m6.7[0ms     [Fsuperbatch [36m240[0m [[35m67.1[0m% ([36m512[0m/[36m763[0m batches, [36m7466243[0m pos/sec)]
Estimated time to end of superbatch: [36m4.4[0ms     [Fsuperbatch [36m240[0m [[35m83.9[0m% ([36m640[0m/[36m763[0m batches, [36m7465906[0m pos/sec)]
Estimated time to end of superbatch: [36m2.2[0ms     [Fsuperbatch [36m240[0m | time [36m13.4[0ms | running loss [36m0.018206[0m | [36m7466979[0m pos/sec | total time [36m3319.8[0ms
Estimated time remaining in training: [36m0[0mh [36m16[0mm [36m8[0ms
Saved [anna-v4-s1-240]
LR dropped to [36m0.0002233581[0m
superbatch [36m241[0m [[35m0.0[0m% ([36m0[0m/[36m763[0m batches, [36m7502552[0m pos/sec)]
Estimated time to end of superbatch: [36minf[0ms     [Fsuperbatch [36m241[0m [[35m16.8[0m% ([36m128[0m/[36m763[0m batches, [36m7484279[0m pos/sec)]
Estimated time to end of superbatch: [36m11.2[0ms     [Fsuperbatch [36m241[0m [[35m33.6[0m% ([36m256[0m/[36m763[0m batches, [36m7480199[0m pos/sec)]
Estimated time to end of superbatch: [36m8.9[0ms     [Fsuperbatch [36m241[0m [[35m50.3[0m% ([36m384[0m/[36m763[0m batches, [36m7475278[0m pos/sec)]
Estimated time to end of superbatch: [36m6.7[0ms     [Fsuperbatch [36m241[0m [[35m67.1[0m% ([36m512[0m/[36m763[0m batches, [36m7474182[0m pos/sec)]
Estimated time to end of superbatch: [36m4.4[0ms     [Fsuperbatch [36m241[0m [[35m83.9[0m% ([36m640[0m/[36m763[0m batches, [36m7473538[0m pos/sec)]
Estimated time to end of superbatch: [36m2.2[0ms     [Fsuperbatch [36m241[0m | time [36m13.4[0ms | running loss [36m0.018202[0m | [36m7472661[0m pos/sec | total time [36m3334.3[0ms
Estimated time remaining in training: [36m0[0mh [36m15[0mm [36m54[0ms
LR dropped to [36m0.00022013555[0m
superbatch [36m242[0m [[35m0.0[0m% ([36m0[0m/[36m763[0m batches, [36m7466049[0m pos/sec)]
Estimated time to end of superbatch: [36minf[0ms     [Fsuperbatch [36m242[0m [[35m16.8[0m% ([36m128[0m/[36m763[0m batches, [36m7466890[0m pos/sec)]
Estimated time to end of superbatch: [36m11.2[0ms     [Fsuperbatch [36m242[0m [[35m33.6[0m% ([36m256[0m/[36m763[0m batches, [36m7458589[0m pos/sec)]
Estimated time to end of superbatch: [36m8.9[0ms     [Fsuperbatch [36m242[0m [[35m50.3[0m% ([36m384[0m/[36m763[0m batches, [36m7465638[0m pos/sec)]
Estimated time to end of superbatch: [36m6.7[0ms     [Fsuperbatch [36m242[0m [[35m67.1[0m% ([36m512[0m/[36m763[0m batches, [36m7466841[0m pos/sec)]
Estimated time to end of superbatch: [36m4.4[0ms     [Fsuperbatch [36m242[0m [[35m83.9[0m% ([36m640[0m/[36m763[0m batches, [36m7465992[0m pos/sec)]
Estimated time to end of superbatch: [36m2.2[0ms     [Fsuperbatch [36m242[0m | time [36m13.4[0ms | running loss [36m0.018322[0m | [36m7465895[0m pos/sec | total time [36m3347.7[0ms
Estimated time remaining in training: [36m0[0mh [36m15[0mm [36m40[0ms
LR dropped to [36m0.00021691289[0m
superbatch [36m243[0m [[35m0.0[0m% ([36m0[0m/[36m763[0m batches, [36m7469031[0m pos/sec)]
Estimated time to end of superbatch: [36minf[0ms     [Fsuperbatch [36m243[0m [[35m16.8[0m% ([36m128[0m/[36m763[0m batches, [36m7466518[0m pos/sec)]
Estimated time to end of superbatch: [36m11.2[0ms     [Fsuperbatch [36m243[0m [[35m33.6[0m% ([36m256[0m/[36m763[0m batches, [36m7465590[0m pos/sec)]
Estimated time to end of superbatch: [36m8.9[0ms     [Fsuperbatch [36m243[0m [[35m50.3[0m% ([36m384[0m/[36m763[0m batches, [36m7462436[0m pos/sec)]
Estimated time to end of superbatch: [36m6.7[0ms     [Fsuperbatch [36m243[0m [[35m67.1[0m% ([36m512[0m/[36m763[0m batches, [36m7460836[0m pos/sec)]
Estimated time to end of superbatch: [36m4.4[0ms     [Fsuperbatch [36m243[0m [[35m83.9[0m% ([36m640[0m/[36m763[0m batches, [36m7461760[0m pos/sec)]
Estimated time to end of superbatch: [36m2.2[0ms     [Fsuperbatch [36m243[0m | time [36m13.6[0ms | running loss [36m0.018305[0m | [36m7341246[0m pos/sec | total time [36m3361.4[0ms
Estimated time remaining in training: [36m0[0mh [36m15[0mm [36m26[0ms
LR dropped to [36m0.00021369033[0m
superbatch [36m244[0m [[35m0.0[0m% ([36m0[0m/[36m763[0m batches, [36m7477285[0m pos/sec)]
Estimated time to end of superbatch: [36minf[0ms     [Fsuperbatch [36m244[0m [[35m16.8[0m% ([36m128[0m/[36m763[0m batches, [36m7466457[0m pos/sec)]
Estimated time to end of superbatch: [36m11.2[0ms     [Fsuperbatch [36m244[0m [[35m33.6[0m% ([36m256[0m/[36m763[0m batches, [36m7468073[0m pos/sec)]
Estimated time to end of superbatch: [36m8.9[0ms     [Fsuperbatch [36m244[0m [[35m50.3[0m% ([36m384[0m/[36m763[0m batches, [36m7469333[0m pos/sec)]
Estimated time to end of superbatch: [36m6.7[0ms     [Fsuperbatch [36m244[0m [[35m67.1[0m% ([36m512[0m/[36m763[0m batches, [36m7470048[0m pos/sec)]
Estimated time to end of superbatch: [36m4.4[0ms     [Fsuperbatch [36m244[0m [[35m83.9[0m% ([36m640[0m/[36m763[0m batches, [36m7467300[0m pos/sec)]
Estimated time to end of superbatch: [36m2.2[0ms     [Fsuperbatch [36m244[0m | time [36m13.4[0ms | running loss [36m0.018363[0m | [36m7466282[0m pos/sec | total time [36m3374.7[0ms
Estimated time remaining in training: [36m0[0mh [36m15[0mm [36m12[0ms
LR dropped to [36m0.00021046773[0m
superbatch [36m245[0m [[35m0.0[0m% ([36m0[0m/[36m763[0m batches, [36m7467622[0m pos/sec)]
Estimated time to end of superbatch: [36minf[0ms     [Fsuperbatch [36m245[0m [[35m16.8[0m% ([36m128[0m/[36m763[0m batches, [36m7463399[0m pos/sec)]
Estimated time to end of superbatch: [36m11.2[0ms     [Fsuperbatch [36m245[0m [[35m33.6[0m% ([36m256[0m/[36m763[0m batches, [36m7461149[0m pos/sec)]
Estimated time to end of superbatch: [36m8.9[0ms     [Fsuperbatch [36m245[0m [[35m50.3[0m% ([36m384[0m/[36m763[0m batches, [36m7460160[0m pos/sec)]
Estimated time to end of superbatch: [36m6.7[0ms     [Fsuperbatch [36m245[0m [[35m67.1[0m% ([36m512[0m/[36m763[0m batches, [36m7461644[0m pos/sec)]
Estimated time to end of superbatch: [36m4.4[0ms     [Fsuperbatch [36m245[0m [[35m83.9[0m% ([36m640[0m/[36m763[0m batches, [36m7462308[0m pos/sec)]
Estimated time to end of superbatch: [36m2.2[0ms     [Fsuperbatch [36m245[0m | time [36m13.4[0ms | running loss [36m0.018387[0m | [36m7463028[0m pos/sec | total time [36m3388.1[0ms
Estimated time remaining in training: [36m0[0mh [36m14[0mm [36m58[0ms
LR dropped to [36m0.00020724518[0m
superbatch [36m246[0m [[35m0.0[0m% ([36m0[0m/[36m763[0m batches, [36m7451211[0m pos/sec)]
Estimated time to end of superbatch: [36minf[0ms     [Fsuperbatch [36m246[0m [[35m16.8[0m% ([36m128[0m/[36m763[0m batches, [36m7426026[0m pos/sec)]
Estimated time to end of superbatch: [36m11.3[0ms     [Fsuperbatch [36m246[0m [[35m33.6[0m% ([36m256[0m/[36m763[0m batches, [36m7431230[0m pos/sec)]
Estimated time to end of superbatch: [36m9.0[0ms     [Fsuperbatch [36m246[0m [[35m50.3[0m% ([36m384[0m/[36m763[0m batches, [36m7441736[0m pos/sec)]
Estimated time to end of superbatch: [36m6.7[0ms     [Fsuperbatch [36m246[0m [[35m67.1[0m% ([36m512[0m/[36m763[0m batches, [36m7447154[0m pos/sec)]
Estimated time to end of superbatch: [36m4.4[0ms     [Fsuperbatch [36m246[0m [[35m83.9[0m% ([36m640[0m/[36m763[0m batches, [36m7445543[0m pos/sec)]
Estimated time to end of superbatch: [36m2.2[0ms     [Fsuperbatch [36m246[0m | time [36m13.4[0ms | running loss [36m0.018516[0m | [36m7447324[0m pos/sec | total time [36m3401.6[0ms
Estimated time remaining in training: [36m0[0mh [36m14[0mm [36m44[0ms
LR dropped to [36m0.00020402257[0m
superbatch [36m247[0m [[35m0.0[0m% ([36m0[0m/[36m763[0m batches, [36m7460260[0m pos/sec)]
Estimated time to end of superbatch: [36minf[0ms     [Fsuperbatch [36m247[0m [[35m16.8[0m% ([36m128[0m/[36m763[0m batches, [36m7466416[0m pos/sec)]
Estimated time to end of superbatch: [36m11.2[0ms     [Fsuperbatch [36m247[0m [[35m33.6[0m% ([36m256[0m/[36m763[0m batches, [36m7467809[0m pos/sec)]
Estimated time to end of superbatch: [36m8.9[0ms     [Fsuperbatch [36m247[0m [[35m50.3[0m% ([36m384[0m/[36m763[0m batches, [36m7464882[0m pos/sec)]
Estimated time to end of superbatch: [36m6.7[0ms     [Fsuperbatch [36m247[0m [[35m67.1[0m% ([36m512[0m/[36m763[0m batches, [36m7463618[0m pos/sec)]
Estimated time to end of superbatch: [36m4.4[0ms     [Fsuperbatch [36m247[0m [[35m83.9[0m% ([36m640[0m/[36m763[0m batches, [36m7463804[0m pos/sec)]
Estimated time to end of superbatch: [36m2.2[0ms     [Fsuperbatch [36m247[0m | time [36m13.4[0ms | running loss [36m0.018470[0m | [36m7464072[0m pos/sec | total time [36m3415.0[0ms
Estimated time remaining in training: [36m0[0mh [36m14[0mm [36m31[0ms
LR dropped to [36m0.00020080002[0m
superbatch [36m248[0m [[35m0.0[0m% ([36m0[0m/[36m763[0m batches, [36m7452647[0m pos/sec)]
Estimated time to end of superbatch: [36minf[0ms     [Fsuperbatch [36m248[0m [[35m16.8[0m% ([36m128[0m/[36m763[0m batches, [36m7454907[0m pos/sec)]
Estimated time to end of superbatch: [36m11.3[0ms     [Fsuperbatch [36m248[0m [[35m33.6[0m% ([36m256[0m/[36m763[0m batches, [36m7456030[0m pos/sec)]
Estimated time to end of superbatch: [36m8.9[0ms     [Fsuperbatch [36m248[0m [[35m50.3[0m% ([36m384[0m/[36m763[0m batches, [36m7457750[0m pos/sec)]
Estimated time to end of superbatch: [36m6.7[0ms     [Fsuperbatch [36m248[0m [[35m67.1[0m% ([36m512[0m/[36m763[0m batches, [36m7459880[0m pos/sec)]
Estimated time to end of superbatch: [36m4.4[0ms     [Fsuperbatch [36m248[0m [[35m83.9[0m% ([36m640[0m/[36m763[0m batches, [36m7460694[0m pos/sec)]
Estimated time to end of superbatch: [36m2.2[0ms     [Fsuperbatch [36m248[0m | time [36m13.4[0ms | running loss [36m0.018576[0m | [36m7461482[0m pos/sec | total time [36m3428.4[0ms
Estimated time remaining in training: [36m0[0mh [36m14[0mm [36m17[0ms
LR dropped to [36m0.0001975774[0m
superbatch [36m249[0m [[35m0.0[0m% ([36m0[0m/[36m763[0m batches, [36m7472834[0m pos/sec)]
Estimated time to end of superbatch: [36minf[0ms     [Fsuperbatch [36m249[0m [[35m16.8[0m% ([36m128[0m/[36m763[0m batches, [36m7471222[0m pos/sec)]
Estimated time to end of superbatch: [36m11.2[0ms     [Fsuperbatch [36m249[0m [[35m33.6[0m% ([36m256[0m/[36m763[0m batches, [36m7453230[0m pos/sec)]
Estimated time to end of superbatch: [36m9.0[0ms     [Fsuperbatch [36m249[0m [[35m50.3[0m% ([36m384[0m/[36m763[0m batches, [36m7449053[0m pos/sec)]
Estimated time to end of superbatch: [36m6.7[0ms     [Fsuperbatch [36m249[0m [[35m67.1[0m% ([36m512[0m/[36m763[0m batches, [36m7448750[0m pos/sec)]
Estimated time to end of superbatch: [36m4.4[0ms     [Fsuperbatch [36m249[0m [[35m83.9[0m% ([36m640[0m/[36m763[0m batches, [36m7448734[0m pos/sec)]
Estimated time to end of superbatch: [36m2.2[0ms     [Fsuperbatch [36m249[0m | time [36m13.4[0ms | running loss [36m0.018547[0m | [36m7449588[0m pos/sec | total time [36m3441.8[0ms
Estimated time remaining in training: [36m0[0mh [36m14[0mm [36m3[0ms
LR dropped to [36m0.00019435486[0m
superbatch [36m250[0m [[35m0.0[0m% ([36m0[0m/[36m763[0m batches, [36m7450851[0m pos/sec)]
Estimated time to end of superbatch: [36minf[0ms     [Fsuperbatch [36m250[0m [[35m16.8[0m% ([36m128[0m/[36m763[0m batches, [36m7423930[0m pos/sec)]
Estimated time to end of superbatch: [36m11.3[0ms     [Fsuperbatch [36m250[0m [[35m33.6[0m% ([36m256[0m/[36m763[0m batches, [36m7427833[0m pos/sec)]
Estimated time to end of superbatch: [36m9.0[0ms     [Fsuperbatch [36m250[0m [[35m50.3[0m% ([36m384[0m/[36m763[0m batches, [36m7435714[0m pos/sec)]
Estimated time to end of superbatch: [36m6.7[0ms     [Fsuperbatch [36m250[0m [[35m67.1[0m% ([36m512[0m/[36m763[0m batches, [36m7379863[0m pos/sec)]
Estimated time to end of superbatch: [36m4.5[0ms     [Fsuperbatch [36m250[0m [[35m83.9[0m% ([36m640[0m/[36m763[0m batches, [36m7383091[0m pos/sec)]
Estimated time to end of superbatch: [36m2.2[0ms     [Fsuperbatch [36m250[0m | time [36m13.5[0ms | running loss [36m0.018763[0m | [36m7392040[0m pos/sec | total time [36m3455.3[0ms
Estimated time remaining in training: [36m0[0mh [36m13[0mm [36m49[0ms
LR dropped to [36m0.00019113225[0m
superbatch [36m251[0m [[35m0.0[0m% ([36m0[0m/[36m763[0m batches, [36m7444080[0m pos/sec)]
Estimated time to end of superbatch: [36minf[0ms     [Fsuperbatch [36m251[0m [[35m16.8[0m% ([36m128[0m/[36m763[0m batches, [36m7416992[0m pos/sec)]
Estimated time to end of superbatch: [36m11.3[0ms     [Fsuperbatch [36m251[0m [[35m33.6[0m% ([36m256[0m/[36m763[0m batches, [36m7432512[0m pos/sec)]
Estimated time to end of superbatch: [36m9.0[0ms     [Fsuperbatch [36m251[0m [[35m50.3[0m% ([36m384[0m/[36m763[0m batches, [36m7434736[0m pos/sec)]
Estimated time to end of superbatch: [36m6.7[0ms     [Fsuperbatch [36m251[0m [[35m67.1[0m% ([36m512[0m/[36m763[0m batches, [36m7436184[0m pos/sec)]
Estimated time to end of superbatch: [36m4.4[0ms     [Fsuperbatch [36m251[0m [[35m83.9[0m% ([36m640[0m/[36m763[0m batches, [36m7435046[0m pos/sec)]
Estimated time to end of superbatch: [36m2.2[0ms     [Fsuperbatch [36m251[0m | time [36m13.5[0ms | running loss [36m0.018677[0m | [36m7423287[0m pos/sec | total time [36m3468.8[0ms
Estimated time remaining in training: [36m0[0mh [36m13[0mm [36m35[0ms
LR dropped to [36m0.0001879097[0m
superbatch [36m252[0m [[35m0.0[0m% ([36m0[0m/[36m763[0m batches, [36m7427076[0m pos/sec)]
Estimated time to end of superbatch: [36minf[0ms     [Fsuperbatch [36m252[0m [[35m16.8[0m% ([36m128[0m/[36m763[0m batches, [36m7376359[0m pos/sec)]
Estimated time to end of superbatch: [36m11.4[0ms     [Fsuperbatch [36m252[0m [[35m33.6[0m% ([36m256[0m/[36m763[0m batches, [36m7382534[0m pos/sec)]
Estimated time to end of superbatch: [36m9.0[0ms     [Fsuperbatch [36m252[0m [[35m50.3[0m% ([36m384[0m/[36m763[0m batches, [36m7393036[0m pos/sec)]
Estimated time to end of superbatch: [36m6.7[0ms     [Fsuperbatch [36m252[0m [[35m67.1[0m% ([36m512[0m/[36m763[0m batches, [36m7402863[0m pos/sec)]
Estimated time to end of superbatch: [36m4.5[0ms     [Fsuperbatch [36m252[0m [[35m83.9[0m% ([36m640[0m/[36m763[0m batches, [36m7404816[0m pos/sec)]
Estimated time to end of superbatch: [36m2.2[0ms     [Fsuperbatch [36m252[0m | time [36m13.5[0ms | running loss [36m0.018857[0m | [36m7408060[0m pos/sec | total time [36m3482.3[0ms
Estimated time remaining in training: [36m0[0mh [36m13[0mm [36m21[0ms
LR dropped to [36m0.00018468709[0m
superbatch [36m253[0m [[35m0.0[0m% ([36m0[0m/[36m763[0m batches, [36m7427018[0m pos/sec)]
Estimated time to end of superbatch: [36minf[0ms     [Fsuperbatch [36m253[0m [[35m16.8[0m% ([36m128[0m/[36m763[0m batches, [36m7419706[0m pos/sec)]
Estimated time to end of superbatch: [36m11.3[0ms     [Fsuperbatch [36m253[0m [[35m33.6[0m% ([36m256[0m/[36m763[0m batches, [36m7420341[0m pos/sec)]
Estimated time to end of superbatch: [36m9.0[0ms     [Fsuperbatch [36m253[0m [[35m50.3[0m% ([36m384[0m/[36m763[0m batches, [36m7424505[0m pos/sec)]
Estimated time to end of superbatch: [36m6.7[0ms     [Fsuperbatch [36m253[0m [[35m67.1[0m% ([36m512[0m/[36m763[0m batches, [36m7422520[0m pos/sec)]
Estimated time to end of superbatch: [36m4.4[0ms     [Fsuperbatch [36m253[0m [[35m83.9[0m% ([36m640[0m/[36m763[0m batches, [36m7423819[0m pos/sec)]
Estimated time to end of superbatch: [36m2.2[0ms     [Fsuperbatch [36m253[0m | time [36m13.5[0ms | running loss [36m0.018770[0m | [36m7425038[0m pos/sec | total time [36m3495.8[0ms
Estimated time remaining in training: [36m0[0mh [36m13[0mm [36m7[0ms
LR dropped to [36m0.00018146454[0m
superbatch [36m254[0m [[35m0.0[0m% ([36m0[0m/[36m763[0m batches, [36m7437609[0m pos/sec)]
Estimated time to end of superbatch: [36minf[0ms     [Fsuperbatch [36m254[0m [[35m16.8[0m% ([36m128[0m/[36m763[0m batches, [36m7419086[0m pos/sec)]
Estimated time to end of superbatch: [36m11.3[0ms     [Fsuperbatch [36m254[0m [[35m33.6[0m% ([36m256[0m/[36m763[0m batches, [36m7428254[0m pos/sec)]
Estimated time to end of superbatch: [36m9.0[0ms     [Fsuperbatch [36m254[0m [[35m50.3[0m% ([36m384[0m/[36m763[0m batches, [36m7399490[0m pos/sec)]
Estimated time to end of superbatch: [36m6.7[0ms     [Fsuperbatch [36m254[0m [[35m67.1[0m% ([36m512[0m/[36m763[0m batches, [36m7394760[0m pos/sec)]
Estimated time to end of superbatch: [36m4.5[0ms     [Fsuperbatch [36m254[0m [[35m83.9[0m% ([36m640[0m/[36m763[0m batches, [36m7399422[0m pos/sec)]
Estimated time to end of superbatch: [36m2.2[0ms     [Fsuperbatch [36m254[0m | time [36m13.5[0ms | running loss [36m0.018927[0m | [36m7402826[0m pos/sec | total time [36m3509.3[0ms
Estimated time remaining in training: [36m0[0mh [36m12[0mm [36m53[0ms
LR dropped to [36m0.00017824199[0m
superbatch [36m255[0m [[35m0.0[0m% ([36m0[0m/[36m763[0m batches, [36m7446516[0m pos/sec)]
Estimated time to end of superbatch: [36minf[0ms     [Fsuperbatch [36m255[0m [[35m16.8[0m% ([36m128[0m/[36m763[0m batches, [36m7441850[0m pos/sec)]
Estimated time to end of superbatch: [36m11.3[0ms     [Fsuperbatch [36m255[0m [[35m33.6[0m% ([36m256[0m/[36m763[0m batches, [36m7445488[0m pos/sec)]
Estimated time to end of superbatch: [36m9.0[0ms     [Fsuperbatch [36m255[0m [[35m50.3[0m% ([36m384[0m/[36m763[0m batches, [36m7446248[0m pos/sec)]
Estimated time to end of superbatch: [36m6.7[0ms     [Fsuperbatch [36m255[0m [[35m67.1[0m% ([36m512[0m/[36m763[0m batches, [36m7445369[0m pos/sec)]
Estimated time to end of superbatch: [36m4.4[0ms     [Fsuperbatch [36m255[0m [[35m83.9[0m% ([36m640[0m/[36m763[0m batches, [36m7445749[0m pos/sec)]
Estimated time to end of superbatch: [36m2.2[0ms     [Fsuperbatch [36m255[0m | time [36m13.4[0ms | running loss [36m0.018812[0m | [36m7446464[0m pos/sec | total time [36m3522.7[0ms
Estimated time remaining in training: [36m0[0mh [36m12[0mm [36m39[0ms
LR dropped to [36m0.00017501938[0m
superbatch [36m256[0m [[35m0.0[0m% ([36m0[0m/[36m763[0m batches, [36m7455444[0m pos/sec)]
Estimated time to end of superbatch: [36minf[0ms     [Fsuperbatch [36m256[0m [[35m16.8[0m% ([36m128[0m/[36m763[0m batches, [36m7446902[0m pos/sec)]
Estimated time to end of superbatch: [36m11.3[0ms     [Fsuperbatch [36m256[0m [[35m33.6[0m% ([36m256[0m/[36m763[0m batches, [36m7444290[0m pos/sec)]
Estimated time to end of superbatch: [36m9.0[0ms     [Fsuperbatch [36m256[0m [[35m50.3[0m% ([36m384[0m/[36m763[0m batches, [36m7444796[0m pos/sec)]
Estimated time to end of superbatch: [36m6.7[0ms     [Fsuperbatch [36m256[0m [[35m67.1[0m% ([36m512[0m/[36m763[0m batches, [36m7445016[0m pos/sec)]
Estimated time to end of superbatch: [36m4.4[0ms     [Fsuperbatch [36m256[0m [[35m83.9[0m% ([36m640[0m/[36m763[0m batches, [36m7443588[0m pos/sec)]
Estimated time to end of superbatch: [36m2.2[0ms     [Fsuperbatch [36m256[0m | time [36m13.4[0ms | running loss [36m0.019010[0m | [36m7442493[0m pos/sec | total time [36m3536.1[0ms
Estimated time remaining in training: [36m0[0mh [36m12[0mm [36m25[0ms
LR dropped to [36m0.00017179683[0m
superbatch [36m257[0m [[35m0.0[0m% ([36m0[0m/[36m763[0m batches, [36m7431882[0m pos/sec)]
Estimated time to end of superbatch: [36minf[0ms     [Fsuperbatch [36m257[0m [[35m16.8[0m% ([36m128[0m/[36m763[0m batches, [36m7441626[0m pos/sec)]
Estimated time to end of superbatch: [36m11.3[0ms     [Fsuperbatch [36m257[0m [[35m33.6[0m% ([36m256[0m/[36m763[0m batches, [36m7441942[0m pos/sec)]
Estimated time to end of superbatch: [36m9.0[0ms     [Fsuperbatch [36m257[0m [[35m50.3[0m% ([36m384[0m/[36m763[0m batches, [36m7439698[0m pos/sec)]
Estimated time to end of superbatch: [36m6.7[0ms     [Fsuperbatch [36m257[0m [[35m67.1[0m% ([36m512[0m/[36m763[0m batches, [36m7438468[0m pos/sec)]
Estimated time to end of superbatch: [36m4.4[0ms     [Fsuperbatch [36m257[0m [[35m83.9[0m% ([36m640[0m/[36m763[0m batches, [36m7438610[0m pos/sec)]
Estimated time to end of superbatch: [36m2.2[0ms     [Fsuperbatch [36m257[0m | time [36m13.4[0ms | running loss [36m0.018928[0m | [36m7439026[0m pos/sec | total time [36m3549.6[0ms
Estimated time remaining in training: [36m0[0mh [36m12[0mm [36m12[0ms
LR dropped to [36m0.00016857422[0m
superbatch [36m258[0m [[35m0.0[0m% ([36m0[0m/[36m763[0m batches, [36m7431177[0m pos/sec)]
Estimated time to end of superbatch: [36minf[0ms     [Fsuperbatch [36m258[0m [[35m16.8[0m% ([36m128[0m/[36m763[0m batches, [36m7433140[0m pos/sec)]
Estimated time to end of superbatch: [36m11.3[0ms     [Fsuperbatch [36m258[0m [[35m33.6[0m% ([36m256[0m/[36m763[0m batches, [36m7430756[0m pos/sec)]
Estimated time to end of superbatch: [36m9.0[0ms     [Fsuperbatch [36m258[0m [[35m50.3[0m% ([36m384[0m/[36m763[0m batches, [36m7432946[0m pos/sec)]
Estimated time to end of superbatch: [36m6.7[0ms     [Fsuperbatch [36m258[0m [[35m67.1[0m% ([36m512[0m/[36m763[0m batches, [36m7434737[0m pos/sec)]
Estimated time to end of superbatch: [36m4.4[0ms     [Fsuperbatch [36m258[0m [[35m83.9[0m% ([36m640[0m/[36m763[0m batches, [36m7435506[0m pos/sec)]
Estimated time to end of superbatch: [36m2.2[0ms     [Fsuperbatch [36m258[0m | time [36m13.5[0ms | running loss [36m0.019108[0m | [36m7435490[0m pos/sec | total time [36m3563.0[0ms
Estimated time remaining in training: [36m0[0mh [36m11[0mm [36m58[0ms
LR dropped to [36m0.00016535167[0m
superbatch [36m259[0m [[35m0.0[0m% ([36m0[0m/[36m763[0m batches, [36m7439416[0m pos/sec)]
Estimated time to end of superbatch: [36minf[0ms     [Fsuperbatch [36m259[0m [[35m16.8[0m% ([36m128[0m/[36m763[0m batches, [36m7440790[0m pos/sec)]
Estimated time to end of superbatch: [36m11.3[0ms     [Fsuperbatch [36m259[0m [[35m33.6[0m% ([36m256[0m/[36m763[0m batches, [36m7443076[0m pos/sec)]
Estimated time to end of superbatch: [36m9.0[0ms     [Fsuperbatch [36m259[0m [[35m50.3[0m% ([36m384[0m/[36m763[0m batches, [36m7441588[0m pos/sec)]
Estimated time to end of superbatch: [36m6.7[0ms     [Fsuperbatch [36m259[0m [[35m67.1[0m% ([36m512[0m/[36m763[0m batches, [36m7440768[0m pos/sec)]
Estimated time to end of superbatch: [36m4.4[0ms     [Fsuperbatch [36m259[0m [[35m83.9[0m% ([36m640[0m/[36m763[0m batches, [36m7439854[0m pos/sec)]
Estimated time to end of superbatch: [36m2.2[0ms     [Fsuperbatch [36m259[0m | time [36m13.4[0ms | running loss [36m0.019000[0m | [36m7439430[0m pos/sec | total time [36m3576.5[0ms
Estimated time remaining in training: [36m0[0mh [36m11[0mm [36m44[0ms
LR dropped to [36m0.00016212906[0m
superbatch [36m260[0m [[35m0.0[0m% ([36m0[0m/[36m763[0m batches, [36m7408752[0m pos/sec)]
Estimated time to end of superbatch: [36minf[0ms     [Fsuperbatch [36m260[0m [[35m16.8[0m% ([36m128[0m/[36m763[0m batches, [36m7436144[0m pos/sec)]
Estimated time to end of superbatch: [36m11.3[0ms     [Fsuperbatch [36m260[0m [[35m33.6[0m% ([36m256[0m/[36m763[0m batches, [36m7434571[0m pos/sec)]
Estimated time to end of superbatch: [36m9.0[0ms     [Fsuperbatch [36m260[0m [[35m50.3[0m% ([36m384[0m/[36m763[0m batches, [36m7435552[0m pos/sec)]
Estimated time to end of superbatch: [36m6.7[0ms     [Fsuperbatch [36m260[0m [[35m67.1[0m% ([36m512[0m/[36m763[0m batches, [36m7437308[0m pos/sec)]
Estimated time to end of superbatch: [36m4.4[0ms     [Fsuperbatch [36m260[0m [[35m83.9[0m% ([36m640[0m/[36m763[0m batches, [36m7437250[0m pos/sec)]
Estimated time to end of superbatch: [36m2.2[0ms     [Fsuperbatch [36m260[0m | time [36m13.4[0ms | running loss [36m0.019188[0m | [36m7436512[0m pos/sec | total time [36m3589.9[0ms
Estimated time remaining in training: [36m0[0mh [36m11[0mm [36m30[0ms
Saved [anna-v4-s1-260]
LR dropped to [36m0.0001589065[0m
superbatch [36m261[0m [[35m0.0[0m% ([36m0[0m/[36m763[0m batches, [36m7456246[0m pos/sec)]
Estimated time to end of superbatch: [36minf[0ms     [Fsuperbatch [36m261[0m [[35m16.8[0m% ([36m128[0m/[36m763[0m batches, [36m7445035[0m pos/sec)]
Estimated time to end of superbatch: [36m11.3[0ms     [Fsuperbatch [36m261[0m [[35m33.6[0m% ([36m256[0m/[36m763[0m batches, [36m7443646[0m pos/sec)]
Estimated time to end of superbatch: [36m9.0[0ms     [Fsuperbatch [36m261[0m [[35m50.3[0m% ([36m384[0m/[36m763[0m batches, [36m7441604[0m pos/sec)]
Estimated time to end of superbatch: [36m6.7[0ms     [Fsuperbatch [36m261[0m [[35m67.1[0m% ([36m512[0m/[36m763[0m batches, [36m7440076[0m pos/sec)]
Estimated time to end of superbatch: [36m4.4[0ms     [Fsuperbatch [36m261[0m [[35m83.9[0m% ([36m640[0m/[36m763[0m batches, [36m7439553[0m pos/sec)]
Estimated time to end of superbatch: [36m2.2[0ms     [Fsuperbatch [36m261[0m | time [36m13.4[0ms | running loss [36m0.019075[0m | [36m7440562[0m pos/sec | total time [36m3604.7[0ms
Estimated time remaining in training: [36m0[0mh [36m11[0mm [36m16[0ms
LR dropped to [36m0.00015568384[0m
superbatch [36m262[0m [[35m0.0[0m% ([36m0[0m/[36m763[0m batches, [36m7442099[0m pos/sec)]
Estimated time to end of superbatch: [36minf[0ms     [Fsuperbatch [36m262[0m [[35m16.8[0m% ([36m128[0m/[36m763[0m batches, [36m7436539[0m pos/sec)]
Estimated time to end of superbatch: [36m11.3[0ms     [Fsuperbatch [36m262[0m [[35m33.6[0m% ([36m256[0m/[36m763[0m batches, [36m7433264[0m pos/sec)]
Estimated time to end of superbatch: [36m9.0[0ms     [Fsuperbatch [36m262[0m [[35m50.3[0m% ([36m384[0m/[36m763[0m batches, [36m7432690[0m pos/sec)]
Estimated time to end of superbatch: [36m6.7[0ms     [Fsuperbatch [36m262[0m [[35m67.1[0m% ([36m512[0m/[36m763[0m batches, [36m7433352[0m pos/sec)]
Estimated time to end of superbatch: [36m4.4[0ms     [Fsuperbatch [36m262[0m [[35m83.9[0m% ([36m640[0m/[36m763[0m batches, [36m7433749[0m pos/sec)]
Estimated time to end of superbatch: [36m2.2[0ms     [Fsuperbatch [36m262[0m | time [36m13.5[0ms | running loss [36m0.019242[0m | [36m7434382[0m pos/sec | total time [36m3618.1[0ms
Estimated time remaining in training: [36m0[0mh [36m11[0mm [36m2[0ms
LR dropped to [36m0.00015246129[0m
superbatch [36m263[0m [[35m0.0[0m% ([36m0[0m/[36m763[0m batches, [36m7438227[0m pos/sec)]
Estimated time to end of superbatch: [36minf[0ms     [Fsuperbatch [36m263[0m [[35m16.8[0m% ([36m128[0m/[36m763[0m batches, [36m7443920[0m pos/sec)]
Estimated time to end of superbatch: [36m11.3[0ms     [Fsuperbatch [36m263[0m [[35m33.6[0m% ([36m256[0m/[36m763[0m batches, [36m7444245[0m pos/sec)]
Estimated time to end of superbatch: [36m9.0[0ms     [Fsuperbatch [36m263[0m [[35m50.3[0m% ([36m384[0m/[36m763[0m batches, [36m7441138[0m pos/sec)]
Estimated time to end of superbatch: [36m6.7[0ms     [Fsuperbatch [36m263[0m [[35m67.1[0m% ([36m512[0m/[36m763[0m batches, [36m7437334[0m pos/sec)]
Estimated time to end of superbatch: [36m4.4[0ms     [Fsuperbatch [36m263[0m [[35m83.9[0m% ([36m640[0m/[36m763[0m batches, [36m7435930[0m pos/sec)]
Estimated time to end of superbatch: [36m2.2[0ms     [Fsuperbatch [36m263[0m | time [36m13.5[0ms | running loss [36m0.019153[0m | [36m7435284[0m pos/sec | total time [36m3631.6[0ms
Estimated time remaining in training: [36m0[0mh [36m10[0mm [36m48[0ms
LR dropped to [36m0.00014923868[0m
superbatch [36m264[0m [[35m0.0[0m% ([36m0[0m/[36m763[0m batches, [36m7441110[0m pos/sec)]
Estimated time to end of superbatch: [36minf[0ms     [Fsuperbatch [36m264[0m [[35m16.8[0m% ([36m128[0m/[36m763[0m batches, [36m7434122[0m pos/sec)]
Estimated time to end of superbatch: [36m11.3[0ms     [Fsuperbatch [36m264[0m [[35m33.6[0m% ([36m256[0m/[36m763[0m batches, [36m7429889[0m pos/sec)]
Estimated time to end of superbatch: [36m9.0[0ms     [Fsuperbatch [36m264[0m [[35m50.3[0m% ([36m384[0m/[36m763[0m batches, [36m7429130[0m pos/sec)]
Estimated time to end of superbatch: [36m6.7[0ms     [Fsuperbatch [36m264[0m [[35m67.1[0m% ([36m512[0m/[36m763[0m batches, [36m7429482[0m pos/sec)]
Estimated time to end of superbatch: [36m4.4[0ms     [Fsuperbatch [36m264[0m [[35m83.9[0m% ([36m640[0m/[36m763[0m batches, [36m7429365[0m pos/sec)]
Estimated time to end of superbatch: [36m2.2[0ms     [Fsuperbatch [36m264[0m | time [36m13.5[0ms | running loss [36m0.019334[0m | [36m7428573[0m pos/sec | total time [36m3645.0[0ms
Estimated time remaining in training: [36m0[0mh [36m10[0mm [36m35[0ms
LR dropped to [36m0.00014601613[0m
superbatch [36m265[0m [[35m0.0[0m% ([36m0[0m/[36m763[0m batches, [36m7423012[0m pos/sec)]
Estimated time to end of superbatch: [36minf[0ms     [Fsuperbatch [36m265[0m [[35m16.8[0m% ([36m128[0m/[36m763[0m batches, [36m7425423[0m pos/sec)]
Estimated time to end of superbatch: [36m11.3[0ms     [Fsuperbatch [36m265[0m [[35m33.6[0m% ([36m256[0m/[36m763[0m batches, [36m7427116[0m pos/sec)]
Estimated time to end of superbatch: [36m9.0[0ms     [Fsuperbatch [36m265[0m [[35m50.3[0m% ([36m384[0m/[36m763[0m batches, [36m7429152[0m pos/sec)]
Estimated time to end of superbatch: [36m6.7[0ms     [Fsuperbatch [36m265[0m [[35m67.1[0m% ([36m512[0m/[36m763[0m batches, [36m7428540[0m pos/sec)]
Estimated time to end of superbatch: [36m4.4[0ms     [Fsuperbatch [36m265[0m [[35m83.9[0m% ([36m640[0m/[36m763[0m batches, [36m7428778[0m pos/sec)]
Estimated time to end of superbatch: [36m2.2[0ms     [Fsuperbatch [36m265[0m | time [36m13.5[0ms | running loss [36m0.019284[0m | [36m7429400[0m pos/sec | total time [36m3658.5[0ms
Estimated time remaining in training: [36m0[0mh [36m10[0mm [36m21[0ms
LR dropped to [36m0.00014279352[0m
superbatch [36m266[0m [[35m0.0[0m% ([36m0[0m/[36m763[0m batches, [36m7432532[0m pos/sec)]
Estimated time to end of superbatch: [36minf[0ms     [Fsuperbatch [36m266[0m [[35m16.8[0m% ([36m128[0m/[36m763[0m batches, [36m7429716[0m pos/sec)]
Estimated time to end of superbatch: [36m11.3[0ms     [Fsuperbatch [36m266[0m [[35m33.6[0m% ([36m256[0m/[36m763[0m batches, [36m7427940[0m pos/sec)]
Estimated time to end of superbatch: [36m9.0[0ms     [Fsuperbatch [36m266[0m [[35m50.3[0m% ([36m384[0m/[36m763[0m batches, [36m7426117[0m pos/sec)]
Estimated time to end of superbatch: [36m6.7[0ms     [Fsuperbatch [36m266[0m [[35m67.1[0m% ([36m512[0m/[36m763[0m batches, [36m7427102[0m pos/sec)]
Estimated time to end of superbatch: [36m4.4[0ms     [Fsuperbatch [36m266[0m [[35m83.9[0m% ([36m640[0m/[36m763[0m batches, [36m7427940[0m pos/sec)]
Estimated time to end of superbatch: [36m2.2[0ms     [Fsuperbatch [36m266[0m | time [36m13.5[0ms | running loss [36m0.019455[0m | [36m7427574[0m pos/sec | total time [36m3672.0[0ms
Estimated time remaining in training: [36m0[0mh [36m10[0mm [36m7[0ms
LR dropped to [36m0.00013957097[0m
superbatch [36m267[0m [[35m0.0[0m% ([36m0[0m/[36m763[0m batches, [36m7425690[0m pos/sec)]
Estimated time to end of superbatch: [36minf[0ms     [Fsuperbatch [36m267[0m [[35m16.8[0m% ([36m128[0m/[36m763[0m batches, [36m7423858[0m pos/sec)]
Estimated time to end of superbatch: [36m11.3[0ms     [Fsuperbatch [36m267[0m [[35m33.6[0m% ([36m256[0m/[36m763[0m batches, [36m7424178[0m pos/sec)]
Estimated time to end of superbatch: [36m9.0[0ms     [Fsuperbatch [36m267[0m [[35m50.3[0m% ([36m384[0m/[36m763[0m batches, [36m7426242[0m pos/sec)]
Estimated time to end of superbatch: [36m6.7[0ms     [Fsuperbatch [36m267[0m [[35m67.1[0m% ([36m512[0m/[36m763[0m batches, [36m7425844[0m pos/sec)]
Estimated time to end of superbatch: [36m4.4[0ms     [Fsuperbatch [36m267[0m [[35m83.9[0m% ([36m640[0m/[36m763[0m batches, [36m7425639[0m pos/sec)]
Estimated time to end of superbatch: [36m2.2[0ms     [Fsuperbatch [36m267[0m | time [36m13.5[0ms | running loss [36m0.019365[0m | [36m7426410[0m pos/sec | total time [36m3685.4[0ms
Estimated time remaining in training: [36m0[0mh [36m9[0mm [36m53[0ms
LR dropped to [36m0.00013634842[0m
superbatch [36m268[0m [[35m0.0[0m% ([36m0[0m/[36m763[0m batches, [36m7423936[0m pos/sec)]
Estimated time to end of superbatch: [36minf[0ms     [Fsuperbatch [36m268[0m [[35m16.8[0m% ([36m128[0m/[36m763[0m batches, [36m7430618[0m pos/sec)]
Estimated time to end of superbatch: [36m11.3[0ms     [Fsuperbatch [36m268[0m [[35m33.6[0m% ([36m256[0m/[36m763[0m batches, [36m7427802[0m pos/sec)]
Estimated time to end of superbatch: [36m9.0[0ms     [Fsuperbatch [36m268[0m [[35m50.3[0m% ([36m384[0m/[36m763[0m batches, [36m7428058[0m pos/sec)]
Estimated time to end of superbatch: [36m6.7[0ms     [Fsuperbatch [36m268[0m [[35m67.1[0m% ([36m512[0m/[36m763[0m batches, [36m7428742[0m pos/sec)]
Estimated time to end of superbatch: [36m4.4[0ms     [Fsuperbatch [36m268[0m [[35m83.9[0m% ([36m640[0m/[36m763[0m batches, [36m7428596[0m pos/sec)]
Estimated time to end of superbatch: [36m2.2[0ms     [Fsuperbatch [36m268[0m | time [36m13.5[0ms | running loss [36m0.019511[0m | [36m7427544[0m pos/sec | total time [36m3698.9[0ms
Estimated time remaining in training: [36m0[0mh [36m9[0mm [36m39[0ms
LR dropped to [36m0.00013312581[0m
superbatch [36m269[0m [[35m0.0[0m% ([36m0[0m/[36m763[0m batches, [36m7422940[0m pos/sec)]
Estimated time to end of superbatch: [36minf[0ms     [Fsuperbatch [36m269[0m [[35m16.8[0m% ([36m128[0m/[36m763[0m batches, [36m7421530[0m pos/sec)]
Estimated time to end of superbatch: [36m11.3[0ms     [Fsuperbatch [36m269[0m [[35m33.6[0m% ([36m256[0m/[36m763[0m batches, [36m7422594[0m pos/sec)]
Estimated time to end of superbatch: [36m9.0[0ms     [Fsuperbatch [36m269[0m [[35m50.3[0m% ([36m384[0m/[36m763[0m batches, [36m7422312[0m pos/sec)]
Estimated time to end of superbatch: [36m6.7[0ms     [Fsuperbatch [36m269[0m [[35m67.1[0m% ([36m512[0m/[36m763[0m batches, [36m7419280[0m pos/sec)]
Estimated time to end of superbatch: [36m4.4[0ms     [Fsuperbatch [36m269[0m [[35m83.9[0m% ([36m640[0m/[36m763[0m batches, [36m7418248[0m pos/sec)]
Estimated time to end of superbatch: [36m2.2[0ms     [Fsuperbatch [36m269[0m | time [36m13.5[0ms | running loss [36m0.019566[0m | [36m7417909[0m pos/sec | total time [36m3712.4[0ms
Estimated time remaining in training: [36m0[0mh [36m9[0mm [36m25[0ms
LR dropped to [36m0.00012990326[0m
superbatch [36m270[0m [[35m0.0[0m% ([36m0[0m/[36m763[0m batches, [36m7410304[0m pos/sec)]
Estimated time to end of superbatch: [36minf[0ms     [Fsuperbatch [36m270[0m [[35m16.8[0m% ([36m128[0m/[36m763[0m batches, [36m7415748[0m pos/sec)]
Estimated time to end of superbatch: [36m11.3[0ms     [Fsuperbatch [36m270[0m [[35m33.6[0m% ([36m256[0m/[36m763[0m batches, [36m7411296[0m pos/sec)]
Estimated time to end of superbatch: [36m9.0[0ms     [Fsuperbatch [36m270[0m [[35m50.3[0m% ([36m384[0m/[36m763[0m batches, [36m7411414[0m pos/sec)]
Estimated time to end of superbatch: [36m6.7[0ms     [Fsuperbatch [36m270[0m [[35m67.1[0m% ([36m512[0m/[36m763[0m batches, [36m7411754[0m pos/sec)]
Estimated time to end of superbatch: [36m4.4[0ms     [Fsuperbatch [36m270[0m [[35m83.9[0m% ([36m640[0m/[36m763[0m batches, [36m7412674[0m pos/sec)]
Estimated time to end of superbatch: [36m2.2[0ms     [Fsuperbatch [36m270[0m | time [36m13.5[0ms | running loss [36m0.019745[0m | [36m7412042[0m pos/sec | total time [36m3725.9[0ms
Estimated time remaining in training: [36m0[0mh [36m9[0mm [36m11[0ms
LR dropped to [36m0.00012668065[0m
superbatch [36m271[0m [[35m0.0[0m% ([36m0[0m/[36m763[0m batches, [36m7413494[0m pos/sec)]
Estimated time to end of superbatch: [36minf[0ms     [Fsuperbatch [36m271[0m [[35m16.8[0m% ([36m128[0m/[36m763[0m batches, [36m7406762[0m pos/sec)]
Estimated time to end of superbatch: [36m11.3[0ms     [Fsuperbatch [36m271[0m [[35m33.6[0m% ([36m256[0m/[36m763[0m batches, [36m7409584[0m pos/sec)]
Estimated time to end of superbatch: [36m9.0[0ms     [Fsuperbatch [36m271[0m [[35m50.3[0m% ([36m384[0m/[36m763[0m batches, [36m7404522[0m pos/sec)]
Estimated time to end of superbatch: [36m6.7[0ms     [Fsuperbatch [36m271[0m [[35m67.1[0m% ([36m512[0m/[36m763[0m batches, [36m7404750[0m pos/sec)]
Estimated time to end of superbatch: [36m4.5[0ms     [Fsuperbatch [36m271[0m [[35m83.9[0m% ([36m640[0m/[36m763[0m batches, [36m7398232[0m pos/sec)]
Estimated time to end of superbatch: [36m2.2[0ms     [Fsuperbatch [36m271[0m | time [36m13.5[0ms | running loss [36m0.019735[0m | [36m7400342[0m pos/sec | total time [36m3739.4[0ms
Estimated time remaining in training: [36m0[0mh [36m8[0mm [36m58[0ms
LR dropped to [36m0.0001234581[0m
superbatch [36m272[0m [[35m0.0[0m% ([36m0[0m/[36m763[0m batches, [36m7415214[0m pos/sec)]
Estimated time to end of superbatch: [36minf[0ms     [Fsuperbatch [36m272[0m [[35m16.8[0m% ([36m128[0m/[36m763[0m batches, [36m7385358[0m pos/sec)]
Estimated time to end of superbatch: [36m11.4[0ms     [Fsuperbatch [36m272[0m [[35m33.6[0m% ([36m256[0m/[36m763[0m batches, [36m7395024[0m pos/sec)]
Estimated time to end of superbatch: [36m9.0[0ms     [Fsuperbatch [36m272[0m [[35m50.3[0m% ([36m384[0m/[36m763[0m batches, [36m7394255[0m pos/sec)]
Estimated time to end of superbatch: [36m6.7[0ms     [Fsuperbatch [36m272[0m [[35m67.1[0m% ([36m512[0m/[36m763[0m batches, [36m7397948[0m pos/sec)]
Estimated time to end of superbatch: [36m4.5[0ms     [Fsuperbatch [36m272[0m [[35m83.9[0m% ([36m640[0m/[36m763[0m batches, [36m7400740[0m pos/sec)]
Estimated time to end of superbatch: [36m2.2[0ms     [Fsuperbatch [36m272[0m | time [36m13.5[0ms | running loss [36m0.019843[0m | [36m7402090[0m pos/sec | total time [36m3752.9[0ms
Estimated time remaining in training: [36m0[0mh [36m8[0mm [36m44[0ms
LR dropped to [36m0.00012023549[0m
superbatch [36m273[0m [[35m0.0[0m% ([36m0[0m/[36m763[0m batches, [36m7399214[0m pos/sec)]
Estimated time to end of superbatch: [36minf[0ms     [Fsuperbatch [36m273[0m [[35m16.8[0m% ([36m128[0m/[36m763[0m batches, [36m7408464[0m pos/sec)]
Estimated time to end of superbatch: [36m11.3[0ms     [Fsuperbatch [36m273[0m [[35m33.6[0m% ([36m256[0m/[36m763[0m batches, [36m7410182[0m pos/sec)]
Estimated time to end of superbatch: [36m9.0[0ms     [Fsuperbatch [36m273[0m [[35m50.3[0m% ([36m384[0m/[36m763[0m batches, [36m7409704[0m pos/sec)]
Estimated time to end of superbatch: [36m6.7[0ms     [Fsuperbatch [36m273[0m [[35m67.1[0m% ([36m512[0m/[36m763[0m batches, [36m7406773[0m pos/sec)]
Estimated time to end of superbatch: [36m4.5[0ms     [Fsuperbatch [36m273[0m [[35m83.9[0m% ([36m640[0m/[36m763[0m batches, [36m7406040[0m pos/sec)]
Estimated time to end of superbatch: [36m2.2[0ms     [Fsuperbatch [36m273[0m | time [36m13.5[0ms | running loss [36m0.019804[0m | [36m7405704[0m pos/sec | total time [36m3766.4[0ms
Estimated time remaining in training: [36m0[0mh [36m8[0mm [36m30[0ms
LR dropped to [36m0.00011701294[0m
superbatch [36m274[0m [[35m0.0[0m% ([36m0[0m/[36m763[0m batches, [36m7416620[0m pos/sec)]
Estimated time to end of superbatch: [36minf[0ms     [Fsuperbatch [36m274[0m [[35m16.8[0m% ([36m128[0m/[36m763[0m batches, [36m7406258[0m pos/sec)]
Estimated time to end of superbatch: [36m11.3[0ms     [Fsuperbatch [36m274[0m [[35m33.6[0m% ([36m256[0m/[36m763[0m batches, [36m7406634[0m pos/sec)]
Estimated time to end of superbatch: [36m9.0[0ms     [Fsuperbatch [36m274[0m [[35m50.3[0m% ([36m384[0m/[36m763[0m batches, [36m7385944[0m pos/sec)]
Estimated time to end of superbatch: [36m6.7[0ms     [Fsuperbatch [36m274[0m [[35m67.1[0m% ([36m512[0m/[36m763[0m batches, [36m7392097[0m pos/sec)]
Estimated time to end of superbatch: [36m4.5[0ms     [Fsuperbatch [36m274[0m [[35m83.9[0m% ([36m640[0m/[36m763[0m batches, [36m7394947[0m pos/sec)]
Estimated time to end of superbatch: [36m2.2[0ms     [Fsuperbatch [36m274[0m | time [36m13.5[0ms | running loss [36m0.019879[0m | [36m7395702[0m pos/sec | total time [36m3779.9[0ms
Estimated time remaining in training: [36m0[0mh [36m8[0mm [36m16[0ms
LR dropped to [36m0.00011379033[0m
superbatch [36m275[0m [[35m0.0[0m% ([36m0[0m/[36m763[0m batches, [36m7389136[0m pos/sec)]
Estimated time to end of superbatch: [36minf[0ms     [Fsuperbatch [36m275[0m [[35m16.8[0m% ([36m128[0m/[36m763[0m batches, [36m7402514[0m pos/sec)]
Estimated time to end of superbatch: [36m11.3[0ms     [Fsuperbatch [36m275[0m [[35m33.6[0m% ([36m256[0m/[36m763[0m batches, [36m7404961[0m pos/sec)]
Estimated time to end of superbatch: [36m9.0[0ms     [Fsuperbatch [36m275[0m [[35m50.3[0m% ([36m384[0m/[36m763[0m batches, [36m7406526[0m pos/sec)]
Estimated time to end of superbatch: [36m6.7[0ms     [Fsuperbatch [36m275[0m [[35m67.1[0m% ([36m512[0m/[36m763[0m batches, [36m7406560[0m pos/sec)]
Estimated time to end of superbatch: [36m4.5[0ms     [Fsuperbatch [36m275[0m [[35m83.9[0m% ([36m640[0m/[36m763[0m batches, [36m7407010[0m pos/sec)]
Estimated time to end of superbatch: [36m2.2[0ms     [Fsuperbatch [36m275[0m | time [36m13.5[0ms | running loss [36m0.019878[0m | [36m7407430[0m pos/sec | total time [36m3793.4[0ms
Estimated time remaining in training: [36m0[0mh [36m8[0mm [36m2[0ms
LR dropped to [36m0.00011056778[0m
superbatch [36m276[0m [[35m0.0[0m% ([36m0[0m/[36m763[0m batches, [36m7410648[0m pos/sec)]
Estimated time to end of superbatch: [36minf[0ms     [Fsuperbatch [36m276[0m [[35m16.8[0m% ([36m128[0m/[36m763[0m batches, [36m7409130[0m pos/sec)]
Estimated time to end of superbatch: [36m11.3[0ms     [Fsuperbatch [36m276[0m [[35m33.6[0m% ([36m256[0m/[36m763[0m batches, [36m7405416[0m pos/sec)]
Estimated time to end of superbatch: [36m9.0[0ms     [Fsuperbatch [36m276[0m [[35m50.3[0m% ([36m384[0m/[36m763[0m batches, [36m7405378[0m pos/sec)]
Estimated time to end of superbatch: [36m6.7[0ms     [Fsuperbatch [36m276[0m [[35m67.1[0m% ([36m512[0m/[36m763[0m batches, [36m7404026[0m pos/sec)]
Estimated time to end of superbatch: [36m4.5[0ms     [Fsuperbatch [36m276[0m [[35m83.9[0m% ([36m640[0m/[36m763[0m batches, [36m7403908[0m pos/sec)]
Estimated time to end of superbatch: [36m2.2[0ms     [Fsuperbatch [36m276[0m | time [36m13.5[0ms | running loss [36m0.019971[0m | [36m7404662[0m pos/sec | total time [36m3806.9[0ms
Estimated time remaining in training: [36m0[0mh [36m7[0mm [36m48[0ms
LR dropped to [36m0.00010734517[0m
superbatch [36m277[0m [[35m0.0[0m% ([36m0[0m/[36m763[0m batches, [36m7401889[0m pos/sec)]
Estimated time to end of superbatch: [36minf[0ms     [Fsuperbatch [36m277[0m [[35m16.8[0m% ([36m128[0m/[36m763[0m batches, [36m7410266[0m pos/sec)]
Estimated time to end of superbatch: [36m11.3[0ms     [Fsuperbatch [36m277[0m [[35m33.6[0m% ([36m256[0m/[36m763[0m batches, [36m7409718[0m pos/sec)]
Estimated time to end of superbatch: [36m9.0[0ms     [Fsuperbatch [36m277[0m [[35m50.3[0m% ([36m384[0m/[36m763[0m batches, [36m7410818[0m pos/sec)]
Estimated time to end of superbatch: [36m6.7[0ms     [Fsuperbatch [36m277[0m [[35m67.1[0m% ([36m512[0m/[36m763[0m batches, [36m7410194[0m pos/sec)]
Estimated time to end of superbatch: [36m4.4[0ms     [Fsuperbatch [36m277[0m [[35m83.9[0m% ([36m640[0m/[36m763[0m batches, [36m7410118[0m pos/sec)]
Estimated time to end of superbatch: [36m2.2[0ms     [Fsuperbatch [36m277[0m | time [36m13.5[0ms | running loss [36m0.019966[0m | [36m7409666[0m pos/sec | total time [36m3820.4[0ms
Estimated time remaining in training: [36m0[0mh [36m7[0mm [36m35[0ms
LR dropped to [36m0.00010412262[0m
superbatch [36m278[0m [[35m0.0[0m% ([36m0[0m/[36m763[0m batches, [36m7404098[0m pos/sec)]
Estimated time to end of superbatch: [36minf[0ms     [Fsuperbatch [36m278[0m [[35m16.8[0m% ([36m128[0m/[36m763[0m batches, [36m7412187[0m pos/sec)]
Estimated time to end of superbatch: [36m11.3[0ms     [Fsuperbatch [36m278[0m [[35m33.6[0m% ([36m256[0m/[36m763[0m batches, [36m7409937[0m pos/sec)]
Estimated time to end of superbatch: [36m9.0[0ms     [Fsuperbatch [36m278[0m [[35m50.3[0m% ([36m384[0m/[36m763[0m batches, [36m7407639[0m pos/sec)]
Estimated time to end of superbatch: [36m6.7[0ms     [Fsuperbatch [36m278[0m [[35m67.1[0m% ([36m512[0m/[36m763[0m batches, [36m7407300[0m pos/sec)]
Estimated time to end of superbatch: [36m4.5[0ms     [Fsuperbatch [36m278[0m [[35m83.9[0m% ([36m640[0m/[36m763[0m batches, [36m7407486[0m pos/sec)]
Estimated time to end of superbatch: [36m2.2[0ms     [Fsuperbatch [36m278[0m | time [36m13.5[0ms | running loss [36m0.020045[0m | [36m7407614[0m pos/sec | total time [36m3833.9[0ms
Estimated time remaining in training: [36m0[0mh [36m7[0mm [36m21[0ms
LR dropped to [36m0.00010090001[0m
superbatch [36m279[0m [[35m0.0[0m% ([36m0[0m/[36m763[0m batches, [36m7408768[0m pos/sec)]
Estimated time to end of superbatch: [36minf[0ms     [Fsuperbatch [36m279[0m [[35m16.8[0m% ([36m128[0m/[36m763[0m batches, [36m7408060[0m pos/sec)]
Estimated time to end of superbatch: [36m11.3[0ms     [Fsuperbatch [36m279[0m [[35m33.6[0m% ([36m256[0m/[36m763[0m batches, [36m7409419[0m pos/sec)]
Estimated time to end of superbatch: [36m9.0[0ms     [Fsuperbatch [36m279[0m [[35m50.3[0m% ([36m384[0m/[36m763[0m batches, [36m7410331[0m pos/sec)]
Estimated time to end of superbatch: [36m6.7[0ms     [Fsuperbatch [36m279[0m [[35m67.1[0m% ([36m512[0m/[36m763[0m batches, [36m7409404[0m pos/sec)]
Estimated time to end of superbatch: [36m4.4[0ms     [Fsuperbatch [36m279[0m [[35m83.9[0m% ([36m640[0m/[36m763[0m batches, [36m7409056[0m pos/sec)]
Estimated time to end of superbatch: [36m2.2[0ms     [Fsuperbatch [36m279[0m | time [36m13.5[0ms | running loss [36m0.020044[0m | [36m7409376[0m pos/sec | total time [36m3847.4[0ms
Estimated time remaining in training: [36m0[0mh [36m7[0mm [36m7[0ms
LR dropped to [36m0.00009767746[0m
superbatch [36m280[0m [[35m0.0[0m% ([36m0[0m/[36m763[0m batches, [36m7409786[0m pos/sec)]
Estimated time to end of superbatch: [36minf[0ms     [Fsuperbatch [36m280[0m [[35m16.8[0m% ([36m128[0m/[36m763[0m batches, [36m7413139[0m pos/sec)]
Estimated time to end of superbatch: [36m11.3[0ms     [Fsuperbatch [36m280[0m [[35m33.6[0m% ([36m256[0m/[36m763[0m batches, [36m7408087[0m pos/sec)]
Estimated time to end of superbatch: [36m9.0[0ms     [Fsuperbatch [36m280[0m [[35m50.3[0m% ([36m384[0m/[36m763[0m batches, [36m7406376[0m pos/sec)]
Estimated time to end of superbatch: [36m6.7[0ms     [Fsuperbatch [36m280[0m [[35m67.1[0m% ([36m512[0m/[36m763[0m batches, [36m7406339[0m pos/sec)]
Estimated time to end of superbatch: [36m4.5[0ms     [Fsuperbatch [36m280[0m [[35m83.9[0m% ([36m640[0m/[36m763[0m batches, [36m7406922[0m pos/sec)]
Estimated time to end of superbatch: [36m2.2[0ms     [Fsuperbatch [36m280[0m | time [36m13.5[0ms | running loss [36m0.020188[0m | [36m7407194[0m pos/sec | total time [36m3860.9[0ms
Estimated time remaining in training: [36m0[0mh [36m6[0mm [36m53[0ms
Saved [anna-v4-s1-280]
LR dropped to [36m0.000094454794[0m
superbatch [36m281[0m [[35m0.0[0m% ([36m0[0m/[36m763[0m batches, [36m7418916[0m pos/sec)]
Estimated time to end of superbatch: [36minf[0ms     [Fsuperbatch [36m281[0m [[35m16.8[0m% ([36m128[0m/[36m763[0m batches, [36m7413896[0m pos/sec)]
Estimated time to end of superbatch: [36m11.3[0ms     [Fsuperbatch [36m281[0m [[35m33.6[0m% ([36m256[0m/[36m763[0m batches, [36m7410675[0m pos/sec)]
Estimated time to end of superbatch: [36m9.0[0ms     [Fsuperbatch [36m281[0m [[35m50.3[0m% ([36m384[0m/[36m763[0m batches, [36m7406671[0m pos/sec)]
Estimated time to end of superbatch: [36m6.7[0ms     [Fsuperbatch [36m281[0m [[35m67.1[0m% ([36m512[0m/[36m763[0m batches, [36m7405856[0m pos/sec)]
Estimated time to end of superbatch: [36m4.5[0ms     [Fsuperbatch [36m281[0m [[35m83.9[0m% ([36m640[0m/[36m763[0m batches, [36m7404703[0m pos/sec)]
Estimated time to end of superbatch: [36m2.2[0ms     [Fsuperbatch [36m281[0m | time [36m13.5[0ms | running loss [36m0.020201[0m | [36m7401810[0m pos/sec | total time [36m3875.6[0ms
Estimated time remaining in training: [36m0[0mh [36m6[0mm [36m39[0ms
LR dropped to [36m0.00009123224[0m
superbatch [36m282[0m [[35m0.0[0m% ([36m0[0m/[36m763[0m batches, [36m7400754[0m pos/sec)]
Estimated time to end of superbatch: [36minf[0ms     [Fsuperbatch [36m282[0m [[35m16.8[0m% ([36m128[0m/[36m763[0m batches, [36m7361787[0m pos/sec)]
Estimated time to end of superbatch: [36m11.4[0ms     [Fsuperbatch [36m282[0m [[35m33.6[0m% ([36m256[0m/[36m763[0m batches, [36m7366554[0m pos/sec)]
Estimated time to end of superbatch: [36m9.1[0ms     [Fsuperbatch [36m282[0m [[35m50.3[0m% ([36m384[0m/[36m763[0m batches, [36m7379321[0m pos/sec)]
Estimated time to end of superbatch: [36m6.7[0ms     [Fsuperbatch [36m282[0m [[35m67.1[0m% ([36m512[0m/[36m763[0m batches, [36m7386323[0m pos/sec)]
Estimated time to end of superbatch: [36m4.5[0ms     [Fsuperbatch [36m282[0m [[35m83.9[0m% ([36m640[0m/[36m763[0m batches, [36m7382516[0m pos/sec)]
Estimated time to end of superbatch: [36m2.2[0ms     [Fsuperbatch [36m282[0m | time [36m13.5[0ms | running loss [36m0.020228[0m | [36m7386589[0m pos/sec | total time [36m3889.2[0ms
Estimated time remaining in training: [36m0[0mh [36m6[0mm [36m26[0ms
LR dropped to [36m0.00008800969[0m
superbatch [36m283[0m [[35m0.0[0m% ([36m0[0m/[36m763[0m batches, [36m7410708[0m pos/sec)]
Estimated time to end of superbatch: [36minf[0ms     [Fsuperbatch [36m283[0m [[35m16.8[0m% ([36m128[0m/[36m763[0m batches, [36m7350571[0m pos/sec)]
Estimated time to end of superbatch: [36m11.4[0ms     [Fsuperbatch [36m283[0m [[35m33.6[0m% ([36m256[0m/[36m763[0m batches, [36m7377456[0m pos/sec)]
Estimated time to end of superbatch: [36m9.0[0ms     [Fsuperbatch [36m283[0m [[35m50.3[0m% ([36m384[0m/[36m763[0m batches, [36m7385534[0m pos/sec)]
Estimated time to end of superbatch: [36m6.7[0ms     [Fsuperbatch [36m283[0m [[35m67.1[0m% ([36m512[0m/[36m763[0m batches, [36m7390880[0m pos/sec)]
Estimated time to end of superbatch: [36m4.5[0ms     [Fsuperbatch [36m283[0m [[35m83.9[0m% ([36m640[0m/[36m763[0m batches, [36m7393958[0m pos/sec)]
Estimated time to end of superbatch: [36m2.2[0ms     [Fsuperbatch [36m283[0m | time [36m13.5[0ms | running loss [36m0.020238[0m | [36m7396164[0m pos/sec | total time [36m3902.7[0ms
Estimated time remaining in training: [36m0[0mh [36m6[0mm [36m12[0ms
LR dropped to [36m0.00008478708[0m
superbatch [36m284[0m [[35m0.0[0m% ([36m0[0m/[36m763[0m batches, [36m7398298[0m pos/sec)]
Estimated time to end of superbatch: [36minf[0ms     [Fsuperbatch [36m284[0m [[35m16.8[0m% ([36m128[0m/[36m763[0m batches, [36m7408490[0m pos/sec)]
Estimated time to end of superbatch: [36m11.3[0ms     [Fsuperbatch [36m284[0m [[35m33.6[0m% ([36m256[0m/[36m763[0m batches, [36m7406716[0m pos/sec)]
Estimated time to end of superbatch: [36m9.0[0ms     [Fsuperbatch [36m284[0m [[35m50.3[0m% ([36m384[0m/[36m763[0m batches, [36m7405876[0m pos/sec)]
Estimated time to end of superbatch: [36m6.7[0ms     [Fsuperbatch [36m284[0m [[35m67.1[0m% ([36m512[0m/[36m763[0m batches, [36m7405572[0m pos/sec)]
Estimated time to end of superbatch: [36m4.5[0ms     [Fsuperbatch [36m284[0m [[35m83.9[0m% ([36m640[0m/[36m763[0m batches, [36m7405592[0m pos/sec)]
Estimated time to end of superbatch: [36m2.2[0ms     [Fsuperbatch [36m284[0m | time [36m13.5[0ms | running loss [36m0.020340[0m | [36m7405499[0m pos/sec | total time [36m3916.2[0ms
Estimated time remaining in training: [36m0[0mh [36m5[0mm [36m58[0ms
LR dropped to [36m0.00008156453[0m
superbatch [36m285[0m [[35m0.0[0m% ([36m0[0m/[36m763[0m batches, [36m7400456[0m pos/sec)]
Estimated time to end of superbatch: [36minf[0ms     [Fsuperbatch [36m285[0m [[35m16.8[0m% ([36m128[0m/[36m763[0m batches, [36m7402023[0m pos/sec)]
Estimated time to end of superbatch: [36m11.3[0ms     [Fsuperbatch [36m285[0m [[35m33.6[0m% ([36m256[0m/[36m763[0m batches, [36m7401302[0m pos/sec)]
Estimated time to end of superbatch: [36m9.0[0ms     [Fsuperbatch [36m285[0m [[35m50.3[0m% ([36m384[0m/[36m763[0m batches, [36m7402940[0m pos/sec)]
Estimated time to end of superbatch: [36m6.7[0ms     [Fsuperbatch [36m285[0m [[35m67.1[0m% ([36m512[0m/[36m763[0m batches, [36m7403444[0m pos/sec)]
Estimated time to end of superbatch: [36m4.5[0ms     [Fsuperbatch [36m285[0m [[35m83.9[0m% ([36m640[0m/[36m763[0m batches, [36m7402592[0m pos/sec)]
Estimated time to end of superbatch: [36m2.2[0ms     [Fsuperbatch [36m285[0m | time [36m13.5[0ms | running loss [36m0.020403[0m | [36m7402119[0m pos/sec | total time [36m3929.7[0ms
Estimated time remaining in training: [36m0[0mh [36m5[0mm [36m44[0ms
LR dropped to [36m0.000078341924[0m
superbatch [36m286[0m [[35m0.0[0m% ([36m0[0m/[36m763[0m batches, [36m7403616[0m pos/sec)]
Estimated time to end of superbatch: [36minf[0ms     [Fsuperbatch [36m286[0m [[35m16.8[0m% ([36m128[0m/[36m763[0m batches, [36m7399598[0m pos/sec)]
Estimated time to end of superbatch: [36m11.3[0ms     [Fsuperbatch [36m286[0m [[35m33.6[0m% ([36m256[0m/[36m763[0m batches, [36m7402954[0m pos/sec)]
Estimated time to end of superbatch: [36m9.0[0ms     [Fsuperbatch [36m286[0m [[35m50.3[0m% ([36m384[0m/[36m763[0m batches, [36m7403836[0m pos/sec)]
Estimated time to end of superbatch: [36m6.7[0ms     [Fsuperbatch [36m286[0m [[35m67.1[0m% ([36m512[0m/[36m763[0m batches, [36m7404431[0m pos/sec)]
Estimated time to end of superbatch: [36m4.5[0ms     [Fsuperbatch [36m286[0m [[35m83.9[0m% ([36m640[0m/[36m763[0m batches, [36m7404482[0m pos/sec)]
Estimated time to end of superbatch: [36m2.2[0ms     [Fsuperbatch [36m286[0m | time [36m13.5[0ms | running loss [36m0.020436[0m | [36m7404788[0m pos/sec | total time [36m3943.2[0ms
Estimated time remaining in training: [36m0[0mh [36m5[0mm [36m30[0ms
LR dropped to [36m0.00007511937[0m
superbatch [36m287[0m [[35m0.0[0m% ([36m0[0m/[36m763[0m batches, [36m7400069[0m pos/sec)]
Estimated time to end of superbatch: [36minf[0ms     [Fsuperbatch [36m287[0m [[35m16.8[0m% ([36m128[0m/[36m763[0m batches, [36m7404875[0m pos/sec)]
Estimated time to end of superbatch: [36m11.3[0ms     [Fsuperbatch [36m287[0m [[35m33.6[0m% ([36m256[0m/[36m763[0m batches, [36m7407827[0m pos/sec)]
Estimated time to end of superbatch: [36m9.0[0ms     [Fsuperbatch [36m287[0m [[35m50.3[0m% ([36m384[0m/[36m763[0m batches, [36m7409148[0m pos/sec)]
Estimated time to end of superbatch: [36m6.7[0ms     [Fsuperbatch [36m287[0m [[35m67.1[0m% ([36m512[0m/[36m763[0m batches, [36m7408206[0m pos/sec)]
Estimated time to end of superbatch: [36m4.4[0ms     [Fsuperbatch [36m287[0m [[35m83.9[0m% ([36m640[0m/[36m763[0m batches, [36m7407292[0m pos/sec)]
Estimated time to end of superbatch: [36m2.2[0ms     [Fsuperbatch [36m287[0m | time [36m13.5[0ms | running loss [36m0.020450[0m | [36m7406916[0m pos/sec | total time [36m3956.7[0ms
Estimated time remaining in training: [36m0[0mh [36m5[0mm [36m17[0ms
LR dropped to [36m0.000071896764[0m
superbatch [36m288[0m [[35m0.0[0m% ([36m0[0m/[36m763[0m batches, [36m7408702[0m pos/sec)]
Estimated time to end of superbatch: [36minf[0ms     [Fsuperbatch [36m288[0m [[35m16.8[0m% ([36m128[0m/[36m763[0m batches, [36m7407353[0m pos/sec)]
Estimated time to end of superbatch: [36m11.3[0ms     [Fsuperbatch [36m288[0m [[35m33.6[0m% ([36m256[0m/[36m763[0m batches, [36m7406240[0m pos/sec)]
Estimated time to end of superbatch: [36m9.0[0ms     [Fsuperbatch [36m288[0m [[35m50.3[0m% ([36m384[0m/[36m763[0m batches, [36m7405740[0m pos/sec)]
Estimated time to end of superbatch: [36m6.7[0ms     [Fsuperbatch [36m288[0m [[35m67.1[0m% ([36m512[0m/[36m763[0m batches, [36m7405244[0m pos/sec)]
Estimated time to end of superbatch: [36m4.5[0ms     [Fsuperbatch [36m288[0m [[35m83.9[0m% ([36m640[0m/[36m763[0m batches, [36m7405102[0m pos/sec)]
Estimated time to end of superbatch: [36m2.2[0ms     [Fsuperbatch [36m288[0m | time [36m13.5[0ms | running loss [36m0.020543[0m | [36m7403352[0m pos/sec | total time [36m3970.2[0ms
Estimated time remaining in training: [36m0[0mh [36m5[0mm [36m3[0ms
LR dropped to [36m0.00006867421[0m
superbatch [36m289[0m [[35m0.0[0m% ([36m0[0m/[36m763[0m batches, [36m7390700[0m pos/sec)]
Estimated time to end of superbatch: [36minf[0ms     [Fsuperbatch [36m289[0m [[35m16.8[0m% ([36m128[0m/[36m763[0m batches, [36m7388482[0m pos/sec)]
Estimated time to end of superbatch: [36m11.4[0ms     [Fsuperbatch [36m289[0m [[35m33.6[0m% ([36m256[0m/[36m763[0m batches, [36m7388851[0m pos/sec)]
Estimated time to end of superbatch: [36m9.0[0ms     [Fsuperbatch [36m289[0m [[35m50.3[0m% ([36m384[0m/[36m763[0m batches, [36m7389358[0m pos/sec)]
Estimated time to end of superbatch: [36m6.7[0ms     [Fsuperbatch [36m289[0m [[35m67.1[0m% ([36m512[0m/[36m763[0m batches, [36m7389328[0m pos/sec)]
Estimated time to end of superbatch: [36m4.5[0ms     [Fsuperbatch [36m289[0m [[35m83.9[0m% ([36m640[0m/[36m763[0m batches, [36m7388652[0m pos/sec)]
Estimated time to end of superbatch: [36m2.2[0ms     [Fsuperbatch [36m289[0m | time [36m13.5[0ms | running loss [36m0.020770[0m | [36m7387878[0m pos/sec | total time [36m3983.7[0ms
Estimated time remaining in training: [36m0[0mh [36m4[0mm [36m49[0ms
LR dropped to [36m0.000065451604[0m
superbatch [36m290[0m [[35m0.0[0m% ([36m0[0m/[36m763[0m batches, [36m7380875[0m pos/sec)]
Estimated time to end of superbatch: [36minf[0ms     [Fsuperbatch [36m290[0m [[35m16.8[0m% ([36m128[0m/[36m763[0m batches, [36m7387791[0m pos/sec)]
Estimated time to end of superbatch: [36m11.4[0ms     [Fsuperbatch [36m290[0m [[35m33.6[0m% ([36m256[0m/[36m763[0m batches, [36m7387441[0m pos/sec)]
Estimated time to end of superbatch: [36m9.0[0ms     [Fsuperbatch [36m290[0m [[35m50.3[0m% ([36m384[0m/[36m763[0m batches, [36m7386956[0m pos/sec)]
Estimated time to end of superbatch: [36m6.7[0ms     [Fsuperbatch [36m290[0m [[35m67.1[0m% ([36m512[0m/[36m763[0m batches, [36m7386732[0m pos/sec)]
Estimated time to end of superbatch: [36m4.5[0ms     [Fsuperbatch [36m290[0m [[35m83.9[0m% ([36m640[0m/[36m763[0m batches, [36m7386848[0m pos/sec)]
Estimated time to end of superbatch: [36m2.2[0ms     [Fsuperbatch [36m290[0m | time [36m13.5[0ms | running loss [36m0.020796[0m | [36m7386866[0m pos/sec | total time [36m3997.3[0ms
Estimated time remaining in training: [36m0[0mh [36m4[0mm [36m35[0ms
LR dropped to [36m0.00006222905[0m
superbatch [36m291[0m [[35m0.0[0m% ([36m0[0m/[36m763[0m batches, [36m7382156[0m pos/sec)]
Estimated time to end of superbatch: [36minf[0ms     [Fsuperbatch [36m291[0m [[35m16.8[0m% ([36m128[0m/[36m763[0m batches, [36m7381548[0m pos/sec)]
Estimated time to end of superbatch: [36m11.4[0ms     [Fsuperbatch [36m291[0m [[35m33.6[0m% ([36m256[0m/[36m763[0m batches, [36m7381072[0m pos/sec)]
Estimated time to end of superbatch: [36m9.0[0ms     [Fsuperbatch [36m291[0m [[35m50.3[0m% ([36m384[0m/[36m763[0m batches, [36m7381342[0m pos/sec)]
Estimated time to end of superbatch: [36m6.7[0ms     [Fsuperbatch [36m291[0m [[35m67.1[0m% ([36m512[0m/[36m763[0m batches, [36m7381584[0m pos/sec)]
Estimated time to end of superbatch: [36m4.5[0ms     [Fsuperbatch [36m291[0m [[35m83.9[0m% ([36m640[0m/[36m763[0m batches, [36m7381784[0m pos/sec)]
Estimated time to end of superbatch: [36m2.2[0ms     [Fsuperbatch [36m291[0m | time [36m13.5[0ms | running loss [36m0.020878[0m | [36m7382040[0m pos/sec | total time [36m4010.8[0ms
Estimated time remaining in training: [36m0[0mh [36m4[0mm [36m21[0ms
LR dropped to [36m0.000059006445[0m
superbatch [36m292[0m [[35m0.0[0m% ([36m0[0m/[36m763[0m batches, [36m7390634[0m pos/sec)]
Estimated time to end of superbatch: [36minf[0ms     [Fsuperbatch [36m292[0m [[35m16.8[0m% ([36m128[0m/[36m763[0m batches, [36m7357194[0m pos/sec)]
Estimated time to end of superbatch: [36m11.4[0ms     [Fsuperbatch [36m292[0m [[35m33.6[0m% ([36m256[0m/[36m763[0m batches, [36m7371236[0m pos/sec)]
Estimated time to end of superbatch: [36m9.1[0ms     [Fsuperbatch [36m292[0m [[35m50.3[0m% ([36m384[0m/[36m763[0m batches, [36m7375420[0m pos/sec)]
Estimated time to end of superbatch: [36m6.8[0ms     [Fsuperbatch [36m292[0m [[35m67.1[0m% ([36m512[0m/[36m763[0m batches, [36m7377138[0m pos/sec)]
Estimated time to end of superbatch: [36m4.5[0ms     [Fsuperbatch [36m292[0m [[35m83.9[0m% ([36m640[0m/[36m763[0m batches, [36m7377247[0m pos/sec)]
Estimated time to end of superbatch: [36m2.2[0ms     [Fsuperbatch [36m292[0m | time [36m13.6[0ms | running loss [36m0.020857[0m | [36m7378575[0m pos/sec | total time [36m4024.4[0ms
Estimated time remaining in training: [36m0[0mh [36m4[0mm [36m8[0ms
LR dropped to [36m0.000055783894[0m
superbatch [36m293[0m [[35m0.0[0m% ([36m0[0m/[36m763[0m batches, [36m7380862[0m pos/sec)]
Estimated time to end of superbatch: [36minf[0ms     [Fsuperbatch [36m293[0m [[35m16.8[0m% ([36m128[0m/[36m763[0m batches, [36m7386842[0m pos/sec)]
Estimated time to end of superbatch: [36m11.4[0ms     [Fsuperbatch [36m293[0m [[35m33.6[0m% ([36m256[0m/[36m763[0m batches, [36m7387909[0m pos/sec)]
Estimated time to end of superbatch: [36m9.0[0ms     [Fsuperbatch [36m293[0m [[35m50.3[0m% ([36m384[0m/[36m763[0m batches, [36m7387785[0m pos/sec)]
Estimated time to end of superbatch: [36m6.7[0ms     [Fsuperbatch [36m293[0m [[35m67.1[0m% ([36m512[0m/[36m763[0m batches, [36m7387298[0m pos/sec)]
Estimated time to end of superbatch: [36m4.5[0ms     [Fsuperbatch [36m293[0m [[35m83.9[0m% ([36m640[0m/[36m763[0m batches, [36m7386363[0m pos/sec)]
Estimated time to end of superbatch: [36m2.2[0ms     [Fsuperbatch [36m293[0m | time [36m13.5[0ms | running loss [36m0.020910[0m | [36m7385778[0m pos/sec | total time [36m4037.9[0ms
Estimated time remaining in training: [36m0[0mh [36m3[0mm [36m54[0ms
LR dropped to [36m0.000052561285[0m
superbatch [36m294[0m [[35m0.0[0m% ([36m0[0m/[36m763[0m batches, [36m7378070[0m pos/sec)]
Estimated time to end of superbatch: [36minf[0ms     [Fsuperbatch [36m294[0m [[35m16.8[0m% ([36m128[0m/[36m763[0m batches, [36m7384454[0m pos/sec)]
Estimated time to end of superbatch: [36m11.4[0ms     [Fsuperbatch [36m294[0m [[35m33.6[0m% ([36m256[0m/[36m763[0m batches, [36m7386468[0m pos/sec)]
Estimated time to end of superbatch: [36m9.0[0ms     [Fsuperbatch [36m294[0m [[35m50.3[0m% ([36m384[0m/[36m763[0m batches, [36m7385064[0m pos/sec)]
Estimated time to end of superbatch: [36m6.7[0ms     [Fsuperbatch [36m294[0m [[35m67.1[0m% ([36m512[0m/[36m763[0m batches, [36m7377744[0m pos/sec)]
Estimated time to end of superbatch: [36m4.5[0ms     [Fsuperbatch [36m294[0m [[35m83.9[0m% ([36m640[0m/[36m763[0m batches, [36m7365474[0m pos/sec)]
Estimated time to end of superbatch: [36m2.2[0ms     [Fsuperbatch [36m294[0m | time [36m13.6[0ms | running loss [36m0.020948[0m | [36m7365213[0m pos/sec | total time [36m4051.5[0ms
Estimated time remaining in training: [36m0[0mh [36m3[0mm [36m40[0ms
LR dropped to [36m0.000049338734[0m
superbatch [36m295[0m [[35m0.0[0m% ([36m0[0m/[36m763[0m batches, [36m7390876[0m pos/sec)]
Estimated time to end of superbatch: [36minf[0ms     [Fsuperbatch [36m295[0m [[35m16.8[0m% ([36m128[0m/[36m763[0m batches, [36m7371532[0m pos/sec)]
Estimated time to end of superbatch: [36m11.4[0ms     [Fsuperbatch [36m295[0m [[35m33.6[0m% ([36m256[0m/[36m763[0m batches, [36m7374237[0m pos/sec)]
Estimated time to end of superbatch: [36m9.0[0ms     [Fsuperbatch [36m295[0m [[35m50.3[0m% ([36m384[0m/[36m763[0m batches, [36m7378612[0m pos/sec)]
Estimated time to end of superbatch: [36m6.8[0ms     [Fsuperbatch [36m295[0m [[35m67.1[0m% ([36m512[0m/[36m763[0m batches, [36m7381146[0m pos/sec)]
Estimated time to end of superbatch: [36m4.5[0ms     [Fsuperbatch [36m295[0m [[35m83.9[0m% ([36m640[0m/[36m763[0m batches, [36m7382244[0m pos/sec)]
Estimated time to end of superbatch: [36m2.2[0ms     [Fsuperbatch [36m295[0m | time [36m13.5[0ms | running loss [36m0.021004[0m | [36m7382687[0m pos/sec | total time [36m4065.0[0ms
Estimated time remaining in training: [36m0[0mh [36m3[0mm [36m26[0ms
LR dropped to [36m0.000046116184[0m
superbatch [36m296[0m [[35m0.0[0m% ([36m0[0m/[36m763[0m batches, [36m7381648[0m pos/sec)]
Estimated time to end of superbatch: [36minf[0ms     [Fsuperbatch [36m296[0m [[35m16.8[0m% ([36m128[0m/[36m763[0m batches, [36m7382770[0m pos/sec)]
Estimated time to end of superbatch: [36m11.4[0ms     [Fsuperbatch [36m296[0m [[35m33.6[0m% ([36m256[0m/[36m763[0m batches, [36m7382510[0m pos/sec)]
Estimated time to end of superbatch: [36m9.0[0ms     [Fsuperbatch [36m296[0m [[35m50.3[0m% ([36m384[0m/[36m763[0m batches, [36m7381451[0m pos/sec)]
Estimated time to end of superbatch: [36m6.7[0ms     [Fsuperbatch [36m296[0m [[35m67.1[0m% ([36m512[0m/[36m763[0m batches, [36m7380600[0m pos/sec)]
Estimated time to end of superbatch: [36m4.5[0ms     [Fsuperbatch [36m296[0m [[35m83.9[0m% ([36m640[0m/[36m763[0m batches, [36m7378680[0m pos/sec)]
Estimated time to end of superbatch: [36m2.2[0ms     [Fsuperbatch [36m296[0m | time [36m13.6[0ms | running loss [36m0.021011[0m | [36m7380173[0m pos/sec | total time [36m4078.6[0ms
Estimated time remaining in training: [36m0[0mh [36m3[0mm [36m12[0ms
LR dropped to [36m0.000042893575[0m
superbatch [36m297[0m [[35m0.0[0m% ([36m0[0m/[36m763[0m batches, [36m7387056[0m pos/sec)]
Estimated time to end of superbatch: [36minf[0ms     [Fsuperbatch [36m297[0m [[35m16.8[0m% ([36m128[0m/[36m763[0m batches, [36m7386042[0m pos/sec)]
Estimated time to end of superbatch: [36m11.4[0ms     [Fsuperbatch [36m297[0m [[35m33.6[0m% ([36m256[0m/[36m763[0m batches, [36m7385257[0m pos/sec)]
Estimated time to end of superbatch: [36m9.0[0ms     [Fsuperbatch [36m297[0m [[35m50.3[0m% ([36m384[0m/[36m763[0m batches, [36m7385431[0m pos/sec)]
Estimated time to end of superbatch: [36m6.7[0ms     [Fsuperbatch [36m297[0m [[35m67.1[0m% ([36m512[0m/[36m763[0m batches, [36m7385302[0m pos/sec)]
Estimated time to end of superbatch: [36m4.5[0ms     [Fsuperbatch [36m297[0m [[35m83.9[0m% ([36m640[0m/[36m763[0m batches, [36m7380668[0m pos/sec)]
Estimated time to end of superbatch: [36m2.2[0ms     [Fsuperbatch [36m297[0m | time [36m13.5[0ms | running loss [36m0.021133[0m | [36m7381068[0m pos/sec | total time [36m4092.1[0ms
Estimated time remaining in training: [36m0[0mh [36m2[0mm [36m59[0ms
LR dropped to [36m0.000039671024[0m
superbatch [36m298[0m [[35m0.0[0m% ([36m0[0m/[36m763[0m batches, [36m7385280[0m pos/sec)]
Estimated time to end of superbatch: [36minf[0ms     [Fsuperbatch [36m298[0m [[35m16.8[0m% ([36m128[0m/[36m763[0m batches, [36m7386022[0m pos/sec)]
Estimated time to end of superbatch: [36m11.4[0ms     [Fsuperbatch [36m298[0m [[35m33.6[0m% ([36m256[0m/[36m763[0m batches, [36m7384842[0m pos/sec)]
Estimated time to end of superbatch: [36m9.0[0ms     [Fsuperbatch [36m298[0m [[35m50.3[0m% ([36m384[0m/[36m763[0m batches, [36m7382834[0m pos/sec)]
Estimated time to end of superbatch: [36m6.7[0ms     [Fsuperbatch [36m298[0m [[35m67.1[0m% ([36m512[0m/[36m763[0m batches, [36m7382292[0m pos/sec)]
Estimated time to end of superbatch: [36m4.5[0ms     [Fsuperbatch [36m298[0m [[35m83.9[0m% ([36m640[0m/[36m763[0m batches, [36m7382474[0m pos/sec)]
Estimated time to end of superbatch: [36m2.2[0ms     [Fsuperbatch [36m298[0m | time [36m13.5[0ms | running loss [36m0.021155[0m | [36m7382322[0m pos/sec | total time [36m4105.7[0ms
Estimated time remaining in training: [36m0[0mh [36m2[0mm [36m45[0ms
LR dropped to [36m0.000036448415[0m
superbatch [36m299[0m [[35m0.0[0m% ([36m0[0m/[36m763[0m batches, [36m7388156[0m pos/sec)]
Estimated time to end of superbatch: [36minf[0ms     [Fsuperbatch [36m299[0m [[35m16.8[0m% ([36m128[0m/[36m763[0m batches, [36m7387085[0m pos/sec)]
Estimated time to end of superbatch: [36m11.4[0ms     [Fsuperbatch [36m299[0m [[35m33.6[0m% ([36m256[0m/[36m763[0m batches, [36m7386853[0m pos/sec)]
Estimated time to end of superbatch: [36m9.0[0ms     [Fsuperbatch [36m299[0m [[35m50.3[0m% ([36m384[0m/[36m763[0m batches, [36m7387248[0m pos/sec)]
Estimated time to end of superbatch: [36m6.7[0ms     [Fsuperbatch [36m299[0m [[35m67.1[0m% ([36m512[0m/[36m763[0m batches, [36m7386684[0m pos/sec)]
Estimated time to end of superbatch: [36m4.5[0ms     [Fsuperbatch [36m299[0m [[35m83.9[0m% ([36m640[0m/[36m763[0m batches, [36m7385669[0m pos/sec)]
Estimated time to end of superbatch: [36m2.2[0ms     [Fsuperbatch [36m299[0m | time [36m13.5[0ms | running loss [36m0.021250[0m | [36m7384956[0m pos/sec | total time [36m4119.2[0ms
Estimated time remaining in training: [36m0[0mh [36m2[0mm [36m31[0ms
LR dropped to [36m0.000033225864[0m
superbatch [36m300[0m [[35m0.0[0m% ([36m0[0m/[36m763[0m batches, [36m7374086[0m pos/sec)]
Estimated time to end of superbatch: [36minf[0ms     [Fsuperbatch [36m300[0m [[35m16.8[0m% ([36m128[0m/[36m763[0m batches, [36m7379974[0m pos/sec)]
Estimated time to end of superbatch: [36m11.4[0ms     [Fsuperbatch [36m300[0m [[35m33.6[0m% ([36m256[0m/[36m763[0m batches, [36m7379901[0m pos/sec)]
Estimated time to end of superbatch: [36m9.0[0ms     [Fsuperbatch [36m300[0m [[35m50.3[0m% ([36m384[0m/[36m763[0m batches, [36m7380761[0m pos/sec)]
Estimated time to end of superbatch: [36m6.7[0ms     [Fsuperbatch [36m300[0m [[35m67.1[0m% ([36m512[0m/[36m763[0m batches, [36m7381066[0m pos/sec)]
Estimated time to end of superbatch: [36m4.5[0ms     [Fsuperbatch [36m300[0m [[35m83.9[0m% ([36m640[0m/[36m763[0m batches, [36m7381415[0m pos/sec)]
Estimated time to end of superbatch: [36m2.2[0ms     [Fsuperbatch [36m300[0m | time [36m13.5[0ms | running loss [36m0.021242[0m | [36m7381666[0m pos/sec | total time [36m4132.8[0ms
Estimated time remaining in training: [36m0[0mh [36m2[0mm [36m17[0ms
Saved [anna-v4-s1-300]
LR dropped to [36m0.000030003197[0m
superbatch [36m301[0m [[35m0.0[0m% ([36m0[0m/[36m763[0m batches, [36m7405551[0m pos/sec)]
Estimated time to end of superbatch: [36minf[0ms     [Fsuperbatch [36m301[0m [[35m16.8[0m% ([36m128[0m/[36m763[0m batches, [36m7391960[0m pos/sec)]
Estimated time to end of superbatch: [36m11.3[0ms     [Fsuperbatch [36m301[0m [[35m33.6[0m% ([36m256[0m/[36m763[0m batches, [36m7388681[0m pos/sec)]
Estimated time to end of superbatch: [36m9.0[0ms     [Fsuperbatch [36m301[0m [[35m50.3[0m% ([36m384[0m/[36m763[0m batches, [36m7386590[0m pos/sec)]
Estimated time to end of superbatch: [36m6.7[0ms     [Fsuperbatch [36m301[0m [[35m67.1[0m% ([36m512[0m/[36m763[0m batches, [36m7385700[0m pos/sec)]
Estimated time to end of superbatch: [36m4.5[0ms     [Fsuperbatch [36m301[0m [[35m83.9[0m% ([36m640[0m/[36m763[0m batches, [36m7385571[0m pos/sec)]
Estimated time to end of superbatch: [36m2.2[0ms     [Fsuperbatch [36m301[0m | time [36m13.5[0ms | running loss [36m0.021352[0m | [36m7385228[0m pos/sec | total time [36m4147.8[0ms
Estimated time remaining in training: [36m0[0mh [36m2[0mm [36m4[0ms
LR dropped to [36m0.000026780646[0m
superbatch [36m302[0m [[35m0.0[0m% ([36m0[0m/[36m763[0m batches, [36m7387452[0m pos/sec)]
Estimated time to end of superbatch: [36minf[0ms     [Fsuperbatch [36m302[0m [[35m16.8[0m% ([36m128[0m/[36m763[0m batches, [36m7386764[0m pos/sec)]
Estimated time to end of superbatch: [36m11.4[0ms     [Fsuperbatch [36m302[0m [[35m33.6[0m% ([36m256[0m/[36m763[0m batches, [36m7386910[0m pos/sec)]
Estimated time to end of superbatch: [36m9.0[0ms     [Fsuperbatch [36m302[0m [[35m50.3[0m% ([36m384[0m/[36m763[0m batches, [36m7387208[0m pos/sec)]
Estimated time to end of superbatch: [36m6.7[0ms     [Fsuperbatch [36m302[0m [[35m67.1[0m% ([36m512[0m/[36m763[0m batches, [36m7386655[0m pos/sec)]
Estimated time to end of superbatch: [36m4.5[0ms     [Fsuperbatch [36m302[0m [[35m83.9[0m% ([36m640[0m/[36m763[0m batches, [36m7386341[0m pos/sec)]
Estimated time to end of superbatch: [36m2.2[0ms     [Fsuperbatch [36m302[0m | time [36m13.5[0ms | running loss [36m0.021370[0m | [36m7385976[0m pos/sec | total time [36m4161.4[0ms
Estimated time remaining in training: [36m0[0mh [36m1[0mm [36m50[0ms
LR dropped to [36m0.000023558037[0m
superbatch [36m303[0m [[35m0.0[0m% ([36m0[0m/[36m763[0m batches, [36m7371834[0m pos/sec)]
Estimated time to end of superbatch: [36minf[0ms     [Fsuperbatch [36m303[0m [[35m16.8[0m% ([36m128[0m/[36m763[0m batches, [36m7371174[0m pos/sec)]
Estimated time to end of superbatch: [36m11.4[0ms     [Fsuperbatch [36m303[0m [[35m33.6[0m% ([36m256[0m/[36m763[0m batches, [36m7375219[0m pos/sec)]
Estimated time to end of superbatch: [36m9.0[0ms     [Fsuperbatch [36m303[0m [[35m50.3[0m% ([36m384[0m/[36m763[0m batches, [36m7376821[0m pos/sec)]
Estimated time to end of superbatch: [36m6.8[0ms     [Fsuperbatch [36m303[0m [[35m67.1[0m% ([36m512[0m/[36m763[0m batches, [36m7376901[0m pos/sec)]
Estimated time to end of superbatch: [36m4.5[0ms     [Fsuperbatch [36m303[0m [[35m83.9[0m% ([36m640[0m/[36m763[0m batches, [36m7377540[0m pos/sec)]
Estimated time to end of superbatch: [36m2.2[0ms     [Fsuperbatch [36m303[0m | time [36m13.6[0ms | running loss [36m0.021447[0m | [36m7378240[0m pos/sec | total time [36m4174.9[0ms
Estimated time remaining in training: [36m0[0mh [36m1[0mm [36m36[0ms
LR dropped to [36m0.000020335428[0m
superbatch [36m304[0m [[35m0.0[0m% ([36m0[0m/[36m763[0m batches, [36m7388849[0m pos/sec)]
Estimated time to end of superbatch: [36minf[0ms     [Fsuperbatch [36m304[0m [[35m16.8[0m% ([36m128[0m/[36m763[0m batches, [36m7384480[0m pos/sec)]
Estimated time to end of superbatch: [36m11.4[0ms     [Fsuperbatch [36m304[0m [[35m33.6[0m% ([36m256[0m/[36m763[0m batches, [36m7384663[0m pos/sec)]
Estimated time to end of superbatch: [36m9.0[0ms     [Fsuperbatch [36m304[0m [[35m50.3[0m% ([36m384[0m/[36m763[0m batches, [36m7384536[0m pos/sec)]
Estimated time to end of superbatch: [36m6.7[0ms     [Fsuperbatch [36m304[0m [[35m67.1[0m% ([36m512[0m/[36m763[0m batches, [36m7383959[0m pos/sec)]
Estimated time to end of superbatch: [36m4.5[0ms     [Fsuperbatch [36m304[0m [[35m83.9[0m% ([36m640[0m/[36m763[0m batches, [36m7383699[0m pos/sec)]
Estimated time to end of superbatch: [36m2.2[0ms     [Fsuperbatch [36m304[0m | time [36m13.5[0ms | running loss [36m0.021456[0m | [36m7383641[0m pos/sec | total time [36m4188.5[0ms
Estimated time remaining in training: [36m0[0mh [36m1[0mm [36m22[0ms
LR dropped to [36m0.000017112936[0m
superbatch [36m305[0m [[35m0.0[0m% ([36m0[0m/[36m763[0m batches, [36m7385763[0m pos/sec)]
Estimated time to end of superbatch: [36minf[0ms     [Fsuperbatch [36m305[0m [[35m16.8[0m% ([36m128[0m/[36m763[0m batches, [36m7389462[0m pos/sec)]
Estimated time to end of superbatch: [36m11.4[0ms     [Fsuperbatch [36m305[0m [[35m33.6[0m% ([36m256[0m/[36m763[0m batches, [36m7375721[0m pos/sec)]
Estimated time to end of superbatch: [36m9.0[0ms     [Fsuperbatch [36m305[0m [[35m50.3[0m% ([36m384[0m/[36m763[0m batches, [36m7378598[0m pos/sec)]
Estimated time to end of superbatch: [36m6.8[0ms     [Fsuperbatch [36m305[0m [[35m67.1[0m% ([36m512[0m/[36m763[0m batches, [36m7379866[0m pos/sec)]
Estimated time to end of superbatch: [36m4.5[0ms     [Fsuperbatch [36m305[0m [[35m83.9[0m% ([36m640[0m/[36m763[0m batches, [36m7379124[0m pos/sec)]
Estimated time to end of superbatch: [36m2.2[0ms     [Fsuperbatch [36m305[0m | time [36m13.6[0ms | running loss [36m0.021496[0m | [36m7377958[0m pos/sec | total time [36m4202.0[0ms
Estimated time remaining in training: [36m0[0mh [36m1[0mm [36m8[0ms
LR dropped to [36m0.000013890327[0m
superbatch [36m306[0m [[35m0.0[0m% ([36m0[0m/[36m763[0m batches, [36m7370890[0m pos/sec)]
Estimated time to end of superbatch: [36minf[0ms     [Fsuperbatch [36m306[0m [[35m16.8[0m% ([36m128[0m/[36m763[0m batches, [36m7370918[0m pos/sec)]
Estimated time to end of superbatch: [36m11.4[0ms     [Fsuperbatch [36m306[0m [[35m33.6[0m% ([36m256[0m/[36m763[0m batches, [36m7369973[0m pos/sec)]
Estimated time to end of superbatch: [36m9.1[0ms     [Fsuperbatch [36m306[0m [[35m50.3[0m% ([36m384[0m/[36m763[0m batches, [36m7367853[0m pos/sec)]
Estimated time to end of superbatch: [36m6.8[0ms     [Fsuperbatch [36m306[0m [[35m67.1[0m% ([36m512[0m/[36m763[0m batches, [36m7367047[0m pos/sec)]
Estimated time to end of superbatch: [36m4.5[0ms     [Fsuperbatch [36m306[0m [[35m83.9[0m% ([36m640[0m/[36m763[0m batches, [36m7366906[0m pos/sec)]
Estimated time to end of superbatch: [36m2.2[0ms     [Fsuperbatch [36m306[0m | time [36m13.6[0ms | running loss [36m0.021570[0m | [36m7366834[0m pos/sec | total time [36m4215.6[0ms
Estimated time remaining in training: [36m0[0mh [36m0[0mm [36m55[0ms
LR dropped to [36m0.000010667718[0m
superbatch [36m307[0m [[35m0.0[0m% ([36m0[0m/[36m763[0m batches, [36m7362303[0m pos/sec)]
Estimated time to end of superbatch: [36minf[0ms     [Fsuperbatch [36m307[0m [[35m16.8[0m% ([36m128[0m/[36m763[0m batches, [36m7369916[0m pos/sec)]
Estimated time to end of superbatch: [36m11.4[0ms     [Fsuperbatch [36m307[0m [[35m33.6[0m% ([36m256[0m/[36m763[0m batches, [36m7369480[0m pos/sec)]
Estimated time to end of superbatch: [36m9.1[0ms     [Fsuperbatch [36m307[0m [[35m50.3[0m% ([36m384[0m/[36m763[0m batches, [36m7369579[0m pos/sec)]
Estimated time to end of superbatch: [36m6.8[0ms     [Fsuperbatch [36m307[0m [[35m67.1[0m% ([36m512[0m/[36m763[0m batches, [36m7369198[0m pos/sec)]
Estimated time to end of superbatch: [36m4.5[0ms     [Fsuperbatch [36m307[0m [[35m83.9[0m% ([36m640[0m/[36m763[0m batches, [36m7368390[0m pos/sec)]
Estimated time to end of superbatch: [36m2.2[0ms     [Fsuperbatch [36m307[0m | time [36m13.6[0ms | running loss [36m0.021661[0m | [36m7367908[0m pos/sec | total time [36m4229.2[0ms
Estimated time remaining in training: [36m0[0mh [36m0[0mm [36m41[0ms
LR dropped to [36m0.000007445109[0m
superbatch [36m308[0m [[35m0.0[0m% ([36m0[0m/[36m763[0m batches, [36m7357980[0m pos/sec)]
Estimated time to end of superbatch: [36minf[0ms     [Fsuperbatch [36m308[0m [[35m16.8[0m% ([36m128[0m/[36m763[0m batches, [36m7327534[0m pos/sec)]
Estimated time to end of superbatch: [36m11.4[0ms     [Fsuperbatch [36m308[0m [[35m33.6[0m% ([36m256[0m/[36m763[0m batches, [36m7325702[0m pos/sec)]
Estimated time to end of superbatch: [36m9.1[0ms     [Fsuperbatch [36m308[0m [[35m50.3[0m% ([36m384[0m/[36m763[0m batches, [36m7340178[0m pos/sec)]
Estimated time to end of superbatch: [36m6.8[0ms     [Fsuperbatch [36m308[0m [[35m67.1[0m% ([36m512[0m/[36m763[0m batches, [36m7347238[0m pos/sec)]
Estimated time to end of superbatch: [36m4.5[0ms     [Fsuperbatch [36m308[0m [[35m83.9[0m% ([36m640[0m/[36m763[0m batches, [36m7351836[0m pos/sec)]
Estimated time to end of superbatch: [36m2.2[0ms     [Fsuperbatch [36m308[0m | time [36m13.6[0ms | running loss [36m0.021720[0m | [36m7354430[0m pos/sec | total time [36m4242.8[0ms
Estimated time remaining in training: [36m0[0mh [36m0[0mm [36m27[0ms
LR dropped to [36m0.0000042226166[0m
superbatch [36m309[0m [[35m0.0[0m% ([36m0[0m/[36m763[0m batches, [36m7374020[0m pos/sec)]
Estimated time to end of superbatch: [36minf[0ms     [Fsuperbatch [36m309[0m [[35m16.8[0m% ([36m128[0m/[36m763[0m batches, [36m7364514[0m pos/sec)]
Estimated time to end of superbatch: [36m11.4[0ms     [Fsuperbatch [36m309[0m [[35m33.6[0m% ([36m256[0m/[36m763[0m batches, [36m7364510[0m pos/sec)]
Estimated time to end of superbatch: [36m9.1[0ms     [Fsuperbatch [36m309[0m [[35m50.3[0m% ([36m384[0m/[36m763[0m batches, [36m7364722[0m pos/sec)]
Estimated time to end of superbatch: [36m6.8[0ms     [Fsuperbatch [36m309[0m [[35m67.1[0m% ([36m512[0m/[36m763[0m batches, [36m7364382[0m pos/sec)]
Estimated time to end of superbatch: [36m4.5[0ms     [Fsuperbatch [36m309[0m [[35m83.9[0m% ([36m640[0m/[36m763[0m batches, [36m7365330[0m pos/sec)]
Estimated time to end of superbatch: [36m2.2[0ms     [Fsuperbatch [36m309[0m | time [36m13.6[0ms | running loss [36m0.021830[0m | [36m7364910[0m pos/sec | total time [36m4256.3[0ms
Estimated time remaining in training: [36m0[0mh [36m0[0mm [36m13[0ms
LR dropped to [36m0.000001[0m
superbatch [36m310[0m [[35m0.0[0m% ([36m0[0m/[36m763[0m batches, [36m7372212[0m pos/sec)]
Estimated time to end of superbatch: [36minf[0ms     [Fsuperbatch [36m310[0m [[35m16.8[0m% ([36m128[0m/[36m763[0m batches, [36m7362094[0m pos/sec)]
Estimated time to end of superbatch: [36m11.4[0ms     [Fsuperbatch [36m310[0m [[35m33.6[0m% ([36m256[0m/[36m763[0m batches, [36m7361822[0m pos/sec)]
Estimated time to end of superbatch: [36m9.1[0ms     [Fsuperbatch [36m310[0m [[35m50.3[0m% ([36m384[0m/[36m763[0m batches, [36m7361312[0m pos/sec)]
Estimated time to end of superbatch: [36m6.8[0ms     [Fsuperbatch [36m310[0m [[35m67.1[0m% ([36m512[0m/[36m763[0m batches, [36m7362488[0m pos/sec)]
Estimated time to end of superbatch: [36m4.5[0ms     [Fsuperbatch [36m310[0m [[35m83.9[0m% ([36m640[0m/[36m763[0m batches, [36m7362048[0m pos/sec)]
Estimated time to end of superbatch: [36m2.2[0ms     [Fsuperbatch [36m310[0m | time [36m13.6[0ms | running loss [36m0.021861[0m | [36m7331889[0m pos/sec | total time [36m4270.0[0ms
Estimated time remaining in training: [36m0[0mh [36m0[0mm [36m0[0ms
Saved [anna-v4-s1-310]
Total Training Time: [36m1[0mh [36m11[0mm [36m11[0ms
[34;1mTraining on NVIDIA GeForce RTX 4090 (sm_89)[0m
superbatch [36m1[0m [[35m0.0[0m% ([36m0[0m/[36m763[0m batches, [36m6938626[0m pos/sec)]
Estimated time to end of superbatch: [36minf[0ms     [Fsuperbatch [36m1[0m [[35m16.8[0m% ([36m128[0m/[36m763[0m batches, [36m7351740[0m pos/sec)]
Estimated time to end of superbatch: [36m11.4[0ms     [Fsuperbatch [36m1[0m [[35m33.6[0m% ([36m256[0m/[36m763[0m batches, [36m7300644[0m pos/sec)]
Estimated time to end of superbatch: [36m9.1[0ms     [Fsuperbatch [36m1[0m [[35m50.3[0m% ([36m384[0m/[36m763[0m batches, [36m7323540[0m pos/sec)]
Estimated time to end of superbatch: [36m6.8[0ms     [Fsuperbatch [36m1[0m [[35m67.1[0m% ([36m512[0m/[36m763[0m batches, [36m7329097[0m pos/sec)]
Estimated time to end of superbatch: [36m4.5[0ms     [Fsuperbatch [36m1[0m [[35m83.9[0m% ([36m640[0m/[36m763[0m batches, [36m7338280[0m pos/sec)]
Estimated time to end of superbatch: [36m2.2[0ms     [Fsuperbatch [36m1[0m | time [36m13.7[0ms | running loss [36m0.062198[0m | [36m7316052[0m pos/sec | total time [36m30.9[0ms
Estimated time remaining in training: [36m0[0mh [36m14[0mm [36m57[0ms
LR dropped to [36m0.000009339999[0m
superbatch [36m2[0m [[35m0.0[0m% ([36m0[0m/[36m763[0m batches, [36m7387516[0m pos/sec)]
Estimated time to end of superbatch: [36minf[0ms     [Fsuperbatch [36m2[0m [[35m16.8[0m% ([36m128[0m/[36m763[0m batches, [36m7387043[0m pos/sec)]
Estimated time to end of superbatch: [36m11.4[0ms     [Fsuperbatch [36m2[0m [[35m33.6[0m% ([36m256[0m/[36m763[0m batches, [36m7380272[0m pos/sec)]
Estimated time to end of superbatch: [36m9.0[0ms     [Fsuperbatch [36m2[0m [[35m50.3[0m% ([36m384[0m/[36m763[0m batches, [36m6881486[0m pos/sec)]
Estimated time to end of superbatch: [36m7.2[0ms     [Fsuperbatch [36m2[0m [[35m67.1[0m% ([36m512[0m/[36m763[0m batches, [36m6999420[0m pos/sec)]
Estimated time to end of superbatch: [36m4.7[0ms     [Fsuperbatch [36m2[0m [[35m83.9[0m% ([36m640[0m/[36m763[0m batches, [36m7067900[0m pos/sec)]
Estimated time to end of superbatch: [36m2.3[0ms     [Fsuperbatch [36m2[0m | time [36m14.1[0ms | running loss [36m0.062191[0m | [36m7117216[0m pos/sec | total time [36m45.0[0ms
Estimated time remaining in training: [36m0[0mh [36m10[0mm [36m29[0ms
LR dropped to [36m0.00000901[0m
superbatch [36m3[0m [[35m0.0[0m% ([36m0[0m/[36m763[0m batches, [36m7390902[0m pos/sec)]
Estimated time to end of superbatch: [36minf[0ms     [Fsuperbatch [36m3[0m [[35m16.8[0m% ([36m128[0m/[36m763[0m batches, [36m5036935[0m pos/sec)]
Estimated time to end of superbatch: [36m16.7[0ms     [Fsuperbatch [36m3[0m [[35m33.6[0m% ([36m256[0m/[36m763[0m batches, [36m5983880[0m pos/sec)]
Estimated time to end of superbatch: [36m11.1[0ms     [Fsuperbatch [36m3[0m [[35m50.3[0m% ([36m384[0m/[36m763[0m batches, [36m6386710[0m pos/sec)]
Estimated time to end of superbatch: [36m7.8[0ms     [Fsuperbatch [36m3[0m [[35m67.1[0m% ([36m512[0m/[36m763[0m batches, [36m6610452[0m pos/sec)]
Estimated time to end of superbatch: [36m5.0[0ms     [Fsuperbatch [36m3[0m [[35m83.9[0m% ([36m640[0m/[36m763[0m batches, [36m5834820[0m pos/sec)]
Estimated time to end of superbatch: [36m2.8[0ms     [Fsuperbatch [36m3[0m | time [36m16.6[0ms | running loss [36m0.062212[0m | [36m6037419[0m pos/sec | total time [36m61.6[0ms
Estimated time remaining in training: [36m0[0mh [36m9[0mm [36m13[0ms
LR dropped to [36m0.00000868[0m
superbatch [36m4[0m [[35m0.0[0m% ([36m0[0m/[36m763[0m batches, [36m7390861[0m pos/sec)]
Estimated time to end of superbatch: [36minf[0ms     [Fsuperbatch [36m4[0m [[35m16.8[0m% ([36m128[0m/[36m763[0m batches, [36m7387727[0m pos/sec)]
Estimated time to end of superbatch: [36m11.4[0ms     [Fsuperbatch [36m4[0m [[35m33.6[0m% ([36m256[0m/[36m763[0m batches, [36m7391468[0m pos/sec)]
Estimated time to end of superbatch: [36m9.0[0ms     [Fsuperbatch [36m4[0m [[35m50.3[0m% ([36m384[0m/[36m763[0m batches, [36m7367932[0m pos/sec)]
Estimated time to end of superbatch: [36m6.8[0ms     [Fsuperbatch [36m4[0m [[35m67.1[0m% ([36m512[0m/[36m763[0m batches, [36m7364752[0m pos/sec)]
Estimated time to end of superbatch: [36m4.5[0ms     [Fsuperbatch [36m4[0m [[35m83.9[0m% ([36m640[0m/[36m763[0m batches, [36m7370056[0m pos/sec)]
Estimated time to end of superbatch: [36m2.2[0ms     [Fsuperbatch [36m4[0m | time [36m13.6[0ms | running loss [36m0.062088[0m | [36m7373638[0m pos/sec | total time [36m75.1[0ms
Estimated time remaining in training: [36m0[0mh [36m8[0mm [36m8[0ms
LR dropped to [36m0.00000835[0m
superbatch [36m5[0m [[35m0.0[0m% ([36m0[0m/[36m763[0m batches, [36m7399152[0m pos/sec)]
Estimated time to end of superbatch: [36minf[0ms     [Fsuperbatch [36m5[0m [[35m16.8[0m% ([36m128[0m/[36m763[0m batches, [36m7396118[0m pos/sec)]
Estimated time to end of superbatch: [36m11.3[0ms     [Fsuperbatch [36m5[0m [[35m33.6[0m% ([36m256[0m/[36m763[0m batches, [36m7396032[0m pos/sec)]
Estimated time to end of superbatch: [36m9.0[0ms     [Fsuperbatch [36m5[0m [[35m50.3[0m% ([36m384[0m/[36m763[0m batches, [36m7396462[0m pos/sec)]
Estimated time to end of superbatch: [36m6.7[0ms     [Fsuperbatch [36m5[0m [[35m67.1[0m% ([36m512[0m/[36m763[0m batches, [36m7390521[0m pos/sec)]
Estimated time to end of superbatch: [36m4.5[0ms     [Fsuperbatch [36m5[0m [[35m83.9[0m% ([36m640[0m/[36m763[0m batches, [36m7385434[0m pos/sec)]
Estimated time to end of superbatch: [36m2.2[0ms     [Fsuperbatch [36m5[0m | time [36m13.5[0ms | running loss [36m0.062017[0m | [36m7382564[0m pos/sec | total time [36m88.7[0ms
Estimated time remaining in training: [36m0[0mh [36m7[0mm [36m23[0ms
LR dropped to [36m0.00000802[0m
superbatch [36m6[0m [[35m0.0[0m% ([36m0[0m/[36m763[0m batches, [36m7360154[0m pos/sec)]
Estimated time to end of superbatch: [36minf[0ms     [Fsuperbatch [36m6[0m [[35m16.8[0m% ([36m128[0m/[36m763[0m batches, [36m7365952[0m pos/sec)]
Estimated time to end of superbatch: [36m11.4[0ms     [Fsuperbatch [36m6[0m [[35m33.6[0m% ([36m256[0m/[36m763[0m batches, [36m7331439[0m pos/sec)]
Estimated time to end of superbatch: [36m9.1[0ms     [Fsuperbatch [36m6[0m [[35m50.3[0m% ([36m384[0m/[36m763[0m batches, [36m7313868[0m pos/sec)]
Estimated time to end of superbatch: [36m6.8[0ms     [Fsuperbatch [36m6[0m [[35m67.1[0m% ([36m512[0m/[36m763[0m batches, [36m7323083[0m pos/sec)]
Estimated time to end of superbatch: [36m4.5[0ms     [Fsuperbatch [36m6[0m [[35m83.9[0m% ([36m640[0m/[36m763[0m batches, [36m7325465[0m pos/sec)]
Estimated time to end of superbatch: [36m2.2[0ms     [Fsuperbatch [36m6[0m | time [36m13.6[0ms | running loss [36m0.062021[0m | [36m7331866[0m pos/sec | total time [36m102.3[0ms
Estimated time remaining in training: [36m0[0mh [36m6[0mm [36m49[0ms
LR dropped to [36m0.00000769[0m
superbatch [36m7[0m [[35m0.0[0m% ([36m0[0m/[36m763[0m batches, [36m7357832[0m pos/sec)]
Estimated time to end of superbatch: [36minf[0ms     [Fsuperbatch [36m7[0m [[35m16.8[0m% ([36m128[0m/[36m763[0m batches, [36m7368552[0m pos/sec)]
Estimated time to end of superbatch: [36m11.4[0ms     [Fsuperbatch [36m7[0m [[35m33.6[0m% ([36m256[0m/[36m763[0m batches, [36m7369888[0m pos/sec)]
Estimated time to end of superbatch: [36m9.1[0ms     [Fsuperbatch [36m7[0m [[35m50.3[0m% ([36m384[0m/[36m763[0m batches, [36m7369244[0m pos/sec)]
Estimated time to end of superbatch: [36m6.8[0ms     [Fsuperbatch [36m7[0m [[35m67.1[0m% ([36m512[0m/[36m763[0m batches, [36m7368794[0m pos/sec)]
Estimated time to end of superbatch: [36m4.5[0ms     [Fsuperbatch [36m7[0m [[35m83.9[0m% ([36m640[0m/[36m763[0m batches, [36m7368916[0m pos/sec)]
Estimated time to end of superbatch: [36m2.2[0ms     [Fsuperbatch [36m7[0m | time [36m13.6[0ms | running loss [36m0.061896[0m | [36m7368374[0m pos/sec | total time [36m115.9[0ms
Estimated time remaining in training: [36m0[0mh [36m6[0mm [36m20[0ms
LR dropped to [36m0.0000073599995[0m
superbatch [36m8[0m [[35m0.0[0m% ([36m0[0m/[36m763[0m batches, [36m7363660[0m pos/sec)]
Estimated time to end of superbatch: [36minf[0ms     [Fsuperbatch [36m8[0m [[35m16.8[0m% ([36m128[0m/[36m763[0m batches, [36m7367274[0m pos/sec)]
Estimated time to end of superbatch: [36m11.4[0ms     [Fsuperbatch [36m8[0m [[35m33.6[0m% ([36m256[0m/[36m763[0m batches, [36m7367814[0m pos/sec)]
Estimated time to end of superbatch: [36m9.1[0ms     [Fsuperbatch [36m8[0m [[35m50.3[0m% ([36m384[0m/[36m763[0m batches, [36m7369188[0m pos/sec)]
Estimated time to end of superbatch: [36m6.8[0ms     [Fsuperbatch [36m8[0m [[35m67.1[0m% ([36m512[0m/[36m763[0m batches, [36m7369867[0m pos/sec)]
Estimated time to end of superbatch: [36m4.5[0ms     [Fsuperbatch [36m8[0m [[35m83.9[0m% ([36m640[0m/[36m763[0m batches, [36m7370119[0m pos/sec)]
Estimated time to end of superbatch: [36m2.2[0ms     [Fsuperbatch [36m8[0m | time [36m13.6[0ms | running loss [36m0.061894[0m | [36m7370318[0m pos/sec | total time [36m129.4[0ms
Estimated time remaining in training: [36m0[0mh [36m5[0mm [36m55[0ms
LR dropped to [36m0.0000070299993[0m
superbatch [36m9[0m [[35m0.0[0m% ([36m0[0m/[36m763[0m batches, [36m7361324[0m pos/sec)]
Estimated time to end of superbatch: [36minf[0ms     [Fsuperbatch [36m9[0m [[35m16.8[0m% ([36m128[0m/[36m763[0m batches, [36m7369754[0m pos/sec)]
Estimated time to end of superbatch: [36m11.4[0ms     [Fsuperbatch [36m9[0m [[35m33.6[0m% ([36m256[0m/[36m763[0m batches, [36m7369238[0m pos/sec)]
Estimated time to end of superbatch: [36m9.1[0ms     [Fsuperbatch [36m9[0m [[35m50.3[0m% ([36m384[0m/[36m763[0m batches, [36m7368119[0m pos/sec)]
Estimated time to end of superbatch: [36m6.8[0ms     [Fsuperbatch [36m9[0m [[35m67.1[0m% ([36m512[0m/[36m763[0m batches, [36m7365224[0m pos/sec)]
Estimated time to end of superbatch: [36m4.5[0ms     [Fsuperbatch [36m9[0m [[35m83.9[0m% ([36m640[0m/[36m763[0m batches, [36m5873982[0m pos/sec)]
Estimated time to end of superbatch: [36m2.7[0ms     [Fsuperbatch [36m9[0m | time [36m16.5[0ms | running loss [36m0.062015[0m | [36m6074332[0m pos/sec | total time [36m145.9[0ms
Estimated time remaining in training: [36m0[0mh [36m5[0mm [36m40[0ms
LR dropped to [36m0.0000066999996[0m
superbatch [36m10[0m [[35m0.0[0m% ([36m0[0m/[36m763[0m batches, [36m7394514[0m pos/sec)]
Estimated time to end of superbatch: [36minf[0ms     [Fsuperbatch [36m10[0m [[35m16.8[0m% ([36m128[0m/[36m763[0m batches, [36m7388352[0m pos/sec)]
Estimated time to end of superbatch: [36m11.4[0ms     [Fsuperbatch [36m10[0m [[35m33.6[0m% ([36m256[0m/[36m763[0m batches, [36m7396014[0m pos/sec)]
Estimated time to end of superbatch: [36m9.0[0ms     [Fsuperbatch [36m10[0m [[35m50.3[0m% ([36m384[0m/[36m763[0m batches, [36m7330328[0m pos/sec)]
Estimated time to end of superbatch: [36m6.8[0ms     [Fsuperbatch [36m10[0m [[35m67.1[0m% ([36m512[0m/[36m763[0m batches, [36m7348410[0m pos/sec)]
Estimated time to end of superbatch: [36m4.5[0ms     [Fsuperbatch [36m10[0m [[35m83.9[0m% ([36m640[0m/[36m763[0m batches, [36m7357851[0m pos/sec)]
Estimated time to end of superbatch: [36m2.2[0ms     [Fsuperbatch [36m10[0m | time [36m13.6[0ms | running loss [36m0.061978[0m | [36m7363874[0m pos/sec | total time [36m159.5[0ms
Estimated time remaining in training: [36m0[0mh [36m5[0mm [36m18[0ms
LR dropped to [36m0.00000637[0m
superbatch [36m11[0m [[35m0.0[0m% ([36m0[0m/[36m763[0m batches, [36m7393671[0m pos/sec)]
Estimated time to end of superbatch: [36minf[0ms     [Fsuperbatch [36m11[0m [[35m16.8[0m% ([36m128[0m/[36m763[0m batches, [36m7393948[0m pos/sec)]
Estimated time to end of superbatch: [36m11.3[0ms     [Fsuperbatch [36m11[0m [[35m33.6[0m% ([36m256[0m/[36m763[0m batches, [36m7395228[0m pos/sec)]
Estimated time to end of superbatch: [36m9.0[0ms     [Fsuperbatch [36m11[0m [[35m50.3[0m% ([36m384[0m/[36m763[0m batches, [36m7395853[0m pos/sec)]
Estimated time to end of superbatch: [36m6.7[0ms     [Fsuperbatch [36m11[0m [[35m67.1[0m% ([36m512[0m/[36m763[0m batches, [36m7396992[0m pos/sec)]
Estimated time to end of superbatch: [36m4.5[0ms     [Fsuperbatch [36m11[0m [[35m83.9[0m% ([36m640[0m/[36m763[0m batches, [36m7394186[0m pos/sec)]
Estimated time to end of superbatch: [36m2.2[0ms     [Fsuperbatch [36m11[0m | time [36m13.5[0ms | running loss [36m0.062045[0m | [36m7387713[0m pos/sec | total time [36m173.0[0ms
Estimated time remaining in training: [36m0[0mh [36m4[0mm [36m58[0ms
LR dropped to [36m0.00000604[0m
superbatch [36m12[0m [[35m0.0[0m% ([36m0[0m/[36m763[0m batches, [36m7399494[0m pos/sec)]
Estimated time to end of superbatch: [36minf[0ms     [Fsuperbatch [36m12[0m [[35m16.8[0m% ([36m128[0m/[36m763[0m batches, [36m7401509[0m pos/sec)]
Estimated time to end of superbatch: [36m11.3[0ms     [Fsuperbatch [36m12[0m [[35m33.6[0m% ([36m256[0m/[36m763[0m batches, [36m7395130[0m pos/sec)]
Estimated time to end of superbatch: [36m9.0[0ms     [Fsuperbatch [36m12[0m [[35m50.3[0m% ([36m384[0m/[36m763[0m batches, [36m7390126[0m pos/sec)]
Estimated time to end of superbatch: [36m6.7[0ms     [Fsuperbatch [36m12[0m [[35m67.1[0m% ([36m512[0m/[36m763[0m batches, [36m7392797[0m pos/sec)]
Estimated time to end of superbatch: [36m4.5[0ms     [Fsuperbatch [36m12[0m [[35m83.9[0m% ([36m640[0m/[36m763[0m batches, [36m7394165[0m pos/sec)]
Estimated time to end of superbatch: [36m2.2[0ms     [Fsuperbatch [36m12[0m | time [36m13.5[0ms | running loss [36m0.061988[0m | [36m7394764[0m pos/sec | total time [36m186.6[0ms
Estimated time remaining in training: [36m0[0mh [36m4[0mm [36m39[0ms
LR dropped to [36m0.0000057099996[0m
superbatch [36m13[0m [[35m0.0[0m% ([36m0[0m/[36m763[0m batches, [36m7393646[0m pos/sec)]
Estimated time to end of superbatch: [36minf[0ms     [Fsuperbatch [36m13[0m [[35m16.8[0m% ([36m128[0m/[36m763[0m batches, [36m7398336[0m pos/sec)]
Estimated time to end of superbatch: [36m11.3[0ms     [Fsuperbatch [36m13[0m [[35m33.6[0m% ([36m256[0m/[36m763[0m batches, [36m7399792[0m pos/sec)]
Estimated time to end of superbatch: [36m9.0[0ms     [Fsuperbatch [36m13[0m [[35m50.3[0m% ([36m384[0m/[36m763[0m batches, [36m7399526[0m pos/sec)]
Estimated time to end of superbatch: [36m6.7[0ms     [Fsuperbatch [36m13[0m [[35m67.1[0m% ([36m512[0m/[36m763[0m batches, [36m7399460[0m pos/sec)]
Estimated time to end of superbatch: [36m4.5[0ms     [Fsuperbatch [36m13[0m [[35m83.9[0m% ([36m640[0m/[36m763[0m batches, [36m7399739[0m pos/sec)]
Estimated time to end of superbatch: [36m2.2[0ms     [Fsuperbatch [36m13[0m | time [36m13.5[0ms | running loss [36m0.062047[0m | [36m7396611[0m pos/sec | total time [36m200.1[0ms
Estimated time remaining in training: [36m0[0mh [36m4[0mm [36m21[0ms
LR dropped to [36m0.00000538[0m
superbatch [36m14[0m [[35m0.0[0m% ([36m0[0m/[36m763[0m batches, [36m7400576[0m pos/sec)]
Estimated time to end of superbatch: [36minf[0ms     [Fsuperbatch [36m14[0m [[35m16.8[0m% ([36m128[0m/[36m763[0m batches, [36m7401008[0m pos/sec)]
Estimated time to end of superbatch: [36m11.3[0ms     [Fsuperbatch [36m14[0m [[35m33.6[0m% ([36m256[0m/[36m763[0m batches, [36m7401408[0m pos/sec)]
Estimated time to end of superbatch: [36m9.0[0ms     [Fsuperbatch [36m14[0m [[35m50.3[0m% ([36m384[0m/[36m763[0m batches, [36m7394016[0m pos/sec)]
Estimated time to end of superbatch: [36m6.7[0ms     [Fsuperbatch [36m14[0m [[35m67.1[0m% ([36m512[0m/[36m763[0m batches, [36m7395614[0m pos/sec)]
Estimated time to end of superbatch: [36m4.5[0ms     [Fsuperbatch [36m14[0m [[35m83.9[0m% ([36m640[0m/[36m763[0m batches, [36m7396196[0m pos/sec)]
Estimated time to end of superbatch: [36m2.2[0ms     [Fsuperbatch [36m14[0m | time [36m13.5[0ms | running loss [36m0.062039[0m | [36m7396725[0m pos/sec | total time [36m213.6[0ms
Estimated time remaining in training: [36m0[0mh [36m4[0mm [36m4[0ms
LR dropped to [36m0.00000505[0m
superbatch [36m15[0m [[35m0.0[0m% ([36m0[0m/[36m763[0m batches, [36m7400776[0m pos/sec)]
Estimated time to end of superbatch: [36minf[0ms     [Fsuperbatch [36m15[0m [[35m16.8[0m% ([36m128[0m/[36m763[0m batches, [36m7399204[0m pos/sec)]
Estimated time to end of superbatch: [36m11.3[0ms     [Fsuperbatch [36m15[0m [[35m33.6[0m% ([36m256[0m/[36m763[0m batches, [36m7399284[0m pos/sec)]
Estimated time to end of superbatch: [36m9.0[0ms     [Fsuperbatch [36m15[0m [[35m50.3[0m% ([36m384[0m/[36m763[0m batches, [36m7398972[0m pos/sec)]
Estimated time to end of superbatch: [36m6.7[0ms     [Fsuperbatch [36m15[0m [[35m67.1[0m% ([36m512[0m/[36m763[0m batches, [36m7399148[0m pos/sec)]
Estimated time to end of superbatch: [36m4.5[0ms     [Fsuperbatch [36m15[0m [[35m83.9[0m% ([36m640[0m/[36m763[0m batches, [36m7395884[0m pos/sec)]
Estimated time to end of superbatch: [36m2.2[0ms     [Fsuperbatch [36m15[0m | time [36m13.5[0ms | running loss [36m0.062027[0m | [36m7391210[0m pos/sec | total time [36m227.1[0ms
Estimated time remaining in training: [36m0[0mh [36m3[0mm [36m47[0ms
LR dropped to [36m0.0000047199997[0m
superbatch [36m16[0m [[35m0.0[0m% ([36m0[0m/[36m763[0m batches, [36m7366888[0m pos/sec)]
Estimated time to end of superbatch: [36minf[0ms     [Fsuperbatch [36m16[0m [[35m16.8[0m% ([36m128[0m/[36m763[0m batches, [36m7366184[0m pos/sec)]
Estimated time to end of superbatch: [36m11.4[0ms     [Fsuperbatch [36m16[0m [[35m33.6[0m% ([36m256[0m/[36m763[0m batches, [36m7366630[0m pos/sec)]
Estimated time to end of superbatch: [36m9.1[0ms     [Fsuperbatch [36m16[0m [[35m50.3[0m% ([36m384[0m/[36m763[0m batches, [36m7362071[0m pos/sec)]
Estimated time to end of superbatch: [36m6.8[0ms     [Fsuperbatch [36m16[0m [[35m67.1[0m% ([36m512[0m/[36m763[0m batches, [36m7362569[0m pos/sec)]
Estimated time to end of superbatch: [36m4.5[0ms     [Fsuperbatch [36m16[0m [[35m83.9[0m% ([36m640[0m/[36m763[0m batches, [36m7363640[0m pos/sec)]
Estimated time to end of superbatch: [36m2.2[0ms     [Fsuperbatch [36m16[0m | time [36m13.6[0ms | running loss [36m0.061951[0m | [36m7364216[0m pos/sec | total time [36m240.7[0ms
Estimated time remaining in training: [36m0[0mh [36m3[0mm [36m30[0ms
LR dropped to [36m0.00000439[0m
superbatch [36m17[0m [[35m0.0[0m% ([36m0[0m/[36m763[0m batches, [36m7379996[0m pos/sec)]
Estimated time to end of superbatch: [36minf[0ms     [Fsuperbatch [36m17[0m [[35m16.8[0m% ([36m128[0m/[36m763[0m batches, [36m7372537[0m pos/sec)]
Estimated time to end of superbatch: [36m11.4[0ms     [Fsuperbatch [36m17[0m [[35m33.6[0m% ([36m256[0m/[36m763[0m batches, [36m7372871[0m pos/sec)]
Estimated time to end of superbatch: [36m9.0[0ms     [Fsuperbatch [36m17[0m [[35m50.3[0m% ([36m384[0m/[36m763[0m batches, [36m7373039[0m pos/sec)]
Estimated time to end of superbatch: [36m6.8[0ms     [Fsuperbatch [36m17[0m [[35m67.1[0m% ([36m512[0m/[36m763[0m batches, [36m7372821[0m pos/sec)]
Estimated time to end of superbatch: [36m4.5[0ms     [Fsuperbatch [36m17[0m [[35m83.9[0m% ([36m640[0m/[36m763[0m batches, [36m7372758[0m pos/sec)]
Estimated time to end of superbatch: [36m2.2[0ms     [Fsuperbatch [36m17[0m | time [36m13.6[0ms | running loss [36m0.061924[0m | [36m7371852[0m pos/sec | total time [36m254.3[0ms
Estimated time remaining in training: [36m0[0mh [36m3[0mm [36m14[0ms
LR dropped to [36m0.0000040599994[0m
superbatch [36m18[0m [[35m0.0[0m% ([36m0[0m/[36m763[0m batches, [36m7363672[0m pos/sec)]
Estimated time to end of superbatch: [36minf[0ms     [Fsuperbatch [36m18[0m [[35m16.8[0m% ([36m128[0m/[36m763[0m batches, [36m7368354[0m pos/sec)]
Estimated time to end of superbatch: [36m11.4[0ms     [Fsuperbatch [36m18[0m [[35m33.6[0m% ([36m256[0m/[36m763[0m batches, [36m7366966[0m pos/sec)]
Estimated time to end of superbatch: [36m9.1[0ms     [Fsuperbatch [36m18[0m [[35m50.3[0m% ([36m384[0m/[36m763[0m batches, [36m7365139[0m pos/sec)]
Estimated time to end of superbatch: [36m6.8[0ms     [Fsuperbatch [36m18[0m [[35m67.1[0m% ([36m512[0m/[36m763[0m batches, [36m7362053[0m pos/sec)]
Estimated time to end of superbatch: [36m4.5[0ms     [Fsuperbatch [36m18[0m [[35m83.9[0m% ([36m640[0m/[36m763[0m batches, [36m7360262[0m pos/sec)]
Estimated time to end of superbatch: [36m2.2[0ms     [Fsuperbatch [36m18[0m | time [36m13.6[0ms | running loss [36m0.061819[0m | [36m7359498[0m pos/sec | total time [36m267.9[0ms
Estimated time remaining in training: [36m0[0mh [36m2[0mm [36m58[0ms
LR dropped to [36m0.0000037300001[0m
superbatch [36m19[0m [[35m0.0[0m% ([36m0[0m/[36m763[0m batches, [36m7361456[0m pos/sec)]
Estimated time to end of superbatch: [36minf[0ms     [Fsuperbatch [36m19[0m [[35m16.8[0m% ([36m128[0m/[36m763[0m batches, [36m7353990[0m pos/sec)]
Estimated time to end of superbatch: [36m11.4[0ms     [Fsuperbatch [36m19[0m [[35m33.6[0m% ([36m256[0m/[36m763[0m batches, [36m7354161[0m pos/sec)]
Estimated time to end of superbatch: [36m9.1[0ms     [Fsuperbatch [36m19[0m [[35m50.3[0m% ([36m384[0m/[36m763[0m batches, [36m7351634[0m pos/sec)]
Estimated time to end of superbatch: [36m6.8[0ms     [Fsuperbatch [36m19[0m [[35m67.1[0m% ([36m512[0m/[36m763[0m batches, [36m7346431[0m pos/sec)]
Estimated time to end of superbatch: [36m4.5[0ms     [Fsuperbatch [36m19[0m [[35m83.9[0m% ([36m640[0m/[36m763[0m batches, [36m7347478[0m pos/sec)]
Estimated time to end of superbatch: [36m2.2[0ms     [Fsuperbatch [36m19[0m | time [36m13.6[0ms | running loss [36m0.061853[0m | [36m7344392[0m pos/sec | total time [36m281.5[0ms
Estimated time remaining in training: [36m0[0mh [36m2[0mm [36m42[0ms
LR dropped to [36m0.0000033999995[0m
superbatch [36m20[0m [[35m0.0[0m% ([36m0[0m/[36m763[0m batches, [36m7345272[0m pos/sec)]
Estimated time to end of superbatch: [36minf[0ms     [Fsuperbatch [36m20[0m [[35m16.8[0m% ([36m128[0m/[36m763[0m batches, [36m7330042[0m pos/sec)]
Estimated time to end of superbatch: [36m11.4[0ms     [Fsuperbatch [36m20[0m [[35m33.6[0m% ([36m256[0m/[36m763[0m batches, [36m7333486[0m pos/sec)]
Estimated time to end of superbatch: [36m9.1[0ms     [Fsuperbatch [36m20[0m [[35m50.3[0m% ([36m384[0m/[36m763[0m batches, [36m7339482[0m pos/sec)]
Estimated time to end of superbatch: [36m6.8[0ms     [Fsuperbatch [36m20[0m [[35m67.1[0m% ([36m512[0m/[36m763[0m batches, [36m7343204[0m pos/sec)]
Estimated time to end of superbatch: [36m4.5[0ms     [Fsuperbatch [36m20[0m [[35m83.9[0m% ([36m640[0m/[36m763[0m batches, [36m7345826[0m pos/sec)]
Estimated time to end of superbatch: [36m2.2[0ms     [Fsuperbatch [36m20[0m | time [36m13.6[0ms | running loss [36m0.061939[0m | [36m7347430[0m pos/sec | total time [36m295.1[0ms
Estimated time remaining in training: [36m0[0mh [36m2[0mm [36m27[0ms
Saved [anna-v4-s2-20]
LR dropped to [36m0.0000030699998[0m
superbatch [36m21[0m [[35m0.0[0m% ([36m0[0m/[36m763[0m batches, [36m7368810[0m pos/sec)]
Estimated time to end of superbatch: [36minf[0ms     [Fsuperbatch [36m21[0m [[35m16.8[0m% ([36m128[0m/[36m763[0m batches, [36m7377048[0m pos/sec)]
Estimated time to end of superbatch: [36m11.4[0ms     [Fsuperbatch [36m21[0m [[35m33.6[0m% ([36m256[0m/[36m763[0m batches, [36m7369195[0m pos/sec)]
Estimated time to end of superbatch: [36m9.1[0ms     [Fsuperbatch [36m21[0m [[35m50.3[0m% ([36m384[0m/[36m763[0m batches, [36m7361332[0m pos/sec)]
Estimated time to end of superbatch: [36m6.8[0ms     [Fsuperbatch [36m21[0m [[35m67.1[0m% ([36m512[0m/[36m763[0m batches, [36m7358252[0m pos/sec)]
Estimated time to end of superbatch: [36m4.5[0ms     [Fsuperbatch [36m21[0m [[35m83.9[0m% ([36m640[0m/[36m763[0m batches, [36m7356796[0m pos/sec)]
Estimated time to end of superbatch: [36m2.2[0ms     [Fsuperbatch [36m21[0m | time [36m13.6[0ms | running loss [36m0.062053[0m | [36m7356309[0m pos/sec | total time [36m310.3[0ms
Estimated time remaining in training: [36m0[0mh [36m2[0mm [36m12[0ms
LR dropped to [36m0.0000027399997[0m
superbatch [36m22[0m [[35m0.0[0m% ([36m0[0m/[36m763[0m batches, [36m7350693[0m pos/sec)]
Estimated time to end of superbatch: [36minf[0ms     [Fsuperbatch [36m22[0m [[35m16.8[0m% ([36m128[0m/[36m763[0m batches, [36m7338812[0m pos/sec)]
Estimated time to end of superbatch: [36m11.4[0ms     [Fsuperbatch [36m22[0m [[35m33.6[0m% ([36m256[0m/[36m763[0m batches, [36m7332572[0m pos/sec)]
Estimated time to end of superbatch: [36m9.1[0ms     [Fsuperbatch [36m22[0m [[35m50.3[0m% ([36m384[0m/[36m763[0m batches, [36m7339632[0m pos/sec)]
Estimated time to end of superbatch: [36m6.8[0ms     [Fsuperbatch [36m22[0m [[35m67.1[0m% ([36m512[0m/[36m763[0m batches, [36m7342588[0m pos/sec)]
Estimated time to end of superbatch: [36m4.5[0ms     [Fsuperbatch [36m22[0m [[35m83.9[0m% ([36m640[0m/[36m763[0m batches, [36m7343912[0m pos/sec)]
Estimated time to end of superbatch: [36m2.2[0ms     [Fsuperbatch [36m22[0m | time [36m13.6[0ms | running loss [36m0.062088[0m | [36m7345523[0m pos/sec | total time [36m323.9[0ms
Estimated time remaining in training: [36m0[0mh [36m1[0mm [36m57[0ms
LR dropped to [36m0.00000241[0m
superbatch [36m23[0m [[35m0.0[0m% ([36m0[0m/[36m763[0m batches, [36m7366165[0m pos/sec)]
Estimated time to end of superbatch: [36minf[0ms     [Fsuperbatch [36m23[0m [[35m16.8[0m% ([36m128[0m/[36m763[0m batches, [36m7333798[0m pos/sec)]
Estimated time to end of superbatch: [36m11.4[0ms     [Fsuperbatch [36m23[0m [[35m33.6[0m% ([36m256[0m/[36m763[0m batches, [36m7334942[0m pos/sec)]
Estimated time to end of superbatch: [36m9.1[0ms     [Fsuperbatch [36m23[0m [[35m50.3[0m% ([36m384[0m/[36m763[0m batches, [36m7338188[0m pos/sec)]
Estimated time to end of superbatch: [36m6.8[0ms     [Fsuperbatch [36m23[0m [[35m67.1[0m% ([36m512[0m/[36m763[0m batches, [36m7342193[0m pos/sec)]
Estimated time to end of superbatch: [36m4.5[0ms     [Fsuperbatch [36m23[0m [[35m83.9[0m% ([36m640[0m/[36m763[0m batches, [36m7342166[0m pos/sec)]
Estimated time to end of superbatch: [36m2.2[0ms     [Fsuperbatch [36m23[0m | time [36m13.6[0ms | running loss [36m0.061915[0m | [36m7342615[0m pos/sec | total time [36m337.5[0ms
Estimated time remaining in training: [36m0[0mh [36m1[0mm [36m42[0ms
LR dropped to [36m0.0000020799998[0m
superbatch [36m24[0m [[35m0.0[0m% ([36m0[0m/[36m763[0m batches, [36m7346532[0m pos/sec)]
Estimated time to end of superbatch: [36minf[0ms     [Fsuperbatch [36m24[0m [[35m16.8[0m% ([36m128[0m/[36m763[0m batches, [36m7344026[0m pos/sec)]
Estimated time to end of superbatch: [36m11.4[0ms     [Fsuperbatch [36m24[0m [[35m33.6[0m% ([36m256[0m/[36m763[0m batches, [36m7341934[0m pos/sec)]
Estimated time to end of superbatch: [36m9.1[0ms     [Fsuperbatch [36m24[0m [[35m50.3[0m% ([36m384[0m/[36m763[0m batches, [36m7346986[0m pos/sec)]
Estimated time to end of superbatch: [36m6.8[0ms     [Fsuperbatch [36m24[0m [[35m67.1[0m% ([36m512[0m/[36m763[0m batches, [36m7350489[0m pos/sec)]
Estimated time to end of superbatch: [36m4.5[0ms     [Fsuperbatch [36m24[0m [[35m83.9[0m% ([36m640[0m/[36m763[0m batches, [36m7352102[0m pos/sec)]
Estimated time to end of superbatch: [36m2.2[0ms     [Fsuperbatch [36m24[0m | time [36m13.6[0ms | running loss [36m0.061849[0m | [36m7353484[0m pos/sec | total time [36m351.1[0ms
Estimated time remaining in training: [36m0[0mh [36m1[0mm [36m27[0ms
LR dropped to [36m0.0000017499997[0m
superbatch [36m25[0m [[35m0.0[0m% ([36m0[0m/[36m763[0m batches, [36m7362954[0m pos/sec)]
Estimated time to end of superbatch: [36minf[0ms     [Fsuperbatch [36m25[0m [[35m16.8[0m% ([36m128[0m/[36m763[0m batches, [36m7361157[0m pos/sec)]
Estimated time to end of superbatch: [36m11.4[0ms     [Fsuperbatch [36m25[0m [[35m33.6[0m% ([36m256[0m/[36m763[0m batches, [36m7359880[0m pos/sec)]
Estimated time to end of superbatch: [36m9.1[0ms     [Fsuperbatch [36m25[0m [[35m50.3[0m% ([36m384[0m/[36m763[0m batches, [36m7359878[0m pos/sec)]
Estimated time to end of superbatch: [36m6.8[0ms     [Fsuperbatch [36m25[0m [[35m67.1[0m% ([36m512[0m/[36m763[0m batches, [36m7360418[0m pos/sec)]
Estimated time to end of superbatch: [36m4.5[0ms     [Fsuperbatch [36m25[0m [[35m83.9[0m% ([36m640[0m/[36m763[0m batches, [36m7360664[0m pos/sec)]
Estimated time to end of superbatch: [36m2.2[0ms     [Fsuperbatch [36m25[0m | time [36m13.6[0ms | running loss [36m0.061788[0m | [36m7360720[0m pos/sec | total time [36m364.7[0ms
Estimated time remaining in training: [36m0[0mh [36m1[0mm [36m12[0ms
LR dropped to [36m0.0000014199995[0m
superbatch [36m26[0m [[35m0.0[0m% ([36m0[0m/[36m763[0m batches, [36m7351361[0m pos/sec)]
Estimated time to end of superbatch: [36minf[0ms     [Fsuperbatch [36m26[0m [[35m16.8[0m% ([36m128[0m/[36m763[0m batches, [36m7359512[0m pos/sec)]
Estimated time to end of superbatch: [36m11.4[0ms     [Fsuperbatch [36m26[0m [[35m33.6[0m% ([36m256[0m/[36m763[0m batches, [36m7359854[0m pos/sec)]
Estimated time to end of superbatch: [36m9.1[0ms     [Fsuperbatch [36m26[0m [[35m50.3[0m% ([36m384[0m/[36m763[0m batches, [36m7359992[0m pos/sec)]
Estimated time to end of superbatch: [36m6.8[0ms     [Fsuperbatch [36m26[0m [[35m67.1[0m% ([36m512[0m/[36m763[0m batches, [36m7360974[0m pos/sec)]
Estimated time to end of superbatch: [36m4.5[0ms     [Fsuperbatch [36m26[0m [[35m83.9[0m% ([36m640[0m/[36m763[0m batches, [36m7361412[0m pos/sec)]
Estimated time to end of superbatch: [36m2.2[0ms     [Fsuperbatch [36m26[0m | time [36m13.6[0ms | running loss [36m0.061920[0m | [36m7361765[0m pos/sec | total time [36m378.3[0ms
Estimated time remaining in training: [36m0[0mh [36m0[0mm [36m58[0ms
LR dropped to [36m0.0000010900003[0m
superbatch [36m27[0m [[35m0.0[0m% ([36m0[0m/[36m763[0m batches, [36m7355824[0m pos/sec)]
Estimated time to end of superbatch: [36minf[0ms     [Fsuperbatch [36m27[0m [[35m16.8[0m% ([36m128[0m/[36m763[0m batches, [36m7361880[0m pos/sec)]
Estimated time to end of superbatch: [36m11.4[0ms     [Fsuperbatch [36m27[0m [[35m33.6[0m% ([36m256[0m/[36m763[0m batches, [36m7357512[0m pos/sec)]
Estimated time to end of superbatch: [36m9.1[0ms     [Fsuperbatch [36m27[0m [[35m50.3[0m% ([36m384[0m/[36m763[0m batches, [36m7356500[0m pos/sec)]
Estimated time to end of superbatch: [36m6.8[0ms     [Fsuperbatch [36m27[0m [[35m67.1[0m% ([36m512[0m/[36m763[0m batches, [36m7356206[0m pos/sec)]
Estimated time to end of superbatch: [36m4.5[0ms     [Fsuperbatch [36m27[0m [[35m83.9[0m% ([36m640[0m/[36m763[0m batches, [36m7356188[0m pos/sec)]
Estimated time to end of superbatch: [36m2.2[0ms     [Fsuperbatch [36m27[0m | time [36m13.6[0ms | running loss [36m0.061904[0m | [36m7356582[0m pos/sec | total time [36m391.9[0ms
Estimated time remaining in training: [36m0[0mh [36m0[0mm [36m43[0ms
LR dropped to [36m0.00000076000015[0m
superbatch [36m28[0m [[35m0.0[0m% ([36m0[0m/[36m763[0m batches, [36m7352290[0m pos/sec)]
Estimated time to end of superbatch: [36minf[0ms     [Fsuperbatch [36m28[0m [[35m16.8[0m% ([36m128[0m/[36m763[0m batches, [36m7358510[0m pos/sec)]
Estimated time to end of superbatch: [36m11.4[0ms     [Fsuperbatch [36m28[0m [[35m33.6[0m% ([36m256[0m/[36m763[0m batches, [36m7359588[0m pos/sec)]
Estimated time to end of superbatch: [36m9.1[0ms     [Fsuperbatch [36m28[0m [[35m50.3[0m% ([36m384[0m/[36m763[0m batches, [36m7360126[0m pos/sec)]
Estimated time to end of superbatch: [36m6.8[0ms     [Fsuperbatch [36m28[0m [[35m67.1[0m% ([36m512[0m/[36m763[0m batches, [36m7359734[0m pos/sec)]
Estimated time to end of superbatch: [36m4.5[0ms     [Fsuperbatch [36m28[0m [[35m83.9[0m% ([36m640[0m/[36m763[0m batches, [36m7359472[0m pos/sec)]
Estimated time to end of superbatch: [36m2.2[0ms     [Fsuperbatch [36m28[0m | time [36m13.6[0ms | running loss [36m0.061631[0m | [36m7359456[0m pos/sec | total time [36m405.5[0ms
Estimated time remaining in training: [36m0[0mh [36m0[0mm [36m28[0ms
LR dropped to [36m0.00000043[0m
superbatch [36m29[0m [[35m0.0[0m% ([36m0[0m/[36m763[0m batches, [36m7356630[0m pos/sec)]
Estimated time to end of superbatch: [36minf[0ms     [Fsuperbatch [36m29[0m [[35m16.8[0m% ([36m128[0m/[36m763[0m batches, [36m7360945[0m pos/sec)]
Estimated time to end of superbatch: [36m11.4[0ms     [Fsuperbatch [36m29[0m [[35m33.6[0m% ([36m256[0m/[36m763[0m batches, [36m7359756[0m pos/sec)]
Estimated time to end of superbatch: [36m9.1[0ms     [Fsuperbatch [36m29[0m [[35m50.3[0m% ([36m384[0m/[36m763[0m batches, [36m7359225[0m pos/sec)]
Estimated time to end of superbatch: [36m6.8[0ms     [Fsuperbatch [36m29[0m [[35m67.1[0m% ([36m512[0m/[36m763[0m batches, [36m7358944[0m pos/sec)]
Estimated time to end of superbatch: [36m4.5[0ms     [Fsuperbatch [36m29[0m [[35m83.9[0m% ([36m640[0m/[36m763[0m batches, [36m7358928[0m pos/sec)]
Estimated time to end of superbatch: [36m2.2[0ms     [Fsuperbatch [36m29[0m | time [36m13.6[0ms | running loss [36m0.061921[0m | [36m7359436[0m pos/sec | total time [36m419.0[0ms
Estimated time remaining in training: [36m0[0mh [36m0[0mm [36m14[0ms
LR dropped to [36m0.0000001[0m
superbatch [36m30[0m [[35m0.0[0m% ([36m0[0m/[36m763[0m batches, [36m7364252[0m pos/sec)]
Estimated time to end of superbatch: [36minf[0ms     [Fsuperbatch [36m30[0m [[35m16.8[0m% ([36m128[0m/[36m763[0m batches, [36m7361892[0m pos/sec)]
Estimated time to end of superbatch: [36m11.4[0ms     [Fsuperbatch [36m30[0m [[35m33.6[0m% ([36m256[0m/[36m763[0m batches, [36m7362240[0m pos/sec)]
Estimated time to end of superbatch: [36m9.1[0ms     [Fsuperbatch [36m30[0m [[35m50.3[0m% ([36m384[0m/[36m763[0m batches, [36m7361956[0m pos/sec)]
Estimated time to end of superbatch: [36m6.8[0ms     [Fsuperbatch [36m30[0m [[35m67.1[0m% ([36m512[0m/[36m763[0m batches, [36m7360964[0m pos/sec)]
Estimated time to end of superbatch: [36m4.5[0ms     [Fsuperbatch [36m30[0m [[35m83.9[0m% ([36m640[0m/[36m763[0m batches, [36m7360532[0m pos/sec)]
Estimated time to end of superbatch: [36m2.2[0ms     [Fsuperbatch [36m30[0m | time [36m13.7[0ms | running loss [36m0.061840[0m | [36m7326300[0m pos/sec | total time [36m432.7[0ms
Estimated time remaining in training: [36m0[0mh [36m0[0mm [36m0[0ms
Saved [anna-v4-s2-30]
Total Training Time: [36m0[0mh [36m7[0mm [36m14[0ms
TRAINER EVAL rnbqkbnr/pppppppp/8/8/8/8/PPPPPPPP/RNBQKBNR w KQkq - 0 1 : 40.6
TRAINER EVAL rnbqkbnr/pppppppp/8/8/8/8/PPPPPPPP/RNBQKBN1 w Qkq - 0 1 : -2251.9
TRAINER EVAL rnbqkbn1/pppppppp/8/8/8/8/PPPPPPPP/RNBQKBNR w KQq - 0 1 : 2235.2
TRAINER EVAL r3k2r/p1ppqpb1/bn2pnp1/3PN3/1p2P3/2N2Q1p/PPPBBPPP/R3K2R w KQkq - 0 1 : -622.0
TRAINER EVAL r1bqkb1r/pp2bppp/2n2n2/2pp4/3P4/2PBPN2/PP1N1PPP/R2QK2R w KQ - 0 9 : -1846.8
TRAINER EVAL 8/2p5/3p4/KP5r/1R3p1k/8/4P1P1/8 w - - 0 1 : 79.0
done
